Symbol,Date,Open,High,Low,Close,Volume,Year,Month,Week,Weekday,avg_daily_price,Previous_Close,Daily_Gain_Loss_Pct,Open_vs_PrevClose_Pct,Low_vs_PrevClose_Pct,Close_vs_PrevClose_Pct,mx_percent_decline,BOD99-1,BOD98-2,BOD97-3,BOD96-4,BOD95-5,BOD94-6,BOD93-7,BOD92-8,BOD91-9,BOD90-10,BOD89-11,BOD88-12,BOD87-13,BOD86-14,BOD85-15,BOD84-16,BOD82-18,BOD81-19,BOD80-20,BOD79-21,BOD78-22,BOD77-23,BOD76-24,BOD75-25,Shares_Purchased,Total_Value_Purchased,BOD99-1_Executed,BOD98-2_Executed,BOD97-3_Executed,BOD96-4_Executed,BOD95-5_Executed,BOD94-6_Executed,BOD93-7_Executed,BOD92-8_Executed,BOD91-9_Executed,BOD90-10_Executed,BOD89-11_Executed,BOD88-12_Executed,BOD87-13_Executed,BOD86-14_Executed,BOD85-15_Executed,BOD84-16_Executed,BOD82-18_Executed,BOD81-19_Executed,BOD80-20_Executed,BOD79-21_Executed,BOD78-22_Executed,BOD77-23_Executed,BOD76-24_Executed,BOD75-25_Executed
AMZN,2006-01-03 05:00:00+00:00,2.373500108718872,2.3924999237060547,2.3125,2.378999948501587,151644000,2006,1,1,Tuesday,2.3644,2.3575000762939453,0.91,0.68,-1.91,0.91,1.91,2.3339,2.3104,2.2868,2.2632,2.2396,2.2161,2.1925,2.1689,2.1453,2.1218,2.0982,2.0746,2.051,2.0275,2.0039,1.9803,1.9332,1.9096,1.886,1.8624,1.8389,1.8153,1.7917,1.7681,1,2.3339,True,False,False,False,False,False,False,False,False,False,False,False,False,False,False,False,False,False,False,False,False,False,False,False
AMZN,2006-01-04 05:00:00+00:00,2.374500036239624,2.3864998817443848,2.3345000743865967,2.362499952316284,148818000,2006,1,1,Wednesday,2.3645,2.378999948501587,-0.69,-0.19,-1.87,-0.69,1.87,2.3552,2.3314,2.3076,2.2838,2.26,2.2363,2.2125,2.1887,2.1649,2.1411,2.1173,2.0935,2.0697,2.0459,2.0221,1.9984,1.9508,1.927,1.9032,1.8794,1.8556,1.8318,1.808,1.7842,1,2.3552,True,False,False,False,False,False,False,False,False,False,False,False,False,False,False,False,False,False,False,False,False,False,False,False
AMZN,2006-01-05 05:00:00+00:00,2.3580000400543213,2.4100000858306885,2.3554999828338623,2.382499933242798,108344000,2006,1,1,Thursday,2.3765,2.362499952316284,0.85,-0.19,-0.3,0.85,0.3,2.3389,2.3152,2.2916,2.268,2.2444,2.2207,2.1971,2.1735,2.1499,2.1262,2.1026,2.079,2.0554,2.0317,2.0081,1.9845,1.9372,1.9136,1.89,1.8664,1.8427,1.8191,1.7955,1.7719,0,0.0,False,False,False,False,False,False,False,False,False,False,False,False,False,False,False,False,False,False,False,False,False,False,False,False
AMZN,2006-01-06 05:00:00+00:00,2.3984999656677246,2.428999900817871,2.365999937057495,2.3935000896453857,123058000,2006,1,1,Friday,2.3967,2.382499933242798,0.46,0.67,-0.69,0.46,0.69,2.3587,2.3348,2.311,2.2872,2.2634,2.2395,2.2157,2.1919,2.1681,2.1442,2.1204,2.0966,2.0728,2.0489,2.0251,2.0013,1.9536,1.9298,1.906,1.8822,1.8583,1.8345,1.8107,1.7869,0,0.0,False,False,False,False,False,False,False,False,False,False,False,False,False,False,False,False,False,False,False,False,False,False,False,False
AMZN,2006-01-09 05:00:00+00:00,2.327500104904175,2.3550000190734863,2.319999933242798,2.3540000915527344,178862000,2006,1,2,Monday,2.3391,2.3935000896453857,-1.65,-2.76,-3.07,-1.65,3.07,2.3696,2.3456,2.3217,2.2978,2.2738,2.2499,2.226,2.202,2.1781,2.1542,2.1302,2.1063,2.0823,2.0584,2.0345,2.0105,1.9627,1.9387,1.9148,1.8909,1.8669,1.843,1.8191,1.7951,3,7.0369,True,True,True,False,False,False,False,False,False,False,False,False,False,False,False,False,False,False,False,False,False,False,False,False
AMZN,2006-01-10 05:00:00+00:00,2.320499897003174,2.337500095367432,2.2679998874664307,2.282500028610229,193722000,2006,1,2,Tuesday,2.3021,2.3540000915527344,-3.04,-1.42,-3.65,-3.04,3.65,2.3305,2.3069,2.2834,2.2598,2.2363,2.2128,2.1892,2.1657,2.1421,2.1186,2.0951,2.0715,2.048,2.0244,2.0009,1.9774,1.9303,1.9067,1.8832,1.8597,1.8361,1.8126,1.789,1.7655,3,6.9208,True,True,True,False,False,False,False,False,False,False,False,False,False,False,False,False,False,False,False,False,False,False,False,False
AMZN,2006-01-11 05:00:00+00:00,2.282500028610229,2.2850000858306885,2.213000059127808,2.246500015258789,169944000,2006,1,2,Wednesday,2.2568,2.282500028610229,-1.58,0.0,-3.04,-1.58,3.04,2.2597,2.2369,2.214,2.1912,2.1684,2.1456,2.1227,2.0999,2.0771,2.0543,2.0314,2.0086,1.9858,1.963,1.9401,1.9173,1.8717,1.8488,1.826,1.8032,1.7804,1.7575,1.7347,1.7119,3,6.7106,True,True,True,False,False,False,False,False,False,False,False,False,False,False,False,False,False,False,False,False,False,False,False,False
AMZN,2006-01-12 05:00:00+00:00,2.239500045776367,2.254499912261963,2.2044999599456787,2.2179999351501465,116366000,2006,1,2,Thursday,2.2291,2.246500015258789,-1.27,-0.31,-1.87,-1.27,1.87,2.224,2.2016,2.1791,2.1566,2.1342,2.1117,2.0892,2.0668,2.0443,2.0219,1.9994,1.9769,1.9545,1.932,1.9095,1.8871,1.8421,1.8197,1.7972,1.7747,1.7523,1.7298,1.7073,1.6849,1,2.224,True,False,False,False,False,False,False,False,False,False,False,False,False,False,False,False,False,False,False,False,False,False,False,False
AMZN,2006-01-13 05:00:00+00:00,2.2235000133514404,2.242500066757202,2.200000047683716,2.220000028610229,88644000,2006,1,2,Friday,2.2215,2.2179999351501465,0.09,0.25,-0.81,0.09,0.81,2.1958,2.1736,2.1515,2.1293,2.1071,2.0849,2.0627,2.0406,2.0184,1.9962,1.974,1.9518,1.9297,1.9075,1.8853,1.8631,1.8188,1.7966,1.7744,1.7522,1.73,1.7079,1.6857,1.6635,0,0.0,False,False,False,False,False,False,False,False,False,False,False,False,False,False,False,False,False,False,False,False,False,False,False,False
AMZN,2006-01-17 05:00:00+00:00,2.197499990463257,2.2160000801086426,2.183000087738037,2.200000047683716,112620000,2006,1,3,Tuesday,2.1991,2.220000028610229,-0.9,-1.01,-1.67,-0.9,1.67,2.1978,2.1756,2.1534,2.1312,2.109,2.0868,2.0646,2.0424,2.0202,1.998,1.9758,1.9536,1.9314,1.9092,1.887,1.8648,1.8204,1.7982,1.776,1.7538,1.7316,1.7094,1.6872,1.665,1,2.1978,True,False,False,False,False,False,False,False,False,False,False,False,False,False,False,False,False,False,False,False,False,False,False,False
AMZN,2006-01-18 05:00:00+00:00,2.1594998836517334,2.2295000553131104,2.1549999713897705,2.2160000801086426,174866000,2006,1,3,Wednesday,2.19,2.200000047683716,0.73,-1.84,-2.05,0.73,2.05,2.178,2.156,2.134,2.112,2.09,2.068,2.046,2.024,2.002,1.98,1.958,1.936,1.914,1.892,1.87,1.848,1.804,1.782,1.76,1.738,1.716,1.694,1.672,1.65,2,4.334,True,True,False,False,False,False,False,False,False,False,False,False,False,False,False,False,False,False,False,False,False,False,False,False
AMZN,2006-01-19 05:00:00+00:00,2.2244999408721924,2.26200008392334,2.2149999141693115,2.2225000858306885,103138000,2006,1,3,Thursday,2.231,2.2160000801086426,0.29,0.38,-0.05,0.29,0.05,2.1938,2.1717,2.1495,2.1274,2.1052,2.083,2.0609,2.0387,2.0166,1.9944,1.9722,1.9501,1.9279,1.9058,1.8836,1.8614,1.8171,1.795,1.7728,1.7506,1.7285,1.7063,1.6842,1.662,0,0.0,False,False,False,False,False,False,False,False,False,False,False,False,False,False,False,False,False,False,False,False,False,False,False,False
AMZN,2006-01-20 05:00:00+00:00,2.2114999294281006,2.2179999351501465,2.1600000858306885,2.196000099182129,166148000,2006,1,3,Friday,2.1964,2.2225000858306885,-1.19,-0.49,-2.81,-1.19,2.81,2.2003,2.1781,2.1558,2.1336,2.1114,2.0892,2.0669,2.0447,2.0225,2.0003,1.978,1.9558,1.9336,1.9114,1.8891,1.8669,1.8225,1.8002,1.778,1.7558,1.7336,1.7113,1.6891,1.6669,2,4.3783,True,True,False,False,False,False,False,False,False,False,False,False,False,False,False,False,False,False,False,False,False,False,False,False
AMZN,2006-01-23 05:00:00+00:00,2.2090001106262207,2.237499952316284,2.174999952316284,2.186500072479248,115056000,2006,1,4,Monday,2.202,2.196000099182129,-0.43,0.59,-0.96,-0.43,0.96,2.174,2.1521,2.1301,2.1082,2.0862,2.0642,2.0423,2.0203,1.9984,1.9764,1.9544,1.9325,1.9105,1.8886,1.8666,1.8446,1.8007,1.7788,1.7568,1.7348,1.7129,1.6909,1.669,1.647,0,0.0,False,False,False,False,False,False,False,False,False,False,False,False,False,False,False,False,False,False,False,False,False,False,False,False
AMZN,2006-01-24 05:00:00+00:00,2.183000087738037,2.2214999198913574,2.1710000038146973,2.200999975204468,86848000,2006,1,4,Tuesday,2.1941,2.186500072479248,0.66,-0.16,-0.71,0.66,0.71,2.1646,2.1428,2.1209,2.099,2.0772,2.0553,2.0334,2.0116,1.9897,1.9679,1.946,1.9241,1.9023,1.8804,1.8585,1.8367,1.7929,1.7711,1.7492,1.7273,1.7055,1.6836,1.6617,1.6399,0,0.0,False,False,False,False,False,False,False,False,False,False,False,False,False,False,False,False,False,False,False,False,False,False,False,False
AMZN,2006-01-25 05:00:00+00:00,2.202500104904175,2.2235000133514404,2.1670000553131104,2.180000066757202,85742000,2006,1,4,Wednesday,2.1933,2.200999975204468,-0.95,0.07,-1.54,-0.95,1.54,2.179,2.157,2.135,2.113,2.0909,2.0689,2.0469,2.0249,2.0029,1.9809,1.9589,1.9369,1.9149,1.8929,1.8708,1.8488,1.8048,1.7828,1.7608,1.7388,1.7168,1.6948,1.6728,1.6507,1,2.179,True,False,False,False,False,False,False,False,False,False,False,False,False,False,False,False,False,False,False,False,False,False,False,False
AMZN,2006-01-26 05:00:00+00:00,2.197499990463257,2.239000082015991,2.189500093460083,2.233999967575073,97790000,2006,1,4,Thursday,2.215,2.180000066757202,2.48,0.8,0.44,2.48,-0.44,2.1582,2.1364,2.1146,2.0928,2.071,2.0492,2.0274,2.0056,1.9838,1.962,1.9402,1.9184,1.8966,1.8748,1.853,1.8312,1.7876,1.7658,1.744,1.7222,1.7004,1.6786,1.6568,1.635,0,0.0,False,False,False,False,False,False,False,False,False,False,False,False,False,False,False,False,False,False,False,False,False,False,False,False
AMZN,2006-01-27 05:00:00+00:00,2.227499961853028,2.260999917984009,2.2265000343322754,2.260999917984009,83480000,2006,1,4,Friday,2.244,2.233999967575073,1.21,-0.29,-0.34,1.21,0.34,2.2117,2.1893,2.167,2.1446,2.1223,2.1,2.0776,2.0553,2.0329,2.0106,1.9883,1.9659,1.9436,1.9212,1.8989,1.8766,1.8319,1.8095,1.7872,1.7649,1.7425,1.7202,1.6978,1.6755,0,0.0,False,False,False,False,False,False,False,False,False,False,False,False,False,False,False,False,False,False,False,False,False,False,False,False
AMZN,2006-01-30 05:00:00+00:00,2.2704999446868896,2.298500061035156,2.236999988555908,2.247999906539917,81996000,2006,1,5,Monday,2.2635,2.260999917984009,-0.57,0.42,-1.06,-0.57,1.06,2.2384,2.2158,2.1932,2.1706,2.1479,2.1253,2.1027,2.0801,2.0575,2.0349,2.0123,1.9897,1.9671,1.9445,1.9218,1.8992,1.854,1.8314,1.8088,1.7862,1.7636,1.741,1.7184,1.6957,1,2.2384,True,False,False,False,False,False,False,False,False,False,False,False,False,False,False,False,False,False,False,False,False,False,False,False
AMZN,2006-01-31 05:00:00+00:00,2.23799991607666,2.260499954223633,2.212500095367432,2.240999937057495,81120000,2006,1,5,Tuesday,2.238,2.247999906539917,-0.31,-0.44,-1.58,-0.31,1.58,2.2255,2.203,2.1806,2.1581,2.1356,2.1131,2.0906,2.0682,2.0457,2.0232,2.0007,1.9782,1.9558,1.9333,1.9108,1.8883,1.8434,1.8209,1.7984,1.7759,1.7534,1.731,1.7085,1.686,1,2.2255,True,False,False,False,False,False,False,False,False,False,False,False,False,False,False,False,False,False,False,False,False,False,False,False
AMZN,2006-02-01 05:00:00+00:00,2.196000099182129,2.234499931335449,2.174999952316284,2.1989998817443848,150028000,2006,2,5,Wednesday,2.2011,2.240999937057495,-1.87,-2.01,-2.95,-1.87,2.95,2.2186,2.1962,2.1738,2.1514,2.1289,2.1065,2.0841,2.0617,2.0393,2.0169,1.9945,1.9721,1.9497,1.9273,1.9048,1.8824,1.8376,1.8152,1.7928,1.7704,1.748,1.7256,1.7032,1.6807,2,4.4148,True,True,False,False,False,False,False,False,False,False,False,False,False,False,False,False,False,False,False,False,False,False,False,False
AMZN,2006-02-02 05:00:00+00:00,2.191999912261963,2.20199990272522,1.9900000095367432,2.13700008392334,474186000,2006,2,5,Thursday,2.1302,2.1989998817443848,-2.82,-0.32,-9.5,-2.82,9.5,2.177,2.155,2.133,2.111,2.089,2.0671,2.0451,2.0231,2.0011,1.9791,1.9571,1.9351,1.9131,1.8911,1.8691,1.8472,1.8032,1.7812,1.7592,1.7372,1.7152,1.6932,1.6712,1.6492,9,18.8014,True,True,True,True,True,True,True,True,True,False,False,False,False,False,False,False,False,False,False,False,False,False,False,False
AMZN,2006-02-03 05:00:00+00:00,1.8849999904632568,1.924999952316284,1.868499994277954,1.9164999723434448,670626000,2006,2,5,Friday,1.8987,2.13700008392334,-10.32,-11.79,-12.56,-10.32,12.56,2.1156,2.0943,2.0729,2.0515,2.0302,2.0088,1.9874,1.966,1.9447,1.9233,1.9019,1.8806,1.8592,1.8378,1.8165,1.7951,1.7523,1.731,1.7096,1.6882,1.6669,1.6455,1.6241,1.6028,12,23.9771,True,True,True,True,True,True,True,True,True,True,True,True,False,False,False,False,False,False,False,False,False,False,False,False
AMZN,2006-02-06 05:00:00+00:00,1.9170000553131104,1.9170000553131104,1.888499975204468,1.8975000381469729,170064000,2006,2,6,Monday,1.905,1.9164999723434448,-0.99,0.03,-1.46,-0.99,1.46,1.8973,1.8782,1.859,1.8398,1.8207,1.8015,1.7823,1.7632,1.744,1.7248,1.7057,1.6865,1.6674,1.6482,1.629,1.6099,1.5715,1.5524,1.5332,1.514,1.4949,1.4757,1.4565,1.4374,1,1.8973,True,False,False,False,False,False,False,False,False,False,False,False,False,False,False,False,False,False,False,False,False,False,False,False
AMZN,2006-02-07 05:00:00+00:00,1.9045000076293943,1.909999966621399,1.8600000143051147,1.8760000467300413,148072000,2006,2,6,Tuesday,1.8876,1.8975000381469729,-1.13,0.37,-1.98,-1.13,1.98,1.8785,1.8596,1.8406,1.8216,1.8026,1.7837,1.7647,1.7457,1.7267,1.7078,1.6888,1.6698,1.6508,1.6319,1.6129,1.5939,1.556,1.537,1.518,1.499,1.4801,1.4611,1.4421,1.4231,1,1.8785,True,False,False,False,False,False,False,False,False,False,False,False,False,False,False,False,False,False,False,False,False,False,False,False
AMZN,2006-02-08 05:00:00+00:00,1.8849999904632568,1.91949999332428,1.8554999828338623,1.9084999561309808,150874000,2006,2,6,Wednesday,1.8921,1.8760000467300413,1.73,0.48,-1.09,1.73,1.09,1.8572,1.8385,1.8197,1.801,1.7822,1.7634,1.7447,1.7259,1.7072,1.6884,1.6696,1.6509,1.6321,1.6134,1.5946,1.5758,1.5383,1.5196,1.5008,1.482,1.4633,1.4445,1.4258,1.407,1,1.8572,True,False,False,False,False,False,False,False,False,False,False,False,False,False,False,False,False,False,False,False,False,False,False,False
AMZN,2006-02-09 05:00:00+00:00,1.930500030517578,1.950000047683716,1.8964999914169312,1.899500012397766,138656000,2006,2,6,Thursday,1.9191,1.9084999561309808,-0.47,1.15,-0.63,-0.47,0.63,1.8894,1.8703,1.8512,1.8322,1.8131,1.794,1.7749,1.7558,1.7367,1.7176,1.6986,1.6795,1.6604,1.6413,1.6222,1.6031,1.565,1.5459,1.5268,1.5077,1.4886,1.4695,1.4505,1.4314,0,0.0,False,False,False,False,False,False,False,False,False,False,False,False,False,False,False,False,False,False,False,False,False,False,False,False
AMZN,2006-02-10 05:00:00+00:00,1.89900004863739,1.9259999990463257,1.868499994277954,1.9259999990463257,100236000,2006,2,6,Friday,1.9049,1.899500012397766,1.4,-0.03,-1.63,1.4,1.63,1.8805,1.8615,1.8425,1.8235,1.8045,1.7855,1.7665,1.7475,1.7285,1.7096,1.6906,1.6716,1.6526,1.6336,1.6146,1.5956,1.5576,1.5386,1.5196,1.5006,1.4816,1.4626,1.4436,1.4246,1,1.8805,True,False,False,False,False,False,False,False,False,False,False,False,False,False,False,False,False,False,False,False,False,False,False,False
AMZN,2006-02-13 05:00:00+00:00,1.912500023841858,1.9210000038146973,1.8765000104904173,1.89300000667572,95008000,2006,2,7,Monday,1.9008,1.9259999990463257,-1.71,-0.7,-2.57,-1.71,2.57,1.9067,1.8875,1.8682,1.849,1.8297,1.8104,1.7912,1.7719,1.7527,1.7334,1.7141,1.6949,1.6756,1.6564,1.6371,1.6178,1.5793,1.5601,1.5408,1.5215,1.5023,1.483,1.4638,1.4445,2,3.7942,True,True,False,False,False,False,False,False,False,False,False,False,False,False,False,False,False,False,False,False,False,False,False,False
AMZN,2006-02-14 05:00:00+00:00,1.9019999504089355,1.924499988555908,1.86899995803833,1.912500023841858,90284000,2006,2,7,Tuesday,1.902,1.89300000667572,1.03,0.48,-1.27,1.03,1.27,1.8741,1.8551,1.8362,1.8173,1.7984,1.7794,1.7605,1.7416,1.7226,1.7037,1.6848,1.6658,1.6469,1.628,1.6091,1.5901,1.5523,1.5333,1.5144,1.4955,1.4765,1.4576,1.4387,1.4198,1,1.8741,True,False,False,False,False,False,False,False,False,False,False,False,False,False,False,False,False,False,False,False,False,False,False,False
AMZN,2006-02-15 05:00:00+00:00,1.9119999408721924,1.96399998664856,1.9049999713897705,1.963000059127808,138054000,2006,2,7,Wednesday,1.936,1.912500023841858,2.64,-0.03,-0.39,2.64,0.39,1.8934,1.8743,1.8551,1.836,1.8169,1.7978,1.7786,1.7595,1.7404,1.7213,1.7021,1.683,1.6639,1.6448,1.6256,1.6065,1.5683,1.5491,1.53,1.5109,1.4918,1.4726,1.4535,1.4344,0,0.0,False,False,False,False,False,False,False,False,False,False,False,False,False,False,False,False,False,False,False,False,False,False,False,False
AMZN,2006-02-16 05:00:00+00:00,1.968500018119812,2.0,1.941499948501587,1.9574999809265137,112760000,2006,2,7,Thursday,1.9669,1.963000059127808,-0.28,0.28,-1.1,-0.28,1.1,1.9434,1.9237,1.9041,1.8845,1.8649,1.8452,1.8256,1.806,1.7863,1.7667,1.7471,1.7274,1.7078,1.6882,1.6686,1.6489,1.6097,1.59,1.5704,1.5508,1.5311,1.5115,1.4919,1.4723,1,1.9434,True,False,False,False,False,False,False,False,False,False,False,False,False,False,False,False,False,False,False,False,False,False,False,False
AMZN,2006-02-17 05:00:00+00:00,1.946499943733216,1.968999981880188,1.945500016212464,1.9594999551773071,91636000,2006,2,7,Friday,1.9551,1.9574999809265137,0.1,-0.56,-0.61,0.1,0.61,1.9379,1.9183,1.8988,1.8792,1.8596,1.84,1.8205,1.8009,1.7813,1.7617,1.7422,1.7226,1.703,1.6834,1.6639,1.6443,1.6051,1.5856,1.566,1.5464,1.5268,1.5073,1.4877,1.4681,0,0.0,False,False,False,False,False,False,False,False,False,False,False,False,False,False,False,False,False,False,False,False,False,False,False,False
AMZN,2006-02-21 05:00:00+00:00,1.950500011444092,1.95550000667572,1.9129999876022337,1.914499998092652,101122000,2006,2,8,Tuesday,1.9334,1.9594999551773071,-2.3,-0.46,-2.37,-2.3,2.37,1.9399,1.9203,1.9007,1.8811,1.8615,1.8419,1.8223,1.8027,1.7831,1.7635,1.744,1.7244,1.7048,1.6852,1.6656,1.646,1.6068,1.5872,1.5676,1.548,1.5284,1.5088,1.4892,1.4696,2,3.8602,True,True,False,False,False,False,False,False,False,False,False,False,False,False,False,False,False,False,False,False,False,False,False,False
AMZN,2006-02-22 05:00:00+00:00,1.9155000448226929,1.955000042915344,1.8854999542236328,1.9359999895095823,147138000,2006,2,8,Wednesday,1.923,1.914499998092652,1.12,0.05,-1.51,1.12,1.51,1.8954,1.8762,1.8571,1.8379,1.8188,1.7996,1.7805,1.7613,1.7422,1.723,1.7039,1.6848,1.6656,1.6465,1.6273,1.6082,1.5699,1.5507,1.5316,1.5125,1.4933,1.4742,1.455,1.4359,1,1.8954,True,False,False,False,False,False,False,False,False,False,False,False,False,False,False,False,False,False,False,False,False,False,False,False
AMZN,2006-02-23 05:00:00+00:00,1.930999994277954,1.9375,1.893499970436096,1.8949999809265137,185750000,2006,2,8,Thursday,1.9142,1.9359999895095823,-2.12,-0.26,-2.2,-2.12,2.2,1.9166,1.8973,1.8779,1.8586,1.8392,1.8198,1.8005,1.7811,1.7618,1.7424,1.723,1.7037,1.6843,1.665,1.6456,1.6262,1.5875,1.5682,1.5488,1.5294,1.5101,1.4907,1.4714,1.452,2,3.8139,True,True,False,False,False,False,False,False,False,False,False,False,False,False,False,False,False,False,False,False,False,False,False,False
AMZN,2006-02-24 05:00:00+00:00,1.912500023841858,1.9205000400543213,1.89300000667572,1.9175000190734863,74400000,2006,2,8,Friday,1.9109,1.8949999809265137,1.19,0.92,-0.11,1.19,0.11,1.876,1.8571,1.8381,1.8192,1.8002,1.7813,1.7623,1.7434,1.7244,1.7055,1.6865,1.6676,1.6486,1.6297,1.6107,1.5918,1.5539,1.5349,1.516,1.497,1.4781,1.4591,1.4402,1.4212,0,0.0,False,False,False,False,False,False,False,False,False,False,False,False,False,False,False,False,False,False,False,False,False,False,False,False
AMZN,2006-02-27 05:00:00+00:00,1.919999957084656,1.9390000104904173,1.8964999914169312,1.900500059127808,88982000,2006,2,9,Monday,1.914,1.9175000190734863,-0.89,0.13,-1.1,-0.89,1.1,1.8983,1.8792,1.86,1.8408,1.8216,1.8025,1.7833,1.7641,1.7449,1.7258,1.7066,1.6874,1.6682,1.6491,1.6299,1.6107,1.5724,1.5532,1.534,1.5148,1.4957,1.4765,1.4573,1.4381,1,1.8983,True,False,False,False,False,False,False,False,False,False,False,False,False,False,False,False,False,False,False,False,False,False,False,False
AMZN,2006-02-28 05:00:00+00:00,1.8895000219345093,1.9045000076293943,1.852499961853028,1.871999979019165,183018000,2006,2,9,Tuesday,1.8796,1.900500059127808,-1.5,-0.58,-2.53,-1.5,2.53,1.8815,1.8625,1.8435,1.8245,1.8055,1.7865,1.7675,1.7485,1.7295,1.7105,1.6914,1.6724,1.6534,1.6344,1.6154,1.5964,1.5584,1.5394,1.5204,1.5014,1.4824,1.4634,1.4444,1.4254,2,3.744,True,True,False,False,False,False,False,False,False,False,False,False,False,False,False,False,False,False,False,False,False,False,False,False
AMZN,2006-03-01 05:00:00+00:00,1.872499942779541,1.8845000267028809,1.8424999713897705,1.8559999465942385,139630000,2006,3,9,Wednesday,1.8639,1.871999979019165,-0.85,0.03,-1.58,-0.85,1.58,1.8533,1.8346,1.8158,1.7971,1.7784,1.7597,1.741,1.7222,1.7035,1.6848,1.6661,1.6474,1.6286,1.6099,1.5912,1.5725,1.535,1.5163,1.4976,1.4789,1.4602,1.4414,1.4227,1.404,1,1.8533,True,False,False,False,False,False,False,False,False,False,False,False,False,False,False,False,False,False,False,False,False,False,False,False
AMZN,2006-03-02 05:00:00+00:00,1.781999945640564,1.850000023841858,1.7684999704360962,1.843999981880188,231674000,2006,3,9,Thursday,1.8111,1.8559999465942385,-0.65,-3.99,-4.71,-0.65,4.71,1.8374,1.8189,1.8003,1.7818,1.7632,1.7446,1.7261,1.7075,1.689,1.6704,1.6518,1.6333,1.6147,1.5962,1.5776,1.559,1.5219,1.5034,1.4848,1.4662,1.4477,1.4291,1.4106,1.392,4,7.2384,True,True,True,True,False,False,False,False,False,False,False,False,False,False,False,False,False,False,False,False,False,False,False,False
AMZN,2006-03-03 05:00:00+00:00,1.844499945640564,1.8914999961853027,1.8335000276565552,1.8604999780654907,120898000,2006,3,9,Friday,1.8575,1.843999981880188,0.89,0.03,-0.57,0.89,0.57,1.8256,1.8071,1.7887,1.7702,1.7518,1.7334,1.7149,1.6965,1.678,1.6596,1.6412,1.6227,1.6043,1.5858,1.5674,1.549,1.5121,1.4936,1.4752,1.4568,1.4383,1.4199,1.4014,1.383,0,0.0,False,False,False,False,False,False,False,False,False,False,False,False,False,False,False,False,False,False,False,False,False,False,False,False
AMZN,2006-03-06 05:00:00+00:00,1.866000056266785,1.878999948501587,1.838500022888184,1.843000054359436,85166000,2006,3,10,Monday,1.8566,1.8604999780654907,-0.94,0.3,-1.18,-0.94,1.18,1.8419,1.8233,1.8047,1.7861,1.7675,1.7489,1.7303,1.7117,1.6931,1.6744,1.6558,1.6372,1.6186,1.6,1.5814,1.5628,1.5256,1.507,1.4884,1.4698,1.4512,1.4326,1.414,1.3954,1,1.8419,True,False,False,False,False,False,False,False,False,False,False,False,False,False,False,False,False,False,False,False,False,False,False,False
AMZN,2006-03-07 05:00:00+00:00,1.8355000019073489,1.871000051498413,1.8350000381469729,1.846500039100647,94446000,2006,3,10,Tuesday,1.847,1.843000054359436,0.19,-0.41,-0.43,0.19,0.43,1.8246,1.8061,1.7877,1.7693,1.7509,1.7324,1.714,1.6956,1.6771,1.6587,1.6403,1.6218,1.6034,1.585,1.5666,1.5481,1.5113,1.4928,1.4744,1.456,1.4375,1.4191,1.4007,1.3823,0,0.0,False,False,False,False,False,False,False,False,False,False,False,False,False,False,False,False,False,False,False,False,False,False,False,False
AMZN,2006-03-08 05:00:00+00:00,1.8359999656677248,1.8734999895095823,1.83050000667572,1.840499997138977,124732000,2006,3,10,Wednesday,1.8451,1.846500039100647,-0.32,-0.57,-0.87,-0.32,0.87,1.828,1.8096,1.7911,1.7726,1.7542,1.7357,1.7172,1.6988,1.6803,1.6619,1.6434,1.6249,1.6065,1.588,1.5695,1.5511,1.5141,1.4957,1.4772,1.4587,1.4403,1.4218,1.4033,1.3849,0,0.0,False,False,False,False,False,False,False,False,False,False,False,False,False,False,False,False,False,False,False,False,False,False,False,False
AMZN,2006-03-09 05:00:00+00:00,1.840000033378601,1.8480000495910645,1.7949999570846558,1.805999994277954,144002000,2006,3,10,Thursday,1.8223,1.840499997138977,-1.87,-0.03,-2.47,-1.87,2.47,1.8221,1.8037,1.7853,1.7669,1.7485,1.7301,1.7117,1.6933,1.6749,1.6564,1.638,1.6196,1.6012,1.5828,1.5644,1.546,1.5092,1.4908,1.4724,1.454,1.4356,1.4172,1.3988,1.3804,2,3.6258,True,True,False,False,False,False,False,False,False,False,False,False,False,False,False,False,False,False,False,False,False,False,False,False
AMZN,2006-03-10 05:00:00+00:00,1.812000036239624,1.825000047683716,1.7869999408721924,1.8109999895095823,99454000,2006,3,10,Friday,1.8088,1.805999994277954,0.28,0.33,-1.05,0.28,1.05,1.7879,1.7699,1.7518,1.7338,1.7157,1.6976,1.6796,1.6615,1.6435,1.6254,1.6073,1.5893,1.5712,1.5532,1.5351,1.517,1.4809,1.4629,1.4448,1.4267,1.4087,1.3906,1.3726,1.3545,1,1.7879,True,False,False,False,False,False,False,False,False,False,False,False,False,False,False,False,False,False,False,False,False,False,False,False
AMZN,2006-03-13 05:00:00+00:00,1.815500020980835,1.8315000534057613,1.7984999418258667,1.809499979019165,65562000,2006,3,11,Monday,1.8137,1.8109999895095823,-0.08,0.25,-0.69,-0.08,0.69,1.7929,1.7748,1.7567,1.7386,1.7204,1.7023,1.6842,1.6661,1.648,1.6299,1.6118,1.5937,1.5756,1.5575,1.5393,1.5212,1.485,1.4669,1.4488,1.4307,1.4126,1.3945,1.3764,1.3582,0,0.0,False,False,False,False,False,False,False,False,False,False,False,False,False,False,False,False,False,False,False,False,False,False,False,False
AMZN,2006-03-14 05:00:00+00:00,1.8020000457763672,1.850000023841858,1.8005000352859497,1.8454999923706048,83704000,2006,3,11,Tuesday,1.8245,1.809499979019165,1.99,-0.41,-0.5,1.99,0.5,1.7914,1.7733,1.7552,1.7371,1.719,1.7009,1.6828,1.6647,1.6466,1.6285,1.6105,1.5924,1.5743,1.5562,1.5381,1.52,1.4838,1.4657,1.4476,1.4295,1.4114,1.3933,1.3752,1.3571,0,0.0,False,False,False,False,False,False,False,False,False,False,False,False,False,False,False,False,False,False,False,False,False,False,False,False
AMZN,2006-03-15 05:00:00+00:00,1.847499966621399,1.850000023841858,1.821499943733216,1.844499945640564,56030000,2006,3,11,Wednesday,1.8409,1.8454999923706048,-0.05,0.11,-1.3,-0.05,1.3,1.827,1.8086,1.7901,1.7717,1.7532,1.7348,1.7163,1.6979,1.6794,1.6609,1.6425,1.624,1.6056,1.5871,1.5687,1.5502,1.5133,1.4949,1.4764,1.4579,1.4395,1.421,1.4026,1.3841,1,1.827,True,False,False,False,False,False,False,False,False,False,False,False,False,False,False,False,False,False,False,False,False,False,False,False
AMZN,2006-03-16 05:00:00+00:00,1.8539999723434448,1.869500041007996,1.837000012397766,1.838500022888184,96456000,2006,3,11,Thursday,1.8498,1.844499945640564,-0.33,0.52,-0.41,-0.33,0.41,1.8261,1.8076,1.7892,1.7707,1.7523,1.7338,1.7154,1.6969,1.6785,1.66,1.6416,1.6232,1.6047,1.5863,1.5678,1.5494,1.5125,1.494,1.4756,1.4572,1.4387,1.4203,1.4018,1.3834,0,0.0,False,False,False,False,False,False,False,False,False,False,False,False,False,False,False,False,False,False,False,False,False,False,False,False
AMZN,2006-03-17 05:00:00+00:00,1.843999981880188,1.8489999771118164,1.7925000190734863,1.7994999885559082,137724000,2006,3,11,Friday,1.8212,1.838500022888184,-2.12,0.3,-2.5,-2.12,2.5,1.8201,1.8017,1.7833,1.765,1.7466,1.7282,1.7098,1.6914,1.673,1.6547,1.6363,1.6179,1.5995,1.5811,1.5627,1.5443,1.5076,1.4892,1.4708,1.4524,1.434,1.4156,1.3973,1.3789,2,3.6218,True,True,False,False,False,False,False,False,False,False,False,False,False,False,False,False,False,False,False,False,False,False,False,False
AMZN,2006-03-20 05:00:00+00:00,1.7960000038146973,1.8634999990463257,1.7899999618530271,1.8114999532699585,123416000,2006,3,12,Monday,1.8152,1.7994999885559082,0.67,-0.19,-0.53,0.67,0.53,1.7815,1.7635,1.7455,1.7275,1.7095,1.6915,1.6735,1.6555,1.6375,1.6195,1.6016,1.5836,1.5656,1.5476,1.5296,1.5116,1.4756,1.4576,1.4396,1.4216,1.4036,1.3856,1.3676,1.3496,0,0.0,False,False,False,False,False,False,False,False,False,False,False,False,False,False,False,False,False,False,False,False,False,False,False,False
AMZN,2006-03-21 05:00:00+00:00,1.7960000038146973,1.83650004863739,1.7829999923706057,1.7960000038146973,133432000,2006,3,12,Tuesday,1.8029,1.8114999532699585,-0.86,-0.86,-1.57,-0.86,1.57,1.7934,1.7753,1.7572,1.739,1.7209,1.7028,1.6847,1.6666,1.6485,1.6303,1.6122,1.5941,1.576,1.5579,1.5398,1.5217,1.4854,1.4673,1.4492,1.4311,1.413,1.3949,1.3767,1.3586,1,1.7934,True,False,False,False,False,False,False,False,False,False,False,False,False,False,False,False,False,False,False,False,False,False,False,False
AMZN,2006-03-22 05:00:00+00:00,1.7999999523162842,1.8270000219345093,1.7894999980926514,1.7999999523162842,86016000,2006,3,12,Wednesday,1.8041,1.7960000038146973,0.22,0.22,-0.36,0.22,0.36,1.778,1.7601,1.7421,1.7242,1.7062,1.6882,1.6703,1.6523,1.6344,1.6164,1.5984,1.5805,1.5625,1.5446,1.5266,1.5086,1.4727,1.4548,1.4368,1.4188,1.4009,1.3829,1.365,1.347,0,0.0,False,False,False,False,False,False,False,False,False,False,False,False,False,False,False,False,False,False,False,False,False,False,False,False
AMZN,2006-03-23 05:00:00+00:00,1.7979999780654907,1.8170000314712524,1.77400004863739,1.784000039100647,80718000,2006,3,12,Thursday,1.7933,1.7999999523162842,-0.89,-0.11,-1.44,-0.89,1.44,1.782,1.764,1.746,1.728,1.71,1.692,1.674,1.656,1.638,1.62,1.602,1.584,1.566,1.548,1.53,1.512,1.476,1.458,1.44,1.422,1.404,1.386,1.368,1.35,1,1.782,True,False,False,False,False,False,False,False,False,False,False,False,False,False,False,False,False,False,False,False,False,False,False,False
AMZN,2006-03-24 05:00:00+00:00,1.7860000133514404,1.805999994277954,1.7654999494552612,1.7734999656677246,73640000,2006,3,12,Friday,1.7827,1.784000039100647,-0.59,0.11,-1.04,-0.59,1.04,1.7662,1.7483,1.7305,1.7126,1.6948,1.677,1.6591,1.6413,1.6234,1.6056,1.5878,1.5699,1.5521,1.5342,1.5164,1.4986,1.4629,1.445,1.4272,1.4094,1.3915,1.3737,1.3558,1.338,1,1.7662,True,False,False,False,False,False,False,False,False,False,False,False,False,False,False,False,False,False,False,False,False,False,False,False
AMZN,2006-03-27 05:00:00+00:00,1.774999976158142,1.7829999923706057,1.756999969482422,1.7625000476837158,74170000,2006,3,13,Monday,1.7694,1.7734999656677246,-0.62,0.08,-0.93,-0.62,0.93,1.7558,1.738,1.7203,1.7026,1.6848,1.6671,1.6494,1.6316,1.6139,1.5961,1.5784,1.5607,1.5429,1.5252,1.5075,1.4897,1.4543,1.4365,1.4188,1.4011,1.3833,1.3656,1.3479,1.3301,0,0.0,False,False,False,False,False,False,False,False,False,False,False,False,False,False,False,False,False,False,False,False,False,False,False,False
AMZN,2006-03-28 05:00:00+00:00,1.7604999542236328,1.8009999990463257,1.7599999904632568,1.784500002861023,114544000,2006,3,13,Tuesday,1.7765,1.7625000476837158,1.25,-0.11,-0.14,1.25,0.14,1.7449,1.7273,1.7096,1.692,1.6744,1.6568,1.6391,1.6215,1.6039,1.5863,1.5686,1.551,1.5334,1.5158,1.4981,1.4805,1.4453,1.4276,1.41,1.3924,1.3748,1.3571,1.3395,1.3219,0,0.0,False,False,False,False,False,False,False,False,False,False,False,False,False,False,False,False,False,False,False,False,False,False,False,False
AMZN,2006-03-29 05:00:00+00:00,1.784500002861023,1.840499997138977,1.7654999494552612,1.815999984741211,143984000,2006,3,13,Wednesday,1.8016,1.784500002861023,1.77,0.0,-1.06,1.77,1.06,1.7667,1.7488,1.731,1.7131,1.6953,1.6774,1.6596,1.6417,1.6239,1.6061,1.5882,1.5704,1.5525,1.5347,1.5168,1.499,1.4633,1.4454,1.4276,1.4098,1.3919,1.3741,1.3562,1.3384,1,1.7667,True,False,False,False,False,False,False,False,False,False,False,False,False,False,False,False,False,False,False,False,False,False,False,False
AMZN,2006-03-30 05:00:00+00:00,1.8224999904632568,1.8450000286102293,1.809000015258789,1.8335000276565552,80984000,2006,3,13,Thursday,1.8275,1.815999984741211,0.96,0.36,-0.39,0.96,0.39,1.7978,1.7797,1.7615,1.7434,1.7252,1.707,1.6889,1.6707,1.6526,1.6344,1.6162,1.5981,1.5799,1.5618,1.5436,1.5254,1.4891,1.471,1.4528,1.4346,1.4165,1.3983,1.3802,1.362,0,0.0,False,False,False,False,False,False,False,False,False,False,False,False,False,False,False,False,False,False,False,False,False,False,False,False
AMZN,2006-03-31 05:00:00+00:00,1.8339999914169312,1.838500022888184,1.8240000009536743,1.8265000581741333,53180000,2006,3,13,Friday,1.8308,1.8335000276565552,-0.38,0.03,-0.52,-0.38,0.52,1.8152,1.7968,1.7785,1.7602,1.7418,1.7235,1.7052,1.6868,1.6685,1.6502,1.6318,1.6135,1.5951,1.5768,1.5585,1.5401,1.5035,1.4851,1.4668,1.4485,1.4301,1.4118,1.3935,1.3751,0,0.0,False,False,False,False,False,False,False,False,False,False,False,False,False,False,False,False,False,False,False,False,False,False,False,False
AMZN,2006-04-03 04:00:00+00:00,1.8335000276565552,1.8665000200271609,1.8049999475479128,1.807000041007996,101080000,2006,4,14,Monday,1.828,1.8265000581741333,-1.07,0.38,-1.18,-1.07,1.18,1.8082,1.79,1.7717,1.7534,1.7352,1.7169,1.6986,1.6804,1.6621,1.6439,1.6256,1.6073,1.5891,1.5708,1.5525,1.5343,1.4977,1.4795,1.4612,1.4429,1.4247,1.4064,1.3881,1.3699,1,1.8082,True,False,False,False,False,False,False,False,False,False,False,False,False,False,False,False,False,False,False,False,False,False,False,False
AMZN,2006-04-04 04:00:00+00:00,1.807000041007996,1.8550000190734863,1.8009999990463257,1.838500022888184,74356000,2006,4,14,Tuesday,1.8254,1.807000041007996,1.74,0.0,-0.33,1.74,0.33,1.7889,1.7709,1.7528,1.7347,1.7167,1.6986,1.6805,1.6624,1.6444,1.6263,1.6082,1.5902,1.5721,1.554,1.536,1.5179,1.4817,1.4637,1.4456,1.4275,1.4095,1.3914,1.3733,1.3553,0,0.0,False,False,False,False,False,False,False,False,False,False,False,False,False,False,False,False,False,False,False,False,False,False,False,False
AMZN,2006-04-05 04:00:00+00:00,1.8329999446868896,1.8669999837875368,1.8135000467300413,1.8669999837875368,111190000,2006,4,14,Wednesday,1.8451,1.838500022888184,1.55,-0.3,-1.36,1.55,1.36,1.8201,1.8017,1.7833,1.765,1.7466,1.7282,1.7098,1.6914,1.673,1.6547,1.6363,1.6179,1.5995,1.5811,1.5627,1.5443,1.5076,1.4892,1.4708,1.4524,1.434,1.4156,1.3973,1.3789,1,1.8201,True,False,False,False,False,False,False,False,False,False,False,False,False,False,False,False,False,False,False,False,False,False,False,False
AMZN,2006-04-06 04:00:00+00:00,1.8600000143051147,1.9420000314712524,1.856500029563904,1.9255000352859497,185892000,2006,4,14,Thursday,1.896,1.8669999837875368,3.13,-0.37,-0.56,3.13,0.56,1.8483,1.8297,1.811,1.7923,1.7736,1.755,1.7363,1.7176,1.699,1.6803,1.6616,1.643,1.6243,1.6056,1.5869,1.5683,1.5309,1.5123,1.4936,1.4749,1.4563,1.4376,1.4189,1.4002,0,0.0,False,False,False,False,False,False,False,False,False,False,False,False,False,False,False,False,False,False,False,False,False,False,False,False
AMZN,2006-04-07 04:00:00+00:00,1.9275000095367432,1.933500051498413,1.850000023841858,1.8545000553131104,114090000,2006,4,14,Friday,1.8914,1.9255000352859497,-3.69,0.1,-3.92,-3.69,3.92,1.9062,1.887,1.8677,1.8485,1.8292,1.81,1.7907,1.7715,1.7522,1.733,1.7137,1.6944,1.6752,1.6559,1.6367,1.6174,1.5789,1.5597,1.5404,1.5211,1.5019,1.4826,1.4634,1.4441,3,5.661,True,True,True,False,False,False,False,False,False,False,False,False,False,False,False,False,False,False,False,False,False,False,False,False
AMZN,2006-04-10 04:00:00+00:00,1.857499957084656,1.8639999628067017,1.8109999895095823,1.83050000667572,94950000,2006,4,15,Monday,1.8407,1.8545000553131104,-1.29,0.16,-2.35,-1.29,2.35,1.836,1.8174,1.7989,1.7803,1.7618,1.7432,1.7247,1.7061,1.6876,1.6691,1.6505,1.632,1.6134,1.5949,1.5763,1.5578,1.5207,1.5021,1.4836,1.4651,1.4465,1.428,1.4094,1.3909,2,3.6534,True,True,False,False,False,False,False,False,False,False,False,False,False,False,False,False,False,False,False,False,False,False,False,False
AMZN,2006-04-11 04:00:00+00:00,1.83050000667572,1.837499976158142,1.7760000228881836,1.8029999732971191,132112000,2006,4,15,Tuesday,1.8117,1.83050000667572,-1.5,0.0,-2.98,-1.5,2.98,1.8122,1.7939,1.7756,1.7573,1.739,1.7207,1.7024,1.6841,1.6658,1.6475,1.6291,1.6108,1.5925,1.5742,1.5559,1.5376,1.501,1.4827,1.4644,1.4461,1.4278,1.4095,1.3912,1.3729,2,3.6061,True,True,False,False,False,False,False,False,False,False,False,False,False,False,False,False,False,False,False,False,False,False,False,False
AMZN,2006-04-12 04:00:00+00:00,1.7955000400543213,1.8220000267028809,1.7955000400543213,1.80649995803833,57116000,2006,4,15,Wednesday,1.8049,1.8029999732971191,0.19,-0.42,-0.42,0.19,0.42,1.785,1.7669,1.7489,1.7309,1.7128,1.6948,1.6768,1.6588,1.6407,1.6227,1.6047,1.5866,1.5686,1.5506,1.5325,1.5145,1.4785,1.4604,1.4424,1.4244,1.4063,1.3883,1.3703,1.3522,0,0.0,False,False,False,False,False,False,False,False,False,False,False,False,False,False,False,False,False,False,False,False,False,False,False,False
AMZN,2006-04-13 04:00:00+00:00,1.7975000143051147,1.8359999656677248,1.774500012397766,1.830999970436096,74304000,2006,4,15,Thursday,1.8097,1.80649995803833,1.36,-0.5,-1.77,1.36,1.77,1.7884,1.7704,1.7523,1.7342,1.7162,1.6981,1.68,1.662,1.6439,1.6258,1.6078,1.5897,1.5717,1.5536,1.5355,1.5175,1.4813,1.4633,1.4452,1.4271,1.4091,1.391,1.3729,1.3549,1,1.7884,True,False,False,False,False,False,False,False,False,False,False,False,False,False,False,False,False,False,False,False,False,False,False,False
AMZN,2006-04-17 04:00:00+00:00,1.8235000371932983,1.830999970436096,1.752500057220459,1.7634999752044678,88844000,2006,4,16,Monday,1.7926,1.830999970436096,-3.69,-0.41,-4.29,-3.69,4.29,1.8127,1.7944,1.7761,1.7578,1.7394,1.7211,1.7028,1.6845,1.6662,1.6479,1.6296,1.6113,1.593,1.5747,1.5563,1.538,1.5014,1.4831,1.4648,1.4465,1.4282,1.4099,1.3916,1.3732,4,7.1409,True,True,True,True,False,False,False,False,False,False,False,False,False,False,False,False,False,False,False,False,False,False,False,False
AMZN,2006-04-18 04:00:00+00:00,1.7695000171661377,1.8224999904632568,1.7599999904632568,1.8140000104904173,91914000,2006,4,16,Tuesday,1.7915,1.7634999752044678,2.86,0.34,-0.2,2.86,0.2,1.7459,1.7282,1.7106,1.693,1.6753,1.6577,1.6401,1.6224,1.6048,1.5871,1.5695,1.5519,1.5342,1.5166,1.499,1.4813,1.4461,1.4284,1.4108,1.3932,1.3755,1.3579,1.3403,1.3226,0,0.0,False,False,False,False,False,False,False,False,False,False,False,False,False,False,False,False,False,False,False,False,False,False,False,False
AMZN,2006-04-19 04:00:00+00:00,1.805999994277954,1.8480000495910645,1.7944999933242798,1.844499945640564,85610000,2006,4,16,Wednesday,1.8232,1.8140000104904173,1.68,-0.44,-1.07,1.68,1.07,1.7959,1.7777,1.7596,1.7414,1.7233,1.7052,1.687,1.6689,1.6507,1.6326,1.6145,1.5963,1.5782,1.56,1.5419,1.5238,1.4875,1.4693,1.4512,1.4331,1.4149,1.3968,1.3786,1.3605,1,1.7959,True,False,False,False,False,False,False,False,False,False,False,False,False,False,False,False,False,False,False,False,False,False,False,False
AMZN,2006-04-20 04:00:00+00:00,1.8350000381469729,1.8600000143051147,1.8114999532699585,1.8170000314712524,107752000,2006,4,16,Thursday,1.8309,1.844499945640564,-1.49,-0.52,-1.79,-1.49,1.79,1.8261,1.8076,1.7892,1.7707,1.7523,1.7338,1.7154,1.6969,1.6785,1.66,1.6416,1.6232,1.6047,1.5863,1.5678,1.5494,1.5125,1.494,1.4756,1.4572,1.4387,1.4203,1.4018,1.3834,1,1.8261,True,False,False,False,False,False,False,False,False,False,False,False,False,False,False,False,False,False,False,False,False,False,False,False
AMZN,2006-04-21 04:00:00+00:00,1.830999970436096,1.83899998664856,1.7860000133514404,1.8014999628067017,88470000,2006,4,16,Friday,1.8144,1.8170000314712524,-0.85,0.77,-1.71,-0.85,1.71,1.7988,1.7807,1.7625,1.7443,1.7262,1.708,1.6898,1.6716,1.6535,1.6353,1.6171,1.599,1.5808,1.5626,1.5445,1.5263,1.4899,1.4718,1.4536,1.4354,1.4173,1.3991,1.3809,1.3628,1,1.7988,True,False,False,False,False,False,False,False,False,False,False,False,False,False,False,False,False,False,False,False,False,False,False,False
AMZN,2006-04-24 04:00:00+00:00,1.805999994277954,1.805999994277954,1.7660000324249268,1.7894999980926514,61752000,2006,4,17,Monday,1.7919,1.8014999628067017,-0.67,0.25,-1.97,-0.67,1.97,1.7835,1.7655,1.7475,1.7294,1.7114,1.6934,1.6754,1.6574,1.6394,1.6213,1.6033,1.5853,1.5673,1.5493,1.5313,1.5133,1.4772,1.4592,1.4412,1.4232,1.4052,1.3872,1.3691,1.3511,1,1.7835,True,False,False,False,False,False,False,False,False,False,False,False,False,False,False,False,False,False,False,False,False,False,False,False
AMZN,2006-04-25 04:00:00+00:00,1.7795000076293943,1.78849995136261,1.750499963760376,1.777500033378601,255810000,2006,4,17,Tuesday,1.774,1.7894999980926514,-0.67,-0.56,-2.18,-0.67,2.18,1.7716,1.7537,1.7358,1.7179,1.7,1.6821,1.6642,1.6463,1.6284,1.6105,1.5927,1.5748,1.5569,1.539,1.5211,1.5032,1.4674,1.4495,1.4316,1.4137,1.3958,1.3779,1.36,1.3421,2,3.5253,True,True,False,False,False,False,False,False,False,False,False,False,False,False,False,False,False,False,False,False,False,False,False,False
AMZN,2006-04-26 04:00:00+00:00,1.7669999599456787,1.8174999952316284,1.7575000524520874,1.7894999980926514,221430000,2006,4,17,Wednesday,1.7829,1.777500033378601,0.68,-0.59,-1.13,0.68,1.13,1.7597,1.742,1.7242,1.7064,1.6886,1.6709,1.6531,1.6353,1.6175,1.5998,1.582,1.5642,1.5464,1.5287,1.5109,1.4931,1.4576,1.4398,1.422,1.4042,1.3865,1.3687,1.3509,1.3331,1,1.7597,True,False,False,False,False,False,False,False,False,False,False,False,False,False,False,False,False,False,False,False,False,False,False,False
AMZN,2006-04-27 04:00:00+00:00,1.7755000591278076,1.7934999465942385,1.7649999856948853,1.7869999408721924,118650000,2006,4,17,Thursday,1.7802,1.7894999980926514,-0.14,-0.78,-1.37,-0.14,1.37,1.7716,1.7537,1.7358,1.7179,1.7,1.6821,1.6642,1.6463,1.6284,1.6105,1.5927,1.5748,1.5569,1.539,1.5211,1.5032,1.4674,1.4495,1.4316,1.4137,1.3958,1.3779,1.36,1.3421,1,1.7716,True,False,False,False,False,False,False,False,False,False,False,False,False,False,False,False,False,False,False,False,False,False,False,False
AMZN,2006-04-28 04:00:00+00:00,1.78849995136261,1.7944999933242798,1.756999969482422,1.7604999542236328,69850000,2006,4,17,Friday,1.7751,1.7869999408721924,-1.48,0.08,-1.68,-1.48,1.68,1.7691,1.7513,1.7334,1.7155,1.6976,1.6798,1.6619,1.644,1.6262,1.6083,1.5904,1.5726,1.5547,1.5368,1.5189,1.5011,1.4653,1.4475,1.4296,1.4117,1.3939,1.376,1.3581,1.3402,1,1.7691,True,False,False,False,False,False,False,False,False,False,False,False,False,False,False,False,False,False,False,False,False,False,False,False
AMZN,2006-05-01 04:00:00+00:00,1.7595000267028809,1.778499960899353,1.722000002861023,1.7295000553131104,141454000,2006,5,18,Monday,1.7474,1.7604999542236328,-1.76,-0.06,-2.19,-1.76,2.19,1.7429,1.7253,1.7077,1.6901,1.6725,1.6549,1.6373,1.6197,1.6021,1.5844,1.5668,1.5492,1.5316,1.514,1.4964,1.4788,1.4436,1.426,1.4084,1.3908,1.3732,1.3556,1.338,1.3204,2,3.4682,True,True,False,False,False,False,False,False,False,False,False,False,False,False,False,False,False,False,False,False,False,False,False,False
AMZN,2006-05-02 04:00:00+00:00,1.7319999933242798,1.746999979019165,1.71150004863739,1.718999981880188,117140000,2006,5,18,Tuesday,1.7274,1.7295000553131104,-0.61,0.14,-1.04,-0.61,1.04,1.7122,1.6949,1.6776,1.6603,1.643,1.6257,1.6084,1.5911,1.5738,1.5566,1.5393,1.522,1.5047,1.4874,1.4701,1.4528,1.4182,1.4009,1.3836,1.3663,1.349,1.3317,1.3144,1.2971,1,1.7122,True,False,False,False,False,False,False,False,False,False,False,False,False,False,False,False,False,False,False,False,False,False,False,False
AMZN,2006-05-03 04:00:00+00:00,1.7144999504089355,1.719499945640564,1.6755000352859497,1.6979999542236328,151718000,2006,5,18,Wednesday,1.7019,1.718999981880188,-1.22,-0.26,-2.53,-1.22,2.53,1.7018,1.6846,1.6674,1.6502,1.633,1.6159,1.5987,1.5815,1.5643,1.5471,1.5299,1.5127,1.4955,1.4783,1.4611,1.444,1.4096,1.3924,1.3752,1.358,1.3408,1.3236,1.3064,1.2892,2,3.3864,True,True,False,False,False,False,False,False,False,False,False,False,False,False,False,False,False,False,False,False,False,False,False,False
AMZN,2006-05-04 04:00:00+00:00,1.7309999465942385,1.7359999418258667,1.718999981880188,1.7235000133514404,119958000,2006,5,18,Thursday,1.7274,1.6979999542236328,1.5,1.94,1.24,1.5,-1.24,1.681,1.664,1.6471,1.6301,1.6131,1.5961,1.5791,1.5622,1.5452,1.5282,1.5112,1.4942,1.4773,1.4603,1.4433,1.4263,1.3924,1.3754,1.3584,1.3414,1.3244,1.3075,1.2905,1.2735,0,0.0,False,False,False,False,False,False,False,False,False,False,False,False,False,False,False,False,False,False,False,False,False,False,False,False
AMZN,2006-05-05 04:00:00+00:00,1.7324999570846558,1.7519999742507937,1.7074999809265137,1.7519999742507937,114818000,2006,5,18,Friday,1.736,1.7235000133514404,1.65,0.52,-0.93,1.65,0.93,1.7063,1.689,1.6718,1.6546,1.6373,1.6201,1.6029,1.5856,1.5684,1.5512,1.5339,1.5167,1.4994,1.4822,1.465,1.4477,1.4133,1.396,1.3788,1.3616,1.3443,1.3271,1.3099,1.2926,0,0.0,False,False,False,False,False,False,False,False,False,False,False,False,False,False,False,False,False,False,False,False,False,False,False,False
AMZN,2006-05-08 04:00:00+00:00,1.749500036239624,1.7654999494552612,1.7235000133514404,1.7345000505447388,84736000,2006,5,19,Monday,1.7433,1.7519999742507937,-1.0,-0.14,-1.63,-1.0,1.63,1.7345,1.717,1.6994,1.6819,1.6644,1.6469,1.6294,1.6118,1.5943,1.5768,1.5593,1.5418,1.5242,1.5067,1.4892,1.4717,1.4366,1.4191,1.4016,1.3841,1.3666,1.349,1.3315,1.314,1,1.7345,True,False,False,False,False,False,False,False,False,False,False,False,False,False,False,False,False,False,False,False,False,False,False,False
AMZN,2006-05-09 04:00:00+00:00,1.7209999561309814,1.7630000114440918,1.7105000019073486,1.7419999837875366,109694000,2006,5,19,Tuesday,1.7341,1.7345000505447388,0.43,-0.78,-1.38,0.43,1.38,1.7172,1.6998,1.6825,1.6651,1.6478,1.6304,1.6131,1.5957,1.5784,1.5611,1.5437,1.5264,1.509,1.4917,1.4743,1.457,1.4223,1.4049,1.3876,1.3703,1.3529,1.3356,1.3182,1.3009,1,1.7172,True,False,False,False,False,False,False,False,False,False,False,False,False,False,False,False,False,False,False,False,False,False,False,False
AMZN,2006-05-10 04:00:00+00:00,1.7339999675750732,1.75,1.7050000429153442,1.7079999446868896,66006000,2006,5,19,Wednesday,1.7242,1.7419999837875366,-1.95,-0.46,-2.12,-1.95,2.12,1.7246,1.7072,1.6897,1.6723,1.6549,1.6375,1.6201,1.6026,1.5852,1.5678,1.5504,1.533,1.5155,1.4981,1.4807,1.4633,1.4284,1.411,1.3936,1.3762,1.3588,1.3413,1.3239,1.3065,2,3.4317,True,True,False,False,False,False,False,False,False,False,False,False,False,False,False,False,False,False,False,False,False,False,False,False
AMZN,2006-05-11 04:00:00+00:00,1.7059999704360962,1.7074999809265137,1.6540000438690186,1.6764999628067017,153920000,2006,5,19,Thursday,1.686,1.7079999446868896,-1.84,-0.12,-3.16,-1.84,3.16,1.6909,1.6738,1.6568,1.6397,1.6226,1.6055,1.5884,1.5714,1.5543,1.5372,1.5201,1.503,1.486,1.4689,1.4518,1.4347,1.4006,1.3835,1.3664,1.3493,1.3322,1.3152,1.2981,1.281,3,5.0215,True,True,True,False,False,False,False,False,False,False,False,False,False,False,False,False,False,False,False,False,False,False,False,False
AMZN,2006-05-12 04:00:00+00:00,1.6779999732971191,1.6890000104904177,1.627500057220459,1.6365000009536743,97472000,2006,5,19,Friday,1.6578,1.6764999628067017,-2.39,0.09,-2.92,-2.39,2.92,1.6597,1.643,1.6262,1.6094,1.5927,1.5759,1.5591,1.5424,1.5256,1.5088,1.4921,1.4753,1.4586,1.4418,1.425,1.4083,1.3747,1.358,1.3412,1.3244,1.3077,1.2909,1.2741,1.2574,2,3.3027,True,True,False,False,False,False,False,False,False,False,False,False,False,False,False,False,False,False,False,False,False,False,False,False
AMZN,2006-05-15 04:00:00+00:00,1.627500057220459,1.6425000429153442,1.6104999780654907,1.6390000581741333,86100000,2006,5,20,Monday,1.6299,1.6365000009536743,0.15,-0.55,-1.59,0.15,1.59,1.6201,1.6038,1.5874,1.571,1.5547,1.5383,1.5219,1.5056,1.4892,1.4729,1.4565,1.4401,1.4238,1.4074,1.391,1.3747,1.3419,1.3256,1.3092,1.2928,1.2765,1.2601,1.2437,1.2274,1,1.6201,True,False,False,False,False,False,False,False,False,False,False,False,False,False,False,False,False,False,False,False,False,False,False,False
AMZN,2006-05-16 04:00:00+00:00,1.6419999599456787,1.6510000228881836,1.616000056266785,1.6380000114440918,104432000,2006,5,20,Tuesday,1.6368,1.6390000581741333,-0.06,0.18,-1.4,-0.06,1.4,1.6226,1.6062,1.5898,1.5734,1.5571,1.5407,1.5243,1.5079,1.4915,1.4751,1.4587,1.4423,1.4259,1.4095,1.3932,1.3768,1.344,1.3276,1.3112,1.2948,1.2784,1.262,1.2456,1.2293,1,1.6226,True,False,False,False,False,False,False,False,False,False,False,False,False,False,False,False,False,False,False,False,False,False,False,False
AMZN,2006-05-17 04:00:00+00:00,1.622499942779541,1.6349999904632568,1.5765000581741333,1.5805000066757202,134082000,2006,5,20,Wednesday,1.6036,1.6380000114440918,-3.51,-0.95,-3.75,-3.51,3.75,1.6216,1.6052,1.5889,1.5725,1.5561,1.5397,1.5233,1.507,1.4906,1.4742,1.4578,1.4414,1.4251,1.4087,1.3923,1.3759,1.3432,1.3268,1.3104,1.294,1.2776,1.2613,1.2449,1.2285,3,4.8157,True,True,True,False,False,False,False,False,False,False,False,False,False,False,False,False,False,False,False,False,False,False,False,False
AMZN,2006-05-18 04:00:00+00:00,1.5855000019073486,1.6820000410079956,1.5759999752044678,1.6304999589920044,240544000,2006,5,20,Thursday,1.6185,1.5805000066757202,3.16,0.32,-0.28,3.16,0.28,1.5647,1.5489,1.5331,1.5173,1.5015,1.4857,1.4699,1.4541,1.4383,1.4225,1.4066,1.3908,1.375,1.3592,1.3434,1.3276,1.296,1.2802,1.2644,1.2486,1.2328,1.217,1.2012,1.1854,0,0.0,False,False,False,False,False,False,False,False,False,False,False,False,False,False,False,False,False,False,False,False,False,False,False,False
AMZN,2006-05-19 04:00:00+00:00,1.6330000162124634,1.7000000476837158,1.6015000343322754,1.6970000267028809,196344000,2006,5,20,Friday,1.6579,1.6304999589920044,4.08,0.15,-1.78,4.08,1.78,1.6142,1.5979,1.5816,1.5653,1.549,1.5327,1.5164,1.5001,1.4838,1.4674,1.4511,1.4348,1.4185,1.4022,1.3859,1.3696,1.337,1.3207,1.3044,1.2881,1.2718,1.2555,1.2392,1.2229,1,1.6142,True,False,False,False,False,False,False,False,False,False,False,False,False,False,False,False,False,False,False,False,False,False,False,False
AMZN,2006-05-22 04:00:00+00:00,1.6979999542236328,1.749500036239624,1.659000039100647,1.7415000200271606,222458000,2006,5,21,Monday,1.712,1.6970000267028809,2.62,0.06,-2.24,2.62,2.24,1.68,1.6631,1.6461,1.6291,1.6122,1.5952,1.5782,1.5612,1.5443,1.5273,1.5103,1.4934,1.4764,1.4594,1.4425,1.4255,1.3915,1.3746,1.3576,1.3406,1.3237,1.3067,1.2897,1.2728,2,3.3431,True,True,False,False,False,False,False,False,False,False,False,False,False,False,False,False,False,False,False,False,False,False,False,False
AMZN,2006-05-23 04:00:00+00:00,1.75,1.7999999523162842,1.687999963760376,1.687999963760376,176454000,2006,5,21,Tuesday,1.7315,1.7415000200271606,-3.07,0.49,-3.07,-3.07,3.07,1.7241,1.7067,1.6893,1.6718,1.6544,1.637,1.6196,1.6022,1.5848,1.5674,1.5499,1.5325,1.5151,1.4977,1.4803,1.4629,1.428,1.4106,1.3932,1.3758,1.3584,1.341,1.3235,1.3061,3,5.12,True,True,True,False,False,False,False,False,False,False,False,False,False,False,False,False,False,False,False,False,False,False,False,False
AMZN,2006-05-24 04:00:00+00:00,1.6705000400543213,1.7615000009536743,1.6684999465942385,1.7595000267028809,190842000,2006,5,21,Wednesday,1.715,1.687999963760376,4.24,-1.04,-1.16,4.24,1.16,1.6711,1.6542,1.6374,1.6205,1.6036,1.5867,1.5698,1.553,1.5361,1.5192,1.5023,1.4854,1.4686,1.4517,1.4348,1.4179,1.3842,1.3673,1.3504,1.3335,1.3166,1.2998,1.2829,1.266,1,1.6711,True,False,False,False,False,False,False,False,False,False,False,False,False,False,False,False,False,False,False,False,False,False,False,False
AMZN,2006-05-25 04:00:00+00:00,1.7680000066757202,1.784500002861023,1.7300000190734863,1.781499981880188,116914000,2006,5,21,Thursday,1.766,1.7595000267028809,1.25,0.48,-1.68,1.25,1.68,1.7419,1.7243,1.7067,1.6891,1.6715,1.6539,1.6363,1.6187,1.6011,1.5836,1.566,1.5484,1.5308,1.5132,1.4956,1.478,1.4428,1.4252,1.4076,1.39,1.3724,1.3548,1.3372,1.3196,1,1.7419,True,False,False,False,False,False,False,False,False,False,False,False,False,False,False,False,False,False,False,False,False,False,False,False
AMZN,2006-05-26 04:00:00+00:00,1.7829999923706057,1.825000047683716,1.7730000019073486,1.803500056266785,90486000,2006,5,21,Friday,1.7961,1.781499981880188,1.23,0.08,-0.48,1.23,0.48,1.7637,1.7459,1.7281,1.7102,1.6924,1.6746,1.6568,1.639,1.6212,1.6033,1.5855,1.5677,1.5499,1.5321,1.5143,1.4965,1.4608,1.443,1.4252,1.4074,1.3896,1.3718,1.3539,1.3361,0,0.0,False,False,False,False,False,False,False,False,False,False,False,False,False,False,False,False,False,False,False,False,False,False,False,False
AMZN,2006-05-30 04:00:00+00:00,1.7864999771118164,1.787500023841858,1.722000002861023,1.7319999933242798,118416000,2006,5,22,Tuesday,1.757,1.803500056266785,-3.96,-0.94,-4.52,-3.96,4.52,1.7855,1.7674,1.7494,1.7314,1.7133,1.6953,1.6773,1.6592,1.6412,1.6232,1.6051,1.5871,1.569,1.551,1.533,1.5149,1.4789,1.4608,1.4428,1.4248,1.4067,1.3887,1.3707,1.3526,4,7.0337,True,True,True,True,False,False,False,False,False,False,False,False,False,False,False,False,False,False,False,False,False,False,False,False
AMZN,2006-05-31 04:00:00+00:00,1.7369999885559082,1.746999979019165,1.6864999532699585,1.7304999828338623,103932000,2006,5,22,Wednesday,1.7252,1.7319999933242798,-0.09,0.29,-2.63,-0.09,2.63,1.7147,1.6974,1.68,1.6627,1.6454,1.6281,1.6108,1.5934,1.5761,1.5588,1.5415,1.5242,1.5068,1.4895,1.4722,1.4549,1.4202,1.4029,1.3856,1.3683,1.351,1.3336,1.3163,1.299,2,3.412,True,True,False,False,False,False,False,False,False,False,False,False,False,False,False,False,False,False,False,False,False,False,False,False
AMZN,2006-06-01 04:00:00+00:00,1.7315000295639038,1.7725000381469729,1.715000033378601,1.753499984741211,118640000,2006,6,22,Thursday,1.7431,1.7304999828338623,1.33,0.06,-0.9,1.33,0.9,1.7132,1.6959,1.6786,1.6613,1.644,1.6267,1.6094,1.5921,1.5748,1.5574,1.5401,1.5228,1.5055,1.4882,1.4709,1.4536,1.419,1.4017,1.3844,1.3671,1.3498,1.3325,1.3152,1.2979,0,0.0,False,False,False,False,False,False,False,False,False,False,False,False,False,False,False,False,False,False,False,False,False,False,False,False
AMZN,2006-06-02 04:00:00+00:00,1.7595000267028809,1.7610000371932983,1.7024999856948853,1.7380000352859497,108858000,2006,6,22,Friday,1.7403,1.753499984741211,-0.88,0.34,-2.91,-0.88,2.91,1.736,1.7184,1.7009,1.6834,1.6658,1.6483,1.6308,1.6132,1.5957,1.5781,1.5606,1.5431,1.5255,1.508,1.4905,1.4729,1.4379,1.4203,1.4028,1.3853,1.3677,1.3502,1.3327,1.3151,2,3.4544,True,True,False,False,False,False,False,False,False,False,False,False,False,False,False,False,False,False,False,False,False,False,False,False
AMZN,2006-06-05 04:00:00+00:00,1.7230000495910645,1.7269999980926514,1.66349995136261,1.6744999885559082,100988000,2006,6,23,Monday,1.697,1.7380000352859497,-3.65,-0.86,-4.29,-3.65,4.29,1.7206,1.7032,1.6859,1.6685,1.6511,1.6337,1.6163,1.599,1.5816,1.5642,1.5468,1.5294,1.5121,1.4947,1.4773,1.4599,1.4252,1.4078,1.3904,1.373,1.3556,1.3383,1.3209,1.3035,4,6.7782,True,True,True,True,False,False,False,False,False,False,False,False,False,False,False,False,False,False,False,False,False,False,False,False
AMZN,2006-06-06 04:00:00+00:00,1.6790000200271606,1.690000057220459,1.6464999914169312,1.6705000400543213,85532000,2006,6,23,Tuesday,1.6715,1.6744999885559082,-0.24,0.27,-1.67,-0.24,1.67,1.6578,1.641,1.6243,1.6075,1.5908,1.574,1.5573,1.5405,1.5238,1.507,1.4903,1.4736,1.4568,1.4401,1.4233,1.4066,1.3731,1.3563,1.3396,1.3229,1.3061,1.2894,1.2726,1.2559,1,1.6578,True,False,False,False,False,False,False,False,False,False,False,False,False,False,False,False,False,False,False,False,False,False,False,False
AMZN,2006-06-07 04:00:00+00:00,1.6699999570846558,1.7269999980926514,1.6454999446868896,1.6885000467300415,106076000,2006,6,23,Wednesday,1.6827,1.6705000400543213,1.08,-0.03,-1.5,1.08,1.5,1.6538,1.6371,1.6204,1.6037,1.587,1.5703,1.5536,1.5369,1.5202,1.5035,1.4867,1.47,1.4533,1.4366,1.4199,1.4032,1.3698,1.3531,1.3364,1.3197,1.303,1.2863,1.2696,1.2529,1,1.6538,True,False,False,False,False,False,False,False,False,False,False,False,False,False,False,False,False,False,False,False,False,False,False,False
AMZN,2006-06-08 04:00:00+00:00,1.6775000095367432,1.7029999494552612,1.621000051498413,1.6775000095367432,166220000,2006,6,23,Thursday,1.6698,1.6885000467300415,-0.65,-0.65,-4.0,-0.65,4.0,1.6716,1.6547,1.6378,1.621,1.6041,1.5872,1.5703,1.5534,1.5365,1.5197,1.5028,1.4859,1.469,1.4521,1.4352,1.4183,1.3846,1.3677,1.3508,1.3339,1.317,1.3001,1.2833,1.2664,3,4.9642,True,True,True,False,False,False,False,False,False,False,False,False,False,False,False,False,False,False,False,False,False,False,False,False
AMZN,2006-06-09 04:00:00+00:00,1.6749999523162842,1.7174999713897705,1.6725000143051147,1.6890000104904177,104652000,2006,6,23,Friday,1.6885,1.6775000095367432,0.69,-0.15,-0.3,0.69,0.3,1.6607,1.644,1.6272,1.6104,1.5936,1.5769,1.5601,1.5433,1.5265,1.5098,1.493,1.4762,1.4594,1.4427,1.4259,1.4091,1.3756,1.3588,1.342,1.3252,1.3085,1.2917,1.2749,1.2581,0,0.0,False,False,False,False,False,False,False,False,False,False,False,False,False,False,False,False,False,False,False,False,False,False,False,False
AMZN,2006-06-12 04:00:00+00:00,1.7000000476837158,1.722499966621399,1.6744999885559082,1.6799999475479126,83916000,2006,6,24,Monday,1.6942,1.6890000104904177,-0.53,0.65,-0.86,-0.53,0.86,1.6721,1.6552,1.6383,1.6214,1.6046,1.5877,1.5708,1.5539,1.537,1.5201,1.5032,1.4863,1.4694,1.4525,1.4357,1.4188,1.385,1.3681,1.3512,1.3343,1.3174,1.3005,1.2836,1.2668,0,0.0,False,False,False,False,False,False,False,False,False,False,False,False,False,False,False,False,False,False,False,False,False,False,False,False
AMZN,2006-06-13 04:00:00+00:00,1.6744999885559082,1.7085000276565552,1.656499981880188,1.6734999418258667,108060000,2006,6,24,Tuesday,1.6782,1.6799999475479126,-0.39,-0.33,-1.4,-0.39,1.4,1.6632,1.6464,1.6296,1.6128,1.596,1.5792,1.5624,1.5456,1.5288,1.512,1.4952,1.4784,1.4616,1.4448,1.428,1.4112,1.3776,1.3608,1.344,1.3272,1.3104,1.2936,1.2768,1.26,1,1.6632,True,False,False,False,False,False,False,False,False,False,False,False,False,False,False,False,False,False,False,False,False,False,False,False
AMZN,2006-06-14 04:00:00+00:00,1.6749999523162842,1.6994999647140503,1.6540000438690186,1.684000015258789,97382000,2006,6,24,Wednesday,1.6781,1.6734999418258667,0.63,0.09,-1.17,0.63,1.17,1.6568,1.64,1.6233,1.6066,1.5898,1.5731,1.5564,1.5396,1.5229,1.5061,1.4894,1.4727,1.4559,1.4392,1.4225,1.4057,1.3723,1.3555,1.3388,1.3221,1.3053,1.2886,1.2719,1.2551,1,1.6568,True,False,False,False,False,False,False,False,False,False,False,False,False,False,False,False,False,False,False,False,False,False,False,False
AMZN,2006-06-15 04:00:00+00:00,1.6920000314712524,1.7584999799728394,1.683500051498413,1.7480000257492063,124122000,2006,6,24,Thursday,1.7205,1.684000015258789,3.8,0.48,-0.03,3.8,0.03,1.6672,1.6503,1.6335,1.6166,1.5998,1.583,1.5661,1.5493,1.5324,1.5156,1.4988,1.4819,1.4651,1.4482,1.4314,1.4146,1.3809,1.364,1.3472,1.3304,1.3135,1.2967,1.2798,1.263,0,0.0,False,False,False,False,False,False,False,False,False,False,False,False,False,False,False,False,False,False,False,False,False,False,False,False
AMZN,2006-06-16 04:00:00+00:00,1.74399995803833,1.7630000114440918,1.7350000143051147,1.7545000314712524,102702000,2006,6,24,Friday,1.7491,1.7480000257492063,0.37,-0.23,-0.74,0.37,0.74,1.7305,1.713,1.6956,1.6781,1.6606,1.6431,1.6256,1.6082,1.5907,1.5732,1.5557,1.5382,1.5208,1.5033,1.4858,1.4683,1.4334,1.4159,1.3984,1.3809,1.3634,1.346,1.3285,1.311,0,0.0,False,False,False,False,False,False,False,False,False,False,False,False,False,False,False,False,False,False,False,False,False,False,False,False
AMZN,2006-06-19 04:00:00+00:00,1.7599999904632568,1.77400004863739,1.7519999742507937,1.753499984741211,84232000,2006,6,25,Monday,1.7599,1.7545000314712524,-0.06,0.31,-0.14,-0.06,0.14,1.737,1.7194,1.7019,1.6843,1.6668,1.6492,1.6317,1.6141,1.5966,1.5791,1.5615,1.544,1.5264,1.5089,1.4913,1.4738,1.4387,1.4211,1.4036,1.3861,1.3685,1.351,1.3334,1.3159,0,0.0,False,False,False,False,False,False,False,False,False,False,False,False,False,False,False,False,False,False,False,False,False,False,False,False
AMZN,2006-06-20 04:00:00+00:00,1.750499963760376,1.7825000286102295,1.74399995803833,1.77400004863739,89310000,2006,6,25,Tuesday,1.7627,1.753499984741211,1.17,-0.17,-0.54,1.17,0.54,1.736,1.7184,1.7009,1.6834,1.6658,1.6483,1.6308,1.6132,1.5957,1.5781,1.5606,1.5431,1.5255,1.508,1.4905,1.4729,1.4379,1.4203,1.4028,1.3853,1.3677,1.3502,1.3327,1.3151,0,0.0,False,False,False,False,False,False,False,False,False,False,False,False,False,False,False,False,False,False,False,False,False,False,False,False
AMZN,2006-06-21 04:00:00+00:00,1.7669999599456787,1.852499961853028,1.7669999599456787,1.8324999809265137,157306000,2006,6,25,Wednesday,1.8047,1.77400004863739,3.3,-0.39,-0.39,3.3,0.39,1.7563,1.7385,1.7208,1.703,1.6853,1.6676,1.6498,1.6321,1.6143,1.5966,1.5789,1.5611,1.5434,1.5256,1.5079,1.4902,1.4547,1.4369,1.4192,1.4015,1.3837,1.366,1.3482,1.3305,0,0.0,False,False,False,False,False,False,False,False,False,False,False,False,False,False,False,False,False,False,False,False,False,False,False,False
AMZN,2006-06-22 04:00:00+00:00,1.8274999856948853,1.8424999713897705,1.805500030517578,1.81850004196167,94640000,2006,6,25,Thursday,1.8235,1.8324999809265137,-0.76,-0.27,-1.47,-0.76,1.47,1.8142,1.7958,1.7775,1.7592,1.7409,1.7225,1.7042,1.6859,1.6676,1.6492,1.6309,1.6126,1.5943,1.5759,1.5576,1.5393,1.5026,1.4843,1.466,1.4477,1.4293,1.411,1.3927,1.3744,1,1.8142,True,False,False,False,False,False,False,False,False,False,False,False,False,False,False,False,False,False,False,False,False,False,False,False
AMZN,2006-06-23 04:00:00+00:00,1.8229999542236328,1.8324999809265137,1.8009999990463257,1.8274999856948853,78468000,2006,6,25,Friday,1.821,1.81850004196167,0.49,0.25,-0.96,0.49,0.96,1.8003,1.7821,1.7639,1.7458,1.7276,1.7094,1.6912,1.673,1.6548,1.6367,1.6185,1.6003,1.5821,1.5639,1.5457,1.5275,1.4912,1.473,1.4548,1.4366,1.4184,1.4002,1.3821,1.3639,0,0.0,False,False,False,False,False,False,False,False,False,False,False,False,False,False,False,False,False,False,False,False,False,False,False,False
AMZN,2006-06-26 04:00:00+00:00,1.8274999856948853,1.8585000038146973,1.821499943733216,1.838500022888184,72116000,2006,6,26,Monday,1.8365,1.8274999856948853,0.6,0.0,-0.33,0.6,0.33,1.8092,1.7909,1.7727,1.7544,1.7361,1.7178,1.6996,1.6813,1.663,1.6447,1.6265,1.6082,1.5899,1.5716,1.5534,1.5351,1.4985,1.4803,1.462,1.4437,1.4254,1.4072,1.3889,1.3706,0,0.0,False,False,False,False,False,False,False,False,False,False,False,False,False,False,False,False,False,False,False,False,False,False,False,False
AMZN,2006-06-27 04:00:00+00:00,1.8359999656677248,1.875,1.808500051498413,1.8240000009536743,112820000,2006,6,26,Tuesday,1.8359,1.838500022888184,-0.79,-0.14,-1.63,-0.79,1.63,1.8201,1.8017,1.7833,1.765,1.7466,1.7282,1.7098,1.6914,1.673,1.6547,1.6363,1.6179,1.5995,1.5811,1.5627,1.5443,1.5076,1.4892,1.4708,1.4524,1.434,1.4156,1.3973,1.3789,1,1.8201,True,False,False,False,False,False,False,False,False,False,False,False,False,False,False,False,False,False,False,False,False,False,False,False
AMZN,2006-06-28 04:00:00+00:00,1.8350000381469729,1.8554999828338623,1.8240000009536743,1.8350000381469729,75034000,2006,6,26,Wednesday,1.8374,1.8240000009536743,0.6,0.6,0.0,0.6,0.0,1.8058,1.7875,1.7693,1.751,1.7328,1.7146,1.6963,1.6781,1.6598,1.6416,1.6234,1.6051,1.5869,1.5686,1.5504,1.5322,1.4957,1.4774,1.4592,1.441,1.4227,1.4045,1.3862,1.368,0,0.0,False,False,False,False,False,False,False,False,False,False,False,False,False,False,False,False,False,False,False,False,False,False,False,False
AMZN,2006-06-29 04:00:00+00:00,1.840999960899353,1.928500056266785,1.8350000381469729,1.9259999990463257,127450000,2006,6,26,Thursday,1.8826,1.8350000381469729,4.96,0.33,0.0,4.96,0.0,1.8167,1.7983,1.78,1.7616,1.7433,1.7249,1.7066,1.6882,1.6699,1.6515,1.6332,1.6148,1.5965,1.5781,1.5598,1.5414,1.5047,1.4864,1.468,1.4497,1.4313,1.413,1.3946,1.3763,0,0.0,False,False,False,False,False,False,False,False,False,False,False,False,False,False,False,False,False,False,False,False,False,False,False,False
AMZN,2006-06-30 04:00:00+00:00,1.9290000200271609,1.9420000314712524,1.8914999961853027,1.934000015258789,103824000,2006,6,26,Friday,1.9241,1.9259999990463257,0.42,0.16,-1.79,0.42,1.79,1.9067,1.8875,1.8682,1.849,1.8297,1.8104,1.7912,1.7719,1.7527,1.7334,1.7141,1.6949,1.6756,1.6564,1.6371,1.6178,1.5793,1.5601,1.5408,1.5215,1.5023,1.483,1.4638,1.4445,1,1.9067,True,False,False,False,False,False,False,False,False,False,False,False,False,False,False,False,False,False,False,False,False,False,False,False
AMZN,2006-07-03 04:00:00+00:00,1.9259999990463257,1.930999994277954,1.9114999771118164,1.930500030517578,28726000,2006,7,27,Monday,1.9248,1.934000015258789,-0.18,-0.41,-1.16,-0.18,1.16,1.9147,1.8953,1.876,1.8566,1.8373,1.818,1.7986,1.7793,1.7599,1.7406,1.7213,1.7019,1.6826,1.6632,1.6439,1.6246,1.5859,1.5665,1.5472,1.5279,1.5085,1.4892,1.4698,1.4505,1,1.9147,True,False,False,False,False,False,False,False,False,False,False,False,False,False,False,False,False,False,False,False,False,False,False,False
AMZN,2006-07-05 04:00:00+00:00,1.914000034332276,1.9214999675750728,1.83899998664856,1.8554999828338623,114680000,2006,7,27,Wednesday,1.8825,1.930500030517578,-3.89,-0.85,-4.74,-3.89,4.74,1.9112,1.8919,1.8726,1.8533,1.834,1.8147,1.7954,1.7761,1.7568,1.7375,1.7181,1.6988,1.6795,1.6602,1.6409,1.6216,1.583,1.5637,1.5444,1.5251,1.5058,1.4865,1.4672,1.4479,4,7.529,True,True,True,True,False,False,False,False,False,False,False,False,False,False,False,False,False,False,False,False,False,False,False,False
AMZN,2006-07-06 04:00:00+00:00,1.8535000085830688,1.8869999647140503,1.825999975204468,1.840000033378601,87454000,2006,7,27,Thursday,1.8516,1.8554999828338623,-0.84,-0.11,-1.59,-0.84,1.59,1.8369,1.8184,1.7998,1.7813,1.7627,1.7442,1.7256,1.7071,1.6885,1.6699,1.6514,1.6328,1.6143,1.5957,1.5772,1.5586,1.5215,1.503,1.4844,1.4658,1.4473,1.4287,1.4102,1.3916,1,1.8369,True,False,False,False,False,False,False,False,False,False,False,False,False,False,False,False,False,False,False,False,False,False,False,False
AMZN,2006-07-07 04:00:00+00:00,1.8355000019073489,1.8639999628067017,1.787500023841858,1.805500030517578,100082000,2006,7,27,Friday,1.8231,1.840000033378601,-1.88,-0.24,-2.85,-1.88,2.85,1.8216,1.8032,1.7848,1.7664,1.748,1.7296,1.7112,1.6928,1.6744,1.656,1.6376,1.6192,1.6008,1.5824,1.564,1.5456,1.5088,1.4904,1.472,1.4536,1.4352,1.4168,1.3984,1.38,2,3.6248,True,True,False,False,False,False,False,False,False,False,False,False,False,False,False,False,False,False,False,False,False,False,False,False
AMZN,2006-07-10 04:00:00+00:00,1.815000057220459,1.8350000381469729,1.7699999809265137,1.7894999980926514,77534000,2006,7,28,Monday,1.8024,1.805500030517578,-0.89,0.53,-1.97,-0.89,1.97,1.7874,1.7694,1.7513,1.7333,1.7152,1.6972,1.6791,1.6611,1.643,1.625,1.6069,1.5888,1.5708,1.5527,1.5347,1.5166,1.4805,1.4625,1.4444,1.4263,1.4083,1.3902,1.3722,1.3541,1,1.7874,True,False,False,False,False,False,False,False,False,False,False,False,False,False,False,False,False,False,False,False,False,False,False,False
AMZN,2006-07-11 04:00:00+00:00,1.7869999408721924,1.7960000038146973,1.750499963760376,1.7829999923706057,121772000,2006,7,28,Tuesday,1.7791,1.7894999980926514,-0.36,-0.14,-2.18,-0.36,2.18,1.7716,1.7537,1.7358,1.7179,1.7,1.6821,1.6642,1.6463,1.6284,1.6105,1.5927,1.5748,1.5569,1.539,1.5211,1.5032,1.4674,1.4495,1.4316,1.4137,1.3958,1.3779,1.36,1.3421,2,3.5253,True,True,False,False,False,False,False,False,False,False,False,False,False,False,False,False,False,False,False,False,False,False,False,False
AMZN,2006-07-12 04:00:00+00:00,1.7799999713897705,1.7949999570846558,1.7285000085830688,1.7315000295639038,97894000,2006,7,28,Wednesday,1.7587,1.7829999923706057,-2.89,-0.17,-3.06,-2.89,3.06,1.7652,1.7473,1.7295,1.7117,1.6938,1.676,1.6582,1.6404,1.6225,1.6047,1.5869,1.569,1.5512,1.5334,1.5155,1.4977,1.4621,1.4442,1.4264,1.4086,1.3907,1.3729,1.3551,1.3372,3,5.242,True,True,True,False,False,False,False,False,False,False,False,False,False,False,False,False,False,False,False,False,False,False,False,False
AMZN,2006-07-13 04:00:00+00:00,1.7165000438690186,1.7315000295639038,1.6855000257492063,1.6864999532699585,129110000,2006,7,28,Thursday,1.705,1.7315000295639038,-2.6,-0.87,-2.66,-2.6,2.66,1.7142,1.6969,1.6796,1.6622,1.6449,1.6276,1.6103,1.593,1.5757,1.5584,1.541,1.5237,1.5064,1.4891,1.4718,1.4545,1.4198,1.4025,1.3852,1.3679,1.3506,1.3333,1.3159,1.2986,2,3.4111,True,True,False,False,False,False,False,False,False,False,False,False,False,False,False,False,False,False,False,False,False,False,False,False
AMZN,2006-07-14 04:00:00+00:00,1.6755000352859497,1.6864999532699585,1.6399999856948853,1.6460000276565552,161896000,2006,7,28,Friday,1.662,1.6864999532699585,-2.4,-0.65,-2.76,-2.4,2.76,1.6696,1.6528,1.6359,1.619,1.6022,1.5853,1.5684,1.5516,1.5347,1.5178,1.501,1.4841,1.4673,1.4504,1.4335,1.4167,1.3829,1.3661,1.3492,1.3323,1.3155,1.2986,1.2817,1.2649,2,3.3224,True,True,False,False,False,False,False,False,False,False,False,False,False,False,False,False,False,False,False,False,False,False,False,False
AMZN,2006-07-17 04:00:00+00:00,1.6395000219345093,1.696499943733215,1.6395000219345093,1.683500051498413,143946000,2006,7,29,Monday,1.6648,1.6460000276565552,2.28,-0.39,-0.39,2.28,0.39,1.6295,1.6131,1.5966,1.5802,1.5637,1.5472,1.5308,1.5143,1.4979,1.4814,1.4649,1.4485,1.432,1.4156,1.3991,1.3826,1.3497,1.3333,1.3168,1.3003,1.2839,1.2674,1.251,1.2345,0,0.0,False,False,False,False,False,False,False,False,False,False,False,False,False,False,False,False,False,False,False,False,False,False,False,False
AMZN,2006-07-18 04:00:00+00:00,1.6825000047683716,1.7144999504089355,1.6480000019073486,1.6744999885559082,104300000,2006,7,29,Tuesday,1.6799,1.683500051498413,-0.53,-0.06,-2.11,-0.53,2.11,1.6667,1.6498,1.633,1.6162,1.5993,1.5825,1.5657,1.5488,1.532,1.5152,1.4983,1.4815,1.4646,1.4478,1.431,1.4141,1.3805,1.3636,1.3468,1.33,1.3131,1.2963,1.2795,1.2626,2,3.3165,True,True,False,False,False,False,False,False,False,False,False,False,False,False,False,False,False,False,False,False,False,False,False,False
AMZN,2006-07-19 04:00:00+00:00,1.6749999523162842,1.7384999990463257,1.6694999933242798,1.7239999771118164,177326000,2006,7,29,Wednesday,1.7017,1.6744999885559082,2.96,0.03,-0.3,2.96,0.3,1.6578,1.641,1.6243,1.6075,1.5908,1.574,1.5573,1.5405,1.5238,1.507,1.4903,1.4736,1.4568,1.4401,1.4233,1.4066,1.3731,1.3563,1.3396,1.3229,1.3061,1.2894,1.2726,1.2559,0,0.0,False,False,False,False,False,False,False,False,False,False,False,False,False,False,False,False,False,False,False,False,False,False,False,False
AMZN,2006-07-20 04:00:00+00:00,1.719499945640564,1.7404999732971191,1.691499948501587,1.7089999914169312,116724000,2006,7,29,Thursday,1.7151,1.7239999771118164,-0.87,-0.26,-1.89,-0.87,1.89,1.7068,1.6895,1.6723,1.655,1.6378,1.6206,1.6033,1.5861,1.5688,1.5516,1.5344,1.5171,1.4999,1.4826,1.4654,1.4482,1.4137,1.3964,1.3792,1.362,1.3447,1.3275,1.3102,1.293,1,1.7068,True,False,False,False,False,False,False,False,False,False,False,False,False,False,False,False,False,False,False,False,False,False,False,False
AMZN,2006-07-21 04:00:00+00:00,1.6924999952316284,1.6985000371932983,1.6460000276565552,1.659500002861023,142732000,2006,7,29,Friday,1.6741,1.7089999914169312,-2.9,-0.97,-3.69,-2.9,3.69,1.6919,1.6748,1.6577,1.6406,1.6235,1.6065,1.5894,1.5723,1.5552,1.5381,1.521,1.5039,1.4868,1.4697,1.4526,1.4356,1.4014,1.3843,1.3672,1.3501,1.333,1.3159,1.2988,1.2817,3,5.0245,True,True,True,False,False,False,False,False,False,False,False,False,False,False,False,False,False,False,False,False,False,False,False,False
AMZN,2006-07-24 04:00:00+00:00,1.6675000190734863,1.7339999675750732,1.6670000553131104,1.715499997138977,147708000,2006,7,30,Monday,1.696,1.659500002861023,3.37,0.48,0.45,3.37,-0.45,1.6429,1.6263,1.6097,1.5931,1.5765,1.5599,1.5433,1.5267,1.5101,1.4936,1.477,1.4604,1.4438,1.4272,1.4106,1.394,1.3608,1.3442,1.3276,1.311,1.2944,1.2778,1.2612,1.2446,0,0.0,False,False,False,False,False,False,False,False,False,False,False,False,False,False,False,False,False,False,False,False,False,False,False,False
AMZN,2006-07-25 04:00:00+00:00,1.7000000476837158,1.7079999446868896,1.6694999933242798,1.6794999837875366,344600000,2006,7,30,Tuesday,1.6892,1.715499997138977,-2.1,-0.9,-2.68,-2.1,2.68,1.6983,1.6812,1.664,1.6469,1.6297,1.6126,1.5954,1.5783,1.5611,1.5439,1.5268,1.5096,1.4925,1.4753,1.4582,1.441,1.4067,1.3896,1.3724,1.3552,1.3381,1.3209,1.3038,1.2866,2,3.3795,True,True,False,False,False,False,False,False,False,False,False,False,False,False,False,False,False,False,False,False,False,False,False,False
AMZN,2006-07-26 04:00:00+00:00,1.437999963760376,1.4500000476837158,1.2979999780654907,1.312999963760376,1539704000,2006,7,30,Wednesday,1.3747,1.6794999837875366,-21.82,-14.38,-22.72,-21.82,22.72,1.6627,1.6459,1.6291,1.6123,1.5955,1.5787,1.5619,1.5451,1.5283,1.5115,1.4948,1.478,1.4612,1.4444,1.4276,1.4108,1.3772,1.3604,1.3436,1.3268,1.31,1.2932,1.2764,1.2596,21,31.3059,True,True,True,True,True,True,True,True,True,True,True,True,True,True,True,True,True,True,True,True,True,False,False,False
AMZN,2006-07-27 04:00:00+00:00,1.3224999904632568,1.340000033378601,1.3105000257492063,1.3279999494552612,527876000,2006,7,30,Thursday,1.3252,1.312999963760376,1.14,0.72,-0.19,1.14,0.19,1.2999,1.2867,1.2736,1.2605,1.2473,1.2342,1.2211,1.208,1.1948,1.1817,1.1686,1.1554,1.1423,1.1292,1.116,1.1029,1.0767,1.0635,1.0504,1.0373,1.0241,1.011,0.9979,0.9847,0,0.0,False,False,False,False,False,False,False,False,False,False,False,False,False,False,False,False,False,False,False,False,False,False,False,False
AMZN,2006-07-28 04:00:00+00:00,1.340000033378601,1.3589999675750732,1.3285000324249268,1.3585000038146973,248440000,2006,7,30,Friday,1.3465,1.3279999494552612,2.3,0.9,0.04,2.3,-0.04,1.3147,1.3014,1.2882,1.2749,1.2616,1.2483,1.235,1.2218,1.2085,1.1952,1.1819,1.1686,1.1554,1.1421,1.1288,1.1155,1.089,1.0757,1.0624,1.0491,1.0358,1.0226,1.0093,0.996,0,0.0,False,False,False,False,False,False,False,False,False,False,False,False,False,False,False,False,False,False,False,False,False,False,False,False
AMZN,2006-07-31 04:00:00+00:00,1.35099995136261,1.3645000457763672,1.337000012397766,1.344499945640564,160764000,2006,7,31,Monday,1.3492,1.3585000038146973,-1.03,-0.55,-1.58,-1.03,1.58,1.3449,1.3313,1.3177,1.3042,1.2906,1.277,1.2634,1.2498,1.2362,1.2227,1.2091,1.1955,1.1819,1.1683,1.1547,1.1411,1.114,1.1004,1.0868,1.0732,1.0596,1.046,1.0325,1.0189,1,1.3449,True,False,False,False,False,False,False,False,False,False,False,False,False,False,False,False,False,False,False,False,False,False,False,False
AMZN,2006-08-01 04:00:00+00:00,1.3274999856948853,1.3320000171661377,1.2920000553131104,1.315999984741211,262576000,2006,8,31,Tuesday,1.3169,1.344499945640564,-2.12,-1.26,-3.9,-2.12,3.9,1.3311,1.3176,1.3042,1.2907,1.2773,1.2638,1.2504,1.2369,1.2235,1.21,1.1966,1.1832,1.1697,1.1563,1.1428,1.1294,1.1025,1.089,1.0756,1.0622,1.0487,1.0353,1.0218,1.0084,3,3.9528,True,True,True,False,False,False,False,False,False,False,False,False,False,False,False,False,False,False,False,False,False,False,False,False
AMZN,2006-08-02 04:00:00+00:00,1.3075000047683716,1.315000057220459,1.2944999933242798,1.3044999837875366,156208000,2006,8,31,Wednesday,1.3054,1.315999984741211,-0.87,-0.65,-1.63,-0.87,1.63,1.3028,1.2897,1.2765,1.2634,1.2502,1.237,1.2239,1.2107,1.1976,1.1844,1.1712,1.1581,1.1449,1.1318,1.1186,1.1054,1.0791,1.066,1.0528,1.0396,1.0265,1.0133,1.0002,0.987,1,1.3028,True,False,False,False,False,False,False,False,False,False,False,False,False,False,False,False,False,False,False,False,False,False,False,False
AMZN,2006-08-03 04:00:00+00:00,1.3044999837875366,1.3450000286102295,1.2949999570846558,1.3344999551773071,138822000,2006,8,31,Thursday,1.3197,1.3044999837875366,2.3,0.0,-0.73,2.3,0.73,1.2915,1.2784,1.2654,1.2523,1.2393,1.2262,1.2132,1.2001,1.1871,1.174,1.161,1.148,1.1349,1.1219,1.1088,1.0958,1.0697,1.0566,1.0436,1.0306,1.0175,1.0045,0.9914,0.9784,0,0.0,False,False,False,False,False,False,False,False,False,False,False,False,False,False,False,False,False,False,False,False,False,False,False,False
AMZN,2006-08-04 04:00:00+00:00,1.347000002861023,1.3795000314712524,1.340000033378601,1.3645000457763672,205048000,2006,8,31,Friday,1.3578,1.3344999551773071,2.25,0.94,0.41,2.25,-0.41,1.3212,1.3078,1.2945,1.2811,1.2678,1.2544,1.2411,1.2277,1.2144,1.201,1.1877,1.1744,1.161,1.1477,1.1343,1.121,1.0943,1.0809,1.0676,1.0543,1.0409,1.0276,1.0142,1.0009,0,0.0,False,False,False,False,False,False,False,False,False,False,False,False,False,False,False,False,False,False,False,False,False,False,False,False
AMZN,2006-08-07 04:00:00+00:00,1.3595000505447388,1.3645000457763672,1.3294999599456787,1.3389999866485596,109528000,2006,8,32,Monday,1.3481,1.3645000457763672,-1.87,-0.37,-2.57,-1.87,2.57,1.3509,1.3372,1.3236,1.3099,1.2963,1.2826,1.269,1.2553,1.2417,1.2281,1.2144,1.2008,1.1871,1.1735,1.1598,1.1462,1.1189,1.1052,1.0916,1.078,1.0643,1.0507,1.037,1.0234,2,2.6881,True,True,False,False,False,False,False,False,False,False,False,False,False,False,False,False,False,False,False,False,False,False,False,False
AMZN,2006-08-08 04:00:00+00:00,1.340000033378601,1.35099995136261,1.309499979019165,1.3179999589920044,145204000,2006,8,32,Tuesday,1.3296,1.3389999866485596,-1.57,0.07,-2.2,-1.57,2.2,1.3256,1.3122,1.2988,1.2854,1.272,1.2587,1.2453,1.2319,1.2185,1.2051,1.1917,1.1783,1.1649,1.1515,1.1381,1.1248,1.098,1.0846,1.0712,1.0578,1.0444,1.031,1.0176,1.0042,2,2.6378,True,True,False,False,False,False,False,False,False,False,False,False,False,False,False,False,False,False,False,False,False,False,False,False
AMZN,2006-08-09 04:00:00+00:00,1.3270000219345093,1.3350000381469729,1.2999999523162842,1.3105000257492063,138224000,2006,8,32,Wednesday,1.3181,1.3179999589920044,-0.57,0.68,-1.37,-0.57,1.37,1.3048,1.2916,1.2785,1.2653,1.2521,1.2389,1.2257,1.2126,1.1994,1.1862,1.173,1.1598,1.1467,1.1335,1.1203,1.1071,1.0808,1.0676,1.0544,1.0412,1.028,1.0149,1.0017,0.9885,1,1.3048,True,False,False,False,False,False,False,False,False,False,False,False,False,False,False,False,False,False,False,False,False,False,False,False
AMZN,2006-08-10 04:00:00+00:00,1.309999942779541,1.3259999752044678,1.2940000295639038,1.3244999647140503,128112000,2006,8,32,Thursday,1.3136,1.3105000257492063,1.07,-0.04,-1.26,1.07,1.26,1.2974,1.2843,1.2712,1.2581,1.245,1.2319,1.2188,1.2057,1.1926,1.1795,1.1663,1.1532,1.1401,1.127,1.1139,1.1008,1.0746,1.0615,1.0484,1.0353,1.0222,1.0091,0.996,0.9829,1,1.2974,True,False,False,False,False,False,False,False,False,False,False,False,False,False,False,False,False,False,False,False,False,False,False,False
AMZN,2006-08-11 04:00:00+00:00,1.321499943733215,1.321499943733215,1.287999987602234,1.303500056266785,102318000,2006,8,32,Friday,1.3086,1.3244999647140503,-1.59,-0.23,-2.76,-1.59,2.76,1.3113,1.298,1.2848,1.2715,1.2583,1.245,1.2318,1.2185,1.2053,1.192,1.1788,1.1656,1.1523,1.1391,1.1258,1.1126,1.0861,1.0728,1.0596,1.0464,1.0331,1.0199,1.0066,0.9934,2,2.6093,True,True,False,False,False,False,False,False,False,False,False,False,False,False,False,False,False,False,False,False,False,False,False,False
AMZN,2006-08-14 04:00:00+00:00,1.3109999895095823,1.3530000448226929,1.309000015258789,1.3265000581741333,102560000,2006,8,33,Monday,1.3249,1.303500056266785,1.76,0.58,0.42,1.76,-0.42,1.2905,1.2774,1.2644,1.2514,1.2383,1.2253,1.2123,1.1992,1.1862,1.1732,1.1601,1.1471,1.134,1.121,1.108,1.0949,1.0689,1.0558,1.0428,1.0298,1.0167,1.0037,0.9907,0.9776,0,0.0,False,False,False,False,False,False,False,False,False,False,False,False,False,False,False,False,False,False,False,False,False,False,False,False
AMZN,2006-08-15 04:00:00+00:00,1.3485000133514404,1.3930000066757202,1.3309999704360962,1.3884999752044678,164032000,2006,8,33,Tuesday,1.3652,1.3265000581741333,4.67,1.66,0.34,4.67,-0.34,1.3132,1.3,1.2867,1.2734,1.2602,1.2469,1.2336,1.2204,1.2071,1.1939,1.1806,1.1673,1.1541,1.1408,1.1275,1.1143,1.0877,1.0745,1.0612,1.0479,1.0347,1.0214,1.0081,0.9949,0,0.0,False,False,False,False,False,False,False,False,False,False,False,False,False,False,False,False,False,False,False,False,False,False,False,False
AMZN,2006-08-16 04:00:00+00:00,1.3984999656677246,1.406999945640564,1.3760000467300415,1.3975000381469729,152732000,2006,8,33,Wednesday,1.3947,1.3884999752044678,0.65,0.72,-0.9,0.65,0.9,1.3746,1.3607,1.3468,1.333,1.3191,1.3052,1.2913,1.2774,1.2635,1.2496,1.2358,1.2219,1.208,1.1941,1.1802,1.1663,1.1386,1.1247,1.1108,1.0969,1.083,1.0691,1.0553,1.0414,0,0.0,False,False,False,False,False,False,False,False,False,False,False,False,False,False,False,False,False,False,False,False,False,False,False,False
AMZN,2006-08-17 04:00:00+00:00,1.3980000019073486,1.4874999523162842,1.3914999961853027,1.4544999599456787,189926000,2006,8,33,Thursday,1.4329,1.3975000381469729,4.08,0.04,-0.43,4.08,0.43,1.3835,1.3696,1.3556,1.3416,1.3276,1.3137,1.2997,1.2857,1.2717,1.2578,1.2438,1.2298,1.2158,1.2019,1.1879,1.1739,1.146,1.132,1.118,1.104,1.0901,1.0761,1.0621,1.0481,0,0.0,False,False,False,False,False,False,False,False,False,False,False,False,False,False,False,False,False,False,False,False,False,False,False,False
AMZN,2006-08-18 04:00:00+00:00,1.4544999599456787,1.46150004863739,1.4110000133514404,1.4559999704360962,119972000,2006,8,33,Friday,1.4457,1.4544999599456787,0.1,0.0,-2.99,0.1,2.99,1.44,1.4254,1.4109,1.3963,1.3818,1.3672,1.3527,1.3381,1.3236,1.309,1.2945,1.28,1.2654,1.2509,1.2363,1.2218,1.1927,1.1781,1.1636,1.1491,1.1345,1.12,1.1054,1.0909,2,2.8654,True,True,False,False,False,False,False,False,False,False,False,False,False,False,False,False,False,False,False,False,False,False,False,False
AMZN,2006-08-21 04:00:00+00:00,1.434999942779541,1.4490000009536743,1.3984999656677246,1.406499981880188,106698000,2006,8,34,Monday,1.4222,1.4559999704360962,-3.4,-1.44,-3.95,-3.4,3.95,1.4414,1.4269,1.4123,1.3978,1.3832,1.3686,1.3541,1.3395,1.325,1.3104,1.2958,1.2813,1.2667,1.2522,1.2376,1.223,1.1939,1.1794,1.1648,1.1502,1.1357,1.1211,1.1066,1.092,3,4.2806,True,True,True,False,False,False,False,False,False,False,False,False,False,False,False,False,False,False,False,False,False,False,False,False
AMZN,2006-08-22 04:00:00+00:00,1.406999945640564,1.444499969482422,1.402500033378601,1.4184999465942385,91742000,2006,8,34,Tuesday,1.4181,1.406499981880188,0.85,0.04,-0.28,0.85,0.28,1.3924,1.3784,1.3643,1.3502,1.3362,1.3221,1.308,1.294,1.2799,1.2658,1.2518,1.2377,1.2237,1.2096,1.1955,1.1815,1.1533,1.1393,1.1252,1.1111,1.0971,1.083,1.0689,1.0549,0,0.0,False,False,False,False,False,False,False,False,False,False,False,False,False,False,False,False,False,False,False,False,False,False,False,False
AMZN,2006-08-23 04:00:00+00:00,1.4279999732971191,1.444499969482422,1.3884999752044678,1.406999945640564,94528000,2006,8,34,Wednesday,1.417,1.4184999465942385,-0.81,0.67,-2.11,-0.81,2.11,1.4043,1.3901,1.3759,1.3618,1.3476,1.3334,1.3192,1.305,1.2908,1.2766,1.2625,1.2483,1.2341,1.2199,1.2057,1.1915,1.1632,1.149,1.1348,1.1206,1.1064,1.0922,1.0781,1.0639,2,2.7944,True,True,False,False,False,False,False,False,False,False,False,False,False,False,False,False,False,False,False,False,False,False,False,False
AMZN,2006-08-24 04:00:00+00:00,1.4119999408721924,1.412500023841858,1.3769999742507937,1.3984999656677246,90338000,2006,8,34,Thursday,1.4,1.406999945640564,-0.6,0.36,-2.13,-0.6,2.13,1.3929,1.3789,1.3648,1.3507,1.3366,1.3226,1.3085,1.2944,1.2804,1.2663,1.2522,1.2382,1.2241,1.21,1.1959,1.1819,1.1537,1.1397,1.1256,1.1115,1.0975,1.0834,1.0693,1.0552,2,2.7718,True,True,False,False,False,False,False,False,False,False,False,False,False,False,False,False,False,False,False,False,False,False,False,False
AMZN,2006-08-25 04:00:00+00:00,1.3895000219345093,1.4114999771118164,1.38100004196167,1.4014999866485596,70852000,2006,8,34,Friday,1.3959,1.3984999656677246,0.21,-0.64,-1.25,0.21,1.25,1.3845,1.3705,1.3565,1.3426,1.3286,1.3146,1.3006,1.2866,1.2726,1.2586,1.2447,1.2307,1.2167,1.2027,1.1887,1.1747,1.1468,1.1328,1.1188,1.1048,1.0908,1.0768,1.0629,1.0489,1,1.3845,True,False,False,False,False,False,False,False,False,False,False,False,False,False,False,False,False,False,False,False,False,False,False,False
AMZN,2006-08-28 04:00:00+00:00,1.4199999570846558,1.4500000476837158,1.41349995136261,1.4455000162124634,121348000,2006,8,35,Monday,1.4322,1.4014999866485596,3.14,1.32,0.86,3.14,-0.86,1.3875,1.3735,1.3595,1.3454,1.3314,1.3174,1.3034,1.2894,1.2754,1.2613,1.2473,1.2333,1.2193,1.2053,1.1913,1.1773,1.1492,1.1352,1.1212,1.1072,1.0932,1.0792,1.0651,1.0511,0,0.0,False,False,False,False,False,False,False,False,False,False,False,False,False,False,False,False,False,False,False,False,False,False,False,False
AMZN,2006-08-29 04:00:00+00:00,1.4485000371932983,1.4859999418258667,1.4375,1.47599995136261,147962000,2006,8,35,Tuesday,1.462,1.4455000162124634,2.11,0.21,-0.55,2.11,0.55,1.431,1.4166,1.4021,1.3877,1.3732,1.3588,1.3443,1.3299,1.3154,1.301,1.2865,1.272,1.2576,1.2431,1.2287,1.2142,1.1853,1.1709,1.1564,1.1419,1.1275,1.113,1.0986,1.0841,0,0.0,False,False,False,False,False,False,False,False,False,False,False,False,False,False,False,False,False,False,False,False,False,False,False,False
AMZN,2006-08-30 04:00:00+00:00,1.4785000085830688,1.5425000190734863,1.4739999771118164,1.5334999561309814,226066000,2006,8,35,Wednesday,1.5071,1.47599995136261,3.9,0.17,-0.14,3.9,0.14,1.4612,1.4465,1.4317,1.417,1.4022,1.3874,1.3727,1.3579,1.3432,1.3284,1.3136,1.2989,1.2841,1.2694,1.2546,1.2398,1.2103,1.1956,1.1808,1.166,1.1513,1.1365,1.1218,1.107,0,0.0,False,False,False,False,False,False,False,False,False,False,False,False,False,False,False,False,False,False,False,False,False,False,False,False
AMZN,2006-08-31 04:00:00+00:00,1.537500023841858,1.5494999885559082,1.5234999656677246,1.5414999723434448,118940000,2006,8,35,Thursday,1.538,1.5334999561309814,0.52,0.26,-0.65,0.52,0.65,1.5182,1.5028,1.4875,1.4722,1.4568,1.4415,1.4262,1.4108,1.3955,1.3801,1.3648,1.3495,1.3341,1.3188,1.3035,1.2881,1.2575,1.2421,1.2268,1.2115,1.1961,1.1808,1.1655,1.1501,0,0.0,False,False,False,False,False,False,False,False,False,False,False,False,False,False,False,False,False,False,False,False,False,False,False,False
AMZN,2006-09-01 04:00:00+00:00,1.5425000190734863,1.590000033378601,1.5425000190734863,1.5880000591278076,131264000,2006,9,35,Friday,1.5658,1.5414999723434448,3.02,0.06,0.06,3.02,-0.06,1.5261,1.5107,1.4953,1.4798,1.4644,1.449,1.4336,1.4182,1.4028,1.3873,1.3719,1.3565,1.3411,1.3257,1.3103,1.2949,1.264,1.2486,1.2332,1.2178,1.2024,1.187,1.1715,1.1561,0,0.0,False,False,False,False,False,False,False,False,False,False,False,False,False,False,False,False,False,False,False,False,False,False,False,False
AMZN,2006-09-05 04:00:00+00:00,1.5805000066757202,1.6150000095367432,1.562000036239624,1.6115000247955322,149354000,2006,9,36,Tuesday,1.5923,1.5880000591278076,1.48,-0.47,-1.64,1.48,1.64,1.5721,1.5562,1.5404,1.5245,1.5086,1.4927,1.4768,1.461,1.4451,1.4292,1.4133,1.3974,1.3816,1.3657,1.3498,1.3339,1.3022,1.2863,1.2704,1.2545,1.2386,1.2228,1.2069,1.191,1,1.5721,True,False,False,False,False,False,False,False,False,False,False,False,False,False,False,False,False,False,False,False,False,False,False,False
AMZN,2006-09-06 04:00:00+00:00,1.5880000591278076,1.5989999771118164,1.5325000286102295,1.5399999618530271,182282000,2006,9,36,Wednesday,1.5649,1.6115000247955322,-4.44,-1.46,-4.9,-4.44,4.9,1.5954,1.5793,1.5632,1.547,1.5309,1.5148,1.4987,1.4826,1.4665,1.4504,1.4342,1.4181,1.402,1.3859,1.3698,1.3537,1.3214,1.3053,1.2892,1.2731,1.257,1.2409,1.2247,1.2086,4,6.2849,True,True,True,True,False,False,False,False,False,False,False,False,False,False,False,False,False,False,False,False,False,False,False,False
AMZN,2006-09-07 04:00:00+00:00,1.528499960899353,1.531999945640564,1.4839999675750732,1.4865000247955322,178034000,2006,9,36,Thursday,1.5077,1.5399999618530271,-3.47,-0.75,-3.64,-3.47,3.64,1.5246,1.5092,1.4938,1.4784,1.463,1.4476,1.4322,1.4168,1.4014,1.386,1.3706,1.3552,1.3398,1.3244,1.309,1.2936,1.2628,1.2474,1.232,1.2166,1.2012,1.1858,1.1704,1.155,3,4.5276,True,True,True,False,False,False,False,False,False,False,False,False,False,False,False,False,False,False,False,False,False,False,False,False
AMZN,2006-09-08 04:00:00+00:00,1.5095000267028809,1.5329999923706057,1.496999979019165,1.5255000591278076,104544000,2006,9,36,Friday,1.5163,1.4865000247955322,2.62,1.55,0.71,2.62,-0.71,1.4716,1.4568,1.4419,1.427,1.4122,1.3973,1.3824,1.3676,1.3527,1.3379,1.323,1.3081,1.2933,1.2784,1.2635,1.2487,1.2189,1.2041,1.1892,1.1743,1.1595,1.1446,1.1297,1.1149,0,0.0,False,False,False,False,False,False,False,False,False,False,False,False,False,False,False,False,False,False,False,False,False,False,False,False
AMZN,2006-09-11 04:00:00+00:00,1.5115000009536743,1.55649995803833,1.4859999418258667,1.5394999980926514,148076000,2006,9,37,Monday,1.5234,1.5255000591278076,0.92,-0.92,-2.59,0.92,2.59,1.5102,1.495,1.4797,1.4645,1.4492,1.434,1.4187,1.4035,1.3882,1.373,1.3577,1.3424,1.3272,1.3119,1.2967,1.2814,1.2509,1.2357,1.2204,1.2051,1.1899,1.1746,1.1594,1.1441,2,3.0052,True,True,False,False,False,False,False,False,False,False,False,False,False,False,False,False,False,False,False,False,False,False,False,False
AMZN,2006-09-12 04:00:00+00:00,1.5434999465942385,1.597000002861023,1.5264999866485596,1.5859999656677246,130548000,2006,9,37,Tuesday,1.5632,1.5394999980926514,3.02,0.26,-0.84,3.02,0.84,1.5241,1.5087,1.4933,1.4779,1.4625,1.4471,1.4317,1.4163,1.4009,1.3855,1.3702,1.3548,1.3394,1.324,1.3086,1.2932,1.2624,1.247,1.2316,1.2162,1.2008,1.1854,1.17,1.1546,0,0.0,False,False,False,False,False,False,False,False,False,False,False,False,False,False,False,False,False,False,False,False,False,False,False,False
AMZN,2006-09-13 04:00:00+00:00,1.58650004863739,1.5980000495910645,1.56850004196167,1.5835000276565552,87408000,2006,9,37,Wednesday,1.5841,1.5859999656677246,-0.16,0.03,-1.1,-0.16,1.1,1.5701,1.5543,1.5384,1.5226,1.5067,1.4908,1.475,1.4591,1.4433,1.4274,1.4115,1.3957,1.3798,1.364,1.3481,1.3322,1.3005,1.2847,1.2688,1.2529,1.2371,1.2212,1.2054,1.1895,1,1.5701,True,False,False,False,False,False,False,False,False,False,False,False,False,False,False,False,False,False,False,False,False,False,False,False
AMZN,2006-09-14 04:00:00+00:00,1.5770000219345093,1.593500018119812,1.559000015258789,1.5824999809265137,74114000,2006,9,37,Thursday,1.578,1.5835000276565552,-0.06,-0.41,-1.55,-0.06,1.55,1.5677,1.5518,1.536,1.5202,1.5043,1.4885,1.4727,1.4568,1.441,1.4252,1.4093,1.3935,1.3776,1.3618,1.346,1.3301,1.2985,1.2826,1.2668,1.251,1.2351,1.2193,1.2035,1.1876,1,1.5677,True,False,False,False,False,False,False,False,False,False,False,False,False,False,False,False,False,False,False,False,False,False,False,False
AMZN,2006-09-15 04:00:00+00:00,1.5950000286102295,1.6369999647140503,1.5789999961853027,1.6260000467300415,205474000,2006,9,37,Friday,1.6093,1.5824999809265137,2.75,0.79,-0.22,2.75,0.22,1.5667,1.5508,1.535,1.5192,1.5034,1.4875,1.4717,1.4559,1.4401,1.4242,1.4084,1.3926,1.3768,1.3609,1.3451,1.3293,1.2976,1.2818,1.266,1.2502,1.2343,1.2185,1.2027,1.1869,0,0.0,False,False,False,False,False,False,False,False,False,False,False,False,False,False,False,False,False,False,False,False,False,False,False,False
AMZN,2006-09-18 04:00:00+00:00,1.622499942779541,1.6334999799728394,1.593999981880188,1.6039999723434448,102462000,2006,9,38,Monday,1.6135,1.6260000467300415,-1.35,-0.22,-1.97,-1.35,1.97,1.6097,1.5935,1.5772,1.561,1.5447,1.5284,1.5122,1.4959,1.4797,1.4634,1.4471,1.4309,1.4146,1.3984,1.3821,1.3658,1.3333,1.3171,1.3008,1.2845,1.2683,1.252,1.2358,1.2195,1,1.6097,True,False,False,False,False,False,False,False,False,False,False,False,False,False,False,False,False,False,False,False,False,False,False,False
AMZN,2006-09-19 04:00:00+00:00,1.6119999885559082,1.6150000095367432,1.5410000085830688,1.5789999961853027,171440000,2006,9,38,Tuesday,1.5868,1.6039999723434448,-1.56,0.5,-3.93,-1.56,3.93,1.588,1.5719,1.5559,1.5398,1.5238,1.5078,1.4917,1.4757,1.4596,1.4436,1.4276,1.4115,1.3955,1.3794,1.3634,1.3474,1.3153,1.2992,1.2832,1.2672,1.2511,1.2351,1.219,1.203,3,4.7158,True,True,True,False,False,False,False,False,False,False,False,False,False,False,False,False,False,False,False,False,False,False,False,False
AMZN,2006-09-20 04:00:00+00:00,1.590499997138977,1.6404999494552612,1.590000033378601,1.6059999465942385,170978000,2006,9,38,Wednesday,1.6067,1.5789999961853027,1.71,0.73,0.7,1.71,-0.7,1.5632,1.5474,1.5316,1.5158,1.5,1.4843,1.4685,1.4527,1.4369,1.4211,1.4053,1.3895,1.3737,1.3579,1.3421,1.3264,1.2948,1.279,1.2632,1.2474,1.2316,1.2158,1.2,1.1842,0,0.0,False,False,False,False,False,False,False,False,False,False,False,False,False,False,False,False,False,False,False,False,False,False,False,False
AMZN,2006-09-21 04:00:00+00:00,1.6119999885559082,1.628000020980835,1.503499984741211,1.5110000371932983,311074000,2006,9,38,Thursday,1.5636,1.6059999465942385,-5.92,0.37,-6.38,-5.92,6.38,1.5899,1.5739,1.5578,1.5418,1.5257,1.5096,1.4936,1.4775,1.4615,1.4454,1.4293,1.4133,1.3972,1.3812,1.3651,1.349,1.3169,1.3009,1.2848,1.2687,1.2527,1.2366,1.2206,1.2045,6,9.2987,True,True,True,True,True,True,False,False,False,False,False,False,False,False,False,False,False,False,False,False,False,False,False,False
AMZN,2006-09-22 04:00:00+00:00,1.5110000371932983,1.5475000143051147,1.4950000047683716,1.5420000553131104,144980000,2006,9,38,Friday,1.5239,1.5110000371932983,2.05,0.0,-1.06,2.05,1.06,1.4959,1.4808,1.4657,1.4506,1.4355,1.4203,1.4052,1.3901,1.375,1.3599,1.3448,1.3297,1.3146,1.2995,1.2844,1.2692,1.239,1.2239,1.2088,1.1937,1.1786,1.1635,1.1484,1.1333,1,1.4959,True,False,False,False,False,False,False,False,False,False,False,False,False,False,False,False,False,False,False,False,False,False,False,False
AMZN,2006-09-25 04:00:00+00:00,1.5525000095367432,1.5985000133514404,1.5369999408721924,1.5894999504089355,132392000,2006,9,39,Monday,1.5694,1.5420000553131104,3.08,0.68,-0.32,3.08,0.32,1.5266,1.5112,1.4957,1.4803,1.4649,1.4495,1.4341,1.4186,1.4032,1.3878,1.3724,1.357,1.3415,1.3261,1.3107,1.2953,1.2644,1.249,1.2336,1.2182,1.2028,1.1873,1.1719,1.1565,0,0.0,False,False,False,False,False,False,False,False,False,False,False,False,False,False,False,False,False,False,False,False,False,False,False,False
AMZN,2006-09-26 04:00:00+00:00,1.594499945640564,1.6295000314712524,1.590000033378601,1.625,132022000,2006,9,39,Tuesday,1.6098,1.5894999504089355,2.23,0.31,0.03,2.23,-0.03,1.5736,1.5577,1.5418,1.5259,1.51,1.4941,1.4782,1.4623,1.4464,1.4305,1.4147,1.3988,1.3829,1.367,1.3511,1.3352,1.3034,1.2875,1.2716,1.2557,1.2398,1.2239,1.208,1.1921,0,0.0,False,False,False,False,False,False,False,False,False,False,False,False,False,False,False,False,False,False,False,False,False,False,False,False
AMZN,2006-09-27 04:00:00+00:00,1.6139999628067017,1.6230000257492063,1.596500039100647,1.6165000200271606,109396000,2006,9,39,Wednesday,1.6125,1.625,-0.52,-0.68,-1.75,-0.52,1.75,1.6087,1.5925,1.5762,1.56,1.5438,1.5275,1.5112,1.495,1.4788,1.4625,1.4462,1.43,1.4138,1.3975,1.3812,1.365,1.3325,1.3163,1.3,1.2838,1.2675,1.2512,1.235,1.2188,1,1.6087,True,False,False,False,False,False,False,False,False,False,False,False,False,False,False,False,False,False,False,False,False,False,False,False
AMZN,2006-09-28 04:00:00+00:00,1.6134999990463257,1.6165000200271606,1.5609999895095823,1.5920000076293943,149988000,2006,9,39,Thursday,1.5958,1.6165000200271606,-1.52,-0.19,-3.43,-1.52,3.43,1.6003,1.5842,1.568,1.5518,1.5357,1.5195,1.5033,1.4872,1.471,1.4549,1.4387,1.4225,1.4064,1.3902,1.374,1.3579,1.3255,1.3094,1.2932,1.277,1.2609,1.2447,1.2285,1.2124,3,4.7525,True,True,True,False,False,False,False,False,False,False,False,False,False,False,False,False,False,False,False,False,False,False,False,False
AMZN,2006-09-29 04:00:00+00:00,1.600499987602234,1.6169999837875366,1.5770000219345093,1.6059999465942385,104544000,2006,9,39,Friday,1.6001,1.5920000076293943,0.88,0.53,-0.94,0.88,0.94,1.5761,1.5602,1.5442,1.5283,1.5124,1.4965,1.4806,1.4646,1.4487,1.4328,1.4169,1.401,1.385,1.3691,1.3532,1.3373,1.3054,1.2895,1.2736,1.2577,1.2418,1.2258,1.2099,1.194,0,0.0,False,False,False,False,False,False,False,False,False,False,False,False,False,False,False,False,False,False,False,False,False,False,False,False
AMZN,2006-10-02 04:00:00+00:00,1.5989999771118164,1.6015000343322754,1.5414999723434448,1.5434999465942385,136300000,2006,10,40,Monday,1.5714,1.6059999465942385,-3.89,-0.44,-4.02,-3.89,4.02,1.5899,1.5739,1.5578,1.5418,1.5257,1.5096,1.4936,1.4775,1.4615,1.4454,1.4293,1.4133,1.3972,1.3812,1.3651,1.349,1.3169,1.3009,1.2848,1.2687,1.2527,1.2366,1.2206,1.2045,4,6.2634,True,True,True,True,False,False,False,False,False,False,False,False,False,False,False,False,False,False,False,False,False,False,False,False
AMZN,2006-10-03 04:00:00+00:00,1.5449999570846558,1.600000023841858,1.5290000438690186,1.5850000381469729,160680000,2006,10,40,Tuesday,1.5648,1.5434999465942385,2.69,0.1,-0.94,2.69,0.94,1.5281,1.5126,1.4972,1.4818,1.4663,1.4509,1.4355,1.42,1.4046,1.3891,1.3737,1.3583,1.3428,1.3274,1.312,1.2965,1.2657,1.2502,1.2348,1.2194,1.2039,1.1885,1.1731,1.1576,0,0.0,False,False,False,False,False,False,False,False,False,False,False,False,False,False,False,False,False,False,False,False,False,False,False,False
AMZN,2006-10-04 04:00:00+00:00,1.587499976158142,1.6414999961853027,1.565000057220459,1.6380000114440918,141296000,2006,10,40,Wednesday,1.608,1.5850000381469729,3.34,0.16,-1.26,3.34,1.26,1.5692,1.5533,1.5375,1.5216,1.5058,1.4899,1.4741,1.4582,1.4424,1.4265,1.4107,1.3948,1.379,1.3631,1.3473,1.3314,1.2997,1.2839,1.268,1.2522,1.2363,1.2205,1.2046,1.1888,1,1.5692,True,False,False,False,False,False,False,False,False,False,False,False,False,False,False,False,False,False,False,False,False,False,False,False
AMZN,2006-10-05 04:00:00+00:00,1.633999943733215,1.6699999570846558,1.6200000047683716,1.6660000085830688,169118000,2006,10,40,Thursday,1.6475,1.6380000114440918,1.71,-0.24,-1.1,1.71,1.1,1.6216,1.6052,1.5889,1.5725,1.5561,1.5397,1.5233,1.507,1.4906,1.4742,1.4578,1.4414,1.4251,1.4087,1.3923,1.3759,1.3432,1.3268,1.3104,1.294,1.2776,1.2613,1.2449,1.2285,1,1.6216,True,False,False,False,False,False,False,False,False,False,False,False,False,False,False,False,False,False,False,False,False,False,False,False
AMZN,2006-10-06 04:00:00+00:00,1.6575000286102295,1.6610000133514404,1.625,1.6295000314712524,84384000,2006,10,40,Friday,1.6433,1.6660000085830688,-2.19,-0.51,-2.46,-2.19,2.46,1.6493,1.6327,1.616,1.5994,1.5827,1.566,1.5494,1.5327,1.5161,1.4994,1.4827,1.4661,1.4494,1.4328,1.4161,1.3994,1.3661,1.3495,1.3328,1.3161,1.2995,1.2828,1.2662,1.2495,2,3.282,True,True,False,False,False,False,False,False,False,False,False,False,False,False,False,False,False,False,False,False,False,False,False,False
AMZN,2006-10-09 04:00:00+00:00,1.624500036239624,1.6740000247955322,1.622499942779541,1.6690000295639038,105784000,2006,10,41,Monday,1.6475,1.6295000314712524,2.42,-0.31,-0.43,2.42,0.43,1.6132,1.5969,1.5806,1.5643,1.548,1.5317,1.5154,1.4991,1.4828,1.4666,1.4503,1.434,1.4177,1.4014,1.3851,1.3688,1.3362,1.3199,1.3036,1.2873,1.271,1.2547,1.2384,1.2221,0,0.0,False,False,False,False,False,False,False,False,False,False,False,False,False,False,False,False,False,False,False,False,False,False,False,False
AMZN,2006-10-10 04:00:00+00:00,1.66349995136261,1.6790000200271606,1.624500036239624,1.63100004196167,126668000,2006,10,41,Tuesday,1.6495,1.6690000295639038,-2.28,-0.33,-2.67,-2.28,2.67,1.6523,1.6356,1.6189,1.6022,1.5856,1.5689,1.5522,1.5355,1.5188,1.5021,1.4854,1.4687,1.452,1.4353,1.4187,1.402,1.3686,1.3519,1.3352,1.3185,1.3018,1.2851,1.2684,1.2518,2,3.2879,True,True,False,False,False,False,False,False,False,False,False,False,False,False,False,False,False,False,False,False,False,False,False,False
AMZN,2006-10-11 04:00:00+00:00,1.6304999589920044,1.6575000286102295,1.6134999990463257,1.6454999446868896,134570000,2006,10,41,Wednesday,1.6367,1.63100004196167,0.89,-0.03,-1.07,0.89,1.07,1.6147,1.5984,1.5821,1.5658,1.5495,1.5331,1.5168,1.5005,1.4842,1.4679,1.4516,1.4353,1.419,1.4027,1.3864,1.37,1.3374,1.3211,1.3048,1.2885,1.2722,1.2559,1.2396,1.2233,1,1.6147,True,False,False,False,False,False,False,False,False,False,False,False,False,False,False,False,False,False,False,False,False,False,False,False
AMZN,2006-10-12 04:00:00+00:00,1.6549999713897705,1.6855000257492063,1.631500005722046,1.6775000095367432,119794000,2006,10,41,Thursday,1.6624,1.6454999446868896,1.94,0.58,-0.85,1.94,0.85,1.629,1.6126,1.5961,1.5797,1.5632,1.5468,1.5303,1.5139,1.4974,1.4809,1.4645,1.448,1.4316,1.4151,1.3987,1.3822,1.3493,1.3329,1.3164,1.2999,1.2835,1.267,1.2506,1.2341,0,0.0,False,False,False,False,False,False,False,False,False,False,False,False,False,False,False,False,False,False,False,False,False,False,False,False
AMZN,2006-10-13 04:00:00+00:00,1.6675000190734863,1.6790000200271606,1.6540000438690186,1.6660000085830688,81346000,2006,10,41,Friday,1.6666,1.6775000095367432,-0.69,-0.6,-1.4,-0.69,1.4,1.6607,1.644,1.6272,1.6104,1.5936,1.5769,1.5601,1.5433,1.5265,1.5098,1.493,1.4762,1.4594,1.4427,1.4259,1.4091,1.3756,1.3588,1.342,1.3252,1.3085,1.2917,1.2749,1.2581,1,1.6607,True,False,False,False,False,False,False,False,False,False,False,False,False,False,False,False,False,False,False,False,False,False,False,False
AMZN,2006-10-16 04:00:00+00:00,1.6425000429153442,1.659999966621399,1.627500057220459,1.6299999952316284,135388000,2006,10,42,Monday,1.64,1.6660000085830688,-2.16,-1.41,-2.31,-2.16,2.31,1.6493,1.6327,1.616,1.5994,1.5827,1.566,1.5494,1.5327,1.5161,1.4994,1.4827,1.4661,1.4494,1.4328,1.4161,1.3994,1.3661,1.3495,1.3328,1.3161,1.2995,1.2828,1.2662,1.2495,2,3.282,True,True,False,False,False,False,False,False,False,False,False,False,False,False,False,False,False,False,False,False,False,False,False,False
AMZN,2006-10-17 04:00:00+00:00,1.6100000143051147,1.6304999589920044,1.587499976158142,1.6234999895095823,132714000,2006,10,42,Tuesday,1.6129,1.6299999952316284,-0.4,-1.23,-2.61,-0.4,2.61,1.6137,1.5974,1.5811,1.5648,1.5485,1.5322,1.5159,1.4996,1.4833,1.467,1.4507,1.4344,1.4181,1.4018,1.3855,1.3692,1.3366,1.3203,1.304,1.2877,1.2714,1.2551,1.2388,1.2225,2,3.2111,True,True,False,False,False,False,False,False,False,False,False,False,False,False,False,False,False,False,False,False,False,False,False,False
AMZN,2006-10-18 04:00:00+00:00,1.628499984741211,1.6390000581741333,1.600000023841858,1.6154999732971191,106986000,2006,10,42,Wednesday,1.6208,1.6234999895095823,-0.49,0.31,-1.45,-0.49,1.45,1.6073,1.591,1.5748,1.5586,1.5423,1.5261,1.5099,1.4936,1.4774,1.4611,1.4449,1.4287,1.4124,1.3962,1.38,1.3637,1.3313,1.315,1.2988,1.2826,1.2663,1.2501,1.2339,1.2176,1,1.6073,True,False,False,False,False,False,False,False,False,False,False,False,False,False,False,False,False,False,False,False,False,False,False,False
AMZN,2006-10-19 04:00:00+00:00,1.6085000038146973,1.6419999599456787,1.6050000190734863,1.6269999742507937,80752000,2006,10,42,Thursday,1.6206,1.6154999732971191,0.71,-0.43,-0.65,0.71,0.65,1.5993,1.5832,1.567,1.5509,1.5347,1.5186,1.5024,1.4863,1.4701,1.4539,1.4378,1.4216,1.4055,1.3893,1.3732,1.357,1.3247,1.3086,1.2924,1.2762,1.2601,1.2439,1.2278,1.2116,0,0.0,False,False,False,False,False,False,False,False,False,False,False,False,False,False,False,False,False,False,False,False,False,False,False,False
AMZN,2006-10-20 04:00:00+00:00,1.6345000267028809,1.6345000267028809,1.6104999780654907,1.628499984741211,116788000,2006,10,42,Friday,1.627,1.6269999742507937,0.09,0.46,-1.01,0.09,1.01,1.6107,1.5945,1.5782,1.5619,1.5456,1.5294,1.5131,1.4968,1.4806,1.4643,1.448,1.4318,1.4155,1.3992,1.3829,1.3667,1.3341,1.3179,1.3016,1.2853,1.2691,1.2528,1.2365,1.2202,1,1.6107,True,False,False,False,False,False,False,False,False,False,False,False,False,False,False,False,False,False,False,False,False,False,False,False
AMZN,2006-10-23 04:00:00+00:00,1.6234999895095823,1.6454999446868896,1.6069999933242798,1.6440000534057615,161186000,2006,10,43,Monday,1.63,1.628499984741211,0.95,-0.31,-1.32,0.95,1.32,1.6122,1.5959,1.5796,1.5634,1.5471,1.5308,1.5145,1.4982,1.4819,1.4656,1.4494,1.4331,1.4168,1.4005,1.3842,1.3679,1.3354,1.3191,1.3028,1.2865,1.2702,1.2539,1.2377,1.2214,1,1.6122,True,False,False,False,False,False,False,False,False,False,False,False,False,False,False,False,False,False,False,False,False,False,False,False
AMZN,2006-10-24 04:00:00+00:00,1.6434999704360962,1.899999976158142,1.6430000066757202,1.68149995803833,463106000,2006,10,43,Tuesday,1.717,1.6440000534057615,2.28,-0.03,-0.06,2.28,0.06,1.6276,1.6111,1.5947,1.5782,1.5618,1.5454,1.5289,1.5125,1.496,1.4796,1.4632,1.4467,1.4303,1.4138,1.3974,1.381,1.3481,1.3316,1.3152,1.2988,1.2823,1.2659,1.2494,1.233,0,0.0,False,False,False,False,False,False,False,False,False,False,False,False,False,False,False,False,False,False,False,False,False,False,False,False
AMZN,2006-10-25 04:00:00+00:00,1.8650000095367432,1.89900004863739,1.8020000457763672,1.883999943733216,930450000,2006,10,43,Wednesday,1.8625,1.68149995803833,12.04,10.91,7.17,12.04,-7.17,1.6647,1.6479,1.6311,1.6142,1.5974,1.5806,1.5638,1.547,1.5302,1.5133,1.4965,1.4797,1.4629,1.4461,1.4293,1.4125,1.3788,1.362,1.3452,1.3284,1.3116,1.2948,1.2779,1.2611,0,0.0,False,False,False,False,False,False,False,False,False,False,False,False,False,False,False,False,False,False,False,False,False,False,False,False
AMZN,2006-10-26 04:00:00+00:00,1.862499952316284,1.924499988555908,1.8589999675750728,1.914999961853028,341466000,2006,10,43,Thursday,1.8902,1.883999943733216,1.65,-1.14,-1.33,1.65,1.33,1.8652,1.8463,1.8275,1.8086,1.7898,1.771,1.7521,1.7333,1.7144,1.6956,1.6768,1.6579,1.6391,1.6202,1.6014,1.5826,1.5449,1.526,1.5072,1.4884,1.4695,1.4507,1.4318,1.413,1,1.8652,True,False,False,False,False,False,False,False,False,False,False,False,False,False,False,False,False,False,False,False,False,False,False,False
AMZN,2006-10-27 04:00:00+00:00,1.9075000286102293,1.919000029563904,1.883000016212464,1.9119999408721924,199068000,2006,10,43,Friday,1.9054,1.914999961853028,-0.16,-0.39,-1.67,-0.16,1.67,1.8958,1.8767,1.8575,1.8384,1.8192,1.8001,1.7809,1.7618,1.7426,1.7235,1.7043,1.6852,1.666,1.6469,1.6277,1.6086,1.5703,1.5511,1.532,1.5128,1.4937,1.4745,1.4554,1.4362,1,1.8958,True,False,False,False,False,False,False,False,False,False,False,False,False,False,False,False,False,False,False,False,False,False,False,False
AMZN,2006-10-30 05:00:00+00:00,1.902500033378601,1.9170000553131104,1.883999943733216,1.9075000286102293,137648000,2006,10,44,Monday,1.9028,1.9119999408721924,-0.24,-0.5,-1.46,-0.24,1.46,1.8929,1.8738,1.8546,1.8355,1.8164,1.7973,1.7782,1.759,1.7399,1.7208,1.7017,1.6826,1.6634,1.6443,1.6252,1.6061,1.5678,1.5487,1.5296,1.5105,1.4914,1.4722,1.4531,1.434,1,1.8929,True,False,False,False,False,False,False,False,False,False,False,False,False,False,False,False,False,False,False,False,False,False,False,False
AMZN,2006-10-31 05:00:00+00:00,1.9110000133514404,1.9294999837875368,1.8899999856948853,1.9045000076293943,124208000,2006,10,44,Tuesday,1.9087,1.9075000286102293,-0.16,0.18,-0.92,-0.16,0.92,1.8884,1.8694,1.8503,1.8312,1.8121,1.7931,1.774,1.7549,1.7358,1.7168,1.6977,1.6786,1.6595,1.6405,1.6214,1.6023,1.5642,1.5451,1.526,1.5069,1.4879,1.4688,1.4497,1.4306,0,0.0,False,False,False,False,False,False,False,False,False,False,False,False,False,False,False,False,False,False,False,False,False,False,False,False
AMZN,2006-11-01 05:00:00+00:00,1.906499981880188,1.909999966621399,1.8730000257492063,1.878000020980835,133378000,2006,11,44,Wednesday,1.8919,1.9045000076293943,-1.39,0.11,-1.65,-1.39,1.65,1.8855,1.8664,1.8474,1.8283,1.8093,1.7902,1.7712,1.7521,1.7331,1.7141,1.695,1.676,1.6569,1.6379,1.6188,1.5998,1.5617,1.5426,1.5236,1.5046,1.4855,1.4665,1.4474,1.4284,1,1.8855,True,False,False,False,False,False,False,False,False,False,False,False,False,False,False,False,False,False,False,False,False,False,False,False
AMZN,2006-11-02 05:00:00+00:00,1.8665000200271609,1.888499975204468,1.8554999828338623,1.872499942779541,108946000,2006,11,44,Thursday,1.8707,1.878000020980835,-0.29,-0.61,-1.2,-0.29,1.2,1.8592,1.8404,1.8217,1.8029,1.7841,1.7653,1.7465,1.7278,1.709,1.6902,1.6714,1.6526,1.6339,1.6151,1.5963,1.5775,1.54,1.5212,1.5024,1.4836,1.4648,1.4461,1.4273,1.4085,1,1.8592,True,False,False,False,False,False,False,False,False,False,False,False,False,False,False,False,False,False,False,False,False,False,False,False
AMZN,2006-11-03 05:00:00+00:00,1.8804999589920044,1.8854999542236328,1.843500018119812,1.8730000257492063,102482000,2006,11,44,Friday,1.8706,1.872499942779541,0.03,0.43,-1.55,0.03,1.55,1.8538,1.835,1.8163,1.7976,1.7789,1.7601,1.7414,1.7227,1.704,1.6852,1.6665,1.6478,1.6291,1.6103,1.5916,1.5729,1.5354,1.5167,1.498,1.4793,1.4605,1.4418,1.4231,1.4044,1,1.8538,True,False,False,False,False,False,False,False,False,False,False,False,False,False,False,False,False,False,False,False,False,False,False,False
AMZN,2006-11-06 05:00:00+00:00,1.8819999694824217,1.9175000190734863,1.8765000104904173,1.9105000495910645,90818000,2006,11,45,Monday,1.8966,1.8730000257492063,2.0,0.48,0.19,2.0,-0.19,1.8543,1.8355,1.8168,1.7981,1.7794,1.7606,1.7419,1.7232,1.7044,1.6857,1.667,1.6482,1.6295,1.6108,1.5921,1.5733,1.5359,1.5171,1.4984,1.4797,1.4609,1.4422,1.4235,1.4048,0,0.0,False,False,False,False,False,False,False,False,False,False,False,False,False,False,False,False,False,False,False,False,False,False,False,False
AMZN,2006-11-07 05:00:00+00:00,1.909999966621399,1.950000047683716,1.9019999504089355,1.9385000467300413,154902000,2006,11,45,Tuesday,1.9251,1.9105000495910645,1.47,-0.03,-0.44,1.47,0.44,1.8914,1.8723,1.8532,1.8341,1.815,1.7959,1.7768,1.7577,1.7386,1.7195,1.7003,1.6812,1.6621,1.643,1.6239,1.6048,1.5666,1.5475,1.5284,1.5093,1.4902,1.4711,1.452,1.4329,0,0.0,False,False,False,False,False,False,False,False,False,False,False,False,False,False,False,False,False,False,False,False,False,False,False,False
AMZN,2006-11-08 05:00:00+00:00,1.9290000200271609,1.9739999771118164,1.9229999780654907,1.9735000133514404,163198000,2006,11,45,Wednesday,1.9499,1.9385000467300413,1.81,-0.49,-0.8,1.81,0.8,1.9191,1.8997,1.8803,1.861,1.8416,1.8222,1.8028,1.7834,1.764,1.7447,1.7253,1.7059,1.6865,1.6671,1.6477,1.6283,1.5896,1.5702,1.5508,1.5314,1.512,1.4926,1.4733,1.4539,0,0.0,False,False,False,False,False,False,False,False,False,False,False,False,False,False,False,False,False,False,False,False,False,False,False,False
AMZN,2006-11-09 05:00:00+00:00,1.975000023841858,1.9884999990463257,1.940500020980835,1.9420000314712524,116142000,2006,11,45,Thursday,1.9615,1.9735000133514404,-1.6,0.08,-1.67,-1.6,1.67,1.9538,1.934,1.9143,1.8946,1.8748,1.8551,1.8354,1.8156,1.7959,1.7762,1.7564,1.7367,1.7169,1.6972,1.6775,1.6577,1.6183,1.5985,1.5788,1.5591,1.5393,1.5196,1.4999,1.4801,1,1.9538,True,False,False,False,False,False,False,False,False,False,False,False,False,False,False,False,False,False,False,False,False,False,False,False
AMZN,2006-11-10 05:00:00+00:00,1.9394999742507928,1.968000054359436,1.937999963760376,1.963000059127808,89902000,2006,11,45,Friday,1.9521,1.9420000314712524,1.08,-0.13,-0.21,1.08,0.21,1.9226,1.9032,1.8837,1.8643,1.8449,1.8255,1.8061,1.7866,1.7672,1.7478,1.7284,1.709,1.6895,1.6701,1.6507,1.6313,1.5924,1.573,1.5536,1.5342,1.5148,1.4953,1.4759,1.4565,0,0.0,False,False,False,False,False,False,False,False,False,False,False,False,False,False,False,False,False,False,False,False,False,False,False,False
AMZN,2006-11-13 05:00:00+00:00,1.96150004863739,2.0,1.9565000534057613,1.999500036239624,138886000,2006,11,46,Monday,1.9794,1.963000059127808,1.86,-0.08,-0.33,1.86,0.33,1.9434,1.9237,1.9041,1.8845,1.8649,1.8452,1.8256,1.806,1.7863,1.7667,1.7471,1.7274,1.7078,1.6882,1.6686,1.6489,1.6097,1.59,1.5704,1.5508,1.5311,1.5115,1.4919,1.4723,0,0.0,False,False,False,False,False,False,False,False,False,False,False,False,False,False,False,False,False,False,False,False,False,False,False,False
AMZN,2006-11-14 05:00:00+00:00,2.005500078201294,2.0834999084472656,1.9809999465942385,2.075500011444092,219026000,2006,11,46,Tuesday,2.0364,1.999500036239624,3.8,0.3,-0.93,3.8,0.93,1.9795,1.9595,1.9395,1.9195,1.8995,1.8795,1.8595,1.8395,1.8195,1.7996,1.7796,1.7596,1.7396,1.7196,1.6996,1.6796,1.6396,1.6196,1.5996,1.5796,1.5596,1.5396,1.5196,1.4996,0,0.0,False,False,False,False,False,False,False,False,False,False,False,False,False,False,False,False,False,False,False,False,False,False,False,False
AMZN,2006-11-15 05:00:00+00:00,2.075000047683716,2.1549999713897705,2.075000047683716,2.130000114440918,271134000,2006,11,46,Wednesday,2.1088,2.075500011444092,2.63,-0.02,-0.02,2.63,0.02,2.0547,2.034,2.0132,1.9925,1.9717,1.951,1.9302,1.9095,1.8887,1.868,1.8472,1.8264,1.8057,1.7849,1.7642,1.7434,1.7019,1.6812,1.6604,1.6396,1.6189,1.5981,1.5774,1.5566,0,0.0,False,False,False,False,False,False,False,False,False,False,False,False,False,False,False,False,False,False,False,False,False,False,False,False
AMZN,2006-11-16 05:00:00+00:00,2.122499942779541,2.1475000381469727,2.119999885559082,2.1419999599456787,220016000,2006,11,46,Thursday,2.133,2.130000114440918,0.56,-0.35,-0.47,0.56,0.47,2.1087,2.0874,2.0661,2.0448,2.0235,2.0022,1.9809,1.9596,1.9383,1.917,1.8957,1.8744,1.8531,1.8318,1.8105,1.7892,1.7466,1.7253,1.704,1.6827,1.6614,1.6401,1.6188,1.5975,0,0.0,False,False,False,False,False,False,False,False,False,False,False,False,False,False,False,False,False,False,False,False,False,False,False,False
AMZN,2006-11-17 05:00:00+00:00,2.127500057220459,2.133500099182129,2.111000061035156,2.127500057220459,130604000,2006,11,46,Friday,2.1249,2.1419999599456787,-0.68,-0.68,-1.45,-0.68,1.45,2.1206,2.0992,2.0777,2.0563,2.0349,2.0135,1.9921,1.9706,1.9492,1.9278,1.9064,1.885,1.8635,1.8421,1.8207,1.7993,1.7564,1.735,1.7136,1.6922,1.6708,1.6493,1.6279,1.6065,1,2.1206,True,False,False,False,False,False,False,False,False,False,False,False,False,False,False,False,False,False,False,False,False,False,False,False
AMZN,2006-11-20 05:00:00+00:00,2.117500066757202,2.127500057220459,2.0969998836517334,2.121999979019165,115928000,2006,11,47,Monday,2.116,2.127500057220459,-0.26,-0.47,-1.43,-0.26,1.43,2.1062,2.085,2.0637,2.0424,2.0211,1.9999,1.9786,1.9573,1.936,1.9148,1.8935,1.8722,1.8509,1.8297,1.8084,1.7871,1.7446,1.7233,1.702,1.6807,1.6595,1.6382,1.6169,1.5956,1,2.1062,True,False,False,False,False,False,False,False,False,False,False,False,False,False,False,False,False,False,False,False,False,False,False,False
AMZN,2006-11-21 05:00:00+00:00,2.127500057220459,2.1624999046325684,2.1059999465942383,2.127000093460083,139688000,2006,11,47,Tuesday,2.1308,2.121999979019165,0.24,0.26,-0.75,0.24,0.75,2.1008,2.0796,2.0583,2.0371,2.0159,1.9947,1.9735,1.9522,1.931,1.9098,1.8886,1.8674,1.8461,1.8249,1.8037,1.7825,1.74,1.7188,1.6976,1.6764,1.6552,1.6339,1.6127,1.5915,0,0.0,False,False,False,False,False,False,False,False,False,False,False,False,False,False,False,False,False,False,False,False,False,False,False,False
AMZN,2006-11-22 05:00:00+00:00,2.125,2.1489999294281006,2.108999967575073,2.1480000019073486,90712000,2006,11,47,Wednesday,2.1327,2.127000093460083,0.99,-0.09,-0.85,0.99,0.85,2.1057,2.0845,2.0632,2.0419,2.0207,1.9994,1.9781,1.9568,1.9356,1.9143,1.893,1.8718,1.8505,1.8292,1.808,1.7867,1.7441,1.7229,1.7016,1.6803,1.6591,1.6378,1.6165,1.5953,0,0.0,False,False,False,False,False,False,False,False,False,False,False,False,False,False,False,False,False,False,False,False,False,False,False,False
AMZN,2006-11-24 05:00:00+00:00,2.128000020980835,2.1470000743865967,2.115499973297119,2.120500087738037,44826000,2006,11,47,Friday,2.1278,2.1480000019073486,-1.28,-0.93,-1.51,-1.28,1.51,2.1265,2.105,2.0836,2.0621,2.0406,2.0191,1.9976,1.9762,1.9547,1.9332,1.9117,1.8902,1.8688,1.8473,1.8258,1.8043,1.7614,1.7399,1.7184,1.6969,1.6754,1.654,1.6325,1.611,1,2.1265,True,False,False,False,False,False,False,False,False,False,False,False,False,False,False,False,False,False,False,False,False,False,False,False
AMZN,2006-11-27 05:00:00+00:00,2.108999967575073,2.140000104904175,2.0360000133514404,2.0425000190734863,179456000,2006,11,48,Monday,2.0819,2.120500087738037,-3.68,-0.54,-3.98,-3.68,3.98,2.0993,2.0781,2.0569,2.0357,2.0145,1.9933,1.9721,1.9509,1.9297,1.9085,1.8872,1.866,1.8448,1.8236,1.8024,1.7812,1.7388,1.7176,1.6964,1.6752,1.654,1.6328,1.6116,1.5904,3,6.2343,True,True,True,False,False,False,False,False,False,False,False,False,False,False,False,False,False,False,False,False,False,False,False,False
AMZN,2006-11-28 05:00:00+00:00,2.0374999046325684,2.053499937057495,2.015000104904175,2.0460000038146973,141986000,2006,11,48,Tuesday,2.038,2.0425000190734863,0.17,-0.24,-1.35,0.17,1.35,2.0221,2.0017,1.9812,1.9608,1.9404,1.92,1.8995,1.8791,1.8587,1.8383,1.8178,1.7974,1.777,1.7566,1.7361,1.7157,1.6749,1.6544,1.634,1.6136,1.5932,1.5727,1.5523,1.5319,1,2.0221,True,False,False,False,False,False,False,False,False,False,False,False,False,False,False,False,False,False,False,False,False,False,False,False
AMZN,2006-11-29 05:00:00+00:00,2.0239999294281006,2.055000066757202,2.0,2.031500101089477,157092000,2006,11,48,Wednesday,2.0276,2.0460000038146973,-0.71,-1.08,-2.25,-0.71,2.25,2.0255,2.0051,1.9846,1.9642,1.9437,1.9232,1.9028,1.8823,1.8619,1.8414,1.8209,1.8005,1.78,1.7596,1.7391,1.7186,1.6777,1.6573,1.6368,1.6163,1.5959,1.5754,1.555,1.5345,2,4.0306,True,True,False,False,False,False,False,False,False,False,False,False,False,False,False,False,False,False,False,False,False,False,False,False
AMZN,2006-11-30 05:00:00+00:00,2.0209999084472656,2.032000064849853,1.9924999475479128,2.0169999599456787,126926000,2006,11,48,Thursday,2.0156,2.031500101089477,-0.71,-0.52,-1.92,-0.71,1.92,2.0112,1.9909,1.9706,1.9502,1.9299,1.9096,1.8893,1.869,1.8487,1.8284,1.808,1.7877,1.7674,1.7471,1.7268,1.7065,1.6658,1.6455,1.6252,1.6049,1.5846,1.5643,1.5439,1.5236,1,2.0112,True,False,False,False,False,False,False,False,False,False,False,False,False,False,False,False,False,False,False,False,False,False,False,False
AMZN,2006-12-01 05:00:00+00:00,2.013000011444092,2.0269999504089355,1.9544999599456787,1.9704999923706048,166122000,2006,12,48,Friday,1.9912,2.0169999599456787,-2.31,-0.2,-3.1,-2.31,3.1,1.9968,1.9767,1.9565,1.9363,1.9161,1.896,1.8758,1.8556,1.8355,1.8153,1.7951,1.775,1.7548,1.7346,1.7144,1.6943,1.6539,1.6338,1.6136,1.5934,1.5733,1.5531,1.5329,1.5127,3,5.93,True,True,True,False,False,False,False,False,False,False,False,False,False,False,False,False,False,False,False,False,False,False,False,False
AMZN,2006-12-04 05:00:00+00:00,1.965499997138977,1.9739999771118164,1.94350004196167,1.955000042915344,194414000,2006,12,49,Monday,1.9595,1.9704999923706048,-0.79,-0.25,-1.37,-0.79,1.37,1.9508,1.9311,1.9114,1.8917,1.872,1.8523,1.8326,1.8129,1.7932,1.7734,1.7537,1.734,1.7143,1.6946,1.6749,1.6552,1.6158,1.5961,1.5764,1.5567,1.537,1.5173,1.4976,1.4779,1,1.9508,True,False,False,False,False,False,False,False,False,False,False,False,False,False,False,False,False,False,False,False,False,False,False,False
AMZN,2006-12-05 05:00:00+00:00,1.9565000534057613,1.965000033378601,1.9359999895095823,1.9490000009536743,114754000,2006,12,49,Tuesday,1.9516,1.955000042915344,-0.31,0.08,-0.97,-0.31,0.97,1.9355,1.9159,1.8964,1.8768,1.8573,1.8377,1.8182,1.7986,1.7791,1.7595,1.74,1.7204,1.7009,1.6813,1.6618,1.6422,1.6031,1.5836,1.564,1.5445,1.5249,1.5054,1.4858,1.4663,0,0.0,False,False,False,False,False,False,False,False,False,False,False,False,False,False,False,False,False,False,False,False,False,False,False,False
AMZN,2006-12-06 05:00:00+00:00,1.9385000467300413,1.9789999723434448,1.932000041007996,1.945000052452088,115538000,2006,12,49,Wednesday,1.9486,1.9490000009536743,-0.21,-0.54,-0.87,-0.21,0.87,1.9295,1.91,1.8905,1.871,1.8516,1.8321,1.8126,1.7931,1.7736,1.7541,1.7346,1.7151,1.6956,1.6761,1.6567,1.6372,1.5982,1.5787,1.5592,1.5397,1.5202,1.5007,1.4812,1.4618,0,0.0,False,False,False,False,False,False,False,False,False,False,False,False,False,False,False,False,False,False,False,False,False,False,False,False
AMZN,2006-12-07 05:00:00+00:00,1.946499943733216,1.9544999599456787,1.902500033378601,1.906000018119812,132430000,2006,12,49,Thursday,1.9274,1.945000052452088,-2.01,0.08,-2.19,-2.01,2.19,1.9256,1.9061,1.8867,1.8672,1.8478,1.8283,1.8089,1.7894,1.77,1.7505,1.7311,1.7116,1.6922,1.6727,1.6533,1.6338,1.5949,1.5755,1.556,1.5366,1.5171,1.4977,1.4782,1.4588,2,3.8317,True,True,False,False,False,False,False,False,False,False,False,False,False,False,False,False,False,False,False,False,False,False,False,False
AMZN,2006-12-08 05:00:00+00:00,1.8960000276565552,1.9474999904632568,1.8849999904632568,1.9229999780654907,102794000,2006,12,49,Friday,1.9129,1.906000018119812,0.89,-0.52,-1.1,0.89,1.1,1.8869,1.8679,1.8488,1.8298,1.8107,1.7916,1.7726,1.7535,1.7345,1.7154,1.6963,1.6773,1.6582,1.6392,1.6201,1.601,1.5629,1.5439,1.5248,1.5057,1.4867,1.4676,1.4486,1.4295,1,1.8869,True,False,False,False,False,False,False,False,False,False,False,False,False,False,False,False,False,False,False,False,False,False,False,False
AMZN,2006-12-11 05:00:00+00:00,1.9110000133514404,1.9574999809265137,1.9040000438690183,1.934499979019165,96972000,2006,12,50,Monday,1.9268,1.9229999780654907,0.6,-0.62,-0.99,0.6,0.99,1.9038,1.8845,1.8653,1.8461,1.8268,1.8076,1.7884,1.7692,1.7499,1.7307,1.7115,1.6922,1.673,1.6538,1.6345,1.6153,1.5769,1.5576,1.5384,1.5192,1.4999,1.4807,1.4615,1.4422,0,0.0,False,False,False,False,False,False,False,False,False,False,False,False,False,False,False,False,False,False,False,False,False,False,False,False
AMZN,2006-12-12 05:00:00+00:00,1.9220000505447388,1.9470000267028809,1.9075000286102293,1.9229999780654907,101664000,2006,12,50,Tuesday,1.9249,1.934499979019165,-0.59,-0.65,-1.4,-0.59,1.4,1.9152,1.8958,1.8765,1.8571,1.8378,1.8184,1.7991,1.7797,1.7604,1.741,1.7217,1.7024,1.683,1.6637,1.6443,1.625,1.5863,1.5669,1.5476,1.5283,1.5089,1.4896,1.4702,1.4509,1,1.9152,True,False,False,False,False,False,False,False,False,False,False,False,False,False,False,False,False,False,False,False,False,False,False,False
AMZN,2006-12-13 05:00:00+00:00,1.930500030517578,1.9594999551773071,1.909500002861023,1.924999952316284,93556000,2006,12,50,Wednesday,1.9311,1.9229999780654907,0.1,0.39,-0.7,0.1,0.7,1.9038,1.8845,1.8653,1.8461,1.8268,1.8076,1.7884,1.7692,1.7499,1.7307,1.7115,1.6922,1.673,1.6538,1.6345,1.6153,1.5769,1.5576,1.5384,1.5192,1.4999,1.4807,1.4615,1.4422,0,0.0,False,False,False,False,False,False,False,False,False,False,False,False,False,False,False,False,False,False,False,False,False,False,False,False
AMZN,2006-12-14 05:00:00+00:00,1.937000036239624,1.976999998092652,1.9299999475479128,1.950999975204468,125922000,2006,12,50,Thursday,1.9487,1.924999952316284,1.35,0.62,0.26,1.35,-0.26,1.9057,1.8865,1.8672,1.848,1.8287,1.8095,1.7902,1.771,1.7517,1.7325,1.7132,1.694,1.6747,1.6555,1.6362,1.617,1.5785,1.5592,1.54,1.5207,1.5015,1.4822,1.463,1.4437,0,0.0,False,False,False,False,False,False,False,False,False,False,False,False,False,False,False,False,False,False,False,False,False,False,False,False
AMZN,2006-12-15 05:00:00+00:00,1.968999981880188,2.009500026702881,1.96150004863739,2.000499963760376,163070000,2006,12,50,Friday,1.9851,1.950999975204468,2.54,0.92,0.54,2.54,-0.54,1.9315,1.912,1.8925,1.873,1.8534,1.8339,1.8144,1.7949,1.7754,1.7559,1.7364,1.7169,1.6974,1.6779,1.6583,1.6388,1.5998,1.5803,1.5608,1.5413,1.5218,1.5023,1.4828,1.4632,0,0.0,False,False,False,False,False,False,False,False,False,False,False,False,False,False,False,False,False,False,False,False,False,False,False,False
AMZN,2006-12-18 05:00:00+00:00,2.009999990463257,2.032000064849853,1.9429999589920044,1.963000059127808,129734000,2006,12,51,Monday,1.987,2.000499963760376,-1.87,0.47,-2.87,-1.87,2.87,1.9805,1.9605,1.9405,1.9205,1.9005,1.8805,1.8605,1.8405,1.8205,1.8004,1.7804,1.7604,1.7404,1.7204,1.7004,1.6804,1.6404,1.6204,1.6004,1.5804,1.5604,1.5404,1.5204,1.5004,2,3.941,True,True,False,False,False,False,False,False,False,False,False,False,False,False,False,False,False,False,False,False,False,False,False,False
AMZN,2006-12-19 05:00:00+00:00,1.9390000104904173,1.9859999418258667,1.9114999771118164,1.9709999561309808,150400000,2006,12,51,Tuesday,1.9519,1.963000059127808,0.41,-1.22,-2.62,0.41,2.62,1.9434,1.9237,1.9041,1.8845,1.8649,1.8452,1.8256,1.806,1.7863,1.7667,1.7471,1.7274,1.7078,1.6882,1.6686,1.6489,1.6097,1.59,1.5704,1.5508,1.5311,1.5115,1.4919,1.4723,2,3.8671,True,True,False,False,False,False,False,False,False,False,False,False,False,False,False,False,False,False,False,False,False,False,False,False
AMZN,2006-12-20 05:00:00+00:00,1.971500039100647,2.015000104904175,1.969499945640564,2.000499963760376,155686000,2006,12,51,Wednesday,1.9891,1.9709999561309808,1.5,0.03,-0.08,1.5,0.08,1.9513,1.9316,1.9119,1.8922,1.8724,1.8527,1.833,1.8133,1.7936,1.7739,1.7542,1.7345,1.7148,1.6951,1.6753,1.6556,1.6162,1.5965,1.5768,1.5571,1.5374,1.5177,1.498,1.4782,0,0.0,False,False,False,False,False,False,False,False,False,False,False,False,False,False,False,False,False,False,False,False,False,False,False,False
AMZN,2006-12-21 05:00:00+00:00,1.993499994277954,2.0169999599456787,1.982499957084656,1.994500041007996,131004000,2006,12,51,Thursday,1.9969,2.000499963760376,-0.3,-0.35,-0.9,-0.3,0.9,1.9805,1.9605,1.9405,1.9205,1.9005,1.8805,1.8605,1.8405,1.8205,1.8004,1.7804,1.7604,1.7404,1.7204,1.7004,1.6804,1.6404,1.6204,1.6004,1.5804,1.5604,1.5404,1.5204,1.5004,0,0.0,False,False,False,False,False,False,False,False,False,False,False,False,False,False,False,False,False,False,False,False,False,False,False,False
AMZN,2006-12-22 05:00:00+00:00,1.9989999532699585,2.025500059127808,1.995499968528748,2.01200008392334,111702000,2006,12,51,Friday,2.008,1.994500041007996,0.88,0.23,0.05,0.88,-0.05,1.9746,1.9546,1.9347,1.9147,1.8948,1.8748,1.8549,1.8349,1.815,1.7951,1.7751,1.7552,1.7352,1.7153,1.6953,1.6754,1.6355,1.6155,1.5956,1.5757,1.5557,1.5358,1.5158,1.4959,0,0.0,False,False,False,False,False,False,False,False,False,False,False,False,False,False,False,False,False,False,False,False,False,False,False,False
AMZN,2006-12-26 05:00:00+00:00,2.006500005722046,2.006500005722046,1.9709999561309808,1.9900000095367432,89472000,2006,12,52,Tuesday,1.9935,2.01200008392334,-1.09,-0.27,-2.04,-1.09,2.04,1.9919,1.9718,1.9516,1.9315,1.9114,1.8913,1.8712,1.851,1.8309,1.8108,1.7907,1.7706,1.7504,1.7303,1.7102,1.6901,1.6498,1.6297,1.6096,1.5895,1.5694,1.5492,1.5291,1.509,2,3.9636,True,True,False,False,False,False,False,False,False,False,False,False,False,False,False,False,False,False,False,False,False,False,False,False
AMZN,2006-12-27 05:00:00+00:00,1.993000030517578,2.0234999656677246,1.9900000095367432,2.01449990272522,70730000,2006,12,52,Wednesday,2.0052,1.9900000095367432,1.23,0.15,0.0,1.23,0.0,1.9701,1.9502,1.9303,1.9104,1.8905,1.8706,1.8507,1.8308,1.8109,1.791,1.7711,1.7512,1.7313,1.7114,1.6915,1.6716,1.6318,1.6119,1.592,1.5721,1.5522,1.5323,1.5124,1.4925,0,0.0,False,False,False,False,False,False,False,False,False,False,False,False,False,False,False,False,False,False,False,False,False,False,False,False
AMZN,2006-12-28 05:00:00+00:00,2.0190000534057617,2.031500101089477,1.996000051498413,2.010499954223633,90910000,2006,12,52,Thursday,2.0143,2.01449990272522,-0.2,0.22,-0.92,-0.2,0.92,1.9944,1.9742,1.9541,1.9339,1.9138,1.8936,1.8735,1.8533,1.8332,1.813,1.7929,1.7728,1.7526,1.7325,1.7123,1.6922,1.6519,1.6317,1.6116,1.5915,1.5713,1.5512,1.531,1.5109,0,0.0,False,False,False,False,False,False,False,False,False,False,False,False,False,False,False,False,False,False,False,False,False,False,False,False
AMZN,2006-12-29 05:00:00+00:00,2.003000020980835,2.012500047683716,1.9674999713897705,1.9730000495910645,83940000,2006,12,52,Friday,1.989,2.010499954223633,-1.87,-0.37,-2.14,-1.87,2.14,1.9904,1.9703,1.9502,1.9301,1.91,1.8899,1.8698,1.8497,1.8296,1.8094,1.7893,1.7692,1.7491,1.729,1.7089,1.6888,1.6486,1.6285,1.6084,1.5883,1.5682,1.5481,1.528,1.5079,2,3.9607,True,True,False,False,False,False,False,False,False,False,False,False,False,False,False,False,False,False,False,False,False,False,False,False
