Symbol,Date,Open,High,Low,Close,Volume,Year,Month,Week,Weekday,avg_daily_price,Previous_Close,Daily_Gain_Loss_Pct,Open_vs_PrevClose_Pct,Low_vs_PrevClose_Pct,Close_vs_PrevClose_Pct,mx_percent_decline,BOD99-1,BOD98-2,BOD97-3,BOD96-4,BOD95-5,BOD94-6,BOD93-7,BOD92-8,BOD91-9,BOD90-10,BOD89-11,BOD88-12,BOD87-13,BOD86-14,BOD85-15,BOD84-16,BOD82-18,BOD81-19,BOD80-20,BOD79-21,BOD78-22,BOD77-23,BOD76-24,BOD75-25,Shares_Purchased,Total_Value_Purchased,BOD99-1_Executed,BOD98-2_Executed,BOD97-3_Executed,BOD96-4_Executed,BOD95-5_Executed,BOD94-6_Executed,BOD93-7_Executed,BOD92-8_Executed,BOD91-9_Executed,BOD90-10_Executed,BOD89-11_Executed,BOD88-12_Executed,BOD87-13_Executed,BOD86-14_Executed,BOD85-15_Executed,BOD84-16_Executed,BOD82-18_Executed,BOD81-19_Executed,BOD80-20_Executed,BOD79-21_Executed,BOD78-22_Executed,BOD77-23_Executed,BOD76-24_Executed,BOD75-25_Executed
AMZN,2023-01-03 05:00:00+00:00,85.45999908447266,86.95999908447266,84.20999908447266,85.81999969482422,76706000,2023,1,1,Tuesday,85.6125,84.0,2.17,1.74,0.25,2.17,-0.25,83.16,82.32,81.48,80.64,79.8,78.96,78.12,77.28,76.44,75.6,74.76,73.92,73.08,72.24,71.4,70.56,68.88,68.04,67.2,66.36,65.52,64.68,63.84,63.0,0,0.0,False,False,False,False,False,False,False,False,False,False,False,False,False,False,False,False,False,False,False,False,False,False,False,False
AMZN,2023-01-04 05:00:00+00:00,86.55000305175781,86.9800033569336,83.36000061035156,85.13999938964844,68885100,2023,1,1,Wednesday,85.5075,85.81999969482422,-0.79,0.85,-2.87,-0.79,2.87,84.9618,84.1036,83.2454,82.3872,81.529,80.6708,79.8126,78.9544,78.0962,77.238,76.3798,75.5216,74.6634,73.8052,72.947,72.0888,70.3724,69.5142,68.656,67.7978,66.9396,66.0814,65.2232,64.365,2,169.0654,True,True,False,False,False,False,False,False,False,False,False,False,False,False,False,False,False,False,False,False,False,False,False,False
AMZN,2023-01-05 05:00:00+00:00,85.33000183105469,85.41999816894531,83.06999969482422,83.12000274658203,67930800,2023,1,1,Thursday,84.235,85.13999938964844,-2.37,0.22,-2.43,-2.37,2.43,84.2886,83.4372,82.5858,81.7344,80.883,80.0316,79.1802,78.3288,77.4774,76.626,75.7746,74.9232,74.0718,73.2204,72.369,71.5176,69.8148,68.9634,68.112,67.2606,66.4092,65.5578,64.7064,63.855,2,167.7258,True,True,False,False,False,False,False,False,False,False,False,False,False,False,False,False,False,False,False,False,False,False,False,False
AMZN,2023-01-06 05:00:00+00:00,83.02999877929688,86.4000015258789,81.43000030517578,86.08000183105469,83303400,2023,1,1,Friday,84.235,83.12000274658203,3.56,-0.11,-2.03,3.56,2.03,82.2888,81.4576,80.6264,79.7952,78.964,78.1328,77.3016,76.4704,75.6392,74.808,73.9768,73.1456,72.3144,71.4832,70.652,69.8208,68.1584,67.3272,66.496,65.6648,64.8336,64.0024,63.1712,62.34,2,163.7464,True,True,False,False,False,False,False,False,False,False,False,False,False,False,False,False,False,False,False,False,False,False,False,False
AMZN,2023-01-09 05:00:00+00:00,87.45999908447266,89.4800033569336,87.08000183105469,87.36000061035156,65266100,2023,1,2,Monday,87.845,86.08000183105469,1.49,1.6,1.16,1.49,-1.16,85.2192,84.3584,83.4976,82.6368,81.776,80.9152,80.0544,79.1936,78.3328,77.472,76.6112,75.7504,74.8896,74.0288,73.168,72.3072,70.5856,69.7248,68.864,68.0032,67.1424,66.2816,65.4208,64.56,0,0.0,False,False,False,False,False,False,False,False,False,False,False,False,False,False,False,False,False,False,False,False,False,False,False,False
AMZN,2023-01-10 05:00:00+00:00,87.56999969482422,90.19000244140624,87.29000091552734,89.87000274658203,67756600,2023,1,2,Tuesday,88.73,87.36000061035156,2.87,0.24,-0.08,2.87,0.08,86.4864,85.6128,84.7392,83.8656,82.992,82.1184,81.2448,80.3712,79.4976,78.624,77.7504,76.8768,76.0032,75.1296,74.256,73.3824,71.6352,70.7616,69.888,69.0144,68.1408,67.2672,66.3936,65.52,0,0.0,False,False,False,False,False,False,False,False,False,False,False,False,False,False,False,False,False,False,False,False,False,False,False,False
AMZN,2023-01-11 05:00:00+00:00,90.93000030517578,95.26000213623048,90.93000030517578,95.08999633789062,103126200,2023,1,2,Wednesday,93.0525,89.87000274658203,5.81,1.18,1.18,5.81,-1.18,88.9713,88.0726,87.1739,86.2752,85.3765,84.4778,83.5791,82.6804,81.7817,80.883,79.9843,79.0856,78.1869,77.2882,76.3895,75.4908,73.6934,72.7947,71.896,70.9973,70.0986,69.1999,68.3012,67.4025,0,0.0,False,False,False,False,False,False,False,False,False,False,False,False,False,False,False,False,False,False,False,False,False,False,False,False
AMZN,2023-01-12 05:00:00+00:00,96.93000030517578,97.19000244140624,93.5,95.2699966430664,85254800,2023,1,2,Thursday,95.7225,95.08999633789062,0.19,1.94,-1.67,0.19,1.67,94.1391,93.1882,92.2373,91.2864,90.3355,89.3846,88.4337,87.4828,86.5319,85.581,84.6301,83.6792,82.7283,81.7774,80.8265,79.8756,77.9738,77.0229,76.072,75.1211,74.1702,73.2193,72.2684,71.3175,1,94.1391,True,False,False,False,False,False,False,False,False,False,False,False,False,False,False,False,False,False,False,False,False,False,False,False
AMZN,2023-01-13 05:00:00+00:00,94.18000030517578,98.37000274658205,94.12000274658205,98.12000274658205,85549400,2023,1,2,Friday,96.1975,95.2699966430664,2.99,-1.14,-1.21,2.99,1.21,94.3173,93.3646,92.4119,91.4592,90.5065,89.5538,88.6011,87.6484,86.6957,85.743,84.7903,83.8376,82.8849,81.9322,80.9795,80.0268,78.1214,77.1687,76.216,75.2633,74.3106,73.3579,72.4052,71.4525,1,94.3173,True,False,False,False,False,False,False,False,False,False,False,False,False,False,False,False,False,False,False,False,False,False,False,False
AMZN,2023-01-17 05:00:00+00:00,98.68000030517578,98.88999938964844,95.7300033569336,96.0500030517578,72755000,2023,1,3,Tuesday,97.3375,98.12000274658205,-2.11,0.57,-2.44,-2.11,2.44,97.1388,96.1576,95.1764,94.1952,93.214,92.2328,91.2516,90.2704,89.2892,88.308,87.3268,86.3456,85.3644,84.3832,83.402,82.4208,80.4584,79.4772,78.496,77.5148,76.5336,75.5524,74.5712,73.59,2,193.2964,True,True,False,False,False,False,False,False,False,False,False,False,False,False,False,False,False,False,False,False,False,False,False,False
AMZN,2023-01-18 05:00:00+00:00,97.25,99.31999969482422,95.37999725341795,95.45999908447266,79570400,2023,1,3,Wednesday,96.8525,96.0500030517578,-0.61,1.25,-0.7,-0.61,0.7,95.0895,94.129,93.1685,92.208,91.2475,90.287,89.3265,88.366,87.4055,86.445,85.4845,84.524,83.5635,82.603,81.6425,80.682,78.761,77.8005,76.84,75.8795,74.919,73.9585,72.998,72.0375,0,0.0,False,False,False,False,False,False,False,False,False,False,False,False,False,False,False,False,False,False,False,False,False,False,False,False
AMZN,2023-01-19 05:00:00+00:00,94.73999786376952,95.44000244140624,92.86000061035156,93.68000030517578,69002700,2023,1,3,Thursday,94.18,95.45999908447266,-1.86,-0.75,-2.72,-1.86,2.72,94.5054,93.5508,92.5962,91.6416,90.687,89.7324,88.7778,87.8232,86.8686,85.914,84.9594,84.0048,83.0502,82.0956,81.141,80.1864,78.2772,77.3226,76.368,75.4134,74.4588,73.5042,72.5496,71.595,2,188.0562,True,True,False,False,False,False,False,False,False,False,False,False,False,False,False,False,False,False,False,False,False,False,False,False
AMZN,2023-01-20 05:00:00+00:00,93.86000061035156,97.3499984741211,93.1999969482422,97.25,67481500,2023,1,3,Friday,95.415,93.68000030517578,3.81,0.19,-0.51,3.81,0.51,92.7432,91.8064,90.8696,89.9328,88.996,88.0592,87.1224,86.1856,85.2488,84.312,83.3752,82.4384,81.5016,80.5648,79.628,78.6912,76.8176,75.8808,74.944,74.0072,73.0704,72.1336,71.1968,70.26,0,0.0,False,False,False,False,False,False,False,False,False,False,False,False,False,False,False,False,False,False,False,False,False,False,False,False
AMZN,2023-01-23 05:00:00+00:00,97.55999755859376,97.77999877929688,95.86000061035156,97.5199966430664,76501100,2023,1,4,Monday,97.18,97.25,0.28,0.32,-1.43,0.28,1.43,96.2775,95.305,94.3325,93.36,92.3875,91.415,90.4425,89.47,88.4975,87.525,86.5525,85.58,84.6075,83.635,82.6625,81.69,79.745,78.7725,77.8,76.8275,75.855,74.8825,73.91,72.9375,1,96.2775,True,False,False,False,False,False,False,False,False,False,False,False,False,False,False,False,False,False,False,False,False,False,False,False
AMZN,2023-01-24 05:00:00+00:00,96.93000030517578,98.08999633789062,96.0,96.31999969482422,66929500,2023,1,4,Tuesday,96.835,97.5199966430664,-1.23,-0.61,-1.56,-1.23,1.56,96.5448,95.5696,94.5944,93.6192,92.644,91.6688,90.6936,89.7184,88.7432,87.768,86.7928,85.8176,84.8424,83.8672,82.892,81.9168,79.9664,78.9912,78.016,77.0408,76.0656,75.0904,74.1152,73.14,1,96.5448,True,False,False,False,False,False,False,False,False,False,False,False,False,False,False,False,False,False,False,False,False,False,False,False
AMZN,2023-01-25 05:00:00+00:00,92.55999755859376,97.23999786376952,91.5199966430664,97.18000030517578,94261600,2023,1,4,Wednesday,94.625,96.31999969482422,0.89,-3.9,-4.98,0.89,4.98,95.3568,94.3936,93.4304,92.4672,91.504,90.5408,89.5776,88.6144,87.6512,86.688,85.7248,84.7616,83.7984,82.8352,81.872,80.9088,78.9824,78.0192,77.056,76.0928,75.1296,74.1664,73.2032,72.24,4,375.648,True,True,True,True,False,False,False,False,False,False,False,False,False,False,False,False,False,False,False,False,False,False,False,False
AMZN,2023-01-26 05:00:00+00:00,98.23999786376952,99.48999786376952,96.91999816894533,99.22000122070312,68523600,2023,1,4,Thursday,98.4675,97.18000030517578,2.1,1.09,-0.27,2.1,0.27,96.2082,95.2364,94.2646,93.2928,92.321,91.3492,90.3774,89.4056,88.4338,87.462,86.4902,85.5184,84.5466,83.5748,82.603,81.6312,79.6876,78.7158,77.744,76.7722,75.8004,74.8286,73.8568,72.885,0,0.0,False,False,False,False,False,False,False,False,False,False,False,False,False,False,False,False,False,False,False,False,False,False,False,False
AMZN,2023-01-27 05:00:00+00:00,99.52999877929688,103.48999786376952,99.52999877929688,102.23999786376952,87775600,2023,1,4,Friday,101.1975,99.22000122070312,3.04,0.31,0.31,3.04,-0.31,98.2278,97.2356,96.2434,95.2512,94.259,93.2668,92.2746,91.2824,90.2902,89.298,88.3058,87.3136,86.3214,85.3292,84.337,83.3448,81.3604,80.3682,79.376,78.3838,77.3916,76.3994,75.4072,74.415,0,0.0,False,False,False,False,False,False,False,False,False,False,False,False,False,False,False,False,False,False,False,False,False,False,False,False
AMZN,2023-01-30 05:00:00+00:00,101.08999633789062,101.73999786376952,99.01000213623048,100.5500030517578,70691900,2023,1,5,Monday,100.5975,102.23999786376952,-1.65,-1.12,-3.16,-1.65,3.16,101.2176,100.1952,99.1728,98.1504,97.128,96.1056,95.0832,94.0608,93.0384,92.016,90.9936,89.9712,88.9488,87.9264,86.904,85.8816,83.8368,82.8144,81.792,80.7696,79.7472,78.7248,77.7024,76.68,3,300.5856,True,True,True,False,False,False,False,False,False,False,False,False,False,False,False,False,False,False,False,False,False,False,False,False
AMZN,2023-01-31 05:00:00+00:00,101.16000366210938,103.3499984741211,101.13999938964844,103.12999725341795,66527300,2023,1,5,Tuesday,102.195,100.5500030517578,2.57,0.61,0.59,2.57,-0.59,99.5445,98.539,97.5335,96.528,95.5225,94.517,93.5115,92.506,91.5005,90.495,89.4895,88.484,87.4785,86.473,85.4675,84.462,82.451,81.4455,80.44,79.4345,78.429,77.4235,76.418,75.4125,0,0.0,False,False,False,False,False,False,False,False,False,False,False,False,False,False,False,False,False,False,False,False,False,False,False,False
AMZN,2023-02-01 05:00:00+00:00,102.52999877929688,106.23999786376952,101.23999786376952,105.1500015258789,80450100,2023,2,5,Wednesday,103.79,103.12999725341795,1.96,-0.58,-1.83,1.96,1.83,102.0987,101.0674,100.0361,99.0048,97.9735,96.9422,95.9109,94.8796,93.8483,92.817,91.7857,90.7544,89.7231,88.6918,87.6605,86.6292,84.5666,83.5353,82.504,81.4727,80.4414,79.4101,78.3788,77.3475,1,102.0987,True,False,False,False,False,False,False,False,False,False,False,False,False,False,False,False,False,False,False,False,False,False,False,False
AMZN,2023-02-02 05:00:00+00:00,110.25,114.0,108.87999725341795,112.91000366210938,158154200,2023,2,5,Thursday,111.51,105.1500015258789,7.38,4.85,3.55,7.38,-3.55,104.0985,103.047,101.9955,100.944,99.8925,98.841,97.7895,96.738,95.6865,94.635,93.5835,92.532,91.4805,90.429,89.3775,88.326,86.223,85.1715,84.12,83.0685,82.017,80.9655,79.914,78.8625,0,0.0,False,False,False,False,False,False,False,False,False,False,False,False,False,False,False,False,False,False,False,False,False,False,False,False
AMZN,2023-02-03 05:00:00+00:00,105.26000213623048,108.77999877929688,102.5199966430664,103.38999938964844,144374800,2023,2,5,Friday,104.9875,112.91000366210938,-8.43,-6.78,-9.2,-8.43,9.2,111.7809,110.6518,109.5227,108.3936,107.2645,106.1354,105.0063,103.8772,102.7481,101.619,100.4899,99.3608,98.2317,97.1026,95.9735,94.8444,92.5862,91.4571,90.328,89.1989,88.0698,86.9407,85.8116,84.6825,9,965.3805,True,True,True,True,True,True,True,True,True,False,False,False,False,False,False,False,False,False,False,False,False,False,False,False
AMZN,2023-02-06 05:00:00+00:00,102.93000030517578,103.9499969482422,100.6500015258789,102.18000030517578,81945200,2023,2,6,Monday,102.4275,103.38999938964844,-1.17,-0.44,-2.65,-1.17,2.65,102.3561,101.3222,100.2883,99.2544,98.2205,97.1866,96.1527,95.1188,94.0849,93.051,92.0171,90.9832,89.9493,88.9154,87.8815,86.8476,84.7798,83.7459,82.712,81.6781,80.6442,79.6103,78.5764,77.5425,2,203.6783,True,True,False,False,False,False,False,False,False,False,False,False,False,False,False,False,False,False,False,False,False,False,False,False
AMZN,2023-02-07 05:00:00+00:00,101.16999816894533,102.41000366210938,98.08000183105467,102.11000061035156,119501300,2023,2,6,Tuesday,100.9425,102.18000030517578,-0.07,-0.99,-4.01,-0.07,4.01,101.1582,100.1364,99.1146,98.0928,97.071,96.0492,95.0274,94.0056,92.9838,91.962,90.9402,89.9184,88.8966,87.8748,86.853,85.8312,83.7876,82.7658,81.744,80.7222,79.7004,78.6786,77.6568,76.635,4,398.502,True,True,True,True,False,False,False,False,False,False,False,False,False,False,False,False,False,False,False,False,False,False,False,False
AMZN,2023-02-08 05:00:00+00:00,102.04000091552734,102.66999816894533,98.77999877929688,100.0500030517578,75878300,2023,2,6,Wednesday,100.885,102.11000061035156,-2.02,-0.07,-3.26,-2.02,3.26,101.0889,100.0678,99.0467,98.0256,97.0045,95.9834,94.9623,93.9412,92.9201,91.899,90.8779,89.8568,88.8357,87.8146,86.7935,85.7724,83.7302,82.7091,81.688,80.6669,79.6458,78.6247,77.6036,76.5825,3,300.2034,True,True,True,False,False,False,False,False,False,False,False,False,False,False,False,False,False,False,False,False,False,False,False,False
AMZN,2023-02-09 05:00:00+00:00,101.31999969482422,101.77999877929688,97.56999969482422,98.23999786376952,64622500,2023,2,6,Thursday,99.7275,100.0500030517578,-1.81,1.27,-2.48,-1.81,2.48,99.0495,98.049,97.0485,96.048,95.0475,94.047,93.0465,92.046,91.0455,90.045,89.0445,88.044,87.0435,86.043,85.0425,84.042,82.041,81.0405,80.04,79.0395,78.039,77.0385,76.038,75.0375,2,197.0985,True,True,False,False,False,False,False,False,False,False,False,False,False,False,False,False,False,False,False,False,False,False,False,False
AMZN,2023-02-10 05:00:00+00:00,97.55999755859376,98.81999969482422,96.2300033569336,97.61000061035156,52740100,2023,2,6,Friday,97.555,98.23999786376952,-0.64,-0.69,-2.05,-0.64,2.05,97.2576,96.2752,95.2928,94.3104,93.328,92.3456,91.3632,90.3808,89.3984,88.416,87.4336,86.4512,85.4688,84.4864,83.504,82.5216,80.5568,79.5744,78.592,77.6096,76.6272,75.6448,74.6624,73.68,2,193.5328,True,True,False,False,False,False,False,False,False,False,False,False,False,False,False,False,False,False,False,False,False,False,False,False
AMZN,2023-02-13 05:00:00+00:00,97.8499984741211,99.68000030517578,96.91000366210938,99.54000091552734,52841500,2023,2,7,Monday,98.495,97.61000061035156,1.98,0.25,-0.72,1.98,0.72,96.6339,95.6578,94.6817,93.7056,92.7295,91.7534,90.7773,89.8012,88.8251,87.849,86.8729,85.8968,84.9207,83.9446,82.9685,81.9924,80.0402,79.0641,78.088,77.1119,76.1358,75.1597,74.1836,73.2075,0,0.0,False,False,False,False,False,False,False,False,False,False,False,False,False,False,False,False,False,False,False,False,False,False,False,False
AMZN,2023-02-14 05:00:00+00:00,98.41000366210938,100.91999816894533,97.5199966430664,99.6999969482422,56202900,2023,2,7,Tuesday,99.1375,99.54000091552734,0.16,-1.14,-2.03,0.16,2.03,98.5446,97.5492,96.5538,95.5584,94.563,93.5676,92.5722,91.5768,90.5814,89.586,88.5906,87.5952,86.5998,85.6044,84.609,83.6136,81.6228,80.6274,79.632,78.6366,77.6412,76.6458,75.6504,74.655,2,196.0938,True,True,False,False,False,False,False,False,False,False,False,False,False,False,False,False,False,False,False,False,False,False,False,False
AMZN,2023-02-15 05:00:00+00:00,99.08999633789062,101.16999816894533,98.4499969482422,101.16000366210938,47957600,2023,2,7,Wednesday,99.9675,99.6999969482422,1.46,-0.61,-1.25,1.46,1.25,98.703,97.706,96.709,95.712,94.715,93.718,92.721,91.724,90.727,89.73,88.733,87.736,86.739,85.742,84.745,83.748,81.754,80.757,79.76,78.763,77.766,76.769,75.772,74.775,1,98.703,True,False,False,False,False,False,False,False,False,False,False,False,False,False,False,False,False,False,False,False,False,False,False,False
AMZN,2023-02-16 05:00:00+00:00,99.20999908447266,100.62999725341795,98.0999984741211,98.1500015258789,56339200,2023,2,7,Thursday,99.0225,101.16000366210938,-2.98,-1.93,-3.02,-2.98,3.02,100.1484,99.1368,98.1252,97.1136,96.102,95.0904,94.0788,93.0672,92.0556,91.044,90.0324,89.0208,88.0092,86.9976,85.986,84.9744,82.9512,81.9396,80.928,79.9164,78.9048,77.8932,76.8816,75.87,3,297.4104,True,True,True,False,False,False,False,False,False,False,False,False,False,False,False,False,False,False,False,False,False,False,False,False
AMZN,2023-02-17 05:00:00+00:00,97.8000030517578,97.94000244140624,95.6500015258789,97.1999969482422,60029400,2023,2,7,Friday,97.1475,98.1500015258789,-0.97,-0.36,-2.55,-0.97,2.55,97.1685,96.187,95.2055,94.224,93.2425,92.261,91.2795,90.298,89.3165,88.335,87.3535,86.372,85.3905,84.409,83.4275,82.446,80.483,79.5015,78.52,77.5385,76.557,75.5755,74.594,73.6125,2,193.3555,True,True,False,False,False,False,False,False,False,False,False,False,False,False,False,False,False,False,False,False,False,False,False,False
AMZN,2023-02-21 05:00:00+00:00,95.33999633789062,95.61000061035156,94.2699966430664,94.58000183105467,56580400,2023,2,8,Tuesday,94.95,97.1999969482422,-2.7,-1.91,-3.01,-2.7,3.01,96.228,95.256,94.284,93.312,92.34,91.368,90.396,89.424,88.452,87.48,86.508,85.536,84.564,83.592,82.62,81.648,79.704,78.732,77.76,76.788,75.816,74.844,73.872,72.9,3,285.768,True,True,True,False,False,False,False,False,False,False,False,False,False,False,False,False,False,False,False,False,False,False,False,False
AMZN,2023-02-22 05:00:00+00:00,95.0999984741211,97.01000213623048,94.8000030517578,95.79000091552734,59534100,2023,2,8,Wednesday,95.675,94.58000183105467,1.28,0.55,0.23,1.28,-0.23,93.6342,92.6884,91.7426,90.7968,89.851,88.9052,87.9594,87.0136,86.0678,85.122,84.1762,83.2304,82.2846,81.3388,80.393,79.4472,77.5556,76.6098,75.664,74.7182,73.7724,72.8266,71.8808,70.935,0,0.0,False,False,False,False,False,False,False,False,False,False,False,False,False,False,False,False,False,False,False,False,False,False,False,False
AMZN,2023-02-23 05:00:00+00:00,96.12000274658205,96.43000030517578,93.66999816894533,95.81999969482422,48467000,2023,2,8,Thursday,95.51,95.79000091552734,0.03,0.34,-2.21,0.03,2.21,94.8321,93.8742,92.9163,91.9584,91.0005,90.0426,89.0847,88.1268,87.1689,86.211,85.2531,84.2952,83.3373,82.3794,81.4215,80.4636,78.5478,77.5899,76.632,75.6741,74.7162,73.7583,72.8004,71.8425,2,188.7063,True,True,False,False,False,False,False,False,False,False,False,False,False,False,False,False,False,False,False,False,False,False,False,False
AMZN,2023-02-24 05:00:00+00:00,93.52999877929688,94.13999938964844,92.31999969482422,93.5,57053800,2023,2,8,Friday,93.3725,95.81999969482422,-2.42,-2.39,-3.65,-2.42,3.65,94.8618,93.9036,92.9454,91.9872,91.029,90.0708,89.1126,88.1544,87.1962,86.238,85.2798,84.3216,83.3634,82.4052,81.447,80.4888,78.5724,77.6142,76.656,75.6978,74.7396,73.7814,72.8232,71.865,3,281.7108,True,True,True,False,False,False,False,False,False,False,False,False,False,False,False,False,False,False,False,False,False,False,False,False
AMZN,2023-02-27 05:00:00+00:00,94.27999877929688,94.77999877929688,93.13999938964844,93.76000213623048,47470300,2023,2,9,Monday,93.99,93.5,0.28,0.83,-0.39,0.28,0.39,92.565,91.63,90.695,89.76,88.825,87.89,86.955,86.02,85.085,84.15,83.215,82.28,81.345,80.41,79.475,78.54,76.67,75.735,74.8,73.865,72.93,71.995,71.06,70.125,0,0.0,False,False,False,False,False,False,False,False,False,False,False,False,False,False,False,False,False,False,False,False,False,False,False,False
AMZN,2023-02-28 05:00:00+00:00,93.13999938964844,94.69000244140624,92.91999816894533,94.2300033569336,43959300,2023,2,9,Tuesday,93.745,93.76000213623048,0.5,-0.66,-0.9,0.5,0.9,92.8224,91.8848,90.9472,90.0096,89.072,88.1344,87.1968,86.2592,85.3216,84.384,83.4464,82.5088,81.5712,80.6336,79.696,78.7584,76.8832,75.9456,75.008,74.0704,73.1328,72.1952,71.2576,70.32,0,0.0,False,False,False,False,False,False,False,False,False,False,False,False,False,False,False,False,False,False,False,False,False,False,False,False
AMZN,2023-03-01 05:00:00+00:00,93.87000274658205,94.68000030517578,91.58999633789062,92.16999816894533,52299500,2023,3,9,Wednesday,93.0775,94.2300033569336,-2.19,-0.38,-2.8,-2.19,2.8,93.2877,92.3454,91.4031,90.4608,89.5185,88.5762,87.6339,86.6916,85.7493,84.807,83.8647,82.9224,81.9801,81.0378,80.0955,79.1532,77.2686,76.3263,75.384,74.4417,73.4994,72.5571,71.6148,70.6725,2,185.6331,True,True,False,False,False,False,False,False,False,False,False,False,False,False,False,False,False,False,False,False,False,False,False,False
AMZN,2023-03-02 05:00:00+00:00,91.41000366210938,92.2300033569336,90.38999938964844,92.12999725341795,55509400,2023,3,9,Thursday,91.54,92.16999816894533,-0.04,-0.82,-1.93,-0.04,1.93,91.2483,90.3266,89.4049,88.4832,87.5615,86.6398,85.7181,84.7964,83.8747,82.953,82.0313,81.1096,80.1879,79.2662,78.3445,77.4228,75.5794,74.6577,73.736,72.8143,71.8926,70.9709,70.0492,69.1275,1,91.2483,True,False,False,False,False,False,False,False,False,False,False,False,False,False,False,False,False,False,False,False,False,False,False,False
AMZN,2023-03-03 05:00:00+00:00,92.73999786376952,94.94000244140624,92.66000366210938,94.9000015258789,55759600,2023,3,9,Friday,93.81,92.12999725341795,3.01,0.66,0.58,3.01,-0.58,91.2087,90.2874,89.3661,88.4448,87.5235,86.6022,85.6809,84.7596,83.8383,82.917,81.9957,81.0744,80.1531,79.2318,78.3105,77.3892,75.5466,74.6253,73.704,72.7827,71.8614,70.9401,70.0188,69.0975,0,0.0,False,False,False,False,False,False,False,False,False,False,False,False,False,False,False,False,False,False,False,False,False,False,False,False
AMZN,2023-03-06 05:00:00+00:00,95.19000244140624,96.5500030517578,93.73999786376952,93.75,52112400,2023,3,10,Monday,94.8075,94.9000015258789,-1.21,0.31,-1.22,-1.21,1.22,93.951,93.002,92.053,91.104,90.155,89.206,88.257,87.308,86.359,85.41,84.461,83.512,82.563,81.614,80.665,79.716,77.818,76.869,75.92,74.971,74.022,73.073,72.124,71.175,1,93.951,True,False,False,False,False,False,False,False,False,False,False,False,False,False,False,False,False,False,False,False,False,False,False,False
AMZN,2023-03-07 05:00:00+00:00,94.05999755859376,95.08999633789062,92.77999877929688,93.5500030517578,49100700,2023,3,10,Tuesday,93.87,93.75,-0.21,0.33,-1.03,-0.21,1.03,92.8125,91.875,90.9375,90.0,89.0625,88.125,87.1875,86.25,85.3125,84.375,83.4375,82.5,81.5625,80.625,79.6875,78.75,76.875,75.9375,75.0,74.0625,73.125,72.1875,71.25,70.3125,1,92.8125,True,False,False,False,False,False,False,False,False,False,False,False,False,False,False,False,False,False,False,False,False,False,False,False
AMZN,2023-03-08 05:00:00+00:00,93.5999984741211,94.16999816894533,92.18000030517578,93.91999816894533,44899100,2023,3,10,Wednesday,93.4675,93.5500030517578,0.4,0.05,-1.46,0.4,1.46,92.6145,91.679,90.7435,89.808,88.8725,87.937,87.0015,86.066,85.1305,84.195,83.2595,82.324,81.3885,80.453,79.5175,78.582,76.711,75.7755,74.84,73.9045,72.969,72.0335,71.098,70.1625,1,92.6145,True,False,False,False,False,False,False,False,False,False,False,False,False,False,False,False,False,False,False,False,False,False,False,False
AMZN,2023-03-09 05:00:00+00:00,93.68000030517578,96.20999908447266,92.18000030517578,92.25,56218700,2023,3,10,Thursday,93.58,93.91999816894533,-1.78,-0.26,-1.85,-1.78,1.85,92.9808,92.0416,91.1024,90.1632,89.224,88.2848,87.3456,86.4064,85.4672,84.528,83.5888,82.6496,81.7104,80.7712,79.832,78.8928,77.0144,76.0752,75.136,74.1968,73.2576,72.3184,71.3792,70.44,1,92.9808,True,False,False,False,False,False,False,False,False,False,False,False,False,False,False,False,False,False,False,False,False,False,False,False
AMZN,2023-03-10 05:00:00+00:00,92.66999816894533,93.56999969482422,90.25,90.7300033569336,69827500,2023,3,10,Friday,91.805,92.25,-1.65,0.46,-2.17,-1.65,2.17,91.3275,90.405,89.4825,88.56,87.6375,86.715,85.7925,84.87,83.9475,83.025,82.1025,81.18,80.2575,79.335,78.4125,77.49,75.645,74.7225,73.8,72.8775,71.955,71.0325,70.11,69.1875,2,181.7325,True,True,False,False,False,False,False,False,False,False,False,False,False,False,False,False,False,False,False,False,False,False,False,False
AMZN,2023-03-13 04:00:00+00:00,89.97000122070312,94.0199966430664,88.12000274658203,92.43000030517578,72397100,2023,3,11,Monday,91.135,90.7300033569336,1.87,-0.84,-2.88,1.87,2.88,89.8227,88.9154,88.0081,87.1008,86.1935,85.2862,84.3789,83.4716,82.5643,81.657,80.7497,79.8424,78.9351,78.0278,77.1205,76.2132,74.3986,73.4913,72.584,71.6767,70.7694,69.8621,68.9548,68.0475,2,178.7381,True,True,False,False,False,False,False,False,False,False,False,False,False,False,False,False,False,False,False,False,False,False,False,False
AMZN,2023-03-14 04:00:00+00:00,93.83000183105467,95.06999969482422,92.70999908447266,94.87999725341795,60912700,2023,3,11,Tuesday,94.1225,92.43000030517578,2.65,1.51,0.3,2.65,-0.3,91.5057,90.5814,89.6571,88.7328,87.8085,86.8842,85.9599,85.0356,84.1113,83.187,82.2627,81.3384,80.4141,79.4898,78.5655,77.6412,75.7926,74.8683,73.944,73.0197,72.0954,71.1711,70.2468,69.3225,0,0.0,False,False,False,False,False,False,False,False,False,False,False,False,False,False,False,False,False,False,False,False,False,False,False,False
AMZN,2023-03-15 04:00:00+00:00,93.22000122070312,96.66999816894533,93.06999969482422,96.1999969482422,70731800,2023,3,11,Wednesday,94.79,94.87999725341795,1.39,-1.75,-1.91,1.39,1.91,93.9312,92.9824,92.0336,91.0848,90.136,89.1872,88.2384,87.2896,86.3408,85.392,84.4432,83.4944,82.5456,81.5968,80.648,79.6992,77.8016,76.8528,75.904,74.9552,74.0064,73.0576,72.1088,71.16,1,93.9312,True,False,False,False,False,False,False,False,False,False,False,False,False,False,False,False,False,False,False,False,False,False,False,False
AMZN,2023-03-16 04:00:00+00:00,95.75,100.98999786376952,95.61000061035156,100.04000091552734,84446900,2023,3,11,Thursday,98.0975,96.1999969482422,3.99,-0.47,-0.61,3.99,0.61,95.238,94.276,93.314,92.352,91.39,90.428,89.466,88.504,87.542,86.58,85.618,84.656,83.694,82.732,81.77,80.808,78.884,77.922,76.96,75.998,75.036,74.074,73.112,72.15,0,0.0,False,False,False,False,False,False,False,False,False,False,False,False,False,False,False,False,False,False,False,False,False,False,False,False
AMZN,2023-03-17 04:00:00+00:00,99.79000091552734,100.66000366210938,97.45999908447266,98.9499969482422,87300200,2023,3,11,Friday,99.215,100.04000091552734,-1.09,-0.25,-2.58,-1.09,2.58,99.0396,98.0392,97.0388,96.0384,95.038,94.0376,93.0372,92.0368,91.0364,90.036,89.0356,88.0352,87.0348,86.0344,85.034,84.0336,82.0328,81.0324,80.032,79.0316,78.0312,77.0308,76.0304,75.03,2,197.0788,True,True,False,False,False,False,False,False,False,False,False,False,False,False,False,False,False,False,False,False,False,False,False,False
AMZN,2023-03-20 04:00:00+00:00,98.41000366210938,98.4800033569336,95.6999969482422,97.70999908447266,62388900,2023,3,12,Monday,97.575,98.9499969482422,-1.25,-0.55,-3.28,-1.25,3.28,97.9605,96.971,95.9815,94.992,94.0025,93.013,92.0235,91.034,90.0445,89.055,88.0655,87.076,86.0865,85.097,84.1075,83.118,81.139,80.1495,79.16,78.1705,77.181,76.1915,75.202,74.2125,3,290.913,True,True,True,False,False,False,False,False,False,False,False,False,False,False,False,False,False,False,False,False,False,False,False,False
AMZN,2023-03-21 04:00:00+00:00,98.13999938964844,100.8499984741211,98.0,100.61000061035156,58597300,2023,3,12,Tuesday,99.4,97.70999908447266,2.97,0.44,0.3,2.97,-0.3,96.7329,95.7558,94.7787,93.8016,92.8245,91.8474,90.8703,89.8932,88.9161,87.939,86.9619,85.9848,85.0077,84.0306,83.0535,82.0764,80.1222,79.1451,78.168,77.1909,76.2138,75.2367,74.2596,73.2825,0,0.0,False,False,False,False,False,False,False,False,False,False,False,False,False,False,False,False,False,False,False,False,False,False,False,False
AMZN,2023-03-22 04:00:00+00:00,100.4499969482422,102.0999984741211,98.61000061035156,98.6999969482422,57475400,2023,3,12,Wednesday,99.965,100.61000061035156,-1.9,-0.16,-1.99,-1.9,1.99,99.6039,98.5978,97.5917,96.5856,95.5795,94.5734,93.5673,92.5612,91.5551,90.549,89.5429,88.5368,87.5307,86.5246,85.5185,84.5124,82.5002,81.4941,80.488,79.4819,78.4758,77.4697,76.4636,75.4575,1,99.6039,True,False,False,False,False,False,False,False,False,False,False,False,False,False,False,False,False,False,False,False,False,False,False,False
AMZN,2023-03-23 04:00:00+00:00,100.43000030517578,101.05999755859376,97.62000274658205,98.70999908447266,57559300,2023,3,12,Thursday,99.455,98.6999969482422,0.01,1.75,-1.09,0.01,1.09,97.713,96.726,95.739,94.752,93.765,92.778,91.791,90.804,89.817,88.83,87.843,86.856,85.869,84.882,83.895,82.908,80.934,79.947,78.96,77.973,76.986,75.999,75.012,74.025,1,97.713,True,False,False,False,False,False,False,False,False,False,False,False,False,False,False,False,False,False,False,False,False,False,False,False
AMZN,2023-03-24 04:00:00+00:00,98.06999969482422,98.3000030517578,96.4000015258789,98.12999725341795,56095400,2023,3,12,Friday,97.725,98.70999908447266,-0.59,-0.65,-2.34,-0.59,2.34,97.7229,96.7358,95.7487,94.7616,93.7745,92.7874,91.8003,90.8132,89.8261,88.839,87.8519,86.8648,85.8777,84.8906,83.9035,82.9164,80.9422,79.9551,78.968,77.9809,76.9938,76.0067,75.0196,74.0325,2,194.4587,True,True,False,False,False,False,False,False,False,False,False,False,False,False,False,False,False,False,False,False,False,False,False,False
AMZN,2023-03-27 04:00:00+00:00,99.06999969482422,99.33999633789062,97.08000183105467,98.04000091552734,46721300,2023,3,13,Monday,98.3825,98.12999725341795,-0.09,0.96,-1.07,-0.09,1.07,97.1487,96.1674,95.1861,94.2048,93.2235,92.2422,91.2609,90.2796,89.2983,88.317,87.3357,86.3544,85.3731,84.3918,83.4105,82.4292,80.4666,79.4853,78.504,77.5227,76.5414,75.5601,74.5788,73.5975,1,97.1487,True,False,False,False,False,False,False,False,False,False,False,False,False,False,False,False,False,False,False,False,False,False,False,False
AMZN,2023-03-28 04:00:00+00:00,98.11000061035156,98.44000244140624,96.29000091552734,97.23999786376952,38720100,2023,3,13,Tuesday,97.52,98.04000091552734,-0.82,0.07,-1.78,-0.82,1.78,97.0596,96.0792,95.0988,94.1184,93.138,92.1576,91.1772,90.1968,89.2164,88.236,87.2556,86.2752,85.2948,84.3144,83.334,82.3536,80.3928,79.4124,78.432,77.4516,76.4712,75.4908,74.5104,73.53,1,97.0596,True,False,False,False,False,False,False,False,False,False,False,False,False,False,False,False,False,False,False,False,False,False,False,False
AMZN,2023-03-29 04:00:00+00:00,98.69000244140624,100.41999816894533,98.55999755859376,100.25,49783300,2023,3,13,Wednesday,99.48,97.23999786376952,3.1,1.49,1.36,3.1,-1.36,96.2676,95.2952,94.3228,93.3504,92.378,91.4056,90.4332,89.4608,88.4884,87.516,86.5436,85.5712,84.5988,83.6264,82.654,81.6816,79.7368,78.7644,77.792,76.8196,75.8472,74.8748,73.9024,72.93,0,0.0,False,False,False,False,False,False,False,False,False,False,False,False,False,False,False,False,False,False,False,False,False,False,False,False
AMZN,2023-03-30 04:00:00+00:00,101.5500030517578,103.04000091552734,101.01000213623048,102.0,53633400,2023,3,13,Thursday,101.9,100.25,1.75,1.3,0.76,1.75,-0.76,99.2475,98.245,97.2425,96.24,95.2375,94.235,93.2325,92.23,91.2275,90.225,89.2225,88.22,87.2175,86.215,85.2125,84.21,82.205,81.2025,80.2,79.1975,78.195,77.1925,76.19,75.1875,0,0.0,False,False,False,False,False,False,False,False,False,False,False,False,False,False,False,False,False,False,False,False,False,False,False,False
AMZN,2023-03-31 04:00:00+00:00,102.16000366210938,103.48999786376952,101.9499969482422,103.29000091552734,56750300,2023,3,13,Friday,102.7225,102.0,1.26,0.16,-0.05,1.26,0.05,100.98,99.96,98.94,97.92,96.9,95.88,94.86,93.84,92.82,91.8,90.78,89.76,88.74,87.72,86.7,85.68,83.64,82.62,81.6,80.58,79.56,78.54,77.52,76.5,0,0.0,False,False,False,False,False,False,False,False,False,False,False,False,False,False,False,False,False,False,False,False,False,False,False,False
AMZN,2023-04-03 04:00:00+00:00,102.3000030517578,103.29000091552734,101.43000030517578,102.41000366210938,41135700,2023,4,14,Monday,102.3575,103.29000091552734,-0.85,-0.96,-1.8,-0.85,1.8,102.2571,101.2242,100.1913,99.1584,98.1255,97.0926,96.0597,95.0268,93.9939,92.961,91.9281,90.8952,89.8623,88.8294,87.7965,86.7636,84.6978,83.6649,82.632,81.5991,80.5662,79.5333,78.5004,77.4675,1,102.2571,True,False,False,False,False,False,False,False,False,False,False,False,False,False,False,False,False,False,False,False,False,False,False,False
AMZN,2023-04-04 04:00:00+00:00,102.75,104.1999969482422,102.11000061035156,103.9499969482422,48662500,2023,4,14,Tuesday,103.2525,102.41000366210938,1.5,0.33,-0.29,1.5,0.29,101.3859,100.3618,99.3377,98.3136,97.2895,96.2654,95.2413,94.2172,93.1931,92.169,91.1449,90.1208,89.0967,88.0726,87.0485,86.0244,83.9762,82.9521,81.928,80.9039,79.8798,78.8557,77.8316,76.8075,0,0.0,False,False,False,False,False,False,False,False,False,False,False,False,False,False,False,False,False,False,False,False,False,False,False,False
AMZN,2023-04-05 04:00:00+00:00,103.91000366210938,103.91000366210938,100.75,101.0999984741211,45175400,2023,4,14,Wednesday,102.4175,103.9499969482422,-2.74,-0.04,-3.08,-2.74,3.08,102.9105,101.871,100.8315,99.792,98.7525,97.713,96.6735,95.634,94.5945,93.555,92.5155,91.476,90.4365,89.397,88.3575,87.318,85.239,84.1995,83.16,82.1205,81.081,80.0415,79.002,77.9625,3,305.613,True,True,True,False,False,False,False,False,False,False,False,False,False,False,False,False,False,False,False,False,False,False,False,False
AMZN,2023-04-06 04:00:00+00:00,100.75,102.37999725341795,99.8000030517578,102.05999755859376,43808000,2023,4,14,Thursday,101.2475,101.0999984741211,0.95,-0.35,-1.29,0.95,1.29,100.089,99.078,98.067,97.056,96.045,95.034,94.023,93.012,92.001,90.99,89.979,88.968,87.957,86.946,85.935,84.924,82.902,81.891,80.88,79.869,78.858,77.847,76.836,75.825,1,100.089,True,False,False,False,False,False,False,False,False,False,False,False,False,False,False,False,False,False,False,False,False,False,False,False
AMZN,2023-04-10 04:00:00+00:00,100.95999908447266,102.1999969482422,99.56999969482422,102.16999816894533,37261200,2023,4,15,Monday,101.225,102.05999755859376,0.11,-1.08,-2.44,0.11,2.44,101.0394,100.0188,98.9982,97.9776,96.957,95.9364,94.9158,93.8952,92.8746,91.854,90.8334,89.8128,88.7922,87.7716,86.751,85.7304,83.6892,82.6686,81.648,80.6274,79.6068,78.5862,77.5656,76.545,2,201.0582,True,True,False,False,False,False,False,False,False,False,False,False,False,False,False,False,False,False,False,False,False,False,False,False
AMZN,2023-04-11 04:00:00+00:00,100.8000030517578,101.0,99.01000213623048,99.91999816894533,60417800,2023,4,15,Tuesday,100.1825,102.16999816894533,-2.2,-1.34,-3.09,-2.2,3.09,101.1483,100.1266,99.1049,98.0832,97.0615,96.0398,95.0181,93.9964,92.9747,91.953,90.9313,89.9096,88.8879,87.8662,86.8445,85.8228,83.7794,82.7577,81.736,80.7143,79.6926,78.6709,77.6492,76.6275,3,300.3798,True,True,True,False,False,False,False,False,False,False,False,False,False,False,False,False,False,False,False,False,False,False,False,False
AMZN,2023-04-12 04:00:00+00:00,100.4000015258789,100.51000213623048,97.70999908447266,97.83000183105467,56735000,2023,4,15,Wednesday,99.1125,99.91999816894533,-2.09,0.48,-2.21,-2.09,2.21,98.9208,97.9216,96.9224,95.9232,94.924,93.9248,92.9256,91.9264,90.9272,89.928,88.9288,87.9296,86.9304,85.9312,84.932,83.9328,81.9344,80.9352,79.936,78.9368,77.9376,76.9384,75.9392,74.94,2,196.8424,True,True,False,False,False,False,False,False,False,False,False,False,False,False,False,False,False,False,False,False,False,False,False,False
AMZN,2023-04-13 04:00:00+00:00,98.9499969482422,102.56999969482422,98.70999908447266,102.4000015258789,67925100,2023,4,15,Thursday,100.6575,97.83000183105467,4.67,1.14,0.9,4.67,-0.9,96.8517,95.8734,94.8951,93.9168,92.9385,91.9602,90.9819,90.0036,89.0253,88.047,87.0687,86.0904,85.1121,84.1338,83.1555,82.1772,80.2206,79.2423,78.264,77.2857,76.3074,75.3291,74.3508,73.3725,0,0.0,False,False,False,False,False,False,False,False,False,False,False,False,False,False,False,False,False,False,False,False,False,False,False,False
AMZN,2023-04-14 04:00:00+00:00,102.06999969482422,103.1999969482422,101.11000061035156,102.51000213623048,51450500,2023,4,15,Friday,102.2225,102.4000015258789,0.11,-0.32,-1.26,0.11,1.26,101.376,100.352,99.328,98.304,97.28,96.256,95.232,94.208,93.184,92.16,91.136,90.112,89.088,88.064,87.04,86.016,83.968,82.944,81.92,80.896,79.872,78.848,77.824,76.8,1,101.376,True,False,False,False,False,False,False,False,False,False,False,False,False,False,False,False,False,False,False,False,False,False,False,False
AMZN,2023-04-17 04:00:00+00:00,103.16000366210938,103.7300033569336,101.58999633789062,102.73999786376952,39919500,2023,4,16,Monday,102.805,102.51000213623048,0.22,0.63,-0.9,0.22,0.9,101.4849,100.4598,99.4347,98.4096,97.3845,96.3594,95.3343,94.3092,93.2841,92.259,91.2339,90.2088,89.1837,88.1586,87.1335,86.1084,84.0582,83.0331,82.008,80.9829,79.9578,78.9327,77.9076,76.8825,0,0.0,False,False,False,False,False,False,False,False,False,False,False,False,False,False,False,False,False,False,False,False,False,False,False,False
AMZN,2023-04-18 04:00:00+00:00,103.9499969482422,104.1999969482422,101.5199966430664,102.3000030517578,39790500,2023,4,16,Tuesday,102.9925,102.73999786376952,-0.43,1.18,-1.19,-0.43,1.19,101.7126,100.6852,99.6578,98.6304,97.603,96.5756,95.5482,94.5208,93.4934,92.466,91.4386,90.4112,89.3838,88.3564,87.329,86.3016,84.2468,83.2194,82.192,81.1646,80.1372,79.1098,78.0824,77.055,1,101.7126,True,False,False,False,False,False,False,False,False,False,False,False,False,False,False,False,False,False,False,False,False,False,False,False
AMZN,2023-04-19 04:00:00+00:00,101.58000183105467,105.12000274658205,101.38999938964844,104.3000030517578,58398900,2023,4,16,Wednesday,103.0975,102.3000030517578,1.96,-0.7,-0.89,1.96,0.89,101.277,100.254,99.231,98.208,97.185,96.162,95.139,94.116,93.093,92.07,91.047,90.024,89.001,87.978,86.955,85.932,83.886,82.863,81.84,80.817,79.794,78.771,77.748,76.725,0,0.0,False,False,False,False,False,False,False,False,False,False,False,False,False,False,False,False,False,False,False,False,False,False,False,False
AMZN,2023-04-20 04:00:00+00:00,103.52999877929688,105.25,103.20999908447266,103.80999755859376,57696900,2023,4,16,Thursday,103.95,104.3000030517578,-0.47,-0.74,-1.05,-0.47,1.05,103.257,102.214,101.171,100.128,99.085,98.042,96.999,95.956,94.913,93.87,92.827,91.784,90.741,89.698,88.655,87.612,85.526,84.483,83.44,82.397,81.354,80.311,79.268,78.225,1,103.257,True,False,False,False,False,False,False,False,False,False,False,False,False,False,False,False,False,False,False,False,False,False,False,False
AMZN,2023-04-21 04:00:00+00:00,106.0999984741211,108.1500015258789,105.08000183105467,106.95999908447266,86774200,2023,4,16,Friday,106.5725,103.80999755859376,3.03,2.21,1.22,3.03,-1.22,102.7719,101.7338,100.6957,99.6576,98.6195,97.5814,96.5433,95.5052,94.4671,93.429,92.3909,91.3528,90.3147,89.2766,88.2385,87.2004,85.1242,84.0861,83.048,82.0099,80.9718,79.9337,78.8956,77.8575,0,0.0,False,False,False,False,False,False,False,False,False,False,False,False,False,False,False,False,False,False,False,False,False,False,False,False
AMZN,2023-04-24 04:00:00+00:00,107.66000366210938,109.2300033569336,105.06999969482422,106.20999908447266,69575600,2023,4,17,Monday,107.0425,106.95999908447266,-0.7,0.65,-1.77,-0.7,1.77,105.8904,104.8208,103.7512,102.6816,101.612,100.5424,99.4728,98.4032,97.3336,96.264,95.1944,94.1248,93.0552,91.9856,90.916,89.8464,87.7072,86.6376,85.568,84.4984,83.4288,82.3592,81.2896,80.22,1,105.8904,True,False,False,False,False,False,False,False,False,False,False,False,False,False,False,False,False,False,False,False,False,False,False,False
AMZN,2023-04-25 04:00:00+00:00,104.91000366210938,105.4499969482422,102.4499969482422,102.56999969482422,65026800,2023,4,17,Tuesday,103.845,106.20999908447266,-3.43,-1.22,-3.54,-3.43,3.54,105.1479,104.0858,103.0237,101.9616,100.8995,99.8374,98.7753,97.7132,96.6511,95.589,94.5269,93.4648,92.4027,91.3406,90.2785,89.2164,87.0922,86.0301,84.968,83.9059,82.8438,81.7817,80.7196,79.6575,3,312.2574,True,True,True,False,False,False,False,False,False,False,False,False,False,False,False,False,False,False,False,False,False,False,False,False
AMZN,2023-04-26 04:00:00+00:00,105.04000091552734,106.62000274658205,104.0999984741211,104.9800033569336,73803800,2023,4,17,Wednesday,105.185,102.56999969482422,2.35,2.41,1.49,2.35,-1.49,101.5443,100.5186,99.4929,98.4672,97.4415,96.4158,95.3901,94.3644,93.3387,92.313,91.2873,90.2616,89.2359,88.2102,87.1845,86.1588,84.1074,83.0817,82.056,81.0303,80.0046,78.9789,77.9532,76.9275,0,0.0,False,False,False,False,False,False,False,False,False,False,False,False,False,False,False,False,False,False,False,False,False,False,False,False
AMZN,2023-04-27 04:00:00+00:00,108.16000366210938,110.86000061035156,106.8000030517578,109.81999969482422,149961200,2023,4,17,Thursday,108.91,104.9800033569336,4.61,3.03,1.73,4.61,-1.73,103.9302,102.8804,101.8306,100.7808,99.731,98.6812,97.6314,96.5816,95.5318,94.482,93.4322,92.3824,91.3326,90.2828,89.233,88.1832,86.0836,85.0338,83.984,82.9342,81.8844,80.8346,79.7848,78.735,0,0.0,False,False,False,False,False,False,False,False,False,False,False,False,False,False,False,False,False,False,False,False,False,False,False,False
AMZN,2023-04-28 04:00:00+00:00,107.7300033569336,109.4800033569336,104.33000183105467,105.4499969482422,130715900,2023,4,17,Friday,106.7475,109.81999969482422,-3.98,-1.9,-5.0,-3.98,5.0,108.7218,107.6236,106.5254,105.4272,104.329,103.2308,102.1326,101.0344,99.9362,98.838,97.7398,96.6416,95.5434,94.4452,93.347,92.2488,90.0524,88.9542,87.856,86.7578,85.6596,84.5614,83.4632,82.365,4,428.298,True,True,True,True,False,False,False,False,False,False,False,False,False,False,False,False,False,False,False,False,False,False,False,False
AMZN,2023-05-01 04:00:00+00:00,104.9499969482422,105.2300033569336,101.81999969482422,102.0500030517578,74728100,2023,5,18,Monday,103.5125,105.4499969482422,-3.22,-0.47,-3.44,-3.22,3.44,104.3955,103.341,102.2865,101.232,100.1775,99.123,98.0685,97.014,95.9595,94.905,93.8505,92.796,91.7415,90.687,89.6325,88.578,86.469,85.4145,84.36,83.3055,82.251,81.1965,80.142,79.0875,3,310.023,True,True,True,False,False,False,False,False,False,False,False,False,False,False,False,False,False,False,False,False,False,False,False,False
AMZN,2023-05-02 04:00:00+00:00,101.47000122070312,103.9000015258789,101.1500015258789,103.62999725341795,73469400,2023,5,18,Tuesday,102.5375,102.0500030517578,1.55,-0.57,-0.88,1.55,0.88,101.0295,100.009,98.9885,97.968,96.9475,95.927,94.9065,93.886,92.8655,91.845,90.8245,89.804,88.7835,87.763,86.7425,85.722,83.681,82.6605,81.64,80.6195,79.599,78.5785,77.558,76.5375,0,0.0,False,False,False,False,False,False,False,False,False,False,False,False,False,False,False,False,False,False,False,False,False,False,False,False
AMZN,2023-05-03 04:00:00+00:00,103.73999786376952,105.95999908447266,103.27999877929688,103.6500015258789,65051900,2023,5,18,Wednesday,104.1575,103.62999725341795,0.02,0.11,-0.34,0.02,0.34,102.5937,101.5574,100.5211,99.4848,98.4485,97.4122,96.3759,95.3396,94.3033,93.267,92.2307,91.1944,90.1581,89.1218,88.0855,87.0492,84.9766,83.9403,82.904,81.8677,80.8314,79.7951,78.7588,77.7225,0,0.0,False,False,False,False,False,False,False,False,False,False,False,False,False,False,False,False,False,False,False,False,False,False,False,False
AMZN,2023-05-04 04:00:00+00:00,104.04000091552734,105.38999938964844,103.30999755859376,104.0,45345500,2023,5,18,Thursday,104.185,103.6500015258789,0.34,0.38,-0.33,0.34,0.33,102.6135,101.577,100.5405,99.504,98.4675,97.431,96.3945,95.358,94.3215,93.285,92.2485,91.212,90.1755,89.139,88.1025,87.066,84.993,83.9565,82.92,81.8835,80.847,79.8105,78.774,77.7375,0,0.0,False,False,False,False,False,False,False,False,False,False,False,False,False,False,False,False,False,False,False,False,False,False,False,False
AMZN,2023-05-05 04:00:00+00:00,104.2699966430664,105.76000213623048,103.5500030517578,105.66000366210938,56951700,2023,5,18,Friday,104.81,104.0,1.6,0.26,-0.43,1.6,0.43,102.96,101.92,100.88,99.84,98.8,97.76,96.72,95.68,94.64,93.6,92.56,91.52,90.48,89.44,88.4,87.36,85.28,84.24,83.2,82.16,81.12,80.08,79.04,78.0,0,0.0,False,False,False,False,False,False,False,False,False,False,False,False,False,False,False,False,False,False,False,False,False,False,False,False
AMZN,2023-05-08 04:00:00+00:00,105.04000091552734,106.0999984741211,104.6999969482422,105.83000183105467,49430900,2023,5,19,Monday,105.4175,105.66000366210938,0.16,-0.59,-0.91,0.16,0.91,104.6034,103.5468,102.4902,101.4336,100.377,99.3204,98.2638,97.2072,96.1506,95.094,94.0374,92.9808,91.9242,90.8676,89.811,88.7544,86.6412,85.5846,84.528,83.4714,82.4148,81.3582,80.3016,79.245,0,0.0,False,False,False,False,False,False,False,False,False,False,False,False,False,False,False,False,False,False,False,False,False,False,False,False
AMZN,2023-05-09 04:00:00+00:00,105.4800033569336,106.79000091552734,105.16000366210938,106.62000274658205,44089400,2023,5,19,Tuesday,106.0125,105.83000183105467,0.75,-0.33,-0.63,0.75,0.63,104.7717,103.7134,102.6551,101.5968,100.5385,99.4802,98.4219,97.3636,96.3053,95.247,94.1887,93.1304,92.0721,91.0138,89.9555,88.8972,86.7806,85.7223,84.664,83.6057,82.5474,81.4891,80.4308,79.3725,0,0.0,False,False,False,False,False,False,False,False,False,False,False,False,False,False,False,False,False,False,False,False,False,False,False,False
AMZN,2023-05-10 04:00:00+00:00,108.0999984741211,110.66999816894533,108.0500030517578,110.19000244140624,78627600,2023,5,19,Wednesday,109.2525,106.62000274658205,3.35,1.39,1.34,3.35,-1.34,105.5538,104.4876,103.4214,102.3552,101.289,100.2228,99.1566,98.0904,97.0242,95.958,94.8918,93.8256,92.7594,91.6932,90.627,89.5608,87.4284,86.3622,85.296,84.2298,83.1636,82.0974,81.0312,79.965,0,0.0,False,False,False,False,False,False,False,False,False,False,False,False,False,False,False,False,False,False,False,False,False,False,False,False
AMZN,2023-05-11 04:00:00+00:00,111.02999877929688,113.27999877929688,110.48999786376952,112.18000030517578,74924800,2023,5,19,Thursday,111.745,110.19000244140624,1.81,0.76,0.27,1.81,-0.27,109.0881,107.9862,106.8843,105.7824,104.6805,103.5786,102.4767,101.3748,100.2729,99.171,98.0691,96.9672,95.8653,94.7634,93.6615,92.5596,90.3558,89.2539,88.152,87.0501,85.9482,84.8463,83.7444,82.6425,0,0.0,False,False,False,False,False,False,False,False,False,False,False,False,False,False,False,False,False,False,False,False,False,False,False,False
AMZN,2023-05-12 04:00:00+00:00,112.16000366210938,112.63999938964844,109.31999969482422,110.26000213623048,49852700,2023,5,19,Friday,111.095,112.18000030517578,-1.71,-0.02,-2.55,-1.71,2.55,111.0582,109.9364,108.8146,107.6928,106.571,105.4492,104.3274,103.2056,102.0838,100.962,99.8402,98.7184,97.5966,96.4748,95.353,94.2312,91.9876,90.8658,89.744,88.6222,87.5004,86.3786,85.2568,84.135,2,220.9946,True,True,False,False,False,False,False,False,False,False,False,False,False,False,False,False,False,False,False,False,False,False,False,False
AMZN,2023-05-15 04:00:00+00:00,111.1500015258789,112.29000091552734,109.25,111.1999969482422,53011100,2023,5,20,Monday,110.9725,110.26000213623048,0.85,0.81,-0.92,0.85,0.92,109.1574,108.0548,106.9522,105.8496,104.747,103.6444,102.5418,101.4392,100.3366,99.234,98.1314,97.0288,95.9262,94.8236,93.721,92.6184,90.4132,89.3106,88.208,87.1054,86.0028,84.9002,83.7976,82.695,0,0.0,False,False,False,False,False,False,False,False,False,False,False,False,False,False,False,False,False,False,False,False,False,False,False,False
AMZN,2023-05-16 04:00:00+00:00,111.0500030517578,114.79000091552734,111.0500030517578,113.4000015258789,71472900,2023,5,20,Tuesday,112.5725,111.1999969482422,1.98,-0.13,-0.13,1.98,0.13,110.088,108.976,107.864,106.752,105.64,104.528,103.416,102.304,101.192,100.08,98.968,97.856,96.744,95.632,94.52,93.408,91.184,90.072,88.96,87.848,86.736,85.624,84.512,83.4,0,0.0,False,False,False,False,False,False,False,False,False,False,False,False,False,False,False,False,False,False,False,False,False,False,False,False
AMZN,2023-05-17 04:00:00+00:00,114.88999938964844,115.83000183105467,114.22000122070312,115.5,65655200,2023,5,20,Wednesday,115.11,113.4000015258789,1.85,1.31,0.72,1.85,-0.72,112.266,111.132,109.998,108.864,107.73,106.596,105.462,104.328,103.194,102.06,100.926,99.792,98.658,97.524,96.39,95.256,92.988,91.854,90.72,89.586,88.452,87.318,86.184,85.05,0,0.0,False,False,False,False,False,False,False,False,False,False,False,False,False,False,False,False,False,False,False,False,False,False,False,False
AMZN,2023-05-18 04:00:00+00:00,116.69000244140624,118.5999984741211,116.33999633789062,118.1500015258789,73174100,2023,5,20,Thursday,117.445,115.5,2.29,1.03,0.73,2.29,-0.73,114.345,113.19,112.035,110.88,109.725,108.57,107.415,106.26,105.105,103.95,102.795,101.64,100.485,99.33,98.175,97.02,94.71,93.555,92.4,91.245,90.09,88.935,87.78,86.625,0,0.0,False,False,False,False,False,False,False,False,False,False,False,False,False,False,False,False,False,False,False,False,False,False,False,False
AMZN,2023-05-19 04:00:00+00:00,118.16000366210938,118.30999755859376,115.6999969482422,116.25,55056300,2023,5,20,Friday,117.105,118.1500015258789,-1.61,0.01,-2.07,-1.61,2.07,116.9685,115.787,114.6055,113.424,112.2425,111.061,109.8795,108.698,107.5165,106.335,105.1535,103.972,102.7905,101.609,100.4275,99.246,96.883,95.7015,94.52,93.3385,92.157,90.9755,89.794,88.6125,2,232.7555,True,True,False,False,False,False,False,False,False,False,False,False,False,False,False,False,False,False,False,False,False,False,False,False
AMZN,2023-05-22 04:00:00+00:00,116.7699966430664,116.7699966430664,114.25,115.01000213623048,70741100,2023,5,21,Monday,115.7,116.25,-1.07,0.45,-1.72,-1.07,1.72,115.0875,113.925,112.7625,111.6,110.4375,109.275,108.1125,106.95,105.7875,104.625,103.4625,102.3,101.1375,99.975,98.8125,97.65,95.325,94.1625,93.0,91.8375,90.675,89.5125,88.35,87.1875,1,115.0875,True,False,False,False,False,False,False,False,False,False,False,False,False,False,False,False,False,False,False,False,False,False,False,False
AMZN,2023-05-23 04:00:00+00:00,114.2699966430664,117.13999938964844,113.77999877929688,114.98999786376952,67576300,2023,5,21,Tuesday,115.045,115.01000213623048,-0.02,-0.64,-1.07,-0.02,1.07,113.8599,112.7098,111.5597,110.4096,109.2595,108.1094,106.9593,105.8092,104.6591,103.509,102.3589,101.2088,100.0587,98.9086,97.7585,96.6084,94.3082,93.1581,92.008,90.8579,89.7078,88.5577,87.4076,86.2575,1,113.8599,True,False,False,False,False,False,False,False,False,False,False,False,False,False,False,False,False,False,False,False,False,False,False,False
AMZN,2023-05-24 04:00:00+00:00,115.3499984741211,117.33999633789062,115.0199966430664,116.75,63487900,2023,5,21,Wednesday,116.115,114.98999786376952,1.53,0.31,0.03,1.53,-0.03,113.8401,112.6902,111.5403,110.3904,109.2405,108.0906,106.9407,105.7908,104.6409,103.491,102.3411,101.1912,100.0413,98.8914,97.7415,96.5916,94.2918,93.1419,91.992,90.8421,89.6922,88.5423,87.3924,86.2425,0,0.0,False,False,False,False,False,False,False,False,False,False,False,False,False,False,False,False,False,False,False,False,False,False,False,False
AMZN,2023-05-25 04:00:00+00:00,116.62999725341795,116.87000274658205,114.30999755859376,115.0,66496700,2023,5,21,Thursday,115.7025,116.75,-1.5,-0.1,-2.09,-1.5,2.09,115.5825,114.415,113.2475,112.08,110.9125,109.745,108.5775,107.41,106.2425,105.075,103.9075,102.74,101.5725,100.405,99.2375,98.07,95.735,94.5675,93.4,92.2325,91.065,89.8975,88.73,87.5625,2,229.9975,True,True,False,False,False,False,False,False,False,False,False,False,False,False,False,False,False,False,False,False,False,False,False,False
AMZN,2023-05-26 04:00:00+00:00,116.04000091552734,121.5,116.0199966430664,120.11000061035156,96779900,2023,5,21,Friday,118.4175,115.0,4.44,0.9,0.89,4.44,-0.89,113.85,112.7,111.55,110.4,109.25,108.1,106.95,105.8,104.65,103.5,102.35,101.2,100.05,98.9,97.75,96.6,94.3,93.15,92.0,90.85,89.7,88.55,87.4,86.25,0,0.0,False,False,False,False,False,False,False,False,False,False,False,False,False,False,False,False,False,False,False,False,False,False,False,False
AMZN,2023-05-30 04:00:00+00:00,122.37000274658205,122.91999816894533,119.86000061035156,121.66000366210938,64314800,2023,5,22,Tuesday,121.7025,120.11000061035156,1.29,1.88,-0.21,1.29,0.21,118.9089,117.7078,116.5067,115.3056,114.1045,112.9034,111.7023,110.5012,109.3001,108.099,106.8979,105.6968,104.4957,103.2946,102.0935,100.8924,98.4902,97.2891,96.088,94.8869,93.6858,92.4847,91.2836,90.0825,0,0.0,False,False,False,False,False,False,False,False,False,False,False,False,False,False,False,False,False,False,False,False,False,False,False,False
AMZN,2023-05-31 04:00:00+00:00,121.4499969482422,122.04000091552734,119.16999816894533,120.58000183105467,72800800,2023,5,22,Wednesday,120.81,121.66000366210938,-0.89,-0.17,-2.05,-0.89,2.05,120.4434,119.2268,118.0102,116.7936,115.577,114.3604,113.1438,111.9272,110.7106,109.494,108.2774,107.0608,105.8442,104.6276,103.411,102.1944,99.7612,98.5446,97.328,96.1114,94.8948,93.6782,92.4616,91.245,2,239.6702,True,True,False,False,False,False,False,False,False,False,False,False,False,False,False,False,False,False,False,False,False,False,False,False
AMZN,2023-06-01 04:00:00+00:00,120.69000244140624,123.48999786376952,119.93000030517578,122.7699966430664,54375100,2023,6,22,Thursday,121.72,120.58000183105467,1.82,0.09,-0.54,1.82,0.54,119.3742,118.1684,116.9626,115.7568,114.551,113.3452,112.1394,110.9336,109.7278,108.522,107.3162,106.1104,104.9046,103.6988,102.493,101.2872,98.8756,97.6698,96.464,95.2582,94.0524,92.8466,91.6408,90.435,0,0.0,False,False,False,False,False,False,False,False,False,False,False,False,False,False,False,False,False,False,False,False,False,False,False,False
AMZN,2023-06-02 04:00:00+00:00,124.91999816894533,126.38999938964844,124.0199966430664,124.25,61264400,2023,6,22,Friday,124.895,122.7699966430664,1.21,1.75,1.02,1.21,-1.02,121.5423,120.3146,119.0869,117.8592,116.6315,115.4038,114.1761,112.9484,111.7207,110.493,109.2653,108.0376,106.8099,105.5822,104.3545,103.1268,100.6714,99.4437,98.216,96.9883,95.7606,94.5329,93.3052,92.0775,0,0.0,False,False,False,False,False,False,False,False,False,False,False,False,False,False,False,False,False,False,False,False,False,False,False,False
AMZN,2023-06-05 04:00:00+00:00,123.36000061035156,125.8000030517578,123.02999877929688,125.3000030517578,47950100,2023,6,23,Monday,124.3725,124.25,0.85,-0.72,-0.98,0.85,0.98,123.0075,121.765,120.5225,119.28,118.0375,116.795,115.5525,114.31,113.0675,111.825,110.5825,109.34,108.0975,106.855,105.6125,104.37,101.885,100.6425,99.4,98.1575,96.915,95.6725,94.43,93.1875,0,0.0,False,False,False,False,False,False,False,False,False,False,False,False,False,False,False,False,False,False,False,False,False,False,False,False
AMZN,2023-06-06 04:00:00+00:00,125.06999969482422,127.4000015258789,125.0,126.61000061035156,45695200,2023,6,23,Tuesday,126.02,125.3000030517578,1.05,-0.18,-0.24,1.05,0.24,124.047,122.794,121.541,120.288,119.035,117.782,116.529,115.276,114.023,112.77,111.517,110.264,109.011,107.758,106.505,105.252,102.746,101.493,100.24,98.987,97.734,96.481,95.228,93.975,0,0.0,False,False,False,False,False,False,False,False,False,False,False,False,False,False,False,False,False,False,False,False,False,False,False,False
AMZN,2023-06-07 04:00:00+00:00,127.01000213623048,127.37000274658205,120.62999725341795,121.2300033569336,95663300,2023,6,23,Wednesday,124.06,126.61000061035156,-4.25,0.32,-4.72,-4.25,4.72,125.3439,124.0778,122.8117,121.5456,120.2795,119.0134,117.7473,116.4812,115.2151,113.949,112.6829,111.4168,110.1507,108.8846,107.6185,106.3524,103.8202,102.5541,101.288,100.0219,98.7558,97.4897,96.2236,94.9575,4,493.779,True,True,True,True,False,False,False,False,False,False,False,False,False,False,False,False,False,False,False,False,False,False,False,False
AMZN,2023-06-08 04:00:00+00:00,123.01000213623048,125.62999725341795,122.26000213623048,124.25,62159300,2023,6,23,Thursday,123.7875,121.2300033569336,2.49,1.47,0.85,2.49,-0.85,120.0177,118.8054,117.5931,116.3808,115.1685,113.9562,112.7439,111.5316,110.3193,109.107,107.8947,106.6824,105.4701,104.2578,103.0455,101.8332,99.4086,98.1963,96.984,95.7717,94.5594,93.3471,92.1348,90.9225,0,0.0,False,False,False,False,False,False,False,False,False,False,False,False,False,False,False,False,False,False,False,False,False,False,False,False
AMZN,2023-06-09 04:00:00+00:00,124.08000183105467,125.8000030517578,123.19000244140624,123.43000030517578,51396000,2023,6,23,Friday,124.125,124.25,-0.66,-0.14,-0.85,-0.66,0.85,123.0075,121.765,120.5225,119.28,118.0375,116.795,115.5525,114.31,113.0675,111.825,110.5825,109.34,108.0975,106.855,105.6125,104.37,101.885,100.6425,99.4,98.1575,96.915,95.6725,94.43,93.1875,0,0.0,False,False,False,False,False,False,False,False,False,False,False,False,False,False,False,False,False,False,False,False,False,False,False,False
AMZN,2023-06-12 04:00:00+00:00,124.0199966430664,126.77999877929688,123.52999877929688,126.56999969482422,51338000,2023,6,24,Monday,125.225,123.43000030517578,2.54,0.48,0.08,2.54,-0.08,122.1957,120.9614,119.7271,118.4928,117.2585,116.0242,114.7899,113.5556,112.3213,111.087,109.8527,108.6184,107.3841,106.1498,104.9155,103.6812,101.2126,99.9783,98.744,97.5097,96.2754,95.0411,93.8068,92.5725,0,0.0,False,False,False,False,False,False,False,False,False,False,False,False,False,False,False,False,False,False,False,False,False,False,False,False
AMZN,2023-06-13 04:00:00+00:00,128.1199951171875,128.41000366210938,125.18000030517578,126.66000366210938,50564800,2023,6,24,Tuesday,127.0925,126.56999969482422,0.07,1.22,-1.1,0.07,1.1,125.3043,124.0386,122.7729,121.5072,120.2415,118.9758,117.7101,116.4444,115.1787,113.913,112.6473,111.3816,110.1159,108.8502,107.5845,106.3188,103.7874,102.5217,101.256,99.9903,98.7246,97.4589,96.1932,94.9275,1,125.3043,True,False,False,False,False,False,False,False,False,False,False,False,False,False,False,False,False,False,False,False,False,False,False,False
AMZN,2023-06-14 04:00:00+00:00,126.6999969482422,126.9499969482422,124.12000274658205,126.41999816894533,52422500,2023,6,24,Wednesday,126.0475,126.66000366210938,-0.19,0.03,-2.01,-0.19,2.01,125.3934,124.1268,122.8602,121.5936,120.327,119.0604,117.7938,116.5272,115.2606,113.994,112.7274,111.4608,110.1942,108.9276,107.661,106.3944,103.8612,102.5946,101.328,100.0614,98.7948,97.5282,96.2616,94.995,2,249.5202,True,True,False,False,False,False,False,False,False,False,False,False,False,False,False,False,False,False,False,False,False,False,False,False
AMZN,2023-06-15 04:00:00+00:00,125.20999908447266,127.69000244140624,124.31999969482422,127.11000061035156,60458500,2023,6,24,Thursday,126.0825,126.41999816894533,0.55,-0.96,-1.66,0.55,1.66,125.1558,123.8916,122.6274,121.3632,120.099,118.8348,117.5706,116.3064,115.0422,113.778,112.5138,111.2496,109.9854,108.7212,107.457,106.1928,103.6644,102.4002,101.136,99.8718,98.6076,97.3434,96.0792,94.815,1,125.1558,True,False,False,False,False,False,False,False,False,False,False,False,False,False,False,False,False,False,False,False,False,False,False,False
AMZN,2023-06-16 04:00:00+00:00,127.70999908447266,127.9000015258789,125.3000030517578,125.48999786376952,84247100,2023,6,24,Friday,126.6,127.11000061035156,-1.27,0.47,-1.42,-1.27,1.42,125.8389,124.5678,123.2967,122.0256,120.7545,119.4834,118.2123,116.9412,115.6701,114.399,113.1279,111.8568,110.5857,109.3146,108.0435,106.7724,104.2302,102.9591,101.688,100.4169,99.1458,97.8747,96.6036,95.3325,1,125.8389,True,False,False,False,False,False,False,False,False,False,False,False,False,False,False,False,False,False,False,False,False,False,False,False
AMZN,2023-06-20 04:00:00+00:00,124.97000122070312,127.25,124.5,125.77999877929688,56930100,2023,6,25,Tuesday,125.625,125.48999786376952,0.23,-0.41,-0.79,0.23,0.79,124.2351,122.9802,121.7253,120.4704,119.2155,117.9606,116.7057,115.4508,114.1959,112.941,111.6861,110.4312,109.1763,107.9214,106.6665,105.4116,102.9018,101.6469,100.392,99.1371,97.8822,96.6273,95.3724,94.1175,0,0.0,False,False,False,False,False,False,False,False,False,False,False,False,False,False,False,False,False,False,False,False,False,False,False,False
AMZN,2023-06-21 04:00:00+00:00,125.63999938964844,126.7300033569336,123.8499984741211,124.83000183105467,52137700,2023,6,25,Wednesday,125.2625,125.77999877929688,-0.76,-0.11,-1.53,-0.76,1.53,124.5222,123.2644,122.0066,120.7488,119.491,118.2332,116.9754,115.7176,114.4598,113.202,111.9442,110.6864,109.4286,108.1708,106.913,105.6552,103.1396,101.8818,100.624,99.3662,98.1084,96.8506,95.5928,94.335,1,124.5222,True,False,False,False,False,False,False,False,False,False,False,False,False,False,False,False,False,False,False,False,False,False,False,False
AMZN,2023-06-22 04:00:00+00:00,125.30999755859376,130.3300018310547,125.13999938964844,130.14999389648438,90354600,2023,6,25,Thursday,127.7325,124.83000183105467,4.26,0.38,0.25,4.26,-0.25,123.5817,122.3334,121.0851,119.8368,118.5885,117.3402,116.0919,114.8436,113.5953,112.347,111.0987,109.8504,108.6021,107.3538,106.1055,104.8572,102.3606,101.1123,99.864,98.6157,97.3674,96.1191,94.8708,93.6225,0,0.0,False,False,False,False,False,False,False,False,False,False,False,False,False,False,False,False,False,False,False,False,False,False,False,False
AMZN,2023-06-23 04:00:00+00:00,129.11000061035156,130.83999633789062,128.27999877929688,129.3300018310547,71927800,2023,6,25,Friday,129.39,130.14999389648438,-0.63,-0.8,-1.44,-0.63,1.44,128.8485,127.547,126.2455,124.944,123.6425,122.341,121.0395,119.738,118.4365,117.135,115.8335,114.532,113.2305,111.929,110.6275,109.326,106.723,105.4215,104.12,102.8185,101.517,100.2155,98.914,97.6125,1,128.8485,True,False,False,False,False,False,False,False,False,False,False,False,False,False,False,False,False,False,False,False,False,False,False,False
AMZN,2023-06-26 04:00:00+00:00,129.3300018310547,131.49000549316406,127.0999984741211,127.33000183105467,59989300,2023,6,26,Monday,128.8125,129.3300018310547,-1.55,0.0,-1.72,-1.55,1.72,128.0367,126.7434,125.4501,124.1568,122.8635,121.5702,120.2769,118.9836,117.6903,116.397,115.1037,113.8104,112.5171,111.2238,109.9305,108.6372,106.0506,104.7573,103.464,102.1707,100.8774,99.5841,98.2908,96.9975,1,128.0367,True,False,False,False,False,False,False,False,False,False,False,False,False,False,False,False,False,False,False,False,False,False,False,False
AMZN,2023-06-27 04:00:00+00:00,128.6300048828125,130.08999633789062,127.5500030517578,129.17999267578125,46801000,2023,6,26,Tuesday,128.8625,127.33000183105467,1.45,1.02,0.17,1.45,-0.17,126.0567,124.7834,123.5101,122.2368,120.9635,119.6902,118.4169,117.1436,115.8703,114.597,113.3237,112.0504,110.7771,109.5038,108.2305,106.9572,104.4106,103.1373,101.864,100.5907,99.3174,98.0441,96.7708,95.4975,0,0.0,False,False,False,False,False,False,False,False,False,False,False,False,False,False,False,False,False,False,False,False,False,False,False,False
AMZN,2023-06-28 04:00:00+00:00,128.94000244140625,131.47999572753906,128.44000244140625,129.0399932861328,52149500,2023,6,26,Wednesday,129.475,129.17999267578125,-0.11,-0.19,-0.57,-0.11,0.57,127.8882,126.5964,125.3046,124.0128,122.721,121.4292,120.1374,118.8456,117.5538,116.262,114.9702,113.6784,112.3866,111.0948,109.803,108.5112,105.9276,104.6358,103.344,102.0522,100.7604,99.4686,98.1768,96.885,0,0.0,False,False,False,False,False,False,False,False,False,False,False,False,False,False,False,False,False,False,False,False,False,False,False,False
AMZN,2023-06-29 04:00:00+00:00,128.77000427246094,129.25999450683594,127.26000213623048,127.9000015258789,40761000,2023,6,26,Thursday,128.2975,129.0399932861328,-0.88,-0.21,-1.38,-0.88,1.38,127.7496,126.4592,125.1688,123.8784,122.588,121.2976,120.0072,118.7168,117.4264,116.136,114.8456,113.5552,112.2648,110.9744,109.684,108.3936,105.8128,104.5224,103.232,101.9416,100.6512,99.3608,98.0704,96.78,1,127.7496,True,False,False,False,False,False,False,False,False,False,False,False,False,False,False,False,False,False,False,False,False,False,False,False
AMZN,2023-06-30 04:00:00+00:00,129.47000122070312,131.25,128.9499969482422,130.36000061035156,54350700,2023,6,26,Friday,130.0075,127.9000015258789,1.92,1.23,0.82,1.92,-0.82,126.621,125.342,124.063,122.784,121.505,120.226,118.947,117.668,116.389,115.11,113.831,112.552,111.273,109.994,108.715,107.436,104.878,103.599,102.32,101.041,99.762,98.483,97.204,95.925,0,0.0,False,False,False,False,False,False,False,False,False,False,False,False,False,False,False,False,False,False,False,False,False,False,False,False
AMZN,2023-07-03 04:00:00+00:00,130.82000732421875,131.85000610351562,130.07000732421875,130.22000122070312,28264800,2023,7,27,Monday,130.74,130.36000061035156,-0.11,0.35,-0.22,-0.11,0.22,129.0564,127.7528,126.4492,125.1456,123.842,122.5384,121.2348,119.9312,118.6276,117.324,116.0204,114.7168,113.4132,112.1096,110.806,109.5024,106.8952,105.5916,104.288,102.9844,101.6808,100.3772,99.0736,97.77,0,0.0,False,False,False,False,False,False,False,False,False,False,False,False,False,False,False,False,False,False,False,False,False,False,False,False
AMZN,2023-07-05 04:00:00+00:00,130.24000549316406,131.39999389648438,129.63999938964844,130.3800048828125,35895400,2023,7,27,Wednesday,130.415,130.22000122070312,0.12,0.02,-0.45,0.12,0.45,128.9178,127.6156,126.3134,125.0112,123.709,122.4068,121.1046,119.8024,118.5002,117.198,115.8958,114.5936,113.2914,111.9892,110.687,109.3848,106.7804,105.4782,104.176,102.8738,101.5716,100.2694,98.9672,97.665,0,0.0,False,False,False,False,False,False,False,False,False,False,False,False,False,False,False,False,False,False,False,False,False,False,False,False
AMZN,2023-07-06 04:00:00+00:00,128.25,128.72999572753906,127.37000274658205,128.36000061035156,40639900,2023,7,27,Thursday,128.1775,130.3800048828125,-1.55,-1.63,-2.31,-1.55,2.31,129.0762,127.7724,126.4686,125.1648,123.861,122.5572,121.2534,119.9496,118.6458,117.342,116.0382,114.7344,113.4306,112.1268,110.823,109.5192,106.9116,105.6078,104.304,103.0002,101.6964,100.3926,99.0888,97.785,2,256.8486,True,True,False,False,False,False,False,False,False,False,False,False,False,False,False,False,False,False,False,False,False,False,False,False
AMZN,2023-07-07 04:00:00+00:00,128.58999633789062,130.97000122070312,128.1300048828125,129.77999877929688,41992300,2023,7,27,Friday,129.3675,128.36000061035156,1.11,0.18,-0.18,1.11,0.18,127.0764,125.7928,124.5092,123.2256,121.942,120.6584,119.3748,118.0912,116.8076,115.524,114.2404,112.9568,111.6732,110.3896,109.106,107.8224,105.2552,103.9716,102.688,101.4044,100.1208,98.8372,97.5536,96.27,0,0.0,False,False,False,False,False,False,False,False,False,False,False,False,False,False,False,False,False,False,False,False,False,False,False,False
AMZN,2023-07-10 04:00:00+00:00,129.07000732421875,129.27999877929688,125.91999816894533,127.12999725341795,61889300,2023,7,28,Monday,127.85,129.77999877929688,-2.04,-0.55,-2.97,-2.04,2.97,128.4822,127.1844,125.8866,124.5888,123.291,121.9932,120.6954,119.3976,118.0998,116.802,115.5042,114.2064,112.9086,111.6108,110.313,109.0152,106.4196,105.1218,103.824,102.5262,101.2284,99.9306,98.6328,97.335,2,255.6666,True,True,False,False,False,False,False,False,False,False,False,False,False,False,False,False,False,False,False,False,False,False,False,False
AMZN,2023-07-11 04:00:00+00:00,127.75,129.77000427246094,127.3499984741211,128.77999877929688,49951500,2023,7,28,Tuesday,128.4125,127.12999725341795,1.3,0.49,0.17,1.3,-0.17,125.8587,124.5874,123.3161,122.0448,120.7735,119.5022,118.2309,116.9596,115.6883,114.417,113.1457,111.8744,110.6031,109.3318,108.0605,106.7892,104.2466,102.9753,101.704,100.4327,99.1614,97.8901,96.6188,95.3475,0,0.0,False,False,False,False,False,False,False,False,False,False,False,False,False,False,False,False,False,False,False,False,False,False,False,False
AMZN,2023-07-12 04:00:00+00:00,130.30999755859375,131.25999450683594,128.8300018310547,130.8000030517578,54022800,2023,7,28,Wednesday,130.3,128.77999877929688,1.57,1.19,0.04,1.57,-0.04,127.4922,126.2044,124.9166,123.6288,122.341,121.0532,119.7654,118.4776,117.1898,115.902,114.6142,113.3264,112.0386,110.7508,109.463,108.1752,105.5996,104.3118,103.024,101.7362,100.4484,99.1606,97.8728,96.585,0,0.0,False,False,False,False,False,False,False,False,False,False,False,False,False,False,False,False,False,False,False,False,False,False,False,False
AMZN,2023-07-13 04:00:00+00:00,134.0399932861328,134.6699981689453,132.7100067138672,134.3000030517578,61170900,2023,7,28,Thursday,133.93,130.8000030517578,2.68,2.48,1.46,2.68,-1.46,129.492,128.184,126.876,125.568,124.26,122.952,121.644,120.336,119.028,117.72,116.412,115.104,113.796,112.488,111.18,109.872,107.256,105.948,104.64,103.332,102.024,100.716,99.408,98.1,0,0.0,False,False,False,False,False,False,False,False,False,False,False,False,False,False,False,False,False,False,False,False,False,False,False,False
AMZN,2023-07-14 04:00:00+00:00,134.05999755859375,136.64999389648438,134.05999755859375,134.67999267578125,54487100,2023,7,28,Friday,134.8625,134.3000030517578,0.28,-0.18,-0.18,0.28,0.18,132.957,131.614,130.271,128.928,127.585,126.242,124.899,123.556,122.213,120.87,119.527,118.184,116.841,115.498,114.155,112.812,110.126,108.783,107.44,106.097,104.754,103.411,102.068,100.725,0,0.0,False,False,False,False,False,False,False,False,False,False,False,False,False,False,False,False,False,False,False,False,False,False,False,False
AMZN,2023-07-17 04:00:00+00:00,134.55999755859375,135.6199951171875,133.2100067138672,133.55999755859375,48450200,2023,7,29,Monday,134.2375,134.67999267578125,-0.83,-0.09,-1.09,-0.83,1.09,133.3332,131.9864,130.6396,129.2928,127.946,126.5992,125.2524,123.9056,122.5588,121.212,119.8652,118.5184,117.1716,115.8248,114.478,113.1312,110.4376,109.0908,107.744,106.3972,105.0504,103.7036,102.3568,101.01,1,133.3332,True,False,False,False,False,False,False,False,False,False,False,False,False,False,False,False,False,False,False,False,False,False,False,False
AMZN,2023-07-18 04:00:00+00:00,132.7100067138672,133.86000061035156,131.35000610351562,132.8300018310547,54882900,2023,7,29,Tuesday,132.6875,133.55999755859375,-0.55,-0.64,-1.65,-0.55,1.65,132.2244,130.8888,129.5532,128.2176,126.882,125.5464,124.2108,122.8752,121.5396,120.204,118.8684,117.5328,116.1972,114.8616,113.526,112.1904,109.5192,108.1836,106.848,105.5124,104.1768,102.8412,101.5056,100.17,1,132.2244,True,False,False,False,False,False,False,False,False,False,False,False,False,False,False,False,False,False,False,False,False,False,False,False
AMZN,2023-07-19 04:00:00+00:00,133.38999938964844,135.99000549316406,132.52999877929688,135.36000061035156,54531000,2023,7,29,Wednesday,134.3175,132.8300018310547,1.9,0.42,-0.23,1.9,0.23,131.5017,130.1734,128.8451,127.5168,126.1885,124.8602,123.5319,122.2036,120.8753,119.547,118.2187,116.8904,115.5621,114.2338,112.9055,111.5772,108.9206,107.5923,106.264,104.9357,103.6074,102.2791,100.9508,99.6225,0,0.0,False,False,False,False,False,False,False,False,False,False,False,False,False,False,False,False,False,False,False,False,False,False,False,False
AMZN,2023-07-20 04:00:00+00:00,134.07000732421875,134.7899932861328,129.3300018310547,129.9600067138672,59820600,2023,7,29,Thursday,132.0375,135.36000061035156,-3.99,-0.95,-4.45,-3.99,4.45,134.0064,132.6528,131.2992,129.9456,128.592,127.2384,125.8848,124.5312,123.1776,121.824,120.4704,119.1168,117.7632,116.4096,115.056,113.7024,110.9952,109.6416,108.288,106.9344,105.5808,104.2272,102.8736,101.52,4,527.904,True,True,True,True,False,False,False,False,False,False,False,False,False,False,False,False,False,False,False,False,False,False,False,False
AMZN,2023-07-21 04:00:00+00:00,131.33999633789062,131.3699951171875,128.4199981689453,130.0,133307300,2023,7,29,Friday,130.2825,129.9600067138672,0.03,1.06,-1.18,0.03,1.18,128.6604,127.3608,126.0612,124.7616,123.462,122.1624,120.8628,119.5632,118.2636,116.964,115.6644,114.3648,113.0652,111.7656,110.466,109.1664,106.5672,105.2676,103.968,102.6684,101.3688,100.0692,98.7696,97.47,1,128.6604,True,False,False,False,False,False,False,False,False,False,False,False,False,False,False,False,False,False,False,False,False,False,False,False
AMZN,2023-07-24 04:00:00+00:00,130.30999755859375,131.66000366210938,128.35000610351562,128.8000030517578,45591100,2023,7,30,Monday,129.78,130.0,-0.92,0.24,-1.27,-0.92,1.27,128.7,127.4,126.1,124.8,123.5,122.2,120.9,119.6,118.3,117.0,115.7,114.4,113.1,111.8,110.5,109.2,106.6,105.3,104.0,102.7,101.4,100.1,98.8,97.5,1,128.7,True,False,False,False,False,False,False,False,False,False,False,False,False,False,False,False,False,False,False,False,False,False,False,False
AMZN,2023-07-25 04:00:00+00:00,129.30999755859375,129.5800018310547,128.52999877929688,129.1300048828125,39236700,2023,7,30,Tuesday,129.1375,128.8000030517578,0.26,0.4,-0.21,0.26,0.21,127.512,126.224,124.936,123.648,122.36,121.072,119.784,118.496,117.208,115.92,114.632,113.344,112.056,110.768,109.48,108.192,105.616,104.328,103.04,101.752,100.464,99.176,97.888,96.6,0,0.0,False,False,False,False,False,False,False,False,False,False,False,False,False,False,False,False,False,False,False,False,False,False,False,False
AMZN,2023-07-26 04:00:00+00:00,126.51000213623048,129.0800018310547,126.11000061035156,128.14999389648438,53910100,2023,7,30,Wednesday,127.4625,129.1300048828125,-0.76,-2.03,-2.34,-0.76,2.34,127.8387,126.5474,125.2561,123.9648,122.6735,121.3822,120.0909,118.7996,117.5083,116.217,114.9257,113.6344,112.3431,111.0518,109.7605,108.4692,105.8866,104.5953,103.304,102.0127,100.7214,99.4301,98.1388,96.8475,2,254.3861,True,True,False,False,False,False,False,False,False,False,False,False,False,False,False,False,False,False,False,False,False,False,False,False
AMZN,2023-07-27 04:00:00+00:00,131.0,132.6300048828125,127.79000091552734,128.25,52610700,2023,7,30,Thursday,129.9175,128.14999389648438,0.08,2.22,-0.28,0.08,0.28,126.8685,125.587,124.3055,123.024,121.7425,120.461,119.1795,117.898,116.6165,115.335,114.0535,112.772,111.4905,110.209,108.9275,107.646,105.083,103.8015,102.52,101.2385,99.957,98.6755,97.394,96.1125,0,0.0,False,False,False,False,False,False,False,False,False,False,False,False,False,False,False,False,False,False,False,False,False,False,False,False
AMZN,2023-07-28 04:00:00+00:00,129.69000244140625,133.00999450683594,129.3300018310547,132.2100067138672,46317400,2023,7,30,Friday,131.06,128.25,3.09,1.12,0.84,3.09,-0.84,126.9675,125.685,124.4025,123.12,121.8375,120.555,119.2725,117.99,116.7075,115.425,114.1425,112.86,111.5775,110.295,109.0125,107.73,105.165,103.8825,102.6,101.3175,100.035,98.7525,97.47,96.1875,0,0.0,False,False,False,False,False,False,False,False,False,False,False,False,False,False,False,False,False,False,False,False,False,False,False,False
AMZN,2023-07-31 04:00:00+00:00,133.1999969482422,133.8699951171875,132.3800048828125,133.67999267578125,41901500,2023,7,31,Monday,133.2825,132.2100067138672,1.11,0.75,0.13,1.11,-0.13,130.8879,129.5658,128.2437,126.9216,125.5995,124.2774,122.9553,121.6332,120.3111,118.989,117.6669,116.3448,115.0227,113.7006,112.3785,111.0564,108.4122,107.0901,105.768,104.4459,103.1238,101.8017,100.4796,99.1575,0,0.0,False,False,False,False,False,False,False,False,False,False,False,False,False,False,False,False,False,False,False,False,False,False,False,False
AMZN,2023-08-01 04:00:00+00:00,133.5500030517578,133.69000244140625,131.6199951171875,131.69000244140625,42098500,2023,8,31,Tuesday,132.6375,133.67999267578125,-1.49,-0.1,-1.54,-1.49,1.54,132.3432,131.0064,129.6696,128.3328,126.996,125.6592,124.3224,122.9856,121.6488,120.312,118.9752,117.6384,116.3016,114.9648,113.628,112.2912,109.6176,108.2808,106.944,105.6072,104.2704,102.9336,101.5968,100.26,1,132.3432,True,False,False,False,False,False,False,False,False,False,False,False,False,False,False,False,False,False,False,False,False,False,False,False
AMZN,2023-08-02 04:00:00+00:00,130.14999389648438,130.22999572753906,126.81999969482422,128.2100067138672,51027600,2023,8,31,Wednesday,128.8525,131.69000244140625,-2.64,-1.17,-3.7,-2.64,3.7,130.3731,129.0562,127.7393,126.4224,125.1055,123.7886,122.4717,121.1548,119.8379,118.521,117.2041,115.8872,114.5703,113.2534,111.9365,110.6196,107.9858,106.6689,105.352,104.0351,102.7182,101.4013,100.0844,98.7675,3,387.1686,True,True,True,False,False,False,False,False,False,False,False,False,False,False,False,False,False,False,False,False,False,False,False,False
AMZN,2023-08-03 04:00:00+00:00,127.4800033569336,129.83999633789062,126.41000366210938,128.91000366210938,88585200,2023,8,31,Thursday,128.16,128.2100067138672,0.55,-0.57,-1.4,0.55,1.4,126.9279,125.6458,124.3637,123.0816,121.7995,120.5174,119.2353,117.9532,116.6711,115.389,114.1069,112.8248,111.5427,110.2606,108.9785,107.6964,105.1322,103.8501,102.568,101.2859,100.0038,98.7217,97.4396,96.1575,1,126.9279,True,False,False,False,False,False,False,False,False,False,False,False,False,False,False,False,False,False,False,False,False,False,False,False
AMZN,2023-08-04 04:00:00+00:00,141.05999755859375,143.6300048828125,139.32000732421875,139.57000732421875,153128500,2023,8,31,Friday,140.895,128.91000366210938,8.27,9.43,8.08,8.27,-8.08,127.6209,126.3318,125.0427,123.7536,122.4645,121.1754,119.8863,118.5972,117.3081,116.019,114.7299,113.4408,112.1517,110.8626,109.5735,108.2844,105.7062,104.4171,103.128,101.8389,100.5498,99.2607,97.9716,96.6825,0,0.0,False,False,False,False,False,False,False,False,False,False,False,False,False,False,False,False,False,False,False,False,False,False,False,False
AMZN,2023-08-07 04:00:00+00:00,140.99000549316406,142.5399932861328,138.9499969482422,142.22000122070312,71213100,2023,8,32,Monday,141.175,139.57000732421875,1.9,1.02,-0.44,1.9,0.44,138.1743,136.7786,135.3829,133.9872,132.5915,131.1958,129.8001,128.4044,127.0087,125.613,124.2173,122.8216,121.4259,120.0302,118.6345,117.2388,114.4474,113.0517,111.656,110.2603,108.8646,107.4689,106.0732,104.6775,0,0.0,False,False,False,False,False,False,False,False,False,False,False,False,False,False,False,False,False,False,False,False,False,False,False,False
AMZN,2023-08-08 04:00:00+00:00,140.6199951171875,140.83999633789062,138.4199981689453,139.94000244140625,51710500,2023,8,32,Tuesday,139.955,142.22000122070312,-1.6,-1.13,-2.67,-1.6,2.67,140.7978,139.3756,137.9534,136.5312,135.109,133.6868,132.2646,130.8424,129.4202,127.998,126.5758,125.1536,123.7314,122.3092,120.887,119.4648,116.6204,115.1982,113.776,112.3538,110.9316,109.5094,108.0872,106.665,2,280.1734,True,True,False,False,False,False,False,False,False,False,False,False,False,False,False,False,False,False,False,False,False,False,False,False
AMZN,2023-08-09 04:00:00+00:00,139.97000122070312,140.32000732421875,137.10000610351562,137.85000610351562,50017300,2023,8,32,Wednesday,138.81,139.94000244140625,-1.49,0.02,-2.03,-1.49,2.03,138.5406,137.1412,135.7418,134.3424,132.943,131.5436,130.1442,128.7448,127.3454,125.946,124.5466,123.1472,121.7478,120.3484,118.949,117.5496,114.7508,113.3514,111.952,110.5526,109.1532,107.7538,106.3544,104.955,2,275.6818,True,True,False,False,False,False,False,False,False,False,False,False,False,False,False,False,False,False,False,False,False,False,False,False
AMZN,2023-08-10 04:00:00+00:00,139.07000732421875,140.41000366210938,137.49000549316406,138.55999755859375,58928400,2023,8,32,Thursday,138.8825,137.85000610351562,0.52,0.89,-0.26,0.52,0.26,136.4715,135.093,133.7145,132.336,130.9575,129.579,128.2005,126.822,125.4435,124.065,122.6865,121.308,119.9295,118.551,117.1725,115.794,113.037,111.6585,110.28,108.9015,107.523,106.1445,104.766,103.3875,0,0.0,False,False,False,False,False,False,False,False,False,False,False,False,False,False,False,False,False,False,False,False,False,False,False,False
AMZN,2023-08-11 04:00:00+00:00,137.39999389648438,139.3300018310547,137.0,138.41000366210938,42905800,2023,8,32,Friday,138.035,138.55999755859375,-0.11,-0.84,-1.13,-0.11,1.13,137.1744,135.7888,134.4032,133.0176,131.632,130.2464,128.8608,127.4752,126.0896,124.704,123.3184,121.9328,120.5472,119.1616,117.776,116.3904,113.6192,112.2336,110.848,109.4624,108.0768,106.6912,105.3056,103.92,1,137.1744,True,False,False,False,False,False,False,False,False,False,False,False,False,False,False,False,False,False,False,False,False,False,False,False
AMZN,2023-08-14 04:00:00+00:00,138.3000030517578,140.58999633789062,137.75,140.57000732421875,47148700,2023,8,33,Monday,139.3025,138.41000366210938,1.56,-0.08,-0.48,1.56,0.48,137.0259,135.6418,134.2577,132.8736,131.4895,130.1054,128.7213,127.3372,125.9531,124.569,123.1849,121.8008,120.4167,119.0326,117.6485,116.2644,113.4962,112.1121,110.728,109.3439,107.9598,106.5757,105.1916,103.8075,0,0.0,False,False,False,False,False,False,False,False,False,False,False,False,False,False,False,False,False,False,False,False,False,False,False,False
AMZN,2023-08-15 04:00:00+00:00,140.0500030517578,141.27999877929688,137.22999572753906,137.6699981689453,42781500,2023,8,33,Tuesday,139.0575,140.57000732421875,-2.06,-0.37,-2.38,-2.06,2.38,139.1643,137.7586,136.3529,134.9472,133.5415,132.1358,130.7301,129.3244,127.9187,126.513,125.1073,123.7016,122.2959,120.8902,119.4845,118.0788,115.2674,113.8617,112.456,111.0503,109.6446,108.2389,106.8332,105.4275,2,276.9229,True,True,False,False,False,False,False,False,False,False,False,False,False,False,False,False,False,False,False,False,False,False,False,False
AMZN,2023-08-16 04:00:00+00:00,137.19000244140625,137.27000427246094,135.00999450683594,135.07000732421875,41675900,2023,8,33,Wednesday,136.135,137.6699981689453,-1.89,-0.35,-1.93,-1.89,1.93,136.2933,134.9166,133.5399,132.1632,130.7865,129.4098,128.0331,126.6564,125.2797,123.903,122.5263,121.1496,119.7729,118.3962,117.0195,115.6428,112.8894,111.5127,110.136,108.7593,107.3826,106.0059,104.6292,103.2525,1,136.2933,True,False,False,False,False,False,False,False,False,False,False,False,False,False,False,False,False,False,False,False,False,False,False,False
AMZN,2023-08-17 04:00:00+00:00,135.4600067138672,136.08999633789062,133.52999877929688,133.97999572753906,48354100,2023,8,33,Thursday,134.765,135.07000732421875,-0.81,0.29,-1.14,-0.81,1.14,133.7193,132.3686,131.0179,129.6672,128.3165,126.9658,125.6151,124.2644,122.9137,121.563,120.2123,118.8616,117.5109,116.1602,114.8095,113.4588,110.7574,109.4067,108.056,106.7053,105.3546,104.0039,102.6532,101.3025,1,133.7193,True,False,False,False,False,False,False,False,False,False,False,False,False,False,False,False,False,False,False,False,False,False,False,False
AMZN,2023-08-18 04:00:00+00:00,131.6199951171875,134.07000732421875,131.14999389648438,133.22000122070312,48497700,2023,8,33,Friday,132.515,133.97999572753906,-0.57,-1.76,-2.11,-0.57,2.11,132.6402,131.3004,129.9606,128.6208,127.281,125.9412,124.6014,123.2616,121.9218,120.582,119.2422,117.9024,116.5626,115.2228,113.883,112.5432,109.8636,108.5238,107.184,105.8442,104.5044,103.1646,101.8248,100.485,2,263.9406,True,True,False,False,False,False,False,False,False,False,False,False,False,False,False,False,False,False,False,False,False,False,False,False
AMZN,2023-08-21 04:00:00+00:00,133.74000549316406,135.19000244140625,132.7100067138672,134.67999267578125,41442500,2023,8,34,Monday,134.08,133.22000122070312,1.1,0.39,-0.38,1.1,0.38,131.8878,130.5556,129.2234,127.8912,126.559,125.2268,123.8946,122.5624,121.2302,119.898,118.5658,117.2336,115.9014,114.5692,113.237,111.9048,109.2404,107.9082,106.576,105.2438,103.9116,102.5794,101.2472,99.915,0,0.0,False,False,False,False,False,False,False,False,False,False,False,False,False,False,False,False,False,False,False,False,False,False,False,False
AMZN,2023-08-22 04:00:00+00:00,135.0800018310547,135.64999389648438,133.72999572753906,134.25,32905400,2023,8,34,Tuesday,134.6775,134.67999267578125,-0.32,0.3,-0.71,-0.32,0.71,133.3332,131.9864,130.6396,129.2928,127.946,126.5992,125.2524,123.9056,122.5588,121.212,119.8652,118.5184,117.1716,115.8248,114.478,113.1312,110.4376,109.0908,107.744,106.3972,105.0504,103.7036,102.3568,101.01,0,0.0,False,False,False,False,False,False,False,False,False,False,False,False,False,False,False,False,False,False,False,False,False,False,False,False
AMZN,2023-08-23 04:00:00+00:00,134.5,135.9499969482422,133.22000122070312,135.52000427246094,42801000,2023,8,34,Wednesday,134.7975,134.25,0.95,0.19,-0.77,0.95,0.77,132.9075,131.565,130.2225,128.88,127.5375,126.195,124.8525,123.51,122.1675,120.825,119.4825,118.14,116.7975,115.455,114.1125,112.77,110.085,108.7425,107.4,106.0575,104.715,103.3725,102.03,100.6875,0,0.0,False,False,False,False,False,False,False,False,False,False,False,False,False,False,False,False,False,False,False,False,False,False,False,False
AMZN,2023-08-24 04:00:00+00:00,136.39999389648438,136.77999877929688,131.8300018310547,131.83999633789062,43646300,2023,8,34,Thursday,134.2125,135.52000427246094,-2.72,0.65,-2.72,-2.72,2.72,134.1648,132.8096,131.4544,130.0992,128.744,127.3888,126.0336,124.6784,123.3232,121.968,120.6128,119.2576,117.9024,116.5472,115.192,113.8368,111.1264,109.7712,108.416,107.0608,105.7056,104.3504,102.9952,101.64,2,266.9744,True,True,False,False,False,False,False,False,False,False,False,False,False,False,False,False,False,False,False,False,False,False,False,False
AMZN,2023-08-25 04:00:00+00:00,132.47000122070312,133.8699951171875,130.5800018310547,133.25999450683594,44147500,2023,8,34,Friday,132.545,131.83999633789062,1.08,0.48,-0.96,1.08,0.96,130.5216,129.2032,127.8848,126.5664,125.248,123.9296,122.6112,121.2928,119.9744,118.656,117.3376,116.0192,114.7008,113.3824,112.064,110.7456,108.1088,106.7904,105.472,104.1536,102.8352,101.5168,100.1984,98.88,0,0.0,False,False,False,False,False,False,False,False,False,False,False,False,False,False,False,False,False,False,False,False,False,False,False,False
AMZN,2023-08-28 04:00:00+00:00,133.77999877929688,133.9499969482422,131.85000610351562,133.13999938964844,34108400,2023,8,35,Monday,133.18,133.25999450683594,-0.09,0.39,-1.06,-0.09,1.06,131.9274,130.5948,129.2622,127.9296,126.597,125.2644,123.9318,122.5992,121.2666,119.934,118.6014,117.2688,115.9362,114.6036,113.271,111.9384,109.2732,107.9406,106.608,105.2754,103.9428,102.6102,101.2776,99.945,1,131.9274,True,False,False,False,False,False,False,False,False,False,False,False,False,False,False,False,False,False,False,False,False,False,False,False
AMZN,2023-08-29 04:00:00+00:00,133.3800048828125,135.13999938964844,133.25,134.91000366210938,38646100,2023,8,35,Tuesday,134.17,133.13999938964844,1.33,0.18,0.08,1.33,-0.08,131.8086,130.4772,129.1458,127.8144,126.483,125.1516,123.8202,122.4888,121.1574,119.826,118.4946,117.1632,115.8318,114.5004,113.169,111.8376,109.1748,107.8434,106.512,105.1806,103.8492,102.5178,101.1864,99.855,0,0.0,False,False,False,False,False,False,False,False,False,False,False,False,False,False,False,False,False,False,False,False,False,False,False,False
AMZN,2023-08-30 04:00:00+00:00,134.92999267578125,135.67999267578125,133.9199981689453,135.07000732421875,36137000,2023,8,35,Wednesday,134.9,134.91000366210938,0.12,0.01,-0.73,0.12,0.73,133.5609,132.2118,130.8627,129.5136,128.1645,126.8154,125.4663,124.1172,122.7681,121.419,120.0699,118.7208,117.3717,116.0226,114.6735,113.3244,110.6262,109.2771,107.928,106.5789,105.2298,103.8807,102.5316,101.1825,0,0.0,False,False,False,False,False,False,False,False,False,False,False,False,False,False,False,False,False,False,False,False,False,False,False,False
AMZN,2023-08-31 04:00:00+00:00,135.05999755859375,138.7899932861328,135.0,138.00999450683594,58781300,2023,8,35,Thursday,136.715,135.07000732421875,2.18,-0.01,-0.05,2.18,0.05,133.7193,132.3686,131.0179,129.6672,128.3165,126.9658,125.6151,124.2644,122.9137,121.563,120.2123,118.8616,117.5109,116.1602,114.8095,113.4588,110.7574,109.4067,108.056,106.7053,105.3546,104.0039,102.6532,101.3025,0,0.0,False,False,False,False,False,False,False,False,False,False,False,False,False,False,False,False,False,False,False,False,False,False,False,False
AMZN,2023-09-01 04:00:00+00:00,139.4600067138672,139.9600067138672,136.8800048828125,138.1199951171875,40991500,2023,9,35,Friday,138.605,138.00999450683594,0.08,1.05,-0.82,0.08,0.82,136.6299,135.2498,133.8697,132.4896,131.1095,129.7294,128.3493,126.9692,125.5891,124.209,122.8289,121.4488,120.0687,118.6886,117.3085,115.9284,113.1682,111.7881,110.408,109.0279,107.6478,106.2677,104.8876,103.5075,0,0.0,False,False,False,False,False,False,False,False,False,False,False,False,False,False,False,False,False,False,False,False,False,False,False,False
AMZN,2023-09-05 04:00:00+00:00,137.72999572753906,137.8000030517578,135.82000732421875,137.27000427246094,40636700,2023,9,36,Tuesday,137.155,138.1199951171875,-0.62,-0.28,-1.67,-0.62,1.67,136.7388,135.3576,133.9764,132.5952,131.214,129.8328,128.4516,127.0704,125.6892,124.308,122.9268,121.5456,120.1644,118.7832,117.402,116.0208,113.2584,111.8772,110.496,109.1148,107.7336,106.3524,104.9712,103.59,1,136.7388,True,False,False,False,False,False,False,False,False,False,False,False,False,False,False,False,False,False,False,False,False,False,False,False
AMZN,2023-09-06 04:00:00+00:00,136.32000732421875,137.4499969482422,134.61000061035156,135.36000061035156,41785500,2023,9,36,Wednesday,135.935,137.27000427246094,-1.39,-0.69,-1.94,-1.39,1.94,135.8973,134.5246,133.1519,131.7792,130.4065,129.0338,127.6611,126.2884,124.9157,123.543,122.1703,120.7976,119.4249,118.0522,116.6795,115.3068,112.5614,111.1887,109.816,108.4433,107.0706,105.6979,104.3252,102.9525,1,135.8973,True,False,False,False,False,False,False,False,False,False,False,False,False,False,False,False,False,False,False,False,False,False,False,False
AMZN,2023-09-07 04:00:00+00:00,133.89999389648438,138.02999877929688,133.16000366210938,137.85000610351562,48498900,2023,9,36,Thursday,135.735,135.36000061035156,1.84,-1.08,-1.63,1.84,1.63,134.0064,132.6528,131.2992,129.9456,128.592,127.2384,125.8848,124.5312,123.1776,121.824,120.4704,119.1168,117.7632,116.4096,115.056,113.7024,110.9952,109.6416,108.288,106.9344,105.5808,104.2272,102.8736,101.52,1,134.0064,True,False,False,False,False,False,False,False,False,False,False,False,False,False,False,False,False,False,False,False,False,False,False,False
AMZN,2023-09-08 04:00:00+00:00,136.86000061035156,138.85000610351562,136.75,138.22999572753906,38348200,2023,9,36,Friday,137.6725,137.85000610351562,0.28,-0.72,-0.8,0.28,0.8,136.4715,135.093,133.7145,132.336,130.9575,129.579,128.2005,126.822,125.4435,124.065,122.6865,121.308,119.9295,118.551,117.1725,115.794,113.037,111.6585,110.28,108.9015,107.523,106.1445,104.766,103.3875,0,0.0,False,False,False,False,False,False,False,False,False,False,False,False,False,False,False,False,False,False,False,False,False,False,False,False
AMZN,2023-09-11 04:00:00+00:00,138.75,143.6199951171875,138.63999938964844,143.10000610351562,56764500,2023,9,37,Monday,141.0275,138.22999572753906,3.52,0.38,0.3,3.52,-0.3,136.8477,135.4654,134.0831,132.7008,131.3185,129.9362,128.5539,127.1716,125.7893,124.407,123.0247,121.6424,120.2601,118.8778,117.4955,116.1132,113.3486,111.9663,110.584,109.2017,107.8194,106.4371,105.0548,103.6725,0,0.0,False,False,False,False,False,False,False,False,False,False,False,False,False,False,False,False,False,False,False,False,False,False,False,False
AMZN,2023-09-12 04:00:00+00:00,142.32000732421875,143.0,140.61000061035156,141.22999572753906,42668500,2023,9,37,Tuesday,141.79,143.10000610351562,-1.31,-0.55,-1.74,-1.31,1.74,141.669,140.238,138.807,137.376,135.945,134.514,133.083,131.652,130.221,128.79,127.359,125.928,124.497,123.066,121.635,120.204,117.342,115.911,114.48,113.049,111.618,110.187,108.756,107.325,1,141.669,True,False,False,False,False,False,False,False,False,False,False,False,False,False,False,False,False,False,False,False,False,False,False,False
AMZN,2023-09-13 04:00:00+00:00,140.9499969482422,144.97999572753906,140.8699951171875,144.85000610351562,60465200,2023,9,37,Wednesday,142.9125,141.22999572753906,2.56,-0.2,-0.25,2.56,0.25,139.8177,138.4054,136.9931,135.5808,134.1685,132.7562,131.3439,129.9316,128.5193,127.107,125.6947,124.2824,122.8701,121.4578,120.0455,118.6332,115.8086,114.3963,112.984,111.5717,110.1594,108.7471,107.3348,105.9225,0,0.0,False,False,False,False,False,False,False,False,False,False,False,False,False,False,False,False,False,False,False,False,False,False,False,False
AMZN,2023-09-14 04:00:00+00:00,145.0800018310547,145.86000061035156,142.9499969482422,144.72000122070312,64033600,2023,9,37,Thursday,144.6525,144.85000610351562,-0.09,0.16,-1.31,-0.09,1.31,143.4015,141.953,140.5045,139.056,137.6075,136.159,134.7105,133.262,131.8135,130.365,128.9165,127.468,126.0195,124.571,123.1225,121.674,118.777,117.3285,115.88,114.4315,112.983,111.5345,110.086,108.6375,1,143.4015,True,False,False,False,False,False,False,False,False,False,False,False,False,False,False,False,False,False,False,False,False,False,False,False
AMZN,2023-09-15 04:00:00+00:00,142.69000244140625,143.57000732421875,140.08999633789062,140.38999938964844,102909300,2023,9,37,Friday,141.685,144.72000122070312,-2.99,-1.4,-3.2,-2.99,3.2,143.2728,141.8256,140.3784,138.9312,137.484,136.0368,134.5896,133.1424,131.6952,130.248,128.8008,127.3536,125.9064,124.4592,123.012,121.5648,118.6704,117.2232,115.776,114.3288,112.8816,111.4344,109.9872,108.54,3,425.4768,True,True,True,False,False,False,False,False,False,False,False,False,False,False,False,False,False,False,False,False,False,False,False,False
AMZN,2023-09-18 04:00:00+00:00,140.47999572753906,141.75,139.22000122070312,139.97999572753906,42823500,2023,9,38,Monday,140.3575,140.38999938964844,-0.29,0.06,-0.83,-0.29,0.83,138.9861,137.5822,136.1783,134.7744,133.3705,131.9666,130.5627,129.1588,127.7549,126.351,124.9471,123.5432,122.1393,120.7354,119.3315,117.9276,115.1198,113.7159,112.312,110.9081,109.5042,108.1003,106.6964,105.2925,0,0.0,False,False,False,False,False,False,False,False,False,False,False,False,False,False,False,False,False,False,False,False,False,False,False,False
AMZN,2023-09-19 04:00:00+00:00,138.6999969482422,138.83999633789062,135.55999755859375,137.6300048828125,61482500,2023,9,38,Tuesday,137.6825,139.97999572753906,-1.68,-0.91,-3.16,-1.68,3.16,138.5802,137.1804,135.7806,134.3808,132.981,131.5812,130.1814,128.7816,127.3818,125.982,124.5822,123.1824,121.7826,120.3828,118.983,117.5832,114.7836,113.3838,111.984,110.5842,109.1844,107.7846,106.3848,104.985,3,411.5412,True,True,True,False,False,False,False,False,False,False,False,False,False,False,False,False,False,False,False,False,False,False,False,False
AMZN,2023-09-20 04:00:00+00:00,138.5500030517578,139.3699951171875,135.1999969482422,135.2899932861328,46263700,2023,9,38,Wednesday,137.1025,137.6300048828125,-1.7,0.67,-1.77,-1.7,1.77,136.2537,134.8774,133.5011,132.1248,130.7485,129.3722,127.9959,126.6196,125.2433,123.867,122.4907,121.1144,119.7381,118.3618,116.9855,115.6092,112.8566,111.4803,110.104,108.7277,107.3514,105.9751,104.5988,103.2225,1,136.2537,True,False,False,False,False,False,False,False,False,False,False,False,False,False,False,False,False,False,False,False,False,False,False,False
AMZN,2023-09-21 04:00:00+00:00,131.94000244140625,132.24000549316406,129.30999755859375,129.3300018310547,70343300,2023,9,38,Thursday,130.705,135.2899932861328,-4.41,-2.48,-4.42,-4.41,4.42,133.9371,132.5842,131.2313,129.8784,128.5255,127.1726,125.8197,124.4668,123.1139,121.761,120.4081,119.0552,117.7023,116.3494,114.9965,113.6436,110.9378,109.5849,108.232,106.8791,105.5262,104.1733,102.8204,101.4675,4,527.631,True,True,True,True,False,False,False,False,False,False,False,False,False,False,False,False,False,False,False,False,False,False,False,False
AMZN,2023-09-22 04:00:00+00:00,131.11000061035156,132.02999877929688,128.52000427246094,129.1199951171875,59904300,2023,9,38,Friday,130.195,129.3300018310547,-0.16,1.38,-0.63,-0.16,0.63,128.0367,126.7434,125.4501,124.1568,122.8635,121.5702,120.2769,118.9836,117.6903,116.397,115.1037,113.8104,112.5171,111.2238,109.9305,108.6372,106.0506,104.7573,103.464,102.1707,100.8774,99.5841,98.2908,96.9975,0,0.0,False,False,False,False,False,False,False,False,False,False,False,False,False,False,False,False,False,False,False,False,False,False,False,False
AMZN,2023-09-25 04:00:00+00:00,129.36000061035156,131.77999877929688,128.77000427246094,131.27000427246094,46017800,2023,9,39,Monday,130.295,129.1199951171875,1.67,0.19,-0.27,1.67,0.27,127.8288,126.5376,125.2464,123.9552,122.664,121.3728,120.0816,118.7904,117.4992,116.208,114.9168,113.6256,112.3344,111.0432,109.752,108.4608,105.8784,104.5872,103.296,102.0048,100.7136,99.4224,98.1312,96.84,0,0.0,False,False,False,False,False,False,False,False,False,False,False,False,False,False,False,False,False,False,False,False,False,False,False,False
AMZN,2023-09-26 04:00:00+00:00,130.1199951171875,130.38999938964844,125.27999877929688,125.9800033569336,73048200,2023,9,39,Tuesday,127.9425,131.27000427246094,-4.03,-0.88,-4.56,-4.03,4.56,129.9573,128.6446,127.3319,126.0192,124.7065,123.3938,122.0811,120.7684,119.4557,118.143,116.8303,115.5176,114.2049,112.8922,111.5795,110.2668,107.6414,106.3287,105.016,103.7033,102.3906,101.0779,99.7652,98.4525,4,511.953,True,True,True,True,False,False,False,False,False,False,False,False,False,False,False,False,False,False,False,False,False,False,False,False
AMZN,2023-09-27 04:00:00+00:00,125.76000213623048,127.4800033569336,124.12999725341795,125.9800033569336,66553400,2023,9,39,Wednesday,125.8375,125.9800033569336,0.0,-0.17,-1.47,0.0,1.47,124.7202,123.4604,122.2006,120.9408,119.681,118.4212,117.1614,115.9016,114.6418,113.382,112.1222,110.8624,109.6026,108.3428,107.083,105.8232,103.3036,102.0438,100.784,99.5242,98.2644,97.0046,95.7448,94.485,1,124.7202,True,False,False,False,False,False,False,False,False,False,False,False,False,False,False,False,False,False,False,False,False,False,False,False
AMZN,2023-09-28 04:00:00+00:00,124.04000091552734,126.58000183105467,123.04000091552734,125.9800033569336,54555000,2023,9,39,Thursday,124.91,125.9800033569336,0.0,-1.54,-2.33,0.0,2.33,124.7202,123.4604,122.2006,120.9408,119.681,118.4212,117.1614,115.9016,114.6418,113.382,112.1222,110.8624,109.6026,108.3428,107.083,105.8232,103.3036,102.0438,100.784,99.5242,98.2644,97.0046,95.7448,94.485,2,248.1806,True,True,False,False,False,False,False,False,False,False,False,False,False,False,False,False,False,False,False,False,False,False,False,False
AMZN,2023-09-29 04:00:00+00:00,128.1999969482422,129.14999389648438,126.31999969482422,127.12000274658205,62411700,2023,9,39,Friday,127.6975,125.9800033569336,0.9,1.76,0.27,0.9,-0.27,124.7202,123.4604,122.2006,120.9408,119.681,118.4212,117.1614,115.9016,114.6418,113.382,112.1222,110.8624,109.6026,108.3428,107.083,105.8232,103.3036,102.0438,100.784,99.5242,98.2644,97.0046,95.7448,94.485,0,0.0,False,False,False,False,False,False,False,False,False,False,False,False,False,False,False,False,False,False,False,False,False,False,False,False
AMZN,2023-10-02 04:00:00+00:00,127.27999877929688,130.47000122070312,126.54000091552734,129.4600067138672,48029700,2023,10,40,Monday,128.4375,127.12000274658205,1.84,0.13,-0.46,1.84,0.46,125.8488,124.5776,123.3064,122.0352,120.764,119.4928,118.2216,116.9504,115.6792,114.408,113.1368,111.8656,110.5944,109.3232,108.052,106.7808,104.2384,102.9672,101.696,100.4248,99.1536,97.8824,96.6112,95.34,0,0.0,False,False,False,False,False,False,False,False,False,False,False,False,False,False,False,False,False,False,False,False,False,False,False,False
AMZN,2023-10-03 04:00:00+00:00,128.05999755859375,128.52000427246094,124.25,124.72000122070312,51565000,2023,10,40,Tuesday,126.3875,129.4600067138672,-3.66,-1.08,-4.02,-3.66,4.02,128.1654,126.8708,125.5762,124.2816,122.987,121.6924,120.3978,119.1032,117.8086,116.514,115.2194,113.9248,112.6302,111.3356,110.041,108.7464,106.1572,104.8626,103.568,102.2734,100.9788,99.6842,98.3896,97.095,4,504.894,True,True,True,True,False,False,False,False,False,False,False,False,False,False,False,False,False,False,False,False,False,False,False,False
AMZN,2023-10-04 04:00:00+00:00,126.05999755859376,127.36000061035156,125.68000030517578,127.0,44203900,2023,10,40,Wednesday,126.525,124.72000122070312,1.83,1.07,0.77,1.83,-0.77,123.4728,122.2256,120.9784,119.7312,118.484,117.2368,115.9896,114.7424,113.4952,112.248,111.0008,109.7536,108.5064,107.2592,106.012,104.7648,102.2704,101.0232,99.776,98.5288,97.2816,96.0344,94.7872,93.54,0,0.0,False,False,False,False,False,False,False,False,False,False,False,False,False,False,False,False,False,False,False,False,False,False,False,False
AMZN,2023-10-05 04:00:00+00:00,126.70999908447266,126.7300033569336,124.33000183105467,125.95999908447266,39660600,2023,10,40,Thursday,125.9325,127.0,-0.82,-0.23,-2.1,-0.82,2.1,125.73,124.46,123.19,121.92,120.65,119.38,118.11,116.84,115.57,114.3,113.03,111.76,110.49,109.22,107.95,106.68,104.14,102.87,101.6,100.33,99.06,97.79,96.52,95.25,2,250.19,True,True,False,False,False,False,False,False,False,False,False,False,False,False,False,False,False,False,False,False,False,False,False,False
AMZN,2023-10-06 04:00:00+00:00,124.16000366210938,128.4499969482422,124.12999725341795,127.95999908447266,46836700,2023,10,40,Friday,126.175,125.95999908447266,1.59,-1.43,-1.45,1.59,1.45,124.7004,123.4408,122.1812,120.9216,119.662,118.4024,117.1428,115.8832,114.6236,113.364,112.1044,110.8448,109.5852,108.3256,107.066,105.8064,103.2872,102.0276,100.768,99.5084,98.2488,96.9892,95.7296,94.47,1,124.7004,True,False,False,False,False,False,False,False,False,False,False,False,False,False,False,False,False,False,False,False,False,False,False,False
AMZN,2023-10-09 04:00:00+00:00,126.22000122070312,128.7899932861328,124.76000213623048,128.25999450683594,38773700,2023,10,41,Monday,127.0075,127.95999908447266,0.23,-1.36,-2.5,0.23,2.5,126.6804,125.4008,124.1212,122.8416,121.562,120.2824,119.0028,117.7232,116.4436,115.164,113.8844,112.6048,111.3252,110.0456,108.766,107.4864,104.9272,103.6476,102.368,101.0884,99.8088,98.5292,97.2496,95.97,2,252.0812,True,True,False,False,False,False,False,False,False,False,False,False,False,False,False,False,False,False,False,False,False,False,False,False
AMZN,2023-10-10 04:00:00+00:00,128.82000732421875,130.74000549316406,128.0500030517578,129.47999572753906,42178600,2023,10,41,Tuesday,129.2725,128.25999450683594,0.95,0.44,-0.16,0.95,0.16,126.9774,125.6948,124.4122,123.1296,121.847,120.5644,119.2818,117.9992,116.7166,115.434,114.1514,112.8688,111.5862,110.3036,109.021,107.7384,105.1732,103.8906,102.608,101.3254,100.0428,98.7602,97.4776,96.195,0,0.0,False,False,False,False,False,False,False,False,False,False,False,False,False,False,False,False,False,False,False,False,False,False,False,False
AMZN,2023-10-11 04:00:00+00:00,129.74000549316406,132.0500030517578,129.61000061035156,131.8300018310547,40741800,2023,10,41,Wednesday,130.8075,129.47999572753906,1.81,0.2,0.1,1.81,-0.1,128.1852,126.8904,125.5956,124.3008,123.006,121.7112,120.4164,119.1216,117.8268,116.532,115.2372,113.9424,112.6476,111.3528,110.058,108.7632,106.1736,104.8788,103.584,102.2892,100.9944,99.6996,98.4048,97.11,0,0.0,False,False,False,False,False,False,False,False,False,False,False,False,False,False,False,False,False,False,False,False,False,False,False,False
AMZN,2023-10-12 04:00:00+00:00,132.1699981689453,134.47999572753906,131.22999572753906,132.3300018310547,55528600,2023,10,41,Thursday,132.5525,131.8300018310547,0.38,0.26,-0.46,0.38,0.46,130.5117,129.1934,127.8751,126.5568,125.2385,123.9202,122.6019,121.2836,119.9653,118.647,117.3287,116.0104,114.6921,113.3738,112.0555,110.7372,108.1006,106.7823,105.464,104.1457,102.8274,101.5091,100.1908,98.8725,0,0.0,False,False,False,False,False,False,False,False,False,False,False,False,False,False,False,False,False,False,False,False,False,False,False,False
AMZN,2023-10-13 04:00:00+00:00,132.97999572753906,133.30999755859375,128.9499969482422,129.7899932861328,45786600,2023,10,41,Friday,131.2575,132.3300018310547,-1.92,0.49,-2.55,-1.92,2.55,131.0067,129.6834,128.3601,127.0368,125.7135,124.3902,123.0669,121.7436,120.4203,119.097,117.7737,116.4504,115.1271,113.8038,112.4805,111.1572,108.5106,107.1873,105.864,104.5407,103.2174,101.8941,100.5708,99.2475,2,260.6901,True,True,False,False,False,False,False,False,False,False,False,False,False,False,False,False,False,False,False,False,False,False,False,False
AMZN,2023-10-16 04:00:00+00:00,130.69000244140625,133.07000732421875,130.42999267578125,132.5500030517578,42832900,2023,10,42,Monday,131.685,129.7899932861328,2.13,0.69,0.49,2.13,-0.49,128.4921,127.1942,125.8963,124.5984,123.3005,122.0026,120.7047,119.4068,118.1089,116.811,115.5131,114.2152,112.9173,111.6194,110.3215,109.0236,106.4278,105.1299,103.832,102.5341,101.2362,99.9383,98.6404,97.3425,0,0.0,False,False,False,False,False,False,False,False,False,False,False,False,False,False,False,False,False,False,False,False,False,False,False,False
AMZN,2023-10-17 04:00:00+00:00,130.38999938964844,132.5800018310547,128.7100067138672,131.47000122070312,49344600,2023,10,42,Tuesday,130.7875,132.5500030517578,-0.81,-1.63,-2.9,-0.81,2.9,131.2245,129.899,128.5735,127.248,125.9225,124.597,123.2715,121.946,120.6205,119.295,117.9695,116.644,115.3185,113.993,112.6675,111.342,108.691,107.3655,106.04,104.7145,103.389,102.0635,100.738,99.4125,2,261.1235,True,True,False,False,False,False,False,False,False,False,False,False,False,False,False,False,False,False,False,False,False,False,False,False
AMZN,2023-10-18 04:00:00+00:00,129.89999389648438,130.6699981689453,127.51000213623048,128.1300048828125,42699500,2023,10,42,Wednesday,129.0525,131.47000122070312,-2.54,-1.19,-3.01,-2.54,3.01,130.1553,128.8406,127.5259,126.2112,124.8965,123.5818,122.2671,120.9524,119.6377,118.323,117.0083,115.6936,114.3789,113.0642,111.7495,110.4348,107.8054,106.4907,105.176,103.8613,102.5466,101.2319,99.9172,98.6025,3,386.5218,True,True,True,False,False,False,False,False,False,False,False,False,False,False,False,False,False,False,False,False,False,False,False,False
AMZN,2023-10-19 04:00:00+00:00,130.57000732421875,132.24000549316406,127.47000122070312,128.39999389648438,60961400,2023,10,42,Thursday,129.67,128.1300048828125,0.21,1.9,-0.52,0.21,0.52,126.8487,125.5674,124.2861,123.0048,121.7235,120.4422,119.1609,117.8796,116.5983,115.317,114.0357,112.7544,111.4731,110.1918,108.9105,107.6292,105.0666,103.7853,102.504,101.2227,99.9414,98.6601,97.3788,96.0975,0,0.0,False,False,False,False,False,False,False,False,False,False,False,False,False,False,False,False,False,False,False,False,False,False,False,False
AMZN,2023-10-20 04:00:00+00:00,128.0500030517578,128.1699981689453,124.97000122070312,125.16999816894533,56406400,2023,10,42,Friday,126.59,128.39999389648438,-2.52,-0.27,-2.67,-2.52,2.67,127.116,125.832,124.548,123.264,121.98,120.696,119.412,118.128,116.844,115.56,114.276,112.992,111.708,110.424,109.14,107.856,105.288,104.004,102.72,101.436,100.152,98.868,97.584,96.3,2,252.948,True,True,False,False,False,False,False,False,False,False,False,False,False,False,False,False,False,False,False,False,False,False,False,False
AMZN,2023-10-23 04:00:00+00:00,124.62999725341795,127.87999725341795,123.9800033569336,126.55999755859376,48260000,2023,10,43,Monday,125.7625,125.16999816894533,1.11,-0.43,-0.95,1.11,0.95,123.9183,122.6666,121.4149,120.1632,118.9115,117.6598,116.4081,115.1564,113.9047,112.653,111.4013,110.1496,108.8979,107.6462,106.3945,105.1428,102.6394,101.3877,100.136,98.8843,97.6326,96.3809,95.1292,93.8775,0,0.0,False,False,False,False,False,False,False,False,False,False,False,False,False,False,False,False,False,False,False,False,False,False,False,False
AMZN,2023-10-24 04:00:00+00:00,127.73999786376952,128.8000030517578,126.33999633789062,128.55999755859375,46477400,2023,10,43,Tuesday,127.86,126.55999755859376,1.58,0.93,-0.17,1.58,0.17,125.2944,124.0288,122.7632,121.4976,120.232,118.9664,117.7008,116.4352,115.1696,113.904,112.6384,111.3728,110.1072,108.8416,107.576,106.3104,103.7792,102.5136,101.248,99.9824,98.7168,97.4512,96.1856,94.92,0,0.0,False,False,False,False,False,False,False,False,False,False,False,False,False,False,False,False,False,False,False,False,False,False,False,False
AMZN,2023-10-25 04:00:00+00:00,126.04000091552734,126.33999633789062,120.79000091552734,121.38999938964844,74577500,2023,10,43,Wednesday,123.64,128.55999755859375,-5.58,-1.96,-6.04,-5.58,6.04,127.2744,125.9888,124.7032,123.4176,122.132,120.8464,119.5608,118.2752,116.9896,115.704,114.4184,113.1328,111.8472,110.5616,109.276,107.9904,105.4192,104.1336,102.848,101.5624,100.2768,98.9912,97.7056,96.42,6,744.3624,True,True,True,True,True,True,False,False,False,False,False,False,False,False,False,False,False,False,False,False,False,False,False,False
AMZN,2023-10-26 04:00:00+00:00,120.62999725341795,121.63999938964844,118.3499984741211,119.56999969482422,100419500,2023,10,43,Thursday,120.0475,121.38999938964844,-1.5,-0.63,-2.5,-1.5,2.5,120.1761,118.9622,117.7483,116.5344,115.3205,114.1066,112.8927,111.6788,110.4649,109.251,108.0371,106.8232,105.6093,104.3954,103.1815,101.9676,99.5398,98.3259,97.112,95.8981,94.6842,93.4703,92.2564,91.0425,2,239.1383,True,True,False,False,False,False,False,False,False,False,False,False,False,False,False,False,False,False,False,False,False,False,False,False
AMZN,2023-10-27 04:00:00+00:00,126.1999969482422,130.02000427246094,125.5199966430664,127.73999786376952,125309300,2023,10,43,Friday,127.37,119.56999969482422,6.83,5.54,4.98,6.83,-4.98,118.3743,117.1786,115.9829,114.7872,113.5915,112.3958,111.2001,110.0044,108.8087,107.613,106.4173,105.2216,104.0259,102.8302,101.6345,100.4388,98.0474,96.8517,95.656,94.4603,93.2646,92.0689,90.8732,89.6775,0,0.0,False,False,False,False,False,False,False,False,False,False,False,False,False,False,False,False,False,False,False,False,False,False,False,False
AMZN,2023-10-30 04:00:00+00:00,129.72000122070312,133.0,128.55999755859375,132.7100067138672,72485500,2023,10,44,Monday,130.9975,127.73999786376952,3.89,1.55,0.64,3.89,-0.64,126.4626,125.1852,123.9078,122.6304,121.353,120.0756,118.7982,117.5208,116.2434,114.966,113.6886,112.4112,111.1338,109.8564,108.579,107.3016,104.7468,103.4694,102.192,100.9146,99.6372,98.3598,97.0824,95.805,0,0.0,False,False,False,False,False,False,False,False,False,False,False,False,False,False,False,False,False,False,False,False,False,False,False,False
AMZN,2023-10-31 04:00:00+00:00,132.75,133.57000732421875,131.7100067138672,133.08999633789062,51589400,2023,10,44,Tuesday,132.78,132.7100067138672,0.29,0.03,-0.75,0.29,0.75,131.3829,130.0558,128.7287,127.4016,126.0745,124.7474,123.4203,122.0932,120.7661,119.439,118.1119,116.7848,115.4577,114.1306,112.8035,111.4764,108.8222,107.4951,106.168,104.8409,103.5138,102.1867,100.8596,99.5325,0,0.0,False,False,False,False,False,False,False,False,False,False,False,False,False,False,False,False,False,False,False,False,False,False,False,False
AMZN,2023-11-01 04:00:00+00:00,133.9600067138672,137.35000610351562,133.7100067138672,137.0,61529400,2023,11,44,Wednesday,135.505,133.08999633789062,2.94,0.65,0.47,2.94,-0.47,131.7591,130.4282,129.0973,127.7664,126.4355,125.1046,123.7737,122.4428,121.1119,119.781,118.4501,117.1192,115.7883,114.4574,113.1265,111.7956,109.1338,107.8029,106.472,105.1411,103.8102,102.4793,101.1484,99.8175,0,0.0,False,False,False,False,False,False,False,False,False,False,False,False,False,False,False,False,False,False,False,False,False,False,False,False
AMZN,2023-11-02 04:00:00+00:00,138.72999572753906,138.80999755859375,136.47000122070312,138.07000732421875,52236700,2023,11,44,Thursday,138.02,137.0,0.78,1.26,-0.39,0.78,0.39,135.63,134.26,132.89,131.52,130.15,128.78,127.41,126.04,124.67,123.3,121.93,120.56,119.19,117.82,116.45,115.08,112.34,110.97,109.6,108.23,106.86,105.49,104.12,102.75,0,0.0,False,False,False,False,False,False,False,False,False,False,False,False,False,False,False,False,False,False,False,False,False,False,False,False
AMZN,2023-11-03 04:00:00+00:00,138.99000549316406,139.49000549316406,137.4499969482422,138.60000610351562,44059800,2023,11,44,Friday,138.6325,138.07000732421875,0.38,0.67,-0.45,0.38,0.45,136.6893,135.3086,133.9279,132.5472,131.1665,129.7858,128.4051,127.0244,125.6437,124.263,122.8823,121.5016,120.1209,118.7402,117.3595,115.9788,113.2174,111.8367,110.456,109.0753,107.6946,106.3139,104.9332,103.5525,0,0.0,False,False,False,False,False,False,False,False,False,False,False,False,False,False,False,False,False,False,False,False,False,False,False,False
AMZN,2023-11-06 05:00:00+00:00,138.75999450683594,140.72999572753906,138.36000061035156,139.74000549316406,44970400,2023,11,45,Monday,139.3975,138.60000610351562,0.82,0.12,-0.17,0.82,0.17,137.214,135.828,134.442,133.056,131.67,130.284,128.898,127.512,126.126,124.74,123.354,121.968,120.582,119.196,117.81,116.424,113.652,112.266,110.88,109.494,108.108,106.722,105.336,103.95,0,0.0,False,False,False,False,False,False,False,False,False,False,False,False,False,False,False,False,False,False,False,False,False,False,False,False
AMZN,2023-11-07 05:00:00+00:00,140.5500030517578,143.3699951171875,140.5,142.7100067138672,53553500,2023,11,45,Tuesday,141.7825,139.74000549316406,2.13,0.58,0.54,2.13,-0.54,138.3426,136.9452,135.5478,134.1504,132.753,131.3556,129.9582,128.5608,127.1634,125.766,124.3686,122.9712,121.5738,120.1764,118.779,117.3816,114.5868,113.1894,111.792,110.3946,108.9972,107.5998,106.2024,104.805,0,0.0,False,False,False,False,False,False,False,False,False,False,False,False,False,False,False,False,False,False,False,False,False,False,False,False
AMZN,2023-11-08 05:00:00+00:00,142.97000122070312,143.1199951171875,141.22000122070312,142.0800018310547,44521700,2023,11,45,Wednesday,142.3475,142.7100067138672,-0.44,0.18,-1.04,-0.44,1.04,141.2829,139.8558,138.4287,137.0016,135.5745,134.1474,132.7203,131.2932,129.8661,128.439,127.0119,125.5848,124.1577,122.7306,121.3035,119.8764,117.0222,115.5951,114.168,112.7409,111.3138,109.8867,108.4596,107.0325,1,141.2829,True,False,False,False,False,False,False,False,False,False,False,False,False,False,False,False,False,False,False,False,False,False,False,False
AMZN,2023-11-09 05:00:00+00:00,142.02000427246094,142.64999389648438,139.83999633789062,140.60000610351562,36235400,2023,11,45,Thursday,141.2775,142.0800018310547,-1.04,-0.04,-1.58,-1.04,1.58,140.6592,139.2384,137.8176,136.3968,134.976,133.5552,132.1344,130.7136,129.2928,127.872,126.4512,125.0304,123.6096,122.1888,120.768,119.3472,116.5056,115.0848,113.664,112.2432,110.8224,109.4016,107.9808,106.56,1,140.6592,True,False,False,False,False,False,False,False,False,False,False,False,False,False,False,False,False,False,False,False,False,False,False,False
AMZN,2023-11-10 05:00:00+00:00,140.4600067138672,143.64999389648438,139.91000366210938,143.55999755859375,49287800,2023,11,45,Friday,141.895,140.60000610351562,2.11,-0.1,-0.49,2.11,0.49,139.194,137.788,136.382,134.976,133.57,132.164,130.758,129.352,127.946,126.54,125.134,123.728,122.322,120.916,119.51,118.104,115.292,113.886,112.48,111.074,109.668,108.262,106.856,105.45,0,0.0,False,False,False,False,False,False,False,False,False,False,False,False,False,False,False,False,False,False,False,False,False,False,False,False
AMZN,2023-11-13 05:00:00+00:00,142.0800018310547,143.22999572753906,140.6699981689453,142.58999633789062,35680600,2023,11,46,Monday,142.1425,143.55999755859375,-0.68,-1.03,-2.01,-0.68,2.01,142.1244,140.6888,139.2532,137.8176,136.382,134.9464,133.5108,132.0752,130.6396,129.204,127.7684,126.3328,124.8972,123.4616,122.026,120.5904,117.7192,116.2836,114.848,113.4124,111.9768,110.5412,109.1056,107.67,2,282.8132,True,True,False,False,False,False,False,False,False,False,False,False,False,False,False,False,False,False,False,False,False,False,False,False
AMZN,2023-11-14 05:00:00+00:00,145.0,147.25999450683594,144.67999267578125,145.8000030517578,56674600,2023,11,46,Tuesday,145.685,142.58999633789062,2.25,1.69,1.47,2.25,-1.47,141.1641,139.7382,138.3123,136.8864,135.4605,134.0346,132.6087,131.1828,129.7569,128.331,126.9051,125.4792,124.0533,122.6274,121.2015,119.7756,116.9238,115.4979,114.072,112.6461,111.2202,109.7943,108.3684,106.9425,0,0.0,False,False,False,False,False,False,False,False,False,False,False,False,False,False,False,False,False,False,False,False,False,False,False,False
AMZN,2023-11-15 05:00:00+00:00,147.05999755859375,147.2899932861328,142.58999633789062,143.1999969482422,63875700,2023,11,46,Wednesday,145.035,145.8000030517578,-1.78,0.86,-2.2,-1.78,2.2,144.342,142.884,141.426,139.968,138.51,137.052,135.594,134.136,132.678,131.22,129.762,128.304,126.846,125.388,123.93,122.472,119.556,118.098,116.64,115.182,113.724,112.266,110.808,109.35,2,287.226,True,True,False,False,False,False,False,False,False,False,False,False,False,False,False,False,False,False,False,False,False,False,False,False
AMZN,2023-11-16 05:00:00+00:00,140.91000366210938,143.32000732421875,139.52000427246094,142.8300018310547,49653500,2023,11,46,Thursday,141.645,143.1999969482422,-0.26,-1.6,-2.57,-0.26,2.57,141.768,140.336,138.904,137.472,136.04,134.608,133.176,131.744,130.312,128.88,127.448,126.016,124.584,123.152,121.72,120.288,117.424,115.992,114.56,113.128,111.696,110.264,108.832,107.4,2,282.104,True,True,False,False,False,False,False,False,False,False,False,False,False,False,False,False,False,False,False,False,False,False,False,False
AMZN,2023-11-17 05:00:00+00:00,142.66000366210938,145.22999572753906,142.5399932861328,145.17999267578125,49636700,2023,11,46,Friday,143.9025,142.8300018310547,1.65,-0.12,-0.2,1.65,0.2,141.4017,139.9734,138.5451,137.1168,135.6885,134.2602,132.8319,131.4036,129.9753,128.547,127.1187,125.6904,124.2621,122.8338,121.4055,119.9772,117.1206,115.6923,114.264,112.8357,111.4074,109.9791,108.5508,107.1225,0,0.0,False,False,False,False,False,False,False,False,False,False,False,False,False,False,False,False,False,False,False,False,False,False,False,False
AMZN,2023-11-20 05:00:00+00:00,145.1300048828125,146.6300048828125,144.72999572753906,146.1300048828125,41951200,2023,11,47,Monday,145.655,145.17999267578125,0.65,-0.03,-0.31,0.65,0.31,143.7282,142.2764,140.8246,139.3728,137.921,136.4692,135.0174,133.5656,132.1138,130.662,129.2102,127.7584,126.3066,124.8548,123.403,121.9512,119.0476,117.5958,116.144,114.6922,113.2404,111.7886,110.3368,108.885,0,0.0,False,False,False,False,False,False,False,False,False,False,False,False,False,False,False,False,False,False,False,False,False,False,False,False
AMZN,2023-11-21 05:00:00+00:00,143.91000366210938,144.0500030517578,141.5,143.89999389648438,71226000,2023,11,47,Tuesday,143.34,146.1300048828125,-1.53,-1.52,-3.17,-1.53,3.17,144.6687,143.2074,141.7461,140.2848,138.8235,137.3622,135.9009,134.4396,132.9783,131.517,130.0557,128.5944,127.1331,125.6718,124.2105,122.7492,119.8266,118.3653,116.904,115.4427,113.9814,112.5201,111.0588,109.5975,3,429.6222,True,True,True,False,False,False,False,False,False,False,False,False,False,False,False,False,False,False,False,False,False,False,False,False
AMZN,2023-11-22 05:00:00+00:00,144.57000732421875,147.74000549316406,144.57000732421875,146.7100067138672,45669100,2023,11,47,Wednesday,145.8975,143.89999389648438,1.95,0.47,0.47,1.95,-0.47,142.461,141.022,139.583,138.144,136.705,135.266,133.827,132.388,130.949,129.51,128.071,126.632,125.193,123.754,122.315,120.876,117.998,116.559,115.12,113.681,112.242,110.803,109.364,107.925,0,0.0,False,False,False,False,False,False,False,False,False,False,False,False,False,False,False,False,False,False,False,False,False,False,False,False
AMZN,2023-11-24 05:00:00+00:00,146.6999969482422,147.1999969482422,145.32000732421875,146.74000549316406,22378400,2023,11,47,Friday,146.49,146.7100067138672,0.02,-0.01,-0.95,0.02,0.95,145.2429,143.7758,142.3087,140.8416,139.3745,137.9074,136.4403,134.9732,133.5061,132.039,130.5719,129.1048,127.6377,126.1706,124.7035,123.2364,120.3022,118.8351,117.368,115.9009,114.4338,112.9667,111.4996,110.0325,0,0.0,False,False,False,False,False,False,False,False,False,False,False,False,False,False,False,False,False,False,False,False,False,False,False,False
AMZN,2023-11-27 05:00:00+00:00,147.52999877929688,149.25999450683594,146.8800048828125,147.72999572753906,53762400,2023,11,48,Monday,147.85,146.74000549316406,0.67,0.54,0.1,0.67,-0.1,145.2726,143.8052,142.3378,140.8704,139.403,137.9356,136.4682,135.0008,133.5334,132.066,130.5986,129.1312,127.6638,126.1964,124.729,123.2616,120.3268,118.8594,117.392,115.9246,114.4572,112.9898,111.5224,110.055,0,0.0,False,False,False,False,False,False,False,False,False,False,False,False,False,False,False,False,False,False,False,False,False,False,False,False
AMZN,2023-11-28 05:00:00+00:00,146.97999572753906,147.60000610351562,145.52999877929688,147.02999877929688,42711700,2023,11,48,Tuesday,146.785,147.72999572753906,-0.47,-0.51,-1.49,-0.47,1.49,146.2527,144.7754,143.2981,141.8208,140.3435,138.8662,137.3889,135.9116,134.4343,132.957,131.4797,130.0024,128.5251,127.0478,125.5705,124.0932,121.1386,119.6613,118.184,116.7067,115.2294,113.7521,112.2748,110.7975,1,146.2527,True,False,False,False,False,False,False,False,False,False,False,False,False,False,False,False,False,False,False,False,False,False,False,False
AMZN,2023-11-29 05:00:00+00:00,147.85000610351562,148.5399932861328,145.97000122070312,146.32000732421875,40610900,2023,11,48,Wednesday,147.17,147.02999877929688,-0.48,0.56,-0.72,-0.48,0.72,145.5597,144.0894,142.6191,141.1488,139.6785,138.2082,136.7379,135.2676,133.7973,132.327,130.8567,129.3864,127.9161,126.4458,124.9755,123.5052,120.5646,119.0943,117.624,116.1537,114.6834,113.2131,111.7428,110.2725,0,0.0,False,False,False,False,False,False,False,False,False,False,False,False,False,False,False,False,False,False,False,False,False,False,False,False
AMZN,2023-11-30 05:00:00+00:00,144.75999450683594,146.92999267578125,144.3300018310547,146.08999633789062,65814000,2023,11,48,Thursday,145.5275,146.32000732421875,-0.16,-1.07,-1.36,-0.16,1.36,144.8568,143.3936,141.9304,140.4672,139.004,137.5408,136.0776,134.6144,133.1512,131.688,130.2248,128.7616,127.2984,125.8352,124.372,122.9088,119.9824,118.5192,117.056,115.5928,114.1296,112.6664,111.2032,109.74,1,144.8568,True,False,False,False,False,False,False,False,False,False,False,False,False,False,False,False,False,False,False,False,False,False,False,False
AMZN,2023-12-01 05:00:00+00:00,146.0,147.25,145.5500030517578,147.02999877929688,39951800,2023,12,48,Friday,146.4575,146.08999633789062,0.64,-0.06,-0.37,0.64,0.37,144.6291,143.1682,141.7073,140.2464,138.7855,137.3246,135.8637,134.4028,132.9419,131.481,130.0201,128.5592,127.0983,125.6374,124.1765,122.7156,119.7938,118.3329,116.872,115.4111,113.9502,112.4893,111.0284,109.5675,0,0.0,False,False,False,False,False,False,False,False,False,False,False,False,False,False,False,False,False,False,False,False,False,False,False,False
AMZN,2023-12-04 05:00:00+00:00,145.25,145.35000610351562,142.80999755859375,144.83999633789062,48294200,2023,12,49,Monday,144.5625,147.02999877929688,-1.49,-1.21,-2.87,-1.49,2.87,145.5597,144.0894,142.6191,141.1488,139.6785,138.2082,136.7379,135.2676,133.7973,132.327,130.8567,129.3864,127.9161,126.4458,124.9755,123.5052,120.5646,119.0943,117.624,116.1537,114.6834,113.2131,111.7428,110.2725,2,289.6491,True,True,False,False,False,False,False,False,False,False,False,False,False,False,False,False,False,False,False,False,False,False,False,False
AMZN,2023-12-05 05:00:00+00:00,143.5500030517578,148.57000732421875,143.1300048828125,146.8800048828125,46822400,2023,12,49,Tuesday,145.5325,144.83999633789062,1.41,-0.89,-1.18,1.41,1.18,143.3916,141.9432,140.4948,139.0464,137.598,136.1496,134.7012,133.2528,131.8044,130.356,128.9076,127.4592,126.0108,124.5624,123.114,121.6656,118.7688,117.3204,115.872,114.4236,112.9752,111.5268,110.0784,108.63,1,143.3916,True,False,False,False,False,False,False,False,False,False,False,False,False,False,False,False,False,False,False,False,False,False,False,False
AMZN,2023-12-06 05:00:00+00:00,147.5800018310547,147.85000610351562,144.27999877929688,144.52000427246094,39679000,2023,12,49,Wednesday,146.0575,146.8800048828125,-1.61,0.48,-1.77,-1.61,1.77,145.4112,143.9424,142.4736,141.0048,139.536,138.0672,136.5984,135.1296,133.6608,132.192,130.7232,129.2544,127.7856,126.3168,124.848,123.3792,120.4416,118.9728,117.504,116.0352,114.5664,113.0976,111.6288,110.16,1,145.4112,True,False,False,False,False,False,False,False,False,False,False,False,False,False,False,False,False,False,False,False,False,False,False,False
AMZN,2023-12-07 05:00:00+00:00,146.14999389648438,147.9199981689453,145.33999633789062,146.8800048828125,52352800,2023,12,49,Thursday,146.5725,144.52000427246094,1.63,1.13,0.57,1.63,-0.57,143.0748,141.6296,140.1844,138.7392,137.294,135.8488,134.4036,132.9584,131.5132,130.068,128.6228,127.1776,125.7324,124.2872,122.842,121.3968,118.5064,117.0612,115.616,114.1708,112.7256,111.2804,109.8352,108.39,0,0.0,False,False,False,False,False,False,False,False,False,False,False,False,False,False,False,False,False,False,False,False,False,False,False,False
AMZN,2023-12-08 05:00:00+00:00,145.47999572753906,147.83999633789062,145.39999389648438,147.4199981689453,41906000,2023,12,49,Friday,146.535,146.8800048828125,0.37,-0.95,-1.01,0.37,1.01,145.4112,143.9424,142.4736,141.0048,139.536,138.0672,136.5984,135.1296,133.6608,132.192,130.7232,129.2544,127.7856,126.3168,124.848,123.3792,120.4416,118.9728,117.504,116.0352,114.5664,113.0976,111.6288,110.16,1,145.4112,True,False,False,False,False,False,False,False,False,False,False,False,False,False,False,False,False,False,False,False,False,False,False,False
AMZN,2023-12-11 05:00:00+00:00,145.66000366210938,146.19000244140625,143.63999938964844,145.88999938964844,50907300,2023,12,50,Monday,145.345,147.4199981689453,-1.04,-1.19,-2.56,-1.04,2.56,145.9458,144.4716,142.9974,141.5232,140.049,138.5748,137.1006,135.6264,134.1522,132.678,131.2038,129.7296,128.2554,126.7812,125.307,123.8328,120.8844,119.4102,117.936,116.4618,114.9876,113.5134,112.0392,110.565,2,290.4174,True,True,False,False,False,False,False,False,False,False,False,False,False,False,False,False,False,False,False,False,False,False,False,False
AMZN,2023-12-12 05:00:00+00:00,145.52000427246094,147.5,145.3000030517578,147.47999572753906,44944300,2023,12,50,Tuesday,146.45,145.88999938964844,1.09,-0.25,-0.4,1.09,0.4,144.4311,142.9722,141.5133,140.0544,138.5955,137.1366,135.6777,134.2188,132.7599,131.301,129.8421,128.3832,126.9243,125.4654,124.0065,122.5476,119.6298,118.1709,116.712,115.2531,113.7942,112.3353,110.8764,109.4175,0,0.0,False,False,False,False,False,False,False,False,False,False,False,False,False,False,False,False,False,False,False,False,False,False,False,False
AMZN,2023-12-13 05:00:00+00:00,148.1199951171875,149.4600067138672,146.82000732421875,148.83999633789062,52766200,2023,12,50,Wednesday,148.31,147.47999572753906,0.92,0.43,-0.45,0.92,0.45,146.0052,144.5304,143.0556,141.5808,140.106,138.6312,137.1564,135.6816,134.2068,132.732,131.2572,129.7824,128.3076,126.8328,125.358,123.8832,120.9336,119.4588,117.984,116.5092,115.0344,113.5596,112.0848,110.61,0,0.0,False,False,False,False,False,False,False,False,False,False,False,False,False,False,False,False,False,False,False,False,False,False,False,False
AMZN,2023-12-14 05:00:00+00:00,149.92999267578125,150.5399932861328,145.52000427246094,147.4199981689453,58400800,2023,12,50,Thursday,148.3525,148.83999633789062,-0.95,0.73,-2.23,-0.95,2.23,147.3516,145.8632,144.3748,142.8864,141.398,139.9096,138.4212,136.9328,135.4444,133.956,132.4676,130.9792,129.4908,128.0024,126.514,125.0256,122.0488,120.5604,119.072,117.5836,116.0952,114.6068,113.1184,111.63,2,293.2148,True,True,False,False,False,False,False,False,False,False,False,False,False,False,False,False,False,False,False,False,False,False,False,False
AMZN,2023-12-15 05:00:00+00:00,148.3800048828125,150.57000732421875,147.8800048828125,149.97000122070312,110089300,2023,12,50,Friday,149.2,147.4199981689453,1.73,0.65,0.31,1.73,-0.31,145.9458,144.4716,142.9974,141.5232,140.049,138.5748,137.1006,135.6264,134.1522,132.678,131.2038,129.7296,128.2554,126.7812,125.307,123.8328,120.8844,119.4102,117.936,116.4618,114.9876,113.5134,112.0392,110.565,0,0.0,False,False,False,False,False,False,False,False,False,False,False,False,False,False,False,False,False,False,False,False,False,False,False,False
AMZN,2023-12-18 05:00:00+00:00,150.55999755859375,154.85000610351562,150.0500030517578,154.07000732421875,62512800,2023,12,51,Monday,152.3825,149.97000122070312,2.73,0.39,0.05,2.73,-0.05,148.4703,146.9706,145.4709,143.9712,142.4715,140.9718,139.4721,137.9724,136.4727,134.973,133.4733,131.9736,130.4739,128.9742,127.4745,125.9748,122.9754,121.4757,119.976,118.4763,116.9766,115.4769,113.9772,112.4775,0,0.0,False,False,False,False,False,False,False,False,False,False,False,False,False,False,False,False,False,False,False,False,False,False,False,False
AMZN,2023-12-19 05:00:00+00:00,154.39999389648438,155.1199951171875,152.69000244140625,153.7899932861328,43171300,2023,12,51,Tuesday,154.0,154.07000732421875,-0.18,0.21,-0.9,-0.18,0.9,152.5293,150.9886,149.4479,147.9072,146.3665,144.8258,143.2851,141.7444,140.2037,138.663,137.1223,135.5816,134.0409,132.5002,130.9595,129.4188,126.3374,124.7967,123.256,121.7153,120.1746,118.6339,117.0932,115.5525,0,0.0,False,False,False,False,False,False,False,False,False,False,False,False,False,False,False,False,False,False,False,False,False,False,False,False
AMZN,2023-12-20 05:00:00+00:00,152.89999389648438,155.6300048828125,151.55999755859375,152.1199951171875,50322100,2023,12,51,Wednesday,153.0525,153.7899932861328,-1.09,-0.58,-1.45,-1.09,1.45,152.2521,150.7142,149.1763,147.6384,146.1005,144.5626,143.0247,141.4868,139.9489,138.411,136.8731,135.3352,133.7973,132.2594,130.7215,129.1836,126.1078,124.5699,123.032,121.4941,119.9562,118.4183,116.8804,115.3425,1,152.2521,True,False,False,False,False,False,False,False,False,False,False,False,False,False,False,False,False,False,False,False,False,False,False,False
AMZN,2023-12-21 05:00:00+00:00,153.3000030517578,153.97000122070312,152.10000610351562,153.83999633789062,36305700,2023,12,51,Thursday,153.3025,152.1199951171875,1.13,0.78,-0.01,1.13,0.01,150.5988,149.0776,147.5564,146.0352,144.514,142.9928,141.4716,139.9504,138.4292,136.908,135.3868,133.8656,132.3444,130.8232,129.302,127.7808,124.7384,123.2172,121.696,120.1748,118.6536,117.1324,115.6112,114.09,0,0.0,False,False,False,False,False,False,False,False,False,False,False,False,False,False,False,False,False,False,False,False,False,False,False,False
AMZN,2023-12-22 05:00:00+00:00,153.77000427246094,154.35000610351562,152.7100067138672,153.4199981689453,29514100,2023,12,51,Friday,153.5625,153.83999633789062,-0.27,-0.05,-0.73,-0.27,0.73,152.3016,150.7632,149.2248,147.6864,146.148,144.6096,143.0712,141.5328,139.9944,138.456,136.9176,135.3792,133.8408,132.3024,130.764,129.2256,126.1488,124.6104,123.072,121.5336,119.9952,118.4568,116.9184,115.38,0,0.0,False,False,False,False,False,False,False,False,False,False,False,False,False,False,False,False,False,False,False,False,False,False,False,False
AMZN,2023-12-26 05:00:00+00:00,153.55999755859375,153.97999572753906,153.02999877929688,153.41000366210938,25067200,2023,12,52,Tuesday,153.495,153.4199981689453,-0.01,0.09,-0.25,-0.01,0.25,151.8858,150.3516,148.8174,147.2832,145.749,144.2148,142.6806,141.1464,139.6122,138.078,136.5438,135.0096,133.4754,131.9412,130.407,128.8728,125.8044,124.2702,122.736,121.2018,119.6676,118.1334,116.5992,115.065,0,0.0,False,False,False,False,False,False,False,False,False,False,False,False,False,False,False,False,False,False,False,False,False,False,False,False
AMZN,2023-12-27 05:00:00+00:00,153.55999755859375,154.77999877929688,153.1199951171875,153.33999633789062,31434700,2023,12,52,Wednesday,153.7,153.41000366210938,-0.05,0.1,-0.19,-0.05,0.19,151.8759,150.3418,148.8077,147.2736,145.7395,144.2054,142.6713,141.1372,139.6031,138.069,136.5349,135.0008,133.4667,131.9326,130.3985,128.8644,125.7962,124.2621,122.728,121.1939,119.6598,118.1257,116.5916,115.0575,0,0.0,False,False,False,False,False,False,False,False,False,False,False,False,False,False,False,False,False,False,False,False,False,False,False,False
AMZN,2023-12-28 05:00:00+00:00,153.72000122070312,154.0800018310547,152.9499969482422,153.3800048828125,27057000,2023,12,52,Thursday,153.5325,153.33999633789062,0.03,0.25,-0.25,0.03,0.25,151.8066,150.2732,148.7398,147.2064,145.673,144.1396,142.6062,141.0728,139.5394,138.006,136.4726,134.9392,133.4058,131.8724,130.339,128.8056,125.7388,124.2054,122.672,121.1386,119.6052,118.0718,116.5384,115.005,0,0.0,False,False,False,False,False,False,False,False,False,False,False,False,False,False,False,False,False,False,False,False,False,False,False,False
AMZN,2023-12-29 05:00:00+00:00,153.10000610351562,153.88999938964844,151.02999877929688,151.94000244140625,39823200,2023,12,52,Friday,152.49,153.3800048828125,-0.94,-0.18,-1.53,-0.94,1.53,151.8462,150.3124,148.7786,147.2448,145.711,144.1772,142.6434,141.1096,139.5758,138.042,136.5082,134.9744,133.4406,131.9068,130.373,128.8392,125.7716,124.2378,122.704,121.1702,119.6364,118.1026,116.5688,115.035,1,151.8462,True,False,False,False,False,False,False,False,False,False,False,False,False,False,False,False,False,False,False,False,False,False,False,False
