Symbol,Date,Open,High,Low,Close,Volume,Year,Month,Week,Weekday,avg_daily_price,Previous_Close,Daily_Gain_Loss_Pct,Open_vs_PrevClose_Pct,Low_vs_PrevClose_Pct,Close_vs_PrevClose_Pct,mx_percent_decline,Shares_Purchased,Total_Value_Purchased,BOD99-1,BOD98-2,BOD97-3,BOD96-4,BOD95-5,BOD94-6,BOD93-7,BOD92-8,BOD91-9,BOD90-10,BOD89-11,BOD88-12,BOD87-13,BOD86-14,BOD85-15,BOD84-16,BOD83-17,BOD82-18,BOD81-19,BOD80-20,BOD79-21,BOD78-22,BOD77-23,BOD76-24,BOD75-25,BOD99-1_Executed,BOD98-2_Executed,BOD97-3_Executed,BOD96-4_Executed,BOD95-5_Executed,BOD94-6_Executed,BOD93-7_Executed,BOD92-8_Executed,BOD91-9_Executed,BOD90-10_Executed,BOD89-11_Executed,BOD88-12_Executed,BOD87-13_Executed,BOD86-14_Executed,BOD85-15_Executed,BOD84-16_Executed,BOD83-17_Executed,BOD82-18_Executed,BOD81-19_Executed,BOD80-20_Executed,BOD79-21_Executed,BOD78-22_Executed,BOD77-23_Executed,BOD76-24_Executed,BOD75-25_Executed
QQQ,2007-01-03,37.18856378858399,37.7019835736983,36.38421036872767,37.00031280517578,167689500,2007,1,1,Wednesday,37.0688,36.931861877441406,0.19,0.7,-1.48,0.19,1.48,1,36.5625,36.5625,36.1932,35.8239,35.4546,35.0853,34.716,34.3466,33.9773,33.608,33.2387,32.8694,32.5,32.1307,31.7614,31.3921,31.0228,30.6534,30.2841,29.9148,29.5455,29.1762,28.8069,28.4375,28.0682,27.6989,True,False,False,False,False,False,False,False,False,False,False,False,False,False,False,False,False,False,False,False,False,False,False,False,False
QQQ,2007-01-04,37.05166831178873,37.83035221719705,36.92331575889832,37.70199966430664,136853500,2007,1,1,Thursday,37.3768,37.00031280517578,1.9,0.14,-0.21,1.9,0.21,0,0.0,36.6303,36.2603,35.8903,35.5203,35.1503,34.7803,34.4103,34.0403,33.6703,33.3003,32.9303,32.5603,32.1903,31.8203,31.4503,31.0803,30.7103,30.3403,29.9703,29.6003,29.2302,28.8602,28.4902,28.1202,27.7502,False,False,False,False,False,False,False,False,False,False,False,False,False,False,False,False,False,False,False,False,False,False,False,False,False
QQQ,2007-01-05,37.60786088250591,37.60786088250591,37.205682493063975,37.52228927612305,138958800,2007,1,1,Friday,37.4859,37.70199966430664,-0.48,-0.25,-1.32,-0.48,1.32,1,37.325,37.325,36.948,36.5709,36.1939,35.8169,35.4399,35.0629,34.6858,34.3088,33.9318,33.5548,33.1778,32.8007,32.4237,32.0467,31.6697,31.2927,30.9156,30.5386,30.1616,29.7846,29.4076,29.0305,28.6535,28.2765,True,False,False,False,False,False,False,False,False,False,False,False,False,False,False,False,False,False,False,False,False,False,False,False,False
QQQ,2007-01-08,37.55650627050218,37.75331600780759,37.34258221722821,37.547950744628906,106401600,2007,1,2,Monday,37.5501,37.52228927612305,0.07,0.09,-0.48,0.07,0.48,0,0.0,37.1471,36.7718,36.3966,36.0214,35.6462,35.271,34.8957,34.5205,34.1453,33.7701,33.3948,33.0196,32.6444,32.2692,31.8939,31.5187,31.1435,30.7683,30.3931,30.0178,29.6426,29.2674,28.8922,28.5169,28.1417,False,False,False,False,False,False,False,False,False,False,False,False,False,False,False,False,False,False,False,False,False,False,False,False,False
QQQ,2007-01-09,37.65921229059698,37.898809598738296,37.33404987791611,37.73622512817383,121577500,2007,1,2,Tuesday,37.6571,37.547950744628906,0.5,0.3,-0.57,0.5,0.57,0,0.0,37.1725,36.797,36.4215,36.046,35.6706,35.2951,34.9196,34.5441,34.1686,33.7932,33.4177,33.0422,32.6667,32.2912,31.9158,31.5403,31.1648,30.7893,30.4138,30.0384,29.6629,29.2874,28.9119,28.5364,28.161,False,False,False,False,False,False,False,False,False,False,False,False,False,False,False,False,False,False,False,False,False,False,False,False,False
QQQ,2007-01-10,37.61642697222848,38.21541532818858,37.49662995388124,38.18118667602539,121070100,2007,1,2,Wednesday,37.8774,37.73622512817383,1.18,-0.32,-0.63,1.18,0.63,0,0.0,37.3589,36.9815,36.6041,36.2268,35.8494,35.4721,35.0947,34.7173,34.34,33.9626,33.5852,33.2079,32.8305,32.4532,32.0758,31.6984,31.3211,30.9437,30.5663,30.189,29.8116,29.4343,29.0569,28.6795,28.3022,False,False,False,False,False,False,False,False,False,False,False,False,False,False,False,False,False,False,False,False,False,False,False,False,False
QQQ,2007-01-11,38.25819988877853,38.71172137385592,38.20686017425111,38.57481002807617,174029800,2007,1,2,Thursday,38.4379,38.18118667602539,1.03,0.2,0.07,1.03,-0.07,0,0.0,37.7994,37.4176,37.0358,36.6539,36.2721,35.8903,35.5085,35.1267,34.7449,34.3631,33.9813,33.5994,33.2176,32.8358,32.454,32.0722,31.6904,31.3086,30.9268,30.5449,30.1631,29.7813,29.3995,29.0177,28.6359,False,False,False,False,False,False,False,False,False,False,False,False,False,False,False,False,False,False,False,False,False,False,False,False,False
QQQ,2007-01-12,38.52346127759046,38.805839457856216,38.480677100486375,38.77161407470703,104217300,2007,1,2,Friday,38.6454,38.57481002807617,0.51,-0.13,-0.24,0.51,0.24,0,0.0,38.1891,37.8033,37.4176,37.0318,36.6461,36.2603,35.8746,35.4888,35.1031,34.7173,34.3316,33.9458,33.5601,33.1743,32.7886,32.4028,32.0171,31.6313,31.2456,30.8598,30.4741,30.0884,29.7026,29.3169,28.9311,False,False,False,False,False,False,False,False,False,False,False,False,False,False,False,False,False,False,False,False,False,False,False,False,False
QQQ,2007-01-16,38.80583202202774,38.84861945515654,38.61758102599701,38.74593353271485,95690500,2007,1,3,Tuesday,38.7545,38.77161407470703,-0.07,0.09,-0.4,-0.07,0.4,0,0.0,38.3839,37.9962,37.6085,37.2207,36.833,36.4453,36.0576,35.6699,35.2822,34.8945,34.5067,34.119,33.7313,33.3436,32.9559,32.5682,32.1804,31.7927,31.405,31.0173,30.6296,30.2419,29.8541,29.4664,29.0787,False,False,False,False,False,False,False,False,False,False,False,False,False,False,False,False,False,False,False,False,False,False,False,False,False
QQQ,2007-01-17,38.58335454652484,38.75449449595829,38.36087489721746,38.42932891845703,127142600,2007,1,3,Wednesday,38.532,38.74593353271485,-0.82,-0.42,-0.99,-0.82,0.99,0,0.0,38.3585,37.971,37.5836,37.1961,36.8086,36.4212,36.0337,35.6463,35.2588,34.8713,34.4839,34.0964,33.709,33.3215,32.934,32.5466,32.1591,31.7717,31.3842,30.9967,30.6093,30.2218,29.8344,29.4469,29.0595,False,False,False,False,False,False,False,False,False,False,False,False,False,False,False,False,False,False,False,False,False,False,False,False,False
QQQ,2007-01-18,38.32666790297496,38.36945209844384,37.60788232073302,37.71912384033203,189029800,2007,1,3,Thursday,38.0058,38.42932891845703,-1.85,-0.27,-2.14,-1.85,2.14,2,75.7058,38.045,37.6607,37.2764,36.8922,36.5079,36.1236,35.7393,35.355,34.9707,34.5864,34.2021,33.8178,33.4335,33.0492,32.6649,32.2806,31.8963,31.512,31.1278,30.7435,30.3592,29.9749,29.5906,29.2063,28.822,True,True,False,False,False,False,False,False,False,False,False,False,False,False,False,False,False,False,False,False,False,False,False,False,False
QQQ,2007-01-19,37.62499436257002,37.89025831687277,37.57365137259625,37.7961311340332,127544300,2007,1,3,Friday,37.7213,37.71912384033203,0.2,-0.25,-0.39,0.2,0.39,0,0.0,37.3419,36.9647,36.5876,36.2104,35.8332,35.456,35.0788,34.7016,34.3244,33.9472,33.57,33.1928,32.8156,32.4384,32.0613,31.6841,31.3069,30.9297,30.5525,30.1753,29.7981,29.4209,29.0437,28.6665,28.2893,False,False,False,False,False,False,False,False,False,False,False,False,False,False,False,False,False,False,False,False,False,False,False,False,False
QQQ,2007-01-22,37.830342373456766,37.84745669556702,37.23135415649068,37.385379791259766,123441700,2007,1,4,Monday,37.5736,37.7961311340332,-1.09,0.09,-1.49,-1.09,1.49,1,37.4182,37.4182,37.0402,36.6622,36.2843,35.9063,35.5284,35.1504,34.7724,34.3945,34.0165,33.6386,33.2606,32.8826,32.5047,32.1267,31.7488,31.3708,30.9928,30.6149,30.2369,29.8589,29.481,29.103,28.7251,28.3471,True,False,False,False,False,False,False,False,False,False,False,False,False,False,False,False,False,False,False,False,False,False,False,False,False
QQQ,2007-01-23,37.35972144030895,37.63354414991496,37.222810085505934,37.29126739501953,133103600,2007,1,4,Tuesday,37.3768,37.385379791259766,-0.25,-0.07,-0.43,-0.25,0.43,0,0.0,37.0115,36.6377,36.2638,35.89,35.5161,35.1423,34.7684,34.3945,34.0207,33.6468,33.273,32.8991,32.5253,32.1514,31.7776,31.4037,31.0299,30.656,30.2822,29.9083,29.5345,29.1606,28.7867,28.4129,28.039,False,False,False,False,False,False,False,False,False,False,False,False,False,False,False,False,False,False,False,False,False,False,False,False,False
QQQ,2007-01-24,37.53086606504493,37.92448585047904,37.45385321448395,37.907371520996094,117615300,2007,1,4,Wednesday,37.7041,37.29126739501953,1.65,0.64,0.44,1.65,-0.44,0,0.0,36.9184,36.5454,36.1725,35.7996,35.4267,35.0538,34.6809,34.308,33.9351,33.5621,33.1892,32.8163,32.4434,32.0705,31.6976,31.3247,30.9518,30.5788,30.2059,29.833,29.4601,29.0872,28.7143,28.3414,27.9685,False,False,False,False,False,False,False,False,False,False,False,False,False,False,False,False,False,False,False,False,False,False,False,False,False
QQQ,2007-01-25,37.95871427927125,38.05284145874442,37.29127175460633,37.41962432861328,158337600,2007,1,4,Thursday,37.6806,37.907371520996094,-1.29,0.14,-1.63,-1.29,1.63,1,37.5283,37.5283,37.1492,36.7702,36.3911,36.012,35.6329,35.2539,34.8748,34.4957,34.1166,33.7376,33.3585,32.9794,32.6003,32.2213,31.8422,31.4631,31.084,30.705,30.3259,29.9468,29.5677,29.1887,28.8096,28.4305,True,False,False,False,False,False,False,False,False,False,False,False,False,False,False,False,False,False,False,False,False,False,False,False,False
QQQ,2007-01-26,37.488068199623264,37.50518252286373,37.04310558804105,37.28269958496094,146284300,2007,1,4,Friday,37.3298,37.41962432861328,-0.37,0.18,-1.01,-0.37,1.01,1,37.0454,37.0454,36.6712,36.297,35.9228,35.5486,35.1744,34.8003,34.4261,34.0519,33.6777,33.3035,32.9293,32.5551,32.1809,31.8067,31.4325,31.0583,30.6841,30.3099,29.9357,29.5615,29.1873,28.8131,28.4389,28.0647,True,False,False,False,False,False,False,False,False,False,False,False,False,False,False,False,False,False,False,False,False,False,False,False,False
QQQ,2007-01-29,37.18857306915939,37.57363718803394,37.13723336279175,37.31692886352539,104191500,2007,1,5,Monday,37.3041,37.28269958496094,0.09,-0.25,-0.39,0.09,0.39,0,0.0,36.9099,36.537,36.1642,35.7914,35.4186,35.0457,34.6729,34.3001,33.9273,33.5544,33.1816,32.8088,32.4359,32.0631,31.6903,31.3175,30.9446,30.5718,30.199,29.8262,29.4533,29.0805,28.7077,28.3349,27.962,False,False,False,False,False,False,False,False,False,False,False,False,False,False,False,False,False,False,False,False,False,False,False,False,False
QQQ,2007-01-30,37.3768410466246,37.47096822838781,37.23992967248485,37.33405685424805,69605900,2007,1,5,Tuesday,37.3554,37.31692886352539,0.05,0.16,-0.21,0.05,0.21,0,0.0,36.9438,36.5706,36.1974,35.8243,35.4511,35.0779,34.7047,34.3316,33.9584,33.5852,33.2121,32.8389,32.4657,32.0926,31.7194,31.3462,30.9731,30.5999,30.2267,29.8535,29.4804,29.1072,28.734,28.3609,27.9877,False,False,False,False,False,False,False,False,False,False,False,False,False,False,False,False,False,False,False,False,False,False,False,False,False
QQQ,2007-01-31,37.29125135583704,37.81322342736618,37.07732725195332,37.710540771484375,157772500,2007,1,5,Wednesday,37.4731,37.33405685424805,1.01,-0.11,-0.69,1.01,0.69,0,0.0,36.9607,36.5874,36.214,35.8407,35.4674,35.094,34.7207,34.3473,33.974,33.6007,33.2273,32.854,32.4806,32.1073,31.7339,31.3606,30.9873,30.6139,30.2406,29.8672,29.4939,29.1206,28.7472,28.3739,28.0005,False,False,False,False,False,False,False,False,False,False,False,False,False,False,False,False,False,False,False,False,False,False,False,False,False
QQQ,2007-02-01,37.881700010133166,37.99294151481841,37.52230563508254,37.65066146850586,147365600,2007,2,5,Thursday,37.7619,37.710540771484375,-0.16,0.45,-0.5,-0.16,0.5,0,0.0,37.3334,36.9563,36.5792,36.2021,35.825,35.4479,35.0708,34.6937,34.3166,33.9395,33.5624,33.1853,32.8082,32.4311,32.054,31.6769,31.2997,30.9226,30.5455,30.1684,29.7913,29.4142,29.0371,28.66,28.2829,False,False,False,False,False,False,False,False,False,False,False,False,False,False,False,False,False,False,False,False,False,False,False,False,False
QQQ,2007-02-02,37.75331943014561,37.86456086191426,37.599293836688176,37.78754806518555,98189200,2007,2,5,Friday,37.7512,37.65066146850586,0.36,0.27,-0.14,0.36,0.14,0,0.0,37.2742,36.8976,36.5211,36.1446,35.7681,35.3916,35.0151,34.6386,34.2621,33.8856,33.5091,33.1326,32.7561,32.3796,32.0031,31.6266,31.25,30.8735,30.497,30.1205,29.744,29.3675,28.991,28.6145,28.238,False,False,False,False,False,False,False,False,False,False,False,False,False,False,False,False,False,False,False,False,False,False,False,False,False
QQQ,2007-02-05,37.77045218598205,37.95870650637912,37.616426517334254,37.75333786010742,96347800,2007,2,6,Monday,37.7747,37.78754806518555,-0.09,-0.05,-0.45,-0.09,0.45,0,0.0,37.4097,37.0318,36.6539,36.276,35.8982,35.5203,35.1424,34.7645,34.3867,34.0088,33.6309,33.253,32.8752,32.4973,32.1194,31.7415,31.3637,30.9858,30.6079,30.23,29.8522,29.4743,29.0964,28.7185,28.3407,False,False,False,False,False,False,False,False,False,False,False,False,False,False,False,False,False,False,False,False,False,False,False,False,False
QQQ,2007-02-06,37.821796686027305,37.84746654376058,37.34260533492064,37.70199966430664,121110200,2007,2,6,Tuesday,37.6785,37.75333786010742,-0.14,0.18,-1.09,-0.14,1.09,1,37.3758,37.3758,36.9983,36.6207,36.2432,35.8657,35.4881,35.1106,34.7331,34.3555,33.978,33.6005,33.2229,32.8454,32.4679,32.0903,31.7128,31.3353,30.9577,30.5802,30.2027,29.8251,29.4476,29.0701,28.6925,28.315,True,False,False,False,False,False,False,False,False,False,False,False,False,False,False,False,False,False,False,False,False,False,False,False,False
QQQ,2007-02-07,37.890232516857466,38.20684250977426,37.753321234377005,38.04425811767578,117823800,2007,2,6,Wednesday,37.9737,37.70199966430664,0.91,0.5,0.14,0.91,-0.14,0,0.0,37.325,36.948,36.5709,36.1939,35.8169,35.4399,35.0629,34.6858,34.3088,33.9318,33.5548,33.1778,32.8007,32.4237,32.0467,31.6697,31.2927,30.9156,30.5386,30.1616,29.7846,29.4076,29.0305,28.6535,28.2765,False,False,False,False,False,False,False,False,False,False,False,False,False,False,False,False,False,False,False,False,False,False,False,False,False
QQQ,2007-02-08,37.99294045135719,38.164077205498735,37.84747029326766,38.03572463989258,89521900,2007,2,6,Thursday,38.0101,38.04425811767578,-0.02,-0.13,-0.52,-0.02,0.52,0,0.0,37.6638,37.2834,36.9029,36.5225,36.142,35.7616,35.3812,35.0007,34.6203,34.2398,33.8594,33.4789,33.0985,32.7181,32.3376,31.9572,31.5767,31.1963,30.8158,30.4354,30.055,29.6745,29.2941,28.9136,28.5332,False,False,False,False,False,False,False,False,False,False,False,False,False,False,False,False,False,False,False,False,False,False,False,False,False
QQQ,2007-02-09,38.13837995654514,38.26673569419832,37.419595006975726,37.547950744628906,133472000,2007,2,6,Friday,37.8432,38.03572463989258,-1.28,0.27,-1.62,-1.28,1.62,1,37.6554,37.6554,37.275,36.8947,36.5143,36.1339,35.7536,35.3732,34.9929,34.6125,34.2322,33.8518,33.4714,33.0911,32.7107,32.3304,31.95,31.5697,31.1893,30.8089,30.4286,30.0482,29.6679,29.2875,28.9072,28.5268,True,False,False,False,False,False,False,False,False,False,False,False,False,False,False,False,False,False,False,False,False,False,False,False,False
QQQ,2007-02-12,37.53942297333594,37.556537303446056,37.29982888024368,37.40251159667969,126940000,2007,2,7,Monday,37.4496,37.547950744628906,-0.39,-0.02,-0.66,-0.39,0.66,0,0.0,37.1725,36.797,36.4215,36.046,35.6706,35.2951,34.9196,34.5441,34.1686,33.7932,33.4177,33.0422,32.6667,32.2912,31.9158,31.5403,31.1648,30.7893,30.4138,30.0384,29.6629,29.2874,28.9119,28.5364,28.161,False,False,False,False,False,False,False,False,False,False,False,False,False,False,False,False,False,False,False,False,False,False,False,False,False
QQQ,2007-02-13,37.46238836141006,37.65064261905665,37.393934344953095,37.53084564208984,93648000,2007,2,7,Tuesday,37.5095,37.40251159667969,0.34,0.16,-0.02,0.34,0.02,0,0.0,37.0285,36.6545,36.2804,35.9064,35.5324,35.1584,34.7843,34.4103,34.0363,33.6623,33.2882,32.9142,32.5402,32.1662,31.7921,31.4181,31.0441,30.6701,30.296,29.922,29.548,29.174,28.7999,28.4259,28.0519,False,False,False,False,False,False,False,False,False,False,False,False,False,False,False,False,False,False,False,False,False,False,False,False,False
QQQ,2007-02-14,37.684882083886805,38.25819728525462,37.684882083886805,38.16407012939453,133370000,2007,2,7,Wednesday,37.948,37.53084564208984,1.69,0.41,0.41,1.69,-0.41,0,0.0,37.1555,36.7802,36.4049,36.0296,35.6543,35.279,34.9037,34.5284,34.1531,33.7778,33.4025,33.0271,32.6518,32.2765,31.9012,31.5259,31.1506,30.7753,30.4,30.0247,29.6494,29.2741,28.8988,28.5234,28.1481,False,False,False,False,False,False,False,False,False,False,False,False,False,False,False,False,False,False,False,False,False,False,False,False,False
QQQ,2007-02-15,38.18974486752603,38.38655471801758,38.12128756428173,38.38655471801758,110452500,2007,2,7,Thursday,38.271,38.16407012939453,0.58,0.07,-0.11,0.58,0.11,0,0.0,37.7824,37.4008,37.0191,36.6375,36.2559,35.8742,35.4926,35.1109,34.7293,34.3477,33.966,33.5844,33.2027,32.8211,32.4395,32.0578,31.6762,31.2945,30.9129,30.5313,30.1496,29.768,29.3863,29.0047,28.6231,False,False,False,False,False,False,False,False,False,False,False,False,False,False,False,False,False,False,False,False,False,False,False,False,False
QQQ,2007-02-16,38.21540598240038,38.360876086406456,38.13839316597908,38.2581901550293,72342200,2007,2,7,Friday,38.2432,38.38655471801758,-0.33,-0.45,-0.65,-0.33,0.65,0,0.0,38.0027,37.6188,37.235,36.8511,36.4672,36.0834,35.6995,35.3156,34.9318,34.5479,34.164,33.7802,33.3963,33.0124,32.6286,32.2447,31.8608,31.477,31.0931,30.7092,30.3254,29.9415,29.5576,29.1738,28.7899,False,False,False,False,False,False,False,False,False,False,False,False,False,False,False,False,False,False,False,False,False,False,False,False,False
QQQ,2007-02-20,38.1983015860028,38.609035625567735,38.018606055735134,38.54913711547852,93629000,2007,2,8,Tuesday,38.3438,38.2581901550293,0.76,-0.16,-0.63,0.76,0.63,0,0.0,37.8756,37.493,37.1104,36.7279,36.3453,35.9627,35.5801,35.1975,34.815,34.4324,34.0498,33.6672,33.2846,32.902,32.5195,32.1369,31.7543,31.3717,30.9891,30.6066,30.224,29.8414,29.4588,29.0762,28.6936,False,False,False,False,False,False,False,False,False,False,False,False,False,False,False,False,False,False,False,False,False,False,False,False,False
QQQ,2007-02-21,38.437895360707685,38.68604819463312,38.36088578903147,38.6689338684082,95864000,2007,2,8,Wednesday,38.5384,38.54913711547852,0.31,-0.29,-0.49,0.31,0.49,0,0.0,38.1636,37.7782,37.3927,37.0072,36.6217,36.2362,35.8507,35.4652,35.0797,34.6942,34.3087,33.9232,33.5377,33.1523,32.7668,32.3813,31.9958,31.6103,31.2248,30.8393,30.4538,30.0683,29.6828,29.2973,28.9119,False,False,False,False,False,False,False,False,False,False,False,False,False,False,False,False,False,False,False,False,False,False,False,False,False
QQQ,2007-02-22,38.81440963723588,38.97699086361072,38.56625676732866,38.86574935913086,116344400,2007,2,8,Thursday,38.8059,38.6689338684082,0.51,0.38,-0.27,0.51,0.27,0,0.0,38.2822,37.8956,37.5089,37.1222,36.7355,36.3488,35.9621,35.5754,35.1887,34.802,34.4154,34.0287,33.642,33.2553,32.8686,32.4819,32.0952,31.7085,31.3218,30.9351,30.5485,30.1618,29.7751,29.3884,29.0017,False,False,False,False,False,False,False,False,False,False,False,False,False,False,False,False,False,False,False,False,False,False,False,False,False
QQQ,2007-02-23,38.86575507452567,38.8999837369721,38.55770690518249,38.72884368896485,113467100,2007,2,8,Friday,38.7631,38.86574935913086,-0.35,0.0,-0.79,-0.35,0.79,0,0.0,38.4771,38.0884,37.6998,37.3111,36.9225,36.5338,36.1451,35.7565,35.3678,34.9792,34.5905,34.2019,33.8132,33.4245,33.0359,32.6472,32.2586,31.8699,31.4813,31.0926,30.7039,30.3153,29.9266,29.538,29.1493,False,False,False,False,False,False,False,False,False,False,False,False,False,False,False,False,False,False,False,False,False,False,False,False,False
QQQ,2007-02-26,38.9170822762707,38.9341966005492,38.30097965913903,38.54057693481445,101623700,2007,2,9,Monday,38.6732,38.72884368896485,-0.49,0.49,-1.1,-0.49,1.1,1,38.3416,38.3416,37.9543,37.567,37.1797,36.7924,36.4051,36.0178,35.6305,35.2432,34.856,34.4687,34.0814,33.6941,33.3068,32.9195,32.5322,32.1449,31.7577,31.3704,30.9831,30.5958,30.2085,29.8212,29.4339,29.0466,True,False,False,False,False,False,False,False,False,False,False,False,False,False,False,False,False,False,False,False,False,False,False,False,False
QQQ,2007-02-27,37.967264871855946,38.06139203908205,36.84630418927923,36.9575424194336,317813200,2007,2,9,Tuesday,37.4581,38.54057693481445,-4.11,-1.49,-4.4,-4.11,4.4,4,150.3083,38.1552,37.7698,37.3844,36.999,36.6135,36.2281,35.8427,35.4573,35.0719,34.6865,34.3011,33.9157,33.5303,33.1449,32.7595,32.3741,31.9887,31.6033,31.2179,30.8325,30.4471,30.0617,29.6762,29.2908,28.9054,True,True,True,True,False,False,False,False,False,False,False,False,False,False,False,False,False,False,False,False,False,False,False,False,False
QQQ,2007-02-28,36.923309708059385,37.4452818937002,36.73505541093495,37.077335357666016,214978700,2007,2,9,Wednesday,37.0452,36.9575424194336,0.32,-0.09,-0.6,0.32,0.6,0,0.0,36.588,36.2184,35.8488,35.4792,35.1097,34.7401,34.3705,34.0009,33.6314,33.2618,32.8922,32.5226,32.1531,31.7835,31.4139,31.0443,30.6748,30.3052,29.9356,29.566,29.1965,28.8269,28.4573,28.0877,27.7182,False,False,False,False,False,False,False,False,False,False,False,False,False,False,False,False,False,False,False,False,False,False,False,False,False
QQQ,2007-03-01,36.409909798620326,37.25705133704046,36.14464579512864,36.90621566772461,231806500,2007,3,9,Thursday,36.6795,37.077335357666016,-0.46,-1.8,-2.52,-0.46,2.52,2,73.0424,36.7066,36.3358,35.965,35.5942,35.2235,34.8527,34.4819,34.1111,33.7404,33.3696,32.9988,32.6281,32.2573,31.8865,31.5157,31.145,30.7742,30.4034,30.0326,29.6619,29.2911,28.9203,28.5495,28.1788,27.808,True,True,False,False,False,False,False,False,False,False,False,False,False,False,False,False,False,False,False,False,False,False,False,False,False
QQQ,2007-03-02,36.60671069445175,36.9147620869016,36.34144675646118,36.35000228881836,183359400,2007,3,9,Friday,36.5532,36.90621566772461,-1.51,-0.81,-1.53,-1.51,1.53,1,36.5372,36.5372,36.1681,35.799,35.43,35.0609,34.6918,34.3228,33.9537,33.5847,33.2156,32.8465,32.4775,32.1084,31.7393,31.3703,31.0012,30.6322,30.2631,29.894,29.525,29.1559,28.7868,28.4178,28.0487,27.6797,True,False,False,False,False,False,False,False,False,False,False,False,False,False,False,False,False,False,False,False,False,False,False,False,False
QQQ,2007-03-05,36.06761169433594,36.6238125057336,35.9905988725457,36.06761169433594,171885400,2007,3,10,Monday,36.1874,36.35000228881836,-0.78,-0.78,-0.99,-0.78,0.99,0,0.0,35.9865,35.623,35.2595,34.896,34.5325,34.169,33.8055,33.442,33.0785,32.715,32.3515,31.988,31.6245,31.261,30.8975,30.534,30.1705,29.807,29.4435,29.08,28.7165,28.353,27.9895,27.626,27.2625,False,False,False,False,False,False,False,False,False,False,False,False,False,False,False,False,False,False,False,False,False,False,False,False,False
QQQ,2007-03-06,36.392776613339976,36.78639954377676,36.367106759002816,36.66659927368164,155551800,2007,3,10,Tuesday,36.5532,36.06761169433594,1.66,0.9,0.83,1.66,-0.83,0,0.0,35.7069,35.3463,34.9856,34.6249,34.2642,33.9036,33.5429,33.1822,32.8215,32.4609,32.1002,31.7395,31.3788,31.0181,30.6575,30.2968,29.9361,29.5754,29.2148,28.8541,28.4934,28.1327,27.7721,27.4114,27.0507,False,False,False,False,False,False,False,False,False,False,False,False,False,False,False,False,False,False,False,False,False,False,False,False,False
QQQ,2007-03-07,36.67516674314973,36.777849449010695,36.49547119183695,36.521141052246094,119979300,2007,3,10,Wednesday,36.6174,36.66659927368164,-0.4,0.02,-0.47,-0.4,0.47,0,0.0,36.2999,35.9333,35.5666,35.1999,34.8333,34.4666,34.0999,33.7333,33.3666,32.9999,32.6333,32.2666,31.8999,31.5333,31.1666,30.7999,30.4333,30.0666,29.6999,29.3333,28.9666,28.5999,28.2333,27.8666,27.4999,False,False,False,False,False,False,False,False,False,False,False,False,False,False,False,False,False,False,False,False,False,False,False,False,False
QQQ,2007-03-08,36.90619844658291,37.00032560295531,36.65804562782365,36.769287109375,120900700,2007,3,10,Thursday,36.8335,36.521141052246094,0.68,1.05,0.37,0.68,-0.37,0,0.0,36.1559,35.7907,35.4255,35.0603,34.6951,34.3299,33.9647,33.5994,33.2342,32.869,32.5038,32.1386,31.7734,31.4082,31.043,30.6778,30.3125,29.9473,29.5821,29.2169,28.8517,28.4865,28.1213,27.7561,27.3909,False,False,False,False,False,False,False,False,False,False,False,False,False,False,False,False,False,False,False,False,False,False,False,False,False
QQQ,2007-03-09,37.077326249366415,37.0858817770324,36.495452441399,36.73504638671875,128597600,2007,3,10,Friday,36.8484,36.769287109375,-0.09,0.84,-0.74,-0.09,0.74,0,0.0,36.4016,36.0339,35.6662,35.2985,34.9308,34.5631,34.1954,33.8277,33.4601,33.0924,32.7247,32.357,31.9893,31.6216,31.2539,30.8862,30.5185,30.1508,29.7831,29.4154,29.0477,28.68,28.3124,27.9447,27.577,False,False,False,False,False,False,False,False,False,False,False,False,False,False,False,False,False,False,False,False,False,False,False,False,False
QQQ,2007-03-12,36.68371434609569,37.03454984082723,36.6494889610227,36.97465133666992,81310100,2007,3,11,Monday,36.8356,36.73504638671875,0.65,-0.14,-0.23,0.65,0.23,0,0.0,36.3677,36.0003,35.633,35.2656,34.8983,34.5309,34.1636,33.7962,33.4289,33.0615,32.6942,32.3268,31.9595,31.5921,31.2248,30.8574,30.4901,30.1227,29.7554,29.388,29.0207,28.6533,28.286,27.9186,27.5513,False,False,False,False,False,False,False,False,False,False,False,False,False,False,False,False,False,False,False,False,False,False,False,False,False
QQQ,2007-03-13,36.79495682063296,37.00032545775076,36.2473114739505,36.25586700439453,171231800,2007,3,11,Tuesday,36.5746,36.97465133666992,-1.94,-0.49,-1.97,-1.94,1.97,1,36.6049,36.6049,36.2352,35.8654,35.4957,35.1259,34.7562,34.3864,34.0167,33.6469,33.2772,32.9074,32.5377,32.1679,31.7982,31.4285,31.0587,30.689,30.3192,29.9495,29.5797,29.21,28.8402,28.4705,28.1007,27.731,True,False,False,False,False,False,False,False,False,False,False,False,False,False,False,False,False,False,False,False,False,False,False,False,False
QQQ,2007-03-14,36.30720854972314,36.79495537141565,36.024827092836105,36.786399841308594,192586700,2007,3,11,Wednesday,36.4783,36.25586700439453,1.46,0.14,-0.64,1.46,0.64,0,0.0,35.8933,35.5307,35.1682,34.8056,34.4431,34.0805,33.718,33.3554,32.9928,32.6303,32.2677,31.9052,31.5426,31.18,30.8175,30.4549,30.0924,29.7298,29.3673,29.0047,28.6421,28.2796,27.917,27.5545,27.1919,False,False,False,False,False,False,False,False,False,False,False,False,False,False,False,False,False,False,False,False,False,False,False,False,False
QQQ,2007-03-15,36.70939497782819,36.84630633881032,36.55536928869526,36.70083618164063,111627400,2007,3,11,Thursday,36.703,36.786399841308594,-0.23,-0.21,-0.63,-0.23,0.63,0,0.0,36.4185,36.0507,35.6828,35.3149,34.9471,34.5792,34.2114,33.8435,33.4756,33.1078,32.7399,32.372,32.0042,31.6363,31.2684,30.9006,30.5327,30.1648,29.797,29.4291,29.0613,28.6934,28.3255,27.9577,27.5898,False,False,False,False,False,False,False,False,False,False,False,False,False,False,False,False,False,False,False,False,False,False,False,False,False
QQQ,2007-03-16,36.76676008840623,36.85238561888748,36.48420400351813,36.67257690429688,108328800,2007,3,11,Friday,36.694,36.70083618164063,-0.08,0.18,-0.59,-0.08,0.59,0,0.0,36.3338,35.9668,35.5998,35.2328,34.8658,34.4988,34.1318,33.7648,33.3978,33.0308,32.6637,32.2967,31.9297,31.5627,31.1957,30.8287,30.4617,30.0947,29.7277,29.3607,28.9937,28.6267,28.2596,27.8926,27.5256,False,False,False,False,False,False,False,False,False,False,False,False,False,False,False,False,False,False,False,False,False,False,False,False,False
QQQ,2007-03-19,36.86951909493183,37.152075243964525,36.775332623160686,37.0493278503418,95913200,2007,3,12,Monday,36.9616,36.67257690429688,1.03,0.54,0.28,1.03,-0.28,0,0.0,36.3059,35.9391,35.5724,35.2057,34.8389,34.4722,34.1055,33.7388,33.372,33.0053,32.6386,32.2719,31.9051,31.5384,31.1717,30.805,30.4382,30.0715,29.7048,29.3381,28.9713,28.6046,28.2379,27.8712,27.5044,False,False,False,False,False,False,False,False,False,False,False,False,False,False,False,False,False,False,False,False,False,False,False,False,False
QQQ,2007-03-20,37.04075604893912,37.32331540617597,36.99794491591901,37.314754486083984,78755700,2007,3,12,Tuesday,37.1692,37.0493278503418,0.72,-0.02,-0.14,0.72,0.14,0,0.0,36.6788,36.3083,35.9378,35.5674,35.1969,34.8264,34.4559,34.0854,33.7149,33.3444,32.9739,32.6034,32.2329,31.8624,31.4919,31.1214,30.7509,30.3804,30.01,29.6395,29.269,28.8985,28.528,28.1575,27.787,False,False,False,False,False,False,False,False,False,False,False,False,False,False,False,False,False,False,False,False,False,False,False,False,False
QQQ,2007-03-21,37.36613738222787,38.051125508162,37.117828165863926,38.03400039672852,173333500,2007,3,12,Wednesday,37.6423,37.314754486083984,1.93,0.14,-0.53,1.93,0.53,0,0.0,36.9416,36.5685,36.1953,35.8222,35.449,35.0759,34.7027,34.3296,33.9564,33.5833,33.2101,32.837,32.4638,32.0907,31.7175,31.3444,30.9712,30.5981,30.225,29.8518,29.4787,29.1055,28.7324,28.3592,27.9861,False,False,False,False,False,False,False,False,False,False,False,False,False,False,False,False,False,False,False,False,False,False,False,False,False
QQQ,2007-03-22,38.05113740271808,38.05970159425245,37.75145602465613,37.89701461791992,114856300,2007,3,12,Thursday,37.9398,38.03400039672852,-0.36,0.05,-0.74,-0.36,0.74,0,0.0,37.6537,37.2733,36.893,36.5126,36.1323,35.752,35.3716,34.9913,34.6109,34.2306,33.8503,33.4699,33.0896,32.7092,32.3289,31.9486,31.5682,31.1879,30.8075,30.4272,30.0469,29.6665,29.2862,28.9058,28.5255,False,False,False,False,False,False,False,False,False,False,False,False,False,False,False,False,False,False,False,False,False,False,False,False,False
QQQ,2007-03-23,37.89699881348944,37.991185283396014,37.73431517128397,37.77712631225586,68530300,2007,3,12,Friday,37.8499,37.89701461791992,-0.32,-0.0,-0.43,-0.32,0.43,0,0.0,37.518,37.1391,36.7601,36.3811,36.0022,35.6232,35.2442,34.8653,34.4863,34.1073,33.7283,33.3494,32.9704,32.5914,32.2125,31.8335,31.4545,31.0756,30.6966,30.3176,29.9386,29.5597,29.1807,28.8017,28.4228,False,False,False,False,False,False,False,False,False,False,False,False,False,False,False,False,False,False,False,False,False,False,False,False,False
QQQ,2007-03-26,37.79424630415684,37.94836900381035,37.35756749932539,37.931243896484375,114237300,2007,3,13,Monday,37.7579,37.77712631225586,0.41,0.05,-1.11,0.41,1.11,1,37.3994,37.3994,37.0216,36.6438,36.266,35.8883,35.5105,35.1327,34.755,34.3772,33.9994,33.6216,33.2439,32.8661,32.4883,32.1106,31.7328,31.355,30.9772,30.5995,30.2217,29.8439,29.4662,29.0884,28.7106,28.3328,True,False,False,False,False,False,False,False,False,False,False,False,False,False,False,False,False,False,False,False,False,False,False,False,False
QQQ,2007-03-27,37.87130820438264,37.879872391310215,37.6315632308952,37.66581344604492,76419200,2007,3,13,Tuesday,37.7621,37.931243896484375,-0.7,-0.16,-0.79,-0.7,0.79,0,0.0,37.5519,37.1726,36.7933,36.414,36.0347,35.6554,35.2761,34.8967,34.5174,34.1381,33.7588,33.3795,33.0002,32.6209,32.2416,31.8622,31.4829,31.1036,30.7243,30.345,29.9657,29.5864,29.2071,28.8277,28.4484,False,False,False,False,False,False,False,False,False,False,False,False,False,False,False,False,False,False,False,False,False,False,False,False,False
QQQ,2007-03-28,37.50313077314348,37.70006463297226,37.25482158481476,37.26338577270508,142795000,2007,3,13,Wednesday,37.4304,37.66581344604492,-1.07,-0.43,-1.09,-1.07,1.09,1,37.2892,37.2892,36.9125,36.5358,36.1592,35.7825,35.4059,35.0292,34.6525,34.2759,33.8992,33.5226,33.1459,32.7693,32.3926,32.0159,31.6393,31.2626,30.886,30.5093,30.1327,29.756,29.3793,29.0027,28.626,28.2494,True,False,False,False,False,False,False,False,False,False,False,False,False,False,False,False,False,False,False,False,False,False,False,False,False
QQQ,2007-03-29,37.52023791344251,37.54592393225059,36.90374733181566,37.30617904663086,124407000,2007,3,13,Thursday,37.319,37.26338577270508,0.11,0.69,-0.97,0.11,0.97,0,0.0,36.8908,36.5181,36.1455,35.7729,35.4002,35.0276,34.6549,34.2823,33.9097,33.537,33.1644,32.7918,32.4191,32.0465,31.6739,31.3012,30.9286,30.556,30.1833,29.8107,29.4381,29.0654,28.6928,28.3202,27.9475,False,False,False,False,False,False,False,False,False,False,False,False,False,False,False,False,False,False,False,False,False,False,False,False,False
QQQ,2007-03-30,37.29764288490176,37.56307396550569,37.00652250215975,37.27195358276367,120418700,2007,3,13,Friday,37.2848,37.30617904663086,-0.09,-0.02,-0.8,-0.09,0.8,0,0.0,36.9331,36.5601,36.187,35.8139,35.4409,35.0678,34.6947,34.3217,33.9486,33.5756,33.2025,32.8294,32.4564,32.0833,31.7103,31.3372,30.9641,30.5911,30.218,29.8449,29.4719,29.0988,28.7258,28.3527,27.9796,False,False,False,False,False,False,False,False,False,False,False,False,False,False,False,False,False,False,False,False,False,False,False,False,False
QQQ,2007-04-02,37.39180800326904,37.46886933981437,37.075001738040285,37.32331085205078,89617700,2007,4,14,Monday,37.3147,37.27195358276367,0.14,0.32,-0.53,0.14,0.53,0,0.0,36.8992,36.5265,36.1538,35.7811,35.4084,35.0356,34.6629,34.2902,33.9175,33.5448,33.172,32.7993,32.4266,32.0539,31.6812,31.3084,30.9357,30.563,30.1903,29.8176,29.4448,29.0721,28.6994,28.3267,27.954,False,False,False,False,False,False,False,False,False,False,False,False,False,False,False,False,False,False,False,False,False,False,False,False,False
QQQ,2007-04-03,37.52023920597381,37.93979603654071,37.49455318628087,37.81135940551758,105814500,2007,4,14,Tuesday,37.6915,37.32331085205078,1.31,0.53,0.46,1.31,-0.46,0,0.0,36.9501,36.5768,36.2036,35.8304,35.4571,35.0839,34.7107,34.3374,33.9642,33.591,33.2177,32.8445,32.4713,32.098,31.7248,31.3516,30.9783,30.6051,30.2319,29.8586,29.4854,29.1122,28.7389,28.3657,27.9925,False,False,False,False,False,False,False,False,False,False,False,False,False,False,False,False,False,False,False,False,False,False,False,False,False
QQQ,2007-04-04,37.83706318661604,37.999750097784094,37.78569112311518,37.96549987792969,85147200,2007,4,14,Wednesday,37.897,37.81135940551758,0.41,0.07,-0.07,0.41,0.07,0,0.0,37.4332,37.0551,36.677,36.2989,35.9208,35.5427,35.1646,34.7865,34.4083,34.0302,33.6521,33.274,32.8959,32.5178,32.1397,31.7615,31.3834,31.0053,30.6272,30.2491,29.871,29.4929,29.1147,28.7366,28.3585,False,False,False,False,False,False,False,False,False,False,False,False,False,False,False,False,False,False,False,False,False,False,False,False,False
QQQ,2007-04-05,37.92269314681701,38.1710023702197,37.87131781106024,38.15387725830078,54220200,2007,4,14,Thursday,38.0297,37.96549987792969,0.5,-0.11,-0.25,0.5,0.25,0,0.0,37.5858,37.2062,36.8265,36.4469,36.0672,35.6876,35.3079,34.9283,34.5486,34.1689,33.7893,33.4096,33.03,32.6503,32.2707,31.891,31.5114,31.1317,30.7521,30.3724,29.9927,29.6131,29.2334,28.8538,28.4741,False,False,False,False,False,False,False,False,False,False,False,False,False,False,False,False,False,False,False,False,False,False,False,False,False
QQQ,2007-04-09,38.2823008035646,38.3165510185499,37.999744695636565,38.0596809387207,63050200,2007,4,15,Monday,38.1646,38.15387725830078,-0.25,0.34,-0.4,-0.25,0.4,0,0.0,37.7723,37.3908,37.0093,36.6277,36.2462,35.8646,35.4831,35.1016,34.72,34.3385,33.957,33.5754,33.1939,32.8123,32.4308,32.0493,31.6677,31.2862,30.9046,30.5231,30.1416,29.76,29.3785,28.9969,28.6154,False,False,False,False,False,False,False,False,False,False,False,False,False,False,False,False,False,False,False,False,False,False,False,False,False
QQQ,2007-04-10,38.05110527929362,38.2566032409668,38.02541925893921,38.2566032409668,76364500,2007,4,15,Tuesday,38.1474,38.0596809387207,0.52,-0.02,-0.09,0.52,0.09,0,0.0,37.6791,37.2985,36.9179,36.5373,36.1567,35.7761,35.3955,35.0149,34.6343,34.2537,33.8731,33.4925,33.1119,32.7313,32.3507,31.9701,31.5895,31.2089,30.8283,30.4477,30.0671,29.6866,29.306,28.9254,28.5448,False,False,False,False,False,False,False,False,False,False,False,False,False,False,False,False,False,False,False,False,False,False,False,False,False
QQQ,2007-04-11,38.22234173435368,38.23946683161935,37.734287894256624,37.85416030883789,114012300,2007,4,15,Wednesday,38.0126,38.2566032409668,-1.05,-0.09,-1.37,-1.05,1.37,1,37.874,37.874,37.4915,37.1089,36.7263,36.3438,35.9612,35.5786,35.1961,34.8135,34.4309,34.0484,33.6658,33.2832,32.9007,32.5181,32.1355,31.753,31.3704,30.9878,30.6053,30.2227,29.8402,29.4576,29.075,28.6925,True,False,False,False,False,False,False,False,False,False,False,False,False,False,False,False,False,False,False,False,False,False,False,False,False
QQQ,2007-04-12,37.79425644056564,38.20524932777643,37.63157277675756,38.15387725830078,113801300,2007,4,15,Thursday,37.9462,37.85416030883789,0.79,-0.16,-0.59,0.79,0.59,0,0.0,37.4756,37.0971,36.7185,36.34,35.9615,35.5829,35.2044,34.8258,34.4473,34.0687,33.6902,33.3117,32.9331,32.5546,32.176,31.7975,31.419,31.0404,30.6619,30.2833,29.9048,29.5262,29.1477,28.7692,28.3906,False,False,False,False,False,False,False,False,False,False,False,False,False,False,False,False,False,False,False,False,False,False,False,False,False
QQQ,2007-04-13,38.162422279841245,38.29085893257643,37.92267734543398,38.23092269897461,94572000,2007,4,15,Friday,38.1517,38.15387725830078,0.2,0.02,-0.61,0.2,0.61,0,0.0,37.7723,37.3908,37.0093,36.6277,36.2462,35.8646,35.4831,35.1016,34.72,34.3385,33.957,33.5754,33.1939,32.8123,32.4308,32.0493,31.6677,31.2862,30.9046,30.5231,30.1416,29.76,29.3785,28.9969,28.6154,False,False,False,False,False,False,False,False,False,False,False,False,False,False,False,False,False,False,False,False,False,False,False,False,False
QQQ,2007-04-16,38.385051635926274,38.65904682458584,38.385051635926274,38.58198547363281,72803200,2007,4,16,Monday,38.5028,38.23092269897461,0.92,0.4,0.4,0.92,-0.4,0,0.0,37.8486,37.4663,37.084,36.7017,36.3194,35.9371,35.5548,35.1724,34.7901,34.4078,34.0255,33.6432,33.2609,32.8786,32.4963,32.114,31.7317,31.3494,30.967,30.5847,30.2024,29.8201,29.4378,29.0555,28.6732,False,False,False,False,False,False,False,False,False,False,False,False,False,False,False,False,False,False,False,False,False,False,False,False,False
QQQ,2007-04-17,38.65903780571445,38.70184893152743,38.49635095483379,38.667598724365234,81852300,2007,4,16,Tuesday,38.6312,38.58198547363281,0.22,0.2,-0.22,0.22,0.22,0,0.0,38.1962,37.8103,37.4245,37.0387,36.6529,36.2671,35.8812,35.4954,35.1096,34.7238,34.338,33.9521,33.5663,33.1805,32.7947,32.4089,32.023,31.6372,31.2514,30.8656,30.4798,30.0939,29.7081,29.3223,28.9365,False,False,False,False,False,False,False,False,False,False,False,False,False,False,False,False,False,False,False,False,False,False,False,False,False
QQQ,2007-04-18,38.47067215062686,38.72754221997928,38.38504988293611,38.53916931152344,82002500,2007,4,16,Wednesday,38.5306,38.667598724365234,-0.33,-0.51,-0.73,-0.33,0.73,0,0.0,38.2809,37.8942,37.5076,37.1209,36.7342,36.3475,35.9609,35.5742,35.1875,34.8008,34.4142,34.0275,33.6408,33.2541,32.8675,32.4808,32.0941,31.7074,31.3208,30.9341,30.5474,30.1607,29.7741,29.3874,29.0007,False,False,False,False,False,False,False,False,False,False,False,False,False,False,False,False,False,False,False,False,False,False,False,False,False
QQQ,2007-04-19,38.36794859759101,38.744691382130256,38.29088720231229,38.6590690612793,95413000,2007,4,16,Thursday,38.5156,38.53916931152344,0.31,-0.44,-0.64,0.31,0.64,0,0.0,38.1538,37.7684,37.383,36.9976,36.6122,36.2268,35.8414,35.456,35.0706,34.6853,34.2999,33.9145,33.5291,33.1437,32.7583,32.3729,31.9875,31.6021,31.2167,30.8313,30.4459,30.0606,29.6752,29.2898,28.9044,False,False,False,False,False,False,False,False,False,False,False,False,False,False,False,False,False,False,False,False,False,False,False,False,False
QQQ,2007-04-20,38.975851470210536,39.10428487207993,38.70185629335297,38.87310409545898,122377400,2007,4,16,Friday,38.9138,38.6590690612793,0.55,0.82,0.11,0.55,-0.11,0,0.0,38.2725,37.8859,37.4993,37.1127,36.7261,36.3395,35.9529,35.5663,35.1798,34.7932,34.4066,34.02,33.6334,33.2468,32.8602,32.4736,32.087,31.7004,31.3138,30.9273,30.5407,30.1541,29.7675,29.3809,28.9943,False,False,False,False,False,False,False,False,False,False,False,False,False,False,False,False,False,False,False,False,False,False,False,False,False
QQQ,2007-04-23,38.92447643227493,39.04434891473533,38.82172905677746,38.93304061889648,85303300,2007,4,17,Monday,38.9309,38.87310409545898,0.15,0.13,-0.13,0.15,0.13,0,0.0,38.4844,38.0956,37.7069,37.3182,36.9294,36.5407,36.152,35.7633,35.3745,34.9858,34.5971,34.2083,33.8196,33.4309,33.0421,32.6534,32.2647,31.8759,31.4872,31.0985,30.7098,30.321,29.9323,29.5436,29.1548,False,False,False,False,False,False,False,False,False,False,False,False,False,False,False,False,False,False,False,False,False,False,False,False,False
QQQ,2007-04-24,39.07002288871648,39.24127062491839,38.81315291755308,39.12995910644531,108143700,2007,4,17,Tuesday,39.0636,38.93304061889648,0.51,0.35,-0.31,0.51,0.31,0,0.0,38.5437,38.1544,37.765,37.3757,36.9864,36.5971,36.2077,35.8184,35.4291,35.0397,34.6504,34.2611,33.8717,33.4824,33.0931,32.7038,32.3144,31.9251,31.5358,31.1464,30.7571,30.3678,29.9784,29.5891,29.1998,False,False,False,False,False,False,False,False,False,False,False,False,False,False,False,False,False,False,False,False,False,False,False,False,False
QQQ,2007-04-25,39.25839286414353,39.660824558430384,39.129959510375485,39.65226364135742,106818100,2007,4,17,Wednesday,39.4254,39.12995910644531,1.33,0.33,0.0,1.33,-0.0,0,0.0,38.7387,38.3474,37.9561,37.5648,37.1735,36.7822,36.3909,35.9996,35.6083,35.217,34.8257,34.4344,34.0431,33.6518,33.2605,32.8692,32.4779,32.0866,31.6953,31.304,30.9127,30.5214,30.1301,29.7388,29.3475,False,False,False,False,False,False,False,False,False,False,False,False,False,False,False,False,False,False,False,False,False,False,False,False,False
QQQ,2007-04-26,39.74645365890712,39.94339071466663,39.6693955931049,39.85776519775391,99308300,2007,4,17,Thursday,39.8043,39.65226364135742,0.52,0.24,0.04,0.52,-0.04,0,0.0,39.2557,38.8592,38.4627,38.0662,37.6697,37.2731,36.8766,36.4801,36.0836,35.687,35.2905,34.894,34.4975,34.1009,33.7044,33.3079,32.9114,32.5149,32.1183,31.7218,31.3253,30.9288,30.5322,30.1357,29.7392,False,False,False,False,False,False,False,False,False,False,False,False,False,False,False,False,False,False,False,False,False,False,False,False,False
QQQ,2007-04-27,39.70365680347426,39.98621621142163,39.63515963160502,39.87490463256836,96536500,2007,4,17,Friday,39.8,39.85776519775391,0.04,-0.39,-0.56,0.04,0.56,0,0.0,39.4592,39.0606,38.662,38.2635,37.8649,37.4663,37.0677,36.6691,36.2706,35.872,35.4734,35.0748,34.6763,34.2777,33.8791,33.4805,33.0819,32.6834,32.2848,31.8862,31.4876,31.0891,30.6905,30.2919,29.8933,False,False,False,False,False,False,False,False,False,False,False,False,False,False,False,False,False,False,False,False,False,False,False,False,False
QQQ,2007-04-30,39.80639575718165,39.84064269990696,39.31833844455944,39.35258865356445,93290500,2007,4,18,Monday,39.5795,39.87490463256836,-1.31,-0.17,-1.4,-1.31,1.4,1,39.4762,39.4762,39.0774,38.6787,38.2799,37.8812,37.4824,37.0837,36.6849,36.2862,35.8874,35.4887,35.0899,34.6912,34.2924,33.8937,33.4949,33.0962,32.6974,32.2987,31.8999,31.5012,31.1024,30.7037,30.3049,29.9062,True,False,False,False,False,False,False,False,False,False,False,False,False,False,False,False,False,False,False,False,False,False,False,False,False
QQQ,2007-05-01,39.36116233563417,39.50672085960488,39.09572805122345,39.3183479309082,135044400,2007,5,18,Tuesday,39.3205,39.35258865356445,-0.09,0.02,-0.65,-0.09,0.65,0,0.0,38.9591,38.5655,38.172,37.7785,37.385,36.9914,36.5979,36.2044,35.8109,35.4173,35.0238,34.6303,34.2368,33.8432,33.4497,33.0562,32.6626,32.2691,31.8756,31.4821,31.0885,30.695,30.3015,29.908,29.5144,False,False,False,False,False,False,False,False,False,False,False,False,False,False,False,False,False,False,False,False,False,False,False,False,False
QQQ,2007-05-02,39.46389251328717,39.883449326182046,39.429642310953085,39.7464485168457,91971600,2007,5,18,Wednesday,39.6309,39.3183479309082,1.09,0.37,0.28,1.09,-0.28,0,0.0,38.9252,38.532,38.1388,37.7456,37.3524,36.9592,36.5661,36.1729,35.7797,35.3865,34.9933,34.6001,34.207,33.8138,33.4206,33.0274,32.6342,32.241,31.8479,31.4547,31.0615,30.6683,30.2751,29.8819,29.4888,False,False,False,False,False,False,False,False,False,False,False,False,False,False,False,False,False,False,False,False,False,False,False,False,False
QQQ,2007-05-03,39.82351313945933,40.00332508347624,39.75501599539331,39.89201354980469,98003600,2007,5,18,Thursday,39.8685,39.7464485168457,0.37,0.19,0.02,0.37,-0.02,0,0.0,39.349,38.9515,38.5541,38.1566,37.7591,37.3617,36.9642,36.5667,36.1693,35.7718,35.3743,34.9769,34.5794,34.1819,33.7845,33.387,32.9896,32.5921,32.1946,31.7972,31.3997,31.0022,30.6048,30.2073,29.8098,False,False,False,False,False,False,False,False,False,False,False,False,False,False,False,False,False,False,False,False,False,False,False,False,False
QQQ,2007-05-04,40.04615347886833,40.1489008724224,39.74646895377125,39.9262809753418,93591800,2007,5,18,Friday,39.967,39.89201354980469,0.09,0.39,-0.36,0.09,0.36,0,0.0,39.4931,39.0942,38.6953,38.2963,37.8974,37.4985,37.0996,36.7007,36.3017,35.9028,35.5039,35.105,34.7061,34.3071,33.9082,33.5093,33.1104,32.7115,32.3125,31.9136,31.5147,31.1158,30.7169,30.3179,29.919,False,False,False,False,False,False,False,False,False,False,False,False,False,False,False,False,False,False,False,False,False,False,False,False,False
QQQ,2007-05-07,39.95196700716012,40.05471440071419,39.87490564542439,39.9262809753418,47487900,2007,5,19,Monday,39.952,39.9262809753418,0.0,0.06,-0.13,0.0,0.13,0,0.0,39.527,39.1278,38.7285,38.3292,37.93,37.5307,37.1314,36.7322,36.3329,35.9337,35.5344,35.1351,34.7359,34.3366,33.9373,33.5381,33.1388,32.7396,32.3403,31.941,31.5418,31.1425,30.7432,30.344,29.9447,False,False,False,False,False,False,False,False,False,False,False,False,False,False,False,False,False,False,False,False,False,False,False,False,False
QQQ,2007-05-08,39.78925920535939,40.04612916643644,39.64369749210585,40.01187896728516,95138900,2007,5,19,Tuesday,39.8727,39.9262809753418,0.21,-0.34,-0.71,0.21,0.71,0,0.0,39.527,39.1278,38.7285,38.3292,37.93,37.5307,37.1314,36.7322,36.3329,35.9337,35.5344,35.1351,34.7359,34.3366,33.9373,33.5381,33.1388,32.7396,32.3403,31.941,31.5418,31.1425,30.7432,30.344,29.9447,False,False,False,False,False,False,False,False,False,False,False,False,False,False,False,False,False,False,False,False,False,False,False,False,False
QQQ,2007-05-09,39.80639486871566,40.21738756876351,39.780705579395416,40.09751510620117,116021000,2007,5,19,Wednesday,39.9755,40.01187896728516,0.21,-0.51,-0.58,0.21,0.58,0,0.0,39.6118,39.2116,38.8115,38.4114,38.0113,37.6112,37.211,36.8109,36.4108,36.0107,35.6106,35.2105,34.8103,34.4102,34.0101,33.61,33.2099,32.8097,32.4096,32.0095,31.6094,31.2093,30.8091,30.409,30.0089,False,False,False,False,False,False,False,False,False,False,False,False,False,False,False,False,False,False,False,False,False,False,False,False,False
QQQ,2007-05-10,39.96052281721931,40.054709276879095,39.44678264888636,39.54953002929688,171196300,2007,5,19,Thursday,39.7529,40.09751510620117,-1.37,-0.34,-1.62,-1.37,1.62,1,39.6965,39.6965,39.2956,38.8946,38.4936,38.0926,37.6917,37.2907,36.8897,36.4887,36.0878,35.6868,35.2858,34.8848,34.4839,34.0829,33.6819,33.2809,32.88,32.479,32.078,31.677,31.2761,30.8751,30.4741,30.0731,True,False,False,False,False,False,False,False,False,False,False,False,False,False,False,False,False,False,False,False,False,False,False,False,False
QQQ,2007-05-11,39.59234553036791,40.0547103881836,39.54097020559709,40.0547103881836,104767900,2007,5,19,Friday,39.8107,39.54953002929688,1.28,0.11,-0.02,1.28,0.02,0,0.0,39.154,38.7585,38.363,37.9675,37.5721,37.1766,36.7811,36.3856,35.9901,35.5946,35.1991,34.8036,34.4081,34.0126,33.6171,33.2216,32.8261,32.4306,32.0351,31.6396,31.2441,30.8486,30.4531,30.0576,29.6621,False,False,False,False,False,False,False,False,False,False,False,False,False,False,False,False,False,False,False,False,False,False,False,False,False
QQQ,2007-05-14,40.04613486537173,40.14032129330196,39.54951670584117,39.78070068359375,118899200,2007,5,20,Monday,39.8792,40.0547103881836,-0.68,-0.02,-1.26,-0.68,1.26,1,39.6542,39.6542,39.2536,38.8531,38.4525,38.052,37.6514,37.2509,36.8503,36.4498,36.0492,35.6487,35.2481,34.8476,34.4471,34.0465,33.646,33.2454,32.8449,32.4443,32.0438,31.6432,31.2427,30.8421,30.4416,30.041,True,False,False,False,False,False,False,False,False,False,False,False,False,False,False,False,False,False,False,False,False,False,False,False,False
QQQ,2007-05-15,39.74646068513426,39.98620890859217,39.37828232930262,39.47246551513672,179438500,2007,5,20,Tuesday,39.6459,39.78070068359375,-0.77,-0.09,-1.01,-0.77,1.01,1,39.3829,39.3829,38.9851,38.5873,38.1895,37.7917,37.3939,36.9961,36.5982,36.2004,35.8026,35.4048,35.007,34.6092,34.2114,33.8136,33.4158,33.018,32.6202,32.2224,31.8246,31.4268,31.0289,30.6311,30.2333,29.8355,True,False,False,False,False,False,False,False,False,False,False,False,False,False,False,False,False,False,False,False,False,False,False,False,False
QQQ,2007-05-16,39.55808405425811,39.86632938258492,39.309774954630456,39.85776519775391,144420500,2007,5,20,Wednesday,39.648,39.47246551513672,0.98,0.22,-0.41,0.98,0.41,0,0.0,39.0777,38.683,38.2883,37.8936,37.4988,37.1041,36.7094,36.3147,35.9199,35.5252,35.1305,34.7358,34.341,33.9463,33.5516,33.1569,32.7621,32.3674,31.9727,31.578,31.1832,30.7885,30.3938,29.9991,29.6043,False,False,False,False,False,False,False,False,False,False,False,False,False,False,False,False,False,False,False,False,False,False,False,False,False
QQQ,2007-05-17,39.80640066279538,39.87489782296708,39.63515286294597,39.66940307617188,109869100,2007,5,20,Thursday,39.7465,39.85776519775391,-0.47,-0.13,-0.56,-0.47,0.56,0,0.0,39.4592,39.0606,38.662,38.2635,37.8649,37.4663,37.0677,36.6691,36.2706,35.872,35.4734,35.0748,34.6763,34.2777,33.8791,33.4805,33.0819,32.6834,32.2848,31.8862,31.4876,31.0891,30.6905,30.2919,29.8933,False,False,False,False,False,False,False,False,False,False,False,False,False,False,False,False,False,False,False,False,False,False,False,False,False
QQQ,2007-05-18,39.79784002057921,39.994773864746094,39.712217746169394,39.994773864746094,104961700,2007,5,20,Friday,39.8749,39.66940307617188,0.82,0.32,0.11,0.82,-0.11,0,0.0,39.2727,38.876,38.4793,38.0826,37.6859,37.2892,36.8925,36.4959,36.0992,35.7025,35.3058,34.9091,34.5124,34.1157,33.719,33.3223,32.9256,32.5289,32.1322,31.7355,31.3388,30.9421,30.5454,30.1487,29.7521,False,False,False,False,False,False,False,False,False,False,False,False,False,False,False,False,False,False,False,False,False,False,False,False,False
QQQ,2007-05-21,40.02045954653559,40.44857741248951,39.96052004032435,40.25164031982422,112831400,2007,5,21,Monday,40.1703,39.994773864746094,0.64,0.06,-0.09,0.64,0.09,0,0.0,39.5948,39.1949,38.7949,38.395,37.995,37.5951,37.1951,36.7952,36.3952,35.9953,35.5953,35.1954,34.7955,34.3955,33.9956,33.5956,33.1957,32.7957,32.3958,31.9958,31.5959,31.1959,30.796,30.396,29.9961,False,False,False,False,False,False,False,False,False,False,False,False,False,False,False,False,False,False,False,False,False,False,False,False,False
QQQ,2007-05-22,40.277331566001294,40.48282632250727,40.13176978605265,40.285892486572266,98029100,2007,5,21,Tuesday,40.2945,40.25164031982422,0.09,0.06,-0.3,0.09,0.3,0,0.0,39.8491,39.4466,39.0441,38.6416,38.2391,37.8365,37.434,37.0315,36.629,36.2265,35.824,35.4214,35.0189,34.6164,34.2139,33.8114,33.4089,33.0063,32.6038,32.2013,31.7988,31.3963,30.9938,30.5912,30.1887,False,False,False,False,False,False,False,False,False,False,False,False,False,False,False,False,False,False,False,False,False,False,False,False,False
QQQ,2007-05-23,40.40575718152733,40.55987985233023,40.07182581688093,40.09751510620117,119220600,2007,5,21,Wednesday,40.2837,40.285892486572266,-0.47,0.3,-0.53,-0.47,0.53,0,0.0,39.883,39.4802,39.0773,38.6745,38.2716,37.8687,37.4659,37.063,36.6602,36.2573,35.8544,35.4516,35.0487,34.6459,34.243,33.8401,33.4373,33.0344,32.6316,32.2287,31.8259,31.423,31.0201,30.6173,30.2144,False,False,False,False,False,False,False,False,False,False,False,False,False,False,False,False,False,False,False,False,False,False,False,False,False
QQQ,2007-05-24,40.12320366011065,40.277326340635206,39.36115444322801,39.52383804321289,206268600,2007,5,21,Thursday,39.8214,40.09751510620117,-1.43,0.06,-1.84,-1.43,1.84,1,39.6965,39.6965,39.2956,38.8946,38.4936,38.0926,37.6917,37.2907,36.8897,36.4887,36.0878,35.6868,35.2858,34.8848,34.4839,34.0829,33.6819,33.2809,32.88,32.479,32.078,31.677,31.2761,30.8751,30.4741,30.0731,True,False,False,False,False,False,False,False,False,False,False,False,False,False,False,False,False,False,False,False,False,False,False,False,False
QQQ,2007-05-25,39.609465061213214,39.866338403798856,39.54096789846255,39.77215194702149,87143200,2007,5,21,Friday,39.6972,39.52383804321289,0.63,0.22,0.04,0.63,-0.04,0,0.0,39.1286,38.7334,38.3381,37.9429,37.5476,37.1524,36.7572,36.3619,35.9667,35.5715,35.1762,34.781,34.3857,33.9905,33.5953,33.2,32.8048,32.4095,32.0143,31.6191,31.2238,30.8286,30.4334,30.0381,29.6429,False,False,False,False,False,False,False,False,False,False,False,False,False,False,False,False,False,False,False,False,False,False,False,False,False
QQQ,2007-05-29,39.8149680778873,40.12321351464359,39.73790671869823,40.08040237426758,99702400,2007,5,22,Tuesday,39.9391,39.77215194702149,0.78,0.11,-0.09,0.78,0.09,0,0.0,39.3744,38.9767,38.579,38.1813,37.7835,37.3858,36.9881,36.5904,36.1927,35.7949,35.3972,34.9995,34.6018,34.2041,33.8063,33.4086,33.0109,32.6132,32.2154,31.8177,31.42,31.0223,30.6246,30.2268,29.8291,False,False,False,False,False,False,False,False,False,False,False,False,False,False,False,False,False,False,False,False,False,False,False,False,False
QQQ,2007-05-30,39.7978351524734,40.41432590491164,39.68652359633205,40.40576171875,132036500,2007,5,22,Wednesday,40.0761,40.08040237426758,0.81,-0.71,-0.98,0.81,0.98,0,0.0,39.6796,39.2788,38.878,38.4772,38.0764,37.6756,37.2748,36.874,36.4732,36.0724,35.6716,35.2708,34.87,34.4691,34.0683,33.6675,33.2667,32.8659,32.4651,32.0643,31.6635,31.2627,30.8619,30.4611,30.0603,False,False,False,False,False,False,False,False,False,False,False,False,False,False,False,False,False,False,False,False,False,False,False,False,False
QQQ,2007-05-31,40.51707393910575,40.68832173606594,40.42288748746364,40.59413528442383,109457700,2007,5,22,Thursday,40.5556,40.40576171875,0.47,0.28,0.04,0.47,-0.04,0,0.0,40.0017,39.5976,39.1936,38.7895,38.3855,37.9814,37.5774,37.1733,36.7692,36.3652,35.9611,35.5571,35.153,34.749,34.3449,33.9408,33.5368,33.1327,32.7287,32.3246,31.9206,31.5165,31.1124,30.7084,30.3043,False,False,False,False,False,False,False,False,False,False,False,False,False,False,False,False,False,False,False,False,False,False,False,False,False
QQQ,2007-06-01,40.73969920640908,40.90238282565818,40.55988721365139,40.61982345581055,125089800,2007,6,22,Friday,40.7054,40.59413528442383,0.06,0.36,-0.08,0.06,0.08,0,0.0,40.1882,39.7823,39.3763,38.9704,38.5644,38.1585,37.7525,37.3466,36.9407,36.5347,36.1288,35.7228,35.3169,34.911,34.505,34.0991,33.6931,33.2872,32.8812,32.4753,32.0694,31.6634,31.2575,30.8515,30.4456,False,False,False,False,False,False,False,False,False,False,False,False,False,False,False,False,False,False,False,False,False,False,False,False,False
QQQ,2007-06-04,40.47426983736823,40.79107619369612,40.44858380656021,40.73970413208008,64782700,2007,6,23,Monday,40.6134,40.61982345581055,0.3,-0.36,-0.42,0.3,0.42,0,0.0,40.2136,39.8074,39.4012,38.995,38.5888,38.1826,37.7764,37.3702,36.964,36.5578,36.1516,35.7454,35.3392,34.933,34.5268,34.1207,33.7145,33.3083,32.9021,32.4959,32.0897,31.6835,31.2773,30.8711,30.4649,False,False,False,False,False,False,False,False,False,False,False,False,False,False,False,False,False,False,False,False,False,False,False,False,False
QQQ,2007-06-05,40.62839255477761,40.73970413208008,40.24308576125416,40.73970413208008,151160400,2007,6,23,Tuesday,40.5877,40.73970413208008,0.0,-0.27,-1.22,0.0,1.22,1,40.3323,40.3323,39.9249,39.5175,39.1101,38.7027,38.2953,37.8879,37.4805,37.0731,36.6657,36.2583,35.8509,35.4435,35.0361,34.6287,34.2214,33.814,33.4066,32.9992,32.5918,32.1844,31.777,31.3696,30.9622,30.5548,True,False,False,False,False,False,False,False,False,False,False,False,False,False,False,False,False,False,False,False,False,False,False,False,False
QQQ,2007-06-06,40.55987521840366,40.56843940262517,40.20881878974484,40.30300521850586,183166500,2007,6,23,Wednesday,40.41,40.73970413208008,-1.07,-0.44,-1.3,-1.07,1.3,1,40.3323,40.3323,39.9249,39.5175,39.1101,38.7027,38.2953,37.8879,37.4805,37.0731,36.6657,36.2583,35.8509,35.4435,35.0361,34.6287,34.2214,33.814,33.4066,32.9992,32.5918,32.1844,31.777,31.3696,30.9622,30.5548,True,False,False,False,False,False,False,False,False,False,False,False,False,False,False,False,False,False,False,False,False,False,False,False,False
QQQ,2007-06-07,40.16601349260901,40.42288352975976,39.66083433749132,39.67795944213867,221373300,2007,6,23,Thursday,39.9819,40.30300521850586,-1.55,-0.34,-1.59,-1.55,1.59,1,39.9,39.9,39.4969,39.0939,38.6909,38.2879,37.8848,37.4818,37.0788,36.6757,36.2727,35.8697,35.4666,35.0636,34.6606,34.2576,33.8545,33.4515,33.0485,32.6454,32.2424,31.8394,31.4363,31.0333,30.6303,30.2273,True,False,False,False,False,False,False,False,False,False,False,False,False,False,False,False,False,False,False,False,False,False,False,False,False
QQQ,2007-06-08,39.66082890962512,40.18313309790913,39.52383135747517,40.16600799560547,177587800,2007,6,23,Friday,39.8835,39.67795944213867,1.23,-0.04,-0.39,1.23,0.39,0,0.0,39.2812,38.8844,38.4876,38.0908,37.6941,37.2973,36.9005,36.5037,36.1069,35.7102,35.3134,34.9166,34.5198,34.123,33.7263,33.3295,32.9327,32.5359,32.1391,31.7424,31.3456,30.9488,30.552,30.1552,29.7585,False,False,False,False,False,False,False,False,False,False,False,False,False,False,False,False,False,False,False,False,False,False,False,False,False
QQQ,2007-06-11,40.1403149646862,40.4057458383365,40.0375643688099,40.08893966674805,97100400,2007,6,24,Monday,40.1681,40.16600799560547,-0.19,-0.06,-0.32,-0.19,0.32,0,0.0,39.7643,39.3627,38.961,38.5594,38.1577,37.756,37.3544,36.9527,36.5511,36.1494,35.7477,35.3461,34.9444,34.5428,34.1411,33.7394,33.3378,32.9361,32.5345,32.1328,31.7311,31.3295,30.9278,30.5262,30.1245,False,False,False,False,False,False,False,False,False,False,False,False,False,False,False,False,False,False,False,False,False,False,False,False,False
QQQ,2007-06-12,39.874894856655686,40.277326666422695,39.77214749090151,39.84920883178711,153967700,2007,6,24,Tuesday,39.9434,40.08893966674805,-0.6,-0.53,-0.79,-0.6,0.79,0,0.0,39.6881,39.2872,38.8863,38.4854,38.0845,37.6836,37.2827,36.8818,36.4809,36.08,35.6792,35.2783,34.8774,34.4765,34.0756,33.6747,33.2738,32.8729,32.472,32.0712,31.6703,31.2694,30.8685,30.4676,30.0667,False,False,False,False,False,False,False,False,False,False,False,False,False,False,False,False,False,False,False,False,False,False,False,False,False
QQQ,2007-06-13,40.02046148722869,40.320142701416685,39.84921367928686,40.285892486572266,147985300,2007,6,24,Wednesday,40.1189,39.84920883178711,1.1,0.43,0.0,1.1,-0.0,0,0.0,39.4507,39.0522,38.6537,38.2552,37.8567,37.4583,37.0598,36.6613,36.2628,35.8643,35.4658,35.0673,34.6688,34.2703,33.8718,33.4733,33.0748,32.6764,32.2779,31.8794,31.4809,31.0824,30.6839,30.2854,29.8869,False,False,False,False,False,False,False,False,False,False,False,False,False,False,False,False,False,False,False,False,False,False,False,False,False
QQQ,2007-06-14,40.32869603399336,40.662630666475,40.32013511503315,40.55131912231445,101531900,2007,6,24,Thursday,40.4657,40.285892486572266,0.66,0.11,0.08,0.66,-0.08,0,0.0,39.883,39.4802,39.0773,38.6745,38.2716,37.8687,37.4659,37.063,36.6602,36.2573,35.8544,35.4516,35.0487,34.6459,34.243,33.8401,33.4373,33.0344,32.6316,32.2287,31.8259,31.423,31.0201,30.6173,30.2144,False,False,False,False,False,False,False,False,False,False,False,False,False,False,False,False,False,False,False,False,False,False,False,False,False
QQQ,2007-06-15,40.92578506469727,41.02004514623927,40.83152825198872,40.92578506469727,100378400,2007,6,24,Friday,40.9258,40.55131912231445,0.92,0.92,0.69,0.92,-0.69,0,0.0,40.1458,39.7403,39.3348,38.9293,38.5238,38.1182,37.7127,37.3072,36.9017,36.4962,36.0907,35.6852,35.2796,34.8741,34.4686,34.0631,33.6576,33.2521,32.8466,32.4411,32.0355,31.63,31.2245,30.819,30.4135,False,False,False,False,False,False,False,False,False,False,False,False,False,False,False,False,False,False,False,False,False,False,False,False,False
QQQ,2007-06-18,41.00291503927846,41.0200535365947,40.84867183226648,40.934364318847656,75713200,2007,6,25,Monday,40.9515,40.92578506469727,0.02,0.19,-0.19,0.02,0.19,0,0.0,40.5165,40.1073,39.698,39.2888,38.8795,38.4702,38.061,37.6517,37.2425,36.8332,36.4239,36.0147,35.6054,35.1962,34.7869,34.3777,33.9684,33.5591,33.1499,32.7406,32.3314,31.9221,31.5129,31.1036,30.6943,False,False,False,False,False,False,False,False,False,False,False,False,False,False,False,False,False,False,False,False,False,False,False,False,False
QQQ,2007-06-19,40.814389758178045,41.01147753375066,40.71155879531398,40.92578506469727,109621300,2007,6,25,Tuesday,40.8658,40.934364318847656,-0.02,-0.29,-0.54,-0.02,0.54,0,0.0,40.525,40.1157,39.7063,39.297,38.8876,38.4783,38.069,37.6596,37.2503,36.8409,36.4316,36.0222,35.6129,35.2036,34.7942,34.3849,33.9755,33.5662,33.1568,32.7475,32.3381,31.9288,31.5195,31.1101,30.7008,False,False,False,False,False,False,False,False,False,False,False,False,False,False,False,False,False,False,False,False,False,False,False,False,False
QQQ,2007-06-20,40.98578280668113,41.062901146990015,40.48020853981637,40.54019165039063,161889500,2007,6,25,Wednesday,40.7673,40.92578506469727,-0.94,0.15,-1.09,-0.94,1.09,1,40.5165,40.5165,40.1073,39.698,39.2888,38.8795,38.4702,38.061,37.6517,37.2425,36.8332,36.4239,36.0147,35.6054,35.1962,34.7869,34.3777,33.9684,33.5591,33.1499,32.7406,32.3314,31.9221,31.5129,31.1036,30.6943,True,False,False,False,False,False,False,False,False,False,False,False,False,False,False,False,False,False,False,False,False,False,False,False,False
QQQ,2007-06-21,40.52304528838773,40.95149786296869,40.34309599158382,40.908653259277344,143181300,2007,6,25,Thursday,40.6816,40.54019165039063,0.91,-0.04,-0.49,0.91,0.49,0,0.0,40.1348,39.7294,39.324,38.9186,38.5132,38.1078,37.7024,37.297,36.8916,36.4862,36.0808,35.6754,35.27,34.8646,34.4592,34.0538,33.6484,33.243,32.8376,32.4322,32.0268,31.6213,31.2159,30.8105,30.4051,False,False,False,False,False,False,False,False,False,False,False,False,False,False,False,False,False,False,False,False,False,False,False,False,False
QQQ,2007-06-22,40.822937018076175,40.8829200820918,40.39448469291781,40.52302169799805,153328700,2007,6,25,Friday,40.6558,40.908653259277344,-0.94,-0.21,-1.26,-0.94,1.26,1,40.4996,40.4996,40.0905,39.6814,39.2723,38.8632,38.4541,38.045,37.636,37.2269,36.8178,36.4087,35.9996,35.5905,35.1814,34.7724,34.3633,33.9542,33.5451,33.136,32.7269,32.3178,31.9087,31.4997,31.0906,30.6815,True,False,False,False,False,False,False,False,False,False,False,False,False,False,False,False,False,False,False,False,False,False,False,False,False
QQQ,2007-06-25,40.53161480206767,40.77155047789022,40.120300703444,40.35166549682617,136602600,2007,6,26,Monday,40.4438,40.52302169799805,-0.42,0.02,-0.99,-0.42,0.99,0,0.0,40.1178,39.7126,39.3073,38.9021,38.4969,38.0916,37.6864,37.2812,36.8759,36.4707,36.0655,35.6603,35.255,34.8498,34.4446,34.0393,33.6341,33.2289,32.8236,32.4184,32.0132,31.608,31.2027,30.7975,30.3923,False,False,False,False,False,False,False,False,False,False,False,False,False,False,False,False,False,False,False,False,False,False,False,False,False
QQQ,2007-06-26,40.54018912435746,40.548756738690926,40.05175338649579,40.120304107666016,128211900,2007,6,26,Tuesday,40.3153,40.35166549682617,-0.57,0.47,-0.74,-0.57,0.74,0,0.0,39.9481,39.5446,39.1411,38.7376,38.3341,37.9306,37.527,37.1235,36.72,36.3165,35.913,35.5095,35.1059,34.7024,34.2989,33.8954,33.4919,33.0884,32.6848,32.2813,31.8778,31.4743,31.0708,30.6673,30.2637,False,False,False,False,False,False,False,False,False,False,False,False,False,False,False,False,False,False,False,False,False,False,False,False,False
QQQ,2007-06-27,40.077449264966425,40.7544050336523,40.01746617344573,40.737266540527344,141196200,2007,6,26,Wednesday,40.3966,40.120304107666016,1.54,-0.11,-0.26,1.54,0.26,0,0.0,39.7191,39.3179,38.9167,38.5155,38.1143,37.7131,37.3119,36.9107,36.5095,36.1083,35.7071,35.3059,34.9047,34.5035,34.1023,33.7011,33.2999,32.8986,32.4974,32.0962,31.695,31.2938,30.8926,30.4914,30.0902,False,False,False,False,False,False,False,False,False,False,False,False,False,False,False,False,False,False,False,False,False,False,False,False,False
QQQ,2007-06-28,40.720123291015625,41.00290022246385,40.67727869762443,40.720123291015625,116546300,2007,6,26,Thursday,40.7801,40.737266540527344,-0.04,-0.04,-0.15,-0.04,0.15,0,0.0,40.3299,39.9225,39.5151,39.1078,38.7004,38.293,37.8857,37.4783,37.0709,36.6635,36.2562,35.8488,35.4414,35.034,34.6267,34.2193,33.8119,33.4046,32.9972,32.5898,32.1824,31.7751,31.3677,30.9603,30.5529,False,False,False,False,False,False,False,False,False,False,False,False,False,False,False,False,False,False,False,False,False,False,False,False,False
QQQ,2007-06-29,40.94293952467406,41.02863202714421,40.45450370151571,40.7886962890625,124794700,2007,6,26,Friday,40.8037,40.720123291015625,0.17,0.55,-0.65,0.17,0.65,0,0.0,40.3129,39.9057,39.4985,39.0913,38.6841,38.2769,37.8697,37.4625,37.0553,36.6481,36.2409,35.8337,35.4265,35.0193,34.6121,34.2049,33.7977,33.3905,32.9833,32.5761,32.1689,31.7617,31.3545,30.9473,30.5401,False,False,False,False,False,False,False,False,False,False,False,False,False,False,False,False,False,False,False,False,False,False,False,False,False
QQQ,2007-07-02,40.88295227016041,41.17430021140616,40.85724615643809,41.15716171264648,80863100,2007,7,27,Monday,41.0179,40.7886962890625,0.9,0.23,0.17,0.9,-0.17,0,0.0,40.3808,39.9729,39.565,39.1571,38.7493,38.3414,37.9335,37.5256,37.1177,36.7098,36.3019,35.8941,35.4862,35.0783,34.6704,34.2625,33.8546,33.4467,33.0388,32.631,32.2231,31.8152,31.4073,30.9994,30.5915,False,False,False,False,False,False,False,False,False,False,False,False,False,False,False,False,False,False,False,False,False,False,False,False,False
QQQ,2007-07-03,41.20856692668489,41.40565470999284,41.16572232489335,41.39708709716797,34803300,2007,7,27,Tuesday,41.2943,41.15716171264648,0.58,0.12,0.02,0.58,-0.02,0,0.0,40.7456,40.334,39.9224,39.5109,39.0993,38.6877,38.2762,37.8646,37.453,37.0414,36.6299,36.2183,35.8067,35.3952,34.9836,34.572,34.1604,33.7489,33.3373,32.9257,32.5142,32.1026,31.691,31.2794,30.8679,False,False,False,False,False,False,False,False,False,False,False,False,False,False,False,False,False,False,False,False,False,False,False,False,False
QQQ,2007-07-05,41.42277408987048,41.79124337914743,41.379929507849646,41.69698333740234,73588500,2007,7,27,Thursday,41.5727,41.39708709716797,0.72,0.06,-0.04,0.72,0.04,0,0.0,40.9831,40.5691,40.1552,39.7412,39.3272,38.9133,38.4993,38.0853,37.6713,37.2574,36.8434,36.4294,36.0155,35.6015,35.1875,34.7736,34.3596,33.9456,33.5316,33.1177,32.7037,32.2897,31.8758,31.4618,31.0478,False,False,False,False,False,False,False,False,False,False,False,False,False,False,False,False,False,False,False,False,False,False,False,False,False
QQQ,2007-07-06,41.73985584344983,41.91123755501989,41.55990651727669,41.86839294433594,65804300,2007,7,27,Friday,41.7698,41.69698333740234,0.41,0.1,-0.33,0.41,0.33,0,0.0,41.28,40.863,40.4461,40.0291,39.6121,39.1952,38.7782,38.3612,37.9443,37.5273,37.1103,36.6933,36.2764,35.8594,35.4424,35.0255,34.6085,34.1915,33.7746,33.3576,32.9406,32.5236,32.1067,31.6897,31.2727,False,False,False,False,False,False,False,False,False,False,False,False,False,False,False,False,False,False,False,False,False,False,False,False,False
QQQ,2007-07-09,41.902671072877965,41.97122179805808,41.74842785517977,41.89410018920898,66768800,2007,7,28,Monday,41.8791,41.86839294433594,0.06,0.08,-0.29,0.06,0.29,0,0.0,41.4497,41.031,40.6123,40.1937,39.775,39.3563,38.9376,38.5189,38.1002,37.6816,37.2629,36.8442,36.4255,36.0068,35.5881,35.1695,34.7508,34.3321,33.9134,33.4947,33.076,32.6573,32.2387,31.82,31.4013,False,False,False,False,False,False,False,False,False,False,False,False,False,False,False,False,False,False,False,False,False,False,False,False,False
QQQ,2007-07-10,41.6627442614514,41.90268002291582,41.499933394143625,41.54277801513672,104383100,2007,7,28,Tuesday,41.652,41.89410018920898,-0.84,-0.55,-0.94,-0.84,0.94,0,0.0,41.4752,41.0562,40.6373,40.2183,39.7994,39.3805,38.9615,38.5426,38.1236,37.7047,37.2857,36.8668,36.4479,36.0289,35.61,35.191,34.7721,34.3532,33.9342,33.5153,33.0963,32.6774,32.2585,31.8395,31.4206,False,False,False,False,False,False,False,False,False,False,False,False,False,False,False,False,False,False,False,False,False,False,False,False,False
QQQ,2007-07-11,41.44850208376938,41.82554244995117,41.405657479112485,41.82554244995117,99637600,2007,7,28,Wednesday,41.6263,41.54277801513672,0.68,-0.23,-0.33,0.68,0.33,0,0.0,41.1274,40.7119,40.2965,39.8811,39.4656,39.0502,38.6348,38.2194,37.8039,37.3885,36.9731,36.5576,36.1422,35.7268,35.3114,34.8959,34.4805,34.0651,33.6497,33.2342,32.8188,32.4034,31.9879,31.5725,31.1571,False,False,False,False,False,False,False,False,False,False,False,False,False,False,False,False,False,False,False,False,False,False,False,False,False
QQQ,2007-07-12,41.96264559560888,42.56247657630888,41.91979772370144,42.46821975708008,107667100,2007,7,28,Thursday,42.2283,41.82554244995117,1.54,0.33,0.23,1.54,-0.23,0,0.0,41.4073,40.989,40.5708,40.1525,39.7343,39.316,38.8978,38.4795,38.0612,37.643,37.2247,36.8065,36.3882,35.97,35.5517,35.1335,34.7152,34.2969,33.8787,33.4604,33.0422,32.6239,32.2057,31.7874,31.3692,False,False,False,False,False,False,False,False,False,False,False,False,False,False,False,False,False,False,False,False,False,False,False,False,False
QQQ,2007-07-13,42.52820627762157,42.81955417833661,42.47679078849517,42.75957107543945,74232200,2007,7,28,Friday,42.646,42.46821975708008,0.69,0.14,0.02,0.69,-0.02,0,0.0,42.0435,41.6189,41.1942,40.7695,40.3448,39.9201,39.4954,39.0708,38.6461,38.2214,37.7967,37.372,36.9474,36.5227,36.098,35.6733,35.2486,34.8239,34.3993,33.9746,33.5499,33.1252,32.7005,32.2758,31.8512,False,False,False,False,False,False,False,False,False,False,False,False,False,False,False,False,False,False,False,False,False,False,False,False,False
QQQ,2007-07-16,42.75100138946232,42.91381547516955,42.639602794320645,42.71672439575195,77799500,2007,7,29,Monday,42.7553,42.75957107543945,-0.1,-0.02,-0.28,-0.1,0.28,0,0.0,42.332,41.9044,41.4768,41.0492,40.6216,40.194,39.7664,39.3388,38.9112,38.4836,38.056,37.6284,37.2008,36.7732,36.3456,35.918,35.4904,35.0628,34.6353,34.2077,33.7801,33.3525,32.9249,32.4973,32.0697,False,False,False,False,False,False,False,False,False,False,False,False,False,False,False,False,False,False,False,False,False,False,False,False,False
QQQ,2007-07-17,42.81098216265137,43.10233005565529,42.776705170807645,43.0423469543457,124833700,2007,7,29,Tuesday,42.9331,42.71672439575195,0.76,0.22,0.14,0.76,-0.14,0,0.0,42.2896,41.8624,41.4352,41.0081,40.5809,40.1537,39.7266,39.2994,38.8722,38.4451,38.0179,37.5907,37.1636,36.7364,36.3092,35.882,35.4549,35.0277,34.6005,34.1734,33.7462,33.319,32.8919,32.4647,32.0375,False,False,False,False,False,False,False,False,False,False,False,False,False,False,False,False,False,False,False,False,False,False,False,False,False
QQQ,2007-07-18,42.80240414884149,42.99092102050781,42.53676242984992,42.99092102050781,144915900,2007,7,29,Wednesday,42.8303,43.0423469543457,-0.12,-0.56,-1.17,-0.12,1.17,1,42.6119,42.6119,42.1815,41.7511,41.3207,40.8902,40.4598,40.0294,39.599,39.1685,38.7381,38.3077,37.8773,37.4468,37.0164,36.586,36.1556,35.7251,35.2947,34.8643,34.4339,34.0035,33.573,33.1426,32.7122,32.2818,True,False,False,False,False,False,False,False,False,False,False,False,False,False,False,False,False,False,False,False,False,False,False,False,False
QQQ,2007-07-19,43.19659792948215,43.41082426384158,43.11090870327216,43.119476318359375,116563800,2007,7,29,Thursday,43.2095,42.99092102050781,0.3,0.48,0.28,0.3,-0.28,0,0.0,42.561,42.1311,41.7012,41.2713,40.8414,40.4115,39.9816,39.5516,39.1217,38.6918,38.2619,37.832,37.4021,36.9722,36.5423,36.1124,35.6825,35.2526,34.8226,34.3927,33.9628,33.5329,33.103,32.6731,32.2432,False,False,False,False,False,False,False,False,False,False,False,False,False,False,False,False,False,False,False,False,False,False,False,False,False
QQQ,2007-07-20,43.09377749797687,43.15376062024304,42.62248013638494,42.88811874389648,163721300,2007,7,29,Friday,42.9395,43.119476318359375,-0.54,-0.06,-1.15,-0.54,1.15,1,42.6883,42.6883,42.2571,41.8259,41.3947,40.9635,40.5323,40.1011,39.6699,39.2387,38.8075,38.3763,37.9451,37.5139,37.0827,36.6516,36.2204,35.7892,35.358,34.9268,34.4956,34.0644,33.6332,33.202,32.7708,32.3396,True,False,False,False,False,False,False,False,False,False,False,False,False,False,False,False,False,False,False,False,False,False,False,False,False
QQQ,2007-07-23,43.03376470240659,43.11088627340431,42.77669061985903,42.90522766113281,107464100,2007,7,30,Monday,42.9566,42.88811874389648,0.04,0.34,-0.26,0.04,0.26,0,0.0,42.4592,42.0304,41.6015,41.1726,40.7437,40.3148,39.886,39.4571,39.0282,38.5993,38.1704,37.7415,37.3127,36.8838,36.4549,36.026,35.5971,35.1683,34.7394,34.3105,33.8816,33.4527,33.0239,32.595,32.1661,False,False,False,False,False,False,False,False,False,False,False,False,False,False,False,False,False,False,False,False,False,False,False,False,False
QQQ,2007-07-24,42.58817588918281,42.93093590160875,42.03118637434541,42.271121978759766,175496200,2007,7,30,Tuesday,42.4554,42.90522766113281,-1.48,-0.74,-2.04,-1.48,2.04,2,84.5233,42.4762,42.0471,41.6181,41.189,40.76,40.3309,39.9019,39.4728,39.0438,38.6147,38.1857,37.7566,37.3275,36.8985,36.4694,36.0404,35.6113,35.1823,34.7532,34.3242,33.8951,33.4661,33.037,32.608,32.1789,True,True,False,False,False,False,False,False,False,False,False,False,False,False,False,False,False,False,False,False,False,False,False,False,False
QQQ,2007-07-25,42.4853703969726,42.562488743250256,42.0397792061944,42.33112716674805,170258700,2007,7,30,Wednesday,42.3547,42.271121978759766,0.14,0.51,-0.55,0.14,0.55,0,0.0,41.8484,41.4257,41.003,40.5803,40.1576,39.7349,39.3121,38.8894,38.4667,38.044,37.6213,37.1986,36.7759,36.3532,35.9305,35.5077,35.085,34.6623,34.2396,33.8169,33.3942,32.9715,32.5488,32.1261,31.7033,False,False,False,False,False,False,False,False,False,False,False,False,False,False,False,False,False,False,False,False,False,False,False,False,False
QQQ,2007-07-26,42.03976063433591,42.39109155489929,41.17428475054572,41.97120666503906,318522000,2007,7,30,Thursday,41.8941,42.33112716674805,-0.85,-0.69,-2.73,-0.85,2.73,2,83.3923,41.9078,41.4845,41.0612,40.6379,40.2146,39.7913,39.3679,38.9446,38.5213,38.098,37.6747,37.2514,36.8281,36.4048,35.9815,35.5581,35.1348,34.7115,34.2882,33.8649,33.4416,33.0183,32.595,32.1717,31.7483,True,True,False,False,False,False,False,False,False,False,False,False,False,False,False,False,False,False,False,False,False,False,False,False,False
QQQ,2007-07-27,41.89409169154667,42.09117948111009,41.12287902832031,41.12287902832031,246387600,2007,7,30,Friday,41.5578,41.97120666503906,-2.02,-0.18,-2.02,-2.02,2.02,2,82.6833,41.5515,41.1318,40.7121,40.2924,39.8726,39.4529,39.0332,38.6135,38.1938,37.7741,37.3544,36.9347,36.5149,36.0952,35.6755,35.2558,34.8361,34.4164,33.9967,33.577,33.1573,32.7375,32.3178,31.8981,31.4784,True,True,False,False,False,False,False,False,False,False,False,False,False,False,False,False,False,False,False,False,False,False,False,False,False
QQQ,2007-07-30,41.319949107999015,41.756969102968846,41.08858442754477,41.602725982666016,166517200,2007,7,31,Monday,41.4421,41.12287902832031,1.17,0.48,-0.08,1.17,0.08,0,0.0,40.7117,40.3004,39.8892,39.478,39.0667,38.6555,38.2443,37.833,37.4218,37.0106,36.5994,36.1881,35.7769,35.3657,34.9544,34.5432,34.132,33.7208,33.3095,32.8983,32.4871,32.0758,31.6646,31.2534,30.8422,False,False,False,False,False,False,False,False,False,False,False,False,False,False,False,False,False,False,False,False,False,False,False,False,False
QQQ,2007-07-31,41.962648108107935,41.97978660413033,40.643013333887886,40.728702545166016,260224500,2007,7,31,Tuesday,41.3285,41.602725982666016,-2.1,0.87,-2.31,-2.1,2.31,2,81.9574,41.1867,40.7707,40.3546,39.9386,39.5226,39.1066,38.6905,38.2745,37.8585,37.4425,37.0264,36.6104,36.1944,35.7783,35.3623,34.9463,34.5303,34.1142,33.6982,33.2822,32.8662,32.4501,32.0341,31.6181,31.202,True,True,False,False,False,False,False,False,False,False,False,False,False,False,False,False,False,False,False,False,False,False,False,False,False
QQQ,2007-08-01,40.60874516633888,41.071474852995706,40.25741409361822,41.04576873779297,301153900,2007,8,31,Wednesday,40.7459,40.728702545166016,0.78,-0.29,-1.16,0.78,1.16,1,40.3214,40.3214,39.9141,39.5068,39.0996,38.6923,38.285,37.8777,37.4704,37.0631,36.6558,36.2485,35.8413,35.434,35.0267,34.6194,34.2121,33.8048,33.3975,32.9902,32.583,32.1757,31.7684,31.3611,30.9538,30.5465,True,False,False,False,False,False,False,False,False,False,False,False,False,False,False,False,False,False,False,False,False,False,False,False,False
QQQ,2007-08-02,41.07147093225347,41.49992357851621,40.95150471431338,41.42280197143555,177369900,2007,8,31,Thursday,41.2364,41.04576873779297,0.92,0.06,-0.23,0.92,0.23,0,0.0,40.6353,40.2249,39.8144,39.4039,38.9935,38.583,38.1726,37.7621,37.3516,36.9412,36.5307,36.1203,35.7098,35.2994,34.8889,34.4784,34.068,33.6575,33.2471,32.8366,32.4262,32.0157,31.6052,31.1948,30.7843,False,False,False,False,False,False,False,False,False,False,False,False,False,False,False,False,False,False,False,False,False,False,False,False,False
QQQ,2007-08-03,41.34565870621424,41.39707417361309,40.40306468572994,40.63442611694336,166048400,2007,8,31,Friday,40.9451,41.42280197143555,-1.9,-0.19,-2.46,-1.9,2.46,2,81.6029,41.0086,40.5943,40.1801,39.7659,39.3517,38.9374,38.5232,38.109,37.6947,37.2805,36.8663,36.4521,36.0378,35.6236,35.2094,34.7952,34.3809,33.9667,33.5525,33.1382,32.724,32.3098,31.8956,31.4813,31.0671,True,True,False,False,False,False,False,False,False,False,False,False,False,False,False,False,False,False,False,False,False,False,False,False,False
QQQ,2007-08-06,40.677283259184016,41.14858037700439,40.30024294986107,41.105735778808594,190869100,2007,8,32,Monday,40.808,40.63442611694336,1.16,0.11,-0.82,1.16,0.82,0,0.0,40.2281,39.8217,39.4154,39.009,38.6027,38.1964,37.79,37.3837,36.9773,36.571,36.1646,35.7583,35.352,34.9456,34.5393,34.1329,33.7266,33.3202,32.9139,32.5075,32.1012,31.6949,31.2885,30.8822,30.4758,False,False,False,False,False,False,False,False,False,False,False,False,False,False,False,False,False,False,False,False,False,False,False,False,False
QQQ,2007-08-07,41.02861763786027,41.66272558957567,40.68585428586078,41.39708709716797,167109700,2007,8,32,Tuesday,41.1936,41.105735778808594,0.71,-0.19,-1.02,0.71,1.02,1,40.6947,40.6947,40.2836,39.8726,39.4615,39.0504,38.6394,38.2283,37.8173,37.4062,36.9952,36.5841,36.173,35.762,35.3509,34.9399,34.5288,34.1178,33.7067,33.2956,32.8846,32.4735,32.0625,31.6514,31.2404,30.8293,True,False,False,False,False,False,False,False,False,False,False,False,False,False,False,False,False,False,False,False,False,False,False,False,False
QQQ,2007-08-08,41.56845804574678,42.03975838738952,41.474201246251226,41.85123825073242,164831200,2007,8,32,Wednesday,41.7334,41.39708709716797,1.1,0.41,0.19,1.1,-0.19,0,0.0,40.9831,40.5691,40.1552,39.7412,39.3272,38.9133,38.4993,38.0853,37.6713,37.2574,36.8434,36.4294,36.0155,35.6015,35.1875,34.7736,34.3596,33.9456,33.5316,33.1177,32.7037,32.2897,31.8758,31.4618,31.0478,False,False,False,False,False,False,False,False,False,False,False,False,False,False,False,False,False,False,False,False,False,False,False,False,False
QQQ,2007-08-09,41.29426782134781,41.9626562200951,40.86581514446331,40.88295364379883,242418200,2007,8,32,Thursday,41.2514,41.85123825073242,-2.31,-1.33,-2.35,-2.31,2.35,2,82.4469,41.4327,41.0142,40.5957,40.1772,39.7587,39.3402,38.9217,38.5031,38.0846,37.6661,37.2476,36.8291,36.4106,35.9921,35.5736,35.155,34.7365,34.318,33.8995,33.481,33.0625,32.644,32.2255,31.8069,31.3884,True,True,False,False,False,False,False,False,False,False,False,False,False,False,False,False,False,False,False,False,False,False,False,False,False
QQQ,2007-08-10,40.4459184434884,40.98576953264997,39.9574828333819,40.51446914672852,247006400,2007,8,32,Friday,40.4759,40.88295364379883,-0.9,-1.07,-2.26,-0.9,2.26,2,80.5394,40.4741,40.0653,39.6565,39.2476,38.8388,38.43,38.0211,37.6123,37.2035,36.7947,36.3858,35.977,35.5682,35.1593,34.7505,34.3417,33.9329,33.524,33.1152,32.7064,32.2975,31.8887,31.4799,31.071,30.6622,True,True,False,False,False,False,False,False,False,False,False,False,False,False,False,False,False,False,False,False,False,False,False,False,False
QQQ,2007-08-13,40.85725029103863,41.02863202714421,40.685868554933045,40.7886962890625,116935100,2007,8,33,Monday,40.8401,40.51446914672852,0.68,0.85,0.42,0.68,-0.42,0,0.0,40.1093,39.7042,39.299,38.8939,38.4887,38.0836,37.6785,37.2733,36.8682,36.463,36.0579,35.6527,35.2476,34.8424,34.4373,34.0322,33.627,33.2219,32.8167,32.4116,32.0064,31.6013,31.1961,30.791,30.3859,False,False,False,False,False,False,False,False,False,False,False,False,False,False,False,False,False,False,False,False,False,False,False,False,False
QQQ,2007-08-14,40.87438049846893,40.908657492502485,40.04318137174264,40.09459686279297,153529800,2007,8,33,Tuesday,40.4802,40.7886962890625,-1.7,0.21,-1.83,-1.7,1.83,1,40.3808,40.3808,39.9729,39.565,39.1571,38.7493,38.3414,37.9335,37.5256,37.1177,36.7098,36.3019,35.8941,35.4862,35.0783,34.6704,34.2625,33.8546,33.4467,33.0388,32.631,32.2231,31.8152,31.4073,30.9994,30.5915,True,False,False,False,False,False,False,False,False,False,False,False,False,False,False,False,False,False,False,False,False,False,False,False,False
QQQ,2007-08-15,40.00034005046008,40.35167109608784,39.25483334755912,39.33195495605469,214854100,2007,8,33,Wednesday,39.7347,40.09459686279297,-1.9,-0.24,-2.09,-1.9,2.09,2,78.9864,39.6937,39.2927,38.8918,38.4908,38.0899,37.6889,37.288,36.887,36.4861,36.0851,35.6842,35.2832,34.8823,34.4814,34.0804,33.6795,33.2785,32.8776,32.4766,32.0757,31.6747,31.2738,30.8728,30.4719,30.0709,True,True,False,False,False,False,False,False,False,False,False,False,False,False,False,False,False,False,False,False,False,False,False,False,False
QQQ,2007-08-16,39.01488554247998,39.34051037393237,38.038014316956136,38.94633483886719,362468700,2007,8,33,Thursday,38.8349,39.33195495605469,-0.98,-0.81,-3.29,-0.98,3.29,3,115.6359,38.9386,38.5453,38.152,37.7587,37.3654,36.972,36.5787,36.1854,35.7921,35.3988,35.0054,34.6121,34.2188,33.8255,33.4322,33.0388,32.6455,32.2522,31.8589,31.4656,31.0722,30.6789,30.2856,29.8923,29.499,True,True,True,False,False,False,False,False,False,False,False,False,False,False,False,False,False,False,False,False,False,False,False,False,False
QQQ,2007-08-17,39.68327331542969,39.92320567900834,39.06630064470367,39.68327331542969,223246600,2007,8,33,Friday,39.589,38.94633483886719,1.89,1.89,0.31,1.89,-0.31,0,0.0,38.5569,38.1674,37.7779,37.3885,36.999,36.6096,36.2201,35.8306,35.4412,35.0517,34.6622,34.2728,33.8833,33.4938,33.1044,32.7149,32.3255,31.936,31.5465,31.1571,30.7676,30.3781,29.9887,29.5992,29.2098,False,False,False,False,False,False,False,False,False,False,False,False,False,False,False,False,False,False,False,False,False,False,False,False,False
QQQ,2007-08-20,39.83751430971331,40.03460206459096,39.486183395569135,39.87178802490234,144715100,2007,8,34,Monday,39.8075,39.68327331542969,0.48,0.39,-0.5,0.48,0.5,0,0.0,39.2864,38.8896,38.4928,38.0959,37.6991,37.3023,36.9054,36.5086,36.1118,35.7149,35.3181,34.9213,34.5244,34.1276,33.7308,33.3339,32.9371,32.5403,32.1435,31.7466,31.3498,30.953,30.5561,30.1593,29.7625,False,False,False,False,False,False,False,False,False,False,False,False,False,False,False,False,False,False,False,False,False,False,False,False,False
QQQ,2007-08-21,39.82894983015985,40.38593946911699,39.75182823813245,40.29167938232422,115027200,2007,8,34,Tuesday,40.0646,39.87178802490234,1.05,-0.11,-0.3,1.05,0.3,0,0.0,39.4731,39.0744,38.6756,38.2769,37.8782,37.4795,37.0808,36.682,36.2833,35.8846,35.4859,35.0872,34.6885,34.2897,33.891,33.4923,33.0936,32.6949,32.2961,31.8974,31.4987,31.1,30.7013,30.3026,29.9038,False,False,False,False,False,False,False,False,False,False,False,False,False,False,False,False,False,False,False,False,False,False,False,False,False
QQQ,2007-08-22,40.60017452321926,40.87438396104858,40.50591441605899,40.84010696411133,115814100,2007,8,34,Wednesday,40.7051,40.29167938232422,1.36,0.77,0.53,1.36,-0.53,0,0.0,39.8888,39.4858,39.0829,38.68,38.2771,37.8742,37.4713,37.0683,36.6654,36.2625,35.8596,35.4567,35.0538,34.6508,34.2479,33.845,33.4421,33.0392,32.6363,32.2333,31.8304,31.4275,31.0246,30.6217,30.2188,False,False,False,False,False,False,False,False,False,False,False,False,False,False,False,False,False,False,False,False,False,False,False,False,False
QQQ,2007-08-23,40.95149972462336,41.00291194385669,40.47163164249774,40.728702545166016,118663400,2007,8,34,Thursday,40.7887,40.84010696411133,-0.27,0.27,-0.9,-0.27,0.9,0,0.0,40.4317,40.0233,39.6149,39.2065,38.7981,38.3897,37.9813,37.5729,37.1645,36.7561,36.3477,35.9393,35.5309,35.1225,34.7141,34.3057,33.8973,33.4889,33.0805,32.6721,32.2637,31.8553,31.4469,31.0385,30.6301,False,False,False,False,False,False,False,False,False,False,False,False,False,False,False,False,False,False,False,False,False,False,False,False,False
QQQ,2007-08-24,40.60016026673045,41.32852821729634,40.5487447893788,41.30282211303711,88189200,2007,8,34,Friday,40.9451,40.728702545166016,1.41,-0.32,-0.44,1.41,0.44,0,0.0,40.3214,39.9141,39.5068,39.0996,38.6923,38.285,37.8777,37.4704,37.0631,36.6558,36.2485,35.8413,35.434,35.0267,34.6194,34.2121,33.8048,33.3975,32.9902,32.583,32.1757,31.7684,31.3611,30.9538,30.5465,False,False,False,False,False,False,False,False,False,False,False,False,False,False,False,False,False,False,False,False,False,False,False,False,False
QQQ,2007-08-27,41.18284955411929,41.3028157138532,40.99432943520446,41.02860641479492,72490400,2007,8,35,Monday,41.1272,41.30282211303711,-0.66,-0.29,-0.75,-0.66,0.75,0,0.0,40.8898,40.4768,40.0637,39.6507,39.2377,38.8247,38.4116,37.9986,37.5856,37.1725,36.7595,36.3465,35.9335,35.5204,35.1074,34.6944,34.2813,33.8683,33.4553,33.0423,32.6292,32.2162,31.8032,31.3901,30.9771,False,False,False,False,False,False,False,False,False,False,False,False,False,False,False,False,False,False,False,False,False,False,False,False,False
QQQ,2007-08-28,40.78867813393431,40.874370598262566,40.02603317999582,40.05174255371094,106024800,2007,8,35,Tuesday,40.4352,41.02860641479492,-2.38,-0.58,-2.44,-2.38,2.44,2,80.8264,40.6183,40.208,39.7977,39.3875,38.9772,38.5669,38.1566,37.7463,37.336,36.9257,36.5155,36.1052,35.6949,35.2846,34.8743,34.464,34.0537,33.6435,33.2332,32.8229,32.4126,32.0023,31.592,31.1817,30.7715,True,True,False,False,False,False,False,False,False,False,False,False,False,False,False,False,False,False,False,False,False,False,False,False,False
QQQ,2007-08-29,40.31738624458935,41.234274484278,40.31738624458935,41.20000076293945,113201000,2007,8,35,Wednesday,40.7673,40.05174255371094,2.87,0.66,0.66,2.87,-0.66,0,0.0,39.6512,39.2507,38.8502,38.4497,38.0492,37.6486,37.2481,36.8476,36.4471,36.0466,35.6461,35.2455,34.845,34.4445,34.044,33.6435,33.2429,32.8424,32.4419,32.0414,31.6409,31.2404,30.8398,30.4393,30.0388,False,False,False,False,False,False,False,False,False,False,False,False,False,False,False,False,False,False,False,False,False,False,False,False,False
QQQ,2007-08-30,40.98576264097514,41.76554596360801,40.91720868042894,41.41421508789063,138930000,2007,8,35,Thursday,41.2707,41.20000076293945,0.52,-0.52,-0.69,0.52,0.69,0,0.0,40.788,40.376,39.964,39.552,39.14,38.728,38.316,37.904,37.492,37.08,36.668,36.256,35.844,35.432,35.02,34.608,34.196,33.784,33.372,32.96,32.548,32.136,31.724,31.312,30.9,False,False,False,False,False,False,False,False,False,False,False,False,False,False,False,False,False,False,False,False,False,False,False,False,False
QQQ,2007-08-31,41.86838551191783,42.03976719306444,41.65415922769298,41.876953125,94687200,2007,8,35,Friday,41.8598,41.41421508789063,1.12,1.1,0.58,1.12,-0.58,0,0.0,41.0001,40.5859,40.1718,39.7576,39.3435,38.9294,38.5152,38.1011,37.6869,37.2728,36.8587,36.4445,36.0304,35.6162,35.2021,34.7879,34.3738,33.9597,33.5455,33.1314,32.7172,32.3031,31.8889,31.4748,31.0607,False,False,False,False,False,False,False,False,False,False,False,False,False,False,False,False,False,False,False,False,False,False,False,False,False
QQQ,2007-09-04,41.92836610755785,42.84525428781031,41.9112276135827,42.571044921875,98480900,2007,9,36,Tuesday,42.314,41.876953125,1.66,0.12,0.08,1.66,-0.08,0,0.0,41.4582,41.0394,40.6206,40.2019,39.7831,39.3643,38.9456,38.5268,38.108,37.6893,37.2705,36.8517,36.4329,36.0142,35.5954,35.1766,34.7579,34.3391,33.9203,33.5016,33.0828,32.664,32.2453,31.8265,31.4077,False,False,False,False,False,False,False,False,False,False,False,False,False,False,False,False,False,False,False,False,False,False,False,False,False
QQQ,2007-09-05,42.46821439524113,42.54533597857035,41.87694783343928,42.1425895690918,114049300,2007,9,36,Wednesday,42.2583,42.571044921875,-1.01,-0.24,-1.63,-1.01,1.63,1,42.1453,42.1453,41.7196,41.2939,40.8682,40.4425,40.0168,39.5911,39.1654,38.7397,38.3139,37.8882,37.4625,37.0368,36.6111,36.1854,35.7597,35.334,34.9083,34.4825,34.0568,33.6311,33.2054,32.7797,32.354,31.9283,True,False,False,False,False,False,False,False,False,False,False,False,False,False,False,False,False,False,False,False,False,False,False,False,False
QQQ,2007-09-06,42.18542081428992,42.296819348024286,41.82552238522355,42.10829925537109,99222600,2007,9,36,Thursday,42.104,42.1425895690918,-0.08,0.1,-0.75,-0.08,0.75,0,0.0,41.7212,41.2997,40.8783,40.4569,40.0355,39.614,39.1926,38.7712,38.3498,37.9283,37.5069,37.0855,36.6641,36.2426,35.8212,35.3998,34.9783,34.5569,34.1355,33.7141,33.2926,32.8712,32.4498,32.0284,31.6069,False,False,False,False,False,False,False,False,False,False,False,False,False,False,False,False,False,False,False,False,False,False,False,False,False
QQQ,2007-09-07,41.58560021409687,41.645583304912655,41.08859699464699,41.32852935791016,152438000,2007,9,36,Friday,41.4121,42.10829925537109,-1.85,-1.24,-2.42,-1.85,2.42,2,82.9533,41.6872,41.2661,40.8451,40.424,40.0029,39.5818,39.1607,38.7396,38.3186,37.8975,37.4764,37.0553,36.6342,36.2131,35.7921,35.371,34.9499,34.5288,34.1077,33.6866,33.2656,32.8445,32.4234,32.0023,31.5812,True,True,False,False,False,False,False,False,False,False,False,False,False,False,False,False,False,False,False,False,False,False,False,False,False
QQQ,2007-09-10,41.66272064799912,41.77411921451111,40.96862968233433,41.30282211303711,125199400,2007,9,37,Monday,41.4271,41.32852935791016,-0.06,0.81,-0.87,-0.06,0.87,0,0.0,40.9152,40.502,40.0887,39.6754,39.2621,38.8488,38.4355,38.0222,37.609,37.1957,36.7824,36.3691,35.9558,35.5425,35.1292,34.716,34.3027,33.8894,33.4761,33.0628,32.6495,32.2363,31.823,31.4097,30.9964,False,False,False,False,False,False,False,False,False,False,False,False,False,False,False,False,False,False,False,False,False,False,False,False,False
QQQ,2007-09-11,41.56845442013899,41.9797716403944,41.49990372931823,41.9283561706543,103064500,2007,9,37,Tuesday,41.7441,41.30282211303711,1.51,0.64,0.48,1.51,-0.48,0,0.0,40.8898,40.4768,40.0637,39.6507,39.2377,38.8247,38.4116,37.9986,37.5856,37.1725,36.7595,36.3465,35.9335,35.5204,35.1074,34.6944,34.2813,33.8683,33.4553,33.0423,32.6292,32.2162,31.8032,31.3901,30.9771,False,False,False,False,False,False,False,False,False,False,False,False,False,False,False,False,False,False,False,False,False,False,False,False,False
QQQ,2007-09-12,41.85125002718206,42.30540873637853,41.799834538489776,41.93693923950195,93993400,2007,9,37,Wednesday,41.9734,41.9283561706543,0.02,-0.18,-0.31,0.02,0.31,0,0.0,41.5091,41.0898,40.6705,40.2512,39.8319,39.4127,38.9934,38.5741,38.1548,37.7355,37.3162,36.897,36.4777,36.0584,35.6391,35.2198,34.8005,34.3813,33.962,33.5427,33.1234,32.7041,32.2848,31.8656,31.4463,False,False,False,False,False,False,False,False,False,False,False,False,False,False,False,False,False,False,False,False,False,False,False,False,False
QQQ,2007-09-13,42.23684964525344,42.28826185491741,41.936930923936096,42.1425895690918,80807500,2007,9,37,Thursday,42.1512,41.93693923950195,0.49,0.72,-0.0,0.49,0.0,0,0.0,41.5176,41.0982,40.6788,40.2595,39.8401,39.4207,39.0014,38.582,38.1626,37.7432,37.3239,36.9045,36.4851,36.0658,35.6464,35.227,34.8077,34.3883,33.9689,33.5496,33.1302,32.7108,32.2914,31.8721,31.4527,False,False,False,False,False,False,False,False,False,False,False,False,False,False,False,False,False,False,False,False,False,False,False,False,False
QQQ,2007-09-14,41.81697039297624,42.25399384716736,41.7569872943749,42.17687225341797,99801200,2007,9,37,Friday,42.0012,42.1425895690918,0.08,-0.77,-0.91,0.08,0.91,0,0.0,41.7212,41.2997,40.8783,40.4569,40.0355,39.614,39.1926,38.7712,38.3498,37.9283,37.5069,37.0855,36.6641,36.2426,35.8212,35.3998,34.9783,34.5569,34.1355,33.7141,33.2926,32.8712,32.4498,32.0284,31.6069,False,False,False,False,False,False,False,False,False,False,False,False,False,False,False,False,False,False,False,False,False,False,False,False,False
QQQ,2007-09-17,41.98835325518088,42.074042464494674,41.63702226686028,41.82554244995117,84882300,2007,9,38,Monday,41.8812,42.17687225341797,-0.83,-0.45,-1.28,-0.83,1.28,1,41.7551,41.7551,41.3333,40.9116,40.4898,40.068,39.6463,39.2245,38.8027,38.381,37.9592,37.5374,37.1156,36.6939,36.2721,35.8503,35.4286,35.0068,34.585,34.1633,33.7415,33.3197,32.898,32.4762,32.0544,31.6327,True,False,False,False,False,False,False,False,False,False,False,False,False,False,False,False,False,False,False,False,False,False,False,False,False
QQQ,2007-09-18,42.065445168086825,42.913782124542585,41.84265141978261,42.8795051574707,151452100,2007,9,38,Tuesday,42.4253,41.82554244995117,2.52,0.57,0.04,2.52,-0.04,0,0.0,41.4073,40.989,40.5708,40.1525,39.7343,39.316,38.8978,38.4795,38.0612,37.643,37.2247,36.8065,36.3882,35.97,35.5517,35.1335,34.7152,34.2969,33.8787,33.4604,33.0422,32.6239,32.2057,31.7874,31.3692,False,False,False,False,False,False,False,False,False,False,False,False,False,False,False,False,False,False,False,False,False,False,False,False,False
QQQ,2007-09-19,43.09375197105278,43.35082280974908,42.8281102520612,42.99092102050781,127025800,2007,9,38,Wednesday,43.0659,42.8795051574707,0.26,0.5,-0.12,0.26,0.12,0,0.0,42.4507,42.0219,41.5931,41.1643,40.7355,40.3067,39.8779,39.4491,39.0203,38.5916,38.1628,37.734,37.3052,36.8764,36.4476,36.0188,35.59,35.1612,34.7324,34.3036,33.8748,33.446,33.0172,32.5884,32.1596,False,False,False,False,False,False,False,False,False,False,False,False,False,False,False,False,False,False,False,False,False,False,False,False,False
QQQ,2007-09-20,42.896669610879954,43.06804801232976,42.77670015349823,42.8709602355957,109970600,2007,9,38,Thursday,42.9031,42.99092102050781,-0.28,-0.22,-0.5,-0.28,0.5,0,0.0,42.561,42.1311,41.7012,41.2713,40.8414,40.4115,39.9816,39.5516,39.1217,38.6918,38.2619,37.832,37.4021,36.9722,36.5423,36.1124,35.6825,35.2526,34.8226,34.3927,33.9628,33.5329,33.103,32.6731,32.2432,False,False,False,False,False,False,False,False,False,False,False,False,False,False,False,False,False,False,False,False,False,False,False,False,False
QQQ,2007-09-21,43.10759597596564,43.313361601265534,42.876110873953365,43.17618560791016,86829500,2007,9,38,Friday,43.1183,42.8709602355957,0.71,0.55,0.01,0.71,-0.01,0,0.0,42.4423,42.0135,41.5848,41.1561,40.7274,40.2987,39.87,39.4413,39.0126,38.5839,38.1552,37.7264,37.2977,36.869,36.4403,36.0116,35.5829,35.1542,34.7255,34.2968,33.8681,33.4393,33.0106,32.5819,32.1532,False,False,False,False,False,False,False,False,False,False,False,False,False,False,False,False,False,False,False,False,False,False,False,False,False
QQQ,2007-09-24,43.28764497861248,43.69059764598637,43.15046897621276,43.37337875366211,107226800,2007,9,39,Monday,43.3755,43.17618560791016,0.46,0.26,-0.06,0.46,0.06,0,0.0,42.7444,42.3127,41.8809,41.4491,41.0174,40.5856,40.1539,39.7221,39.2903,38.8586,38.4268,37.995,37.5633,37.1315,36.6998,36.268,35.8362,35.4045,34.9727,34.5409,34.1092,33.6774,33.2457,32.8139,32.3821,False,False,False,False,False,False,False,False,False,False,False,False,False,False,False,False,False,False,False,False,False,False,False,False,False
QQQ,2007-09-25,43.22763269187675,43.784912109375,43.17619372877704,43.784912109375,101102200,2007,9,39,Tuesday,43.4934,43.37337875366211,0.95,-0.34,-0.45,0.95,0.45,0,0.0,42.9396,42.5059,42.0722,41.6384,41.2047,40.771,40.3372,39.9035,39.4698,39.036,38.6023,38.1686,37.7348,37.3011,36.8674,36.4336,35.9999,35.5662,35.1324,34.6987,34.265,33.8312,33.3975,32.9638,32.53,False,False,False,False,False,False,False,False,False,False,False,False,False,False,False,False,False,False,False,False,False,False,False,False,False
QQQ,2007-09-26,44.033554779029394,44.162155486847816,43.82778906777088,43.99925994873047,96124600,2007,9,39,Wednesday,44.0057,43.784912109375,0.49,0.57,0.1,0.49,-0.1,0,0.0,43.3471,42.9092,42.4714,42.0335,41.5957,41.1578,40.72,40.2821,39.8443,39.4064,38.9686,38.5307,38.0929,37.655,37.2172,36.7793,36.3415,35.9036,35.4658,35.0279,34.5901,34.1522,33.7144,33.2765,32.8387,False,False,False,False,False,False,False,False,False,False,False,False,False,False,False,False,False,False,False,False,False,False,False,False,False
QQQ,2007-09-27,44.2564442539329,44.282167000078765,44.0335345007143,44.22215270996094,73423200,2007,9,39,Thursday,44.1986,43.99925994873047,0.51,0.58,0.08,0.51,-0.08,0,0.0,43.5593,43.1193,42.6793,42.2393,41.7993,41.3593,40.9193,40.4793,40.0393,39.5993,39.1593,38.7193,38.2794,37.8394,37.3994,36.9594,36.5194,36.0794,35.6394,35.1994,34.7594,34.3194,33.8794,33.4394,32.9994,False,False,False,False,False,False,False,False,False,False,False,False,False,False,False,False,False,False,False,False,False,False,False,False,False
QQQ,2007-09-28,44.18786109147067,44.30788968038776,43.8792142796646,44.0764045715332,75546000,2007,9,39,Friday,44.1128,44.22215270996094,-0.33,-0.08,-0.78,-0.33,0.78,0,0.0,43.7799,43.3377,42.8955,42.4533,42.011,41.5688,41.1266,40.6844,40.2422,39.7999,39.3577,38.9155,38.4733,38.0311,37.5888,37.1466,36.7044,36.2622,35.8199,35.3777,34.9355,34.4933,34.0511,33.6088,33.1666,False,False,False,False,False,False,False,False,False,False,False,False,False,False,False,False,False,False,False,False,False,False,False,False,False
QQQ,2007-10-01,44.11069877818535,44.71941705386164,44.05068448455719,44.58224105834961,100404100,2007,10,40,Monday,44.3658,44.0764045715332,1.15,0.08,-0.06,1.15,0.06,0,0.0,43.6356,43.1949,42.7541,42.3133,41.8726,41.4318,40.9911,40.5503,40.1095,39.6688,39.228,38.7872,38.3465,37.9057,37.4649,37.0242,36.5834,36.1427,35.7019,35.2611,34.8204,34.3796,33.9388,33.4981,33.0573,False,False,False,False,False,False,False,False,False,False,False,False,False,False,False,False,False,False,False,False,False,False,False,False,False
QQQ,2007-10-02,44.61652779670408,44.63367520185513,44.34217585535348,44.59080505371094,71046000,2007,10,40,Tuesday,44.5458,44.58224105834961,0.02,0.08,-0.54,0.02,0.54,0,0.0,44.1364,43.6906,43.2448,42.799,42.3531,41.9073,41.4615,41.0157,40.5698,40.124,39.6782,39.2324,38.7865,38.3407,37.8949,37.4491,37.0033,36.5574,36.1116,35.6658,35.22,34.7741,34.3283,33.8825,33.4367,False,False,False,False,False,False,False,False,False,False,False,False,False,False,False,False,False,False,False,False,False,False,False,False,False
QQQ,2007-10-03,44.445053327567074,44.64224356464116,44.15355400525476,44.28215789794922,106785000,2007,10,40,Wednesday,44.3808,44.59080505371094,-0.69,-0.33,-0.98,-0.69,0.98,0,0.0,44.1449,43.699,43.2531,42.8072,42.3613,41.9154,41.4694,41.0235,40.5776,40.1317,39.6858,39.2399,38.794,38.3481,37.9022,37.4563,37.0104,36.5645,36.1186,35.6726,35.2267,34.7808,34.3349,33.889,33.4431,False,False,False,False,False,False,False,False,False,False,False,False,False,False,False,False,False,False,False,False,False,False,False,False,False
QQQ,2007-10-04,44.36791575833963,44.43650541052799,44.01640196721088,44.38506317138672,84129300,2007,10,40,Thursday,44.3015,44.28215789794922,0.23,0.19,-0.6,0.23,0.6,0,0.0,43.8393,43.3965,42.9537,42.5109,42.0681,41.6252,41.1824,40.7396,40.2968,39.8539,39.4111,38.9683,38.5255,38.0827,37.6398,37.197,36.7542,36.3114,35.8685,35.4257,34.9829,34.5401,34.0973,33.6544,33.2116,False,False,False,False,False,False,False,False,False,False,False,False,False,False,False,False,False,False,False,False,False,False,False,False,False
QQQ,2007-10-05,44.72798003856553,45.35384886591864,44.63367421811296,45.28525924682617,115674700,2007,10,40,Friday,45.0002,44.38506317138672,2.03,0.77,0.56,2.03,-0.56,0,0.0,43.9412,43.4974,43.0535,42.6097,42.1658,41.722,41.2781,40.8343,40.3904,39.9466,39.5027,39.0589,38.615,38.1712,37.7273,37.2835,36.8396,36.3958,35.9519,35.5081,35.0642,34.6203,34.1765,33.7326,33.2888,False,False,False,False,False,False,False,False,False,False,False,False,False,False,False,False,False,False,False,False,False,False,False,False,False
QQQ,2007-10-08,45.268116817608224,45.57676359638253,45.19095512291464,45.56819152832031,63022400,2007,10,41,Monday,45.401,45.28525924682617,0.62,-0.04,-0.21,0.62,0.21,0,0.0,44.8324,44.3796,43.9267,43.4738,43.021,42.5681,42.1153,41.6624,41.2096,40.7567,40.3039,39.851,39.3982,38.9453,38.4925,38.0396,37.5868,37.1339,36.6811,36.2282,35.7754,35.3225,34.8696,34.4168,33.9639,False,False,False,False,False,False,False,False,False,False,False,False,False,False,False,False,False,False,False,False,False,False,False,False,False
QQQ,2007-10-09,45.67107175996005,45.82539514617845,45.4653061548244,45.765380859375,93965600,2007,10,41,Tuesday,45.6818,45.56819152832031,0.43,0.23,-0.23,0.43,0.23,0,0.0,45.1125,44.6568,44.2011,43.7455,43.2898,42.8341,42.3784,41.9227,41.4671,41.0114,40.5557,40.1,39.6443,39.1886,38.733,38.2773,37.8216,37.3659,36.9102,36.4546,35.9989,35.5432,35.0875,34.6318,34.1761,False,False,False,False,False,False,False,False,False,False,False,False,False,False,False,False,False,False,False,False,False,False,False,False,False
QQQ,2007-10-10,45.7739422819182,45.92826563224664,45.61961893158976,45.87682342529297,91777500,2007,10,41,Wednesday,45.7997,45.765380859375,0.24,0.02,-0.32,0.24,0.32,0,0.0,45.3077,44.8501,44.3924,43.9348,43.4771,43.0195,42.5618,42.1042,41.6465,41.1888,40.7312,40.2735,39.8159,39.3582,38.9006,38.4429,37.9853,37.5276,37.07,36.6123,36.1547,35.697,35.2393,34.7817,34.324,False,False,False,False,False,False,False,False,False,False,False,False,False,False,False,False,False,False,False,False,False,False,False,False,False
QQQ,2007-10-11,46.11689762576325,46.24549827593847,44.82229616181119,45.14809036254883,239786700,2007,10,41,Thursday,45.5832,45.87682342529297,-1.59,0.52,-2.3,-1.59,2.3,2,90.3773,45.4181,44.9593,44.5005,44.0418,43.583,43.1242,42.6654,42.2067,41.7479,41.2891,40.8304,40.3716,39.9128,39.4541,38.9953,38.5365,38.0778,37.619,37.1602,36.7015,36.2427,35.7839,35.3252,34.8664,34.4076,True,True,False,False,False,False,False,False,False,False,False,False,False,False,False,False,False,False,False,False,False,False,False,False,False
QQQ,2007-10-12,45.35384580766612,45.90254964127406,45.26810878958186,45.89397430419922,131676000,2007,10,41,Friday,45.6046,45.14809036254883,1.65,0.46,0.27,1.65,-0.27,0,0.0,44.6966,44.2451,43.7936,43.3422,42.8907,42.4392,41.9877,41.5362,41.0848,40.6333,40.1818,39.7303,39.2788,38.8274,38.3759,37.9244,37.4729,37.0214,36.57,36.1185,35.667,35.2155,34.764,34.3125,33.8611,False,False,False,False,False,False,False,False,False,False,False,False,False,False,False,False,False,False,False,False,False,False,False,False,False
QQQ,2007-10-15,45.96256461389898,46.04829836274722,45.1823757254616,45.54246139526367,121578700,2007,10,42,Monday,45.6839,45.89397430419922,-0.77,0.15,-1.55,-0.77,1.55,1,45.435,45.435,44.9761,44.5172,44.0582,43.5993,43.1403,42.6814,42.2225,41.7635,41.3046,40.8456,40.3867,39.9278,39.4688,39.0099,38.5509,38.092,37.6331,37.1741,36.7152,36.2562,35.7973,35.3384,34.8794,34.4205,True,False,False,False,False,False,False,False,False,False,False,False,False,False,False,False,False,False,False,False,False,False,False,False,False
QQQ,2007-10-16,45.25954246206576,45.67964245708348,45.16523336548086,45.32812881469727,193676600,2007,10,42,Tuesday,45.3581,45.54246139526367,-0.47,-0.62,-0.83,-0.47,0.83,0,0.0,45.087,44.6316,44.1762,43.7208,43.2653,42.8099,42.3545,41.8991,41.4436,40.9882,40.5328,40.0774,39.6219,39.1665,38.7111,38.2557,37.8002,37.3448,36.8894,36.434,35.9785,35.5231,35.0677,34.6123,34.1568,False,False,False,False,False,False,False,False,False,False,False,False,False,False,False,False,False,False,False,False,False,False,False,False,False
QQQ,2007-10-17,45.97115474377598,46.00544956500372,45.16524606812923,45.91114044189453,183985200,2007,10,42,Wednesday,45.7632,45.32812881469727,1.29,1.42,-0.36,1.29,0.36,0,0.0,44.8748,44.4216,43.9683,43.515,43.0617,42.6084,42.1552,41.7019,41.2486,40.7953,40.342,39.8888,39.4355,38.9822,38.5289,38.0756,37.6223,37.1691,36.7158,36.2625,35.8092,35.3559,34.9027,34.4494,33.9961,False,False,False,False,False,False,False,False,False,False,False,False,False,False,False,False,False,False,False,False,False,False,False,False,False
QQQ,2007-10-18,45.722524489250354,46.20263889404329,45.5424783169189,46.10832977294922,144491200,2007,10,42,Thursday,45.894,45.91114044189453,0.43,-0.41,-0.8,0.43,0.8,0,0.0,45.452,44.9929,44.5338,44.0747,43.6156,43.1565,42.6974,42.2382,41.7791,41.32,40.8609,40.4018,39.9427,39.4836,39.0245,38.5654,38.1062,37.6471,37.188,36.7289,36.2698,35.8107,35.3516,34.8925,34.4334,False,False,False,False,False,False,False,False,False,False,False,False,False,False,False,False,False,False,False,False,False,False,False,False,False
QQQ,2007-10-19,46.09973509059178,46.09973509059178,44.916590528136034,44.95945739746094,245111500,2007,10,42,Friday,45.5189,46.10832977294922,-2.49,-0.02,-2.58,-2.49,2.58,2,90.8334,45.6472,45.1862,44.7251,44.264,43.8029,43.3418,42.8807,42.4197,41.9586,41.4975,41.0364,40.5753,40.1142,39.6532,39.1921,38.731,38.2699,37.8088,37.3477,36.8867,36.4256,35.9645,35.5034,35.0423,34.5812,True,True,False,False,False,False,False,False,False,False,False,False,False,False,False,False,False,False,False,False,False,False,False,False,False
QQQ,2007-10-22,44.71941423299828,45.5424701541528,44.59938565331326,45.499603271484375,207052100,2007,10,43,Monday,45.0902,44.95945739746094,1.2,-0.53,-0.8,1.2,0.8,0,0.0,44.5099,44.0603,43.6107,43.1611,42.7115,42.2619,41.8123,41.3627,40.9131,40.4635,40.0139,39.5643,39.1147,38.6651,38.2155,37.7659,37.3163,36.8668,36.4172,35.9676,35.518,35.0684,34.6188,34.1692,33.7196,False,False,False,False,False,False,False,False,False,False,False,False,False,False,False,False,False,False,False,False,False,False,False,False,False
QQQ,2007-10-23,45.96256244311576,46.47697145297576,45.73107740751894,46.45125198364258,162360600,2007,10,43,Tuesday,46.1555,45.499603271484375,2.09,1.02,0.51,2.09,-0.51,0,0.0,45.0446,44.5896,44.1346,43.6796,43.2246,42.7696,42.3146,41.8596,41.4046,40.9496,40.4946,40.0397,39.5847,39.1297,38.6747,38.2197,37.7647,37.3097,36.8547,36.3997,35.9447,35.4897,35.0347,34.5797,34.1247,False,False,False,False,False,False,False,False,False,False,False,False,False,False,False,False,False,False,False,False,False,False,False,False,False
QQQ,2007-10-24,46.07403866784087,46.24550623090298,45.09665589750254,46.09975814819336,298293400,2007,10,43,Wednesday,45.879,46.45125198364258,-0.76,-0.81,-2.92,-0.76,2.92,2,91.509,45.9867,45.5222,45.0577,44.5932,44.1287,43.6642,43.1997,42.7352,42.2706,41.8061,41.3416,40.8771,40.4126,39.9481,39.4836,39.0191,38.5545,38.09,37.6255,37.161,36.6965,36.232,35.7675,35.303,34.8384,True,True,False,False,False,False,False,False,False,False,False,False,False,False,False,False,False,False,False,False,False,False,False,False,False
QQQ,2007-10-25,46.202630961349534,46.279792658947954,45.22525163879181,45.48245620727539,233833100,2007,10,43,Thursday,45.7975,46.09975814819336,-1.34,0.22,-1.9,-1.34,1.9,1,45.6388,45.6388,45.1778,44.7168,44.2558,43.7948,43.3338,42.8728,42.4118,41.9508,41.4898,41.0288,40.5678,40.1068,39.6458,39.1848,38.7238,38.2628,37.8018,37.3408,36.8798,36.4188,35.9578,35.4968,35.0358,34.5748,True,False,False,False,False,False,False,False,False,False,False,False,False,False,False,False,False,False,False,False,False,False,False,False,False
QQQ,2007-10-26,46.36552330485912,46.46840446396564,45.81681615838053,46.23691940307617,146690300,2007,10,43,Friday,46.2219,45.48245620727539,1.66,1.94,0.74,1.66,-0.74,0,0.0,45.0276,44.5728,44.118,43.6632,43.2083,42.7535,42.2987,41.8439,41.389,40.9342,40.4794,40.0246,39.5697,39.1149,38.6601,38.2053,37.7504,37.2956,36.8408,36.386,35.9311,35.4763,35.0215,34.5667,34.1118,False,False,False,False,False,False,False,False,False,False,False,False,False,False,False,False,False,False,False,False,False,False,False,False,False
QQQ,2007-10-29,46.45984010091389,46.57987196384719,46.15976861991527,46.4255485534668,101896600,2007,10,44,Monday,46.4063,46.23691940307617,0.41,0.48,-0.17,0.41,0.17,0,0.0,45.7746,45.3122,44.8498,44.3874,43.9251,43.4627,43.0003,42.538,42.0756,41.6132,41.1509,40.6885,40.2261,39.7638,39.3014,38.839,38.3766,37.9143,37.4519,36.9895,36.5272,36.0648,35.6024,35.1401,34.6777,False,False,False,False,False,False,False,False,False,False,False,False,False,False,False,False,False,False,False,False,False,False,False,False,False
QQQ,2007-10-30,46.245492113387776,46.77705186231852,46.21120057356412,46.51984405517578,114616600,2007,10,44,Tuesday,46.4384,46.4255485534668,0.2,-0.39,-0.46,0.2,0.46,0,0.0,45.9613,45.497,45.0328,44.5685,44.1043,43.64,43.1758,42.7115,42.2472,41.783,41.3187,40.8545,40.3902,39.926,39.4617,38.9975,38.5332,38.0689,37.6047,37.1404,36.6762,36.2119,35.7477,35.2834,34.8192,False,False,False,False,False,False,False,False,False,False,False,False,False,False,False,False,False,False,False,False,False,False,False,False,False
QQQ,2007-10-31,46.69988986023923,47.21429892999921,46.331228827715776,47.18000411987305,148431900,2007,10,44,Wednesday,46.8564,46.51984405517578,1.42,0.39,-0.41,1.42,0.41,0,0.0,46.0546,45.5894,45.1242,44.6591,44.1939,43.7287,43.2635,42.7983,42.3331,41.8679,41.4027,40.9375,40.4723,40.0071,39.5419,39.0767,38.6115,38.1463,37.6811,37.2159,36.7507,36.2855,35.8203,35.3551,34.8899,False,False,False,False,False,False,False,False,False,False,False,False,False,False,False,False,False,False,False,False,False,False,False,False,False
QQQ,2007-11-01,46.87995020151182,46.9571119178231,46.271231812019664,46.29695129394531,181974200,2007,11,44,Thursday,46.6013,47.18000411987305,-1.87,-0.64,-1.93,-1.87,1.93,1,46.7082,46.7082,46.2364,45.7646,45.2928,44.821,44.3492,43.8774,43.4056,42.9338,42.462,41.9902,41.5184,41.0466,40.5748,40.103,39.6312,39.1594,38.6876,38.2158,37.744,37.2722,36.8004,36.3286,35.8568,35.385,True,False,False,False,False,False,False,False,False,False,False,False,False,False,False,False,False,False,False,False,False,False,False,False,False
QQQ,2007-11-02,46.65700912475586,46.76846559710726,45.95398202936829,46.65700912475586,217882900,2007,11,44,Friday,46.5091,46.29695129394531,0.78,0.78,-0.74,0.78,0.74,0,0.0,45.834,45.371,44.908,44.4451,43.9821,43.5191,43.0562,42.5932,42.1302,41.6673,41.2043,40.7413,40.2783,39.8154,39.3524,38.8894,38.4265,37.9635,37.5005,37.0376,36.5746,36.1116,35.6487,35.1857,34.7227,False,False,False,False,False,False,False,False,False,False,False,False,False,False,False,False,False,False,False,False,False,False,False,False,False
QQQ,2007-11-05,46.17690220314898,46.63987229567297,45.945417156886975,46.3569450378418,150588900,2007,11,45,Monday,46.2798,46.65700912475586,-0.64,-1.03,-1.53,-0.64,1.53,1,46.1904,46.1904,45.7239,45.2573,44.7907,44.3242,43.8576,43.391,42.9244,42.4579,41.9913,41.5247,41.0582,40.5916,40.125,39.6585,39.1919,38.7253,38.2587,37.7922,37.3256,36.859,36.3925,35.9259,35.4593,34.9928,True,False,False,False,False,False,False,False,False,False,False,False,False,False,False,False,False,False,False,False,False,False,False,False,False
QQQ,2007-11-06,46.579849622399536,46.88849302458948,46.108304277667074,46.879920959472656,131884700,2007,11,45,Tuesday,46.6141,46.3569450378418,1.13,0.48,-0.54,1.13,0.54,0,0.0,45.8934,45.4298,44.9662,44.5027,44.0391,43.5755,43.112,42.6484,42.1848,41.7213,41.2577,40.7941,40.3305,39.867,39.4034,38.9398,38.4763,38.0127,37.5491,37.0856,36.622,36.1584,35.6948,35.2313,34.7677,False,False,False,False,False,False,False,False,False,False,False,False,False,False,False,False,False,False,False,False,False,False,False,False,False
QQQ,2007-11-07,46.48556357035461,46.79421039590049,45.70537443712869,45.73966598510742,197908200,2007,11,45,Wednesday,46.1812,46.879920959472656,-2.43,-0.84,-2.51,-2.43,2.51,2,92.3534,46.4111,45.9423,45.4735,45.0047,44.5359,44.0671,43.5983,43.1295,42.6607,42.1919,41.7231,41.2543,40.7855,40.3167,39.8479,39.3791,38.9103,38.4415,37.9727,37.5039,37.0351,36.5663,36.0975,35.6287,35.1599,True,True,False,False,False,False,False,False,False,False,False,False,False,False,False,False,False,False,False,False,False,False,False,False,False
QQQ,2007-11-08,45.559610370215935,45.722509077391024,43.55340983497624,44.35074615478516,380626400,2007,11,45,Thursday,44.7966,45.73966598510742,-3.04,-0.39,-4.78,-3.04,4.78,4,178.3847,45.2823,44.8249,44.3675,43.9101,43.4527,42.9953,42.5379,42.0805,41.6231,41.1657,40.7083,40.2509,39.7935,39.3361,38.8787,38.4213,37.9639,37.5065,37.0491,36.5917,36.1343,35.6769,35.2195,34.7621,34.3047,True,True,True,True,False,False,False,False,False,False,False,False,False,False,False,False,False,False,False,False,False,False,False,False,False
QQQ,2007-11-09,43.49340412108577,43.82777039772714,42.86753845214844,42.86753845214844,309414900,2007,11,45,Friday,43.2641,44.35074615478516,-3.34,-1.93,-3.34,-3.34,3.34,3,130.3912,43.9072,43.4637,43.0202,42.5767,42.1332,41.6897,41.2462,40.8027,40.3592,39.9157,39.4722,39.0287,38.5851,38.1416,37.6981,37.2546,36.8111,36.3676,35.9241,35.4806,35.0371,34.5936,34.1501,33.7066,33.2631,True,True,True,False,False,False,False,False,False,False,False,False,False,False,False,False,False,False,False,False,False,False,False,False,False
QQQ,2007-11-12,42.79894800044051,43.07330325016663,41.71011542269521,41.77870178222656,283216000,2007,11,46,Monday,42.3403,42.86753845214844,-2.54,-0.16,-2.7,-2.54,2.7,2,84.4491,42.4389,42.0102,41.5815,41.1528,40.7242,40.2955,39.8668,39.4381,39.0095,38.5808,38.1521,37.7234,37.2948,36.8661,36.4374,36.0087,35.5801,35.1514,34.7227,34.294,33.8654,33.4367,33.008,32.5793,32.1507,True,True,False,False,False,False,False,False,False,False,False,False,False,False,False,False,False,False,False,False,False,False,False,False,False
QQQ,2007-11-13,42.34455060436966,43.54484289413225,42.31025579139738,43.5019760131836,255625900,2007,11,46,Tuesday,42.9254,41.77870178222656,4.12,1.35,1.27,4.12,-1.27,0,0.0,41.3609,40.9431,40.5253,40.1076,39.6898,39.272,38.8542,38.4364,38.0186,37.6008,37.183,36.7653,36.3475,35.9297,35.5119,35.0941,34.6763,34.2585,33.8407,33.423,33.0052,32.5874,32.1696,31.7518,31.334,False,False,False,False,False,False,False,False,False,False,False,False,False,False,False,False,False,False,False,False,False,False,False,False,False
QQQ,2007-11-14,44.05925363219482,44.10212051472509,42.78180287191179,42.94469833374024,263284100,2007,11,46,Wednesday,43.472,43.5019760131836,-1.28,1.28,-1.66,-1.28,1.66,1,43.067,43.067,42.6319,42.1969,41.7619,41.3269,40.8919,40.4568,40.0218,39.5868,39.1518,38.7168,38.2817,37.8467,37.4117,36.9767,36.5417,36.1066,35.6716,35.2366,34.8016,34.3666,33.9315,33.4965,33.0615,32.6265,True,False,False,False,False,False,False,False,False,False,False,False,False,False,False,False,False,False,False,False,False,False,False,False,False
QQQ,2007-11-15,42.8675459306552,43.33051621163449,42.32741393617937,42.71322250366211,251548800,2007,11,46,Thursday,42.8097,42.94469833374024,-0.54,-0.18,-1.44,-0.54,1.44,1,42.5153,42.5153,42.0858,41.6564,41.2269,40.7975,40.368,39.9386,39.5091,39.0797,38.6502,38.2208,37.7913,37.3619,36.9324,36.503,36.0735,35.6441,35.2147,34.7852,34.3558,33.9263,33.4969,33.0674,32.638,32.2085,True,False,False,False,False,False,False,False,False,False,False,False,False,False,False,False,False,False,False,False,False,False,False,False,False
QQQ,2007-11-16,43.004712364816186,43.287639674775136,42.30168502983959,43.10759353637695,263623700,2007,11,46,Friday,42.9254,42.71322250366211,0.92,0.68,-0.96,0.92,0.96,0,0.0,42.2861,41.859,41.4318,41.0047,40.5776,40.1504,39.7233,39.2962,38.869,38.4419,38.0148,37.5876,37.1605,36.7334,36.3062,35.8791,35.452,35.0248,34.5977,34.1706,33.7434,33.3163,32.8892,32.462,32.0349,False,False,False,False,False,False,False,False,False,False,False,False,False,False,False,False,False,False,False,False,False,False,False,False,False
QQQ,2007-11-19,43.00473229503359,43.253364906188025,42.361718951345566,42.6103515625,198651100,2007,11,47,Monday,42.8075,43.10759353637695,-1.15,-0.24,-1.73,-1.15,1.73,1,42.6765,42.6765,42.2454,41.8144,41.3833,40.9522,40.5211,40.0901,39.659,39.2279,38.7968,38.3658,37.9347,37.5036,37.0725,36.6415,36.2104,35.7793,35.3482,34.9172,34.4861,34.055,33.6239,33.1928,32.7618,32.3307,True,False,False,False,False,False,False,False,False,False,False,False,False,False,False,False,False,False,False,False,False,False,False,False,False
QQQ,2007-11-20,42.83324590152198,43.53627330767129,41.95017560928088,42.78180694580078,300763600,2007,11,47,Tuesday,42.7754,42.6103515625,0.4,0.52,-1.55,0.4,1.55,1,42.1842,42.1842,41.7581,41.332,40.9059,40.4798,40.0537,39.6276,39.2015,38.7754,38.3493,37.9232,37.4971,37.071,36.6449,36.2188,35.7927,35.3666,34.9405,34.5144,34.0883,33.6622,33.2361,32.81,32.3839,31.9578,True,False,False,False,False,False,False,False,False,False,False,False,False,False,False,False,False,False,False,False,False,False,False,False,False
QQQ,2007-11-21,42.39599522595744,43.01328554176676,41.88158281382718,42.27596664428711,212225400,2007,11,47,Wednesday,42.3917,42.78180694580078,-1.18,-0.9,-2.1,-1.18,2.1,2,84.2802,42.354,41.9262,41.4984,41.0705,40.6427,40.2149,39.7871,39.3593,38.9314,38.5036,38.0758,37.648,37.2202,36.7924,36.3645,35.9367,35.5089,35.0811,34.6533,34.2254,33.7976,33.3698,32.942,32.5142,32.0864,True,True,False,False,False,False,False,False,False,False,False,False,False,False,False,False,False,False,False,False,False,False,False,False,False
QQQ,2007-11-23,42.55031526547854,42.84181462819405,42.32740225664904,42.7303581237793,46463300,2007,11,47,Friday,42.6125,42.27596664428711,1.07,0.65,0.12,1.07,-0.12,0,0.0,41.8532,41.4304,41.0077,40.5849,40.1622,39.7394,39.3166,38.8939,38.4711,38.0484,37.6256,37.2029,36.7801,36.3573,35.9346,35.5118,35.0891,34.6663,34.2435,33.8208,33.398,32.9753,32.5525,32.1297,31.707,False,False,False,False,False,False,False,False,False,False,False,False,False,False,False,False,False,False,False,False,False,False,False,False,False
QQQ,2007-11-26,42.84181294367535,43.18475124068788,41.92444801160373,41.99303436279297,150352100,2007,11,48,Monday,42.486,42.7303581237793,-1.73,0.26,-1.89,-1.73,1.89,1,42.3031,42.3031,41.8758,41.4484,41.0211,40.5938,40.1665,39.7392,39.3119,38.8846,38.4573,38.03,37.6027,37.1754,36.7481,36.3208,35.8935,35.4662,35.0389,34.6116,34.1843,33.757,33.3297,32.9024,32.4751,32.0478,True,False,False,False,False,False,False,False,False,False,False,False,False,False,False,False,False,False,False,False,False,False,False,False,False
QQQ,2007-11-27,42.35312620656572,42.91040220343453,42.09591837820569,42.8332405090332,211369300,2007,11,48,Tuesday,42.5482,41.99303436279297,2.0,0.86,0.25,2.0,-0.25,0,0.0,41.5731,41.1532,40.7332,40.3133,39.8934,39.4735,39.0535,38.6336,38.2137,37.7937,37.3738,36.9539,36.5339,36.114,35.6941,35.2741,34.8542,34.4343,34.0144,33.5944,33.1745,32.7546,32.3346,31.9147,31.4948,False,False,False,False,False,False,False,False,False,False,False,False,False,False,False,False,False,False,False,False,False,False,False,False,False
QQQ,2007-11-28,43.40767054028851,44.32503560549268,43.381947793143006,44.136417388916016,216868100,2007,11,48,Wednesday,43.8128,42.8332405090332,3.04,1.34,1.28,3.04,-1.28,0,0.0,42.4049,41.9766,41.5482,41.1199,40.6916,40.2632,39.8349,39.4066,38.9782,38.5499,38.1216,37.6933,37.2649,36.8366,36.4083,35.9799,35.5516,35.1233,34.6949,34.2666,33.8383,33.4099,32.9816,32.5533,32.1249,False,False,False,False,False,False,False,False,False,False,False,False,False,False,False,False,False,False,False,False,False,False,False,False,False
QQQ,2007-11-29,43.964942290418726,44.48792673405436,43.89635593596815,44.32503128051758,172087300,2007,11,48,Thursday,44.1686,44.136417388916016,0.43,-0.39,-0.54,0.43,0.54,0,0.0,43.6951,43.2537,42.8123,42.371,41.9296,41.4882,41.0469,40.6055,40.1641,39.7228,39.2814,38.84,38.3987,37.9573,37.516,37.0746,36.6332,36.1919,35.7505,35.3091,34.8678,34.4264,33.985,33.5437,33.1023,False,False,False,False,False,False,False,False,False,False,False,False,False,False,False,False,False,False,False,False,False,False,False,False,False
QQQ,2007-11-30,44.7622868639062,44.79658168265839,43.68202623748372,43.99067306518555,171417400,2007,11,48,Friday,44.3079,44.32503128051758,-0.75,0.99,-1.45,-0.75,1.45,1,43.8818,43.8818,43.4385,42.9953,42.552,42.1088,41.6655,41.2223,40.779,40.3358,39.8925,39.4493,39.006,38.5628,38.1195,37.6763,37.233,36.7898,36.3465,35.9033,35.46,35.0168,34.5735,34.1303,33.687,33.2438,True,False,False,False,False,False,False,False,False,False,False,False,False,False,False,False,False,False,False,False,False,False,False,False,False
QQQ,2007-12-03,43.80204449811879,44.17927760378833,43.570559431958,43.62200164794922,108625700,2007,12,49,Monday,43.7935,43.99067306518555,-0.84,-0.43,-0.96,-0.84,0.96,0,0.0,43.5508,43.1109,42.671,42.231,41.7911,41.3512,40.9113,40.4714,40.0315,39.5916,39.1517,38.7118,38.2719,37.832,37.3921,36.9522,36.5123,36.0724,35.6324,35.1925,34.7526,34.3127,33.8728,33.4329,32.993,False,False,False,False,False,False,False,False,False,False,False,False,False,False,False,False,False,False,False,False,False,False,False,False,False
QQQ,2007-12-04,43.28765826623701,43.67346364292142,43.19334912241286,43.44197845458984,113374100,2007,12,49,Tuesday,43.3991,43.62200164794922,-0.41,-0.77,-0.98,-0.41,0.98,0,0.0,43.1858,42.7496,42.3133,41.8771,41.4409,41.0047,40.5685,40.1322,39.696,39.2598,38.8236,38.3874,37.9511,37.5149,37.0787,36.6425,36.2063,35.77,35.3338,34.8976,34.4614,34.0252,33.5889,33.1527,32.7165,False,False,False,False,False,False,False,False,False,False,False,False,False,False,False,False,False,False,False,False,False,False,False,False,False
QQQ,2007-12-05,43.8963585132259,44.58223845066793,43.86206369872042,44.22215270996094,137614200,2007,12,49,Wednesday,44.1407,43.44197845458984,1.8,1.05,0.97,1.8,-0.97,0,0.0,43.0076,42.5731,42.1387,41.7043,41.2699,40.8355,40.401,39.9666,39.5322,39.0978,38.6634,38.2289,37.7945,37.3601,36.9257,36.4913,36.0568,35.6224,35.188,34.7536,34.3192,33.8847,33.4503,33.0159,32.5815,False,False,False,False,False,False,False,False,False,False,False,False,False,False,False,False,False,False,False,False,False,False,False,False,False
QQQ,2007-12-06,44.26501567582803,44.89945333537064,44.24786827009265,44.85658645629883,99724500,2007,12,49,Thursday,44.5672,44.22215270996094,1.43,0.1,0.06,1.43,-0.06,0,0.0,43.7799,43.3377,42.8955,42.4533,42.011,41.5688,41.1266,40.6844,40.2422,39.7999,39.3577,38.9155,38.4733,38.0311,37.5888,37.1466,36.7044,36.2622,35.8199,35.3777,34.9355,34.4933,34.0511,33.6088,33.1666,False,False,False,False,False,False,False,False,False,False,False,False,False,False,False,False,False,False,False,False,False,False,False,False,False
QQQ,2007-12-07,44.83088614311036,45.04522390060789,44.65084321174076,44.86518096923828,88992300,2007,12,49,Friday,44.848,44.85658645629883,0.02,-0.06,-0.46,0.02,0.46,0,0.0,44.408,43.9595,43.5109,43.0623,42.6138,42.1652,41.7166,41.2681,40.8195,40.3709,39.9224,39.4738,39.0252,38.5767,38.1281,37.6795,37.231,36.7824,36.3338,35.8853,35.4367,34.9881,34.5396,34.091,33.6424,False,False,False,False,False,False,False,False,False,False,False,False,False,False,False,False,False,False,False,False,False,False,False,False,False
QQQ,2007-12-10,44.97661454039658,45.17380479842488,44.8565859720779,45.045204162597656,75657900,2007,12,50,Monday,45.0131,44.86518096923828,0.4,0.25,-0.02,0.4,0.02,0,0.0,44.4165,43.9679,43.5192,43.0706,42.6219,42.1733,41.7246,41.276,40.8273,40.3787,39.93,39.4814,39.0327,38.5841,38.1354,37.6868,37.2381,36.7894,36.3408,35.8921,35.4435,34.9948,34.5462,34.0975,33.6489,False,False,False,False,False,False,False,False,False,False,False,False,False,False,False,False,False,False,False,False,False,False,False,False,False
QQQ,2007-12-11,45.113815769165264,45.30243406527432,43.90495080067594,43.99925994873047,167064300,2007,12,50,Tuesday,44.5801,45.045204162597656,-2.32,0.15,-2.53,-2.32,2.53,2,88.7391,44.5948,44.1443,43.6938,43.2434,42.7929,42.3425,41.892,41.4416,40.9911,40.5407,40.0902,39.6398,39.1893,38.7389,38.2884,37.838,37.3875,36.9371,36.4866,36.0362,35.5857,35.1353,34.6848,34.2344,33.7839,True,True,False,False,False,False,False,False,False,False,False,False,False,False,False,False,False,False,False,False,False,False,False,False,False
QQQ,2007-12-12,44.79657542506838,44.95089881736202,43.630577914642494,44.39361953735352,162975200,2007,12,50,Wednesday,44.4429,43.99925994873047,0.9,1.81,-0.84,0.9,0.84,0,0.0,43.5593,43.1193,42.6793,42.2393,41.7993,41.3593,40.9193,40.4793,40.0393,39.5993,39.1593,38.7193,38.2794,37.8394,37.3994,36.9594,36.5194,36.0794,35.6394,35.1994,34.7594,34.3194,33.8794,33.4394,32.9994,False,False,False,False,False,False,False,False,False,False,False,False,False,False,False,False,False,False,False,False,False,False,False,False,False
QQQ,2007-12-13,44.00781639274752,44.265020968464825,43.70774166229931,44.153564453125,153476200,2007,12,50,Thursday,44.0335,44.39361953735352,-0.54,-0.87,-1.54,-0.54,1.54,1,43.9497,43.9497,43.5057,43.0618,42.6179,42.1739,41.73,41.2861,40.8421,40.3982,39.9543,39.5103,39.0664,38.6224,38.1785,37.7346,37.2906,36.8467,36.4028,35.9588,35.5149,35.071,34.627,34.1831,33.7392,33.2952,True,False,False,False,False,False,False,False,False,False,False,False,False,False,False,False,False,False,False,False,False,False,False,False,False
QQQ,2007-12-14,43.80204268673578,44.23929005771332,43.65629138272126,43.699161529541016,128396700,2007,12,50,Friday,43.8492,44.153564453125,-1.03,-0.8,-1.13,-1.03,1.13,1,43.712,43.712,43.2705,42.829,42.3874,41.9459,41.5044,41.0628,40.6213,40.1797,39.7382,39.2967,38.8551,38.4136,37.9721,37.5305,37.089,36.6475,36.2059,35.7644,35.3229,34.8813,34.4398,33.9982,33.5567,33.1152,True,False,False,False,False,False,False,False,False,False,False,False,False,False,False,False,False,False,False,False,False,False,False,False,False
QQQ,2007-12-17,43.53626099498214,43.71630710068808,42.618896144681855,42.636043548583984,134377000,2007,12,51,Monday,43.1269,43.699161529541016,-2.43,-0.37,-2.47,-2.43,2.47,2,86.0873,43.2622,42.8252,42.3882,41.9512,41.5142,41.0772,40.6402,40.2032,39.7662,39.3292,38.8923,38.4553,38.0183,37.5813,37.1443,36.7073,36.2703,35.8333,35.3963,34.9593,34.5223,34.0853,33.6484,33.2114,32.7744,True,True,False,False,False,False,False,False,False,False,False,False,False,False,False,False,False,False,False,False,False,False,False,False,False
QQQ,2007-12-18,43.073290887164106,43.0990103557896,42.16449817284924,42.773216247558594,154251700,2007,12,51,Tuesday,42.7775,42.636043548583984,0.32,1.03,-1.11,0.32,1.11,1,42.2097,42.2097,41.7833,41.357,40.9306,40.5042,40.0779,39.6515,39.2252,38.7988,38.3724,37.9461,37.5197,37.0934,36.667,36.2406,35.8143,35.3879,34.9616,34.5352,34.1088,33.6825,33.2561,32.8298,32.4034,31.977,True,False,False,False,False,False,False,False,False,False,False,False,False,False,False,False,False,False,False,False,False,False,False,False,False
QQQ,2007-12-19,42.77322050438406,43.03900036525111,42.53316338523507,42.7646484375,137970900,2007,12,51,Wednesday,42.7775,42.773216247558594,-0.02,0.0,-0.56,-0.02,0.56,0,0.0,42.3455,41.9178,41.49,41.0623,40.6346,40.2068,39.7791,39.3514,38.9236,38.4959,38.0682,37.6404,37.2127,36.785,36.3572,35.9295,35.5018,35.074,34.6463,34.2186,33.7908,33.3631,32.9354,32.5076,32.0799,False,False,False,False,False,False,False,False,False,False,False,False,False,False,False,False,False,False,False,False,False,False,False,False,False
QQQ,2007-12-20,43.39908451622966,43.6905838380204,43.038998850182,43.63914489746094,167341700,2007,12,51,Thursday,43.442,42.7646484375,2.04,1.48,0.64,2.04,-0.64,0,0.0,42.337,41.9094,41.4817,41.0541,40.6264,40.1988,39.7711,39.3435,38.9158,38.4882,38.0605,37.6329,37.2052,36.7776,36.35,35.9223,35.4947,35.067,34.6394,34.2117,33.7841,33.3564,32.9288,32.5011,32.0735,False,False,False,False,False,False,False,False,False,False,False,False,False,False,False,False,False,False,False,False,False,False,False,False,False
QQQ,2007-12-21,44.35406190595354,44.54287668352379,44.1824124057935,44.499961853027344,107573500,2007,12,51,Friday,44.3948,43.63914489746094,1.97,1.64,1.24,1.97,-1.24,0,0.0,43.2028,42.7664,42.33,41.8936,41.4572,41.0208,40.5844,40.148,39.7116,39.2752,38.8388,38.4024,37.9661,37.5297,37.0933,36.6569,36.2205,35.7841,35.3477,34.9113,34.4749,34.0385,33.6021,33.1658,32.7294,False,False,False,False,False,False,False,False,False,False,False,False,False,False,False,False,False,False,False,False,False,False,False,False,False
QQQ,2007-12-24,44.63728339984881,44.97200141794228,44.58579083855912,44.83468246459961,34499800,2007,12,52,Monday,44.7574,44.499961853027344,0.75,0.31,0.19,0.75,-0.19,0,0.0,44.055,43.61,43.165,42.72,42.275,41.83,41.385,40.94,40.495,40.05,39.605,39.16,38.715,38.27,37.825,37.38,36.935,36.49,36.045,35.6,35.155,34.71,34.265,33.82,33.375,False,False,False,False,False,False,False,False,False,False,False,False,False,False,False,False,False,False,False,False,False,False,False,False,False
QQQ,2007-12-26,44.740262361521935,45.16938437806537,44.62868972051712,45.05781173706055,58492100,2007,12,52,Wednesday,44.899,44.83468246459961,0.5,-0.21,-0.46,0.5,0.46,0,0.0,44.3863,43.938,43.4896,43.0413,42.5929,42.1446,41.6963,41.2479,40.7996,40.3512,39.9029,39.4545,39.0062,38.5578,38.1095,37.6611,37.2128,36.7644,36.3161,35.8677,35.4194,34.9711,34.5227,34.0744,33.626,False,False,False,False,False,False,False,False,False,False,False,False,False,False,False,False,False,False,False,False,False,False,False,False,False
QQQ,2007-12-27,44.91194207353994,45.05784208594447,44.37982805738098,44.51714706420898,65778900,2007,12,52,Thursday,44.7167,45.05781173706055,-1.2,-0.32,-1.5,-1.2,1.5,1,44.6072,44.6072,44.1567,43.7061,43.2555,42.8049,42.3543,41.9038,41.4532,41.0026,40.552,40.1015,39.6509,39.2003,38.7497,38.2991,37.8486,37.398,36.9474,36.4968,36.0462,35.5957,35.1451,34.6945,34.2439,33.7934,True,False,False,False,False,False,False,False,False,False,False,False,False,False,False,False,False,False,False,False,False,False,False,False,False
QQQ,2007-12-28,44.66303890430393,44.7660273145452,44.13950930183516,44.47422409057617,67545400,2007,12,52,Friday,44.5107,44.51714706420898,-0.1,0.33,-0.85,-0.1,0.85,0,0.0,44.072,43.6268,43.1816,42.7365,42.2913,41.8461,41.4009,40.9558,40.5106,40.0654,39.6203,39.1751,38.7299,38.2847,37.8396,37.3944,36.9492,36.5041,36.0589,35.6137,35.1685,34.7234,34.2782,33.833,33.3879,False,False,False,False,False,False,False,False,False,False,False,False,False,False,False,False,False,False,False,False,False,False,False,False,False
QQQ,2007-12-31,44.25965848877056,44.35406588602724,43.95069001554583,43.95927429199219,70135600,2007,12,52,Monday,44.1309,44.47422409057617,-1.16,-0.48,-1.18,-1.16,1.18,1,44.0295,44.0295,43.5847,43.14,42.6953,42.2505,41.8058,41.361,40.9163,40.4715,40.0268,39.5821,39.1373,38.6926,38.2478,37.8031,37.3583,36.9136,36.4689,36.0241,35.5794,35.1346,34.6899,34.2452,33.8004,33.3557,True,False,False,False,False,False,False,False,False,False,False,False,False,False,False,False,False,False,False,False,False,False,False,False,False
