Symbol,Date,Open,High,Low,Close,Volume,Year,Month,Week,Weekday,avg_daily_price,Previous_Close,Daily_Gain_Loss_Pct,Open_vs_PrevClose_Pct,Low_vs_PrevClose_Pct,Close_vs_PrevClose_Pct,mx_percent_decline,Shares_Purchased,Total_Value_Purchased,BOD99-1,BOD98-2,BOD97-3,BOD96-4,BOD95-5,BOD94-6,BOD93-7,BOD92-8,BOD91-9,BOD90-10,BOD89-11,BOD88-12,BOD87-13,BOD86-14,BOD85-15,BOD84-16,BOD83-17,BOD82-18,BOD81-19,BOD80-20,BOD79-21,BOD78-22,BOD77-23,BOD76-24,BOD75-25,BOD99-1_Executed,BOD98-2_Executed,BOD97-3_Executed,BOD96-4_Executed,BOD95-5_Executed,BOD94-6_Executed,BOD93-7_Executed,BOD92-8_Executed,BOD91-9_Executed,BOD90-10_Executed,BOD89-11_Executed,BOD88-12_Executed,BOD87-13_Executed,BOD86-14_Executed,BOD85-15_Executed,BOD84-16_Executed,BOD83-17_Executed,BOD82-18_Executed,BOD81-19_Executed,BOD80-20_Executed,BOD79-21_Executed,BOD78-22_Executed,BOD77-23_Executed,BOD76-24_Executed,BOD75-25_Executed
GOOGL,2014-01-02,27.65129206129341,27.708060070983592,27.47281083905444,27.593286514282227,72783144,2014,1,1,Thursday,27.6064,27.781436920166016,-0.68,-0.47,-1.11,-0.68,1.11,1,27.5036,27.5036,27.2258,26.948,26.6702,26.3924,26.1146,25.8367,25.5589,25.2811,25.0033,24.7255,24.4477,24.1699,23.892,23.6142,23.3364,23.0586,22.7808,22.503,22.2251,21.9473,21.6695,21.3917,21.1139,20.8361,True,False,False,False,False,False,False,False,False,False,False,False,False,False,False,False,False,False,False,False,False,False,False,False,False
GOOGL,2014-01-03,27.639889293551303,27.687731918843472,27.390263849422617,27.391998291015625,66601332,2014,1,1,Friday,27.5275,27.593286514282227,-0.73,0.17,-0.74,-0.73,0.74,0,0.0,27.3174,27.0414,26.7655,26.4896,26.2136,25.9377,25.6618,25.3858,25.1099,24.834,24.558,24.2821,24.0062,23.7302,23.4543,23.1784,22.9024,22.6265,22.3506,22.0746,21.7987,21.5228,21.2468,20.9709,20.695,False,False,False,False,False,False,False,False,False,False,False,False,False,False,False,False,False,False,False,False,False,False,False,False,False
GOOGL,2014-01-06,27.590560951405703,27.73557576781275,27.42769536714055,27.69740104675293,70701228,2014,1,1,Monday,27.6128,27.391998291015625,1.11,0.72,0.13,1.11,-0.13,0,0.0,27.1181,26.8442,26.5702,26.2963,26.0224,25.7485,25.4746,25.2006,24.9267,24.6528,24.3789,24.105,23.831,23.5571,23.2832,23.0093,22.7354,22.4614,22.1875,21.9136,21.6397,21.3658,21.0918,20.8179,20.544,False,False,False,False,False,False,False,False,False,False,False,False,False,False,False,False,False,False,False,False,False,False,False,False,False
GOOGL,2014-01-07,27.88778321076136,28.251936629815887,27.79259296514915,28.23136138916016,102001896,2014,1,1,Tuesday,28.0409,27.69740104675293,1.93,0.69,0.34,1.93,-0.34,0,0.0,27.4204,27.1435,26.8665,26.5895,26.3125,26.0356,25.7586,25.4816,25.2046,24.9277,24.6507,24.3737,24.0967,23.8198,23.5428,23.2658,22.9888,22.7119,22.4349,22.1579,21.8809,21.604,21.327,21.05,20.7731,False,False,False,False,False,False,False,False,False,False,False,False,False,False,False,False,False,False,False,False,False,False,False,False,False
GOOGL,2014-01-08,28.40835396708668,28.44107596628473,28.09328451363858,28.29010963439941,89610300,2014,1,1,Wednesday,28.3082,28.23136138916016,0.21,0.63,-0.49,0.21,0.49,0,0.0,27.949,27.6667,27.3844,27.1021,26.8198,26.5375,26.2552,25.9729,25.6905,25.4082,25.1259,24.8436,24.5613,24.279,23.9967,23.7143,23.432,23.1497,22.8674,22.5851,22.3028,22.0205,21.7381,21.4558,21.1735,False,False,False,False,False,False,False,False,False,False,False,False,False,False,False,False,False,False,False,False,False,False,False,False,False
GOOGL,2014-01-09,28.344891587395104,28.36422739856014,27.901662422159923,28.01767539978028,83296620,2014,1,1,Thursday,28.1571,28.29010963439941,-0.96,0.19,-1.37,-0.96,1.37,1,28.0072,28.0072,27.7243,27.4414,27.1585,26.8756,26.5927,26.3098,26.0269,25.744,25.4611,25.1782,24.8953,24.6124,24.3295,24.0466,23.7637,23.4808,23.1979,22.915,22.6321,22.3492,22.0663,21.7834,21.5005,21.2176,True,False,False,False,False,False,False,False,False,False,False,False,False,False,False,False,False,False,False,False,False,False,False,False,False
GOOGL,2014-01-10,28.23681319205755,28.23681319205755,27.81961008014576,28.016189575195312,85654260,2014,1,1,Friday,28.0774,28.01767539978028,-0.01,0.78,-0.71,-0.01,0.71,0,0.0,27.7375,27.4573,27.1771,26.897,26.6168,26.3366,26.0564,25.7763,25.4961,25.2159,24.9357,24.6556,24.3754,24.0952,23.815,23.5348,23.2547,22.9745,22.6943,22.4141,22.134,21.8538,21.5736,21.2934,21.0133,False,False,False,False,False,False,False,False,False,False,False,False,False,False,False,False,False,False,False,False,False,False,False,False,False
GOOGL,2014-01-13,27.924223703513125,28.430913097961074,27.693684648549297,27.83771133422852,96659244,2014,1,2,Monday,27.9716,28.016189575195312,-0.64,-0.33,-1.15,-0.64,1.15,1,27.736,27.736,27.4559,27.1757,26.8955,26.6154,26.3352,26.0551,25.7749,25.4947,25.2146,24.9344,24.6542,24.3741,24.0939,23.8138,23.5336,23.2534,22.9733,22.6931,22.413,22.1328,21.8526,21.5725,21.2923,21.0121,True,False,False,False,False,False,False,False,False,False,False,False,False,False,False,False,False,False,False,False,False,False,False,False,False
GOOGL,2014-01-14,28.208799460536344,28.532299269945828,27.96437922969978,28.49263572692871,99204696,2014,1,2,Tuesday,28.2995,27.83771133422852,2.35,1.33,0.46,2.35,-0.46,0,0.0,27.5593,27.281,27.0026,26.7242,26.4458,26.1674,25.8891,25.6107,25.3323,25.0539,24.7756,24.4972,24.2188,23.9404,23.6621,23.3837,23.1053,22.8269,22.5485,22.2702,21.9918,21.7134,21.435,21.1567,20.8783,False,False,False,False,False,False,False,False,False,False,False,False,False,False,False,False,False,False,False,False,False,False,False,False,False
GOOGL,2014-01-15,28.5816279376245,28.63145439995983,28.35356776816026,28.47329902648925,77929992,2014,1,2,Wednesday,28.51,28.49263572692871,-0.07,0.31,-0.49,-0.07,0.49,0,0.0,28.2077,27.9228,27.6379,27.3529,27.068,26.7831,26.4982,26.2132,25.9283,25.6434,25.3584,25.0735,24.7886,24.5037,24.2187,23.9338,23.6489,23.364,23.079,22.7941,22.5092,22.2243,21.9393,21.6544,21.3695,False,False,False,False,False,False,False,False,False,False,False,False,False,False,False,False,False,False,False,False,False,False,False,False,False
GOOGL,2014-01-16,28.485200018674234,28.704087310772927,28.45793263097641,28.661699295043945,67288644,2014,1,2,Thursday,28.5772,28.47329902648925,0.66,0.04,-0.05,0.66,0.05,0,0.0,28.1886,27.9038,27.6191,27.3344,27.0496,26.7649,26.4802,26.1954,25.9107,25.626,25.3412,25.0565,24.7718,24.487,24.2023,23.9176,23.6328,23.3481,23.0634,22.7786,22.4939,22.2092,21.9244,21.6397,21.355,False,False,False,False,False,False,False,False,False,False,False,False,False,False,False,False,False,False,False,False,False,False,False,False,False
GOOGL,2014-01-17,28.677313601230363,28.77101690152384,28.363732989212856,28.520647048950195,107943948,2014,1,2,Friday,28.5832,28.661699295043945,-0.49,0.05,-1.04,-0.49,1.04,1,28.3751,28.3751,28.0885,27.8018,27.5152,27.2286,26.942,26.6554,26.3688,26.0821,25.7955,25.5089,25.2223,24.9357,24.6491,24.3624,24.0758,23.7892,23.5026,23.216,22.9294,22.6427,22.3561,22.0695,21.7829,21.4963,True,False,False,False,False,False,False,False,False,False,False,False,False,False,False,False,False,False,False,False,False,False,False,False,False
GOOGL,2014-01-21,28.77845683196813,28.85456066053698,28.53973869562212,28.847124099731445,79116804,2014,1,3,Tuesday,28.755,28.520647048950195,1.14,0.9,0.07,1.14,-0.07,0,0.0,28.2354,27.9502,27.665,27.3798,27.0946,26.8094,26.5242,26.239,25.9538,25.6686,25.3834,25.0982,24.813,24.5278,24.2425,23.9573,23.6721,23.3869,23.1017,22.8165,22.5313,22.2461,21.9609,21.6757,21.3905,False,False,False,False,False,False,False,False,False,False,False,False,False,False,False,False,False,False,False,False,False,False,False,False,False
GOOGL,2014-01-22,28.91925881371177,28.95098889398641,28.72714389037689,28.879844665527344,62793144,2014,1,3,Wednesday,28.8693,28.847124099731445,0.11,0.25,-0.42,0.11,0.42,0,0.0,28.5587,28.2702,27.9817,27.6932,27.4048,27.1163,26.8278,26.5394,26.2509,25.9624,25.6739,25.3855,25.097,24.8085,24.5201,24.2316,23.9431,23.6546,23.3662,23.0777,22.7892,22.5008,22.2123,21.9238,21.6353,False,False,False,False,False,False,False,False,False,False,False,False,False,False,False,False,False,False,False,False,False,False,False,False,False
GOOGL,2014-01-23,28.755402311148583,28.81712613873736,28.615838330116794,28.75788116455078,77886036,2014,1,3,Thursday,28.7366,28.879844665527344,-0.42,-0.43,-0.91,-0.42,0.91,0,0.0,28.591,28.3022,28.0134,27.7247,27.4359,27.1471,26.8583,26.5695,26.2807,25.9919,25.7031,25.4143,25.1255,24.8367,24.5479,24.2591,23.9703,23.6815,23.3927,23.1039,22.8151,22.5263,22.2375,21.9487,21.6599,False,False,False,False,False,False,False,False,False,False,False,False,False,False,False,False,False,False,False,False,False,False,False,False,False
GOOGL,2014-01-24,28.53254619824039,28.595511339371114,27.83820276171813,27.85877799987793,155544300,2014,1,3,Friday,28.2063,28.75788116455078,-3.13,-0.78,-3.2,-3.13,3.2,3,84.5482,28.4703,28.1827,27.8951,27.6076,27.32,27.0324,26.7448,26.4573,26.1697,25.8821,25.5945,25.3069,25.0194,24.7318,24.4442,24.1566,23.869,23.5815,23.2939,23.0063,22.7187,22.4311,22.1436,21.856,21.5684,True,True,True,False,False,False,False,False,False,False,False,False,False,False,False,False,False,False,False,False,False,False,False,False,False
GOOGL,2014-01-27,27.91505103771744,27.92496645161501,26.82854235296267,27.29854393005371,173969856,2014,1,4,Monday,27.4918,27.85877799987793,-2.01,0.2,-3.7,-2.01,3.7,3,81.9048,27.5802,27.3016,27.023,26.7444,26.4658,26.1873,25.9087,25.6301,25.3515,25.0729,24.7943,24.5157,24.2371,23.9585,23.68,23.4014,23.1228,22.8442,22.5656,22.287,22.0084,21.7298,21.4513,21.1727,20.8941,True,True,True,False,False,False,False,False,False,False,False,False,False,False,False,False,False,False,False,False,False,False,False,False,False
GOOGL,2014-01-28,27.52387695342605,27.906374235957745,27.51445655475033,27.838451385498047,88319592,2014,1,4,Tuesday,27.6958,27.29854393005371,1.98,0.83,0.79,1.98,-0.79,0,0.0,27.0256,26.7526,26.4796,26.2066,25.9336,25.6606,25.3876,25.1147,24.8417,24.5687,24.2957,24.0227,23.7497,23.4767,23.2038,22.9308,22.6578,22.3848,22.1118,21.8388,21.5658,21.2929,21.0199,20.7469,20.4739,False,False,False,False,False,False,False,False,False,False,False,False,False,False,False,False,False,False,False,False,False,False,False,False,False
GOOGL,2014-01-29,27.74202194375615,27.80721654450132,27.253676483412924,27.439594268798828,95100804,2014,1,4,Wednesday,27.5606,27.838451385498047,-1.43,-0.35,-2.1,-1.43,2.1,2,54.8417,27.5601,27.2817,27.0033,26.7249,26.4465,26.1681,25.8898,25.6114,25.333,25.0546,24.7762,24.4978,24.2195,23.9411,23.6627,23.3843,23.1059,22.8275,22.5491,22.2708,21.9924,21.714,21.4356,21.1572,20.8788,True,True,False,False,False,False,False,False,False,False,False,False,False,False,False,False,False,False,False,False,False,False,False,False,False
GOOGL,2014-01-30,28.38356495825288,28.569235235373764,27.94355714152593,28.145339965820312,203452344,2014,1,4,Thursday,28.2604,27.439594268798828,2.57,3.44,1.84,2.57,-1.84,0,0.0,27.1652,26.8908,26.6164,26.342,26.0676,25.7932,25.5188,25.2444,24.97,24.6956,24.4212,24.1468,23.8724,23.5981,23.3237,23.0493,22.7749,22.5005,22.2261,21.9517,21.6773,21.4029,21.1285,20.8541,20.5797,False,False,False,False,False,False,False,False,False,False,False,False,False,False,False,False,False,False,False,False,False,False,False,False,False
GOOGL,2014-01-31,29.03675979994669,29.413307481875936,28.53552313835422,29.27523231506348,222429348,2014,1,4,Friday,29.0652,28.145339965820312,4.01,3.17,1.39,4.01,-1.39,0,0.0,27.8639,27.5824,27.301,27.0195,26.7381,26.4566,26.1752,25.8937,25.6123,25.3308,25.0494,24.7679,24.4864,24.205,23.9235,23.6421,23.3606,23.0792,22.7977,22.5163,22.2348,21.9534,21.6719,21.3905,21.109,False,False,False,False,False,False,False,False,False,False,False,False,False,False,False,False,False,False,False,False,False,False,False,False,False
GOOGL,2014-02-03,29.231354819631644,29.29382306180789,28.06155512792368,28.096755981445312,182581236,2014,2,5,Monday,28.6709,29.27523231506348,-4.03,-0.15,-4.15,-4.03,4.15,4,114.1734,28.9825,28.6897,28.397,28.1042,27.8115,27.5187,27.226,26.9332,26.6405,26.3477,26.055,25.7622,25.4695,25.1767,24.8839,24.5912,24.2984,24.0057,23.7129,23.4202,23.1274,22.8347,22.5419,22.2492,21.9564,True,True,True,True,False,False,False,False,False,False,False,False,False,False,False,False,False,False,False,False,False,False,False,False,False
GOOGL,2014-02-04,28.20979314671284,28.631457086806567,28.18550151595436,28.214008331298828,112363524,2014,2,5,Tuesday,28.3102,28.096755981445312,0.42,0.4,0.32,0.42,-0.32,0,0.0,27.8158,27.5348,27.2539,26.9729,26.6919,26.411,26.13,25.849,25.568,25.2871,25.0061,24.7251,24.4442,24.1632,23.8822,23.6013,23.3203,23.0393,22.7584,22.4774,22.1964,21.9155,21.6345,21.3535,21.0726,False,False,False,False,False,False,False,False,False,False,False,False,False,False,False,False,False,False,False,False,False,False,False,False,False
GOOGL,2014-02-05,28.34340426564907,28.526595675567822,27.96264334136039,28.33894157409668,95684220,2014,2,5,Wednesday,28.2929,28.214008331298828,0.44,0.46,-0.89,0.44,0.89,0,0.0,27.9319,27.6497,27.3676,27.0854,26.8033,26.5212,26.239,25.9569,25.6747,25.3926,25.1105,24.8283,24.5462,24.264,23.9819,23.6998,23.4176,23.1355,22.8533,22.5712,22.2891,22.0069,21.7248,21.4426,21.1605,False,False,False,False,False,False,False,False,False,False,False,False,False,False,False,False,False,False,False,False,False,False,False,False,False
GOOGL,2014-02-06,28.535522508177788,28.75936940441718,28.446776907231943,28.75441169738769,77786136,2014,2,5,Thursday,28.624,28.33894157409668,1.47,0.69,0.38,1.47,-0.38,0,0.0,28.0556,27.7722,27.4888,27.2054,26.922,26.6386,26.3552,26.0718,25.7884,25.505,25.2217,24.9383,24.6549,24.3715,24.0881,23.8047,23.5213,23.2379,22.9545,22.6712,22.3878,22.1044,21.821,21.5376,21.2542,False,False,False,False,False,False,False,False,False,False,False,False,False,False,False,False,False,False,False,False,False,False,False,False,False
GOOGL,2014-02-07,28.94454803358048,29.19913123145308,28.769288157385745,29.187728881835938,105342552,2014,2,5,Friday,29.0252,28.75441169738769,1.51,0.66,0.05,1.51,-0.05,0,0.0,28.4669,28.1793,27.8918,27.6042,27.3167,27.0291,26.7416,26.4541,26.1665,25.879,25.5914,25.3039,25.0163,24.7288,24.4412,24.1537,23.8662,23.5786,23.2911,23.0035,22.716,22.4284,22.1409,21.8534,21.5658,False,False,False,False,False,False,False,False,False,False,False,False,False,False,False,False,False,False,False,False,False,False,False,False,False
GOOGL,2014-02-10,29.047910233475022,29.31067622945046,28.978997358951688,29.07592391967773,77730192,2014,2,6,Monday,29.1034,29.187728881835938,-0.38,-0.48,-0.72,-0.38,0.72,0,0.0,28.8959,28.604,28.3121,28.0202,27.7283,27.4365,27.1446,26.8527,26.5608,26.269,25.9771,25.6852,25.3933,25.1014,24.8096,24.5177,24.2258,23.9339,23.6421,23.3502,23.0583,22.7664,22.4746,22.1827,21.8908,False,False,False,False,False,False,False,False,False,False,False,False,False,False,False,False,False,False,False,False,False,False,False,False,False
GOOGL,2014-02-11,29.25540150635248,29.54543304228923,29.058079471851368,29.5035400390625,81949968,2014,2,6,Tuesday,29.3406,29.07592391967773,1.47,0.62,-0.06,1.47,0.06,0,0.0,28.7852,28.4944,28.2036,27.9129,27.6221,27.3314,27.0406,26.7499,26.4591,26.1683,25.8776,25.5868,25.2961,25.0053,24.7145,24.4238,24.133,23.8423,23.5515,23.2607,22.97,22.6792,22.3885,22.0977,21.8069,False,False,False,False,False,False,False,False,False,False,False,False,False,False,False,False,False,False,False,False,False,False,False,False,False
GOOGL,2014-02-12,29.47428763913973,29.49907617386569,29.28539409216589,29.41702461242676,68911020,2014,2,6,Wednesday,29.4189,29.5035400390625,-0.29,-0.1,-0.74,-0.29,0.74,0,0.0,29.2085,28.9135,28.6184,28.3234,28.0284,27.7333,27.4383,27.1433,26.8482,26.5532,26.2582,25.9631,25.6681,25.373,25.078,24.783,24.4879,24.1929,23.8979,23.6028,23.3078,23.0128,22.7177,22.4227,22.1277,False,False,False,False,False,False,False,False,False,False,False,False,False,False,False,False,False,False,False,False,False,False,False,False,False
GOOGL,2014-02-13,29.26977038234689,29.744483947753903,29.24275050732396,29.744483947753903,73382544,2014,2,6,Thursday,29.5004,29.41702461242676,1.11,-0.5,-0.59,1.11,0.59,0,0.0,29.1229,28.8287,28.5345,28.2403,27.9462,27.652,27.3578,27.0637,26.7695,26.4753,26.1812,25.887,25.5928,25.2986,25.0045,24.7103,24.4161,24.122,23.8278,23.5336,23.2394,22.9453,22.6511,22.3569,22.0628,False,False,False,False,False,False,False,False,False,False,False,False,False,False,False,False,False,False,False,False,False,False,False,False,False
GOOGL,2014-02-14,29.63814391450804,29.855793678106497,29.568486618881,29.816377639770508,87380532,2014,2,6,Friday,29.7197,29.744483947753903,0.24,-0.36,-0.59,0.24,0.59,0,0.0,29.447,29.1496,28.8521,28.5547,28.2573,27.9598,27.6624,27.3649,27.0675,26.77,26.4726,26.1751,25.8777,25.5803,25.2828,24.9854,24.6879,24.3905,24.093,23.7956,23.4981,23.2007,22.9033,22.6058,22.3084,False,False,False,False,False,False,False,False,False,False,False,False,False,False,False,False,False,False,False,False,False,False,False,False,False
GOOGL,2014-02-18,29.781919803942625,30.06600358453766,29.746966459340648,30.01667213439941,84271644,2014,2,7,Tuesday,29.9029,29.816377639770508,0.67,-0.12,-0.23,0.67,0.23,0,0.0,29.5182,29.2201,28.9219,28.6237,28.3256,28.0274,27.7292,27.4311,27.1329,26.8347,26.5366,26.2384,25.9402,25.6421,25.3439,25.0458,24.7476,24.4494,24.1513,23.8531,23.5549,23.2568,22.9586,22.6604,22.3623,False,False,False,False,False,False,False,False,False,False,False,False,False,False,False,False,False,False,False,False,False,False,False,False,False
GOOGL,2014-02-19,29.878351086099528,29.975525168092613,29.684994841405747,29.804975509643555,84059856,2014,2,7,Wednesday,29.836,30.01667213439941,-0.71,-0.46,-1.1,-0.71,1.1,1,29.7165,29.7165,29.4163,29.1162,28.816,28.5158,28.2157,27.9155,27.6153,27.3152,27.015,26.7148,26.4147,26.1145,25.8143,25.5142,25.214,24.9138,24.6137,24.3135,24.0133,23.7132,23.413,23.1128,22.8127,22.5125,True,False,False,False,False,False,False,False,False,False,False,False,False,False,False,False,False,False,False,False,False,False,False,False,False
GOOGL,2014-02-20,29.824804238918823,29.91776312971924,29.752420586849663,29.84885025024414,67963968,2014,2,7,Thursday,29.836,29.804975509643555,0.15,0.07,-0.18,0.15,0.18,0,0.0,29.5069,29.2089,28.9108,28.6128,28.3147,28.0167,27.7186,27.4206,27.1225,26.8245,26.5264,26.2284,25.9303,25.6323,25.3342,25.0362,24.7381,24.4401,24.142,23.844,23.5459,23.2479,22.9498,22.6518,22.3537,False,False,False,False,False,False,False,False,False,False,False,False,False,False,False,False,False,False,False,False,False,False,False,False,False
GOOGL,2014-02-21,29.940570518482065,29.991636410801988,29.81736847961876,29.84091758728028,74417508,2014,2,7,Friday,29.8976,29.84885025024414,-0.03,0.31,-0.11,-0.03,0.11,0,0.0,29.5504,29.2519,28.9534,28.6549,28.3564,28.0579,27.7594,27.4609,27.1625,26.864,26.5655,26.267,25.9685,25.67,25.3715,25.073,24.7745,24.4761,24.1776,23.8791,23.5806,23.2821,22.9836,22.6851,22.3866,False,False,False,False,False,False,False,False,False,False,False,False,False,False,False,False,False,False,False,False,False,False,False,False,False
GOOGL,2014-02-24,29.87983184050129,30.246711536271874,29.87338720048876,30.05707550048828,66905028,2014,2,8,Monday,30.0143,29.84091758728028,0.72,0.13,0.11,0.72,-0.11,0,0.0,29.5425,29.2441,28.9457,28.6473,28.3489,28.0505,27.7521,27.4536,27.1552,26.8568,26.5584,26.26,25.9616,25.6632,25.3648,25.0664,24.768,24.4696,24.1711,23.8727,23.5743,23.2759,22.9775,22.6791,22.3807,False,False,False,False,False,False,False,False,False,False,False,False,False,False,False,False,False,False,False,False,False,False,False,False,False
GOOGL,2014-02-25,30.142105319126472,30.35430046001079,30.005269588707044,30.24275016784668,57490452,2014,2,8,Tuesday,30.1861,30.05707550048828,0.62,0.28,-0.17,0.62,0.17,0,0.0,29.7565,29.4559,29.1554,28.8548,28.5542,28.2537,27.9531,27.6525,27.3519,27.0514,26.7508,26.4502,26.1497,25.8491,25.5485,25.2479,24.9474,24.6468,24.3462,24.0457,23.7451,23.4445,23.1439,22.8434,22.5428,False,False,False,False,False,False,False,False,False,False,False,False,False,False,False,False,False,False,False,False,False,False,False,False,False
GOOGL,2014-02-26,30.34190814459456,30.462878843189987,30.08806749459233,30.246965408325195,79208712,2014,2,8,Wednesday,30.285,30.24275016784668,0.01,0.33,-0.51,0.01,0.51,0,0.0,29.9403,29.6379,29.3355,29.033,28.7306,28.4282,28.1258,27.8233,27.5209,27.2185,26.916,26.6136,26.3112,26.0088,25.7063,25.4039,25.1015,24.7991,24.4966,24.1942,23.8918,23.5893,23.2869,22.9845,22.6821,False,False,False,False,False,False,False,False,False,False,False,False,False,False,False,False,False,False,False,False,False,False,False,False,False
GOOGL,2014-02-27,30.20283778151911,30.347606970026124,30.168628850426515,30.22316551208496,50349600,2014,2,8,Thursday,30.2356,30.246965408325195,-0.08,-0.15,-0.26,-0.08,0.26,0,0.0,29.9445,29.642,29.3396,29.0371,28.7346,28.4321,28.1297,27.8272,27.5247,27.2223,26.9198,26.6173,26.3149,26.0124,25.7099,25.4075,25.105,24.8025,24.5,24.1976,23.8951,23.5926,23.2902,22.9877,22.6852,False,False,False,False,False,False,False,False,False,False,False,False,False,False,False,False,False,False,False,False,False,False,False,False,False
GOOGL,2014-02-28,30.251180619307565,30.34661837062289,29.90115780595404,30.13492012023925,92451456,2014,2,8,Friday,30.1585,30.22316551208496,-0.29,0.09,-1.07,-0.29,1.07,1,29.9209,29.9209,29.6187,29.3165,29.0142,28.712,28.4098,28.1075,27.8053,27.5031,27.2008,26.8986,26.5964,26.2942,25.9919,25.6897,25.3875,25.0852,24.783,24.4808,24.1785,23.8763,23.5741,23.2718,22.9696,22.6674,True,False,False,False,False,False,False,False,False,False,False,False,False,False,False,False,False,False,False,False,False,False,False,False,False
GOOGL,2014-03-03,29.91429880902116,29.941318692765343,29.552127317863988,29.81365394592285,84107808,2014,3,9,Monday,29.8053,30.13492012023925,-1.07,-0.73,-1.93,-1.07,1.93,1,29.8336,29.8336,29.5322,29.2309,28.9295,28.6282,28.3268,28.0255,27.7241,27.4228,27.1214,26.8201,26.5187,26.2174,25.916,25.6147,25.3133,25.012,24.7106,24.4093,24.1079,23.8066,23.5052,23.2039,22.9025,22.6012,True,False,False,False,False,False,False,False,False,False,False,False,False,False,False,False,False,False,False,False,False,False,False,False,False
GOOGL,2014-03-04,30.11880277225131,30.14359130542609,29.982463950420115,30.1165714263916,58649292,2014,3,9,Tuesday,30.0904,29.81365394592285,1.02,1.02,0.57,1.02,-0.57,0,0.0,29.5155,29.2174,28.9192,28.6211,28.323,28.0248,27.7267,27.4286,27.1304,26.8323,26.5342,26.236,25.9379,25.6397,25.3416,25.0435,24.7453,24.4472,24.1491,23.8509,23.5528,23.2547,22.9565,22.6584,22.3602,False,False,False,False,False,False,False,False,False,False,False,False,False,False,False,False,False,False,False,False,False,False,False,False,False
GOOGL,2014-03-05,30.12004087168635,30.319099208166115,30.02980834766232,30.199613571166992,49362588,2014,3,9,Wednesday,30.1671,30.1165714263916,0.28,0.01,-0.29,0.28,0.29,0,0.0,29.8154,29.5142,29.2131,28.9119,28.6107,28.3096,28.0084,27.7072,27.4061,27.1049,26.8037,26.5026,26.2014,25.9003,25.5991,25.2979,24.9968,24.6956,24.3944,24.0933,23.7921,23.4909,23.1898,22.8886,22.5874,False,False,False,False,False,False,False,False,False,False,False,False,False,False,False,False,False,False,False,False,False,False,False,False,False
GOOGL,2014-03-06,30.29927024745877,30.395204901496804,30.20804579297401,30.233083724975582,50673276,2014,3,9,Thursday,30.2839,30.199613571166992,0.11,0.33,0.03,0.11,-0.03,0,0.0,29.8976,29.5956,29.2936,28.9916,28.6896,28.3876,28.0856,27.7836,27.4816,27.1797,26.8777,26.5757,26.2737,25.9717,25.6697,25.3677,25.0657,24.7637,24.4617,24.1597,23.8577,23.5557,23.2537,22.9517,22.6497,False,False,False,False,False,False,False,False,False,False,False,False,False,False,False,False,False,False,False,False,False,False,False,False,False
GOOGL,2014-03-07,30.41131533598956,30.416025535215503,30.03055439350802,30.113597869873047,60543396,2014,3,9,Friday,30.2429,30.233083724975582,-0.4,0.59,-0.67,-0.4,0.67,0,0.0,29.9308,29.6284,29.3261,29.0238,28.7214,28.4191,28.1168,27.8144,27.5121,27.2098,26.9074,26.6051,26.3028,26.0005,25.6981,25.3958,25.0935,24.7911,24.4888,24.1865,23.8841,23.5818,23.2795,22.9771,22.6748,False,False,False,False,False,False,False,False,False,False,False,False,False,False,False,False,False,False,False,False,False,False,False,False,False
GOOGL,2014-03-10,30.135905213029247,30.184244738841794,29.84835069004444,30.033775329589844,48535416,2014,3,10,Monday,30.0506,30.113597869873047,-0.27,0.07,-0.88,-0.27,0.88,0,0.0,29.8125,29.5113,29.2102,28.9091,28.6079,28.3068,28.0056,27.7045,27.4034,27.1022,26.8011,26.5,26.1988,25.8977,25.5966,25.2954,24.9943,24.6932,24.392,24.0909,23.7897,23.4886,23.1875,22.8863,22.5852,False,False,False,False,False,False,False,False,False,False,False,False,False,False,False,False,False,False,False,False,False,False,False,False,False
GOOGL,2014-03-11,30.0883117491609,30.10194544223868,29.66367397852295,29.74671745300293,68451480,2014,3,10,Tuesday,29.9002,30.033775329589844,-0.96,0.18,-1.23,-0.96,1.23,1,29.7334,29.7334,29.4331,29.1328,28.8324,28.5321,28.2317,27.9314,27.6311,27.3307,27.0304,26.7301,26.4297,26.1294,25.829,25.5287,25.2284,24.928,24.6277,24.3274,24.027,23.7267,23.4263,23.126,22.8257,22.5253,True,False,False,False,False,False,False,False,False,False,False,False,False,False,False,False,False,False,False,False,False,False,False,False,False
GOOGL,2014-03-12,29.657722560444327,29.94155880211713,29.355047412803803,29.92792510986328,78493428,2014,3,10,Wednesday,29.7206,29.74671745300293,0.61,-0.3,-1.32,0.61,1.32,1,29.4493,29.4493,29.1518,28.8543,28.5568,28.2594,27.9619,27.6644,27.367,27.0695,26.772,26.4746,26.1771,25.8796,25.5822,25.2847,24.9872,24.6898,24.3923,24.0948,23.7974,23.4999,23.2024,22.905,22.6075,22.31,True,False,False,False,False,False,False,False,False,False,False,False,False,False,False,False,False,False,False,False,False,False,False,False,False
GOOGL,2014-03-13,29.944038027827496,30.007250672978888,29.36917837472764,29.475770950317383,93730176,2014,3,10,Thursday,29.6991,29.92792510986328,-1.51,0.05,-1.87,-1.51,1.87,1,29.6286,29.6286,29.3294,29.0301,28.7308,28.4315,28.1322,27.833,27.5337,27.2344,26.9351,26.6359,26.3366,26.0373,25.738,25.4387,25.1395,24.8402,24.5409,24.2416,23.9423,23.6431,23.3438,23.0445,22.7452,22.4459,True,False,False,False,False,False,False,False,False,False,False,False,False,False,False,False,False,False,False,False,False,False,False,False,False
GOOGL,2014-03-14,29.30051316853751,29.520641769102696,29.06600835221474,29.07270050048828,91664244,2014,3,10,Friday,29.24,29.475770950317383,-1.37,-0.59,-1.39,-1.37,1.39,1,29.181,29.181,28.8863,28.5915,28.2967,28.002,27.7072,27.4125,27.1177,26.823,26.5282,26.2334,25.9387,25.6439,25.3492,25.0544,24.7596,24.4649,24.1701,23.8754,23.5806,23.2859,22.9911,22.6963,22.4016,22.1068,True,False,False,False,False,False,False,False,False,False,False,False,False,False,False,False,False,False,False,False,False,False,False,False,False
GOOGL,2014-03-17,29.23259387945897,29.674336150591312,29.2043326825094,29.55113410949707,86397516,2014,3,11,Monday,29.4156,29.07270050048828,1.65,0.55,0.45,1.65,-0.45,0,0.0,28.782,28.4912,28.2005,27.9098,27.6191,27.3283,27.0376,26.7469,26.4562,26.1654,25.8747,25.584,25.2932,25.0025,24.7118,24.4211,24.1303,23.8396,23.5489,23.2582,22.9674,22.6767,22.386,22.0953,21.8045,False,False,False,False,False,False,False,False,False,False,False,False,False,False,False,False,False,False,False,False,False,False,False,False,False
GOOGL,2014-03-18,29.61483904238752,30.03278465935594,29.574927993502342,30.02609062194824,72527400,2014,3,11,Tuesday,29.8122,29.55113410949707,1.61,0.22,0.08,1.61,-0.08,0,0.0,29.2556,28.9601,28.6646,28.3691,28.0736,27.7781,27.4826,27.187,26.8915,26.596,26.3005,26.005,25.7095,25.414,25.1185,24.823,24.5274,24.2319,23.9364,23.6409,23.3454,23.0499,22.7544,22.4589,22.1634,False,False,False,False,False,False,False,False,False,False,False,False,False,False,False,False,False,False,False,False,False,False,False,False,False
GOOGL,2014-03-19,30.03947620850573,30.044186407468384,29.608393811507423,29.72837257385254,64451484,2014,3,11,Wednesday,29.8551,30.02609062194824,-0.99,0.04,-1.39,-0.99,1.39,1,29.7258,29.7258,29.4256,29.1253,28.825,28.5248,28.2245,27.9243,27.624,27.3237,27.0235,26.7232,26.423,26.1227,25.8224,25.5222,25.2219,24.9217,24.6214,24.3211,24.0209,23.7206,23.4204,23.1201,22.8198,22.5196,True,False,False,False,False,False,False,False,False,False,False,False,False,False,False,False,False,False,False,False,False,False,False,False,False
GOOGL,2014-03-20,29.74572555491476,29.98518996220168,29.631943921722915,29.67656517028809,67320612,2014,3,11,Thursday,29.7599,29.72837257385254,-0.17,0.06,-0.32,-0.17,0.32,0,0.0,29.4311,29.1338,28.8365,28.5392,28.242,27.9447,27.6474,27.3501,27.0528,26.7555,26.4583,26.161,25.8637,25.5664,25.2691,24.9718,24.6745,24.3773,24.08,23.7827,23.4854,23.1881,22.8908,22.5936,22.2963,False,False,False,False,False,False,False,False,False,False,False,False,False,False,False,False,False,False,False,False,False,False,False,False,False
GOOGL,2014-03-21,29.903387355254228,29.985686422024298,29.31191819500176,29.3265438079834,128211660,2014,3,11,Friday,29.6319,29.67656517028809,-1.18,0.76,-1.23,-1.18,1.23,1,29.3798,29.3798,29.083,28.7863,28.4895,28.1927,27.896,27.5992,27.3024,27.0057,26.7089,26.4121,26.1154,25.8186,25.5218,25.2251,24.9283,24.6315,24.3348,24.038,23.7413,23.4445,23.1477,22.851,22.5542,22.2574,True,False,False,False,False,False,False,False,False,False,False,False,False,False,False,False,False,False,False,False,False,False,False,False,False
GOOGL,2014-03-24,29.355047866673846,29.37264734634515,28.40711136209332,28.704084396362305,121362516,2014,3,12,Monday,28.9597,29.3265438079834,-2.12,0.1,-3.14,-2.12,3.14,3,86.22,29.0333,28.74,28.4467,28.1535,27.8602,27.567,27.2737,26.9804,26.6872,26.3939,26.1006,25.8074,25.5141,25.2208,24.9276,24.6343,24.341,24.0478,23.7545,23.4612,23.168,22.8747,22.5814,22.2882,21.9949,True,True,True,False,False,False,False,False,False,False,False,False,False,False,False,False,False,False,False,False,False,False,False,False,False
GOOGL,2014-03-25,28.904136043608744,28.99932628360148,28.433144439929105,28.72367286682129,96311592,2014,3,12,Tuesday,28.7651,28.704084396362305,0.07,0.7,-0.94,0.07,0.94,0,0.0,28.417,28.13,27.843,27.5559,27.2689,26.9818,26.6948,26.4078,26.1207,25.8337,25.5466,25.2596,24.9726,24.6855,24.3985,24.1114,23.8244,23.5373,23.2503,22.9633,22.6762,22.3892,22.1021,21.8151,21.5281,False,False,False,False,False,False,False,False,False,False,False,False,False,False,False,False,False,False,False,False,False,False,False,False,False
GOOGL,2014-03-26,28.8052270830918,29.042212649564085,28.048912278467267,28.060562133789062,103096800,2014,3,12,Wednesday,28.4892,28.72367286682129,-2.31,0.28,-2.35,-2.31,2.35,2,56.5856,28.4364,28.1492,27.862,27.5747,27.2875,27.0003,26.713,26.4258,26.1385,25.8513,25.5641,25.2768,24.9896,24.7024,24.4151,24.1279,23.8406,23.5534,23.2662,22.9789,22.6917,22.4045,22.1172,21.83,21.5428,True,True,False,False,False,False,False,False,False,False,False,False,False,False,False,False,False,False,False,False,False,False,False,False,False
GOOGL,2014-03-27,28.032796383549687,28.05981626228629,27.32010905830285,27.622041702270508,152735112,2014,3,12,Thursday,27.7587,28.060562133789062,-1.56,-0.1,-2.64,-1.56,2.64,2,55.2793,27.78,27.4994,27.2187,26.9381,26.6575,26.3769,26.0963,25.8157,25.5351,25.2545,24.9739,24.6933,24.4127,24.1321,23.8515,23.5709,23.2903,23.0097,22.7291,22.4484,22.1678,21.8872,21.6066,21.326,21.0454,True,True,False,False,False,False,False,False,False,False,False,False,False,False,False,False,False,False,False,False,False,False,False,False,False
GOOGL,2014-03-28,27.73904843812809,28.090807591985023,27.708557782814665,27.76755714416504,90265644,2014,3,12,Friday,27.8265,27.622041702270508,0.53,0.42,0.31,0.53,-0.31,0,0.0,27.3458,27.0696,26.7934,26.5172,26.2409,25.9647,25.6885,25.4123,25.1361,24.8598,24.5836,24.3074,24.0312,23.755,23.4787,23.2025,22.9263,22.6501,22.3739,22.0976,21.8214,21.5452,21.269,20.9928,20.7165,False,False,False,False,False,False,False,False,False,False,False,False,False,False,False,False,False,False,False,False,False,False,False,False,False
GOOGL,2014-03-31,28.021642391782944,28.135671535950635,27.586592289976235,27.627742767333984,77614308,2014,3,13,Monday,27.8429,27.76755714416504,-0.5,0.92,-0.65,-0.5,0.65,0,0.0,27.4899,27.2122,26.9345,26.6569,26.3792,26.1015,25.8238,25.5462,25.2685,24.9908,24.7131,24.4355,24.1578,23.8801,23.6024,23.3247,23.0471,22.7694,22.4917,22.214,21.9364,21.6587,21.381,21.1033,20.8257,False,False,False,False,False,False,False,False,False,False,False,False,False,False,False,False,False,False,False,False,False,False,False,False,False
GOOGL,2014-04-01,27.770527085472622,28.1976437069463,27.714255982561703,28.132946014404297,87152760,2014,4,13,Tuesday,27.9538,27.627742767333984,1.83,0.52,0.31,1.83,-0.31,0,0.0,27.3515,27.0752,26.7989,26.5226,26.2464,25.9701,25.6938,25.4175,25.1412,24.865,24.5887,24.3124,24.0361,23.7599,23.4836,23.2073,22.931,22.6547,22.3785,22.1022,21.8259,21.5496,21.2734,20.9971,20.7208,False,False,False,False,False,False,False,False,False,False,False,False,False,False,False,False,False,False,False,False,False,False,False,False,False
GOOGL,2014-04-02,28.306716969745786,28.37860560387008,27.862990898663018,28.13815116882324,83360556,2014,4,13,Wednesday,28.1716,28.132946014404297,0.02,0.62,-0.96,0.02,0.96,0,0.0,27.8516,27.5703,27.289,27.0076,26.7263,26.445,26.1636,25.8823,25.601,25.3197,25.0383,24.757,24.4757,24.1943,23.913,23.6317,23.3503,23.069,22.7877,22.5064,22.225,21.9437,21.6624,21.381,21.0997,False,False,False,False,False,False,False,False,False,False,False,False,False,False,False,False,False,False,False,False,False,False,False,False,False
GOOGL,2014-04-03,28.39926336634112,29.13773688746838,28.03374205203864,28.30565452575684,80366000,2014,4,13,Thursday,28.4691,28.13815116882324,0.6,0.93,-0.37,0.6,0.37,0,0.0,27.8568,27.5754,27.294,27.0126,26.7312,26.4499,26.1685,25.8871,25.6057,25.3243,25.043,24.7616,24.4802,24.1988,23.9174,23.636,23.3547,23.0733,22.7919,22.5105,22.2291,21.9478,21.6664,21.385,21.1036,False,False,False,False,False,False,False,False,False,False,False,False,False,False,False,False,False,False,False,False,False,False,False,False,False
GOOGL,2014-04-04,28.654830387253988,28.7127792559236,26.96788366957012,27.00552558898925,107274000,2014,4,13,Friday,27.8353,28.30565452575684,-4.59,1.23,-4.73,-4.59,4.73,4,110.3921,28.0226,27.7395,27.4565,27.1734,26.8904,26.6073,26.3243,26.0412,25.7581,25.4751,25.192,24.909,24.6259,24.3429,24.0598,23.7767,23.4937,23.2106,22.9276,22.6445,22.3615,22.0784,21.7954,21.5123,21.2292,True,True,True,True,False,False,False,False,False,False,False,False,False,False,False,False,False,False,False,False,False,False,False,False,False
GOOGL,2014-04-07,26.98273862508473,27.233354086454465,26.276460062584466,26.77669906616211,79232000,2014,4,14,Monday,26.8173,27.00552558898925,-0.85,-0.08,-2.7,-0.85,2.7,2,53.2009,26.7355,26.4654,26.1954,25.9253,25.6552,25.3852,25.1151,24.8451,24.575,24.305,24.0349,23.7649,23.4948,23.2248,22.9547,22.6846,22.4146,22.1445,21.8745,21.6044,21.3344,21.0643,20.7943,20.5242,20.2541,True,True,False,False,False,False,False,False,False,False,False,False,False,False,False,False,False,False,False,False,False,False,False,False,False
GOOGL,2014-04-08,26.995616618957108,27.730126146823444,26.978281650716696,27.612743377685547,69650000,2014,4,14,Tuesday,27.3292,26.77669906616211,3.12,0.82,0.75,3.12,-0.75,0,0.0,26.5089,26.2412,25.9734,25.7056,25.4379,25.1701,24.9023,24.6346,24.3668,24.099,23.8313,23.5635,23.2957,23.028,22.7602,22.4924,22.2247,21.9569,21.6891,21.4214,21.1536,20.8858,20.6181,20.3503,20.0825,False,False,False,False,False,False,False,False,False,False,False,False,False,False,False,False,False,False,False,False,False,False,False,False,False
GOOGL,2014-04-09,28.025321029472043,28.122396863805225,27.50725008743892,28.084754943847656,60632000,2014,4,14,Wednesday,27.9349,27.612743377685547,1.71,1.49,-0.38,1.71,0.38,0,0.0,27.3366,27.0605,26.7844,26.5082,26.2321,25.956,25.6799,25.4037,25.1276,24.8515,24.5753,24.2992,24.0231,23.747,23.4708,23.1947,22.9186,22.6424,22.3663,22.0902,21.8141,21.5379,21.2618,20.9857,20.7096,False,False,False,False,False,False,False,False,False,False,False,False,False,False,False,False,False,False,False,False,False,False,False,False,False
GOOGL,2014-04-10,28.132302054240657,28.142703036203425,27.017906271278367,27.076845169067383,65890000,2014,4,14,Thursday,27.5924,28.084754943847656,-3.59,0.17,-3.8,-3.59,3.8,3,82.5692,27.8039,27.5231,27.2422,26.9614,26.6805,26.3997,26.1188,25.838,25.5571,25.2763,24.9954,24.7146,24.4337,24.1529,23.872,23.5912,23.3103,23.0295,22.7487,22.4678,22.187,21.9061,21.6253,21.3444,21.0636,True,True,True,False,False,False,False,False,False,False,False,False,False,False,False,False,False,False,False,False,False,False,False,False,False
GOOGL,2014-04-11,26.64346604871191,27.12141803992072,26.41860647963533,26.634552001953125,63494000,2014,4,14,Friday,26.7045,27.076845169067383,-1.63,-1.6,-2.43,-1.63,2.43,2,53.3414,26.8061,26.5353,26.2645,25.9938,25.723,25.4522,25.1815,24.9107,24.6399,24.3692,24.0984,23.8276,23.5569,23.2861,23.0153,22.7445,22.4738,22.203,21.9322,21.6615,21.3907,21.1199,20.8492,20.5784,20.3076,True,True,False,False,False,False,False,False,False,False,False,False,False,False,False,False,False,False,False,False,False,False,False,False,False
GOOGL,2014-04-14,26.92677597825978,27.390363169917663,26.771254365264795,27.003049850463867,50824000,2014,4,15,Monday,27.0229,26.634552001953125,1.38,1.1,0.51,1.38,-0.51,0,0.0,26.3682,26.1019,25.8355,25.5692,25.3028,25.0365,24.7701,24.5038,24.2374,23.9711,23.7048,23.4384,23.1721,22.9057,22.6394,22.373,22.1067,21.8403,21.574,21.3076,21.0413,20.775,20.5086,20.2423,19.9759,False,False,False,False,False,False,False,False,False,False,False,False,False,False,False,False,False,False,False,False,False,False,False,False,False
GOOGL,2014-04-15,27.29031310756571,27.38392383239196,26.281909117175186,27.1763973236084,79956000,2014,4,15,Tuesday,27.0331,27.003049850463867,0.64,1.06,-2.67,0.64,2.67,2,53.196,26.733,26.463,26.193,25.9229,25.6529,25.3829,25.1128,24.8428,24.5728,24.3027,24.0327,23.7627,23.4927,23.2226,22.9526,22.6826,22.4125,22.1425,21.8725,21.6024,21.3324,21.0624,20.7923,20.5223,20.2523,True,True,False,False,False,False,False,False,False,False,False,False,False,False,False,False,False,False,False,False,False,False,False,False,False
GOOGL,2014-04-16,27.62215425451437,27.934185571372023,27.39432270414776,27.92923164367676,91644000,2014,4,15,Wednesday,27.72,27.1763973236084,2.77,1.64,0.8,2.77,-0.8,0,0.0,26.9046,26.6329,26.3611,26.0893,25.8176,25.5458,25.274,25.0023,24.7305,24.4588,24.187,23.9152,23.6435,23.3717,23.0999,22.8282,22.5564,22.2846,22.0129,21.7411,21.4694,21.1976,20.9258,20.6541,20.3823,False,False,False,False,False,False,False,False,False,False,False,False,False,False,False,False,False,False,False,False,False,False,False,False,False
GOOGL,2014-04-17,27.55380958617777,27.587489499099323,26.71578321926824,26.910926818847656,112294000,2014,4,15,Thursday,27.192,27.92923164367676,-3.65,-1.34,-4.34,-3.65,4.34,4,108.924,27.6499,27.3706,27.0914,26.8121,26.5328,26.2535,25.9742,25.6949,25.4156,25.1363,24.857,24.5777,24.2984,24.0191,23.7398,23.4606,23.1813,22.902,22.6227,22.3434,22.0641,21.7848,21.5055,21.2262,20.9469,True,True,True,True,False,False,False,False,False,False,False,False,False,False,False,False,False,False,False,False,False,False,False,False,False
GOOGL,2014-04-21,26.943614852694107,26.943614852694107,26.448327828853184,26.714296340942383,48502000,2014,4,16,Monday,26.7625,26.910926818847656,-0.73,0.12,-1.72,-0.73,1.72,1,26.6418,26.6418,26.3727,26.1036,25.8345,25.5654,25.2963,25.0272,24.7581,24.4889,24.2198,23.9507,23.6816,23.4125,23.1434,22.8743,22.6052,22.3361,22.067,21.7979,21.5287,21.2596,20.9905,20.7214,20.4523,20.1832,True,False,False,False,False,False,False,False,False,False,False,False,False,False,False,False,False,False,False,False,False,False,False,False,False
GOOGL,2014-04-22,26.54738127447522,27.141726026160164,26.54738127447522,27.01790428161621,46622000,2014,4,16,Tuesday,26.8136,26.714296340942383,1.14,-0.62,-0.62,1.14,0.62,0,0.0,26.4472,26.18,25.9129,25.6457,25.3786,25.1114,24.8443,24.5772,24.31,24.0429,23.7757,23.5086,23.2414,22.9743,22.7072,22.44,22.1729,21.9057,21.6386,21.3714,21.1043,20.8372,20.57,20.3029,20.0357,False,False,False,False,False,False,False,False,False,False,False,False,False,False,False,False,False,False,False,False,False,False,False,False,False
GOOGL,2014-04-23,26.92726875480164,26.98323567218112,26.157592329620595,26.62217140197754,39114000,2014,4,16,Wednesday,26.6726,27.01790428161621,-1.46,-0.34,-3.18,-1.46,3.18,3,79.4326,26.7477,26.4775,26.2074,25.9372,25.667,25.3968,25.1267,24.8565,24.5863,24.3161,24.0459,23.7758,23.5056,23.2354,22.9652,22.695,22.4249,22.1547,21.8845,21.6143,21.3441,21.074,20.8038,20.5336,20.2634,True,True,True,False,False,False,False,False,False,False,False,False,False,False,False,False,False,False,False,False,False,False,False,False,False
GOOGL,2014-04-24,26.829203741373977,26.86932262749871,26.299741760752976,26.470121383666992,41348000,2014,4,16,Thursday,26.6171,26.62217140197754,-0.57,0.78,-1.21,-0.57,1.21,1,26.3559,26.3559,26.0897,25.8235,25.5573,25.2911,25.0248,24.7586,24.4924,24.2262,23.96,23.6937,23.4275,23.1613,22.8951,22.6288,22.3626,22.0964,21.8302,21.564,21.2977,21.0315,20.7653,20.4991,20.2329,19.9666,True,False,False,False,False,False,False,False,False,False,False,False,False,False,False,False,False,False,False,False,False,False,False,False,False
GOOGL,2014-04-25,26.36214557808041,26.44139141906227,25.87874462553216,25.908462524414062,47400000,2014,4,16,Friday,26.1477,26.470121383666992,-2.12,-0.41,-2.23,-2.12,2.23,2,52.1461,26.2054,25.9407,25.676,25.4113,25.1466,24.8819,24.6172,24.3525,24.0878,23.8231,23.5584,23.2937,23.029,22.7643,22.4996,22.2349,21.9702,21.7055,21.4408,21.1761,20.9114,20.6467,20.382,20.1173,19.8526,True,True,False,False,False,False,False,False,False,False,False,False,False,False,False,False,False,False,False,False,False,False,False,False,False
GOOGL,2014-04-28,26.04219089819345,26.04714293678154,25.3091644887408,25.90251922607422,75056000,2014,4,17,Monday,25.8253,25.908462524414062,-0.02,0.52,-2.31,-0.02,2.31,2,51.0397,25.6494,25.3903,25.1312,24.8721,24.613,24.354,24.0949,23.8358,23.5767,23.3176,23.0585,22.7994,22.5404,22.2813,22.0222,21.7631,21.504,21.2449,20.9859,20.7268,20.4677,20.2086,19.9495,19.6904,19.4313,True,True,False,False,False,False,False,False,False,False,False,False,False,False,False,False,False,False,False,False,False,False,False,False,False
GOOGL,2014-04-29,25.947593402577297,26.6345570593462,25.90351250719378,26.563730239868164,50704000,2014,4,17,Tuesday,26.2623,25.90251922607422,2.55,0.17,0.0,2.55,-0.0,0,0.0,25.6435,25.3845,25.1254,24.8664,24.6074,24.3484,24.0893,23.8303,23.5713,23.3123,23.0532,22.7942,22.5352,22.2762,22.0171,21.7581,21.4991,21.2401,20.981,20.722,20.463,20.204,19.9449,19.6859,19.4269,False,False,False,False,False,False,False,False,False,False,False,False,False,False,False,False,False,False,False,False,False,False,False,False,False
GOOGL,2014-04-30,26.503796942237035,26.56422087961944,26.205138580902247,26.49190902709961,40770000,2014,4,17,Wednesday,26.4413,26.563730239868164,-0.27,-0.23,-1.35,-0.27,1.35,1,26.2981,26.2981,26.0325,25.7668,25.5012,25.2355,24.9699,24.7043,24.4386,24.173,23.9074,23.6417,23.3761,23.1104,22.8448,22.5792,22.3135,22.0479,21.7823,21.5166,21.251,20.9853,20.7197,20.4541,20.1884,19.9228,True,False,False,False,False,False,False,False,False,False,False,False,False,False,False,False,False,False,False,False,False,False,False,False,False
GOOGL,2014-05-01,26.46070592001384,26.741039281373467,26.39186106160723,26.67268943786621,40086000,2014,5,17,Thursday,26.5666,26.49190902709961,0.68,-0.12,-0.38,0.68,0.38,0,0.0,26.227,25.9621,25.6972,25.4322,25.1673,24.9024,24.6375,24.3726,24.1076,23.8427,23.5778,23.3129,23.048,22.783,22.5181,22.2532,21.9883,21.7234,21.4584,21.1935,20.9286,20.6637,20.3988,20.1339,19.8689,False,False,False,False,False,False,False,False,False,False,False,False,False,False,False,False,False,False,False,False,False,False,False,False,False
GOOGL,2014-05-02,26.81682107047737,26.864368957211617,26.412170907652687,26.4418888092041,35616000,2014,5,17,Friday,26.6338,26.67268943786621,-0.87,0.54,-0.98,-0.87,0.98,0,0.0,26.406,26.1392,25.8725,25.6058,25.3391,25.0723,24.8056,24.5389,24.2721,24.0054,23.7387,23.472,23.2052,22.9385,22.6718,22.4051,22.1383,21.8716,21.6049,21.3382,21.0714,20.8047,20.538,20.2712,20.0045,False,False,False,False,False,False,False,False,False,False,False,False,False,False,False,False,False,False,False,False,False,False,False,False,False
GOOGL,2014-05-05,26.26209779012393,26.53351524028105,26.13035201866137,26.51420021057129,24568000,2014,5,18,Monday,26.36,26.4418888092041,0.27,-0.68,-1.18,0.27,1.18,1,26.1775,26.1775,25.9131,25.6486,25.3842,25.1198,24.8554,24.591,24.3265,24.0621,23.7977,23.5333,23.2689,23.0044,22.74,22.4756,22.2112,21.9468,21.6823,21.4179,21.1535,20.8891,20.6247,20.3603,20.0958,19.8314,True,False,False,False,False,False,False,False,False,False,False,False,False,False,False,False,False,False,False,False,False,False,False,False,False
GOOGL,2014-05-06,26.41910453675374,26.475568359997173,25.86686057169356,25.882213592529297,36700000,2014,5,18,Tuesday,26.1609,26.51420021057129,-2.38,-0.36,-2.44,-2.38,2.44,2,52.233,26.2491,25.9839,25.7188,25.4536,25.1885,24.9233,24.6582,24.3931,24.1279,23.8628,23.5976,23.3325,23.0674,22.8022,22.5371,22.2719,22.0068,21.7416,21.4765,21.2114,20.9462,20.6811,20.4159,20.1508,19.8857,True,True,False,False,False,False,False,False,False,False,False,False,False,False,False,False,False,False,False,False,False,False,False,False,False
GOOGL,2014-05-07,25.915891131055027,25.97433500873808,25.313622370915603,25.65586471557617,61486000,2014,5,18,Wednesday,25.7149,25.882213592529297,-0.87,0.13,-2.2,-0.87,2.2,2,50.988,25.6234,25.3646,25.1057,24.8469,24.5881,24.3293,24.0705,23.8116,23.5528,23.294,23.0352,22.7763,22.5175,22.2587,21.9999,21.7411,21.4822,21.2234,20.9646,20.7058,20.4469,20.1881,19.9293,19.6705,19.4117,True,True,False,False,False,False,False,False,False,False,False,False,False,False,False,False,False,False,False,False,False,False,False,False,False
GOOGL,2014-05-08,25.542941240525003,26.118961036517533,25.480535348708603,25.76334381103516,49040000,2014,5,18,Thursday,25.7264,25.65586471557617,0.42,-0.44,-0.68,0.42,0.68,0,0.0,25.3993,25.1427,24.8862,24.6296,24.3731,24.1165,23.86,23.6034,23.3468,23.0903,22.8337,22.5772,22.3206,22.064,21.8075,21.5509,21.2944,21.0378,20.7813,20.5247,20.2681,20.0116,19.755,19.4985,19.2419,False,False,False,False,False,False,False,False,False,False,False,False,False,False,False,False,False,False,False,False,False,False,False,False,False
GOOGL,2014-05-09,25.68806143290655,26.11896059969666,25.471620874951693,26.08280372619629,45224000,2014,5,18,Friday,25.8404,25.76334381103516,1.24,-0.29,-1.13,1.24,1.13,1,25.5057,25.5057,25.2481,24.9904,24.7328,24.4752,24.2175,23.9599,23.7023,23.4446,23.187,22.9294,22.6717,22.4141,22.1565,21.8988,21.6412,21.3836,21.1259,20.8683,20.6107,20.353,20.0954,19.8378,19.5801,19.3225,True,False,False,False,False,False,False,False,False,False,False,False,False,False,False,False,False,False,False,False,False,False,False,False,False
GOOGL,2014-05-12,26.3413436220136,26.683587885900423,26.1268850099564,26.66773796081543,38968000,2014,5,19,Monday,26.4549,26.08280372619629,2.24,0.99,0.17,2.24,-0.17,0,0.0,25.822,25.5611,25.3003,25.0395,24.7787,24.5178,24.257,23.9962,23.7354,23.4745,23.2137,22.9529,22.692,22.4312,22.1704,21.9096,21.6487,21.3879,21.1271,20.8662,20.6054,20.3446,20.0838,19.8229,19.5621,False,False,False,False,False,False,False,False,False,False,False,False,False,False,False,False,False,False,False,False,False,False,False,False,False
GOOGL,2014-05-13,26.72469769425062,26.94311832255538,26.6414898358488,26.82177352905273,40240000,2014,5,19,Tuesday,26.7828,26.66773796081543,0.58,0.21,-0.1,0.58,0.1,0,0.0,26.4011,26.1344,25.8677,25.601,25.3344,25.0677,24.801,24.5343,24.2676,24.001,23.7343,23.4676,23.2009,22.9343,22.6676,22.4009,22.1342,21.8675,21.6009,21.3342,21.0675,20.8008,20.5342,20.2675,20.0008,False,False,False,False,False,False,False,False,False,False,False,False,False,False,False,False,False,False,False,False,False,False,False,False,False
GOOGL,2014-05-14,26.83563805686823,26.83563805686823,26.40424390964194,26.46863174438477,25618000,2014,5,19,Wednesday,26.636,26.82177352905273,-1.32,0.05,-1.56,-1.32,1.56,1,26.5536,26.5536,26.2853,26.0171,25.7489,25.4807,25.2125,24.9442,24.676,24.4078,24.1396,23.8714,23.6032,23.3349,23.0667,22.7985,22.5303,22.2621,21.9939,21.7256,21.4574,21.1892,20.921,20.6528,20.3845,20.1163,True,False,False,False,False,False,False,False,False,False,False,False,False,False,False,False,False,False,False,False,False,False,False,False,False
GOOGL,2014-05-15,26.40573249113021,26.448328339855472,26.017922275406203,26.206626892089844,36658000,2014,5,19,Thursday,26.2697,26.46863174438477,-0.99,-0.24,-1.7,-0.99,1.7,1,26.2039,26.2039,25.9393,25.6746,25.4099,25.1452,24.8805,24.6158,24.3511,24.0865,23.8218,23.5571,23.2924,23.0277,22.763,22.4983,22.2337,21.969,21.7043,21.4396,21.1749,20.9102,20.6455,20.3808,20.1162,19.8515,True,False,False,False,False,False,False,False,False,False,False,False,False,False,False,False,False,False,False,False,False,False,False,False,False
GOOGL,2014-05-16,26.23039966878325,26.2918155302626,25.931741283512103,26.166013717651367,38154000,2014,5,19,Friday,26.155,26.206626892089844,-0.15,0.09,-1.05,-0.15,1.05,1,25.9446,25.9446,25.6825,25.4204,25.1584,24.8963,24.6342,24.3722,24.1101,23.848,23.586,23.3239,23.0618,22.7998,22.5377,22.2756,22.0136,21.7515,21.4894,21.2274,20.9653,20.7032,20.4412,20.1791,19.917,19.655,True,False,False,False,False,False,False,False,False,False,False,False,False,False,False,False,False,False,False,False,False,False,False,False,False
GOOGL,2014-05-19,26.19473767451684,26.71330357367377,26.03525596447061,26.68754768371582,39530000,2014,5,20,Monday,26.4077,26.166013717651367,1.99,0.11,-0.5,1.99,0.5,0,0.0,25.9044,25.6427,25.381,25.1194,24.8577,24.5961,24.3344,24.0727,23.8111,23.5494,23.2878,23.0261,22.7644,22.5028,22.2411,21.9795,21.7178,21.4561,21.1945,20.9328,20.6712,20.4095,20.1478,19.8862,19.6245,False,False,False,False,False,False,False,False,False,False,False,False,False,False,False,False,False,False,False,False,False,False,False,False,False
GOOGL,2014-05-20,26.745495552731896,27.060001937631124,26.575612867909538,26.764812469482425,48506000,2014,5,20,Tuesday,26.7865,26.68754768371582,0.29,0.22,-0.42,0.29,0.42,0,0.0,26.4207,26.1538,25.8869,25.62,25.3532,25.0863,24.8194,24.5525,24.2857,24.0188,23.7519,23.485,23.2182,22.9513,22.6844,22.4175,22.1507,21.8838,21.6169,21.35,21.0832,20.8163,20.5494,20.2825,20.0157,False,False,False,False,False,False,False,False,False,False,False,False,False,False,False,False,False,False,False,False,False,False,False,False,False
GOOGL,2014-05-21,26.88913392107727,27.2284043351135,26.85000506585424,27.225929260253903,31294000,2014,5,20,Wednesday,27.0484,26.764812469482425,1.72,0.46,0.32,1.72,-0.32,0,0.0,26.4972,26.2295,25.9619,25.6942,25.4266,25.1589,24.8913,24.6236,24.356,24.0883,23.8207,23.553,23.2854,23.0177,22.7501,22.4824,22.2148,21.9471,21.6795,21.4118,21.1442,20.8766,20.6089,20.3413,20.0736,False,False,False,False,False,False,False,False,False,False,False,False,False,False,False,False,False,False,False,False,False,False,False,False,False
GOOGL,2014-05-22,27.34974872125252,27.63503413881371,27.290312920956872,27.51071548461914,42994000,2014,5,20,Thursday,27.4465,27.225929260253903,1.05,0.45,0.24,1.05,-0.24,0,0.0,26.9537,26.6814,26.4092,26.1369,25.8646,25.5924,25.3201,25.0479,24.7756,24.5033,24.2311,23.9588,23.6866,23.4143,23.142,22.8698,22.5975,22.3253,22.053,21.7807,21.5085,21.2362,20.964,20.6917,20.4194,False,False,False,False,False,False,False,False,False,False,False,False,False,False,False,False,False,False,False,False,False,False,False,False,False
GOOGL,2014-05-23,27.643451786872493,27.98371407457496,27.44731819020796,27.924280166625977,53450000,2014,5,20,Friday,27.7497,27.51071548461914,1.5,0.48,-0.23,1.5,0.23,0,0.0,27.2356,26.9605,26.6854,26.4103,26.1352,25.8601,25.585,25.3099,25.0348,24.7596,24.4845,24.2094,23.9343,23.6592,23.3841,23.109,22.8339,22.5588,22.2837,22.0086,21.7335,21.4584,21.1833,20.9081,20.633,False,False,False,False,False,False,False,False,False,False,False,False,False,False,False,False,False,False,False,False,False,False,False,False,False
GOOGL,2014-05-27,28.121406381213983,28.472564697265625,27.94161770673404,28.472564697265625,43716000,2014,5,21,Tuesday,28.252,27.924280166625977,1.96,0.71,0.06,1.96,-0.06,0,0.0,27.645,27.3658,27.0866,26.8073,26.5281,26.2488,25.9696,25.6903,25.4111,25.1319,24.8526,24.5734,24.2941,24.0149,23.7356,23.4564,23.1772,22.8979,22.6187,22.3394,22.0602,21.7809,21.5017,21.2225,20.9432,False,False,False,False,False,False,False,False,False,False,False,False,False,False,False,False,False,False,False,False,False,False,False,False,False
GOOGL,2014-05-28,28.45770829145161,28.610751052219243,28.228884783398367,28.25364875793457,31632000,2014,5,21,Wednesday,28.3877,28.472564697265625,-0.77,-0.05,-0.86,-0.77,0.86,0,0.0,28.1878,27.9031,27.6184,27.3337,27.0489,26.7642,26.4795,26.1948,25.91,25.6253,25.3406,25.0559,24.7711,24.4864,24.2017,23.917,23.6322,23.3475,23.0628,22.7781,22.4933,22.2086,21.9239,21.6391,21.3544,False,False,False,False,False,False,False,False,False,False,False,False,False,False,False,False,False,False,False,False,False,False,False,False,False
GOOGL,2014-05-29,28.399262841118667,28.40371986505356,28.15459130973039,28.259096145629883,28222000,2014,5,21,Thursday,28.3042,28.25364875793457,0.02,0.52,-0.35,0.02,0.35,0,0.0,27.9711,27.6886,27.406,27.1235,26.841,26.5584,26.2759,25.9934,25.7108,25.4283,25.1457,24.8632,24.5807,24.2981,24.0156,23.7331,23.4505,23.168,22.8855,22.6029,22.3204,22.0378,21.7553,21.4728,21.1902,False,False,False,False,False,False,False,False,False,False,False,False,False,False,False,False,False,False,False,False,False,False,False,False,False
GOOGL,2014-05-30,28.312586726403456,28.3591426915908,28.02284239616912,28.313081741333008,37434000,2014,5,21,Friday,28.2519,28.259096145629883,0.19,0.19,-0.84,0.19,0.84,0,0.0,27.9765,27.6939,27.4113,27.1287,26.8461,26.5636,26.281,25.9984,25.7158,25.4332,25.1506,24.868,24.5854,24.3028,24.0202,23.7376,23.455,23.1725,22.8899,22.6073,22.3247,22.0421,21.7595,21.4769,21.1943,False,False,False,False,False,False,False,False,False,False,False,False,False,False,False,False,False,False,False,False,False,False,False,False,False
GOOGL,2014-06-02,28.21897545167061,28.25166533008268,27.572625779666584,27.95102500915528,33210000,2014,6,22,Monday,27.9986,28.313081741333008,-1.28,-0.33,-2.62,-1.28,2.62,2,55.7768,28.03,27.7468,27.4637,27.1806,26.8974,26.6143,26.3312,26.048,25.7649,25.4818,25.1986,24.9155,24.6324,24.3493,24.0661,23.783,23.4999,23.2167,22.9336,22.6505,22.3673,22.0842,21.8011,21.5179,21.2348,True,True,False,False,False,False,False,False,False,False,False,False,False,False,False,False,False,False,False,False,False,False,False,False,False
GOOGL,2014-06-03,27.78064736849224,27.854941172803905,27.36609126572422,27.46415901184082,40626000,2014,6,22,Tuesday,27.6165,27.95102500915528,-1.74,-0.61,-2.09,-1.74,2.09,2,55.0635,27.6715,27.392,27.1125,26.833,26.5535,26.274,25.9945,25.7149,25.4354,25.1559,24.8764,24.5969,24.3174,24.0379,23.7584,23.4789,23.1994,22.9198,22.6403,22.3608,22.0813,21.8018,21.5223,21.2428,20.9633,True,True,False,False,False,False,False,False,False,False,False,False,False,False,False,False,False,False,False,False,False,False,False,False,False
GOOGL,2014-06-04,27.31606958983224,27.665742856315365,27.16946392338121,27.4270133972168,34582000,2014,6,22,Wednesday,27.3946,27.46415901184082,-0.14,-0.54,-1.07,-0.14,1.07,1,27.1895,27.1895,26.9149,26.6402,26.3656,26.091,25.8163,25.5417,25.267,24.9924,24.7177,24.4431,24.1685,23.8938,23.6192,23.3445,23.0699,22.7953,22.5206,22.246,21.9713,21.6967,21.422,21.1474,20.8728,20.5981,True,False,False,False,False,False,False,False,False,False,False,False,False,False,False,False,False,False,False,False,False,False,False,False,False
GOOGL,2014-06-05,27.5929304559402,27.98371258373369,27.490902599114488,27.98024559020996,35868000,2014,6,22,Thursday,27.7619,27.4270133972168,2.02,0.6,0.23,2.02,-0.23,0,0.0,27.1527,26.8785,26.6042,26.3299,26.0557,25.7814,25.5071,25.2329,24.9586,24.6843,24.41,24.1358,23.8615,23.5872,23.313,23.0387,22.7644,22.4902,22.2159,21.9416,21.6673,21.3931,21.1188,20.8445,20.5703,False,False,False,False,False,False,False,False,False,False,False,False,False,False,False,False,False,False,False,False,False,False,False,False,False
GOOGL,2014-06-06,28.14022766397335,28.171925624471903,27.71527056345868,28.034730911254883,34804000,2014,6,22,Friday,28.0155,27.98024559020996,0.19,0.57,-0.95,0.19,0.95,0,0.0,27.7004,27.4206,27.1408,26.861,26.5812,26.3014,26.0216,25.7418,25.462,25.1822,24.9024,24.6226,24.3428,24.063,23.7832,23.5034,23.2236,22.9438,22.664,22.3842,22.1044,21.8246,21.5448,21.265,20.9852,False,False,False,False,False,False,False,False,False,False,False,False,False,False,False,False,False,False,False,False,False,False,False,False,False
GOOGL,2014-06-09,28.07039155547156,28.33041799741289,27.994612701669343,28.26751708984375,30594000,2014,6,23,Monday,28.1657,28.034730911254883,0.83,0.13,-0.14,0.83,0.14,0,0.0,27.7544,27.474,27.1937,26.9133,26.633,26.3526,26.0723,25.792,25.5116,25.2313,24.9509,24.6706,24.3902,24.1099,23.8295,23.5492,23.2688,22.9885,22.7081,22.4278,22.1474,21.8671,21.5867,21.3064,21.026,False,False,False,False,False,False,False,False,False,False,False,False,False,False,False,False,False,False,False,False,False,False,False,False,False
GOOGL,2014-06-10,28.17093353696908,28.33041714712959,28.03968278255757,28.14716148376465,29676000,2014,6,23,Tuesday,28.172,28.26751708984375,-0.43,-0.34,-0.81,-0.43,0.81,0,0.0,27.9848,27.7022,27.4195,27.1368,26.8541,26.5715,26.2888,26.0061,25.7234,25.4408,25.1581,24.8754,24.5927,24.3101,24.0274,23.7447,23.462,23.1794,22.8967,22.614,22.3313,22.0487,21.766,21.4833,21.2006,False,False,False,False,False,False,False,False,False,False,False,False,False,False,False,False,False,False,False,False,False,False,False,False,False
GOOGL,2014-06-11,28.029278601916577,28.18034127279504,27.91833480881075,28.107534408569336,22580000,2014,6,23,Wednesday,28.0589,28.14716148376465,-0.14,-0.42,-0.81,-0.14,0.81,0,0.0,27.8657,27.5842,27.3027,27.0213,26.7398,26.4583,26.1769,25.8954,25.6139,25.3324,25.051,24.7695,24.488,24.2066,23.9251,23.6436,23.3621,23.0807,22.7992,22.5177,22.2363,21.9548,21.6733,21.3918,21.1104,False,False,False,False,False,False,False,False,False,False,False,False,False,False,False,False,False,False,False,False,False,False,False,False,False
GOOGL,2014-06-12,28.082774701818646,28.082774701818646,27.59491667978248,27.7113094329834,30930000,2014,6,23,Thursday,27.8679,28.107534408569336,-1.41,-0.09,-1.82,-1.41,1.82,1,27.8265,27.8265,27.5454,27.2643,26.9832,26.7022,26.4211,26.14,25.8589,25.5779,25.2968,25.0157,24.7346,24.4536,24.1725,23.8914,23.6103,23.3293,23.0482,22.7671,22.486,22.205,21.9239,21.6428,21.3617,21.0807,True,False,False,False,False,False,False,False,False,False,False,False,False,False,False,False,False,False,False,False,False,False,False,False,False
GOOGL,2014-06-13,27.74003356426308,27.768264529821703,27.425032140703244,27.753406524658203,27066000,2014,6,23,Friday,27.6717,27.7113094329834,0.15,0.1,-1.03,0.15,1.03,1,27.4342,27.4342,27.1571,26.88,26.6029,26.3257,26.0486,25.7715,25.4944,25.2173,24.9402,24.6631,24.386,24.1088,23.8317,23.5546,23.2775,23.0004,22.7233,22.4462,22.169,21.8919,21.6148,21.3377,21.0606,20.7835,True,False,False,False,False,False,False,False,False,False,False,False,False,False,False,False,False,False,False,False,False,False,False,False,False
GOOGL,2014-06-16,27.599866618250463,27.636518505262824,27.240784308118688,27.354700088500977,39436000,2014,6,24,Monday,27.458,27.753406524658203,-1.44,-0.55,-1.85,-1.44,1.85,1,27.4759,27.4759,27.1983,26.9208,26.6433,26.3657,26.0882,25.8107,25.5331,25.2556,24.9781,24.7005,24.423,24.1455,23.8679,23.5904,23.3129,23.0353,22.7578,22.4803,22.2027,21.9252,21.6477,21.3701,21.0926,20.8151,True,False,False,False,False,False,False,False,False,False,False,False,False,False,False,False,False,False,False,False,False,False,False,False,False
GOOGL,2014-06-17,27.35767374704072,27.4260235973405,27.115479181300195,27.271493911743164,29552000,2014,6,24,Tuesday,27.2927,27.354700088500977,-0.3,0.01,-0.87,-0.3,0.87,0,0.0,27.0812,26.8076,26.5341,26.2605,25.987,25.7134,25.4399,25.1663,24.8928,24.6192,24.3457,24.0721,23.7986,23.525,23.2515,22.9779,22.7044,22.4309,22.1573,21.8838,21.6102,21.3367,21.0631,20.7896,20.516,False,False,False,False,False,False,False,False,False,False,False,False,False,False,False,False,False,False,False,False,False,False,False,False,False
GOOGL,2014-06-18,27.379465454830203,27.805412588010533,27.31904151244877,27.768762588500977,41212000,2014,6,24,Wednesday,27.5682,27.271493911743164,1.82,0.4,0.17,1.82,-0.17,0,0.0,26.9988,26.7261,26.4533,26.1806,25.9079,25.6352,25.3625,25.0898,24.8171,24.5443,24.2716,23.9989,23.7262,23.4535,23.1808,22.9081,22.6353,22.3626,22.0899,21.8172,21.5445,21.2718,20.9991,20.7263,20.4536,False,False,False,False,False,False,False,False,False,False,False,False,False,False,False,False,False,False,False,False,False,False,False,False,False
GOOGL,2014-06-19,27.793031401463363,27.98371606901794,27.57114189893894,27.98322105407715,52548000,2014,6,24,Thursday,27.8328,27.768762588500977,0.77,0.09,-0.71,0.77,0.71,0,0.0,27.4911,27.2134,26.9357,26.658,26.3803,26.1026,25.8249,25.5473,25.2696,24.9919,24.7142,24.4365,24.1588,23.8811,23.6034,23.3258,23.0481,22.7704,22.4927,22.215,21.9373,21.6596,21.3819,21.1043,20.8266,False,False,False,False,False,False,False,False,False,False,False,False,False,False,False,False,False,False,False,False,False,False,False,False,False
GOOGL,2014-06-20,28.05553111417681,28.07137914874645,27.704867842830048,28.05899810791016,63212000,2014,6,24,Friday,27.9727,27.98322105407715,0.27,0.26,-0.99,0.27,0.99,0,0.0,27.7034,27.4236,27.1437,26.8639,26.5841,26.3042,26.0244,25.7446,25.4647,25.1849,24.9051,24.6252,24.3454,24.0656,23.7857,23.5059,23.2261,22.9462,22.6664,22.3866,22.1067,21.8269,21.5471,21.2672,20.9874,False,False,False,False,False,False,False,False,False,False,False,False,False,False,False,False,False,False,False,False,False,False,False,False,False
GOOGL,2014-06-23,27.95152496287413,28.45126903020417,27.90942412828128,28.44384002685547,34456000,2014,6,25,Monday,28.189,28.05899810791016,1.37,-0.38,-0.53,1.37,0.53,0,0.0,27.7784,27.4978,27.2172,26.9366,26.656,26.3755,26.0949,25.8143,25.5337,25.2531,24.9725,24.6919,24.4113,24.1307,23.8501,23.5696,23.289,23.0084,22.7278,22.4472,22.1666,21.886,21.6054,21.3248,21.0442,False,False,False,False,False,False,False,False,False,False,False,False,False,False,False,False,False,False,False,False,False,False,False,False,False
GOOGL,2014-06-24,28.44037032817108,28.83808459195453,28.18975485119207,28.357162475585938,56886000,2014,6,25,Tuesday,28.4563,28.44384002685547,-0.3,-0.01,-0.89,-0.3,0.89,0,0.0,28.1594,27.875,27.5905,27.3061,27.0216,26.7372,26.4528,26.1683,25.8839,25.5995,25.315,25.0306,24.7461,24.4617,24.1773,23.8928,23.6084,23.3239,23.0395,22.7551,22.4706,22.1862,21.9018,21.6173,21.3329,False,False,False,False,False,False,False,False,False,False,False,False,False,False,False,False,False,False,False,False,False,False,False,False,False
GOOGL,2014-06-25,28.407186597546715,29.08820624506433,28.392823606600924,29.02035140991211,42294000,2014,6,25,Wednesday,28.7271,28.357162475585938,2.34,0.18,0.13,2.34,-0.13,0,0.0,28.0736,27.79,27.5064,27.2229,26.9393,26.6557,26.3722,26.0886,25.805,25.5214,25.2379,24.9543,24.6707,24.3872,24.1036,23.82,23.5364,23.2529,22.9693,22.6857,22.4022,22.1186,21.835,21.5514,21.2679,False,False,False,False,False,False,False,False,False,False,False,False,False,False,False,False,False,False,False,False,False,False,False,False,False
GOOGL,2014-06-26,29.18726859161972,29.202126599836657,28.70683950598853,28.96290397644043,40248000,2014,6,25,Thursday,29.0148,29.02035140991211,-0.2,0.58,-1.08,-0.2,1.08,1,28.7301,28.7301,28.4399,28.1497,27.8595,27.5693,27.2791,26.9889,26.6987,26.4085,26.1183,25.8281,25.5379,25.2477,24.9575,24.6673,24.3771,24.0869,23.7967,23.5065,23.2163,22.9261,22.6359,22.3457,22.0555,21.7653,True,False,False,False,False,False,False,False,False,False,False,False,False,False,False,False,False,False,False,False,False,False,False,False,False
GOOGL,2014-06-27,28.99657689725562,29.116931654985816,28.85641209518073,29.008464813232425,40426000,2014,6,25,Friday,28.9946,28.96290397644043,0.16,0.12,-0.37,0.16,0.37,0,0.0,28.6733,28.3836,28.094,27.8044,27.5148,27.2251,26.9355,26.6459,26.3562,26.0666,25.777,25.4874,25.1977,24.9081,24.6185,24.3288,24.0392,23.7496,23.46,23.1703,22.8807,22.5911,22.3014,22.0118,21.7222,False,False,False,False,False,False,False,False,False,False,False,False,False,False,False,False,False,False,False,False,False,False,False,False,False
GOOGL,2014-06-30,29.06145967272217,29.108512542823547,28.889595021425105,28.95794486999512,29578000,2014,6,26,Monday,29.0044,29.008464813232425,-0.17,0.18,-0.41,-0.17,0.41,0,0.0,28.7184,28.4283,28.1382,27.8481,27.558,27.268,26.9779,26.6878,26.3977,26.1076,25.8175,25.5274,25.2374,24.9473,24.6572,24.3671,24.077,23.7869,23.4969,23.2068,22.9167,22.6266,22.3365,22.0464,21.7563,False,False,False,False,False,False,False,False,False,False,False,False,False,False,False,False,False,False,False,False,False,False,False,False,False
GOOGL,2014-07-01,29.10554283256438,29.40321120750188,29.03818489798596,29.295732498168945,32864000,2014,7,26,Tuesday,29.2107,28.95794486999512,1.17,0.51,0.28,1.17,-0.28,0,0.0,28.6684,28.3788,28.0892,27.7996,27.51,27.2205,26.9309,26.6413,26.3517,26.0622,25.7726,25.483,25.1934,24.9038,24.6143,24.3247,24.0351,23.7455,23.4559,23.1664,22.8768,22.5872,22.2976,22.008,21.7185,False,False,False,False,False,False,False,False,False,False,False,False,False,False,False,False,False,False,False,False,False,False,False,False,False
GOOGL,2014-07-02,29.33386666747703,29.427475495811866,29.1778500642158,29.26056289672852,23916000,2014,7,26,Wednesday,29.2999,29.295732498168945,-0.12,0.13,-0.4,-0.12,0.4,0,0.0,29.0028,28.7098,28.4169,28.1239,27.8309,27.538,27.245,26.9521,26.6591,26.3662,26.0732,25.7802,25.4873,25.1943,24.9014,24.6084,24.3155,24.0225,23.7295,23.4366,23.1436,22.8507,22.5577,22.2648,21.9718,False,False,False,False,False,False,False,False,False,False,False,False,False,False,False,False,False,False,False,False,False,False,False,False,False
GOOGL,2014-07-03,29.306131352238367,29.43243006828376,29.17240552274324,29.374481201171875,17978000,2014,7,26,Thursday,29.3214,29.26056289672852,0.39,0.16,-0.3,0.39,0.3,0,0.0,28.968,28.6754,28.3827,28.0901,27.7975,27.5049,27.2123,26.9197,26.6271,26.3345,26.0419,25.7493,25.4567,25.1641,24.8715,24.5789,24.2863,23.9937,23.7011,23.4085,23.1158,22.8232,22.5306,22.238,21.9454,False,False,False,False,False,False,False,False,False,False,False,False,False,False,False,False,False,False,False,False,False,False,False,False,False
GOOGL,2014-07-07,29.39578148698334,29.5017713700664,29.1199051138796,29.25957679748535,26734000,2014,7,27,Monday,29.3193,29.374481201171875,-0.39,0.07,-0.87,-0.39,0.87,0,0.0,29.0807,28.787,28.4932,28.1995,27.9058,27.612,27.3183,27.0245,26.7308,26.437,26.1433,25.8495,25.5558,25.2621,24.9683,24.6746,24.3808,24.0871,23.7933,23.4996,23.2058,22.9121,22.6184,22.3246,22.0309,False,False,False,False,False,False,False,False,False,False,False,False,False,False,False,False,False,False,False,False,False,False,False,False,False
GOOGL,2014-07-08,29.04214600981897,29.12139185881988,28.42947619728242,28.647401809692383,42504000,2014,7,27,Tuesday,28.8101,29.25957679748535,-2.09,-0.74,-2.84,-2.09,2.84,2,57.6414,28.967,28.6744,28.3818,28.0892,27.7966,27.504,27.2114,26.9188,26.6262,26.3336,26.041,25.7484,25.4558,25.1632,24.8706,24.578,24.2854,23.9929,23.7003,23.4077,23.1151,22.8225,22.5299,22.2373,21.9447,True,True,False,False,False,False,False,False,False,False,False,False,False,False,False,False,False,False,False,False,False,False,False,False,False
GOOGL,2014-07-09,28.6746400771746,28.92971257085057,28.57805926674136,28.8930606842041,27456000,2014,7,27,Wednesday,28.7689,28.647401809692383,0.86,0.1,-0.24,0.86,0.24,0,0.0,28.3609,28.0745,27.788,27.5015,27.215,26.9286,26.6421,26.3556,26.0691,25.7827,25.4962,25.2097,24.9232,24.6368,24.3503,24.0638,23.7773,23.4909,23.2044,22.9179,22.6314,22.345,22.0585,21.772,21.4856,False,False,False,False,False,False,False,False,False,False,False,False,False,False,False,False,False,False,False,False,False,False,False,False,False
GOOGL,2014-07-10,28.379943044861147,28.9866707176253,28.3353671419208,28.728626251220703,28724000,2014,7,27,Thursday,28.6077,28.8930606842041,-0.57,-1.78,-1.93,-0.57,1.93,1,28.6041,28.6041,28.3152,28.0263,27.7373,27.4484,27.1595,26.8705,26.5816,26.2927,26.0038,25.7148,25.4259,25.137,24.848,24.5591,24.2702,23.9812,23.6923,23.4034,23.1144,22.8255,22.5366,22.2477,21.9587,21.6698,True,False,False,False,False,False,False,False,False,False,False,False,False,False,False,False,False,False,False,False,False,False,False,False,False
GOOGL,2014-07-11,28.776170957451367,29.134265099043787,28.75536899630025,29.05600929260254,30232000,2014,7,27,Friday,28.9305,28.728626251220703,1.14,0.17,0.09,1.14,-0.09,0,0.0,28.4413,28.1541,27.8668,27.5795,27.2922,27.0049,26.7176,26.4303,26.143,25.8558,25.5685,25.2812,24.9939,24.7066,24.4193,24.132,23.8448,23.5575,23.2702,22.9829,22.6956,22.4083,22.121,21.8338,21.5465,False,False,False,False,False,False,False,False,False,False,False,False,False,False,False,False,False,False,False,False,False,False,False,False,False
GOOGL,2014-07-14,29.251650560849143,29.46264217045833,29.05799203109412,29.432924270629883,39032000,2014,7,28,Monday,29.3013,29.05600929260254,1.3,0.67,0.01,1.3,-0.01,0,0.0,28.7654,28.4749,28.1843,27.8938,27.6032,27.3126,27.0221,26.7315,26.441,26.1504,25.8598,25.5693,25.2787,24.9882,24.6976,24.407,24.1165,23.8259,23.5354,23.2448,22.9542,22.6637,22.3731,22.0826,21.792,False,False,False,False,False,False,False,False,False,False,False,False,False,False,False,False,False,False,False,False,False,False,False,False,False
GOOGL,2014-07-15,29.477006090917577,29.484435093766628,28.989643098823727,29.373491287231445,33476000,2014,7,28,Tuesday,29.3311,29.432924270629883,-0.2,0.15,-1.51,-0.2,1.51,1,29.1386,29.1386,28.8443,28.5499,28.2556,27.9613,27.6669,27.3726,27.0783,26.784,26.4896,26.1953,25.901,25.6066,25.3123,25.018,24.7237,24.4293,24.135,23.8407,23.5463,23.252,22.9577,22.6634,22.369,22.0747,True,False,False,False,False,False,False,False,False,False,False,False,False,False,False,False,False,False,False,False,False,False,False,False,False
GOOGL,2014-07-16,29.56318609065673,29.568635033773933,29.23431667810133,29.252641677856445,28816000,2014,7,28,Wednesday,29.4047,29.373491287231445,-0.41,0.65,-0.47,-0.41,0.47,0,0.0,29.0798,28.786,28.4923,28.1986,27.9048,27.6111,27.3173,27.0236,26.7299,26.4361,26.1424,25.8487,25.5549,25.2612,24.9675,24.6737,24.38,24.0863,23.7925,23.4988,23.2051,22.9113,22.6176,22.3239,22.0301,False,False,False,False,False,False,False,False,False,False,False,False,False,False,False,False,False,False,False,False,False,False,False,False,False
GOOGL,2014-07-17,29.17091781840988,29.1971687244252,28.570630978236053,28.76725959777832,58706000,2014,7,28,Thursday,28.9265,29.252641677856445,-1.66,-0.28,-2.33,-1.66,2.33,2,57.6277,28.9601,28.6676,28.3751,28.0825,27.79,27.4975,27.205,26.9124,26.6199,26.3274,26.0349,25.7423,25.4498,25.1573,24.8647,24.5722,24.2797,23.9872,23.6946,23.4021,23.1096,22.8171,22.5245,22.232,21.9395,True,True,False,False,False,False,False,False,False,False,False,False,False,False,False,False,False,False,False,False,False,False,False,False,False
GOOGL,2014-07-18,29.86630231446429,30.049062970162595,29.26750048121772,29.970314025878903,97432000,2014,7,28,Friday,29.7883,28.76725959777832,4.18,3.82,1.74,4.18,-1.74,0,0.0,28.4796,28.1919,27.9042,27.6166,27.3289,27.0412,26.7536,26.4659,26.1782,25.8905,25.6029,25.3152,25.0275,24.7398,24.4522,24.1645,23.8768,23.5892,23.3015,23.0138,22.7261,22.4385,22.1508,21.8631,21.5754,False,False,False,False,False,False,False,False,False,False,False,False,False,False,False,False,False,False,False,False,False,False,False,False,False
GOOGL,2014-07-21,29.78408616004605,29.92326283491816,29.442338772969887,29.63995933532715,44758000,2014,7,29,Monday,29.6974,29.970314025878903,-1.1,-0.62,-1.76,-1.1,1.76,1,29.6706,29.6706,29.3709,29.0712,28.7715,28.4718,28.1721,27.8724,27.5727,27.273,26.9733,26.6736,26.3739,26.0742,25.7745,25.4748,25.1751,24.8754,24.5757,24.276,23.9763,23.6765,23.3768,23.0771,22.7774,22.4777,True,False,False,False,False,False,False,False,False,False,False,False,False,False,False,False,False,False,False,False,False,False,False,False,False
GOOGL,2014-07-22,29.702362549584013,30.157530676260475,29.68056866663514,29.8940372467041,37632000,2014,7,29,Tuesday,29.8586,29.63995933532715,0.86,0.21,0.14,0.86,-0.14,0,0.0,29.3436,29.0472,28.7508,28.4544,28.158,27.8616,27.5652,27.2688,26.9724,26.676,26.3796,26.0832,25.7868,25.4904,25.194,24.8976,24.6012,24.3048,24.0084,23.712,23.4156,23.1192,22.8228,22.5264,22.23,False,False,False,False,False,False,False,False,False,False,False,False,False,False,False,False,False,False,False,False,False,False,False,False,False
GOOGL,2014-07-23,29.81875207828796,30.0663955561668,29.78408025316472,29.974271774291992,22120000,2014,7,29,Wednesday,29.9109,29.8940372467041,0.27,-0.25,-0.37,0.27,0.37,0,0.0,29.5951,29.2962,28.9972,28.6983,28.3993,28.1004,27.8015,27.5025,27.2036,26.9046,26.6057,26.3068,26.0078,25.7089,25.4099,25.111,24.8121,24.5131,24.2142,23.9152,23.6163,23.3173,23.0184,22.7195,22.4205,False,False,False,False,False,False,False,False,False,False,False,False,False,False,False,False,False,False,False,False,False,False,False,False,False
GOOGL,2014-07-24,29.991112336153268,30.15851806094148,29.766745889604017,29.86629867553711,27100000,2014,7,29,Thursday,29.9457,29.974271774291992,-0.36,0.06,-0.69,-0.36,0.69,0,0.0,29.6745,29.3748,29.075,28.7753,28.4756,28.1758,27.8761,27.5763,27.2766,26.9768,26.6771,26.3774,26.0776,25.7779,25.4781,25.1784,24.8786,24.5789,24.2792,23.9794,23.6797,23.3799,23.0802,22.7804,22.4807,False,False,False,False,False,False,False,False,False,False,False,False,False,False,False,False,False,False,False,False,False,False,False,False,False
GOOGL,2014-07-25,29.68007449452293,29.766749345729767,29.50672479210927,29.62212562561035,27200000,2014,7,29,Friday,29.6439,29.86629867553711,-0.82,-0.62,-1.2,-0.82,1.2,1,29.5676,29.5676,29.269,28.9703,28.6716,28.373,28.0743,27.7757,27.477,27.1783,26.8797,26.581,26.2823,25.9837,25.685,25.3864,25.0877,24.789,24.4904,24.1917,23.893,23.5944,23.2957,22.997,22.6984,22.3997,True,False,False,False,False,False,False,False,False,False,False,False,False,False,False,False,False,False,False,False,False,False,False,False,False
GOOGL,2014-07-28,29.60578119350013,29.771701885122805,29.350211786388552,29.668682098388672,27162000,2014,7,30,Monday,29.5991,29.62212562561035,0.16,-0.06,-0.92,0.16,0.92,0,0.0,29.3259,29.0297,28.7335,28.4372,28.141,27.8448,27.5486,27.2524,26.9561,26.6599,26.3637,26.0675,25.7712,25.475,25.1788,24.8826,24.5864,24.2901,23.9939,23.6977,23.4015,23.1053,22.809,22.5128,22.2166,False,False,False,False,False,False,False,False,False,False,False,False,False,False,False,False,False,False,False,False,False,False,False,False,False
GOOGL,2014-07-29,29.60330464919773,29.64243161236623,29.32941023890828,29.41757202148437,27332000,2014,7,30,Tuesday,29.4982,29.668682098388672,-0.85,-0.22,-1.14,-0.85,1.14,1,29.372,29.372,29.0753,28.7786,28.4819,28.1852,27.8886,27.5919,27.2952,26.9985,26.7018,26.4051,26.1084,25.8118,25.5151,25.2184,24.9217,24.625,24.3283,24.0316,23.7349,23.4383,23.1416,22.8449,22.5482,22.2515,True,False,False,False,False,False,False,False,False,False,False,False,False,False,False,False,False,False,False,False,False,False,False,False,False
GOOGL,2014-07-30,29.509696136561864,29.640451877676128,29.355661467518395,29.491369247436523,24302000,2014,7,30,Wednesday,29.4993,29.41757202148437,0.25,0.31,-0.21,0.25,0.21,0,0.0,29.1234,28.8292,28.535,28.2409,27.9467,27.6525,27.3583,27.0642,26.77,26.4758,26.1816,25.8875,25.5933,25.2991,25.0049,24.7108,24.4166,24.1224,23.8282,23.5341,23.2399,22.9457,22.6515,22.3574,22.0632,False,False,False,False,False,False,False,False,False,False,False,False,False,False,False,False,False,False,False,False,False,False,False,False,False
GOOGL,2014-07-31,29.170421232022804,29.32049387866656,28.61173834813429,28.7043571472168,46190000,2014,7,30,Thursday,28.9518,29.491369247436523,-2.67,-1.09,-2.98,-2.67,2.98,2,58.098,29.1965,28.9015,28.6066,28.3117,28.0168,27.7219,27.427,27.1321,26.8371,26.5422,26.2473,25.9524,25.6575,25.3626,25.0677,24.7728,24.4778,24.1829,23.888,23.5931,23.2982,23.0033,22.7084,22.4134,22.1185,True,True,False,False,False,False,False,False,False,False,False,False,False,False,False,False,False,False,False,False,False,False,False,False,False
GOOGL,2014-08-01,28.6548307032477,28.896530258370696,28.24621852834272,28.40966415405273,44266000,2014,8,30,Friday,28.5518,28.7043571472168,-1.03,-0.17,-1.6,-1.03,1.6,1,28.4173,28.4173,28.1303,27.8432,27.5562,27.2691,26.9821,26.6951,26.408,26.121,25.8339,25.5469,25.2598,24.9728,24.6857,24.3987,24.1117,23.8246,23.5376,23.2505,22.9635,22.6764,22.3894,22.1024,21.8153,21.5283,True,False,False,False,False,False,False,False,False,False,False,False,False,False,False,False,False,False,False,False,False,False,False,False,False
GOOGL,2014-08-04,28.55379157549894,28.915845876936324,28.34329497649442,28.83907699584961,30388000,2014,8,31,Monday,28.663,28.40966415405273,1.51,0.51,-0.23,1.51,0.23,0,0.0,28.1256,27.8415,27.5574,27.2733,26.9892,26.7051,26.421,26.1369,25.8528,25.5687,25.2846,25.0005,24.7164,24.4323,24.1482,23.8641,23.58,23.2959,23.0118,22.7277,22.4436,22.1595,21.8754,21.5913,21.3072,False,False,False,False,False,False,False,False,False,False,False,False,False,False,False,False,False,False,False,False,False,False,False,False,False
GOOGL,2014-08-05,28.69593447392732,28.73654836559681,28.24670848058916,28.38687515258789,32876000,2014,8,31,Tuesday,28.5165,28.83907699584961,-1.57,-0.5,-2.05,-1.57,2.05,2,56.813,28.5507,28.2623,27.9739,27.6855,27.3971,27.1087,26.8203,26.532,26.2436,25.9552,25.6668,25.3784,25.09,24.8016,24.5132,24.2248,23.9364,23.648,23.3597,23.0713,22.7829,22.4945,22.2061,21.9177,21.6293,True,True,False,False,False,False,False,False,False,False,False,False,False,False,False,False,False,False,False,False,False,False,False,False,False
GOOGL,2014-08-06,28.206594500508576,28.659285646192924,28.10505976050934,28.45374298095703,26456000,2014,8,31,Wednesday,28.3562,28.38687515258789,0.24,-0.64,-0.99,0.24,0.99,0,0.0,28.103,27.8191,27.5353,27.2514,26.9675,26.6837,26.3998,26.1159,25.8321,25.5482,25.2643,24.9805,24.6966,24.4127,24.1288,23.845,23.5611,23.2772,22.9934,22.7095,22.4256,22.1418,21.8579,21.574,21.2902,False,False,False,False,False,False,False,False,False,False,False,False,False,False,False,False,False,False,False,False,False,False,False,False,False
GOOGL,2014-08-07,28.53100644264148,28.642942162405703,28.203127079451924,28.32100486755371,23260000,2014,8,31,Thursday,28.4245,28.45374298095703,-0.47,0.27,-0.88,-0.47,0.88,0,0.0,28.1692,27.8847,27.6001,27.3156,27.0311,26.7465,26.462,26.1774,25.8929,25.6084,25.3238,25.0393,24.7548,24.4702,24.1857,23.9011,23.6166,23.3321,23.0475,22.763,22.4785,22.1939,21.9094,21.6248,21.3403,False,False,False,False,False,False,False,False,False,False,False,False,False,False,False,False,False,False,False,False,False,False,False,False,False
GOOGL,2014-08-08,28.331405295787484,28.70485247495078,28.182819581590977,28.62461471557617,29866000,2014,8,31,Friday,28.4609,28.32100486755371,1.07,0.04,-0.49,1.07,0.49,0,0.0,28.0378,27.7546,27.4714,27.1882,26.905,26.6217,26.3385,26.0553,25.7721,25.4889,25.2057,24.9225,24.6393,24.3561,24.0729,23.7896,23.5064,23.2232,22.94,22.6568,22.3736,22.0904,21.8072,21.524,21.2408,False,False,False,False,False,False,False,False,False,False,False,False,False,False,False,False,False,False,False,False,False,False,False,False,False
GOOGL,2014-08-11,28.67711939802371,28.711294323543,28.49386183909969,28.590442657470703,24068000,2014,8,32,Monday,28.6182,28.62461471557617,-0.12,0.18,-0.46,-0.12,0.46,0,0.0,28.3384,28.0521,27.7659,27.4796,27.1934,26.9071,26.6209,26.3346,26.0484,25.7622,25.4759,25.1897,24.9034,24.6172,24.3309,24.0447,23.7584,23.4722,23.1859,22.8997,22.6134,22.3272,22.041,21.7547,21.4685,False,False,False,False,False,False,False,False,False,False,False,False,False,False,False,False,False,False,False,False,False,False,False,False,False
GOOGL,2014-08-12,28.47900461354855,28.52358052243152,28.2269040710926,28.33636283874512,27890000,2014,8,32,Tuesday,28.3915,28.590442657470703,-0.89,-0.39,-1.27,-0.89,1.27,1,28.3045,28.3045,28.0186,27.7327,27.4468,27.1609,26.875,26.5891,26.3032,26.0173,25.7314,25.4455,25.1596,24.8737,24.5878,24.3019,24.016,23.7301,23.4442,23.1583,22.8724,22.5864,22.3005,22.0146,21.7287,21.4428,True,False,False,False,False,False,False,False,False,False,False,False,False,False,False,False,False,False,False,False,False,False,False,False,False
GOOGL,2014-08-13,28.55081555576288,29.030252567554435,28.48890468897253,28.95249366760254,37988000,2014,8,32,Wednesday,28.7556,28.33636283874512,2.17,0.76,0.54,2.17,-0.54,0,0.0,28.053,27.7696,27.4863,27.2029,26.9195,26.6362,26.3528,26.0695,25.7861,25.5027,25.2194,24.936,24.6526,24.3693,24.0859,23.8025,23.5192,23.2358,22.9525,22.6691,22.3857,22.1024,21.819,21.5356,21.2523,False,False,False,False,False,False,False,False,False,False,False,False,False,False,False,False,False,False,False,False,False,False,False,False,False
GOOGL,2014-08-14,29.057992795136183,29.112969683173908,28.772212358201617,28.956954956054688,25458000,2014,8,32,Thursday,28.975,28.95249366760254,0.02,0.36,-0.62,0.02,0.62,0,0.0,28.663,28.3734,28.0839,27.7944,27.5049,27.2153,26.9258,26.6363,26.3468,26.0572,25.7677,25.4782,25.1887,24.8991,24.6096,24.3201,24.0306,23.741,23.4515,23.162,22.8725,22.5829,22.2934,22.0039,21.7144,False,False,False,False,False,False,False,False,False,False,False,False,False,False,False,False,False,False,False,False,False,False,False,False,False
GOOGL,2014-08-15,29.09810922963843,29.195680066575672,28.76428592062141,28.9103946685791,34468000,2014,8,32,Friday,28.9921,28.956954956054688,-0.16,0.49,-0.67,-0.16,0.67,0,0.0,28.6674,28.3778,28.0882,27.7987,27.5091,27.2195,26.93,26.6404,26.3508,26.0613,25.7717,25.4821,25.1926,24.903,24.6134,24.3238,24.0343,23.7447,23.4551,23.1656,22.876,22.5864,22.2969,22.0073,21.7177,False,False,False,False,False,False,False,False,False,False,False,False,False,False,False,False,False,False,False,False,False,False,False,False,False
GOOGL,2014-08-18,29.07830187498392,29.47205605710047,29.05106093643755,29.355663299560547,29320000,2014,8,33,Monday,29.2393,28.9103946685791,1.54,0.58,0.49,1.54,-0.49,0,0.0,28.6213,28.3322,28.0431,27.754,27.4649,27.1758,26.8867,26.5976,26.3085,26.0194,25.7303,25.4411,25.152,24.8629,24.5738,24.2847,23.9956,23.7065,23.4174,23.1283,22.8392,22.5501,22.261,21.9719,21.6828,False,False,False,False,False,False,False,False,False,False,False,False,False,False,False,False,False,False,False,False,False,False,False,False,False
GOOGL,2014-08-19,29.498797585061386,29.608751359853663,29.441840637936355,29.57408142089844,20864000,2014,8,33,Tuesday,29.5309,29.355663299560547,0.74,0.49,0.29,0.74,-0.29,0,0.0,29.0621,28.7686,28.475,28.1814,27.8879,27.5943,27.3008,27.0072,26.7137,26.4201,26.1265,25.833,25.5394,25.2459,24.9523,24.6588,24.3652,24.0716,23.7781,23.4845,23.191,22.8974,22.6039,22.3103,22.0167,False,False,False,False,False,False,False,False,False,False,False,False,False,False,False,False,False,False,False,False,False,False,False,False,False
GOOGL,2014-08-20,29.566153463692665,29.56813541252744,29.370514897444675,29.489879608154297,19346000,2014,8,33,Wednesday,29.4987,29.57408142089844,-0.28,-0.03,-0.69,-0.28,0.69,0,0.0,29.2783,28.9826,28.6869,28.3911,28.0954,27.7996,27.5039,27.2082,26.9124,26.6167,26.3209,26.0252,25.7295,25.4337,25.138,24.8422,24.5465,24.2507,23.955,23.6593,23.3635,23.0678,22.772,22.4763,22.1806,False,False,False,False,False,False,False,False,False,False,False,False,False,False,False,False,False,False,False,False,False,False,False,False,False
GOOGL,2014-08-21,29.464622866443943,29.481957834930828,29.27641328760788,29.3417911529541,22640000,2014,8,33,Thursday,29.3912,29.489879608154297,-0.5,-0.09,-0.72,-0.5,0.72,0,0.0,29.195,28.9001,28.6052,28.3103,28.0154,27.7205,27.4256,27.1307,26.8358,26.5409,26.246,25.9511,25.6562,25.3613,25.0664,24.7715,24.4766,24.1817,23.8868,23.5919,23.297,23.0021,22.7072,22.4123,22.1174,False,False,False,False,False,False,False,False,False,False,False,False,False,False,False,False,False,False,False,False,False,False,False,False,False
GOOGL,2014-08-22,29.383891341865738,29.46908114321132,29.212026694399626,29.34773635864257,17544000,2014,8,33,Friday,29.3532,29.3417911529541,0.02,0.14,-0.44,0.02,0.44,0,0.0,29.0484,28.755,28.4615,28.1681,27.8747,27.5813,27.2879,26.9944,26.701,26.4076,26.1142,25.8208,25.5274,25.2339,24.9405,24.6471,24.3537,24.0603,23.7669,23.4734,23.18,22.8866,22.5932,22.2998,22.0063,False,False,False,False,False,False,False,False,False,False,False,False,False,False,False,False,False,False,False,False,False,False,False,False,False
GOOGL,2014-08-25,29.45818555492398,29.498302547472804,29.18528117788177,29.250164031982425,25912000,2014,8,34,Monday,29.348,29.34773635864257,-0.33,0.38,-0.55,-0.33,0.55,0,0.0,29.0543,28.7608,28.4673,28.1738,27.8803,27.5869,27.2934,26.9999,26.7064,26.413,26.1195,25.826,25.5325,25.2391,24.9456,24.6521,24.3586,24.0651,23.7717,23.4782,23.1847,22.8912,22.5978,22.3043,22.0108,False,False,False,False,False,False,False,False,False,False,False,False,False,False,False,False,False,False,False,False,False,False,False,False,False
GOOGL,2014-08-26,29.320988185462788,29.323465149267378,29.095631713490068,29.12881660461425,29434000,2014,8,34,Tuesday,29.2172,29.250164031982425,-0.41,0.24,-0.53,-0.41,0.53,0,0.0,28.9577,28.6652,28.3727,28.0802,27.7877,27.4952,27.2027,26.9102,26.6176,26.3251,26.0326,25.7401,25.4476,25.1551,24.8626,24.5701,24.2776,23.9851,23.6926,23.4001,23.1076,22.8151,22.5226,22.2301,21.9376,False,False,False,False,False,False,False,False,False,False,False,False,False,False,False,False,False,False,False,False,False,False,False,False,False
GOOGL,2014-08-27,29.113465252778795,29.190731040088465,28.771222876472137,28.875232696533203,27292000,2014,8,34,Wednesday,28.9877,29.12881660461425,-0.87,-0.05,-1.23,-0.87,1.23,1,28.8375,28.8375,28.5462,28.255,27.9637,27.6724,27.3811,27.0898,26.7985,26.5072,26.2159,25.9246,25.6334,25.3421,25.0508,24.7595,24.4682,24.1769,23.8856,23.5943,23.3031,23.0118,22.7205,22.4292,22.1379,21.8466,True,False,False,False,False,False,False,False,False,False,False,False,False,False,False,False,False,False,False,False,False,False,False,False,False
GOOGL,2014-08-28,28.7276365954144,28.9599270796551,28.62164482768369,28.74249649047852,28116000,2014,8,34,Thursday,28.7629,28.875232696533203,-0.46,-0.51,-0.88,-0.46,0.88,0,0.0,28.5865,28.2977,28.009,27.7202,27.4315,27.1427,26.854,26.5652,26.2765,25.9877,25.699,25.4102,25.1215,24.8327,24.5439,24.2552,23.9664,23.6777,23.3889,23.1002,22.8114,22.5227,22.2339,21.9452,21.6564,False,False,False,False,False,False,False,False,False,False,False,False,False,False,False,False,False,False,False,False,False,False,False,False,False
GOOGL,2014-08-29,28.84303945466163,28.87028039147929,28.63947684031342,28.84353446960449,24122000,2014,8,34,Friday,28.7991,28.74249649047852,0.35,0.35,-0.36,0.35,0.36,0,0.0,28.4551,28.1676,27.8802,27.5928,27.3054,27.0179,26.7305,26.4431,26.1557,25.8682,25.5808,25.2934,25.006,24.7185,24.4311,24.1437,23.8563,23.5688,23.2814,22.994,22.7066,22.4191,22.1317,21.8443,21.5569,False,False,False,False,False,False,False,False,False,False,False,False,False,False,False,False,False,False,False,False,False,False,False,False,False
GOOGL,2014-09-02,28.87275412706681,29.18726242324017,28.845515080882503,29.154077529907227,31660000,2014,9,35,Tuesday,29.0149,28.84353446960449,1.08,0.1,0.01,1.08,-0.01,0,0.0,28.5551,28.2667,27.9782,27.6898,27.4014,27.1129,26.8245,26.5361,26.2476,25.9592,25.6707,25.3823,25.0939,24.8054,24.517,24.2286,23.9401,23.6517,23.3633,23.0748,22.7864,22.498,22.2095,21.9211,21.6327,False,False,False,False,False,False,False,False,False,False,False,False,False,False,False,False,False,False,False,False,False,False,False,False,False
GOOGL,2014-09-03,29.307617020714297,29.44431671267765,29.04858251623801,29.19815826416016,31580000,2014,9,35,Wednesday,29.2497,29.154077529907227,0.15,0.53,-0.36,0.15,0.36,0,0.0,28.8625,28.571,28.2795,27.9879,27.6964,27.4048,27.1133,26.8218,26.5302,26.2387,25.9471,25.6556,25.364,25.0725,24.781,24.4894,24.1979,23.9063,23.6148,23.3233,23.0317,22.7402,22.4486,22.1571,21.8656,False,False,False,False,False,False,False,False,False,False,False,False,False,False,False,False,False,False,False,False,False,False,False,False,False
GOOGL,2014-09-04,29.32742989091991,29.618162363722483,29.25165104001747,29.3774528503418,32616000,2014,9,35,Thursday,29.3937,29.19815826416016,0.61,0.44,0.18,0.61,-0.18,0,0.0,28.9062,28.6142,28.3222,28.0302,27.7383,27.4463,27.1543,26.8623,26.5703,26.2783,25.9864,25.6944,25.4024,25.1104,24.8184,24.5265,24.2345,23.9425,23.6505,23.3585,23.0665,22.7746,22.4826,22.1906,21.8986,False,False,False,False,False,False,False,False,False,False,False,False,False,False,False,False,False,False,False,False,False,False,False,False,False
GOOGL,2014-09-05,29.47601662194321,29.642927349862777,29.397760804328705,29.607267379760746,35982000,2014,9,35,Friday,29.531,29.3774528503418,0.78,0.34,0.07,0.78,-0.07,0,0.0,29.0837,28.7899,28.4961,28.2024,27.9086,27.6148,27.321,27.0273,26.7335,26.4397,26.1459,25.8522,25.5584,25.2646,24.9708,24.6771,24.3833,24.0895,23.7957,23.502,23.2082,22.9144,22.6206,22.3269,22.0331,False,False,False,False,False,False,False,False,False,False,False,False,False,False,False,False,False,False,False,False,False,False,False,False,False
GOOGL,2014-09-08,29.67462400007332,29.89155955510013,29.61915021236273,29.79794883728028,31984000,2014,9,36,Monday,29.7458,29.607267379760746,0.64,0.23,0.04,0.64,-0.04,0,0.0,29.3112,29.0151,28.719,28.423,28.1269,27.8308,27.5348,27.2387,26.9426,26.6465,26.3505,26.0544,25.7583,25.4622,25.1662,24.8701,24.574,24.278,23.9819,23.6858,23.3897,23.0937,22.7976,22.5015,22.2055,False,False,False,False,False,False,False,False,False,False,False,False,False,False,False,False,False,False,False,False,False,False,False,False,False
GOOGL,2014-09-09,29.730592900242566,29.74693783977313,29.24570688288223,29.319503784179688,31424000,2014,9,36,Tuesday,29.5107,29.79794883728028,-1.61,-0.23,-1.85,-1.61,1.85,1,29.5,29.5,29.202,28.904,28.606,28.3081,28.0101,27.7121,27.4141,27.1161,26.8182,26.5202,26.2222,25.9242,25.6262,25.3283,25.0303,24.7323,24.4343,24.1363,23.8384,23.5404,23.2424,22.9444,22.6464,22.3485,True,False,False,False,False,False,False,False,False,False,False,False,False,False,False,False,False,False,False,False,False,False,False,False,False
GOOGL,2014-09-10,29.308109523705784,29.406177260647805,29.08027798287368,29.39131736755371,23202000,2014,9,36,Wednesday,29.2965,29.319503784179688,0.24,-0.04,-0.82,0.24,0.82,0,0.0,29.0263,28.7331,28.4399,28.1467,27.8535,27.5603,27.2671,26.9739,26.6807,26.3876,26.0944,25.8012,25.508,25.2148,24.9216,24.6284,24.3352,24.042,23.7488,23.4556,23.1624,22.8692,22.576,22.2828,21.9896,False,False,False,False,False,False,False,False,False,False,False,False,False,False,False,False,False,False,False,False,False,False,False,False,False
GOOGL,2014-09-11,29.22193579671744,29.318516619811216,29.025802171291136,29.276912689208984,30028000,2014,9,36,Thursday,29.2108,29.39131736755371,-0.39,-0.58,-1.24,-0.39,1.24,1,29.0974,29.0974,28.8035,28.5096,28.2157,27.9218,27.6278,27.3339,27.04,26.7461,26.4522,26.1583,25.8644,25.5704,25.2765,24.9826,24.6887,24.3948,24.1009,23.807,23.5131,23.2191,22.9252,22.6313,22.3374,22.0435,True,False,False,False,False,False,False,False,False,False,False,False,False,False,False,False,False,False,False,False,False,False,False,False,False
GOOGL,2014-09-12,29.24124992059349,29.295234888595825,28.8890996997166,28.969337463378903,37030000,2014,9,36,Friday,29.0987,29.276912689208984,-1.05,-0.12,-1.32,-1.05,1.32,1,28.9841,28.9841,28.6914,28.3986,28.1058,27.8131,27.5203,27.2275,26.9348,26.642,26.3492,26.0565,25.7637,25.4709,25.1781,24.8854,24.5926,24.2998,24.0071,23.7143,23.4215,23.1288,22.836,22.5432,22.2505,21.9577,True,False,False,False,False,False,False,False,False,False,False,False,False,False,False,False,False,False,False,False,False,False,False,False,False
GOOGL,2014-09-15,28.837588781966524,28.92079663225759,28.578554279633284,28.8078727722168,30908000,2014,9,37,Monday,28.7862,28.969337463378903,-0.56,-0.45,-1.35,-0.56,1.35,1,28.6796,28.6796,28.39,28.1003,27.8106,27.5209,27.2312,26.9415,26.6518,26.3621,26.0724,25.7827,25.493,25.2033,24.9136,24.6239,24.3342,24.0446,23.7549,23.4652,23.1755,22.8858,22.5961,22.3064,22.0167,21.727,True,False,False,False,False,False,False,False,False,False,False,False,False,False,False,False,False,False,False,False,False,False,False,False,False
GOOGL,2014-09-16,28.77369647752961,29.229359572751,28.77369647752961,29.1615047454834,31592000,2014,9,37,Tuesday,28.9846,28.8078727722168,1.23,-0.12,-0.12,1.23,0.12,0,0.0,28.5198,28.2317,27.9436,27.6556,27.3675,27.0794,26.7913,26.5032,26.2152,25.9271,25.639,25.3509,25.0628,24.7748,24.4867,24.1986,23.9105,23.6225,23.3344,23.0463,22.7582,22.4701,22.1821,21.894,21.6059,False,False,False,False,False,False,False,False,False,False,False,False,False,False,False,False,False,False,False,False,False,False,False,False,False
GOOGL,2014-09-17,29.19766430181364,29.52257170002819,29.07929149374148,29.3848819732666,34390000,2014,9,37,Wednesday,29.2961,29.1615047454834,0.77,0.12,-0.28,0.77,0.28,0,0.0,28.8699,28.5783,28.2867,27.995,27.7034,27.4118,27.1202,26.8286,26.537,26.2454,25.9537,25.6621,25.3705,25.0789,24.7873,24.4957,24.204,23.9124,23.6208,23.3292,23.0376,22.746,22.4544,22.1627,21.8711,False,False,False,False,False,False,False,False,False,False,False,False,False,False,False,False,False,False,False,False,False,False,False,False,False
GOOGL,2014-09-18,29.47205268292205,29.596369444558,29.371507973550667,29.582006454467773,29890000,2014,9,37,Thursday,29.5055,29.3848819732666,0.67,0.3,-0.05,0.67,0.05,0,0.0,29.091,28.7972,28.5033,28.2095,27.9156,27.6218,27.3279,27.0341,26.7402,26.4464,26.1525,25.8587,25.5648,25.271,24.9771,24.6833,24.3895,24.0956,23.8018,23.5079,23.2141,22.9202,22.6264,22.3325,22.0387,False,False,False,False,False,False,False,False,False,False,False,False,False,False,False,False,False,False,False,False,False,False,False,False,False
GOOGL,2014-09-19,29.691958154065084,29.98467254638672,29.606273345050653,29.98467254638672,83832000,2014,9,37,Friday,29.8169,29.582006454467773,1.36,0.37,0.08,1.36,-0.08,0,0.0,29.2862,28.9904,28.6945,28.3987,28.1029,27.8071,27.5113,27.2154,26.9196,26.6238,26.328,26.0322,25.7363,25.4405,25.1447,24.8489,24.5531,24.2572,23.9614,23.6656,23.3698,23.074,22.7781,22.4823,22.1865,False,False,False,False,False,False,False,False,False,False,False,False,False,False,False,False,False,False,False,False,False,False,False,False,False
GOOGL,2014-09-22,29.84104095911912,29.90542879643623,29.37646190146656,29.582006454467773,35644000,2014,9,38,Monday,29.6762,29.98467254638672,-1.34,-0.48,-2.03,-1.34,2.03,2,59.0698,29.6848,29.385,29.0851,28.7853,28.4854,28.1856,27.8857,27.5859,27.2861,26.9862,26.6864,26.3865,26.0867,25.7868,25.487,25.1871,24.8873,24.5874,24.2876,23.9877,23.6879,23.388,23.0882,22.7884,22.4885,True,True,False,False,False,False,False,False,False,False,False,False,False,False,False,False,False,False,False,False,False,False,False,False,False
GOOGL,2014-09-23,29.469572210977702,29.551295007532502,29.233814771737308,29.280372619628903,28074000,2014,9,38,Tuesday,29.3838,29.582006454467773,-1.02,-0.38,-1.18,-1.02,1.18,1,29.2862,29.2862,28.9904,28.6945,28.3987,28.1029,27.8071,27.5113,27.2154,26.9196,26.6238,26.328,26.0322,25.7363,25.4405,25.1447,24.8489,24.5531,24.2572,23.9614,23.6656,23.3698,23.074,22.7781,22.4823,22.1865,True,False,False,False,False,False,False,False,False,False,False,False,False,False,False,False,False,False,False,False,False,False,False,False,False
GOOGL,2014-09-24,29.29969520461747,29.722670368244938,29.23679240736973,29.638965606689453,35160000,2014,9,38,Wednesday,29.4745,29.280372619628903,1.22,0.07,-0.15,1.22,0.15,0,0.0,28.9876,28.6948,28.402,28.1092,27.8164,27.5236,27.2307,26.9379,26.6451,26.3523,26.0595,25.7667,25.4739,25.1811,24.8883,24.5955,24.3027,24.0099,23.7171,23.4243,23.1315,22.8387,22.5459,22.2531,21.9603,False,False,False,False,False,False,False,False,False,False,False,False,False,False,False,False,False,False,False,False,False,False,False,False,False
GOOGL,2014-09-25,29.568138260230523,29.62162821148436,28.96141057218385,28.986671447753903,33420000,2014,9,38,Thursday,29.2845,29.638965606689453,-2.2,-0.24,-2.29,-2.2,2.29,2,58.3888,29.3426,29.0462,28.7498,28.4534,28.157,27.8606,27.5642,27.2678,26.9715,26.6751,26.3787,26.0823,25.7859,25.4895,25.1931,24.8967,24.6003,24.304,24.0076,23.7112,23.4148,23.1184,22.822,22.5256,22.2292,True,True,False,False,False,False,False,False,False,False,False,False,False,False,False,False,False,False,False,False,False,False,False,False,False
GOOGL,2014-09-26,29.02034910067976,29.200634663687044,28.974288152455003,29.11792182922364,25782000,2014,9,38,Friday,29.0783,28.986671447753903,0.45,0.12,-0.04,0.45,0.04,0,0.0,28.6968,28.4069,28.1171,27.8272,27.5373,27.2475,26.9576,26.6677,26.3779,26.088,25.7981,25.5083,25.2184,24.9285,24.6387,24.3488,24.0589,23.7691,23.4792,23.1893,22.8995,22.6096,22.3197,22.0299,21.74,False,False,False,False,False,False,False,False,False,False,False,False,False,False,False,False,False,False,False,False,False,False,False,False,False
GOOGL,2014-09-29,28.81728105226756,29.18775624921805,28.80440499676472,29.11346244812012,22874000,2014,9,39,Monday,28.9807,29.11792182922364,-0.02,-1.03,-1.08,-0.02,1.08,1,28.8267,28.8267,28.5356,28.2444,27.9532,27.662,27.3708,27.0797,26.7885,26.4973,26.2061,25.915,25.6238,25.3326,25.0414,24.7502,24.4591,24.1679,23.8767,23.5855,23.2943,23.0032,22.712,22.4208,22.1296,21.8384,True,False,False,False,False,False,False,False,False,False,False,False,False,False,False,False,False,False,False,False,False,False,False,False,False
GOOGL,2014-09-30,29.097614913800783,29.27145961508956,28.949524213330022,29.14318084716797,31430000,2014,9,39,Tuesday,29.1154,29.11346244812012,0.1,-0.05,-0.56,0.1,0.56,0,0.0,28.8223,28.5312,28.2401,27.9489,27.6578,27.3667,27.0755,26.7844,26.4933,26.2021,25.911,25.6198,25.3287,25.0376,24.7464,24.4553,24.1642,23.873,23.5819,23.2908,22.9996,22.7085,22.4174,22.1262,21.8351,False,False,False,False,False,False,False,False,False,False,False,False,False,False,False,False,False,False,False,False,False,False,False,False,False
GOOGL,2014-10-01,29.06344478525873,29.15854056568427,28.62858167411508,28.708324432373047,28954000,2014,10,39,Wednesday,28.8897,29.14318084716797,-1.49,-0.27,-1.77,-1.49,1.77,1,28.8517,28.8517,28.5603,28.2689,27.9775,27.686,27.3946,27.1032,26.8117,26.5203,26.2289,25.9374,25.646,25.3546,25.0631,24.7717,24.4803,24.1888,23.8974,23.606,23.3145,23.0231,22.7317,22.4402,22.1488,21.8574,True,False,False,False,False,False,False,False,False,False,False,False,False,False,False,False,False,False,False,False,False,False,False,False,False
GOOGL,2014-10-02,28.62758759647833,28.88711900662361,28.43194900902957,28.77023124694824,30726000,2014,10,39,Thursday,28.6792,28.708324432373047,0.22,-0.28,-0.96,0.22,0.96,0,0.0,28.4212,28.1342,27.8471,27.56,27.2729,26.9858,26.6987,26.4117,26.1246,25.8375,25.5504,25.2633,24.9762,24.6892,24.4021,24.115,23.8279,23.5408,23.2537,22.9667,22.6796,22.3925,22.1054,21.8183,21.5312,False,False,False,False,False,False,False,False,False,False,False,False,False,False,False,False,False,False,False,False,False,False,False,False,False
GOOGL,2014-10-03,28.92971469243434,29.1372393184825,28.89999679113323,29.03620147705078,24290000,2014,10,39,Friday,29.0008,28.77023124694824,0.92,0.55,0.45,0.92,-0.45,0,0.0,28.4825,28.1948,27.9071,27.6194,27.3317,27.044,26.7563,26.4686,26.1809,25.8932,25.6055,25.3178,25.0301,24.7424,24.4547,24.167,23.8793,23.5916,23.3039,23.0162,22.7285,22.4408,22.1531,21.8654,21.5777,False,False,False,False,False,False,False,False,False,False,False,False,False,False,False,False,False,False,False,False,False,False,False,False,False
GOOGL,2014-10-06,29.219453424365213,29.34080008886572,28.994098841979607,29.11197662353516,25722000,2014,10,40,Monday,29.1666,29.03620147705078,0.26,0.63,-0.15,0.26,0.15,0,0.0,28.7458,28.4555,28.1651,27.8748,27.5844,27.294,27.0037,26.7133,26.4229,26.1326,25.8422,25.5519,25.2615,24.9711,24.6808,24.3904,24.1,23.8097,23.5193,23.229,22.9386,22.6482,22.3579,22.0675,21.7772,False,False,False,False,False,False,False,False,False,False,False,False,False,False,False,False,False,False,False,False,False,False,False,False,False
GOOGL,2014-10-07,28.969338140796417,29.01638912212842,28.43442726135254,28.43442726135254,30914000,2014,10,40,Tuesday,28.7136,29.11197662353516,-2.33,-0.49,-2.33,-2.33,2.33,2,57.3506,28.8209,28.5297,28.2386,27.9475,27.6564,27.3653,27.0741,26.783,26.4919,26.2008,25.9097,25.6185,25.3274,25.0363,24.7452,24.4541,24.1629,23.8718,23.5807,23.2896,22.9985,22.7073,22.4162,22.1251,21.834,True,True,False,False,False,False,False,False,False,False,False,False,False,False,False,False,False,False,False,False,False,False,False,False,False
GOOGL,2014-10-08,28.468602205438263,28.958937178595345,28.11447191631648,28.911884307861328,44158000,2014,10,40,Wednesday,28.6135,28.43442726135254,1.68,0.12,-1.13,1.68,1.13,1,28.1501,28.1501,27.8657,27.5814,27.2971,27.0127,26.7284,26.444,26.1597,25.8753,25.591,25.3066,25.0223,24.738,24.4536,24.1693,23.8849,23.6006,23.3162,23.0319,22.7475,22.4632,22.1789,21.8945,21.6102,21.3258,True,False,False,False,False,False,False,False,False,False,False,False,False,False,False,False,False,False,False,False,False,False,False,False,False
GOOGL,2014-10-09,28.80638764507176,28.85195358175086,28.18331686926128,28.2714786529541,48234000,2014,10,40,Thursday,28.5283,28.911884307861328,-2.22,-0.36,-2.52,-2.22,2.52,2,56.9564,28.6228,28.3336,28.0445,27.7554,27.4663,27.1772,26.8881,26.5989,26.3098,26.0207,25.7316,25.4425,25.1533,24.8642,24.5751,24.286,23.9969,23.7077,23.4186,23.1295,22.8404,22.5513,22.2622,21.973,21.6839,True,True,False,False,False,False,False,False,False,False,False,False,False,False,False,False,False,False,False,False,False,False,False,False,False
GOOGL,2014-10-10,28.106051716845045,28.490393016475583,27.488923037291,27.497838973999023,59574000,2014,10,40,Friday,27.8958,28.2714786529541,-2.74,-0.59,-2.77,-2.74,2.77,2,55.6948,27.9888,27.706,27.4233,27.1406,26.8579,26.5752,26.2925,26.0098,25.727,25.4443,25.1616,24.8789,24.5962,24.3135,24.0308,23.748,23.4653,23.1826,22.8999,22.6172,22.3345,22.0518,21.769,21.4863,21.2036,True,True,False,False,False,False,False,False,False,False,False,False,False,False,False,False,False,False,False,False,False,False,False,False,False
GOOGL,2014-10-13,27.494867572441933,27.779657976347604,26.96491063167172,26.980758666992188,55116000,2014,10,41,Monday,27.305,27.497838973999023,-1.88,-0.01,-1.94,-1.88,1.94,1,27.2229,27.2229,26.9479,26.6729,26.3979,26.1229,25.848,25.573,25.298,25.023,24.7481,24.4731,24.1981,23.9231,23.6481,23.3732,23.0982,22.8232,22.5482,22.2732,21.9983,21.7233,21.4483,21.1733,20.8984,20.6234,True,False,False,False,False,False,False,False,False,False,False,False,False,False,False,False,False,False,False,False,False,False,False,False,False
GOOGL,2014-10-14,27.24771634036185,27.668214478827235,26.968374907606787,27.175899505615234,52198000,2014,10,41,Tuesday,27.2651,26.980758666992188,0.72,0.99,-0.05,0.72,0.05,0,0.0,26.711,26.4411,26.1713,25.9015,25.6317,25.3619,25.0921,24.8223,24.5525,24.2827,24.0129,23.7431,23.4733,23.2035,22.9336,22.6638,22.394,22.1242,21.8544,21.5846,21.3148,21.045,20.7752,20.5054,20.2356,False,False,False,False,False,False,False,False,False,False,False,False,False,False,False,False,False,False,False,False,False,False,False,False,False
GOOGL,2014-10-15,26.84851727030137,26.939649139421093,26.171954682060463,26.78165435791016,76720000,2014,10,41,Wednesday,26.6854,27.175899505615234,-1.45,-1.2,-3.69,-1.45,3.69,3,79.8971,26.9041,26.6324,26.3606,26.0889,25.8171,25.5453,25.2736,25.0018,24.7301,24.4583,24.1866,23.9148,23.643,23.3713,23.0995,22.8278,22.556,22.2842,22.0125,21.7407,21.469,21.1972,20.9254,20.6537,20.3819,True,True,True,False,False,False,False,False,False,False,False,False,False,False,False,False,False,False,False,False,False,False,False,False,False
GOOGL,2014-10-16,26.10162020321575,26.79452571994885,26.00008548105848,26.59294509887696,76100000,2014,10,41,Thursday,26.3723,26.78165435791016,-0.7,-2.54,-2.92,-0.7,2.92,2,52.7599,26.5138,26.246,25.9782,25.7104,25.4426,25.1748,24.9069,24.6391,24.3713,24.1035,23.8357,23.5679,23.3,23.0322,22.7644,22.4966,22.2288,21.961,21.6931,21.4253,21.1575,20.8897,20.6219,20.3541,20.0862,True,True,False,False,False,False,False,False,False,False,False,False,False,False,False,False,False,False,False,False,False,False,False,False,False
GOOGL,2014-10-17,26.76778162957674,26.91636922231856,25.67616992975884,25.90202140808105,119930000,2014,10,41,Friday,26.3156,26.59294509887696,-2.6,0.66,-3.45,-2.6,3.45,3,78.1833,26.327,26.0611,25.7952,25.5292,25.2633,24.9974,24.7314,24.4655,24.1996,23.9337,23.6677,23.4018,23.1359,22.8699,22.604,22.3381,22.0721,21.8062,21.5403,21.2744,21.0084,20.7425,20.4766,20.2106,19.9447,True,True,True,False,False,False,False,False,False,False,False,False,False,False,False,False,False,False,False,False,False,False,False,False,False
GOOGL,2014-10-20,25.777210007501985,26.40672160409116,25.71232904543613,26.368087768554688,54964000,2014,10,42,Monday,26.0661,25.90202140808105,1.8,-0.48,-0.73,1.8,0.73,0,0.0,25.643,25.384,25.125,24.8659,24.6069,24.3479,24.0889,23.8299,23.5708,23.3118,23.0528,22.7938,22.5348,22.2757,22.0167,21.7577,21.4987,21.2397,20.9806,20.7216,20.4626,20.2036,19.9446,19.6855,19.4265,False,False,False,False,False,False,False,False,False,False,False,False,False,False,False,False,False,False,False,False,False,False,False,False,False
GOOGL,2014-10-21,26.61028441392808,26.684576328004063,26.260116153019474,26.647926330566406,49190000,2014,10,42,Tuesday,26.5507,26.368087768554688,1.06,0.92,-0.41,1.06,0.41,0,0.0,26.1044,25.8407,25.577,25.3134,25.0497,24.786,24.5223,24.2586,23.995,23.7313,23.4676,23.2039,22.9402,22.6766,22.4129,22.1492,21.8855,21.6218,21.3582,21.0945,20.8308,20.5671,20.3034,20.0397,19.7761,False,False,False,False,False,False,False,False,False,False,False,False,False,False,False,False,False,False,False,False,False,False,False,False,False
GOOGL,2014-10-22,26.797502980189734,27.27842699100946,26.756889083321703,26.87873077392578,59474000,2014,10,42,Wednesday,26.9279,26.647926330566406,0.87,0.56,0.41,0.87,-0.41,0,0.0,26.3814,26.115,25.8485,25.582,25.3155,25.0491,24.7826,24.5161,24.2496,23.9831,23.7167,23.4502,23.1837,22.9172,22.6507,22.3843,22.1178,21.8513,21.5848,21.3183,21.0519,20.7854,20.5189,20.2524,19.9859,False,False,False,False,False,False,False,False,False,False,False,False,False,False,False,False,False,False,False,False,False,False,False,False,False
GOOGL,2014-10-23,27.15559372791148,27.60729671712036,27.01790400982356,27.42156410217285,43026000,2014,10,42,Thursday,27.3006,26.87873077392578,2.02,1.03,0.52,2.02,-0.52,0,0.0,26.6099,26.3412,26.0724,25.8036,25.5348,25.266,24.9972,24.7284,24.4596,24.1909,23.9221,23.6533,23.3845,23.1157,22.8469,22.5781,22.3093,22.0406,21.7718,21.503,21.2342,20.9654,20.6966,20.4278,20.159,False,False,False,False,False,False,False,False,False,False,False,False,False,False,False,False,False,False,False,False,False,False,False,False,False
GOOGL,2014-10-24,27.487437517054943,27.48842754688207,27.00106458141214,27.1863021850586,43508000,2014,10,42,Friday,27.2908,27.42156410217285,-0.86,0.24,-1.53,-0.86,1.53,1,27.1473,27.1473,26.8731,26.5989,26.3247,26.0505,25.7763,25.5021,25.2278,24.9536,24.6794,24.4052,24.131,23.8568,23.5825,23.3083,23.0341,22.7599,22.4857,22.2115,21.9373,21.663,21.3888,21.1146,20.8404,20.5662,True,False,False,False,False,False,False,False,False,False,False,False,False,False,False,False,False,False,False,False,False,False,False,False,False
GOOGL,2014-10-27,27.129840549155965,27.438899901860143,27.10210459873661,27.234840393066406,31934000,2014,10,43,Monday,27.2264,27.1863021850586,0.18,-0.21,-0.31,0.18,0.31,0,0.0,26.9144,26.6426,26.3707,26.0989,25.827,25.5551,25.2833,25.0114,24.7395,24.4677,24.1958,23.9239,23.6521,23.3802,23.1084,22.8365,22.5646,22.2928,22.0209,21.749,21.4772,21.2053,20.9335,20.6616,20.3897,False,False,False,False,False,False,False,False,False,False,False,False,False,False,False,False,False,False,False,False,False,False,False,False,False
GOOGL,2014-10-28,27.32547858814181,27.69644691756005,27.26208078176207,27.683570861816406,34774000,2014,10,43,Tuesday,27.4919,27.234840393066406,1.65,0.33,0.1,1.65,-0.1,0,0.0,26.9625,26.6901,26.4178,26.1454,25.8731,25.6007,25.3284,25.0561,24.7837,24.5114,24.239,23.9667,23.6943,23.422,23.1496,22.8773,22.6049,22.3326,22.0602,21.7879,21.5155,21.2432,20.9708,20.6985,20.4261,False,False,False,False,False,False,False,False,False,False,False,False,False,False,False,False,False,False,False,False,False,False,False,False,False
GOOGL,2014-10-29,27.778173405004143,27.98223293675738,27.53696885645275,27.65930557250977,41066000,2014,10,43,Wednesday,27.7392,27.683570861816406,-0.09,0.34,-0.53,-0.09,0.53,0,0.0,27.4067,27.1299,26.8531,26.5762,26.2994,26.0226,25.7457,25.4689,25.192,24.9152,24.6384,24.3615,24.0847,23.8079,23.531,23.2542,22.9774,22.7005,22.4237,22.1469,21.87,21.5932,21.3163,21.0395,20.7627,False,False,False,False,False,False,False,False,False,False,False,False,False,False,False,False,False,False,False,False,False,False,False,False,False
GOOGL,2014-10-30,27.649395253337143,27.859891836001857,27.346279872000785,27.74944305419922,32250000,2014,10,43,Thursday,27.6513,27.65930557250977,0.33,-0.04,-1.13,0.33,1.13,1,27.3827,27.3827,27.1061,26.8295,26.5529,26.2763,25.9997,25.7232,25.4466,25.17,24.8934,24.6168,24.3402,24.0636,23.787,23.5104,23.2338,22.9572,22.6806,22.404,22.1274,21.8509,21.5743,21.2977,21.0211,20.7445,True,False,False,False,False,False,False,False,False,False,False,False,False,False,False,False,False,False,False,False,False,False,False,False,False
GOOGL,2014-10-31,28.147160989096257,28.168457967240524,27.974304421189853,28.12586212158203,46810000,2014,10,43,Friday,28.1039,27.74944305419922,1.36,1.43,0.81,1.36,-0.81,0,0.0,27.4719,27.1945,26.917,26.6395,26.362,26.0845,25.807,25.5295,25.252,24.9745,24.697,24.4195,24.142,23.8645,23.587,23.3095,23.032,22.7545,22.477,22.1996,21.9221,21.6446,21.3671,21.0896,20.8121,False,False,False,False,False,False,False,False,False,False,False,False,False,False,False,False,False,False,False,False,False,False,False,False,False
GOOGL,2014-11-03,27.91090450265343,28.09019812831108,27.816798777367264,27.92279052734375,30834000,2014,11,44,Monday,27.9352,28.12586212158203,-0.72,-0.76,-1.1,-0.72,1.1,1,27.8446,27.8446,27.5633,27.2821,27.0008,26.7196,26.4383,26.1571,25.8758,25.5945,25.3133,25.032,24.7508,24.4695,24.1882,23.907,23.6257,23.3445,23.0632,22.7819,22.5007,22.2194,21.9382,21.6569,21.3757,21.0944,True,False,False,False,False,False,False,False,False,False,False,False,False,False,False,False,False,False,False,False,False,False,False,False,False
GOOGL,2014-11-04,27.79352891745365,27.973317604379417,27.651877167470605,27.94359970092773,27726000,2014,11,44,Tuesday,27.8406,27.92279052734375,0.07,-0.46,-0.97,0.07,0.97,0,0.0,27.6436,27.3643,27.0851,26.8059,26.5267,26.2474,25.9682,25.689,25.4097,25.1305,24.8513,24.5721,24.2928,24.0136,23.7344,23.4551,23.1759,22.8967,22.6175,22.3382,22.059,21.7798,21.5005,21.2213,20.9421,False,False,False,False,False,False,False,False,False,False,False,False,False,False,False,False,False,False,False,False,False,False,False,False,False
GOOGL,2014-11-05,28.07237140891822,28.077818462353992,27.446328690935854,27.53548049926757,32906000,2014,11,44,Wednesday,27.783,27.94359970092773,-1.46,0.46,-1.78,-1.46,1.78,1,27.6642,27.6642,27.3847,27.1053,26.8259,26.5464,26.267,25.9875,25.7081,25.4287,25.1492,24.8698,24.5904,24.3109,24.0315,23.7521,23.4726,23.1932,22.9138,22.6343,22.3549,22.0754,21.796,21.5166,21.2371,20.9577,True,False,False,False,False,False,False,False,False,False,False,False,False,False,False,False,False,False,False,False,False,False,False,False,False
GOOGL,2014-11-06,27.51319420937544,27.57758205246463,27.269512702804565,27.32448959350586,33014000,2014,11,44,Thursday,27.4212,27.53548049926757,-0.77,-0.08,-0.97,-0.77,0.97,0,0.0,27.2601,26.9848,26.7094,26.4341,26.1587,25.8834,25.608,25.3326,25.0573,24.7819,24.5066,24.2312,23.9559,23.6805,23.4052,23.1298,22.8544,22.5791,22.3037,22.0284,21.753,21.4777,21.2023,20.927,20.6516,False,False,False,False,False,False,False,False,False,False,False,False,False,False,False,False,False,False,False,False,False,False,False,False,False
GOOGL,2014-11-07,27.51814645467454,27.51814645467454,27.20859207906145,27.3309268951416,31782000,2014,11,44,Friday,27.394,27.32448959350586,0.02,0.71,-0.42,0.02,0.42,0,0.0,27.0512,26.778,26.5048,26.2315,25.9583,25.685,25.4118,25.1385,24.8653,24.592,24.3188,24.0456,23.7723,23.4991,23.2258,22.9526,22.6793,22.4061,22.1328,21.8596,21.5863,21.3131,21.0399,20.7666,20.4934,False,False,False,False,False,False,False,False,False,False,False,False,False,False,False,False,False,False,False,False,False,False,False,False,False
GOOGL,2014-11-10,27.35965457220041,27.76727480377026,27.32102073536073,27.648406982421875,26090000,2014,11,45,Monday,27.5241,27.3309268951416,1.16,0.11,-0.04,1.16,0.04,0,0.0,27.0576,26.7843,26.511,26.2377,25.9644,25.6911,25.4178,25.1445,24.8711,24.5978,24.3245,24.0512,23.7779,23.5046,23.2313,22.958,22.6847,22.4114,22.1381,21.8647,21.5914,21.3181,21.0448,20.7715,20.4982,False,False,False,False,False,False,False,False,False,False,False,False,False,False,False,False,False,False,False,False,False,False,False,False,False
GOOGL,2014-11-11,27.662770193777497,27.85989383086624,27.549844440035564,27.79996490478516,21966000,2014,11,45,Tuesday,27.7181,27.648406982421875,0.55,0.05,-0.36,0.55,0.36,0,0.0,27.3719,27.0954,26.819,26.5425,26.266,25.9895,25.713,25.4365,25.1601,24.8836,24.6071,24.3306,24.0541,23.7776,23.5011,23.2247,22.9482,22.6717,22.3952,22.1187,21.8422,21.5658,21.2893,21.0128,20.7363,False,False,False,False,False,False,False,False,False,False,False,False,False,False,False,False,False,False,False,False,False,False,False,False,False
GOOGL,2014-11-12,27.7930286612216,27.797980699511264,27.51319031892516,27.649394989013672,21882000,2014,11,45,Wednesday,27.6884,27.79996490478516,-0.54,-0.02,-1.03,-0.54,1.03,1,27.522,27.522,27.244,26.966,26.688,26.41,26.132,25.854,25.576,25.298,25.02,24.742,24.464,24.186,23.908,23.63,23.352,23.074,22.796,22.518,22.24,21.962,21.684,21.406,21.128,20.85,True,False,False,False,False,False,False,False,False,False,False,False,False,False,False,False,False,False,False,False,False,False,False,False,False
GOOGL,2014-11-13,27.77618823029594,27.77668324517941,27.44335495973458,27.55974769592285,30220000,2014,11,45,Thursday,27.639,27.649394989013672,-0.32,0.46,-0.75,-0.32,0.75,0,0.0,27.3729,27.0964,26.8199,26.5434,26.2669,25.9904,25.7139,25.4374,25.1609,24.8845,24.608,24.3315,24.055,23.7785,23.502,23.2255,22.949,22.6725,22.396,22.1195,21.843,21.5665,21.29,21.0135,20.737,False,False,False,False,False,False,False,False,False,False,False,False,False,False,False,False,False,False,False,False,False,False,False,False,False
GOOGL,2014-11-14,27.637013741913098,27.637013741913098,27.36510128944249,27.497838973999023,28502000,2014,11,45,Friday,27.5342,27.55974769592285,-0.22,0.28,-0.71,-0.22,0.71,0,0.0,27.2842,27.0086,26.733,26.4574,26.1818,25.9062,25.6306,25.355,25.0794,24.8038,24.5282,24.2526,23.977,23.7014,23.4258,23.1502,22.8746,22.599,22.3234,22.0478,21.7722,21.4966,21.221,20.9454,20.6698,False,False,False,False,False,False,False,False,False,False,False,False,False,False,False,False,False,False,False,False,False,False,False,False,False
GOOGL,2014-11-17,27.49783765377932,27.49783765377932,26.96540378571984,27.07436752319336,33612000,2014,11,46,Monday,27.2589,27.497838973999023,-1.54,-0.0,-1.94,-1.54,1.94,1,27.2229,27.2229,26.9479,26.6729,26.3979,26.1229,25.848,25.573,25.298,25.023,24.7481,24.4731,24.1981,23.9231,23.6481,23.3732,23.0982,22.8232,22.5482,22.2732,21.9983,21.7233,21.4483,21.1733,20.8984,20.6234,True,False,False,False,False,False,False,False,False,False,False,False,False,False,False,False,False,False,False,False,False,False,False,False,False
GOOGL,2014-11-18,27.13826167210951,27.37897119714618,26.933709022009083,26.968873977661133,36440000,2014,11,46,Tuesday,27.105,27.07436752319336,-0.39,0.24,-0.52,-0.39,0.52,0,0.0,26.8036,26.5329,26.2621,25.9914,25.7206,25.4499,25.1792,24.9084,24.6377,24.3669,24.0962,23.8254,23.5547,23.284,23.0132,22.7425,22.4717,22.201,21.9302,21.6595,21.3888,21.118,20.8473,20.5765,20.3058,False,False,False,False,False,False,False,False,False,False,False,False,False,False,False,False,False,False,False,False,False,False,False,False,False
GOOGL,2014-11-19,26.980757516400573,27.152622159153857,26.7053780760662,27.10210418701172,30346000,2014,11,46,Wednesday,26.9852,26.968873977661133,0.49,0.04,-0.98,0.49,0.98,0,0.0,26.6992,26.4295,26.1598,25.8901,25.6204,25.3507,25.0811,24.8114,24.5417,24.272,24.0023,23.7326,23.4629,23.1932,22.9235,22.6539,22.3842,22.1145,21.8448,21.5751,21.3054,21.0357,20.766,20.4963,20.2267,False,False,False,False,False,False,False,False,False,False,False,False,False,False,False,False,False,False,False,False,False,False,False,False,False
GOOGL,2014-11-20,26.849009811891328,27.011958506343326,26.819788819272688,26.93172264099121,35016000,2014,11,46,Thursday,26.9031,27.10210418701172,-0.63,-0.93,-1.04,-0.63,1.04,1,26.8311,26.8311,26.5601,26.289,26.018,25.747,25.476,25.205,24.9339,24.6629,24.3919,24.1209,23.8499,23.5788,23.3078,23.0368,22.7658,22.4947,22.2237,21.9527,21.6817,21.4107,21.1396,20.8686,20.5976,20.3266,True,False,False,False,False,False,False,False,False,False,False,False,False,False,False,False,False,False,False,False,False,False,False,False,False
GOOGL,2014-11-21,27.29229440672219,27.29229440672219,26.993141018711224,27.037221908569336,50120000,2014,11,46,Friday,27.1537,26.93172264099121,0.39,1.34,0.23,0.39,-0.23,0,0.0,26.6624,26.3931,26.1238,25.8545,25.5851,25.3158,25.0465,24.7772,24.5079,24.2386,23.9692,23.6999,23.4306,23.1613,22.892,22.6226,22.3533,22.084,21.8147,21.5454,21.2761,21.0067,20.7374,20.4681,20.1988,False,False,False,False,False,False,False,False,False,False,False,False,False,False,False,False,False,False,False,False,False,False,False,False,False
GOOGL,2014-11-24,27.070901599580907,27.29972319007625,26.95104186149624,27.1159725189209,33076000,2014,11,47,Monday,27.1094,27.037221908569336,0.29,0.12,-0.32,0.29,0.32,0,0.0,26.7668,26.4965,26.2261,25.9557,25.6854,25.415,25.1446,24.8742,24.6039,24.3335,24.0631,23.7928,23.5224,23.252,22.9816,22.7113,22.4409,22.1705,21.9001,21.6298,21.3594,21.089,20.8187,20.5483,20.2779,False,False,False,False,False,False,False,False,False,False,False,False,False,False,False,False,False,False,False,False,False,False,False,False,False
GOOGL,2014-11-25,27.10260035475484,27.364606846146287,27.087742349301017,27.2026481628418,38072000,2014,11,47,Tuesday,27.1894,27.1159725189209,0.32,-0.05,-0.1,0.32,0.1,0,0.0,26.8448,26.5737,26.3025,26.0313,25.7602,25.489,25.2179,24.9467,24.6755,24.4044,24.1332,23.8621,23.5909,23.3197,23.0486,22.7774,22.5063,22.2351,21.9639,21.6928,21.4216,21.1505,20.8793,20.6081,20.337,False,False,False,False,False,False,False,False,False,False,False,False,False,False,False,False,False,False,False,False,False,False,False,False,False
GOOGL,2014-11-26,27.202646921515285,27.234839894986163,27.00453137411173,27.128353118896484,29604000,2014,11,47,Wednesday,27.1426,27.2026481628418,-0.27,-0.0,-0.73,-0.27,0.73,0,0.0,26.9306,26.6586,26.3866,26.1145,25.8425,25.5705,25.2985,25.0264,24.7544,24.4824,24.2104,23.9383,23.6663,23.3943,23.1223,22.8502,22.5782,22.3062,22.0341,21.7621,21.4901,21.2181,20.946,20.674,20.402,False,False,False,False,False,False,False,False,False,False,False,False,False,False,False,False,False,False,False,False,False,False,False,False,False
GOOGL,2014-11-28,27.0921992533206,27.22097304188111,26.967387473572263,27.195219039916992,24202000,2014,11,47,Friday,27.1189,27.128353118896484,0.25,-0.13,-0.59,0.25,0.59,0,0.0,26.8571,26.5858,26.3145,26.0432,25.7719,25.5007,25.2294,24.9581,24.6868,24.4155,24.1442,23.873,23.6017,23.3304,23.0591,22.7878,22.5165,22.2452,21.974,21.7027,21.4314,21.1601,20.8888,20.6175,20.3463,False,False,False,False,False,False,False,False,False,False,False,False,False,False,False,False,False,False,False,False,False,False,False,False,False
GOOGL,2014-12-01,26.997600182578363,27.18085774418476,26.677149791302867,26.72816467285156,39888000,2014,12,48,Monday,26.8959,27.195219039916992,-1.72,-0.73,-1.91,-1.72,1.91,1,26.9233,26.9233,26.6513,26.3794,26.1074,25.8355,25.5635,25.2916,25.0196,24.7476,24.4757,24.2037,23.9318,23.6598,23.3879,23.1159,22.844,22.572,22.3001,22.0281,21.7562,21.4842,21.2123,20.9403,20.6684,20.3964,True,False,False,False,False,False,False,False,False,False,False,False,False,False,False,False,False,False,False,False,False,False,False,False,False
GOOGL,2014-12-02,26.71825504029213,26.83712474261209,26.48101253991527,26.675661087036133,41480000,2014,12,48,Tuesday,26.678,26.72816467285156,-0.2,-0.04,-0.92,-0.2,0.92,0,0.0,26.4609,26.1936,25.9263,25.659,25.3918,25.1245,24.8572,24.5899,24.3226,24.0553,23.7881,23.5208,23.2535,22.9862,22.7189,22.4517,22.1844,21.9171,21.6498,21.3825,21.1153,20.848,20.5807,20.3134,20.0461,False,False,False,False,False,False,False,False,False,False,False,False,False,False,False,False,False,False,False,False,False,False,False,False,False
GOOGL,2014-12-03,26.621677466936376,26.815334118420385,26.50825669340678,26.59542655944824,32476000,2014,12,48,Wednesday,26.6352,26.675661087036133,-0.3,-0.2,-0.63,-0.3,0.63,0,0.0,26.4089,26.1421,25.8754,25.6086,25.3419,25.0751,24.8084,24.5416,24.2749,24.0081,23.7413,23.4746,23.2078,22.9411,22.6743,22.4076,22.1408,21.874,21.6073,21.3405,21.0738,20.807,20.5403,20.2735,20.0067,False,False,False,False,False,False,False,False,False,False,False,False,False,False,False,False,False,False,False,False,False,False,False,False,False
GOOGL,2014-12-04,26.62861185036776,26.87873232953836,26.49240716137138,26.87328338623047,32598000,2014,12,48,Thursday,26.7183,26.59542655944824,1.04,0.12,-0.39,1.04,0.39,0,0.0,26.3295,26.0635,25.7976,25.5316,25.2657,24.9997,24.7337,24.4678,24.2018,23.9359,23.6699,23.404,23.138,22.8721,22.6061,22.3402,22.0742,21.8082,21.5423,21.2763,21.0104,20.7444,20.4785,20.2125,19.9466,False,False,False,False,False,False,False,False,False,False,False,False,False,False,False,False,False,False,False,False,False,False,False,False,False
GOOGL,2014-12-05,26.58205227803665,26.656346083490988,26.114503120334927,26.15511512756348,61402000,2014,12,48,Friday,26.377,26.87328338623047,-2.67,-1.08,-2.82,-2.67,2.82,2,52.9404,26.6046,26.3358,26.0671,25.7984,25.5296,25.2609,24.9922,24.7234,24.4547,24.186,23.9172,23.6485,23.3798,23.111,22.8423,22.5736,22.3048,22.0361,21.7674,21.4986,21.2299,20.9612,20.6924,20.4237,20.155,True,True,False,False,False,False,False,False,False,False,False,False,False,False,False,False,False,False,False,False,False,False,False,False,False
GOOGL,2014-12-08,26.21158049892424,26.43941207804924,26.10162671839616,26.28636932373047,64566000,2014,12,49,Monday,26.2597,26.15511512756348,0.5,0.22,-0.2,0.5,0.2,0,0.0,25.8936,25.632,25.3705,25.1089,24.8474,24.5858,24.3243,24.0627,23.8012,23.5396,23.2781,23.0165,22.755,22.4934,22.2318,21.9703,21.7087,21.4472,21.1856,20.9241,20.6625,20.401,20.1394,19.8779,19.6163,False,False,False,False,False,False,False,False,False,False,False,False,False,False,False,False,False,False,False,False,False,False,False,False,False
GOOGL,2014-12-09,26.04615363325375,26.57957757126361,25.92381692683628,26.55283164978028,43322000,2014,12,49,Tuesday,26.2756,26.28636932373047,1.01,-0.91,-1.38,1.01,1.38,1,26.0235,26.0235,25.7606,25.4978,25.2349,24.9721,24.7092,24.4463,24.1835,23.9206,23.6577,23.3949,23.132,22.8691,22.6063,22.3434,22.0806,21.8177,21.5548,21.292,21.0291,20.7662,20.5034,20.2405,19.9776,19.7148,True,False,False,False,False,False,False,False,False,False,False,False,False,False,False,False,False,False,False,False,False,False,False,False,False
GOOGL,2014-12-10,26.54242860021081,26.713798223083703,26.125892458037264,26.153133392333984,46222000,2014,12,49,Wednesday,26.3838,26.55283164978028,-1.51,-0.04,-1.61,-1.51,1.61,1,26.2873,26.2873,26.0218,25.7562,25.4907,25.2252,24.9597,24.6941,24.4286,24.1631,23.8975,23.632,23.3665,23.101,22.8354,22.5699,22.3044,22.0389,21.7733,21.5078,21.2423,20.9767,20.7112,20.4457,20.1802,19.9146,True,False,False,False,False,False,False,False,False,False,False,False,False,False,False,False,False,False,False,False,False,False,False,False,False
GOOGL,2014-12-11,26.25070553264971,26.59889184891896,26.20860659187195,26.35471534729004,41426000,2014,12,49,Thursday,26.3532,26.153133392333984,0.77,0.37,0.21,0.77,-0.21,0,0.0,25.8916,25.6301,25.3685,25.107,24.8455,24.5839,24.3224,24.0609,23.7994,23.5378,23.2763,23.0148,22.7532,22.4917,22.2302,21.9686,21.7071,21.4456,21.184,20.9225,20.661,20.3994,20.1379,19.8764,19.6149,False,False,False,False,False,False,False,False,False,False,False,False,False,False,False,False,False,False,False,False,False,False,False,False,False
GOOGL,2014-12-12,26.12341635412052,26.361153879051603,25.82723495012585,25.8297119140625,47314000,2014,12,49,Friday,26.0354,26.35471534729004,-1.99,-0.88,-2.0,-1.99,2.0,2,51.9188,26.0912,25.8276,25.5641,25.3005,25.037,24.7734,24.5099,24.2463,23.9828,23.7192,23.4557,23.1921,22.9286,22.6651,22.4015,22.138,21.8744,21.6109,21.3473,21.0838,20.8202,20.5567,20.2931,20.0296,19.766,True,True,False,False,False,False,False,False,False,False,False,False,False,False,False,False,False,False,False,False,False,False,False,False,False
GOOGL,2014-12-15,25.9411525728767,26.020893435100422,25.527093351503567,25.548885345458984,52352000,2014,12,50,Monday,25.7595,25.8297119140625,-1.09,0.43,-1.17,-1.09,1.17,1,25.5714,25.5714,25.3131,25.0548,24.7965,24.5382,24.2799,24.0216,23.7633,23.505,23.2467,22.9884,22.7301,22.4718,22.2136,21.9553,21.697,21.4387,21.1804,20.9221,20.6638,20.4055,20.1472,19.8889,19.6306,19.3723,True,False,False,False,False,False,False,False,False,False,False,False,False,False,False,False,False,False,False,False,False,False,False,False,False
GOOGL,2014-12-16,25.43794222204998,25.536008086859763,24.625176778304954,24.673219680786133,86998000,2014,12,50,Tuesday,25.0681,25.548885345458984,-3.43,-0.43,-3.62,-3.43,3.62,3,75.1137,25.2934,25.0379,24.7824,24.5269,24.2714,24.016,23.7605,23.505,23.2495,22.994,22.7385,22.483,22.2275,21.972,21.7166,21.4611,21.2056,20.9501,20.6946,20.4391,20.1836,19.9281,19.6726,19.4172,19.1617,True,True,True,False,False,False,False,False,False,False,False,False,False,False,False,False,False,False,False,False,False,False,False,False,False
GOOGL,2014-12-17,24.757416470735144,25.213576516586294,24.7202695671732,25.08381080627441,72788000,2014,12,50,Wednesday,24.9438,24.673219680786133,1.66,0.34,0.19,1.66,-0.19,0,0.0,24.4265,24.1798,23.933,23.6863,23.4396,23.1928,22.9461,22.6994,22.4526,22.2059,21.9592,21.7124,21.4657,21.219,20.9722,20.7255,20.4788,20.232,19.9853,19.7386,19.4918,19.2451,18.9984,18.7516,18.5049,False,False,False,False,False,False,False,False,False,False,False,False,False,False,False,False,False,False,False,False,False,False,False,False,False
GOOGL,2014-12-18,25.556311572030346,25.56918951677316,25.089255571984427,25.48845863342285,77534000,2014,12,50,Thursday,25.4258,25.08381080627441,1.61,1.88,0.02,1.61,-0.02,0,0.0,24.833,24.5821,24.3313,24.0805,23.8296,23.5788,23.3279,23.0771,22.8263,22.5754,22.3246,22.0738,21.8229,21.5721,21.3212,21.0704,20.8196,20.5687,20.3179,20.067,19.8162,19.5654,19.3145,19.0637,18.8129,False,False,False,False,False,False,False,False,False,False,False,False,False,False,False,False,False,False,False,False,False,False,False,False,False
GOOGL,2014-12-19,25.605843819963653,25.79504344296448,25.20317561623879,25.75690650939941,97442000,2014,12,50,Friday,25.5902,25.48845863342285,1.05,0.46,-1.12,1.05,1.12,1,25.2336,25.2336,24.9787,24.7238,24.4689,24.214,23.9592,23.7043,23.4494,23.1945,22.9396,22.6847,22.4298,22.175,21.9201,21.6652,21.4103,21.1554,20.9005,20.6457,20.3908,20.1359,19.881,19.6261,19.3712,19.1163,True,False,False,False,False,False,False,False,False,False,False,False,False,False,False,False,False,False,False,False,False,False,False,False,False
GOOGL,2014-12-22,25.7851400808842,26.39731491827412,25.784148161531004,26.3641300201416,66390000,2014,12,51,Monday,26.0827,25.75690650939941,2.36,0.11,0.11,2.36,-0.11,0,0.0,25.4993,25.2418,24.9842,24.7266,24.4691,24.2115,23.9539,23.6964,23.4388,23.1812,22.9236,22.6661,22.4085,22.1509,21.8934,21.6358,21.3782,21.1207,20.8631,20.6055,20.348,20.0904,19.8328,19.5752,19.3177,False,False,False,False,False,False,False,False,False,False,False,False,False,False,False,False,False,False,False,False,False,False,False,False,False
GOOGL,2014-12-23,26.473586323614825,26.859414575465305,26.43445935986393,26.68457794189453,57544000,2014,12,51,Tuesday,26.613,26.3641300201416,1.22,0.42,0.27,1.22,-0.27,0,0.0,26.1005,25.8368,25.5732,25.3096,25.0459,24.7823,24.5186,24.255,23.9914,23.7277,23.4641,23.2004,22.9368,22.6732,22.4095,22.1459,21.8822,21.6186,21.3549,21.0913,20.8277,20.564,20.3004,20.0367,19.7731,False,False,False,False,False,False,False,False,False,False,False,False,False,False,False,False,False,False,False,False,False,False,False,False,False
GOOGL,2014-12-24,26.68705365749645,26.759860527823545,26.50280608047405,26.59344482421875,14754000,2014,12,51,Wednesday,26.6358,26.68457794189453,-0.34,0.01,-0.68,-0.34,0.68,0,0.0,26.4177,26.1509,25.884,25.6172,25.3503,25.0835,24.8167,24.5498,24.283,24.0161,23.7493,23.4824,23.2156,22.9487,22.6819,22.415,22.1482,21.8814,21.6145,21.3477,21.0808,20.814,20.5471,20.2803,20.0134,False,False,False,False,False,False,False,False,False,False,False,False,False,False,False,False,False,False,False,False,False,False,False,False,False
GOOGL,2014-12-26,26.59344704840852,26.906468438061868,26.522125216882788,26.820783615112305,22270000,2014,12,51,Friday,26.7107,26.59344482421875,0.85,0.0,-0.27,0.85,0.27,0,0.0,26.3275,26.0616,25.7956,25.5297,25.2638,24.9978,24.7319,24.466,24.2,23.9341,23.6682,23.4022,23.1363,22.8704,22.6044,22.3385,22.0726,21.8066,21.5407,21.2748,21.0088,20.7429,20.477,20.211,19.9451,False,False,False,False,False,False,False,False,False,False,False,False,False,False,False,False,False,False,False,False,False,False,False,False,False
GOOGL,2014-12-29,26.7702651404952,26.94014975033868,26.60483944429592,26.612268447875977,44300000,2014,12,52,Monday,26.7319,26.820783615112305,-0.78,-0.19,-0.81,-0.78,0.81,0,0.0,26.5526,26.2844,26.0162,25.748,25.4797,25.2115,24.9433,24.6751,24.4069,24.1387,23.8705,23.6023,23.3341,23.0659,22.7977,22.5295,22.2613,21.993,21.7248,21.4566,21.1884,20.9202,20.652,20.3838,20.1156,False,False,False,False,False,False,False,False,False,False,False,False,False,False,False,False,False,False,False,False,False,False,False,False,False
GOOGL,2014-12-30,26.495872640010937,26.63851629407798,26.429009726108863,26.511722564697266,20972000,2014,12,52,Tuesday,26.5188,26.612268447875977,-0.38,-0.44,-0.69,-0.38,0.69,0,0.0,26.3461,26.08,25.8139,25.5478,25.2817,25.0155,24.7494,24.4833,24.2172,23.951,23.6849,23.4188,23.1527,22.8866,22.6204,22.3543,22.0882,21.8221,21.5559,21.2898,21.0237,20.7576,20.4914,20.2253,19.9592,False,False,False,False,False,False,False,False,False,False,False,False,False,False,False,False,False,False,False,False,False,False,False,False,False
GOOGL,2014-12-31,26.633565105836595,26.66625498843688,26.26011975644112,26.28290367126465,24648000,2014,12,52,Wednesday,26.4607,26.511722564697266,-0.86,0.46,-0.95,-0.86,0.95,0,0.0,26.2466,25.9815,25.7164,25.4513,25.1861,24.921,24.6559,24.3908,24.1257,23.8606,23.5954,23.3303,23.0652,22.8001,22.535,22.2698,22.0047,21.7396,21.4745,21.2094,20.9443,20.6791,20.414,20.1489,19.8838,False,False,False,False,False,False,False,False,False,False,False,False,False,False,False,False,False,False,False,False,False,False,False,False,False
