Symbol,Date,Open,High,Low,Close,Volume,Year,Month,Week,Weekday,avg_daily_price,Previous_Close,Daily_Gain_Loss_Pct,Open_vs_PrevClose_Pct,Low_vs_PrevClose_Pct,Close_vs_PrevClose_Pct,mx_percent_decline,BOD99-1,BOD98-2,BOD97-3,BOD96-4,BOD95-5,BOD94-6,BOD93-7,BOD92-8,BOD91-9,BOD90-10,BOD89-11,BOD88-12,BOD87-13,BOD86-14,BOD85-15,BOD84-16,BOD82-18,BOD81-19,BOD80-20,BOD79-21,BOD78-22,BOD77-23,BOD76-24,BOD75-25,Shares_Purchased,Total_Value_Purchased,BOD99-1_Executed,BOD98-2_Executed,BOD97-3_Executed,BOD96-4_Executed,BOD95-5_Executed,BOD94-6_Executed,BOD93-7_Executed,BOD92-8_Executed,BOD91-9_Executed,BOD90-10_Executed,BOD89-11_Executed,BOD88-12_Executed,BOD87-13_Executed,BOD86-14_Executed,BOD85-15_Executed,BOD84-16_Executed,BOD82-18_Executed,BOD81-19_Executed,BOD80-20_Executed,BOD79-21_Executed,BOD78-22_Executed,BOD77-23_Executed,BOD76-24_Executed,BOD75-25_Executed
MGK,2019-01-02 05:00:00+00:00,100.84288166878387,103.34859359196636,100.84288166878387,102.83016967773438,202100,2019,1,1,Wednesday,101.9661,102.73416900634766,0.09,-1.84,-1.84,0.09,1.84,101.7068,100.6795,99.6521,98.6248,97.5975,96.5701,95.5428,94.5154,93.4881,92.4608,91.4334,90.4061,89.3787,88.3514,87.324,86.2967,84.242,83.2147,82.1873,81.16,80.1327,79.1053,78.078,77.0506,1,101.7068,True,False,False,False,False,False,False,False,False,False,False,False,False,False,False,False,False,False,False,False,False,False,False,False
MGK,2019-01-03 05:00:00+00:00,101.52450400664527,101.76451465441512,99.56601624189808,99.61402130126952,163400,2019,1,1,Thursday,100.6173,102.83016967773438,-3.13,-1.27,-3.17,-3.13,3.17,101.8019,100.7736,99.7453,98.717,97.6887,96.6604,95.6321,94.6038,93.5755,92.5472,91.5189,90.4905,89.4622,88.4339,87.4056,86.3773,84.3207,83.2924,82.2641,81.2358,80.2075,79.1792,78.1509,77.1226,3,302.3207,True,True,True,False,False,False,False,False,False,False,False,False,False,False,False,False,False,False,False,False,False,False,False,False
MGK,2019-01-04 05:00:00+00:00,101.25568765772805,103.98220494994646,101.06367475539648,103.63658905029295,288800,2019,1,1,Friday,102.4845,99.61402130126952,4.04,1.65,1.46,4.04,-1.46,98.6179,97.6217,96.6256,95.6295,94.6333,93.6372,92.641,91.6449,90.6488,89.6526,88.6565,87.6603,86.6642,85.6681,84.6719,83.6758,81.6835,80.6874,79.6912,78.6951,77.6989,76.7028,75.7067,74.7105,0,0.0,False,False,False,False,False,False,False,False,False,False,False,False,False,False,False,False,False,False,False,False,False,False,False,False
MGK,2019-01-07 05:00:00+00:00,103.87662472224572,105.1630858420421,103.53100873928818,104.5966567993164,277300,2019,1,1,Monday,104.2918,103.63658905029295,0.93,0.23,-0.1,0.93,0.1,102.6002,101.5639,100.5275,99.4911,98.4548,97.4184,96.382,95.3457,94.3093,93.2729,92.2366,91.2002,90.1638,89.1275,88.0911,87.0547,84.982,83.9456,82.9093,81.8729,80.8365,79.8002,78.7638,77.7274,0,0.0,False,False,False,False,False,False,False,False,False,False,False,False,False,False,False,False,False,False,False,False,False,False,False,False
MGK,2019-01-08 05:00:00+00:00,105.74871056904036,106.10392169947532,104.47185195133572,105.82551574707033,263800,2019,1,1,Tuesday,105.5375,104.5966567993164,1.17,1.1,-0.12,1.17,0.12,103.5507,102.5047,101.4588,100.4128,99.3668,98.3209,97.2749,96.2289,95.183,94.137,93.091,92.0451,90.9991,89.9531,88.9072,87.8612,85.7693,84.7233,83.6773,82.6314,81.5854,80.5394,79.4935,78.4475,0,0.0,False,False,False,False,False,False,False,False,False,False,False,False,False,False,False,False,False,False,False,False,False,False,False,False
MGK,2019-01-09 05:00:00+00:00,106.1807177927562,106.95835733582162,105.79669926000768,106.51673126220705,237000,2019,1,1,Wednesday,106.3631,105.82551574707033,0.65,0.34,-0.03,0.65,0.03,104.7673,103.709,102.6508,101.5925,100.5342,99.476,98.4177,97.3595,96.3012,95.243,94.1847,93.1265,92.0682,91.0099,89.9517,88.8934,86.7769,85.7187,84.6604,83.6022,82.5439,81.4856,80.4274,79.3691,0,0.0,False,False,False,False,False,False,False,False,False,False,False,False,False,False,False,False,False,False,False,False,False,False,False,False
MGK,2019-01-10 05:00:00+00:00,105.78711940057563,107.09277820595246,105.44150340359086,107.0063705444336,183200,2019,1,1,Thursday,106.3319,106.51673126220705,0.46,-0.68,-1.01,0.46,1.01,105.4516,104.3864,103.3212,102.2561,101.1909,100.1257,99.0606,97.9954,96.9302,95.8651,94.7999,93.7347,92.6696,91.6044,90.5392,89.4741,87.3437,86.2786,85.2134,84.1482,83.0831,82.0179,80.9527,79.8875,1,105.4516,True,False,False,False,False,False,False,False,False,False,False,False,False,False,False,False,False,False,False,False,False,False,False,False
MGK,2019-01-11 05:00:00+00:00,106.4015268844757,106.75673797134876,106.0943135345764,106.708740234375,171300,2019,1,1,Friday,106.4903,107.0063705444336,-0.28,-0.57,-0.85,-0.28,0.85,105.9363,104.8662,103.7962,102.7261,101.6561,100.586,99.5159,98.4459,97.3758,96.3057,95.2357,94.1656,93.0955,92.0255,90.9554,89.8854,87.7452,86.6752,85.6051,84.535,83.465,82.3949,81.3248,80.2548,0,0.0,False,False,False,False,False,False,False,False,False,False,False,False,False,False,False,False,False,False,False,False,False,False,False,False
MGK,2019-01-14 05:00:00+00:00,105.73908572866962,106.31510979298538,105.53747767238627,105.93109130859376,229000,2019,1,2,Monday,105.8807,106.708740234375,-0.73,-0.91,-1.1,-0.73,1.1,105.6417,104.5746,103.5075,102.4404,101.3733,100.3062,99.2391,98.172,97.105,96.0379,94.9708,93.9037,92.8366,91.7695,90.7024,89.6353,87.5012,86.4341,85.367,84.2999,83.2328,82.1657,81.0986,80.0316,1,105.6417,True,False,False,False,False,False,False,False,False,False,False,False,False,False,False,False,False,False,False,False,False,False,False,False
MGK,2019-01-15 05:00:00+00:00,106.17109486967728,107.55355839153135,106.17109486967728,107.47675323486328,195400,2019,1,2,Tuesday,106.8431,105.93109130859376,1.46,0.23,0.23,1.46,-0.23,104.8718,103.8125,102.7532,101.6938,100.6345,99.5752,98.5159,97.4566,96.3973,95.338,94.2787,93.2194,92.16,91.1007,90.0414,88.9821,86.8635,85.8042,84.7449,83.6856,82.6263,81.5669,80.5076,79.4483,0,0.0,False,False,False,False,False,False,False,False,False,False,False,False,False,False,False,False,False,False,False,False,False,False,False,False
MGK,2019-01-16 05:00:00+00:00,107.61118615763314,108.2064152874438,107.45758312949977,107.54398345947266,179200,2019,1,2,Wednesday,107.7048,107.47675323486328,0.06,0.13,-0.02,0.06,0.02,106.402,105.3272,104.2525,103.1777,102.1029,101.0281,99.9534,98.8786,97.8038,96.7291,95.6543,94.5795,93.5048,92.43,91.3552,90.2805,88.1309,87.0562,85.9814,84.9066,83.8319,82.7571,81.6823,80.6076,0,0.0,False,False,False,False,False,False,False,False,False,False,False,False,False,False,False,False,False,False,False,False,False,False,False,False
MGK,2019-01-17 05:00:00+00:00,107.16955771686466,108.81122975922034,107.16955771686466,108.36001586914062,169200,2019,1,2,Thursday,107.8776,107.54398345947266,0.76,-0.35,-0.35,0.76,0.35,106.4685,105.3931,104.3177,103.2422,102.1668,101.0913,100.0159,98.9405,97.865,96.7896,95.7141,94.6387,93.5633,92.4878,91.4124,90.3369,88.1861,87.1106,86.0352,84.9597,83.8843,82.8089,81.7334,80.658,0,0.0,False,False,False,False,False,False,False,False,False,False,False,False,False,False,False,False,False,False,False,False,False,False,False,False
MGK,2019-01-18 05:00:00+00:00,109.3488535556514,110.02088044553116,108.74402203021585,109.65606689453124,269300,2019,1,2,Friday,109.4425,108.36001586914062,1.2,0.91,0.35,1.2,-0.35,107.2764,106.1928,105.1092,104.0256,102.942,101.8584,100.7748,99.6912,98.6076,97.524,96.4404,95.3568,94.2732,93.1896,92.106,91.0224,88.8552,87.7716,86.688,85.6044,84.5208,83.4372,82.3536,81.27,0,0.0,False,False,False,False,False,False,False,False,False,False,False,False,False,False,False,False,False,False,False,False,False,False,False,False
MGK,2019-01-22 05:00:00+00:00,108.91682327804958,108.91682327804958,106.97754056924975,107.83197784423828,267300,2019,1,3,Tuesday,108.1608,109.65606689453124,-1.66,-0.67,-2.44,-1.66,2.44,108.5595,107.4629,106.3664,105.2698,104.1733,103.0767,101.9801,100.8836,99.787,98.6905,97.5939,96.4973,95.4008,94.3042,93.2077,92.1111,89.918,88.8214,87.7249,86.6283,85.5317,84.4352,83.3386,82.2421,2,216.0225,True,True,False,False,False,False,False,False,False,False,False,False,False,False,False,False,False,False,False,False,False,False,False,False
MGK,2019-01-23 05:00:00+00:00,108.29282061132662,108.6000339855264,106.69914619704072,107.87039947509766,180000,2019,1,3,Wednesday,107.8656,107.83197784423828,0.04,0.43,-1.05,0.04,1.05,106.7537,105.6753,104.597,103.5187,102.4404,101.3621,100.2837,99.2054,98.1271,97.0488,95.9705,94.8921,93.8138,92.7355,91.6572,90.5789,88.4222,87.3439,86.2656,85.1873,84.1089,83.0306,81.9523,80.874,1,106.7537,True,False,False,False,False,False,False,False,False,False,False,False,False,False,False,False,False,False,False,False,False,False,False,False
MGK,2019-01-24 05:00:00+00:00,107.97598434145964,108.36000281772964,107.41915791709528,108.11038970947266,131900,2019,1,3,Thursday,107.9664,107.87039947509766,0.22,0.1,-0.42,0.22,0.42,106.7917,105.713,104.6343,103.5556,102.4769,101.3982,100.3195,99.2408,98.1621,97.0834,96.0047,94.926,93.8472,92.7685,91.6898,90.6111,88.4537,87.375,86.2963,85.2176,84.1389,83.0602,81.9815,80.9028,0,0.0,False,False,False,False,False,False,False,False,False,False,False,False,False,False,False,False,False,False,False,False,False,False,False,False
MGK,2019-01-25 05:00:00+00:00,109.0704577538019,109.58888171936496,108.89764976528087,109.4064712524414,129000,2019,1,3,Friday,109.2409,108.11038970947266,1.2,0.89,0.73,1.2,-0.73,107.0293,105.9482,104.8671,103.786,102.7049,101.6238,100.5427,99.4616,98.3805,97.2994,96.2182,95.1371,94.056,92.9749,91.8938,90.8127,88.6505,87.5694,86.4883,85.4072,84.3261,83.245,82.1639,81.0828,0,0.0,False,False,False,False,False,False,False,False,False,False,False,False,False,False,False,False,False,False,False,False,False,False,False,False
MGK,2019-01-28 05:00:00+00:00,108.23519806633868,108.283203125,107.4287658175422,108.283203125,141000,2019,1,4,Monday,108.0576,109.4064712524414,-1.03,-1.07,-1.81,-1.03,1.81,108.3124,107.2183,106.1243,105.0302,103.9361,102.8421,101.748,100.654,99.5599,98.4658,97.3718,96.2777,95.1836,94.0896,92.9955,91.9014,89.7133,88.6192,87.5252,86.4311,85.337,84.243,83.1489,82.0549,1,108.3124,True,False,False,False,False,False,False,False,False,False,False,False,False,False,False,False,False,False,False,False,False,False,False,False
MGK,2019-01-29 05:00:00+00:00,108.34079961877006,108.39840715209596,107.3327593423586,107.67837524414062,107600,2019,1,4,Tuesday,107.9376,108.283203125,-0.56,0.05,-0.88,-0.56,0.88,107.2004,106.1175,105.0347,103.9519,102.869,101.7862,100.7034,99.6205,98.5377,97.4549,96.3721,95.2892,94.2064,93.1236,92.0407,90.9579,88.7922,87.7094,86.6266,85.5437,84.4609,83.3781,82.2952,81.2124,0,0.0,False,False,False,False,False,False,False,False,False,False,False,False,False,False,False,False,False,False,False,False,False,False,False,False
MGK,2019-01-30 05:00:00+00:00,108.8880402086964,110.5681149172269,108.67682964483976,110.23210144042967,194200,2019,1,4,Wednesday,109.5913,107.67837524414062,2.37,1.12,0.93,2.37,-0.93,106.6016,105.5248,104.448,103.3712,102.2945,101.2177,100.1409,99.0641,97.9873,96.9105,95.8338,94.757,93.6802,92.6034,91.5266,90.4498,88.2963,87.2195,86.1427,85.0659,83.9891,82.9123,81.8356,80.7588,0,0.0,False,False,False,False,False,False,False,False,False,False,False,False,False,False,False,False,False,False,False,False,False,False,False,False
MGK,2019-01-31 05:00:00+00:00,110.70249407759547,112.22896540270582,110.4048832578844,111.81614685058594,150200,2019,1,4,Thursday,111.2881,110.23210144042967,1.44,0.43,0.16,1.44,-0.16,109.1298,108.0275,106.9251,105.8228,104.7205,103.6182,102.5159,101.4135,100.3112,99.2089,98.1066,97.0042,95.9019,94.7996,93.6973,92.595,90.3903,89.288,88.1857,87.0834,85.981,84.8787,83.7764,82.6741,0,0.0,False,False,False,False,False,False,False,False,False,False,False,False,False,False,False,False,False,False,False,False,False,False,False,False
MGK,2019-02-01 05:00:00+00:00,111.52814776720956,112.18097703218984,111.24973453255905,111.53775024414062,115100,2019,2,4,Friday,111.6242,111.81614685058594,-0.25,-0.26,-0.51,-0.25,0.51,110.698,109.5798,108.4617,107.3435,106.2253,105.1072,103.989,102.8709,101.7527,100.6345,99.5164,98.3982,97.28,96.1619,95.0437,93.9256,91.6892,90.5711,89.4529,88.3348,87.2166,86.0984,84.9803,83.8621,0,0.0,False,False,False,False,False,False,False,False,False,False,False,False,False,False,False,False,False,False,False,False,False,False,False,False
MGK,2019-02-04 05:00:00+00:00,111.52814404516602,112.70899963378906,111.49934393987778,112.70899963378906,125600,2019,2,5,Monday,112.1114,111.53775024414062,1.05,-0.01,-0.03,1.05,0.03,110.4224,109.307,108.1916,107.0762,105.9609,104.8455,103.7301,102.6147,101.4994,100.384,99.2686,98.1532,97.0378,95.9225,94.8071,93.6917,91.461,90.3456,89.2302,88.1148,86.9994,85.8841,84.7687,83.6533,0,0.0,False,False,False,False,False,False,False,False,False,False,False,False,False,False,False,False,False,False,False,False,False,False,False,False
MGK,2019-02-05 05:00:00+00:00,112.94900792858476,113.68823747227124,112.94900792858476,113.60183715820312,184300,2019,2,5,Tuesday,113.297,112.70899963378906,0.79,0.21,0.21,0.79,-0.21,111.5819,110.4548,109.3277,108.2006,107.0735,105.9465,104.8194,103.6923,102.5652,101.4381,100.311,99.1839,98.0568,96.9297,95.8026,94.6756,92.4214,91.2943,90.1672,89.0401,87.913,86.7859,85.6588,84.5317,0,0.0,False,False,False,False,False,False,False,False,False,False,False,False,False,False,False,False,False,False,False,False,False,False,False,False
MGK,2019-02-06 05:00:00+00:00,113.57302704346972,113.6786323010519,112.72818498281208,113.13140106201172,98400,2019,2,5,Wednesday,113.2778,113.60183715820312,-0.41,-0.03,-0.77,-0.41,0.77,112.4658,111.3298,110.1938,109.0578,107.9217,106.7857,105.6497,104.5137,103.3777,102.2417,101.1056,99.9696,98.8336,97.6976,96.5616,95.4255,93.1535,92.0175,90.8815,89.7455,88.6094,87.4734,86.3374,85.2014,0,0.0,False,False,False,False,False,False,False,False,False,False,False,False,False,False,False,False,False,False,False,False,False,False,False,False
MGK,2019-02-07 05:00:00+00:00,112.27697632277156,112.58418965408076,111.17293322011076,111.91216278076172,97400,2019,2,5,Thursday,111.9866,113.13140106201172,-1.08,-0.76,-1.73,-1.08,1.73,112.0001,110.8688,109.7375,108.6061,107.4748,106.3435,105.2122,104.0809,102.9496,101.8183,100.6869,99.5556,98.4243,97.293,96.1617,95.0304,92.7677,91.6364,90.5051,89.3738,88.2425,87.1112,85.9799,84.8486,1,112.0001,True,False,False,False,False,False,False,False,False,False,False,False,False,False,False,False,False,False,False,False,False,False,False,False
MGK,2019-02-08 05:00:00+00:00,111.03852824784448,112.17137145996094,110.97131823572543,112.17137145996094,82400,2019,2,5,Friday,111.5881,111.91216278076172,0.23,-0.78,-0.84,0.23,0.84,110.793,109.6739,108.5548,107.4357,106.3166,105.1974,104.0783,102.9592,101.8401,100.7209,99.6018,98.4827,97.3636,96.2445,95.1253,94.0062,91.768,90.6489,89.5297,88.4106,87.2915,86.1724,85.0532,83.9341,0,0.0,False,False,False,False,False,False,False,False,False,False,False,False,False,False,False,False,False,False,False,False,False,False,False,False
MGK,2019-02-11 05:00:00+00:00,112.53620671874305,112.7666149163882,112.008180302739,112.21939086914062,67400,2019,2,6,Monday,112.3826,112.17137145996094,0.04,0.33,-0.15,0.04,0.15,111.0497,109.9279,108.8062,107.6845,106.5628,105.4411,104.3194,103.1977,102.0759,100.9542,99.8325,98.7108,97.5891,96.4674,95.3457,94.224,91.9805,90.8588,89.7371,88.6154,87.4937,86.372,85.2502,84.1285,0,0.0,False,False,False,False,False,False,False,False,False,False,False,False,False,False,False,False,False,False,False,False,False,False,False,False
MGK,2019-02-12 05:00:00+00:00,112.99700732256376,113.8322469935504,112.91060700722558,113.73624420166016,203200,2019,2,6,Tuesday,113.369,112.21939086914062,1.35,0.69,0.62,1.35,-0.62,111.0972,109.975,108.8528,107.7306,106.6084,105.4862,104.364,103.2418,102.1196,100.9975,99.8753,98.7531,97.6309,96.5087,95.3865,94.2643,92.0199,90.8977,89.7755,88.6533,87.5311,86.4089,85.2867,84.1645,0,0.0,False,False,False,False,False,False,False,False,False,False,False,False,False,False,False,False,False,False,False,False,False,False,False,False
MGK,2019-02-13 05:00:00+00:00,114.1202533501492,114.53307191356689,113.9858479875986,114.09144592285156,171900,2019,2,6,Wednesday,114.1827,113.73624420166016,0.31,0.34,0.22,0.31,-0.22,112.5989,111.4615,110.3242,109.1868,108.0494,106.9121,105.7747,104.6373,103.5,102.3626,101.2253,100.0879,98.9505,97.8132,96.6758,95.5384,93.2637,92.1264,90.989,89.8516,88.7143,87.5769,86.4395,85.3022,0,0.0,False,False,False,False,False,False,False,False,False,False,False,False,False,False,False,False,False,False,False,False,False,False,False,False
MGK,2019-02-14 05:00:00+00:00,113.61142467815856,114.45626675652572,113.28501374754792,114.09144592285156,104000,2019,2,6,Thursday,113.861,114.09144592285156,0.0,-0.42,-0.71,0.0,0.71,112.9505,111.8096,110.6687,109.5278,108.3869,107.246,106.105,104.9641,103.8232,102.6823,101.5414,100.4005,99.2596,98.1186,96.9777,95.8368,93.555,92.4141,91.2732,90.1322,88.9913,87.8504,86.7095,85.5686,0,0.0,False,False,False,False,False,False,False,False,False,False,False,False,False,False,False,False,False,False,False,False,False,False,False,False
MGK,2019-02-15 05:00:00+00:00,114.9554866669426,114.9554866669426,114.3314575782944,114.8402862548828,100500,2019,2,6,Friday,114.7707,114.09144592285156,0.66,0.76,0.21,0.66,-0.21,112.9505,111.8096,110.6687,109.5278,108.3869,107.246,106.105,104.9641,103.8232,102.6823,101.5414,100.4005,99.2596,98.1186,96.9777,95.8368,93.555,92.4141,91.2732,90.1322,88.9913,87.8504,86.7095,85.5686,0,0.0,False,False,False,False,False,False,False,False,False,False,False,False,False,False,False,False,False,False,False,False,False,False,False,False
MGK,2019-02-19 05:00:00+00:00,114.48510463451792,115.27233944258688,114.48510463451792,114.96512603759766,113300,2019,2,7,Tuesday,114.8019,114.8402862548828,0.11,-0.31,-0.31,0.11,0.31,113.6919,112.5435,111.3951,110.2467,109.0983,107.9499,106.8015,105.6531,104.5047,103.3563,102.2079,101.0595,99.911,98.7626,97.6142,96.4658,94.169,93.0206,91.8722,90.7238,89.5754,88.427,87.2786,86.1302,0,0.0,False,False,False,False,False,False,False,False,False,False,False,False,False,False,False,False,False,False,False,False,False,False,False,False
MGK,2019-02-20 05:00:00+00:00,115.00351885996756,115.3491348267907,114.54269512935512,115.06111907958984,97700,2019,2,7,Wednesday,114.9891,114.96512603759766,0.08,0.03,-0.37,0.08,0.37,113.8155,112.6658,111.5162,110.3665,109.2169,108.0672,106.9176,105.7679,104.6183,103.4686,102.319,101.1693,100.0197,98.87,97.7204,96.5707,94.2714,93.1218,91.9721,90.8224,89.6728,88.5231,87.3735,86.2238,0,0.0,False,False,False,False,False,False,False,False,False,False,False,False,False,False,False,False,False,False,False,False,False,False,False,False
MGK,2019-02-21 05:00:00+00:00,114.78269712539424,114.87870725022631,114.1298678290745,114.54268646240234,114300,2019,2,7,Thursday,114.5835,115.06111907958984,-0.45,-0.24,-0.81,-0.45,0.81,113.9105,112.7599,111.6093,110.4587,109.3081,108.1575,107.0068,105.8562,104.7056,103.555,102.4044,101.2538,100.1032,98.9526,97.802,96.6513,94.3501,93.1995,92.0489,90.8983,89.7477,88.5971,87.4465,86.2958,0,0.0,False,False,False,False,False,False,False,False,False,False,False,False,False,False,False,False,False,False,False,False,False,False,False,False
MGK,2019-02-22 05:00:00+00:00,114.8210829672502,115.49311712035824,114.80188533980966,115.4643096923828,77200,2019,2,7,Friday,115.1451,114.54268646240234,0.8,0.24,0.23,0.8,-0.23,113.3973,112.2518,111.1064,109.961,108.8156,107.6701,106.5247,105.3793,104.2338,103.0884,101.943,100.7976,99.6521,98.5067,97.3613,96.2159,93.925,92.7796,91.6341,90.4887,89.3433,88.1979,87.0524,85.907,0,0.0,False,False,False,False,False,False,False,False,False,False,False,False,False,False,False,False,False,False,False,False,False,False,False,False
MGK,2019-02-25 05:00:00+00:00,116.15553164064924,116.3283395711586,115.58911012231113,115.6371078491211,127300,2019,2,8,Monday,115.9275,115.4643096923828,0.15,0.6,0.11,0.15,-0.11,114.3097,113.155,112.0004,110.8457,109.6911,108.5365,107.3818,106.2272,105.0725,103.9179,102.7632,101.6086,100.4539,99.2993,98.1447,96.99,94.6807,93.5261,92.3714,91.2168,90.0622,88.9075,87.7529,86.5982,0,0.0,False,False,False,False,False,False,False,False,False,False,False,False,False,False,False,False,False,False,False,False,False,False,False,False
MGK,2019-02-26 05:00:00+00:00,115.3491345834772,116.03076403756708,115.29152703943171,115.704345703125,103200,2019,2,8,Tuesday,115.5939,115.6371078491211,0.06,-0.25,-0.3,0.06,0.3,114.4807,113.3244,112.168,111.0116,109.8553,108.6989,107.5425,106.3861,105.2298,104.0734,102.917,101.7607,100.6043,99.4479,98.2915,97.1352,94.8224,93.6661,92.5097,91.3533,90.1969,89.0406,87.8842,86.7278,0,0.0,False,False,False,False,False,False,False,False,False,False,False,False,False,False,False,False,False,False,False,False,False,False,False,False
MGK,2019-02-27 05:00:00+00:00,115.31070738084932,115.87712895048185,114.72508085911964,115.80033111572266,78300,2019,2,8,Wednesday,115.4283,115.704345703125,0.08,-0.34,-0.85,0.08,0.85,114.5473,113.3903,112.2332,111.0762,109.9191,108.7621,107.605,106.448,105.291,104.1339,102.9769,101.8198,100.6628,99.5057,98.3487,97.1917,94.8776,93.7205,92.5635,91.4064,90.2494,89.0923,87.9353,86.7783,0,0.0,False,False,False,False,False,False,False,False,False,False,False,False,False,False,False,False,False,False,False,False,False,False,False,False
MGK,2019-02-28 05:00:00+00:00,115.54112708297832,116.03075086679138,115.43552180951778,115.60832977294922,78600,2019,2,8,Thursday,115.6539,115.80033111572266,-0.17,-0.22,-0.32,-0.17,0.32,114.6423,113.4843,112.3263,111.1683,110.0103,108.8523,107.6943,106.5363,105.3783,104.2203,103.0623,101.9043,100.7463,99.5883,98.4303,97.2723,94.9563,93.7983,92.6403,91.4823,90.3243,89.1663,88.0083,86.8502,0,0.0,False,False,False,False,False,False,False,False,False,False,False,False,False,False,False,False,False,False,False,False,False,False,False,False
MGK,2019-03-01 05:00:00+00:00,116.40515093723369,116.71236423847806,115.77151938336176,116.63555908203124,75700,2019,3,8,Friday,116.3811,115.60832977294922,0.89,0.69,0.14,0.89,-0.14,114.4522,113.2962,112.1401,110.984,109.8279,108.6718,107.5157,106.3597,105.2036,104.0475,102.8914,101.7353,100.5792,99.4232,98.2671,97.111,94.7988,93.6427,92.4867,91.3306,90.1745,89.0184,87.8623,86.7062,0,0.0,False,False,False,False,False,False,False,False,False,False,False,False,False,False,False,False,False,False,False,False,False,False,False,False
MGK,2019-03-04 05:00:00+00:00,117.1636071228734,117.3268126172072,115.18592158683168,116.34757232666016,183400,2019,3,9,Monday,116.506,116.63555908203124,-0.25,0.45,-1.24,-0.25,1.24,115.4692,114.3028,113.1365,111.9701,110.8038,109.6374,108.4711,107.3047,106.1384,104.972,103.8056,102.6393,101.4729,100.3066,99.1402,97.9739,95.6412,94.4748,93.3084,92.1421,90.9757,89.8094,88.643,87.4767,1,115.4692,True,False,False,False,False,False,False,False,False,False,False,False,False,False,False,False,False,False,False,False,False,False,False,False
MGK,2019-03-05 05:00:00+00:00,116.3475685386906,116.61637930285198,115.98274765200532,116.30916595458984,162200,2019,3,9,Tuesday,116.314,116.34757232666016,-0.03,-0.0,-0.31,-0.03,0.31,115.1841,114.0206,112.8571,111.6937,110.5302,109.3667,108.2032,107.0398,105.8763,104.7128,103.5493,102.3859,101.2224,100.0589,98.8954,97.732,95.405,94.2415,93.0781,91.9146,90.7511,89.5876,88.4242,87.2607,0,0.0,False,False,False,False,False,False,False,False,False,False,False,False,False,False,False,False,False,False,False,False,False,False,False,False
MGK,2019-03-06 05:00:00+00:00,116.36677107720683,116.44357624864828,115.55073627313848,115.65634155273438,195000,2019,3,9,Wednesday,116.0044,116.30916595458984,-0.56,0.05,-0.65,-0.56,0.65,115.1461,113.983,112.8199,111.6568,110.4937,109.3306,108.1675,107.0044,105.8413,104.6782,103.5152,102.3521,101.189,100.0259,98.8628,97.6997,95.3735,94.2104,93.0473,91.8842,90.7211,89.5581,88.395,87.2319,0,0.0,False,False,False,False,False,False,False,False,False,False,False,False,False,False,False,False,False,False,False,False,False,False,False,False
MGK,2019-03-07 05:00:00+00:00,115.46432781315876,115.46432781315876,114.07226888214548,114.41788482666016,217700,2019,3,9,Thursday,114.8547,115.65634155273438,-1.07,-0.17,-1.37,-1.07,1.37,114.4998,113.3432,112.1867,111.0301,109.8735,108.717,107.5604,106.4038,105.2473,104.0907,102.9341,101.7776,100.621,99.4645,98.3079,97.1513,94.8382,93.6816,92.5251,91.3685,90.2119,89.0554,87.8988,86.7423,1,114.4998,True,False,False,False,False,False,False,False,False,False,False,False,False,False,False,False,False,False,False,False,False,False,False,False
MGK,2019-03-08 05:00:00+00:00,113.29464265001344,114.2450828853298,113.19863984359014,114.20668029785156,139600,2019,3,9,Friday,113.7363,114.41788482666016,-0.18,-0.98,-1.07,-0.18,1.07,113.2737,112.1295,110.9853,109.8412,108.697,107.5528,106.4086,105.2645,104.1203,102.9761,101.8319,100.6877,99.5436,98.3994,97.2552,96.111,93.8227,92.6785,91.5343,90.3901,89.246,88.1018,86.9576,85.8134,1,113.2737,True,False,False,False,False,False,False,False,False,False,False,False,False,False,False,False,False,False,False,False,False,False,False,False
MGK,2019-03-11 04:00:00+00:00,114.40826629010444,116.203548454084,114.39867113849672,116.16514587402344,198500,2019,3,10,Monday,115.2939,114.20668029785156,1.71,0.18,0.17,1.71,-0.17,113.0646,111.9225,110.7805,109.6384,108.4963,107.3543,106.2122,105.0701,103.9281,102.786,101.6439,100.5019,99.3598,98.2177,97.0757,95.9336,93.6495,92.5074,91.3653,90.2233,89.0812,87.9391,86.7971,85.655,0,0.0,False,False,False,False,False,False,False,False,False,False,False,False,False,False,False,False,False,False,False,False,False,False,False,False
MGK,2019-03-12 04:00:00+00:00,116.347572709567,116.86599662669602,116.22276247562924,116.60678100585938,115400,2019,3,10,Tuesday,116.5108,116.16514587402344,0.38,0.16,0.05,0.38,-0.05,115.0035,113.8418,112.6802,111.5185,110.3569,109.1952,108.0336,106.8719,105.7103,104.5486,103.387,102.2253,101.0637,99.902,98.7404,97.5787,95.2554,94.0938,92.9321,91.7705,90.6088,89.4472,88.2855,87.1239,0,0.0,False,False,False,False,False,False,False,False,False,False,False,False,False,False,False,False,False,False,False,False,False,False,False,False
MGK,2019-03-13 04:00:00+00:00,117.10600874264507,117.84523837974294,117.0772013097721,117.38441467285156,136900,2019,3,10,Wednesday,117.3532,116.60678100585938,0.67,0.43,0.4,0.67,-0.4,115.4407,114.2746,113.1086,111.9425,110.7764,109.6104,108.4443,107.2782,106.1122,104.9461,103.78,102.614,101.4479,100.2818,99.1158,97.9497,95.6176,94.4515,93.2854,92.1194,90.9533,89.7872,88.6212,87.4551,0,0.0,False,False,False,False,False,False,False,False,False,False,False,False,False,False,False,False,False,False,False,False,False,False,False,False
MGK,2019-03-14 04:00:00+00:00,117.37479486842317,117.51880270436584,117.08677919653778,117.40359497070312,66900,2019,3,10,Thursday,117.346,117.38441467285156,0.02,-0.01,-0.25,0.02,0.25,116.2106,115.0367,113.8629,112.689,111.5152,110.3413,109.1675,107.9937,106.8198,105.646,104.4721,103.2983,102.1244,100.9506,99.7768,98.6029,96.2552,95.0814,93.9075,92.7337,91.5598,90.386,89.2122,88.0383,0,0.0,False,False,False,False,False,False,False,False,False,False,False,False,False,False,False,False,False,False,False,False,False,False,False,False
MGK,2019-03-15 04:00:00+00:00,117.6820422229392,118.44047687548051,117.56683445593656,118.1620635986328,124600,2019,3,10,Friday,117.9629,117.40359497070312,0.65,0.24,0.14,0.65,-0.14,116.2296,115.0555,113.8815,112.7075,111.5334,110.3594,109.1853,108.0113,106.8373,105.6632,104.4892,103.3152,102.1411,100.9671,99.7931,98.619,96.2709,95.0969,93.9229,92.7488,91.5748,90.4008,89.2267,88.0527,0,0.0,False,False,False,False,False,False,False,False,False,False,False,False,False,False,False,False,False,False,False,False,False,False,False,False
MGK,2019-03-18 04:00:00+00:00,118.16204237881246,118.49805581654692,117.826028941078,118.29644775390624,72700,2019,3,11,Monday,118.1956,118.1620635986328,0.11,-0.0,-0.28,0.11,0.28,116.9804,115.7988,114.6172,113.4356,112.254,111.0723,109.8907,108.7091,107.5275,106.3459,105.1642,103.9826,102.801,101.6194,100.4378,99.2561,96.8929,95.7113,94.5297,93.348,92.1664,90.9848,89.8032,88.6215,0,0.0,False,False,False,False,False,False,False,False,False,False,False,False,False,False,False,False,False,False,False,False,False,False,False,False
MGK,2019-03-19 04:00:00+00:00,118.72847117299148,119.16049475441557,118.0372393023482,118.52686309814452,196500,2019,3,11,Tuesday,118.6133,118.29644775390624,0.19,0.37,-0.22,0.19,0.22,117.1135,115.9305,114.7476,113.5646,112.3816,111.1987,110.0157,108.8327,107.6498,106.4668,105.2838,104.1009,102.9179,101.7349,100.552,99.369,97.0031,95.8201,94.6372,93.4542,92.2712,91.0883,89.9053,88.7223,0,0.0,False,False,False,False,False,False,False,False,False,False,False,False,False,False,False,False,False,False,False,False,False,False,False,False
MGK,2019-03-20 04:00:00+00:00,118.43085383820228,119.5061041699351,117.90282748678356,118.96847534179688,167400,2019,3,11,Wednesday,118.7021,118.52686309814452,0.37,-0.08,-0.53,0.37,0.53,117.3416,116.1563,114.9711,113.7858,112.6005,111.4153,110.23,109.0447,107.8594,106.6742,105.4889,104.3036,103.1184,101.9331,100.7478,99.5626,97.192,96.0068,94.8215,93.6362,92.451,91.2657,90.0804,88.8951,0,0.0,False,False,False,False,False,False,False,False,False,False,False,False,False,False,False,False,False,False,False,False,False,False,False,False
MGK,2019-03-21 04:00:00+00:00,118.5748600058507,120.7061556855912,118.5748600058507,120.61014556884766,175400,2019,3,11,Thursday,119.6165,118.96847534179688,1.38,-0.33,-0.33,1.38,0.33,117.7788,116.5891,115.3994,114.2097,113.0201,111.8304,110.6407,109.451,108.2613,107.0716,105.8819,104.6923,103.5026,102.3129,101.1232,99.9335,97.5541,96.3645,95.1748,93.9851,92.7954,91.6057,90.416,89.2264,0,0.0,False,False,False,False,False,False,False,False,False,False,False,False,False,False,False,False,False,False,False,False,False,False,False,False
MGK,2019-03-22 04:00:00+00:00,119.9765412729572,120.26454969754946,117.99885559082033,117.99885559082033,237900,2019,3,11,Friday,119.0597,120.61014556884766,-2.17,-0.53,-2.17,-2.17,2.17,119.404,118.1979,116.9918,115.7857,114.5796,113.3735,112.1674,110.9613,109.7552,108.5491,107.343,106.1369,104.9308,103.7247,102.5186,101.3125,98.9003,97.6942,96.4881,95.282,94.0759,92.8698,91.6637,90.4576,2,237.602,True,True,False,False,False,False,False,False,False,False,False,False,False,False,False,False,False,False,False,False,False,False,False,False
MGK,2019-03-25 04:00:00+00:00,117.7384933892978,118.36296748296216,117.32537558572702,118.0267105102539,174100,2019,3,12,Monday,117.8634,117.99885559082033,0.02,-0.22,-0.57,0.02,0.57,116.8189,115.6389,114.4589,113.2789,112.0989,110.9189,109.7389,108.5589,107.379,106.199,105.019,103.839,102.659,101.479,100.299,99.119,96.7591,95.5791,94.3991,93.2191,92.0391,90.8591,89.6791,88.4991,0,0.0,False,False,False,False,False,False,False,False,False,False,False,False,False,False,False,False,False,False,False,False,False,False,False,False
MGK,2019-03-26 04:00:00+00:00,118.92018891477954,119.4389884908174,118.09395336736944,118.67039489746094,125500,2019,3,12,Tuesday,118.7809,118.0267105102539,0.55,0.76,0.06,0.55,-0.06,116.8464,115.6662,114.4859,113.3056,112.1254,110.9451,109.7648,108.5846,107.4043,106.224,105.0438,103.8635,102.6832,101.503,100.3227,99.1424,96.7819,95.6016,94.4214,93.2411,92.0608,90.8806,89.7003,88.52,0,0.0,False,False,False,False,False,False,False,False,False,False,False,False,False,False,False,False,False,False,False,False,False,False,False,False
MGK,2019-03-27 04:00:00+00:00,118.78568299084034,119.02586756617444,117.1140003988735,118.03630828857422,167800,2019,3,12,Wednesday,118.2405,118.67039489746094,-0.53,0.1,-1.31,-0.53,1.31,117.4837,116.297,115.1103,113.9236,112.7369,111.5502,110.3635,109.1768,107.9901,106.8034,105.6167,104.4299,103.2432,102.0565,100.8698,99.6831,97.3097,96.123,94.9363,93.7496,92.5629,91.3762,90.1895,89.0028,1,117.4837,True,False,False,False,False,False,False,False,False,False,False,False,False,False,False,False,False,False,False,False,False,False,False,False
MGK,2019-03-28 04:00:00+00:00,118.36295865537888,118.78568586374328,117.85376851613178,118.5647201538086,96600,2019,3,12,Thursday,118.3918,118.03630828857422,0.45,0.28,-0.15,0.45,0.15,116.8559,115.6756,114.4952,113.3149,112.1345,110.9541,109.7738,108.5934,107.413,106.2327,105.0523,103.872,102.6916,101.5112,100.3309,99.1505,96.7898,95.6094,94.429,93.2487,92.0683,90.888,89.7076,88.5272,0,0.0,False,False,False,False,False,False,False,False,False,False,False,False,False,False,False,False,False,False,False,False,False,False,False,False
MGK,2019-03-29 04:00:00+00:00,119.30448020622816,119.496624930775,118.73764080806755,119.46780395507812,140600,2019,3,12,Friday,119.2516,118.5647201538086,0.76,0.62,0.15,0.76,-0.15,117.3791,116.1934,115.0078,113.8221,112.6365,111.4508,110.2652,109.0795,107.8939,106.7082,105.5226,104.337,103.1513,101.9657,100.78,99.5944,97.2231,96.0374,94.8518,93.6661,92.4805,91.2948,90.1092,88.9235,0,0.0,False,False,False,False,False,False,False,False,False,False,False,False,False,False,False,False,False,False,False,False,False,False,False,False
MGK,2019-04-01 04:00:00+00:00,120.47658637788555,120.88009471172758,120.09228958524244,120.8128433227539,130300,2019,4,13,Monday,120.5655,119.46780395507812,1.13,0.84,0.52,1.13,-0.52,118.2731,117.0784,115.8838,114.6891,113.4944,112.2997,111.1051,109.9104,108.7157,107.521,106.3263,105.1317,103.937,102.7423,101.5476,100.353,97.9636,96.7689,95.5742,94.3796,93.1849,91.9902,90.7955,89.6009,0,0.0,False,False,False,False,False,False,False,False,False,False,False,False,False,False,False,False,False,False,False,False,False,False,False,False
MGK,2019-04-02 04:00:00+00:00,120.9185337266694,121.27400956787848,120.6399187154275,121.14910888671876,168400,2019,4,13,Tuesday,120.9954,120.8128433227539,0.28,0.09,-0.14,0.28,0.14,119.6047,118.3966,117.1885,115.9803,114.7722,113.5641,112.3559,111.1478,109.9397,108.7316,107.5234,106.3153,105.1072,103.899,102.6909,101.4828,99.0665,97.8584,96.6503,95.4421,94.234,93.0259,91.8178,90.6096,0,0.0,False,False,False,False,False,False,False,False,False,False,False,False,False,False,False,False,False,False,False,False,False,False,False,False
MGK,2019-04-03 04:00:00+00:00,121.69672237057064,122.14827055795948,121.16832068755208,121.50457763671876,175200,2019,4,13,Wednesday,121.6295,121.14910888671876,0.29,0.45,0.02,0.29,-0.02,119.9376,118.7261,117.5146,116.3031,115.0917,113.8802,112.6687,111.4572,110.2457,109.0342,107.8227,106.6112,105.3997,104.1882,102.9767,101.7653,99.3423,98.1308,96.9193,95.7078,94.4963,93.2848,92.0733,90.8618,0,0.0,False,False,False,False,False,False,False,False,False,False,False,False,False,False,False,False,False,False,False,False,False,False,False,False
MGK,2019-04-04 04:00:00+00:00,121.54299854306592,121.86003659613948,120.93772875205488,121.5622100830078,131300,2019,4,13,Thursday,121.4757,121.50457763671876,0.05,0.03,-0.47,0.05,0.47,120.2895,119.0745,117.8594,116.6444,115.4293,114.2143,112.9993,111.7842,110.5692,109.3541,108.1391,106.924,105.709,104.4939,103.2789,102.0638,99.6338,98.4187,97.2037,95.9886,94.7736,93.5585,92.3435,91.1284,0,0.0,False,False,False,False,False,False,False,False,False,False,False,False,False,False,False,False,False,False,False,False,False,False,False,False
MGK,2019-04-05 04:00:00+00:00,121.9849546703856,122.18670885290064,121.89848440367786,122.10984802246094,103200,2019,4,13,Friday,122.045,121.5622100830078,0.45,0.35,0.28,0.45,-0.28,120.3466,119.131,117.9153,116.6997,115.4841,114.2685,113.0529,111.8372,110.6216,109.406,108.1904,106.9747,105.7591,104.5435,103.3279,102.1123,99.681,98.4654,97.2498,96.0341,94.8185,93.6029,92.3873,91.1717,0,0.0,False,False,False,False,False,False,False,False,False,False,False,False,False,False,False,False,False,False,False,False,False,False,False,False
MGK,2019-04-08 04:00:00+00:00,121.8696464784417,122.31158519723895,121.47574760445222,122.29237365722656,143400,2019,4,14,Monday,121.9873,122.10984802246094,0.15,-0.2,-0.52,0.15,0.52,120.8887,119.6677,118.4466,117.2255,116.0044,114.7833,113.5622,112.3411,111.12,109.8989,108.6778,107.4567,106.2356,105.0145,103.7934,102.5723,100.1301,98.909,97.6879,96.4668,95.2457,94.0246,92.8035,91.5824,0,0.0,False,False,False,False,False,False,False,False,False,False,False,False,False,False,False,False,False,False,False,False,False,False,False,False
MGK,2019-04-09 04:00:00+00:00,121.78320642583088,122.1675032669149,121.60066377709911,121.79280853271484,75300,2019,4,14,Tuesday,121.836,122.29237365722656,-0.41,-0.42,-0.57,-0.41,0.57,121.0694,119.8465,118.6236,117.4007,116.1778,114.9548,113.7319,112.509,111.2861,110.0631,108.8402,107.6173,106.3944,105.1714,103.9485,102.7256,100.2797,99.0568,97.8339,96.611,95.3881,94.1651,92.9422,91.7193,0,0.0,False,False,False,False,False,False,False,False,False,False,False,False,False,False,False,False,False,False,False,False,False,False,False,False
MGK,2019-04-10 04:00:00+00:00,122.02337098853424,122.3308069449235,121.83121893463384,122.32119750976562,125000,2019,4,14,Wednesday,122.1266,121.79280853271484,0.43,0.19,0.03,0.43,-0.03,120.5749,119.357,118.139,116.9211,115.7032,114.4852,113.2673,112.0494,110.8315,109.6135,108.3956,107.1777,105.9597,104.7418,103.5239,102.306,99.8701,98.6522,97.4342,96.2163,94.9984,93.7805,92.5625,91.3446,0,0.0,False,False,False,False,False,False,False,False,False,False,False,False,False,False,False,False,False,False,False,False,False,False,False,False
MGK,2019-04-11 04:00:00+00:00,122.51334411320728,122.51334411320728,122.0521938364749,122.26355743408205,64600,2019,4,14,Thursday,122.3356,122.32119750976562,-0.05,0.16,-0.22,-0.05,0.22,121.098,119.8748,118.6516,117.4283,116.2051,114.9819,113.7587,112.5355,111.3123,110.0891,108.8659,107.6427,106.4194,105.1962,103.973,102.7498,100.3034,99.0802,97.857,96.6337,95.4105,94.1873,92.9641,91.7409,0,0.0,False,False,False,False,False,False,False,False,False,False,False,False,False,False,False,False,False,False,False,False,False,False,False,False
MGK,2019-04-12 04:00:00+00:00,122.93606653098524,123.1570395553104,122.66706099170332,123.14742279052734,77000,2019,4,14,Friday,122.9769,122.26355743408205,0.72,0.55,0.33,0.72,-0.33,121.0409,119.8183,118.5957,117.373,116.1504,114.9277,113.7051,112.4825,111.2598,110.0372,108.8146,107.5919,106.3693,105.1467,103.924,102.7014,100.2561,99.0335,97.8108,96.5882,95.3656,94.1429,92.9203,91.6977,0,0.0,False,False,False,False,False,False,False,False,False,False,False,False,False,False,False,False,False,False,False,False,False,False,False,False
MGK,2019-04-15 04:00:00+00:00,123.16664166039102,123.23390037506272,122.4749162721737,123.14742279052734,75400,2019,4,15,Monday,123.0057,123.14742279052734,0.0,0.02,-0.55,0.0,0.55,121.9159,120.6845,119.453,118.2215,116.9901,115.7586,114.5271,113.2956,112.0642,110.8327,109.6012,108.3697,107.1383,105.9068,104.6753,103.4438,100.9809,99.7494,98.5179,97.2865,96.055,94.8235,93.592,92.3606,0,0.0,False,False,False,False,False,False,False,False,False,False,False,False,False,False,False,False,False,False,False,False,False,False,False,False
MGK,2019-04-16 04:00:00+00:00,123.49329205784773,123.57015287941014,122.76313624255896,123.0705795288086,123000,2019,4,15,Tuesday,123.2243,123.14742279052734,-0.06,0.28,-0.31,-0.06,0.31,121.9159,120.6845,119.453,118.2215,116.9901,115.7586,114.5271,113.2956,112.0642,110.8327,109.6012,108.3697,107.1383,105.9068,104.6753,103.4438,100.9809,99.7494,98.5179,97.2865,96.055,94.8235,93.592,92.3606,0,0.0,False,False,False,False,False,False,False,False,False,False,False,False,False,False,False,False,False,False,False,False,False,False,False,False
MGK,2019-04-17 04:00:00+00:00,123.59897081094822,123.59897081094822,122.73431224414637,122.91685485839844,89700,2019,4,15,Wednesday,123.2123,123.0705795288086,-0.12,0.43,-0.27,-0.12,0.27,121.8399,120.6092,119.3785,118.1478,116.9171,115.6863,114.4556,113.2249,111.9942,110.7635,109.5328,108.3021,107.0714,105.8407,104.61,103.3793,100.9179,99.6872,98.4565,97.2258,95.9951,94.7643,93.5336,92.3029,0,0.0,False,False,False,False,False,False,False,False,False,False,False,False,False,False,False,False,False,False,False,False,False,False,False,False
MGK,2019-04-18 04:00:00+00:00,123.37801058658368,123.37801058658368,122.51334465159628,123.22428894042967,101200,2019,4,15,Thursday,123.1234,122.91685485839844,0.25,0.38,-0.33,0.25,0.33,121.6877,120.4585,119.2293,118.0002,116.771,115.5418,114.3127,113.0835,111.8543,110.6252,109.396,108.1668,106.9377,105.7085,104.4793,103.2502,100.7918,99.5627,98.3335,97.1043,95.8751,94.646,93.4168,92.1876,0,0.0,False,False,False,False,False,False,False,False,False,False,False,False,False,False,False,False,False,False,False,False,False,False,False,False
MGK,2019-04-22 04:00:00+00:00,122.77275125042834,123.55095427683084,122.67667888404026,123.50291442871094,157700,2019,4,16,Monday,123.1258,123.22428894042967,0.23,-0.37,-0.44,0.23,0.44,121.992,120.7598,119.5276,118.2953,117.0631,115.8308,114.5986,113.3663,112.1341,110.9019,109.6696,108.4374,107.2051,105.9729,104.7406,103.5084,101.0439,99.8117,98.5794,97.3472,96.1149,94.8827,93.6505,92.4182,0,0.0,False,False,False,False,False,False,False,False,False,False,False,False,False,False,False,False,False,False,False,False,False,False,False,False
MGK,2019-04-23 04:00:00+00:00,123.7719310408944,124.95363517972692,123.5989905041577,124.86717224121094,136300,2019,4,16,Tuesday,124.2979,123.50291442871094,1.1,0.22,0.08,1.1,-0.08,122.2679,121.0329,119.7978,118.5628,117.3278,116.0927,114.8577,113.6227,112.3877,111.1526,109.9176,108.6826,107.4475,106.2125,104.9775,103.7424,101.2724,100.0374,98.8023,97.5673,96.3323,95.0972,93.8622,92.6272,0,0.0,False,False,False,False,False,False,False,False,False,False,False,False,False,False,False,False,False,False,False,False,False,False,False,False
MGK,2019-04-24 04:00:00+00:00,124.8959594799586,125.08810417798762,124.58851623535156,124.58851623535156,124000,2019,4,16,Wednesday,124.7903,124.86717224121094,-0.22,0.02,-0.22,-0.22,0.22,123.6185,122.3698,121.1212,119.8725,118.6238,117.3751,116.1265,114.8778,113.6291,112.3805,111.1318,109.8831,108.6344,107.3858,106.1371,104.8884,102.3911,101.1424,99.8937,98.6451,97.3964,96.1477,94.8991,93.6504,0,0.0,False,False,False,False,False,False,False,False,False,False,False,False,False,False,False,False,False,False,False,False,False,False,False,False
MGK,2019-04-25 04:00:00+00:00,125.23223285395338,125.3955565922062,124.65578405801249,125.04969024658205,89300,2019,4,16,Thursday,125.0833,124.58851623535156,0.37,0.52,0.05,0.37,-0.05,123.3426,122.0967,120.8509,119.605,118.3591,117.1132,115.8673,114.6214,113.3755,112.1297,110.8838,109.6379,108.392,107.1461,105.9002,104.6544,102.1626,100.9167,99.6708,98.4249,97.179,95.9332,94.6873,93.4414,0,0.0,False,False,False,False,False,False,False,False,False,False,False,False,False,False,False,False,False,False,False,False,False,False,False,False
MGK,2019-04-26 04:00:00+00:00,125.24186299727444,125.5012664794922,124.39640848320484,125.5012664794922,114600,2019,4,16,Friday,125.1602,125.04969024658205,0.36,0.15,-0.52,0.36,0.52,123.7992,122.5487,121.2982,120.0477,118.7972,117.5467,116.2962,115.0457,113.7952,112.5447,111.2942,110.0437,108.7932,107.5427,106.2922,105.0417,102.5407,101.2902,100.0398,98.7893,97.5388,96.2883,95.0378,93.7873,0,0.0,False,False,False,False,False,False,False,False,False,False,False,False,False,False,False,False,False,False,False,False,False,False,False,False
MGK,2019-04-29 04:00:00+00:00,125.5300593735026,125.85670685005216,125.4339796875989,125.65494537353516,128900,2019,4,17,Monday,125.6189,125.5012664794922,0.12,0.02,-0.05,0.12,0.05,124.2463,122.9912,121.7362,120.4812,119.2262,117.9712,116.7162,115.4612,114.2062,112.9511,111.6961,110.4411,109.1861,107.9311,106.6761,105.4211,102.911,101.656,100.401,99.146,97.891,96.636,95.381,94.1259,0,0.0,False,False,False,False,False,False,False,False,False,False,False,False,False,False,False,False,False,False,False,False,False,False,False,False
MGK,2019-04-30 04:00:00+00:00,124.9728395035543,125.22262618342238,124.24268367491472,125.09774017333984,101900,2019,4,17,Tuesday,124.884,125.65494537353516,-0.44,-0.54,-1.12,-0.44,1.12,124.3984,123.1418,121.8853,120.6287,119.3722,118.1156,116.8591,115.6025,114.346,113.0895,111.8329,110.5764,109.3198,108.0633,106.8067,105.5502,103.0371,101.7805,100.524,99.2674,98.0109,96.7543,95.4978,94.2412,1,124.3984,True,False,False,False,False,False,False,False,False,False,False,False,False,False,False,False,False,False,False,False,False,False,False,False
MGK,2019-05-01 04:00:00+00:00,125.84710498078483,125.84710498078483,124.3003158569336,124.3003158569336,231000,2019,5,17,Wednesday,125.0737,125.09774017333984,-0.64,0.6,-0.64,-0.64,0.64,123.8468,122.5958,121.3448,120.0938,118.8429,117.5919,116.3409,115.0899,113.8389,112.588,111.337,110.086,108.835,107.5841,106.3331,105.0821,102.5801,101.3292,100.0782,98.8272,97.5762,96.3253,95.0743,93.8233,0,0.0,False,False,False,False,False,False,False,False,False,False,False,False,False,False,False,False,False,False,False,False,False,False,False,False
MGK,2019-05-02 04:00:00+00:00,124.27150639808087,124.70383570611232,123.1474296736146,123.91602325439452,399500,2019,5,17,Thursday,124.0097,124.3003158569336,-0.31,-0.02,-0.93,-0.31,0.93,123.0573,121.8143,120.5713,119.3283,118.0853,116.8423,115.5993,114.3563,113.1133,111.8703,110.6273,109.3843,108.1413,106.8983,105.6553,104.4123,101.9263,100.6833,99.4403,98.1972,96.9542,95.7112,94.4682,93.2252,0,0.0,False,False,False,False,False,False,False,False,False,False,False,False,False,False,False,False,False,False,False,False,False,False,False,False
MGK,2019-05-03 04:00:00+00:00,124.74223126016304,125.56846661171974,124.60772851268638,125.4435806274414,118500,2019,5,17,Friday,125.0905,123.91602325439452,1.23,0.67,0.56,1.23,-0.56,122.6769,121.4377,120.1985,118.9594,117.7202,116.4811,115.2419,114.0027,112.7636,111.5244,110.2853,109.0461,107.8069,106.5678,105.3286,104.0895,101.6111,100.372,99.1328,97.8937,96.6545,95.4153,94.1762,92.937,0,0.0,False,False,False,False,False,False,False,False,False,False,False,False,False,False,False,False,False,False,False,False,False,False,False,False
MGK,2019-05-06 04:00:00+00:00,123.00334346156012,125.001681211035,122.85923122705758,124.90560150146484,187600,2019,5,18,Monday,123.9425,125.4435806274414,-0.43,-1.95,-2.06,-0.43,2.06,124.1891,122.9347,121.6803,120.4258,119.1714,117.917,116.6625,115.4081,114.1537,112.8992,111.6448,110.3904,109.1359,107.8815,106.627,105.3726,102.8637,101.6093,100.3549,99.1004,97.846,96.5916,95.3371,94.0827,2,247.1239,True,True,False,False,False,False,False,False,False,False,False,False,False,False,False,False,False,False,False,False,False,False,False,False
MGK,2019-05-07 04:00:00+00:00,123.79113540882724,123.8872004426872,121.514183006623,122.61902618408205,339000,2019,5,18,Tuesday,122.9529,124.90560150146484,-1.83,-0.89,-2.72,-1.83,2.72,123.6565,122.4075,121.1584,119.9094,118.6603,117.4113,116.1622,114.9132,113.6641,112.415,111.166,109.9169,108.6679,107.4188,106.1698,104.9207,102.4226,101.1735,99.9245,98.6754,97.4264,96.1773,94.9283,93.6792,2,246.064,True,True,False,False,False,False,False,False,False,False,False,False,False,False,False,False,False,False,False,False,False,False,False,False
MGK,2019-05-08 04:00:00+00:00,122.29237481193212,123.24350364332764,122.05219024532764,122.50373840332033,281000,2019,5,18,Wednesday,122.523,122.61902618408205,-0.09,-0.27,-0.46,-0.09,0.46,121.3928,120.1666,118.9405,117.7143,116.4881,115.2619,114.0357,112.8095,111.5833,110.3571,109.1309,107.9047,106.6786,105.4524,104.2262,103.0,100.5476,99.3214,98.0952,96.869,95.6428,94.4167,93.1905,91.9643,0,0.0,False,False,False,False,False,False,False,False,False,False,False,False,False,False,False,False,False,False,False,False,False,False,False,False
MGK,2019-05-09 04:00:00+00:00,121.38927692003064,122.26355224944952,120.476578510723,122.06179809570312,292900,2019,5,18,Thursday,121.5478,122.50373840332033,-0.36,-0.91,-1.65,-0.36,1.65,121.2787,120.0537,118.8286,117.6036,116.3786,115.1535,113.9285,112.7034,111.4784,110.2534,109.0283,107.8033,106.5783,105.3532,104.1282,102.9031,100.4531,99.228,98.003,96.778,95.5529,94.3279,93.1028,91.8778,1,121.2787,True,False,False,False,False,False,False,False,False,False,False,False,False,False,False,False,False,False,False,False,False,False,False,False
MGK,2019-05-10 04:00:00+00:00,121.49497771674204,122.89765490730554,119.90975788382602,122.42689514160156,295200,2019,5,18,Friday,121.6823,122.06179809570312,0.3,-0.46,-1.76,0.3,1.76,120.8412,119.6206,118.3999,117.1793,115.9587,114.7381,113.5175,112.2969,111.0762,109.8556,108.635,107.4144,106.1938,104.9731,103.7525,102.5319,100.0907,98.8701,97.6494,96.4288,95.2082,93.9876,92.767,91.5463,1,120.8412,True,False,False,False,False,False,False,False,False,False,False,False,False,False,False,False,False,False,False,False,False,False,False,False
MGK,2019-05-13 04:00:00+00:00,119.67916480167462,120.16914336682402,118.51667238620344,118.8144989013672,344700,2019,5,19,Monday,119.2949,122.42689514160156,-2.95,-2.24,-3.19,-2.95,3.19,121.2026,119.9784,118.7541,117.5298,116.3056,115.0813,113.857,112.6327,111.4085,110.1842,108.9599,107.7357,106.5114,105.2871,104.0629,102.8386,100.3901,99.1658,97.9415,96.7172,95.493,94.2687,93.0444,91.8202,3,359.9351,True,True,True,False,False,False,False,False,False,False,False,False,False,False,False,False,False,False,False,False,False,False,False,False
MGK,2019-05-14 04:00:00+00:00,119.4005810624535,120.78404686486788,119.23725727462768,120.02506256103516,141300,2019,5,19,Tuesday,119.8617,118.8144989013672,1.02,0.49,0.36,1.02,-0.36,117.6264,116.4382,115.2501,114.0619,112.8738,111.6856,110.4975,109.3093,108.1212,106.933,105.7449,104.5568,103.3686,102.1805,100.9923,99.8042,97.4279,96.2397,95.0516,93.8635,92.6753,91.4872,90.299,89.1109,0,0.0,False,False,False,False,False,False,False,False,False,False,False,False,False,False,False,False,False,False,False,False,False,False,False,False
MGK,2019-05-15 04:00:00+00:00,119.25645024604368,121.667905587219,119.25645024604368,121.37007904052734,155400,2019,5,19,Wednesday,120.3877,120.02506256103516,1.12,-0.64,-0.64,1.12,0.64,118.8248,117.6246,116.4243,115.2241,114.0238,112.8236,111.6233,110.4231,109.2228,108.0226,106.8223,105.6221,104.4218,103.2216,102.0213,100.8211,98.4206,97.2203,96.0201,94.8198,93.6195,92.4193,91.219,90.0188,0,0.0,False,False,False,False,False,False,False,False,False,False,False,False,False,False,False,False,False,False,False,False,False,False,False,False
MGK,2019-05-16 04:00:00+00:00,121.63907748882156,123.25311080597568,121.59103764158893,122.58059692382812,107600,2019,5,19,Thursday,122.266,121.37007904052734,1.0,0.22,0.18,1.0,-0.18,120.1564,118.9427,117.729,116.5153,115.3016,114.0879,112.8742,111.6605,110.4468,109.2331,108.0194,106.8057,105.592,104.3783,103.1646,101.9509,99.5235,98.3098,97.0961,95.8824,94.6687,93.455,92.2413,91.0276,0,0.0,False,False,False,False,False,False,False,False,False,False,False,False,False,False,False,False,False,False,False,False,False,False,False,False
MGK,2019-05-17 04:00:00+00:00,121.42769985417242,123.03213088032145,121.42769985417242,121.68710327148438,156900,2019,5,19,Friday,121.8937,122.58059692382812,-0.73,-0.94,-0.94,-0.73,0.94,121.3548,120.129,118.9032,117.6774,116.4516,115.2258,114.0,112.7741,111.5483,110.3225,109.0967,107.8709,106.6451,105.4193,104.1935,102.9677,100.5161,99.2903,98.0645,96.8387,95.6129,94.3871,93.1613,91.9354,0,0.0,False,False,False,False,False,False,False,False,False,False,False,False,False,False,False,False,False,False,False,False,False,False,False,False
MGK,2019-05-20 04:00:00+00:00,120.41894778835336,120.81285405150248,119.76565271165155,120.21719360351562,124200,2019,5,20,Monday,120.3037,121.68710327148438,-1.21,-1.04,-1.58,-1.21,1.58,120.4702,119.2534,118.0365,116.8196,115.6027,114.3859,113.169,111.9521,110.7353,109.5184,108.3015,107.0847,105.8678,104.6509,103.434,102.2172,99.7834,98.5666,97.3497,96.1328,94.9159,93.6991,92.4822,91.2653,1,120.4702,True,False,False,False,False,False,False,False,False,False,False,False,False,False,False,False,False,False,False,False,False,False,False,False
MGK,2019-05-21 04:00:00+00:00,121.17790166479304,121.55258896137006,120.85125420822868,121.32201385498048,113800,2019,5,20,Tuesday,121.2259,120.21719360351562,0.92,0.8,0.53,0.92,-0.53,119.015,117.8128,116.6107,115.4085,114.2063,113.0042,111.802,110.5998,109.3976,108.1955,106.9933,105.7911,104.589,103.3868,102.1846,100.9824,98.5781,97.3759,96.1738,94.9716,93.7694,92.5672,91.3651,90.1629,0,0.0,False,False,False,False,False,False,False,False,False,False,False,False,False,False,False,False,False,False,False,False,False,False,False,False
MGK,2019-05-22 04:00:00+00:00,120.80323315480052,121.49496591139382,120.80323315480052,121.08184814453124,72300,2019,5,20,Wednesday,121.0458,121.32201385498048,-0.2,-0.43,-0.43,-0.2,0.43,120.1088,118.8956,117.6824,116.4691,115.2559,114.0427,112.8295,111.6163,110.403,109.1898,107.9766,106.7634,105.5502,104.3369,103.1237,101.9105,99.4841,98.2708,97.0576,95.8444,94.6312,93.418,92.2047,90.9915,0,0.0,False,False,False,False,False,False,False,False,False,False,False,False,False,False,False,False,False,False,False,False,False,False,False,False
MGK,2019-05-23 04:00:00+00:00,119.8617142102782,119.8905351869468,118.8337245066065,119.45819854736328,223400,2019,5,20,Thursday,119.511,121.08184814453124,-1.34,-1.01,-1.86,-1.34,1.86,119.871,118.6602,117.4494,116.2386,115.0278,113.8169,112.6061,111.3953,110.1845,108.9737,107.7628,106.552,105.3412,104.1304,102.9196,101.7088,99.2871,98.0763,96.8655,95.6547,94.4438,93.233,92.0222,90.8114,1,119.871,True,False,False,False,False,False,False,False,False,False,False,False,False,False,False,False,False,False,False,False,False,False,False,False
MGK,2019-05-24 04:00:00+00:00,120.1499421715677,120.39012677199374,119.38135584811576,119.4870376586914,79500,2019,5,20,Friday,119.8521,119.45819854736328,0.02,0.58,-0.06,0.02,0.06,118.2636,117.069,115.8745,114.6799,113.4853,112.2907,111.0961,109.9015,108.707,107.5124,106.3178,105.1232,103.9286,102.7341,101.5395,100.3449,97.9557,96.7611,95.5666,94.372,93.1774,91.9828,90.7882,89.5936,0,0.0,False,False,False,False,False,False,False,False,False,False,False,False,False,False,False,False,False,False,False,False,False,False,False,False
MGK,2019-05-28 04:00:00+00:00,119.76564578789724,120.4285502626546,118.94901232952564,118.96823120117188,77400,2019,5,21,Tuesday,119.5279,119.4870376586914,-0.43,0.23,-0.45,-0.43,0.45,118.2922,117.0973,115.9024,114.7076,113.5127,112.3178,111.1229,109.9281,108.7332,107.5383,106.3435,105.1486,103.9537,102.7589,101.564,100.3691,97.9794,96.7845,95.5896,94.3948,93.1999,92.005,90.8101,89.6153,0,0.0,False,False,False,False,False,False,False,False,False,False,False,False,False,False,False,False,False,False,False,False,False,False,False,False
MGK,2019-05-29 04:00:00+00:00,118.22846585140778,118.526299741453,117.32537673441416,117.98828125,132700,2019,5,21,Wednesday,118.0171,118.96823120117188,-0.82,-0.62,-1.38,-0.82,1.38,117.7785,116.5889,115.3992,114.2095,113.0198,111.8301,110.6405,109.4508,108.2611,107.0714,105.8817,104.692,103.5024,102.3127,101.123,99.9333,97.5539,96.3643,95.1746,93.9849,92.7952,91.6055,90.4159,89.2262,1,117.7785,True,False,False,False,False,False,False,False,False,False,False,False,False,False,False,False,False,False,False,False,False,False,False,False
MGK,2019-05-30 04:00:00+00:00,118.29569605952685,118.80489348038864,117.96904857844486,118.55509948730467,137900,2019,5,21,Thursday,118.4062,117.98828125,0.48,0.26,-0.02,0.48,0.02,116.8084,115.6285,114.4486,113.2688,112.0889,110.909,109.7291,108.5492,107.3693,106.1895,105.0096,103.8297,102.6498,101.4699,100.29,99.1102,96.7504,95.5705,94.3906,93.2107,92.0309,90.851,89.6711,88.4912,0,0.0,False,False,False,False,False,False,False,False,False,False,False,False,False,False,False,False,False,False,False,False,False,False,False,False
MGK,2019-05-31 04:00:00+00:00,117.22927870285989,117.6135754710035,116.7873399849426,116.8545913696289,112800,2019,5,21,Friday,117.1212,118.55509948730467,-1.43,-1.12,-1.49,-1.43,1.49,117.3695,116.184,114.9984,113.8129,112.6273,111.4418,110.2562,109.0707,107.8851,106.6996,105.514,104.3285,103.1429,101.9574,100.7718,99.5863,97.2152,96.0296,94.8441,93.6585,92.473,91.2874,90.1019,88.9163,1,117.3695,True,False,False,False,False,False,False,False,False,False,False,False,False,False,False,False,False,False,False,False,False,False,False,False
MGK,2019-06-03 04:00:00+00:00,116.53755241237474,116.74890866985622,114.15491833224044,114.78900909423828,535500,2019,6,22,Monday,115.5576,116.8545913696289,-1.77,-0.27,-2.31,-1.77,2.31,115.686,114.5175,113.349,112.1804,111.0119,109.8433,108.6748,107.5062,106.3377,105.1691,104.0006,102.832,101.6635,100.4949,99.3264,98.1579,95.8208,94.6522,93.4837,92.3151,91.1466,89.978,88.8095,87.6409,2,230.2035,True,True,False,False,False,False,False,False,False,False,False,False,False,False,False,False,False,False,False,False,False,False,False,False
MGK,2019-06-04 04:00:00+00:00,115.90348669235232,117.60399786341078,115.48075942635312,117.54634857177734,168100,2019,6,22,Tuesday,116.6336,114.78900909423828,2.4,0.97,0.6,2.4,-0.6,113.6411,112.4932,111.3453,110.1974,109.0496,107.9017,106.7538,105.6059,104.458,103.3101,102.1622,101.0143,99.8664,98.7185,97.5707,96.4228,94.127,92.9791,91.8312,90.6833,89.5354,88.3875,87.2396,86.0918,0,0.0,False,False,False,False,False,False,False,False,False,False,False,False,False,False,False,False,False,False,False,False,False,False,False,False
MGK,2019-06-05 04:00:00+00:00,118.51668431338244,118.8049087524414,117.63280678405116,118.8049087524414,150200,2019,6,22,Wednesday,118.4398,117.54634857177734,1.07,0.83,0.07,1.07,-0.07,116.3709,115.1954,114.02,112.8445,111.669,110.4936,109.3181,108.1426,106.9672,105.7917,104.6163,103.4408,102.2653,101.0899,99.9144,98.7389,96.388,95.2125,94.0371,92.8616,91.6862,90.5107,89.3352,88.1598,0,0.0,False,False,False,False,False,False,False,False,False,False,False,False,False,False,False,False,False,False,False,False,False,False,False,False
MGK,2019-06-06 04:00:00+00:00,118.96822198043024,119.92896025242624,118.65117659150724,119.6311264038086,100300,2019,6,22,Thursday,119.2949,118.8049087524414,0.7,0.14,-0.13,0.7,0.13,117.6169,116.4288,115.2408,114.0527,112.8647,111.6766,110.4886,109.3005,108.1125,106.9244,105.7364,104.5483,103.3603,102.1722,100.9842,99.7961,97.42,96.232,95.0439,93.8559,92.6678,91.4798,90.2917,89.1037,0,0.0,False,False,False,False,False,False,False,False,False,False,False,False,False,False,False,False,False,False,False,False,False,False,False,False
MGK,2019-06-07 04:00:00+00:00,120.20758462431571,122.1194518826292,120.18836575265722,121.6775131225586,114700,2019,6,22,Friday,121.0482,119.6311264038086,1.71,0.48,0.47,1.71,-0.47,118.4348,117.2385,116.0422,114.8459,113.6496,112.4533,111.2569,110.0606,108.8643,107.668,106.4717,105.2754,104.0791,102.8828,101.6865,100.4901,98.0975,96.9012,95.7049,94.5086,93.3123,92.116,90.9197,89.7233,0,0.0,False,False,False,False,False,False,False,False,False,False,False,False,False,False,False,False,False,False,False,False,False,False,False,False
MGK,2019-06-10 04:00:00+00:00,122.4845036859466,123.45485126184136,122.35000093243846,122.39804077148438,317800,2019,6,23,Monday,122.6718,121.6775131225586,0.59,0.66,0.55,0.59,-0.55,120.4607,119.244,118.0272,116.8104,115.5936,114.3769,113.1601,111.9433,110.7265,109.5098,108.293,107.0762,105.8594,104.6427,103.4259,102.2091,99.7756,98.5588,97.342,96.1252,94.9085,93.6917,92.4749,91.2581,0,0.0,False,False,False,False,False,False,False,False,False,False,False,False,False,False,False,False,False,False,False,False,False,False,False,False
MGK,2019-06-11 04:00:00+00:00,123.5605626860904,123.68546336563335,121.99456177750402,122.4365005493164,113000,2019,6,23,Tuesday,122.9193,122.39804077148438,0.03,0.95,-0.33,0.03,0.33,121.1741,119.9501,118.7261,117.5021,116.2781,115.0542,113.8302,112.6062,111.3822,110.1582,108.9343,107.7103,106.4863,105.2623,104.0383,102.8144,100.3664,99.1424,97.9184,96.6945,95.4705,94.2465,93.0225,91.7985,0,0.0,False,False,False,False,False,False,False,False,False,False,False,False,False,False,False,False,False,False,False,False,False,False,False,False
MGK,2019-06-12 04:00:00+00:00,122.18668192134078,122.5421576863837,121.8504250245978,122.1194305419922,138200,2019,6,23,Wednesday,122.1747,122.4365005493164,-0.26,-0.2,-0.48,-0.26,0.48,121.2121,119.9878,118.7634,117.539,116.3147,115.0903,113.8659,112.6416,111.4172,110.1929,108.9685,107.7441,106.5198,105.2954,104.071,102.8467,100.3979,99.1736,97.9492,96.7248,95.5005,94.2761,93.0517,91.8274,0,0.0,False,False,False,False,False,False,False,False,False,False,False,False,False,False,False,False,False,False,False,False,False,False,False,False
MGK,2019-06-13 04:00:00+00:00,122.49413601621548,122.7535321379386,122.23473989449236,122.64785766601562,89100,2019,6,23,Thursday,122.5326,122.1194305419922,0.43,0.31,0.09,0.43,-0.09,120.8982,119.677,118.4558,117.2347,116.0135,114.7923,113.5711,112.3499,111.1287,109.9075,108.6863,107.4651,106.2439,105.0227,103.8015,102.5803,100.1379,98.9167,97.6955,96.4744,95.2532,94.032,92.8108,91.5896,0,0.0,False,False,False,False,False,False,False,False,False,False,False,False,False,False,False,False,False,False,False,False,False,False,False,False
MGK,2019-06-14 04:00:00+00:00,122.340410775943,122.73431699460666,122.09062409712612,122.3884506225586,105300,2019,6,23,Friday,122.3885,122.64785766601562,-0.21,-0.25,-0.45,-0.21,0.45,121.4214,120.1949,118.9684,117.7419,116.5155,115.289,114.0625,112.836,111.6096,110.3831,109.1566,107.9301,106.7036,105.4772,104.2507,103.0242,100.5712,99.3448,98.1183,96.8918,95.6653,94.4389,93.2124,91.9859,0,0.0,False,False,False,False,False,False,False,False,False,False,False,False,False,False,False,False,False,False,False,False,False,False,False,False
MGK,2019-06-17 04:00:00+00:00,122.6766813460495,123.28195119315995,122.6766813460495,123.0513687133789,72000,2019,6,24,Monday,122.9217,122.3884506225586,0.54,0.24,0.24,0.54,-0.24,121.1646,119.9407,118.7168,117.4929,116.269,115.0451,113.8213,112.5974,111.3735,110.1496,108.9257,107.7018,106.478,105.2541,104.0302,102.8063,100.3585,99.1346,97.9108,96.6869,95.463,94.2391,93.0152,91.7913,0,0.0,False,False,False,False,False,False,False,False,False,False,False,False,False,False,False,False,False,False,False,False,False,False,False,False
MGK,2019-06-18 04:00:00+00:00,124.07937456764871,124.9344312680128,124.02173260173532,124.3868179321289,679900,2019,6,24,Tuesday,124.3556,123.0513687133789,1.09,0.84,0.79,1.09,-0.79,121.8209,120.5903,119.3598,118.1293,116.8988,115.6683,114.4378,113.2073,111.9767,110.7462,109.5157,108.2852,107.0547,105.8242,104.5937,103.3631,100.9021,99.6716,98.4411,97.2106,95.9801,94.7496,93.519,92.2885,0,0.0,False,False,False,False,False,False,False,False,False,False,False,False,False,False,False,False,False,False,False,False,False,False,False,False
MGK,2019-06-19 04:00:00+00:00,124.60774864363796,124.9728338713558,123.89681171770614,124.77107238769533,224400,2019,6,24,Wednesday,124.5621,124.3868179321289,0.31,0.18,-0.39,0.31,0.39,123.1429,121.8991,120.6552,119.4113,118.1675,116.9236,115.6797,114.4359,113.192,111.9481,110.7043,109.4604,108.2165,106.9727,105.7288,104.4849,101.9972,100.7533,99.5095,98.2656,97.0217,95.7778,94.534,93.2901,0,0.0,False,False,False,False,False,False,False,False,False,False,False,False,False,False,False,False,False,False,False,False,False,False,False,False
MGK,2019-06-20 04:00:00+00:00,126.2025645838791,126.3274652350905,125.17456772172548,126.06806182861328,127900,2019,6,24,Thursday,125.9432,124.77107238769533,1.04,1.15,0.32,1.04,-0.32,123.5234,122.2757,121.0279,119.7802,118.5325,117.2848,116.0371,114.7894,113.5417,112.294,111.0463,109.7985,108.5508,107.3031,106.0554,104.8077,102.3123,101.0646,99.8169,98.5691,97.3214,96.0737,94.826,93.5783,0,0.0,False,False,False,False,False,False,False,False,False,False,False,False,False,False,False,False,False,False,False,False,False,False,False,False
MGK,2019-06-21 04:00:00+00:00,125.84712116649284,126.46199312128311,125.66457853527793,125.86632537841795,176600,2019,6,24,Friday,125.96,126.06806182861328,-0.16,-0.18,-0.32,-0.16,0.32,124.8074,123.5467,122.286,121.0253,119.7647,118.504,117.2433,115.9826,114.7219,113.4613,112.2006,110.9399,109.6792,108.4185,107.1579,105.8972,103.3758,102.1151,100.8544,99.5938,98.3331,97.0724,95.8117,94.551,0,0.0,False,False,False,False,False,False,False,False,False,False,False,False,False,False,False,False,False,False,False,False,False,False,False,False
MGK,2019-06-24 04:00:00+00:00,125.90476532262838,125.97200938494932,125.54928215994684,125.55889892578124,74900,2019,6,25,Monday,125.7462,125.86632537841795,-0.24,0.03,-0.25,-0.24,0.25,124.6077,123.349,122.0903,120.8317,119.573,118.3143,117.0557,115.797,114.5384,113.2797,112.021,110.7624,109.5037,108.245,106.9864,105.7277,103.2104,101.9517,100.6931,99.4344,98.1757,96.9171,95.6584,94.3997,0,0.0,False,False,False,False,False,False,False,False,False,False,False,False,False,False,False,False,False,False,False,False,False,False,False,False
MGK,2019-06-25 04:00:00+00:00,125.53006380666658,125.59730786141245,123.52212437380406,123.66622924804688,121800,2019,6,25,Tuesday,124.5789,125.55889892578124,-1.51,-0.02,-1.62,-1.51,1.62,124.3033,123.0477,121.7921,120.5365,119.281,118.0254,116.7698,115.5142,114.2586,113.003,111.7474,110.4918,109.2362,107.9807,106.7251,105.4695,102.9583,101.7027,100.4471,99.1915,97.9359,96.6804,95.4248,94.1692,1,124.3033,True,False,False,False,False,False,False,False,False,False,False,False,False,False,False,False,False,False,False,False,False,False,False,False
MGK,2019-06-26 04:00:00+00:00,124.30034500236609,124.63659466309676,123.75271705074834,123.83917999267578,59800,2019,6,25,Wednesday,124.1322,123.66622924804688,0.14,0.51,0.07,0.14,-0.07,122.4296,121.1929,119.9562,118.7196,117.4829,116.2463,115.0096,113.7729,112.5363,111.2996,110.0629,108.8263,107.5896,106.353,105.1163,103.8796,101.4063,100.1696,98.933,97.6963,96.4597,95.223,93.9863,92.7497,0,0.0,False,False,False,False,False,False,False,False,False,False,False,False,False,False,False,False,False,False,False,False,False,False,False,False
MGK,2019-06-27 04:00:00+00:00,124.24110909952032,124.53991699781736,123.9905116796708,124.30858612060548,86300,2019,6,25,Thursday,124.27,123.83917999267578,0.38,0.32,0.12,0.38,-0.12,122.6008,121.3624,120.124,118.8856,117.6472,116.4088,115.1704,113.932,112.6937,111.4553,110.2169,108.9785,107.7401,106.5017,105.2633,104.0249,101.5481,100.3097,99.0713,97.833,96.5946,95.3562,94.1178,92.8794,0,0.0,False,False,False,False,False,False,False,False,False,False,False,False,False,False,False,False,False,False,False,False,False,False,False,False
MGK,2019-06-28 04:00:00+00:00,124.61699766733572,124.86760976447356,124.21217971113154,124.80013275146484,94000,2019,6,25,Friday,124.6242,124.30858612060548,0.4,0.25,-0.08,0.4,0.08,123.0655,121.8224,120.5793,119.3362,118.0932,116.8501,115.607,114.3639,113.1208,111.8777,110.6346,109.3916,108.1485,106.9054,105.6623,104.4192,101.933,100.69,99.4469,98.2038,96.9607,95.7176,94.4745,93.2314,0,0.0,False,False,False,False,False,False,False,False,False,False,False,False,False,False,False,False,False,False,False,False,False,False,False,False
MGK,2019-07-01 04:00:00+00:00,126.64110527842128,126.67965306731772,125.53267618343118,126.07243347167967,138400,2019,7,26,Monday,126.2315,124.80013275146484,1.02,1.48,0.59,1.02,-0.59,123.5521,122.3041,121.0561,119.8081,118.5601,117.3121,116.0641,114.8161,113.5681,112.3201,111.0721,109.8241,108.5761,107.3281,106.0801,104.8321,102.3361,101.0881,99.8401,98.5921,97.3441,96.0961,94.8481,93.6001,0,0.0,False,False,False,False,False,False,False,False,False,False,False,False,False,False,False,False,False,False,False,False,False,False,False,False
MGK,2019-07-02 04:00:00+00:00,126.05313476345088,126.63145446777344,125.83145191661566,126.63145446777344,120500,2019,7,26,Tuesday,126.2869,126.07243347167967,0.44,-0.02,-0.19,0.44,0.19,124.8117,123.551,122.2903,121.0295,119.7688,118.5081,117.2474,115.9866,114.7259,113.4652,112.2045,110.9437,109.683,108.4223,107.1616,105.9008,103.3794,102.1187,100.8579,99.5972,98.3365,97.0758,95.815,94.5543,0,0.0,False,False,False,False,False,False,False,False,False,False,False,False,False,False,False,False,False,False,False,False,False,False,False,False
MGK,2019-07-03 04:00:00+00:00,126.93986393030472,127.68203735351562,126.83383915556028,127.68203735351562,85800,2019,7,26,Wednesday,127.2844,126.63145446777344,0.83,0.24,0.16,0.83,-0.16,125.3651,124.0988,122.8325,121.5662,120.2999,119.0336,117.7673,116.5009,115.2346,113.9683,112.702,111.4357,110.1694,108.9031,107.6367,106.3704,103.8378,102.5715,101.3052,100.0388,98.7725,97.5062,96.2399,94.9736,0,0.0,False,False,False,False,False,False,False,False,False,False,False,False,False,False,False,False,False,False,False,False,False,False,False,False
MGK,2019-07-05 04:00:00+00:00,126.99773760493316,127.63388647707444,126.38086998241916,127.42183685302734,100000,2019,7,26,Friday,127.1086,127.68203735351562,-0.2,-0.54,-1.02,-0.2,1.02,126.4052,125.1284,123.8516,122.5748,121.2979,120.0211,118.7443,117.4675,116.1907,114.9138,113.637,112.3602,111.0834,109.8066,108.5297,107.2529,104.6993,103.4225,102.1456,100.8688,99.592,98.3152,97.0383,95.7615,1,126.4052,True,False,False,False,False,False,False,False,False,False,False,False,False,False,False,False,False,False,False,False,False,False,False,False
MGK,2019-07-08 04:00:00+00:00,126.71822091729472,126.82424572534327,126.32303620481528,126.70858764648438,77700,2019,7,27,Monday,126.6435,127.42183685302734,-0.56,-0.55,-0.86,-0.56,0.86,126.1476,124.8734,123.5992,122.325,121.0507,119.7765,118.5023,117.2281,115.9539,114.6797,113.4054,112.1312,110.857,109.5828,108.3086,107.0343,104.4859,103.2117,101.9375,100.6633,99.389,98.1148,96.8406,95.5664,0,0.0,False,False,False,False,False,False,False,False,False,False,False,False,False,False,False,False,False,False,False,False,False,False,False,False
MGK,2019-07-09 04:00:00+00:00,126.19769355724608,127.38324735093688,126.08203551192186,127.30613708496094,99600,2019,7,27,Tuesday,126.7423,126.70858764648438,0.47,-0.4,-0.49,0.47,0.49,125.4415,124.1744,122.9073,121.6402,120.3732,119.1061,117.839,116.5719,115.3048,114.0377,112.7706,111.5036,110.2365,108.9694,107.7023,106.4352,103.901,102.634,101.3669,100.0998,98.8327,97.5656,96.2985,95.0314,0,0.0,False,False,False,False,False,False,False,False,False,False,False,False,False,False,False,False,False,False,False,False,False,False,False,False
MGK,2019-07-10 04:00:00+00:00,127.90374088878043,128.55917088626205,127.7398870662304,128.31820678710938,163600,2019,7,27,Wednesday,128.1303,127.30613708496094,0.79,0.47,0.34,0.79,-0.34,126.0331,124.76,123.487,122.2139,120.9408,119.6678,118.3947,117.1216,115.8486,114.5755,113.3025,112.0294,110.7563,109.4833,108.2102,106.9372,104.391,103.118,101.8449,100.5718,99.2988,98.0257,96.7527,95.4796,0,0.0,False,False,False,False,False,False,False,False,False,False,False,False,False,False,False,False,False,False,False,False,False,False,False,False
MGK,2019-07-11 04:00:00+00:00,128.6266632080078,128.96401890847375,128.22184519181965,128.6266632080078,157200,2019,7,27,Thursday,128.6098,128.31820678710938,0.24,0.24,-0.08,0.24,0.08,127.035,125.7518,124.4687,123.1855,121.9023,120.6191,119.3359,118.0528,116.7696,115.4864,114.2032,112.92,111.6368,110.3537,109.0705,107.7873,105.2209,103.9377,102.6546,101.3714,100.0882,98.805,97.5218,96.2387,0,0.0,False,False,False,False,False,False,False,False,False,False,False,False,False,False,False,False,False,False,False,False,False,False,False,False
MGK,2019-07-12 04:00:00+00:00,128.71334362027315,129.18563842773438,128.5398565730084,129.18563842773438,77800,2019,7,27,Friday,128.9061,128.6266632080078,0.43,0.07,-0.07,0.43,0.07,127.3404,126.0541,124.7679,123.4816,122.1953,120.9091,119.6228,118.3365,117.0503,115.764,114.4777,113.1915,111.9052,110.6189,109.3327,108.0464,105.4739,104.1876,102.9013,101.6151,100.3288,99.0425,97.7563,96.47,0,0.0,False,False,False,False,False,False,False,False,False,False,False,False,False,False,False,False,False,False,False,False,False,False,False,False
MGK,2019-07-15 04:00:00+00:00,129.41701418137862,129.47484321723402,129.0507440112508,129.3109893798828,67900,2019,7,28,Monday,129.3134,129.18563842773438,0.1,0.18,-0.1,0.1,0.1,127.8938,126.6019,125.3101,124.0182,122.7264,121.4345,120.1426,118.8508,117.5589,116.2671,114.9752,113.6834,112.3915,111.0996,109.8078,108.5159,105.9322,104.6404,103.3485,102.0567,100.7648,99.4729,98.1811,96.8892,0,0.0,False,False,False,False,False,False,False,False,False,False,False,False,False,False,False,False,False,False,False,False,False,False,False,False
MGK,2019-07-16 04:00:00+00:00,129.24354704570416,129.38813438142168,128.60739806603513,128.809814453125,78100,2019,7,28,Tuesday,129.0122,129.3109893798828,-0.39,-0.05,-0.54,-0.39,0.54,128.0179,126.7248,125.4317,124.1385,122.8454,121.5523,120.2592,118.9661,117.673,116.3799,115.0868,113.7937,112.5006,111.2075,109.9143,108.6212,106.035,104.7419,103.4488,102.1557,100.8626,99.5695,98.2764,96.9832,0,0.0,False,False,False,False,False,False,False,False,False,False,False,False,False,False,False,False,False,False,False,False,False,False,False,False
MGK,2019-07-17 04:00:00+00:00,128.92546644413645,128.94474769610878,128.14474487304688,128.14474487304688,98100,2019,7,28,Wednesday,128.5399,128.809814453125,-0.52,0.09,-0.52,-0.52,0.52,127.5217,126.2336,124.9455,123.6574,122.3693,121.0812,119.7931,118.505,117.2169,115.9288,114.6407,113.3526,112.0645,110.7764,109.4883,108.2002,105.624,104.3359,103.0479,101.7598,100.4717,99.1836,97.8955,96.6074,0,0.0,False,False,False,False,False,False,False,False,False,False,False,False,False,False,False,False,False,False,False,False,False,False,False,False
MGK,2019-07-18 04:00:00+00:00,127.7784808265498,128.49172532191798,127.36401482679784,128.34715270996094,97600,2019,7,28,Thursday,127.9953,128.14474487304688,0.16,-0.29,-0.61,0.16,0.61,126.8633,125.5818,124.3004,123.019,121.7375,120.4561,119.1746,117.8932,116.6117,115.3303,114.0488,112.7674,111.4859,110.2045,108.923,107.6416,105.0787,103.7972,102.5158,101.2343,99.9529,98.6715,97.39,96.1086,0,0.0,False,False,False,False,False,False,False,False,False,False,False,False,False,False,False,False,False,False,False,False,False,False,False,False
MGK,2019-07-19 04:00:00+00:00,129.21461157443835,129.21461157443835,127.45075225706896,127.52786254882812,140400,2019,7,28,Friday,128.352,128.34715270996094,-0.64,0.68,-0.7,-0.64,0.7,127.0637,125.7802,124.4967,123.2133,121.9298,120.6463,119.3629,118.0794,116.7959,115.5124,114.229,112.9455,111.662,110.3786,109.0951,107.8116,105.2447,103.9612,102.6777,101.3943,100.1108,98.8273,97.5438,96.2604,0,0.0,False,False,False,False,False,False,False,False,False,False,False,False,False,False,False,False,False,False,False,False,False,False,False,False
MGK,2019-07-22 04:00:00+00:00,127.93268175084567,128.58811188330807,127.88448597963333,128.35678100585938,112800,2019,7,29,Monday,128.1905,127.52786254882812,0.65,0.32,0.28,0.65,-0.28,126.2526,124.9773,123.702,122.4267,121.1515,119.8762,118.6009,117.3256,116.0504,114.7751,113.4998,112.2245,110.9492,109.674,108.3987,107.1234,104.5728,103.2976,102.0223,100.747,99.4717,98.1965,96.9212,95.6459,0,0.0,False,False,False,False,False,False,False,False,False,False,False,False,False,False,False,False,False,False,False,False,False,False,False,False
MGK,2019-07-23 04:00:00+00:00,128.97364132994994,129.0796661376953,128.19291988531754,129.0796661376953,115600,2019,7,29,Tuesday,128.8315,128.35678100585938,0.56,0.48,-0.13,0.56,0.13,127.0732,125.7896,124.5061,123.2225,121.9389,120.6554,119.3718,118.0882,116.8047,115.5211,114.2375,112.954,111.6704,110.3868,109.1033,107.8197,105.2526,103.969,102.6854,101.4019,100.1183,98.8347,97.5512,96.2676,0,0.0,False,False,False,False,False,False,False,False,False,False,False,False,False,False,False,False,False,False,False,False,False,False,False,False
MGK,2019-07-24 04:00:00+00:00,128.70376796046222,129.8700408935547,128.70376796046222,129.8700408935547,107800,2019,7,29,Wednesday,129.2869,129.0796661376953,0.61,-0.29,-0.29,0.61,0.29,127.7889,126.4981,125.2073,123.9165,122.6257,121.3349,120.0441,118.7533,117.4625,116.1717,114.8809,113.5901,112.2993,111.0085,109.7177,108.4269,105.8453,104.5545,103.2637,101.9729,100.6821,99.3913,98.1005,96.8097,0,0.0,False,False,False,False,False,False,False,False,False,False,False,False,False,False,False,False,False,False,False,False,False,False,False,False
MGK,2019-07-25 04:00:00+00:00,129.65798594490343,129.65798594490343,128.8194207537233,129.0796661376953,106700,2019,7,29,Thursday,129.3038,129.8700408935547,-0.61,-0.16,-0.81,-0.61,0.81,128.5713,127.2726,125.9739,124.6752,123.3765,122.0778,120.7791,119.4804,118.1817,116.883,115.5843,114.2856,112.9869,111.6882,110.3895,109.0908,106.4934,105.1947,103.896,102.5973,101.2986,99.9999,98.7012,97.4025,0,0.0,False,False,False,False,False,False,False,False,False,False,False,False,False,False,False,False,False,False,False,False,False,False,False,False
MGK,2019-07-26 04:00:00+00:00,129.7736166364833,130.409765348705,129.7736166364833,130.2748260498047,88900,2019,7,29,Friday,130.058,129.0796661376953,0.93,0.54,0.54,0.93,-0.54,127.7889,126.4981,125.2073,123.9165,122.6257,121.3349,120.0441,118.7533,117.4625,116.1717,114.8809,113.5901,112.2993,111.0085,109.7177,108.4269,105.8453,104.5545,103.2637,101.9729,100.6821,99.3913,98.1005,96.8097,0,0.0,False,False,False,False,False,False,False,False,False,False,False,False,False,False,False,False,False,False,False,False,False,False,False,False
MGK,2019-07-29 04:00:00+00:00,130.19773007841098,130.2073633482189,129.34953170228567,129.78326416015625,148900,2019,7,30,Monday,129.8845,130.2748260498047,-0.38,-0.06,-0.71,-0.38,0.71,128.9721,127.6693,126.3666,125.0638,123.7611,122.4583,121.1556,119.8528,118.5501,117.2473,115.9446,114.6418,113.3391,112.0364,110.7336,109.4309,106.8254,105.5226,104.2199,102.9171,101.6144,100.3116,99.0089,97.7061,0,0.0,False,False,False,False,False,False,False,False,False,False,False,False,False,False,False,False,False,False,False,False,False,False,False,False
MGK,2019-07-30 04:00:00+00:00,129.021882754844,129.73514214182754,128.92549118377178,129.38815307617188,77700,2019,7,30,Tuesday,129.2677,129.78326416015625,-0.3,-0.59,-0.66,-0.3,0.66,128.4854,127.1876,125.8898,124.5919,123.2941,121.9963,120.6984,119.4006,118.1028,116.8049,115.5071,114.2093,112.9114,111.6136,110.3158,109.0179,106.4223,105.1244,103.8266,102.5288,101.2309,99.9331,98.6353,97.3374,0,0.0,False,False,False,False,False,False,False,False,False,False,False,False,False,False,False,False,False,False,False,False,False,False,False,False
MGK,2019-07-31 04:00:00+00:00,129.71581011175667,129.72544338217762,126.5639952247004,127.7495346069336,141800,2019,7,30,Wednesday,128.4387,129.38815307617188,-1.27,0.25,-2.18,-1.27,2.18,128.0943,126.8004,125.5065,124.2126,122.9187,121.6249,120.331,119.0371,117.7432,116.4493,115.1555,113.8616,112.5677,111.2738,109.9799,108.686,106.0983,104.8044,103.5105,102.2166,100.9228,99.6289,98.335,97.0411,2,254.8947,True,True,False,False,False,False,False,False,False,False,False,False,False,False,False,False,False,False,False,False,False,False,False,False
MGK,2019-08-01 04:00:00+00:00,128.04835156546142,129.96641673246287,126.71822478881124,127.16159057617188,190900,2019,8,30,Thursday,127.9736,127.7495346069336,-0.46,0.23,-0.81,-0.46,0.81,126.472,125.1945,123.917,122.6396,121.3621,120.0846,118.8071,117.5296,116.2521,114.9746,113.6971,112.4196,111.1421,109.8646,108.5871,107.3096,104.7546,103.4771,102.1996,100.9221,99.6446,98.3671,97.0896,95.8122,0,0.0,False,False,False,False,False,False,False,False,False,False,False,False,False,False,False,False,False,False,False,False,False,False,False,False
MGK,2019-08-02 04:00:00+00:00,126.63149145910924,126.63149145910924,125.11822945820674,125.8796844482422,179400,2019,8,30,Friday,126.0652,127.16159057617188,-1.01,-0.42,-1.61,-1.01,1.61,125.89,124.6184,123.3467,122.0751,120.8035,119.5319,118.2603,116.9887,115.717,114.4454,113.1738,111.9022,110.6306,109.359,108.0874,106.8157,104.2725,103.0009,101.7293,100.4577,99.186,97.9144,96.6428,95.3712,1,125.89,True,False,False,False,False,False,False,False,False,False,False,False,False,False,False,False,False,False,False,False,False,False,False,False
MGK,2019-08-05 04:00:00+00:00,123.20977228301103,123.63387147594764,120.69410634971202,121.69651794433594,303600,2019,8,31,Monday,122.3086,125.8796844482422,-3.32,-2.12,-4.12,-3.32,4.12,124.6209,123.3621,122.1033,120.8445,119.5857,118.3269,117.0681,115.8093,114.5505,113.2917,112.0329,110.7741,109.5153,108.2565,106.9977,105.7389,103.2213,101.9625,100.7037,99.445,98.1862,96.9274,95.6686,94.4098,4,490.9308,True,True,True,True,False,False,False,False,False,False,False,False,False,False,False,False,False,False,False,False,False,False,False,False
MGK,2019-08-06 04:00:00+00:00,122.80495934910849,123.7302533466584,122.12061476761636,123.5953140258789,317300,2019,8,31,Tuesday,123.0628,121.69651794433594,1.56,0.91,0.35,1.56,-0.35,120.4796,119.2626,118.0456,116.8287,115.6117,114.3947,113.1778,111.9608,110.7438,109.5269,108.3099,107.0929,105.876,104.659,103.442,102.2251,99.7911,98.5742,97.3572,96.1402,94.9233,93.7063,92.4894,91.2724,0,0.0,False,False,False,False,False,False,False,False,False,False,False,False,False,False,False,False,False,False,False,False,False,False,False,False
MGK,2019-08-07 04:00:00+00:00,122.26518983764532,124.28928692227842,121.23386372501164,123.99049377441406,766000,2019,8,31,Wednesday,122.9447,123.5953140258789,0.32,-1.08,-1.91,0.32,1.91,122.3594,121.1234,119.8875,118.6515,117.4155,116.1796,114.9436,113.7077,112.4717,111.2358,109.9998,108.7639,107.5279,106.292,105.056,103.8201,101.3482,100.1122,98.8763,97.6403,96.4043,95.1684,93.9324,92.6965,1,122.3594,True,False,False,False,False,False,False,False,False,False,False,False,False,False,False,False,False,False,False,False,False,False,False,False
MGK,2019-08-08 04:00:00+00:00,124.8868670507151,126.88204193115234,124.61697375774592,126.88204193115234,341800,2019,8,31,Thursday,125.817,123.99049377441406,2.33,0.72,0.51,2.33,-0.51,122.7506,121.5107,120.2708,119.0309,117.791,116.5511,115.3112,114.0713,112.8313,111.5914,110.3515,109.1116,107.8717,106.6318,105.3919,104.152,101.6722,100.4323,99.1924,97.9525,96.7126,95.4727,94.2328,92.9929,0,0.0,False,False,False,False,False,False,False,False,False,False,False,False,False,False,False,False,False,False,False,False,False,False,False,False
MGK,2019-08-09 04:00:00+00:00,126.35192328414873,126.66036437049856,125.12783632930916,125.8699951171875,222800,2019,8,31,Friday,126.0025,126.88204193115234,-0.8,-0.42,-1.38,-0.8,1.38,125.6132,124.3444,123.0756,121.8068,120.5379,119.2691,118.0003,116.7315,115.4627,114.1938,112.925,111.6562,110.3874,109.1186,107.8497,106.5809,104.0433,102.7745,101.5056,100.2368,98.968,97.6992,96.4304,95.1615,1,125.6132,True,False,False,False,False,False,False,False,False,False,False,False,False,False,False,False,False,False,False,False,False,False,False,False
MGK,2019-08-12 04:00:00+00:00,125.02183172653034,125.40736843942422,123.83627765518004,124.28929138183594,121000,2019,8,32,Monday,124.6387,125.8699951171875,-1.26,-0.67,-1.62,-1.26,1.62,124.6113,123.3526,122.0939,120.8352,119.5765,118.3178,117.0591,115.8004,114.5417,113.283,112.0243,110.7656,109.5069,108.2482,106.9895,105.7308,103.2134,101.9547,100.696,99.4373,98.1786,96.9199,95.6612,94.4025,1,124.6113,True,False,False,False,False,False,False,False,False,False,False,False,False,False,False,False,False,False,False,False,False,False,False,False
MGK,2019-08-13 04:00:00+00:00,124.19291746418811,127.17123055676176,124.09652593006702,126.59291076660156,128500,2019,8,32,Tuesday,125.5134,124.28929138183594,1.85,-0.08,-0.16,1.85,0.16,123.0464,121.8035,120.5606,119.3177,118.0748,116.8319,115.589,114.3461,113.1033,111.8604,110.6175,109.3746,108.1317,106.8888,105.6459,104.403,101.9172,100.6743,99.4314,98.1885,96.9456,95.7028,94.4599,93.217,0,0.0,False,False,False,False,False,False,False,False,False,False,False,False,False,False,False,False,False,False,False,False,False,False,False,False
MGK,2019-08-14 04:00:00+00:00,124.66521068608512,124.99291840446872,122.83388900590884,122.87244415283205,249000,2019,8,32,Wednesday,123.8411,126.59291076660156,-2.94,-1.52,-2.97,-2.94,2.97,125.327,124.0611,122.7951,121.5292,120.2633,118.9973,117.7314,116.4655,115.1995,113.9336,112.6677,111.4018,110.1358,108.8699,107.604,106.338,103.8062,102.5403,101.2743,100.0084,98.7425,97.4765,96.2106,94.9447,2,249.388,True,True,False,False,False,False,False,False,False,False,False,False,False,False,False,False,False,False,False,False,False,False,False,False
MGK,2019-08-15 04:00:00+00:00,123.35434343654144,123.75915399988666,122.38084642828818,123.47000885009766,134300,2019,8,32,Thursday,123.2411,122.87244415283205,0.49,0.39,-0.4,0.49,0.4,121.6437,120.415,119.1863,117.9575,116.7288,115.5001,114.2714,113.0426,111.8139,110.5852,109.3565,108.1278,106.899,105.6703,104.4416,103.2129,100.7554,99.5267,98.298,97.0692,95.8405,94.6118,93.3831,92.1543,0,0.0,False,False,False,False,False,False,False,False,False,False,False,False,False,False,False,False,False,False,False,False,False,False,False,False
MGK,2019-08-16 04:00:00+00:00,124.4435082921594,125.43627927059954,124.31820224587472,125.20494842529295,113300,2019,8,32,Friday,124.8507,123.47000885009766,1.41,0.79,0.69,1.41,-0.69,122.2353,121.0006,119.7659,118.5312,117.2965,116.0618,114.8271,113.5924,112.3577,111.123,109.8883,108.6536,107.4189,106.1842,104.9495,103.7148,101.2454,100.0107,98.776,97.5413,96.3066,95.0719,93.8372,92.6025,0,0.0,False,False,False,False,False,False,False,False,False,False,False,False,False,False,False,False,False,False,False,False,False,False,False,False
MGK,2019-08-19 04:00:00+00:00,126.84347627192972,127.22901285220708,126.43864374317732,126.94950103759766,88000,2019,8,33,Monday,126.8652,125.20494842529295,1.39,1.31,0.99,1.39,-0.99,123.9529,122.7008,121.4488,120.1968,118.9447,117.6927,116.4406,115.1886,113.9365,112.6845,111.4324,110.1804,108.9283,107.6763,106.4242,105.1722,102.6681,101.416,100.164,98.9119,97.6599,96.4078,95.1558,93.9037,0,0.0,False,False,False,False,False,False,False,False,False,False,False,False,False,False,False,False,False,False,False,False,False,False,False,False
MGK,2019-08-20 04:00:00+00:00,126.88205498596864,127.29652088274412,126.2941019979486,126.3326644897461,118200,2019,8,33,Tuesday,126.7013,126.94950103759766,-0.49,-0.05,-0.52,-0.49,0.52,125.68,124.4105,123.141,121.8715,120.602,119.3325,118.063,116.7935,115.524,114.2546,112.9851,111.7156,110.4461,109.1766,107.9071,106.6376,104.0986,102.8291,101.5596,100.2901,99.0206,97.7511,96.4816,95.2121,0,0.0,False,False,False,False,False,False,False,False,False,False,False,False,False,False,False,False,False,False,False,False,False,False,False,False
MGK,2019-08-21 04:00:00+00:00,127.47964799250305,127.7784558442687,127.00736774758998,127.56640625,110800,2019,8,33,Wednesday,127.458,126.3326644897461,0.98,0.91,0.53,0.98,-0.53,125.0693,123.806,122.5427,121.2794,120.016,118.7527,117.4894,116.2261,114.9627,113.6994,112.4361,111.1727,109.9094,108.6461,107.3828,106.1194,103.5928,102.3295,101.0661,99.8028,98.5395,97.2762,96.0128,94.7495,0,0.0,False,False,False,False,False,False,False,False,False,False,False,False,False,False,False,False,False,False,False,False,False,False,False,False
MGK,2019-08-22 04:00:00+00:00,127.83629162224256,128.06760776835264,126.34231111372225,127.3832778930664,194000,2019,8,33,Thursday,127.4074,127.56640625,-0.14,0.21,-0.96,-0.14,0.96,126.2907,125.0151,123.7394,122.4638,121.1881,119.9124,118.6368,117.3611,116.0854,114.8098,113.5341,112.2584,110.9828,109.7071,108.4314,107.1558,104.6045,103.3288,102.0531,100.7775,99.5018,98.2261,96.9505,95.6748,0,0.0,False,False,False,False,False,False,False,False,False,False,False,False,False,False,False,False,False,False,False,False,False,False,False,False
MGK,2019-08-23 04:00:00+00:00,126.75677269343362,127.7977395577458,123.40255593550609,123.83628845214844,261100,2019,8,33,Friday,125.4483,127.3832778930664,-2.78,-0.49,-3.12,-2.78,3.12,126.1094,124.8356,123.5618,122.2879,121.0141,119.7403,118.4664,117.1926,115.9188,114.645,113.3711,112.0973,110.8235,109.5496,108.2758,107.002,104.4543,103.1805,101.9066,100.6328,99.359,98.0851,96.8113,95.5375,3,374.5068,True,True,True,False,False,False,False,False,False,False,False,False,False,False,False,False,False,False,False,False,False,False,False,False
MGK,2019-08-26 04:00:00+00:00,125.10858773065829,125.4652099609375,124.33749952085502,125.4652099609375,228500,2019,8,34,Monday,125.0941,123.83628845214844,1.32,1.03,0.4,1.32,-0.4,122.5979,121.3596,120.1212,118.8828,117.6445,116.4061,115.1677,113.9294,112.691,111.4527,110.2143,108.9759,107.7376,106.4992,105.2608,104.0225,101.5458,100.3074,99.069,97.8307,96.5923,95.3539,94.1156,92.8772,0,0.0,False,False,False,False,False,False,False,False,False,False,False,False,False,False,False,False,False,False,False,False,False,False,False,False
MGK,2019-08-27 04:00:00+00:00,126.26519641551177,126.3230254500178,124.7133869247092,125.20494842529295,173600,2019,8,34,Tuesday,125.6266,125.4652099609375,-0.21,0.64,-0.6,-0.21,0.6,124.2106,122.9559,121.7013,120.4466,119.1919,117.9373,116.6826,115.428,114.1733,112.9187,111.664,110.4094,109.1547,107.9001,106.6454,105.3908,102.8815,101.6268,100.3722,99.1175,97.8629,96.6082,95.3536,94.0989,0,0.0,False,False,False,False,False,False,False,False,False,False,False,False,False,False,False,False,False,False,False,False,False,False,False,False
MGK,2019-08-28 04:00:00+00:00,124.70375898134688,125.8507505723176,124.26037851905788,125.76399230957033,141000,2019,8,34,Wednesday,125.1447,125.20494842529295,0.45,-0.4,-0.75,0.45,0.75,123.9529,122.7008,121.4488,120.1968,118.9447,117.6927,116.4406,115.1886,113.9365,112.6845,111.4324,110.1804,108.9283,107.6763,106.4242,105.1722,102.6681,101.416,100.164,98.9119,97.6599,96.4078,95.1558,93.9037,0,0.0,False,False,False,False,False,False,False,False,False,False,False,False,False,False,False,False,False,False,False,False,False,False,False,False
MGK,2019-08-29 04:00:00+00:00,127.15195411002507,127.9134090193997,126.76641737354836,127.6146011352539,172800,2019,8,34,Thursday,127.3616,125.76399230957033,1.47,1.1,0.8,1.47,-0.8,124.5064,123.2487,121.9911,120.7334,119.4758,118.2182,116.9605,115.7029,114.4452,113.1876,111.93,110.6723,109.4147,108.157,106.8994,105.6418,103.1265,101.8688,100.6112,99.3536,98.0959,96.8383,95.5806,94.323,0,0.0,False,False,False,False,False,False,False,False,False,False,False,False,False,False,False,False,False,False,False,False,False,False,False,False
MGK,2019-08-30 04:00:00+00:00,128.24109153243006,128.4049453486196,126.77602574841411,127.29651641845705,178900,2019,8,34,Friday,127.6796,127.6146011352539,-0.25,0.49,-0.66,-0.25,0.66,126.3385,125.0623,123.7862,122.51,121.2339,119.9577,118.6816,117.4054,116.1293,114.8531,113.577,112.3008,111.0247,109.7486,108.4724,107.1963,104.644,103.3678,102.0917,100.8155,99.5394,98.2632,96.9871,95.711,0,0.0,False,False,False,False,False,False,False,False,False,False,False,False,False,False,False,False,False,False,False,False,False,False,False,False
MGK,2019-09-03 04:00:00+00:00,126.47726441167217,127.10376531966529,125.87967802513816,126.24593353271484,171700,2019,9,35,Tuesday,126.4267,127.29651641845705,-0.83,-0.64,-1.11,-0.83,1.11,126.0236,124.7506,123.4776,122.2047,120.9317,119.6587,118.3858,117.1128,115.8398,114.5669,113.2939,112.0209,110.748,109.475,108.202,106.9291,104.3831,103.1102,101.8372,100.5642,99.2913,98.0183,96.7454,95.4724,1,126.0236,True,False,False,False,False,False,False,False,False,False,False,False,False,False,False,False,False,False,False,False,False,False,False,False
MGK,2019-09-04 04:00:00+00:00,127.37363612340852,127.89412689208984,126.91098910135688,127.89412689208984,88400,2019,9,35,Wednesday,127.5182,126.24593353271484,1.31,0.89,0.53,1.31,-0.53,124.9835,123.721,122.4586,121.1961,119.9336,118.6712,117.4087,116.1463,114.8838,113.6213,112.3589,111.0964,109.834,108.5715,107.309,106.0466,103.5217,102.2592,100.9967,99.7343,98.4718,97.2094,95.9469,94.6845,0,0.0,False,False,False,False,False,False,False,False,False,False,False,False,False,False,False,False,False,False,False,False,False,False,False,False
MGK,2019-09-05 04:00:00+00:00,129.176028566065,130.04349337411855,128.85795421450393,129.90855407714844,160000,2019,9,35,Thursday,129.4965,127.89412689208984,1.58,1.0,0.75,1.58,-0.75,126.6152,125.3362,124.0573,122.7784,121.4994,120.2205,118.9415,117.6626,116.3837,115.1047,113.8258,112.5468,111.2679,109.9889,108.71,107.4311,104.8732,103.5942,102.3153,101.0364,99.7574,98.4785,97.1995,95.9206,0,0.0,False,False,False,False,False,False,False,False,False,False,False,False,False,False,False,False,False,False,False,False,False,False,False,False
MGK,2019-09-06 04:00:00+00:00,130.06278045689322,130.1302427547664,129.59048554265723,129.77362060546875,89400,2019,9,35,Friday,129.8893,129.90855407714844,-0.1,0.12,-0.24,-0.1,0.24,128.6095,127.3104,126.0113,124.7122,123.4131,122.114,120.815,119.5159,118.2168,116.9177,115.6186,114.3195,113.0204,111.7214,110.4223,109.1232,106.525,105.2259,103.9268,102.6278,101.3287,100.0296,98.7305,97.4314,0,0.0,False,False,False,False,False,False,False,False,False,False,False,False,False,False,False,False,False,False,False,False,False,False,False,False
MGK,2019-09-09 04:00:00+00:00,130.21701913537748,130.21701913537748,128.38568295956665,128.9061737060547,128200,2019,9,36,Monday,129.4315,129.77362060546875,-0.67,0.34,-1.07,-0.67,1.07,128.4759,127.1781,125.8804,124.5827,123.2849,121.9872,120.6895,119.3917,118.094,116.7963,115.4985,114.2008,112.903,111.6053,110.3076,109.0098,106.4144,105.1166,103.8189,102.5212,101.2234,99.9257,98.628,97.3302,1,128.4759,True,False,False,False,False,False,False,False,False,False,False,False,False,False,False,False,False,False,False,False,False,False,False,False
MGK,2019-09-10 04:00:00+00:00,128.2506866455078,128.2506866455078,127.17117255070514,128.2506866455078,127400,2019,9,36,Tuesday,127.9808,128.9061737060547,-0.51,-0.51,-1.35,-0.51,1.35,127.6171,126.3281,125.039,123.7499,122.4609,121.1718,119.8827,118.5937,117.3046,116.0156,114.7265,113.4374,112.1484,110.8593,109.5702,108.2812,105.7031,104.414,103.1249,101.8359,100.5468,99.2578,97.9687,96.6796,1,127.6171,True,False,False,False,False,False,False,False,False,False,False,False,False,False,False,False,False,False,False,False,False,False,False,False
MGK,2019-09-11 04:00:00+00:00,128.2893306575885,129.1471625189549,128.06763303079066,129.0411376953125,190300,2019,9,36,Wednesday,128.6363,128.2506866455078,0.62,0.03,-0.14,0.62,0.14,126.9682,125.6857,124.4032,123.1207,121.8382,120.5556,119.2731,117.9906,116.7081,115.4256,114.1431,112.8606,111.5781,110.2956,109.0131,107.7306,105.1656,103.8831,102.6005,101.318,100.0355,98.753,97.4705,96.188,0,0.0,False,False,False,False,False,False,False,False,False,False,False,False,False,False,False,False,False,False,False,False,False,False,False,False
MGK,2019-09-12 04:00:00+00:00,129.870031830811,130.54472844832225,129.65798222140987,129.918212890625,183300,2019,9,36,Thursday,129.9977,129.0411376953125,0.68,0.64,0.48,0.68,-0.48,127.7507,126.4603,125.1699,123.8795,122.5891,121.2987,120.0083,118.7178,117.4274,116.137,114.8466,113.5562,112.2658,110.9754,109.685,108.3946,105.8137,104.5233,103.2329,101.9425,100.6521,99.3617,98.0713,96.7809,0,0.0,False,False,False,False,False,False,False,False,False,False,False,False,False,False,False,False,False,False,False,False,False,False,False,False
MGK,2019-09-13 04:00:00+00:00,129.8411007474473,129.9471255386217,129.2531477613496,129.39772033691406,612100,2019,9,36,Friday,129.6098,129.918212890625,-0.4,-0.06,-0.51,-0.4,0.51,128.619,127.3198,126.0207,124.7215,123.4223,122.1231,120.8239,119.5248,118.2256,116.9264,115.6272,114.328,113.0288,111.7297,110.4305,109.1313,106.5329,105.2338,103.9346,102.6354,101.3362,100.037,98.7378,97.4387,0,0.0,False,False,False,False,False,False,False,False,False,False,False,False,False,False,False,False,False,False,False,False,False,False,False,False
MGK,2019-09-16 04:00:00+00:00,128.70378375022443,129.1953453717452,128.6748692258577,128.9447479248047,73200,2019,9,37,Monday,128.8797,129.39772033691406,-0.35,-0.54,-0.56,-0.35,0.56,128.1037,126.8098,125.5158,124.2218,122.9278,121.6339,120.3399,119.0459,117.7519,116.4579,115.164,113.87,112.576,111.282,109.9881,108.6941,106.1061,104.8122,103.5182,102.2242,100.9302,99.6362,98.3423,97.0483,0,0.0,False,False,False,False,False,False,False,False,False,False,False,False,False,False,False,False,False,False,False,False,False,False,False,False
MGK,2019-09-17 04:00:00+00:00,128.9254120327457,129.6579522256739,128.9254120327457,129.60975646972656,73400,2019,9,37,Tuesday,129.2796,128.9447479248047,0.52,-0.01,-0.01,0.52,0.01,127.6553,126.3659,125.0764,123.787,122.4975,121.2081,119.9186,118.6292,117.3397,116.0503,114.7608,113.4714,112.1819,110.8925,109.603,108.3136,105.7347,104.4452,103.1558,101.8664,100.5769,99.2875,97.998,96.7086,0,0.0,False,False,False,False,False,False,False,False,False,False,False,False,False,False,False,False,False,False,False,False,False,False,False,False
MGK,2019-09-18 04:00:00+00:00,129.53264802884496,129.82180786132812,128.33746091797852,129.82180786132812,102000,2019,9,37,Wednesday,129.3784,129.60975646972656,0.16,-0.06,-0.98,0.16,0.98,128.3137,127.0176,125.7215,124.4254,123.1293,121.8332,120.5371,119.241,117.9449,116.6488,115.3527,114.0566,112.7605,111.4644,110.1683,108.8722,106.28,104.9839,103.6878,102.3917,101.0956,99.7995,98.5034,97.2073,0,0.0,False,False,False,False,False,False,False,False,False,False,False,False,False,False,False,False,False,False,False,False,False,False,False,False
MGK,2019-09-19 04:00:00+00:00,130.03390857271805,130.66040953346194,129.84114017766498,129.99534606933594,81100,2019,9,37,Thursday,130.1327,129.82180786132812,0.13,0.16,0.01,0.13,-0.01,128.5236,127.2254,125.9272,124.6289,123.3307,122.0325,120.7343,119.4361,118.1378,116.8396,115.5414,114.2432,112.945,111.6468,110.3485,109.0503,106.4539,105.1557,103.8574,102.5592,101.261,99.9628,98.6646,97.3664,0,0.0,False,False,False,False,False,False,False,False,False,False,False,False,False,False,False,False,False,False,False,False,False,False,False,False
MGK,2019-09-20 04:00:00+00:00,130.27481999334952,130.39047804209272,128.40493643317538,128.8386688232422,138500,2019,9,37,Friday,129.4772,129.99534606933594,-0.89,0.21,-1.22,-0.89,1.22,128.6954,127.3954,126.0955,124.7955,123.4956,122.1956,120.8957,119.5957,118.2958,116.9958,115.6959,114.3959,113.096,111.796,110.496,109.1961,106.5962,105.2962,103.9963,102.6963,101.3964,100.0964,98.7965,97.4965,1,128.6954,True,False,False,False,False,False,False,False,False,False,False,False,False,False,False,False,False,False,False,False,False,False,False,False
MGK,2019-09-23 04:00:00+00:00,128.55921114877933,129.1086018191207,128.51101537239845,128.79052734375,83800,2019,9,38,Monday,128.7423,128.8386688232422,-0.04,-0.22,-0.25,-0.04,0.25,127.5503,126.2619,124.9735,123.6851,122.3967,121.1083,119.82,118.5316,117.2432,115.9548,114.6664,113.378,112.0896,110.8013,109.5129,108.2245,105.6477,104.3593,103.0709,101.7825,100.4942,99.2058,97.9174,96.629,0,0.0,False,False,False,False,False,False,False,False,False,False,False,False,False,False,False,False,False,False,False,False,False,False,False,False
MGK,2019-09-24 04:00:00+00:00,129.38810116729042,129.81218567091986,126.99772647074472,127.3832778930664,264300,2019,9,38,Tuesday,128.3953,128.79052734375,-1.09,0.46,-1.39,-1.09,1.39,127.5026,126.2147,124.9268,123.6389,122.351,121.0631,119.7752,118.4873,117.1994,115.9115,114.6236,113.3357,112.0478,110.7599,109.4719,108.184,105.6082,104.3203,103.0324,101.7445,100.4566,99.1687,97.8808,96.5929,1,127.5026,True,False,False,False,False,False,False,False,False,False,False,False,False,False,False,False,False,False,False,False,False,False,False,False
MGK,2019-09-25 04:00:00+00:00,127.44113618288333,128.81944422744738,126.438716962031,128.53993225097656,160000,2019,9,38,Wednesday,127.8098,127.3832778930664,0.91,0.05,-0.74,0.91,0.74,126.1094,124.8356,123.5618,122.2879,121.0141,119.7403,118.4664,117.1926,115.9188,114.645,113.3711,112.0973,110.8235,109.5496,108.2758,107.002,104.4543,103.1805,101.9066,100.6328,99.359,98.0851,96.8113,95.5375,0,0.0,False,False,False,False,False,False,False,False,False,False,False,False,False,False,False,False,False,False,False,False,False,False,False,False
MGK,2019-09-26 04:00:00+00:00,128.5109989331114,128.77124432644854,127.64351919108236,128.42425537109375,113500,2019,9,38,Thursday,128.3375,128.53993225097656,-0.09,-0.02,-0.7,-0.09,0.7,127.2545,125.9691,124.6837,123.3983,122.1129,120.8275,119.5421,118.2567,116.9713,115.6859,114.4005,113.1151,111.8297,110.5443,109.2589,107.9735,105.4027,104.1173,102.8319,101.5465,100.2611,98.9757,97.6903,96.4049,0,0.0,False,False,False,False,False,False,False,False,False,False,False,False,False,False,False,False,False,False,False,False,False,False,False,False
MGK,2019-09-27 04:00:00+00:00,128.80013944712945,128.80013944712945,126.07242398535776,126.96880340576172,174000,2019,9,38,Friday,127.6604,128.42425537109375,-1.13,0.29,-1.83,-1.13,1.83,127.14,125.8558,124.5715,123.2873,122.003,120.7188,119.4346,118.1503,116.8661,115.5818,114.2976,113.0133,111.7291,110.4449,109.1606,107.8764,105.3079,104.0236,102.7394,101.4552,100.1709,98.8867,97.6024,96.3182,1,127.14,True,False,False,False,False,False,False,False,False,False,False,False,False,False,False,False,False,False,False,False,False,False,False,False
MGK,2019-09-30 04:00:00+00:00,127.32547697184631,128.05800277508544,127.1037793398262,127.865234375,100300,2019,9,39,Monday,127.5881,126.96880340576172,0.71,0.28,0.11,0.71,-0.11,125.6991,124.4294,123.1597,121.8901,120.6204,119.3507,118.081,116.8113,115.5416,114.2719,113.0022,111.7325,110.4629,109.1932,107.9235,106.6538,104.1144,102.8447,101.575,100.3054,99.0357,97.766,96.4963,95.2266,0,0.0,False,False,False,False,False,False,False,False,False,False,False,False,False,False,False,False,False,False,False,False,False,False,False,False
MGK,2019-10-01 04:00:00+00:00,128.24503122489165,128.61233406444626,126.56320190429688,126.56320190429688,243000,2019,10,39,Tuesday,127.4959,127.865234375,-1.02,0.3,-1.02,-1.02,1.02,126.5866,125.3079,124.0293,122.7506,121.472,120.1933,118.9147,117.636,116.3574,115.0787,113.8001,112.5214,111.2428,109.9641,108.6854,107.4068,104.8495,103.5708,102.2922,101.0135,99.7349,98.4562,97.1776,95.8989,1,126.5866,True,False,False,False,False,False,False,False,False,False,False,False,False,False,False,False,False,False,False,False,False,False,False,False
MGK,2019-10-02 04:00:00+00:00,125.80931384714673,125.91563760960622,123.69251378011428,124.34977722167967,269400,2019,10,39,Wednesday,124.9418,126.56320190429688,-1.75,-0.6,-2.27,-1.75,2.27,125.2976,124.0319,122.7663,121.5007,120.235,118.9694,117.7038,116.4381,115.1725,113.9069,112.6412,111.3756,110.11,108.8444,107.5787,106.3131,103.7818,102.5162,101.2506,99.9849,98.7193,97.4537,96.188,94.9224,2,249.3295,True,True,False,False,False,False,False,False,False,False,False,False,False,False,False,False,False,False,False,False,False,False,False,False
MGK,2019-10-03 04:00:00+00:00,124.30144342639244,125.79962158203124,123.01589064366924,125.79962158203124,234100,2019,10,39,Thursday,124.7291,124.34977722167967,1.17,-0.04,-1.07,1.17,1.07,123.1063,121.8628,120.6193,119.3758,118.1323,116.8888,115.6453,114.4018,113.1583,111.9148,110.6713,109.4278,108.1843,106.9408,105.6973,104.4538,101.9668,100.7233,99.4798,98.2363,96.9928,95.7493,94.5058,93.2623,1,123.1063,True,False,False,False,False,False,False,False,False,False,False,False,False,False,False,False,False,False,False,False,False,False,False,False
MGK,2019-10-04 04:00:00+00:00,126.37956886462374,127.67477467313458,126.3409123884559,127.56845092773438,634700,2019,10,39,Friday,126.9909,125.79962158203124,1.41,0.46,0.43,1.41,-0.43,124.5416,123.2836,122.0256,120.7676,119.5096,118.2516,116.9936,115.7357,114.4777,113.2197,111.9617,110.7037,109.4457,108.1877,106.9297,105.6717,103.1557,101.8977,100.6397,99.3817,98.1237,96.8657,95.6077,94.3497,0,0.0,False,False,False,False,False,False,False,False,False,False,False,False,False,False,False,False,False,False,False,False,False,False,False,False
MGK,2019-10-07 04:00:00+00:00,127.21081648741558,128.0227351827575,126.96917296508168,127.15282440185548,196300,2019,10,40,Monday,127.3389,127.56845092773438,-0.33,-0.28,-0.47,-0.33,0.47,126.2928,125.0171,123.7414,122.4657,121.19,119.9143,118.6387,117.363,116.0873,114.8116,113.5359,112.2602,110.9846,109.7089,108.4332,107.1575,104.6061,103.3304,102.0548,100.7791,99.5034,98.2277,96.952,95.6763,0,0.0,False,False,False,False,False,False,False,False,False,False,False,False,False,False,False,False,False,False,False,False,False,False,False,False
MGK,2019-10-08 04:00:00+00:00,126.27323591444056,126.78551899163892,125.24866976004384,125.26800537109376,149300,2019,10,40,Tuesday,125.8939,127.15282440185548,-1.48,-0.69,-1.5,-1.48,1.5,125.8813,124.6098,123.3382,122.0667,120.7952,119.5237,118.2521,116.9806,115.7091,114.4375,113.166,111.8945,110.623,109.3514,108.0799,106.8084,104.2653,102.9938,101.7223,100.4507,99.1792,97.9077,96.6361,95.3646,1,125.8813,True,False,False,False,False,False,False,False,False,False,False,False,False,False,False,False,False,False,False,False,False,False,False,False
MGK,2019-10-09 04:00:00+00:00,126.3022271989368,127.09482498587764,126.07024412132624,126.6888656616211,111300,2019,10,40,Wednesday,126.539,125.26800537109376,1.13,0.83,0.64,1.13,-0.64,124.0153,122.7626,121.51,120.2573,119.0046,117.7519,116.4992,115.2466,113.9939,112.7412,111.4885,110.2358,108.9832,107.7305,106.4778,105.2251,102.7198,101.4671,100.2144,98.9617,97.709,96.4564,95.2037,93.951,0,0.0,False,False,False,False,False,False,False,False,False,False,False,False,False,False,False,False,False,False,False,False,False,False,False,False
MGK,2019-10-10 04:00:00+00:00,126.7275409666005,127.88742702952644,126.62121721715512,127.43313598632812,105300,2019,10,40,Thursday,127.1673,126.6888656616211,0.59,0.03,-0.05,0.59,0.05,125.422,124.1551,122.8882,121.6213,120.3544,119.0875,117.8206,116.5538,115.2869,114.02,112.7531,111.4862,110.2193,108.9524,107.6855,106.4186,103.8849,102.618,101.3511,100.0842,98.8173,97.5504,96.2835,95.0166,0,0.0,False,False,False,False,False,False,False,False,False,False,False,False,False,False,False,False,False,False,False,False,False,False,False,False
MGK,2019-10-11 04:00:00+00:00,128.83462958223382,129.78188263024816,128.67998896615262,128.80563354492188,191100,2019,10,40,Friday,129.0255,127.43313598632812,1.08,1.1,0.98,1.08,-0.98,126.1588,124.8845,123.6101,122.3358,121.0615,119.7871,118.5128,117.2385,115.9642,114.6898,113.4155,112.1412,110.8668,109.5925,108.3182,107.0438,104.4952,103.2208,101.9465,100.6722,99.3978,98.1235,96.8492,95.5749,0,0.0,False,False,False,False,False,False,False,False,False,False,False,False,False,False,False,False,False,False,False,False,False,False,False,False
MGK,2019-10-14 04:00:00+00:00,128.65101846259628,129.201958029617,128.55435515320653,128.73800659179688,60500,2019,10,41,Monday,128.7863,128.80563354492188,-0.05,-0.12,-0.2,-0.05,0.2,127.5176,126.2295,124.9415,123.6534,122.3654,121.0773,119.7892,118.5012,117.2131,115.9251,114.637,113.349,112.0609,110.7728,109.4848,108.1967,105.6206,104.3326,103.0445,101.7565,100.4684,99.1803,97.8923,96.6042,0,0.0,False,False,False,False,False,False,False,False,False,False,False,False,False,False,False,False,False,False,False,False,False,False,False,False
MGK,2019-10-15 04:00:00+00:00,129.17298855681153,130.3715459955305,129.17298855681153,130.1009063720703,87100,2019,10,41,Tuesday,129.7046,128.73800659179688,1.06,0.34,0.34,1.06,-0.34,127.4506,126.1632,124.8759,123.5885,122.3011,121.0137,119.7263,118.439,117.1516,115.8642,114.5768,113.2894,112.0021,110.7147,109.4273,108.1399,105.5652,104.2778,102.9904,101.703,100.4156,99.1283,97.8409,96.5535,0,0.0,False,False,False,False,False,False,False,False,False,False,False,False,False,False,False,False,False,False,False,False,False,False,False,False
MGK,2019-10-16 04:00:00+00:00,129.66589740708685,129.91721608862466,129.29860931281826,129.74322509765625,79700,2019,10,41,Wednesday,129.6562,130.1009063720703,-0.27,-0.33,-0.62,-0.27,0.62,128.7999,127.4989,126.1979,124.8969,123.5959,122.2949,120.9938,119.6928,118.3918,117.0908,115.7898,114.4888,113.1878,111.8868,110.5858,109.2848,106.6827,105.3817,104.0807,102.7797,101.4787,100.1777,98.8767,97.5757,0,0.0,False,False,False,False,False,False,False,False,False,False,False,False,False,False,False,False,False,False,False,False,False,False,False,False
MGK,2019-10-17 04:00:00+00:00,130.4198492374464,130.5551837837406,129.71425420374334,129.98489379882812,130100,2019,10,41,Thursday,130.1685,129.74322509765625,0.19,0.52,-0.02,0.19,0.02,128.4458,127.1484,125.8509,124.5535,123.2561,121.9586,120.6612,119.3638,118.0663,116.7689,115.4715,114.174,112.8766,111.5792,110.2817,108.9843,106.3894,105.092,103.7946,102.4971,101.1997,99.9023,98.6049,97.3074,0,0.0,False,False,False,False,False,False,False,False,False,False,False,False,False,False,False,False,False,False,False,False,False,False,False,False
MGK,2019-10-18 04:00:00+00:00,129.8109066758118,129.93655128169038,128.254721759734,128.8249969482422,112600,2019,10,41,Friday,129.2068,129.98489379882812,-0.89,-0.13,-1.33,-0.89,1.33,128.685,127.3852,126.0853,124.7855,123.4856,122.1858,120.886,119.5861,118.2863,116.9864,115.6866,114.3867,113.0869,111.787,110.4872,109.1873,106.5876,105.2878,103.9879,102.6881,101.3882,100.0884,98.7885,97.4887,1,128.685,True,False,False,False,False,False,False,False,False,False,False,False,False,False,False,False,False,False,False,False,False,False,False,False
MGK,2019-10-21 04:00:00+00:00,129.39527631053446,129.7239227294922,128.9603208942313,129.7239227294922,116800,2019,10,42,Monday,129.4509,128.8249969482422,0.7,0.44,0.11,0.7,-0.11,127.5367,126.2485,124.9602,123.672,122.3837,121.0955,119.8072,118.519,117.2307,115.9425,114.6542,113.366,112.0777,110.7895,109.5012,108.213,105.6365,104.3482,103.06,101.7717,100.4835,99.1952,97.907,96.6187,0,0.0,False,False,False,False,False,False,False,False,False,False,False,False,False,False,False,False,False,False,False,False,False,False,False,False
MGK,2019-10-22 04:00:00+00:00,129.8592386115648,130.01387926134524,128.14839829359786,128.20639038085938,627800,2019,10,42,Tuesday,129.057,129.7239227294922,-1.17,0.1,-1.21,-1.17,1.21,128.4267,127.1294,125.8322,124.535,123.2377,121.9405,120.6432,119.346,118.0488,116.7515,115.4543,114.1571,112.8598,111.5626,110.2653,108.9681,106.3736,105.0764,103.7791,102.4819,101.1847,99.8874,98.5902,97.2929,1,128.4267,True,False,False,False,False,False,False,False,False,False,False,False,False,False,False,False,False,False,False,False,False,False,False,False
MGK,2019-10-23 04:00:00+00:00,128.22571805499035,128.72832594597617,128.08072309706202,128.6703338623047,103800,2019,10,42,Wednesday,128.4263,128.20639038085938,0.36,0.02,-0.1,0.36,0.1,126.9243,125.6423,124.3602,123.0781,121.7961,120.514,119.2319,117.9499,116.6678,115.3858,114.1037,112.8216,111.5396,110.2575,108.9754,107.6934,105.1292,103.8472,102.5651,101.283,100.001,98.7189,97.4369,96.1548,0,0.0,False,False,False,False,False,False,False,False,False,False,False,False,False,False,False,False,False,False,False,False,False,False,False,False
MGK,2019-10-24 04:00:00+00:00,129.55961827893557,129.91726081453635,129.07633110805972,129.75294494628906,99400,2019,10,42,Thursday,129.5765,128.6703338623047,0.84,0.69,0.32,0.84,-0.32,127.3836,126.0969,124.8102,123.5235,122.2368,120.9501,119.6634,118.3767,117.09,115.8033,114.5166,113.2299,111.9432,110.6565,109.3698,108.0831,105.5097,104.223,102.9363,101.6496,100.3629,99.0762,97.7895,96.5028,0,0.0,False,False,False,False,False,False,False,False,False,False,False,False,False,False,False,False,False,False,False,False,False,False,False,False
MGK,2019-10-25 04:00:00+00:00,129.10531987663697,130.5261703477043,128.98932094626812,130.31353759765625,122200,2019,10,42,Friday,129.7336,129.75294494628906,0.43,-0.5,-0.59,0.43,0.59,128.4554,127.1579,125.8604,124.5628,123.2653,121.9678,120.6702,119.3727,118.0752,116.7777,115.4801,114.1826,112.8851,111.5875,110.29,108.9925,106.3974,105.0999,103.8024,102.5048,101.2073,99.9098,98.6122,97.3147,0,0.0,False,False,False,False,False,False,False,False,False,False,False,False,False,False,False,False,False,False,False,False,False,False,False,False
MGK,2019-10-28 04:00:00+00:00,130.99975829381685,131.5120412762506,130.94176622014464,131.39605712890625,96500,2019,10,43,Monday,131.2124,130.31353759765625,0.83,0.53,0.48,0.83,-0.48,129.0104,127.7073,126.4041,125.101,123.7979,122.4947,121.1916,119.8885,118.5853,117.2822,115.979,114.6759,113.3728,112.0696,110.7665,109.4634,106.8571,105.554,104.2508,102.9477,101.6446,100.3414,99.0383,97.7352,0,0.0,False,False,False,False,False,False,False,False,False,False,False,False,False,False,False,False,False,False,False,False,False,False,False,False
MGK,2019-10-29 04:00:00+00:00,131.32845567348127,131.5217823475759,130.66151699461656,130.74851989746094,157300,2019,10,43,Tuesday,131.0651,131.39605712890625,-0.49,-0.05,-0.56,-0.49,0.56,130.0821,128.7681,127.4542,126.1402,124.8263,123.5123,122.1983,120.8844,119.5704,118.2565,116.9425,115.6285,114.3146,113.0006,111.6866,110.3727,107.7448,106.4308,105.1168,103.8029,102.4889,101.175,99.861,98.547,0,0.0,False,False,False,False,False,False,False,False,False,False,False,False,False,False,False,False,False,False,False,False,False,False,False,False
MGK,2019-10-30 04:00:00+00:00,130.9224648480023,131.57974293523745,130.39084611908075,131.47341918945312,117100,2019,10,43,Wednesday,131.0916,130.74851989746094,0.55,0.13,-0.27,0.55,0.27,129.441,128.1335,126.8261,125.5186,124.2111,122.9036,121.5961,120.2886,118.9812,117.6737,116.3662,115.0587,113.7512,112.4437,111.1362,109.8288,107.2138,105.9063,104.5988,103.2913,101.9838,100.6764,99.3689,98.0614,0,0.0,False,False,False,False,False,False,False,False,False,False,False,False,False,False,False,False,False,False,False,False,False,False,False,False
MGK,2019-10-31 04:00:00+00:00,131.68602722641285,131.84066783406172,130.729113801056,131.22206115722656,123000,2019,10,43,Thursday,131.3695,131.47341918945312,-0.19,0.16,-0.57,-0.19,0.57,130.1587,128.844,127.5292,126.2145,124.8997,123.585,122.2703,120.9555,119.6408,118.3261,117.0113,115.6966,114.3819,113.0671,111.7524,110.4377,107.8082,106.4935,105.1787,103.864,102.5493,101.2345,99.9198,98.6051,0,0.0,False,False,False,False,False,False,False,False,False,False,False,False,False,False,False,False,False,False,False,False,False,False,False,False
MGK,2019-11-01 04:00:00+00:00,131.92771546610524,132.3626708984375,131.6377402616332,132.3626708984375,141000,2019,11,43,Friday,132.0727,131.22206115722656,0.87,0.54,0.32,0.87,-0.32,129.9098,128.5976,127.2854,125.9732,124.661,123.3487,122.0365,120.7243,119.4121,118.0999,116.7876,115.4754,114.1632,112.851,111.5388,110.2265,107.6021,106.2899,104.9776,103.6654,102.3532,101.041,99.7288,98.4165,0,0.0,False,False,False,False,False,False,False,False,False,False,False,False,False,False,False,False,False,False,False,False,False,False,False,False
MGK,2019-11-04 05:00:00+00:00,133.04893040208916,133.14559371989824,132.46899474148938,132.56564331054688,147200,2019,11,44,Monday,132.8073,132.3626708984375,0.15,0.52,0.08,0.15,-0.08,131.039,129.7154,128.3918,127.0682,125.7445,124.4209,123.0973,121.7737,120.45,119.1264,117.8028,116.4792,115.1555,113.8319,112.5083,111.1846,108.5374,107.2138,105.8901,104.5665,103.2429,101.9193,100.5956,99.272,0,0.0,False,False,False,False,False,False,False,False,False,False,False,False,False,False,False,False,False,False,False,False,False,False,False,False
MGK,2019-11-05 05:00:00+00:00,132.85560796786862,132.85560796786862,131.9567011283646,132.2273406982422,99800,2019,11,44,Tuesday,132.4738,132.56564331054688,-0.26,0.22,-0.46,-0.26,0.46,131.24,129.9143,128.5887,127.263,125.9374,124.6117,123.286,121.9604,120.6347,119.3091,117.9834,116.6578,115.3321,114.0065,112.6808,111.3551,108.7038,107.3782,106.0525,104.7269,103.4012,102.0755,100.7499,99.4242,0,0.0,False,False,False,False,False,False,False,False,False,False,False,False,False,False,False,False,False,False,False,False,False,False,False,False
MGK,2019-11-06 05:00:00+00:00,132.27565981414097,132.27565981414097,131.6473778553226,132.20799255371094,173100,2019,11,44,Wednesday,132.1017,132.2273406982422,-0.01,0.04,-0.44,-0.01,0.44,130.9051,129.5828,128.2605,126.9382,125.616,124.2937,122.9714,121.6492,120.3269,119.0046,117.6823,116.3601,115.0378,113.7155,112.3932,111.071,108.4264,107.1041,105.7819,104.4596,103.1373,101.8151,100.4928,99.1705,0,0.0,False,False,False,False,False,False,False,False,False,False,False,False,False,False,False,False,False,False,False,False,False,False,False,False
MGK,2019-11-07 05:00:00+00:00,132.85560707659673,133.30989808343298,132.39165563831196,132.64295959472656,126400,2019,11,44,Thursday,132.8,132.20799255371094,0.33,0.49,0.14,0.33,-0.14,130.8859,129.5638,128.2418,126.9197,125.5976,124.2755,122.9534,121.6314,120.3093,118.9872,117.6651,116.343,115.021,113.6989,112.3768,111.0547,108.4106,107.0885,105.7664,104.4443,103.1222,101.8002,100.4781,99.156,0,0.0,False,False,False,False,False,False,False,False,False,False,False,False,False,False,False,False,False,False,False,False,False,False,False,False
MGK,2019-11-08 05:00:00+00:00,132.50767034753628,132.95230102539062,132.28536238298597,132.95230102539062,85900,2019,11,44,Friday,132.6744,132.64295959472656,0.23,-0.1,-0.27,0.23,0.27,131.3165,129.9901,128.6637,127.3372,126.0108,124.6844,123.358,122.0315,120.7051,119.3787,118.0522,116.7258,115.3994,114.0729,112.7465,111.4201,108.7672,107.4408,106.1144,104.7879,103.4615,102.1351,100.8086,99.4822,0,0.0,False,False,False,False,False,False,False,False,False,False,False,False,False,False,False,False,False,False,False,False,False,False,False,False
MGK,2019-11-11 05:00:00+00:00,132.33368429355207,133.03927936739495,132.25635658359286,132.9136199951172,426600,2019,11,45,Monday,132.6357,132.95230102539062,-0.03,-0.47,-0.52,-0.03,0.52,131.6228,130.2933,128.9637,127.6342,126.3047,124.9752,123.6456,122.3161,120.9866,119.6571,118.3275,116.998,115.6685,114.339,113.0095,111.6799,109.0209,107.6914,106.3618,105.0323,103.7028,102.3733,101.0437,99.7142,0,0.0,False,False,False,False,False,False,False,False,False,False,False,False,False,False,False,False,False,False,False,False,False,False,False,False
MGK,2019-11-12 05:00:00+00:00,133.09725528742592,133.78352941194086,133.02960276740376,133.43556213378906,101500,2019,11,45,Tuesday,133.3365,132.9136199951172,0.39,0.14,0.09,0.39,-0.09,131.5845,130.2553,128.9262,127.5971,126.2679,124.9388,123.6097,122.2805,120.9514,119.6223,118.2931,116.964,115.6348,114.3057,112.9766,111.6474,108.9892,107.66,106.3309,105.0018,103.6726,102.3435,101.0144,99.6852,0,0.0,False,False,False,False,False,False,False,False,False,False,False,False,False,False,False,False,False,False,False,False,False,False,False,False
MGK,2019-11-13 05:00:00+00:00,133.0006111512043,133.7448626399799,133.0006111512043,133.6095428466797,105800,2019,11,45,Wednesday,133.3389,133.43556213378906,0.13,-0.33,-0.33,0.13,0.33,132.1012,130.7669,129.4325,128.0981,126.7638,125.4294,124.0951,122.7607,121.4264,120.092,118.7577,117.4233,116.0889,114.7546,113.4202,112.0859,109.4172,108.0828,106.7484,105.4141,104.0797,102.7454,101.411,100.0767,0,0.0,False,False,False,False,False,False,False,False,False,False,False,False,False,False,False,False,False,False,False,False,False,False,False,False
MGK,2019-11-14 05:00:00+00:00,133.54189646110518,134.17983897972957,133.38724104772618,134.0831756591797,124100,2019,11,45,Thursday,133.798,133.6095428466797,0.35,-0.05,-0.17,0.35,0.17,132.2734,130.9374,129.6013,128.2652,126.9291,125.593,124.2569,122.9208,121.5847,120.2486,118.9125,117.5764,116.2403,114.9042,113.5681,112.232,109.5598,108.2237,106.8876,105.5515,104.2154,102.8793,101.5433,100.2072,0,0.0,False,False,False,False,False,False,False,False,False,False,False,False,False,False,False,False,False,False,False,False,False,False,False,False
MGK,2019-11-15 05:00:00+00:00,134.81775459041074,135.08839416503906,134.46978731606708,135.08839416503906,91600,2019,11,45,Friday,134.8661,134.0831756591797,0.75,0.55,0.29,0.75,-0.29,132.7423,131.4015,130.0607,128.7198,127.379,126.0382,124.6974,123.3565,122.0157,120.6749,119.334,117.9932,116.6524,115.3115,113.9707,112.6299,109.9482,108.6074,107.2665,105.9257,104.5849,103.244,101.9032,100.5624,0,0.0,False,False,False,False,False,False,False,False,False,False,False,False,False,False,False,False,False,False,False,False,False,False,False,False
MGK,2019-11-18 05:00:00+00:00,135.11738425986982,135.41703461385518,134.64377239949786,135.23338317871094,190300,2019,11,46,Monday,135.1029,135.08839416503906,0.11,0.02,-0.33,0.11,0.33,133.7375,132.3866,131.0357,129.6849,128.334,126.9831,125.6322,124.2813,122.9304,121.5796,120.2287,118.8778,117.5269,116.176,114.8251,113.4743,110.7725,109.4216,108.0707,106.7198,105.3689,104.0181,102.6672,101.3163,0,0.0,False,False,False,False,False,False,False,False,False,False,False,False,False,False,False,False,False,False,False,False,False,False,False,False
MGK,2019-11-19 05:00:00+00:00,135.70698745578662,135.70698745578662,135.04006376628047,135.38803100585938,103400,2019,11,46,Tuesday,135.4605,135.23338317871094,0.11,0.35,-0.14,0.11,0.14,133.881,132.5287,131.1764,129.824,128.4717,127.1194,125.767,124.4147,123.0624,121.71,120.3577,119.0054,117.653,116.3007,114.9484,113.596,110.8914,109.539,108.1867,106.8344,105.482,104.1297,102.7774,101.425,0,0.0,False,False,False,False,False,False,False,False,False,False,False,False,False,False,False,False,False,False,False,False,False,False,False,False
MGK,2019-11-20 05:00:00+00:00,135.16572286956452,135.58135741503037,133.9961764309587,134.87574768066406,170500,2019,11,46,Wednesday,134.9048,135.38803100585938,-0.38,-0.16,-1.03,-0.38,1.03,134.0342,132.6803,131.3264,129.9725,128.6186,127.2647,125.9109,124.557,123.2031,121.8492,120.4953,119.1415,117.7876,116.4337,115.0798,113.7259,111.0182,109.6643,108.3104,106.9565,105.6027,104.2488,102.8949,101.541,1,134.0342,True,False,False,False,False,False,False,False,False,False,False,False,False,False,False,False,False,False,False,False,False,False,False,False
MGK,2019-11-21 05:00:00+00:00,134.9434119944764,134.9434119944764,134.2088209809305,134.38279724121094,94900,2019,11,46,Thursday,134.6196,134.87574768066406,-0.37,0.05,-0.49,-0.37,0.49,133.527,132.1782,130.8295,129.4807,128.132,126.7832,125.4344,124.0857,122.7369,121.3882,120.0394,118.6907,117.3419,115.9931,114.6444,113.2956,110.5981,109.2494,107.9006,106.5518,105.2031,103.8543,102.5056,101.1568,0,0.0,False,False,False,False,False,False,False,False,False,False,False,False,False,False,False,False,False,False,False,False,False,False,False,False
MGK,2019-11-22 05:00:00+00:00,134.75976602890674,134.75976602890674,133.9381868518416,134.45046997070312,80200,2019,11,46,Friday,134.477,134.38279724121094,0.05,0.28,-0.33,0.05,0.33,133.039,131.6951,130.3513,129.0075,127.6637,126.3198,124.976,123.6322,122.2883,120.9445,119.6007,118.2569,116.913,115.5692,114.2254,112.8815,110.1939,108.8501,107.5062,106.1624,104.8186,103.4748,102.1309,100.7871,0,0.0,False,False,False,False,False,False,False,False,False,False,False,False,False,False,False,False,False,False,False,False,False,False,False,False
MGK,2019-11-25 05:00:00+00:00,134.96273139417346,135.726318359375,134.96273139417346,135.726318359375,94400,2019,11,47,Monday,135.3445,134.45046997070312,0.95,0.38,0.38,0.95,-0.38,133.106,131.7615,130.417,129.0725,127.7279,126.3834,125.0389,123.6944,122.3499,121.0054,119.6609,118.3164,116.9719,115.6274,114.2829,112.9384,110.2494,108.9049,107.5604,106.2159,104.8714,103.5269,102.1824,100.8379,0,0.0,False,False,False,False,False,False,False,False,False,False,False,False,False,False,False,False,False,False,False,False,False,False,False,False
MGK,2019-11-26 05:00:00+00:00,135.852038847907,136.4223142209052,135.81336761147185,136.23866271972656,130200,2019,11,47,Tuesday,136.0816,135.726318359375,0.38,0.09,0.06,0.38,-0.06,134.3691,133.0118,131.6545,130.2973,128.94,127.5827,126.2255,124.8682,123.5109,122.1537,120.7964,119.4392,118.0819,116.7246,115.3674,114.0101,111.2956,109.9383,108.5811,107.2238,105.8665,104.5093,103.152,101.7947,0,0.0,False,False,False,False,False,False,False,False,False,False,False,False,False,False,False,False,False,False,False,False,False,False,False,False
MGK,2019-11-27 05:00:00+00:00,136.63491410609564,137.2148644602483,136.44160223762816,137.1761932373047,86900,2019,11,47,Wednesday,136.8669,136.23866271972656,0.69,0.29,0.15,0.69,-0.15,134.8763,133.5139,132.1515,130.7891,129.4267,128.0643,126.702,125.3396,123.9772,122.6148,121.2524,119.89,118.5276,117.1652,115.8029,114.4405,111.7157,110.3533,108.9909,107.6285,106.2662,104.9038,103.5414,102.179,0,0.0,False,False,False,False,False,False,False,False,False,False,False,False,False,False,False,False,False,False,False,False,False,False,False,False
MGK,2019-11-29 05:00:00+00:00,136.94423339669365,137.07956795122357,136.61560168962782,136.71226501464844,56600,2019,11,47,Friday,136.8379,137.1761932373047,-0.34,-0.17,-0.41,-0.34,0.41,135.8044,134.4327,133.0609,131.6891,130.3174,128.9456,127.5739,126.2021,124.8303,123.4586,122.0868,120.7151,119.3433,117.9715,116.5998,115.228,112.4845,111.1127,109.741,108.3692,106.9974,105.6257,104.2539,102.8821,0,0.0,False,False,False,False,False,False,False,False,False,False,False,False,False,False,False,False,False,False,False,False,False,False,False,False
MGK,2019-12-02 05:00:00+00:00,136.80890096509904,136.80890096509904,134.52778534340715,135.04974365234375,166900,2019,12,48,Monday,135.7988,136.71226501464844,-1.22,0.07,-1.6,-1.22,1.6,135.3451,133.978,132.6109,131.2438,129.8767,128.5095,127.1424,125.7753,124.4082,123.041,121.6739,120.3068,118.9397,117.5725,116.2054,114.8383,112.1041,110.7369,109.3698,108.0027,106.6356,105.2684,103.9013,102.5342,1,135.3451,True,False,False,False,False,False,False,False,False,False,False,False,False,False,False,False,False,False,False,False,False,False,False,False
MGK,2019-12-03 05:00:00+00:00,133.31957386017058,134.35381534546832,133.04893426095757,134.28614807128906,158600,2019,12,48,Tuesday,133.7521,135.04974365234375,-0.57,-1.28,-1.48,-0.57,1.48,133.6992,132.3487,130.9983,129.6478,128.2973,126.9468,125.5963,124.2458,122.8953,121.5448,120.1943,118.8438,117.4933,116.1428,114.7923,113.4418,110.7408,109.3903,108.0398,106.6893,105.3388,103.9883,102.6378,101.2873,1,133.6992,True,False,False,False,False,False,False,False,False,False,False,False,False,False,False,False,False,False,False,False,False,False,False,False
MGK,2019-12-04 05:00:00+00:00,135.02074811357576,135.2527164750829,134.69211643560635,134.94342041015625,102300,2019,12,48,Wednesday,134.9773,134.28614807128906,0.49,0.55,0.3,0.49,-0.3,132.9433,131.6004,130.2576,128.9147,127.5718,126.229,124.8861,123.5433,122.2004,120.8575,119.5147,118.1718,116.8289,115.4861,114.1432,112.8004,110.1146,108.7718,107.4289,106.0861,104.7432,103.4003,102.0575,100.7146,0,0.0,False,False,False,False,False,False,False,False,False,False,False,False,False,False,False,False,False,False,False,False,False,False,False,False
MGK,2019-12-05 05:00:00+00:00,135.38802650973938,135.38802650973938,134.56643271478913,135.1077117919922,218000,2019,12,48,Thursday,135.1125,134.94342041015625,0.12,0.33,-0.28,0.12,0.28,133.594,132.2446,130.8951,129.5457,128.1962,126.8468,125.4974,124.1479,122.7985,121.4491,120.0996,118.7502,117.4008,116.0513,114.7019,113.3525,110.6536,109.3042,107.9547,106.6053,105.2559,103.9064,102.557,101.2076,0,0.0,False,False,False,False,False,False,False,False,False,False,False,False,False,False,False,False,False,False,False,False,False,False,False,False
MGK,2019-12-06 05:00:00+00:00,136.13227859612425,136.5382379062023,135.97762321645203,136.44158935546875,112500,2019,12,48,Friday,136.2724,135.1077117919922,0.99,0.76,0.64,0.99,-0.64,133.7566,132.4056,131.0545,129.7034,128.3523,127.0012,125.6502,124.2991,122.948,121.5969,120.2459,118.8948,117.5437,116.1926,114.8416,113.4905,110.7883,109.4372,108.0862,106.7351,105.384,104.0329,102.6819,101.3308,0,0.0,False,False,False,False,False,False,False,False,False,False,False,False,False,False,False,False,False,False,False,False,False,False,False,False
MGK,2019-12-09 05:00:00+00:00,136.29661327311854,136.74124386403707,135.95832117559976,136.00665283203125,81200,2019,12,49,Monday,136.2507,136.44158935546875,-0.32,-0.11,-0.35,-0.32,0.35,135.0772,133.7128,132.3483,130.9839,129.6195,128.2551,126.8907,125.5263,124.1618,122.7974,121.433,120.0686,118.7042,117.3398,115.9754,114.6109,111.8821,110.5177,109.1533,107.7889,106.4244,105.06,103.6956,102.3312,0,0.0,False,False,False,False,False,False,False,False,False,False,False,False,False,False,False,False,False,False,False,False,False,False,False,False
MGK,2019-12-10 05:00:00+00:00,136.03564826170566,136.28695222576317,135.57168206055997,135.8036651611328,130500,2019,12,49,Tuesday,135.9245,136.00665283203125,-0.15,0.02,-0.32,-0.15,0.32,134.6466,133.2865,131.9265,130.5664,129.2063,127.8463,126.4862,125.1261,123.7661,122.406,121.0459,119.6859,118.3258,116.9657,115.6057,114.2456,111.5255,110.1654,108.8053,107.4453,106.0852,104.7251,103.3651,102.005,0,0.0,False,False,False,False,False,False,False,False,False,False,False,False,False,False,False,False,False,False,False,False,False,False,False,False
MGK,2019-12-11 05:00:00+00:00,135.99693976565533,136.42223462577303,135.7359606926291,136.36424255371094,100300,2019,12,49,Wednesday,136.1298,135.8036651611328,0.41,0.14,-0.05,0.41,0.05,134.4456,133.0876,131.7296,130.3715,129.0135,127.6554,126.2974,124.9394,123.5813,122.2233,120.8653,119.5072,118.1492,116.7912,115.4331,114.0751,111.359,110.001,108.6429,107.2849,105.9269,104.5688,103.2108,101.8527,0,0.0,False,False,False,False,False,False,False,False,False,False,False,False,False,False,False,False,False,False,False,False,False,False,False,False
MGK,2019-12-12 05:00:00+00:00,136.24830653863003,137.55317286720515,136.02598385219528,136.96356201171875,218200,2019,12,49,Thursday,136.6978,136.36424255371094,0.44,-0.09,-0.25,0.44,0.25,135.0006,133.637,132.2733,130.9097,129.546,128.1824,126.8187,125.4551,124.0915,122.7278,121.3642,120.0005,118.6369,117.2732,115.9096,114.546,111.8187,110.455,109.0914,107.7278,106.3641,105.0005,103.6368,102.2732,0,0.0,False,False,False,False,False,False,False,False,False,False,False,False,False,False,False,False,False,False,False,False,False,False,False,False
MGK,2019-12-13 05:00:00+00:00,137.0311704077125,137.8044323898553,136.77019135463087,137.66909790039062,137500,2019,12,49,Friday,137.3187,136.96356201171875,0.52,0.05,-0.14,0.52,0.14,135.5939,134.2243,132.8547,131.485,130.1154,128.7457,127.3761,126.0065,124.6368,123.2672,121.8976,120.5279,119.1583,117.7887,116.419,115.0494,112.3101,110.9405,109.5708,108.2012,106.8316,105.4619,104.0923,102.7227,0,0.0,False,False,False,False,False,False,False,False,False,False,False,False,False,False,False,False,False,False,False,False,False,False,False,False
MGK,2019-12-16 05:00:00+00:00,138.4907690044972,138.8967284537802,138.41344128814512,138.69375610351562,124800,2019,12,50,Monday,138.6237,137.66909790039062,0.74,0.6,0.54,0.74,-0.54,136.2924,134.9157,133.539,132.1623,130.7856,129.409,128.0323,126.6556,125.2789,123.9022,122.5255,121.1488,119.7721,118.3954,117.0187,115.642,112.8887,111.512,110.1353,108.7586,107.3819,106.0052,104.6285,103.2518,0,0.0,False,False,False,False,False,False,False,False,False,False,False,False,False,False,False,False,False,False,False,False,False,False,False,False
MGK,2019-12-17 05:00:00+00:00,139.01267441543976,139.01267441543976,138.4810557861266,138.6356964111328,143900,2019,12,50,Tuesday,138.7855,138.69375610351562,-0.04,0.23,-0.15,-0.04,0.15,137.3068,135.9199,134.5329,133.146,131.7591,130.3721,128.9852,127.5983,126.2113,124.8244,123.4374,122.0505,120.6636,119.2766,117.8897,116.5028,113.7289,112.3419,110.955,109.5681,108.1811,106.7942,105.4073,104.0203,0,0.0,False,False,False,False,False,False,False,False,False,False,False,False,False,False,False,False,False,False,False,False,False,False,False,False
MGK,2019-12-18 05:00:00+00:00,138.91604938403023,139.19634942101396,138.77106914916837,138.79039001464844,113700,2019,12,50,Wednesday,138.9185,138.6356964111328,0.11,0.2,0.1,0.11,-0.1,137.2493,135.863,134.4766,133.0903,131.7039,130.3176,128.9312,127.5448,126.1585,124.7721,123.3858,121.9994,120.6131,119.2267,117.8403,116.454,113.6813,112.2949,110.9086,109.5222,108.1358,106.7495,105.3631,103.9768,0,0.0,False,False,False,False,False,False,False,False,False,False,False,False,False,False,False,False,False,False,False,False,False,False,False,False
MGK,2019-12-19 05:00:00+00:00,138.8580402498815,139.74728666166422,138.8580402498815,139.7279510498047,112600,2019,12,50,Thursday,139.2978,138.79039001464844,0.68,0.05,0.05,0.68,-0.05,137.4025,136.0146,134.6267,133.2388,131.8509,130.463,129.0751,127.6872,126.2993,124.9114,123.5234,122.1355,120.7476,119.3597,117.9718,116.5839,113.8081,112.4202,111.0323,109.6444,108.2565,106.8686,105.4807,104.0928,0,0.0,False,False,False,False,False,False,False,False,False,False,False,False,False,False,False,False,False,False,False,False,False,False,False,False
MGK,2019-12-20 05:00:00+00:00,140.32727921973478,140.47227424439072,139.95999093787063,140.269287109375,112800,2019,12,50,Friday,140.2572,139.7279510498047,0.39,0.43,0.17,0.39,-0.17,138.3307,136.9334,135.5361,134.1388,132.7416,131.3443,129.947,128.5497,127.1524,125.7552,124.3579,122.9606,121.5633,120.166,118.7688,117.3715,114.5769,113.1796,111.7824,110.3851,108.9878,107.5905,106.1932,104.796,0,0.0,False,False,False,False,False,False,False,False,False,False,False,False,False,False,False,False,False,False,False,False,False,False,False,False
MGK,2019-12-23 05:00:00+00:00,140.8395466935902,140.8395466935902,140.48190417610135,140.5785675048828,119800,2019,12,51,Monday,140.6849,140.269287109375,0.22,0.41,0.15,0.22,-0.15,138.8666,137.4639,136.0612,134.6585,133.2558,131.8531,130.4504,129.0477,127.6451,126.2424,124.8397,123.437,122.0343,120.6316,119.2289,117.8262,115.0208,113.6181,112.2154,110.8127,109.41,108.0074,106.6047,105.202,0,0.0,False,False,False,False,False,False,False,False,False,False,False,False,False,False,False,False,False,False,False,False,False,False,False,False
MGK,2019-12-24 05:00:00+00:00,140.76265447682133,140.76265447682133,140.37505656358857,140.59793090820312,70300,2019,12,51,Tuesday,140.6246,140.5785675048828,0.01,0.13,-0.14,0.01,0.14,139.1728,137.767,136.3612,134.9554,133.5496,132.1439,130.7381,129.3323,127.9265,126.5207,125.1149,123.7091,122.3034,120.8976,119.4918,118.086,115.2744,113.8686,112.4629,111.0571,109.6513,108.2455,106.8397,105.4339,0,0.0,False,False,False,False,False,False,False,False,False,False,False,False,False,False,False,False,False,False,False,False,False,False,False,False
MGK,2019-12-26 05:00:00+00:00,140.84987982393025,141.85760498046875,140.79174382446564,141.85760498046875,172800,2019,12,51,Thursday,141.3392,140.59793090820312,0.9,0.18,0.14,0.9,-0.14,139.192,137.786,136.38,134.974,133.568,132.1621,130.7561,129.3501,127.9441,126.5381,125.1322,123.7262,122.3202,120.9142,119.5082,118.1023,115.2903,113.8843,112.4783,111.0724,109.6664,108.2604,106.8544,105.4484,0,0.0,False,False,False,False,False,False,False,False,False,False,False,False,False,False,False,False,False,False,False,False,False,False,False,False
MGK,2019-12-27 05:00:00+00:00,142.29364465843574,142.31301346667735,141.53784714721843,141.86729431152344,120500,2019,12,51,Friday,142.0029,141.85760498046875,0.01,0.31,-0.23,0.01,0.23,140.439,139.0205,137.6019,136.1833,134.7647,133.3461,131.9276,130.509,129.0904,127.6718,126.2533,124.8347,123.4161,121.9975,120.579,119.1604,116.3232,114.9047,113.4861,112.0675,110.6489,109.2304,107.8118,106.3932,0,0.0,False,False,False,False,False,False,False,False,False,False,False,False,False,False,False,False,False,False,False,False,False,False,False,False
MGK,2019-12-30 05:00:00+00:00,141.9932186738632,141.9932186738632,140.22001207204102,140.90797424316406,161000,2019,12,52,Monday,141.2786,141.86729431152344,-0.68,0.09,-1.16,-0.68,1.16,140.4486,139.0299,137.6113,136.1926,134.7739,133.3553,131.9366,130.5179,129.0992,127.6806,126.2619,124.8432,123.4245,122.0059,120.5872,119.1685,116.3312,114.9125,113.4938,112.0752,110.6565,109.2378,107.8191,106.4005,1,140.4486,True,False,False,False,False,False,False,False,False,False,False,False,False,False,False,False,False,False,False,False,False,False,False,False
MGK,2019-12-31 05:00:00+00:00,140.49130847837912,141.20833856562516,140.30720136343382,141.14051818847656,121000,2019,12,52,Tuesday,140.7868,140.90797424316406,0.17,-0.3,-0.43,0.17,0.43,139.4989,138.0898,136.6807,135.2717,133.8626,132.4535,131.0444,129.6353,128.2263,126.8172,125.4081,123.999,122.5899,121.1809,119.7718,118.3627,115.5445,114.1355,112.7264,111.3173,109.9082,108.4991,107.0901,105.681,0,0.0,False,False,False,False,False,False,False,False,False,False,False,False,False,False,False,False,False,False,False,False,False,False,False,False
