Symbol,Date,Open,High,Low,Close,Volume,Year,Month,Week,Weekday,avg_daily_price,Previous_Close,Daily_Gain_Loss_Pct,Open_vs_PrevClose_Pct,Low_vs_PrevClose_Pct,Close_vs_PrevClose_Pct,mx_percent_decline,Shares_Purchased,Total_Value_Purchased,BOD99-1,BOD98-2,BOD97-3,BOD96-4,BOD95-5,BOD94-6,BOD93-7,BOD92-8,BOD91-9,BOD90-10,BOD89-11,BOD88-12,BOD87-13,BOD86-14,BOD85-15,BOD84-16,BOD83-17,BOD82-18,BOD81-19,BOD80-20,BOD79-21,BOD78-22,BOD77-23,BOD76-24,BOD75-25,BOD99-1_Executed,BOD98-2_Executed,BOD97-3_Executed,BOD96-4_Executed,BOD95-5_Executed,BOD94-6_Executed,BOD93-7_Executed,BOD92-8_Executed,BOD91-9_Executed,BOD90-10_Executed,BOD89-11_Executed,BOD88-12_Executed,BOD87-13_Executed,BOD86-14_Executed,BOD85-15_Executed,BOD84-16_Executed,BOD83-17_Executed,BOD82-18_Executed,BOD81-19_Executed,BOD80-20_Executed,BOD79-21_Executed,BOD78-22_Executed,BOD77-23_Executed,BOD76-24_Executed,BOD75-25_Executed
MGK,2018-01-02 05:00:00+00:00,106.11496667371908,106.8929214477539,105.92522443154571,106.8929214477539,167600,2018,1,1,Tuesday,106.4565,105.62162017822266,1.2,0.47,0.29,1.2,-0.29,0,0.0,104.5654,103.5092,102.453,101.3968,100.3405,99.2843,98.2281,97.1719,96.1157,95.0595,94.0032,92.947,91.8908,90.8346,89.7784,88.7222,87.6659,86.6097,85.5535,84.4973,83.4411,82.3849,81.3286,80.2724,79.2162,False,False,False,False,False,False,False,False,False,False,False,False,False,False,False,False,False,False,False,False,False,False,False,False,False
MGK,2018-01-03 05:00:00+00:00,107.12059860803244,107.89855322072414,107.05418087502358,107.86060333251952,169000,2018,1,1,Wednesday,107.4835,106.8929214477539,0.91,0.21,0.15,0.91,-0.15,0,0.0,105.824,104.7551,103.6861,102.6172,101.5483,100.4793,99.4104,98.3415,97.2726,96.2036,95.1347,94.0658,92.9968,91.9279,90.859,89.7901,88.7211,87.6522,86.5833,85.5143,84.4454,83.3765,82.3075,81.2386,80.1697,False,False,False,False,False,False,False,False,False,False,False,False,False,False,False,False,False,False,False,False,False,False,False,False,False
MGK,2018-01-04 05:00:00+00:00,108.28751754418656,108.38238863739387,108.05033619206802,108.12623596191406,210200,2018,1,1,Thursday,108.2116,107.86060333251952,0.25,0.4,0.18,0.25,-0.18,0,0.0,106.782,105.7034,104.6248,103.5462,102.4676,101.389,100.3104,99.2318,98.1531,97.0745,95.9959,94.9173,93.8387,92.7601,91.6815,90.6029,89.5243,88.4457,87.3671,86.2885,85.2099,84.1313,83.0527,81.9741,80.8955,False,False,False,False,False,False,False,False,False,False,False,False,False,False,False,False,False,False,False,False,False,False,False,False,False
MGK,2018-01-05 05:00:00+00:00,108.53421766207413,109.15089079275114,108.3634467526282,109.08448028564452,216600,2018,1,1,Friday,108.7833,108.12623596191406,0.89,0.38,0.22,0.89,-0.22,0,0.0,107.045,105.9637,104.8824,103.8012,102.7199,101.6387,100.5574,99.4761,98.3949,97.3136,96.2324,95.1511,94.0698,92.9886,91.9073,90.826,89.7448,88.6635,87.5823,86.501,85.4197,84.3385,83.2572,82.1759,81.0947,False,False,False,False,False,False,False,False,False,False,False,False,False,False,False,False,False,False,False,False,False,False,False,False,False
MGK,2018-01-08 05:00:00+00:00,109.10345153359629,109.50191457594173,109.02755174318696,109.40704345703124,213900,2018,1,2,Monday,109.26,109.08448028564452,0.3,0.02,-0.05,0.3,0.05,0,0.0,107.9936,106.9028,105.8119,104.7211,103.6303,102.5394,101.4486,100.3577,99.2669,98.176,97.0852,95.9943,94.9035,93.8127,92.7218,91.631,90.5401,89.4493,88.3584,87.2676,86.1767,85.0859,83.995,82.9042,81.8134,False,False,False,False,False,False,False,False,False,False,False,False,False,False,False,False,False,False,False,False,False,False,False,False,False
MGK,2018-01-09 05:00:00+00:00,109.67270104661584,109.90988249664666,109.38808764950087,109.72962951660156,171700,2018,1,2,Tuesday,109.6751,109.40704345703124,0.29,0.24,-0.02,0.29,0.02,0,0.0,108.313,107.2189,106.1248,105.0308,103.9367,102.8426,101.7486,100.6545,99.5604,98.4663,97.3723,96.2782,95.1841,94.0901,92.996,91.9019,90.8078,89.7138,88.6197,87.5256,86.4316,85.3375,84.2434,83.1494,82.0553,False,False,False,False,False,False,False,False,False,False,False,False,False,False,False,False,False,False,False,False,False,False,False,False,False
MGK,2018-01-10 05:00:00+00:00,109.30267455908908,109.54934523964543,108.85677237284548,109.53985595703124,237500,2018,1,2,Wednesday,109.3122,109.72962951660156,-0.17,-0.39,-0.8,-0.17,0.8,0,0.0,108.6323,107.535,106.4377,105.3404,104.2431,103.1459,102.0486,100.9513,99.854,98.7567,97.6594,96.5621,95.4648,94.3675,93.2702,92.1729,91.0756,89.9783,88.881,87.7837,86.6864,85.5891,84.4918,83.3945,82.2972,False,False,False,False,False,False,False,False,False,False,False,False,False,False,False,False,False,False,False,False,False,False,False,False,False
MGK,2018-01-11 05:00:00+00:00,109.7960136524407,110.30831909179688,109.67267469560908,110.30831909179688,161200,2018,1,2,Thursday,110.0213,109.53985595703124,0.7,0.23,0.12,0.7,-0.12,0,0.0,108.4445,107.3491,106.2537,105.1583,104.0629,102.9675,101.8721,100.7767,99.6813,98.5859,97.4905,96.3951,95.2997,94.2043,93.1089,92.0135,90.9181,89.8227,88.7273,87.6319,86.5365,85.4411,84.3457,83.2503,82.1549,False,False,False,False,False,False,False,False,False,False,False,False,False,False,False,False,False,False,False,False,False,False,False,False,False
MGK,2018-01-12 05:00:00+00:00,110.31778926176356,111.02933331761932,110.21342888784868,110.972412109375,310900,2018,1,2,Friday,110.6332,110.30831909179688,0.6,0.01,-0.09,0.6,0.09,0,0.0,109.2052,108.1022,106.9991,105.896,104.7929,103.6898,102.5867,101.4837,100.3806,99.2775,98.1744,97.0713,95.9682,94.8652,93.7621,92.659,91.5559,90.4528,89.3497,88.2467,87.1436,86.0405,84.9374,83.8343,82.7312,False,False,False,False,False,False,False,False,False,False,False,False,False,False,False,False,False,False,False,False,False,False,False,False,False
MGK,2018-01-16 05:00:00+00:00,111.68398226442228,111.968595610355,110.35576493546316,110.6688461303711,245000,2018,1,3,Tuesday,111.1693,110.972412109375,-0.27,0.64,-0.56,-0.27,0.56,0,0.0,109.8627,108.753,107.6432,106.5335,105.4238,104.3141,103.2043,102.0946,100.9849,99.8752,98.7654,97.6557,96.546,95.4363,94.3266,93.2168,92.1071,90.9974,89.8877,88.7779,87.6682,86.5585,85.4488,84.339,83.2293,False,False,False,False,False,False,False,False,False,False,False,False,False,False,False,False,False,False,False,False,False,False,False,False,False
MGK,2018-01-17 05:00:00+00:00,111.20013450673544,111.94013936852538,110.71628239010266,111.84526824951172,159700,2018,1,3,Wednesday,111.4255,110.6688461303711,1.06,0.48,0.04,1.06,-0.04,0,0.0,109.5622,108.4555,107.3488,106.2421,105.1354,104.0287,102.922,101.8153,100.7086,99.602,98.4953,97.3886,96.2819,95.1752,94.0685,92.9618,91.8551,90.7485,89.6418,88.5351,87.4284,86.3217,85.215,84.1083,83.0016,False,False,False,False,False,False,False,False,False,False,False,False,False,False,False,False,False,False,False,False,False,False,False,False,False
MGK,2018-01-18 05:00:00+00:00,111.8263101044285,111.9970810340666,111.40886844571244,111.7409210205078,160600,2018,1,3,Thursday,111.7433,111.84526824951172,-0.09,-0.02,-0.39,-0.09,0.39,0,0.0,110.7268,109.6084,108.4899,107.3715,106.253,105.1346,104.0161,102.8976,101.7792,100.6607,99.5423,98.4238,97.3054,96.1869,95.0685,93.95,92.8316,91.7131,90.5947,89.4762,88.3578,87.2393,86.1209,85.0024,83.884,False,False,False,False,False,False,False,False,False,False,False,False,False,False,False,False,False,False,False,False,False,False,False,False,False
MGK,2018-01-19 05:00:00+00:00,112.12040067329764,112.35758209228516,111.81680874652176,112.35758209228516,165400,2018,1,3,Friday,112.1631,111.7409210205078,0.55,0.34,0.07,0.55,-0.07,0,0.0,110.6235,109.5061,108.3887,107.2713,106.1539,105.0365,103.9191,102.8016,101.6842,100.5668,99.4494,98.332,97.2146,96.0972,94.9798,93.8624,92.745,91.6276,90.5101,89.3927,88.2753,87.1579,86.0405,84.9231,83.8057,False,False,False,False,False,False,False,False,False,False,False,False,False,False,False,False,False,False,False,False,False,False,False,False,False
MGK,2018-01-22 05:00:00+00:00,112.31963861587148,113.31580352783205,112.26271738828616,113.31580352783205,167400,2018,1,4,Monday,112.8035,112.35758209228516,0.85,-0.03,-0.08,0.85,0.08,0,0.0,111.234,110.1104,108.9869,107.8633,106.7397,105.6161,104.4926,103.369,102.2454,101.1218,99.9982,98.8747,97.7511,96.6275,95.5039,94.3804,93.2568,92.1332,91.0096,89.8861,88.7625,87.6389,86.5153,85.3918,84.2682,False,False,False,False,False,False,False,False,False,False,False,False,False,False,False,False,False,False,False,False,False,False,False,False,False
MGK,2018-01-23 05:00:00+00:00,113.48656072623773,114.07476597536927,113.48656072623773,113.97040557861328,250900,2018,1,4,Tuesday,113.7546,113.31580352783205,0.58,0.15,0.15,0.58,-0.15,0,0.0,112.1826,111.0495,109.9163,108.7832,107.65,106.5169,105.3837,104.2505,103.1174,101.9842,100.8511,99.7179,98.5847,97.4516,96.3184,95.1853,94.0521,92.919,91.7858,90.6526,89.5195,88.3863,87.2532,86.12,84.9869,False,False,False,False,False,False,False,False,False,False,False,False,False,False,False,False,False,False,False,False,False,False,False,False,False
MGK,2018-01-24 05:00:00+00:00,114.21706356795802,114.3214239531124,112.99320679149407,113.57192993164062,262700,2018,1,4,Wednesday,113.7759,113.97040557861328,-0.35,0.22,-0.86,-0.35,0.86,0,0.0,112.8307,111.691,110.5513,109.4116,108.2719,107.1322,105.9925,104.8528,103.7131,102.5734,101.4337,100.294,99.1543,98.0145,96.8748,95.7351,94.5954,93.4557,92.316,91.1763,90.0366,88.8969,87.7572,86.6175,85.4778,False,False,False,False,False,False,False,False,False,False,False,False,False,False,False,False,False,False,False,False,False,False,False,False,False
MGK,2018-01-25 05:00:00+00:00,114.1032164636574,114.27398734881795,113.13551960654834,113.44860076904295,152000,2018,1,4,Thursday,113.7403,113.57192993164062,-0.11,0.47,-0.38,-0.11,0.38,0,0.0,112.4362,111.3005,110.1648,109.0291,107.8933,106.7576,105.6219,104.4862,103.3505,102.2147,101.079,99.9433,98.8076,97.6719,96.5361,95.4004,94.2647,93.129,91.9933,90.8575,89.7218,88.5861,87.4504,86.3147,85.1789,False,False,False,False,False,False,False,False,False,False,False,False,False,False,False,False,False,False,False,False,False,False,False,False,False
MGK,2018-01-26 05:00:00+00:00,113.95143277188876,114.88117980957033,113.7142513711044,114.88117980957033,169700,2018,1,4,Friday,114.357,113.44860076904295,1.26,0.44,0.23,1.26,-0.23,0,0.0,112.3141,111.1796,110.0451,108.9107,107.7762,106.6417,105.5072,104.3727,103.2382,102.1037,100.9693,99.8348,98.7003,97.5658,96.4313,95.2968,94.1623,93.0279,91.8934,90.7589,89.6244,88.4899,87.3554,86.2209,85.0865,False,False,False,False,False,False,False,False,False,False,False,False,False,False,False,False,False,False,False,False,False,False,False,False,False
MGK,2018-01-29 05:00:00+00:00,114.59655771093762,114.73886798816936,113.92296345278884,114.04629516601562,193300,2018,1,5,Monday,114.3262,114.88117980957033,-0.73,-0.25,-0.83,-0.73,0.83,0,0.0,113.7324,112.5836,111.4347,110.2859,109.1371,107.9883,106.8395,105.6907,104.5419,103.3931,102.2443,101.0954,99.9466,98.7978,97.649,96.5002,95.3514,94.2026,93.0538,91.9049,90.7561,89.6073,88.4585,87.3097,86.1609,False,False,False,False,False,False,False,False,False,False,False,False,False,False,False,False,False,False,False,False,False,False,False,False,False
MGK,2018-01-30 05:00:00+00:00,113.0691023908035,113.5339758468193,112.61371097803224,113.04064178466795,305700,2018,1,5,Tuesday,113.0644,114.04629516601562,-0.88,-0.86,-1.26,-0.88,1.26,1,112.9058,112.9058,111.7654,110.6249,109.4844,108.344,107.2035,106.0631,104.9226,103.7821,102.6417,101.5012,100.3607,99.2203,98.0798,96.9394,95.7989,94.6584,93.518,92.3775,91.237,90.0966,88.9561,87.8156,86.6752,85.5347,True,False,False,False,False,False,False,False,False,False,False,False,False,False,False,False,False,False,False,False,False,False,False,False,False
MGK,2018-01-31 05:00:00+00:00,113.73322729583172,113.97989798931522,112.89835133707506,113.39168548583984,177400,2018,1,5,Wednesday,113.5008,113.04064178466795,0.31,0.61,-0.13,0.31,0.13,0,0.0,111.9102,110.7798,109.6494,108.519,107.3886,106.2582,105.1278,103.9974,102.867,101.7366,100.6062,99.4758,98.3454,97.215,96.0845,94.9541,93.8237,92.6933,91.5629,90.4325,89.3021,88.1717,87.0413,85.9109,84.7805,False,False,False,False,False,False,False,False,False,False,False,False,False,False,False,False,False,False,False,False,False,False,False,False,False
MGK,2018-02-01 05:00:00+00:00,112.89834851706048,113.6098927304033,112.52834610517836,112.82244873046876,134800,2018,2,5,Thursday,112.9648,113.39168548583984,-0.5,-0.44,-0.76,-0.5,0.76,0,0.0,112.2578,111.1239,109.9899,108.856,107.7221,106.5882,105.4543,104.3204,103.1864,102.0525,100.9186,99.7847,98.6508,97.5168,96.3829,95.249,94.1151,92.9812,91.8473,90.7133,89.5794,88.4455,87.3116,86.1777,85.0438,False,False,False,False,False,False,False,False,False,False,False,False,False,False,False,False,False,False,False,False,False,False,False,False,False
MGK,2018-02-02 05:00:00+00:00,112.2437136239659,112.53782345627543,110.54549407958984,110.54549407958984,294800,2018,2,5,Friday,111.4681,112.82244873046876,-2.02,-0.51,-2.02,-2.02,2.02,2,222.2602,111.6942,110.566,109.4378,108.3096,107.1813,106.0531,104.9249,103.7967,102.6684,101.5402,100.412,99.2838,98.1555,97.0273,95.8991,94.7709,93.6426,92.5144,91.3862,90.258,89.1297,88.0015,86.8733,85.7451,84.6168,True,True,False,False,False,False,False,False,False,False,False,False,False,False,False,False,False,False,False,False,False,False,False,False,False
MGK,2018-02-05 05:00:00+00:00,109.58730021951403,111.00089939017955,106.04855041312074,106.3047103881836,762100,2018,2,6,Monday,108.2354,110.54549407958984,-3.84,-0.87,-4.07,-3.84,4.07,4,431.1274,109.44,108.3346,107.2291,106.1237,105.0182,103.9128,102.8073,101.7019,100.5964,99.4909,98.3855,97.28,96.1746,95.0691,93.9637,92.8582,91.7528,90.6473,89.5419,88.4364,87.3309,86.2255,85.12,84.0146,82.9091,True,True,True,True,False,False,False,False,False,False,False,False,False,False,False,False,False,False,False,False,False,False,False,False,False
MGK,2018-02-06 05:00:00+00:00,104.17956934414237,108.80935550562042,103.8854666861872,108.6196060180664,621700,2018,2,6,Tuesday,106.3735,106.3047103881836,2.18,-2.0,-2.28,2.18,2.28,2,209.4203,105.2417,104.1786,103.1156,102.0525,100.9895,99.9264,98.8634,97.8003,96.7373,95.6742,94.6112,93.5481,92.4851,91.4221,90.359,89.296,88.2329,87.1699,86.1068,85.0438,83.9807,82.9177,81.8546,80.7916,79.7285,True,True,False,False,False,False,False,False,False,False,False,False,False,False,False,False,False,False,False,False,False,False,False,False,False
MGK,2018-02-07 05:00:00+00:00,108.57214873910576,109.75805561632178,107.8226547241211,107.8226547241211,389700,2018,2,6,Wednesday,108.4939,108.6196060180664,-0.73,-0.04,-0.73,-0.73,0.73,0,0.0,107.5334,106.4472,105.361,104.2748,103.1886,102.1024,101.0162,99.93,98.8438,97.7576,96.6714,95.5853,94.4991,93.4129,92.3267,91.2405,90.1543,89.0681,87.9819,86.8957,85.8095,84.7233,83.6371,82.5509,81.4647,False,False,False,False,False,False,False,False,False,False,False,False,False,False,False,False,False,False,False,False,False,False,False,False,False
MGK,2018-02-08 05:00:00+00:00,107.99343370181444,108.04086563753908,103.5059585571289,103.5059585571289,387100,2018,2,6,Thursday,105.7616,107.8226547241211,-4.0,0.16,-4.0,-4.0,4.0,4,420.5084,106.7444,105.6662,104.588,103.5097,102.4315,101.3533,100.2751,99.1968,98.1186,97.0404,95.9622,94.8839,93.8057,92.7275,91.6493,90.571,89.4928,88.4146,87.3364,86.2581,85.1799,84.1017,83.0234,81.9452,80.867,True,True,True,True,False,False,False,False,False,False,False,False,False,False,False,False,False,False,False,False,False,False,False,False,False
MGK,2018-02-09 05:00:00+00:00,104.75826597209732,105.82084111755609,101.41875546068576,105.05237579345705,623600,2018,2,6,Friday,104.2626,103.5059585571289,1.49,1.21,-2.02,1.49,2.02,2,203.9067,102.4709,101.4358,100.4008,99.3657,98.3307,97.2956,96.2605,95.2255,94.1904,93.1554,92.1203,91.0852,90.0502,89.0151,87.9801,86.945,85.9099,84.8749,83.8398,82.8048,81.7697,80.7346,79.6996,78.6645,77.6295,True,True,False,False,False,False,False,False,False,False,False,False,False,False,False,False,False,False,False,False,False,False,False,False,False
MGK,2018-02-12 05:00:00+00:00,106.11497090148214,107.40523846663407,105.27060558522572,106.77908325195312,275500,2018,2,7,Monday,106.3925,105.05237579345705,1.64,1.01,0.21,1.64,-0.21,0,0.0,104.0019,102.9513,101.9008,100.8503,99.7998,98.7492,97.6987,96.6482,95.5977,94.5471,93.4966,92.4461,91.3956,90.345,89.2945,88.244,87.1935,86.1429,85.0924,84.0419,82.9914,81.9409,80.8903,79.8398,78.7893,False,False,False,False,False,False,False,False,False,False,False,False,False,False,False,False,False,False,False,False,False,False,False,False,False
MGK,2018-02-13 05:00:00+00:00,106.27623689880352,107.31984083337473,106.16239446099706,107.05419158935548,374500,2018,2,7,Tuesday,106.7032,106.77908325195312,0.26,-0.47,-0.58,0.26,0.58,0,0.0,105.7113,104.6435,103.5757,102.5079,101.4401,100.3723,99.3045,98.2368,97.169,96.1012,95.0334,93.9656,92.8978,91.83,90.7622,89.6944,88.6266,87.5588,86.4911,85.4233,84.3555,83.2877,82.2199,81.1521,80.0843,False,False,False,False,False,False,False,False,False,False,False,False,False,False,False,False,False,False,False,False,False,False,False,False,False
MGK,2018-02-14 05:00:00+00:00,106.49443707731292,108.8093296070664,106.49443707731292,108.64804077148438,283500,2018,2,7,Wednesday,107.6116,107.05419158935548,1.49,-0.52,-0.52,1.49,0.52,0,0.0,105.9836,104.9131,103.8426,102.772,101.7015,100.6309,99.5604,98.4899,97.4193,96.3488,95.2782,94.2077,93.1371,92.0666,90.9961,89.9255,88.855,87.7844,86.7139,85.6434,84.5728,83.5023,82.4317,81.3612,80.2906,False,False,False,False,False,False,False,False,False,False,False,False,False,False,False,False,False,False,False,False,False,False,False,False,False
MGK,2018-02-15 05:00:00+00:00,109.57781156012,110.35576629638672,108.4203651197276,110.35576629638672,239200,2018,2,7,Thursday,109.6774,108.64804077148438,1.57,0.86,-0.21,1.57,0.21,0,0.0,107.5616,106.4751,105.3886,104.3021,103.2156,102.1292,101.0427,99.9562,98.8697,97.7832,96.6968,95.6103,94.5238,93.4373,92.3508,91.2644,90.1779,89.0914,88.0049,86.9184,85.832,84.7455,83.659,82.5725,81.486,False,False,False,False,False,False,False,False,False,False,False,False,False,False,False,False,False,False,False,False,False,False,False,False,False
MGK,2018-02-16 05:00:00+00:00,110.09013148864888,111.12423903099436,110.03321026267102,110.26090240478516,210300,2018,2,7,Friday,110.3771,110.35576629638672,-0.09,-0.24,-0.29,-0.09,0.29,0,0.0,109.2522,108.1487,107.0451,105.9415,104.838,103.7344,102.6309,101.5273,100.4237,99.3202,98.2166,97.1131,96.0095,94.906,93.8024,92.6988,91.5953,90.4917,89.3882,88.2846,87.1811,86.0775,84.9739,83.8704,82.7668,False,False,False,False,False,False,False,False,False,False,False,False,False,False,False,False,False,False,False,False,False,False,False,False,False
MGK,2018-02-20 05:00:00+00:00,109.90036941198156,110.87756285457898,109.482935072305,109.8624267578125,166000,2018,2,8,Tuesday,110.0308,110.26090240478516,-0.36,-0.33,-0.71,-0.36,0.71,0,0.0,109.1583,108.0557,106.9531,105.8505,104.7479,103.6452,102.5426,101.44,100.3374,99.2348,98.1322,97.0296,95.927,94.8244,93.7218,92.6192,91.5165,90.4139,89.3113,88.2087,87.1061,86.0035,84.9009,83.7983,82.6957,False,False,False,False,False,False,False,False,False,False,False,False,False,False,False,False,False,False,False,False,False,False,False,False,False
MGK,2018-02-21 05:00:00+00:00,110.19448490623402,111.35193134905995,109.4734513906994,109.48294067382812,140000,2018,2,8,Wednesday,110.1257,109.8624267578125,-0.35,0.3,-0.35,-0.35,0.35,0,0.0,108.7638,107.6652,106.5666,105.4679,104.3693,103.2707,102.1721,101.0734,99.9748,98.8762,97.7776,96.6789,95.5803,94.4817,93.3831,92.2844,91.1858,90.0872,88.9886,87.8899,86.7913,85.6927,84.5941,83.4954,82.3968,False,False,False,False,False,False,False,False,False,False,False,False,False,False,False,False,False,False,False,False,False,False,False,False,False
MGK,2018-02-22 05:00:00+00:00,109.96678762813536,110.54550358424126,109.38806443382758,109.68216705322266,102700,2018,2,8,Thursday,109.8956,109.48294067382812,0.18,0.44,-0.09,0.18,0.09,0,0.0,108.3881,107.2933,106.1985,105.1036,104.0088,102.914,101.8191,100.7243,99.6295,98.5346,97.4398,96.345,95.2502,94.1553,93.0605,91.9657,90.8708,89.776,88.6812,87.5864,86.4915,85.3967,84.3019,83.207,82.1122,False,False,False,False,False,False,False,False,False,False,False,False,False,False,False,False,False,False,False,False,False,False,False,False,False
MGK,2018-02-23 05:00:00+00:00,110.26090280874276,111.5511703491211,110.09962117574617,111.5511703491211,206600,2018,2,8,Friday,110.8657,109.68216705322266,1.7,0.53,0.38,1.7,-0.38,0,0.0,108.5853,107.4885,106.3917,105.2949,104.1981,103.1012,102.0044,100.9076,99.8108,98.714,97.6171,96.5203,95.4235,94.3267,93.2298,92.133,91.0362,89.9394,88.8426,87.7457,86.6489,85.5521,84.4553,83.3584,82.2616,False,False,False,False,False,False,False,False,False,False,False,False,False,False,False,False,False,False,False,False,False,False,False,False,False
MGK,2018-02-26 05:00:00+00:00,112.04450031203936,112.86040496826172,111.86424735650355,112.86040496826172,218600,2018,2,9,Monday,112.4074,111.5511703491211,1.17,0.44,0.28,1.17,-0.28,0,0.0,110.4357,109.3201,108.2046,107.0891,105.9736,104.8581,103.7426,102.6271,101.5116,100.3961,99.2805,98.165,97.0495,95.934,94.8185,93.703,92.5875,91.472,90.3564,89.2409,88.1254,87.0099,85.8944,84.7789,83.6634,False,False,False,False,False,False,False,False,False,False,False,False,False,False,False,False,False,False,False,False,False,False,False,False,False
MGK,2018-02-27 05:00:00+00:00,112.81296792648789,112.94578893538308,111.20961929856414,111.21910858154295,487100,2018,2,9,Tuesday,112.0469,112.86040496826172,-1.45,-0.04,-1.46,-1.45,1.46,1,111.7318,111.7318,110.6032,109.4746,108.346,107.2174,106.0888,104.9602,103.8316,102.703,101.5744,100.4458,99.3172,98.1886,97.0599,95.9313,94.8027,93.6741,92.5455,91.4169,90.2883,89.1597,88.0311,86.9025,85.7739,84.6453,True,False,False,False,False,False,False,False,False,False,False,False,False,False,False,False,False,False,False,False,False,False,False,False,False
MGK,2018-02-28 05:00:00+00:00,111.66499653269534,111.99705627227785,110.21344757080078,110.21344757080078,174300,2018,2,9,Wednesday,111.0222,111.21910858154295,-0.9,0.4,-0.9,-0.9,0.9,0,0.0,110.1069,108.9947,107.8825,106.7703,105.6582,104.546,103.4338,102.3216,101.2094,100.0972,98.985,97.8728,96.7606,95.6484,94.5362,93.4241,92.3119,91.1997,90.0875,88.9753,87.8631,86.7509,85.6387,84.5265,83.4143,False,False,False,False,False,False,False,False,False,False,False,False,False,False,False,False,False,False,False,False,False,False,False,False,False
MGK,2018-03-01 05:00:00+00:00,110.33679070962516,110.78268566369496,107.76573795155626,108.62908172607422,208400,2018,3,9,Thursday,109.3786,110.21344757080078,-1.44,0.11,-2.22,-1.44,2.22,2,217.1205,109.1113,108.0092,106.907,105.8049,104.7028,103.6006,102.4985,101.3964,100.2942,99.1921,98.09,96.9878,95.8857,94.7836,93.6814,92.5793,91.4772,90.375,89.2729,88.1708,87.0686,85.9665,84.8644,83.7622,82.6601,True,True,False,False,False,False,False,False,False,False,False,False,False,False,False,False,False,False,False,False,False,False,False,False,False
MGK,2018-03-02 05:00:00+00:00,107.5285622717566,109.43550286515212,107.1111279055016,109.16986083984376,183900,2018,3,9,Friday,108.3113,108.62908172607422,0.5,-1.01,-1.4,0.5,1.4,1,107.5428,107.5428,106.4565,105.3702,104.2839,103.1976,102.1113,101.025,99.9388,98.8525,97.7662,96.6799,95.5936,94.5073,93.421,92.3347,91.2484,90.1621,89.0758,87.9896,86.9033,85.817,84.7307,83.6444,82.5581,81.4718,True,False,False,False,False,False,False,False,False,False,False,False,False,False,False,False,False,False,False,False,False,False,False,False,False
MGK,2018-03-05 05:00:00+00:00,108.6195895306922,110.65935097351452,108.51522913792908,110.45063018798828,176400,2018,3,10,Monday,109.5612,109.16986083984376,1.17,-0.5,-0.6,1.17,0.6,0,0.0,108.0782,106.9865,105.8948,104.8031,103.7114,102.6197,101.528,100.4363,99.3446,98.2529,97.1612,96.0695,94.9778,93.8861,92.7944,91.7027,90.611,89.5193,88.4276,87.3359,86.2442,85.1525,84.0608,82.9691,81.8774,False,False,False,False,False,False,False,False,False,False,False,False,False,False,False,False,False,False,False,False,False,False,False,False,False
MGK,2018-03-06 05:00:00+00:00,111.00089648486248,111.00089648486248,110.20397044597478,110.83961486816406,120300,2018,3,10,Tuesday,110.7613,110.45063018798828,0.35,0.5,-0.22,0.35,0.22,0,0.0,109.3461,108.2416,107.1371,106.0326,104.9281,103.8236,102.7191,101.6146,100.5101,99.4056,98.3011,97.1966,96.092,94.9875,93.883,92.7785,91.674,90.5695,89.465,88.3605,87.256,86.1515,85.047,83.9425,82.838,False,False,False,False,False,False,False,False,False,False,False,False,False,False,False,False,False,False,False,False,False,False,False,False,False
MGK,2018-03-07 05:00:00+00:00,109.7391068469764,111.10527425666704,109.72962480088914,110.9439926147461,269100,2018,3,10,Wednesday,110.3795,110.83961486816406,0.09,-0.99,-1.0,0.09,1.0,1,109.7312,109.7312,108.6228,107.5144,106.406,105.2976,104.1892,103.0808,101.9724,100.864,99.7557,98.6473,97.5389,96.4305,95.3221,94.2137,93.1053,91.9969,90.8885,89.7801,88.6717,87.5633,86.4549,85.3465,84.2381,83.1297,True,False,False,False,False,False,False,False,False,False,False,False,False,False,False,False,False,False,False,False,False,False,False,False,False
MGK,2018-03-08 05:00:00+00:00,111.29499890642228,111.72192977351185,111.10525667985048,111.71244049072266,239300,2018,3,10,Thursday,111.4587,110.9439926147461,0.69,0.32,0.15,0.69,-0.15,0,0.0,109.8346,108.7251,107.6157,106.5062,105.3968,104.2874,103.1779,102.0685,100.959,99.8496,98.7402,97.6307,96.5213,95.4118,94.3024,93.193,92.0835,90.9741,89.8646,88.7552,87.6458,86.5363,85.4269,84.3174,83.208,False,False,False,False,False,False,False,False,False,False,False,False,False,False,False,False,False,False,False,False,False,False,False,False,False
MGK,2018-03-09 05:00:00+00:00,112.36705967378585,113.66680908203124,112.24372071630732,113.66680908203124,176700,2018,3,10,Friday,112.9861,111.71244049072266,1.75,0.59,0.48,1.75,-0.48,0,0.0,110.5953,109.4782,108.3611,107.2439,106.1268,105.0097,103.8926,102.7754,101.6583,100.5412,99.4241,98.3069,97.1898,96.0727,94.9556,93.8385,92.7213,91.6042,90.4871,89.37,88.2528,87.1357,86.0186,84.9015,83.7843,False,False,False,False,False,False,False,False,False,False,False,False,False,False,False,False,False,False,False,False,False,False,False,False,False
MGK,2018-03-12 04:00:00+00:00,113.9134988193792,114.27401199326624,113.6478567714411,113.78067779541016,182400,2018,3,11,Monday,113.904,113.66680908203124,0.1,0.22,-0.02,0.1,0.02,0,0.0,112.5301,111.3935,110.2568,109.1201,107.9835,106.8468,105.7101,104.5735,103.4368,102.3001,101.1635,100.0268,98.8901,97.7535,96.6168,95.4801,94.3435,93.2068,92.0701,90.9334,89.7968,88.6601,87.5234,86.3868,85.2501,False,False,False,False,False,False,False,False,False,False,False,False,False,False,False,False,False,False,False,False,False,False,False,False,False
MGK,2018-03-13 04:00:00+00:00,114.4162938293919,114.65347520434428,112.72756359784309,113.0121841430664,158200,2018,3,11,Tuesday,113.7024,113.78067779541016,-0.68,0.56,-0.93,-0.68,0.93,0,0.0,112.6429,111.5051,110.3673,109.2295,108.0916,106.9538,105.816,104.6782,103.5404,102.4026,101.2648,100.127,98.9892,97.8514,96.7136,95.5758,94.438,93.3002,92.1623,91.0245,89.8867,88.7489,87.6111,86.4733,85.3355,False,False,False,False,False,False,False,False,False,False,False,False,False,False,False,False,False,False,False,False,False,False,False,False,False
MGK,2018-03-14 04:00:00+00:00,113.40118348801217,113.42964410133268,112.32912603645634,112.6611785888672,106700,2018,3,11,Wednesday,112.9553,113.0121841430664,-0.31,0.34,-0.6,-0.31,0.6,0,0.0,111.8821,110.7519,109.6218,108.4917,107.3616,106.2315,105.1013,103.9712,102.8411,101.711,100.5808,99.4507,98.3206,97.1905,96.0604,94.9302,93.8001,92.67,91.5399,90.4097,89.2796,88.1495,87.0194,85.8893,84.7591,False,False,False,False,False,False,False,False,False,False,False,False,False,False,False,False,False,False,False,False,False,False,False,False,False
MGK,2018-03-15 04:00:00+00:00,112.87935896956954,113.1829508287314,112.18678619556232,112.52832794189452,319600,2018,3,11,Thursday,112.6944,112.6611785888672,-0.12,0.19,-0.42,-0.12,0.42,0,0.0,111.5346,110.408,109.2813,108.1547,107.0281,105.9015,104.7749,103.6483,102.5217,101.3951,100.2684,99.1418,98.0152,96.8886,95.762,94.6354,93.5088,92.3822,91.2556,90.1289,89.0023,87.8757,86.7491,85.6225,84.4959,False,False,False,False,False,False,False,False,False,False,False,False,False,False,False,False,False,False,False,False,False,False,False,False,False
MGK,2018-03-16 04:00:00+00:00,112.6991039448308,112.87936410754467,112.37653350830078,112.37653350830078,122400,2018,3,11,Friday,112.5829,112.52832794189452,-0.13,0.15,-0.13,-0.13,0.13,0,0.0,111.403,110.2778,109.1525,108.0272,106.9019,105.7766,104.6513,103.5261,102.4008,101.2755,100.1502,99.0249,97.8996,96.7744,95.6491,94.5238,93.3985,92.2732,91.1479,90.0227,88.8974,87.7721,86.6468,85.5215,84.3962,False,False,False,False,False,False,False,False,False,False,False,False,False,False,False,False,False,False,False,False,False,False,False,False,False
MGK,2018-03-19 04:00:00+00:00,111.6555144195727,111.6555144195727,109.60626371825629,110.44114685058594,276600,2018,3,12,Monday,110.8396,112.37653350830078,-1.72,-0.64,-2.47,-1.72,2.47,2,221.3818,111.2528,110.129,109.0052,107.8815,106.7577,105.6339,104.5102,103.3864,102.2626,101.1389,100.0151,98.8913,97.7676,96.6438,95.5201,94.3963,93.2725,92.1488,91.025,89.9012,88.7775,87.6537,86.5299,85.4062,84.2824,True,True,False,False,False,False,False,False,False,False,False,False,False,False,False,False,False,False,False,False,False,False,False,False,False
MGK,2018-03-20 04:00:00+00:00,110.49809034973856,111.12424558704468,110.37475136857292,110.9439926147461,88700,2018,3,12,Tuesday,110.7353,110.44114685058594,0.46,0.05,-0.06,0.46,0.06,0,0.0,109.3367,108.2323,107.1279,106.0235,104.9191,103.8147,102.7103,101.6059,100.5014,99.397,98.2926,97.1882,96.0838,94.9794,93.875,92.7706,91.6662,90.5617,89.4573,88.3529,87.2485,86.1441,85.0397,83.9353,82.8309,False,False,False,False,False,False,False,False,False,False,False,False,False,False,False,False,False,False,False,False,False,False,False,False,False
MGK,2018-03-21 04:00:00+00:00,110.86806918440544,111.58910263451506,110.24190684236774,110.52652740478516,109000,2018,3,12,Wednesday,110.8064,110.9439926147461,-0.38,-0.07,-0.63,-0.38,0.63,0,0.0,109.8346,108.7251,107.6157,106.5062,105.3968,104.2874,103.1779,102.0685,100.959,99.8496,98.7402,97.6307,96.5213,95.4118,94.3024,93.193,92.0835,90.9741,89.8646,88.7552,87.6458,86.5363,85.4269,84.3174,83.208,False,False,False,False,False,False,False,False,False,False,False,False,False,False,False,False,False,False,False,False,False,False,False,False,False
MGK,2018-03-22 04:00:00+00:00,109.33608983918032,109.63085247692432,107.56754302978516,107.56754302978516,192200,2018,3,12,Thursday,108.5255,110.52652740478516,-2.68,-1.08,-2.68,-2.68,2.68,2,217.7373,109.4213,108.316,107.2107,106.1055,105.0002,103.8949,102.7897,101.6844,100.5791,99.4739,98.3686,97.2633,96.1581,95.0528,93.9475,92.8423,91.737,90.6318,89.5265,88.4212,87.316,86.2107,85.1054,84.0002,82.8949,True,True,False,False,False,False,False,False,False,False,False,False,False,False,False,False,False,False,False,False,False,False,False,False,False
MGK,2018-03-23 04:00:00+00:00,107.75769987986082,107.96688390113236,105.22848544705587,105.3140640258789,215500,2018,3,12,Friday,106.5668,107.56754302978516,-2.09,0.18,-2.17,-2.09,2.17,2,211.9081,106.4919,105.4162,104.3405,103.2648,102.1892,101.1135,100.0378,98.9621,97.8865,96.8108,95.7351,94.6594,93.5838,92.5081,91.4324,90.3567,89.2811,88.2054,87.1297,86.054,84.9784,83.9027,82.827,81.7513,80.6757,True,True,False,False,False,False,False,False,False,False,False,False,False,False,False,False,False,False,False,False,False,False,False,False,False
MGK,2018-03-26 04:00:00+00:00,106.97804693789054,108.29019170855328,105.39015292589836,108.20462036132812,505900,2018,3,13,Monday,107.2158,105.3140640258789,2.74,1.58,0.07,2.74,-0.07,0,0.0,104.2609,103.2078,102.1546,101.1015,100.0484,98.9952,97.9421,96.8889,95.8358,94.7827,93.7295,92.6764,91.6232,90.5701,89.517,88.4638,87.4107,86.3575,85.3044,84.2513,83.1981,82.145,81.0918,80.0387,78.9855,False,False,False,False,False,False,False,False,False,False,False,False,False,False,False,False,False,False,False,False,False,False,False,False,False
MGK,2018-03-27 04:00:00+00:00,108.56592615225104,108.85117846505132,104.83866892165716,105.5422821044922,252000,2018,3,13,Tuesday,106.9495,108.20462036132812,-2.46,0.33,-3.11,-2.46,3.11,3,318.1216,107.1226,106.0405,104.9585,103.8764,102.7944,101.7123,100.6303,99.5483,98.4662,97.3842,96.3021,95.2201,94.138,93.056,91.9739,90.8919,89.8098,88.7278,87.6457,86.5637,85.4817,84.3996,83.3176,82.2355,81.1535,True,True,True,False,False,False,False,False,False,False,False,False,False,False,False,False,False,False,False,False,False,False,False,False,False
MGK,2018-03-28 04:00:00+00:00,105.22850938015242,106.16983768996936,104.30620176074052,104.93375396728516,176300,2018,3,13,Wednesday,105.1596,105.5422821044922,-0.58,-0.3,-1.17,-0.58,1.17,1,104.4869,104.4869,103.4314,102.376,101.3206,100.2652,99.2097,98.1543,97.0989,96.0435,94.9881,93.9326,92.8772,91.8218,90.7664,89.7109,88.6555,87.6001,86.5447,85.4892,84.4338,83.3784,82.323,81.2676,80.2121,79.1567,True,False,False,False,False,False,False,False,False,False,False,False,False,False,False,False,False,False,False,False,False,False,False,False,False
MGK,2018-03-29 04:00:00+00:00,105.42815205445706,107.5960531032934,104.97175717889786,106.72128295898438,163800,2018,3,13,Thursday,106.1793,104.93375396728516,1.7,0.47,0.04,1.7,-0.04,0,0.0,103.8844,102.8351,101.7857,100.7364,99.6871,98.6377,97.5884,96.5391,95.4897,94.4404,93.391,92.3417,91.2924,90.243,89.1937,88.1444,87.095,86.0457,84.9963,83.947,82.8977,81.8483,80.799,79.7497,78.7003,False,False,False,False,False,False,False,False,False,False,False,False,False,False,False,False,False,False,False,False,False,False,False,False,False
MGK,2018-04-02 04:00:00+00:00,106.20783985247012,106.49309210803742,103.0415775378574,104.0779800415039,329800,2018,4,14,Monday,104.9551,106.72128295898438,-2.48,-0.48,-3.45,-2.48,3.45,3,313.7606,105.6541,104.5869,103.5196,102.4524,101.3852,100.318,99.2508,98.1836,97.1164,96.0492,94.9819,93.9147,92.8475,91.7803,90.7131,89.6459,88.5787,87.5115,86.4442,85.377,84.3098,83.2426,82.1754,81.1082,80.041,True,True,True,False,False,False,False,False,False,False,False,False,False,False,False,False,False,False,False,False,False,False,False,False,False
MGK,2018-04-03 04:00:00+00:00,104.84816573481991,105.64686781028024,103.67864728174898,105.33309173583984,170200,2018,4,14,Tuesday,104.8767,104.0779800415039,1.21,0.74,-0.38,1.21,0.38,0,0.0,103.0372,101.9964,100.9556,99.9149,98.8741,97.8333,96.7925,95.7517,94.711,93.6702,92.6294,91.5886,90.5478,89.5071,88.4663,87.4255,86.3847,85.3439,84.3032,83.2624,82.2216,81.1808,80.14,79.0993,78.0585,False,False,False,False,False,False,False,False,False,False,False,False,False,False,False,False,False,False,False,False,False,False,False,False,False
MGK,2018-04-04 04:00:00+00:00,103.42192557761656,106.8544274253835,103.16520429796944,106.58819580078124,203200,2018,4,14,Wednesday,105.0074,105.33309173583984,1.19,-1.81,-2.06,1.19,2.06,2,207.5062,104.2798,103.2264,102.1731,101.1198,100.0664,99.0131,97.9598,96.9064,95.8531,94.7998,93.7465,92.6931,91.6398,90.5865,89.5331,88.4798,87.4265,86.3731,85.3198,84.2665,83.2131,82.1598,81.1065,80.0531,78.9998,True,True,False,False,False,False,False,False,False,False,False,False,False,False,False,False,False,False,False,False,False,False,False,False,False
MGK,2018-04-05 04:00:00+00:00,107.520010968399,107.90034495985162,106.892458794362,107.45345306396484,108200,2018,4,14,Thursday,107.4416,106.58819580078124,0.81,0.87,0.29,0.81,-0.29,0,0.0,105.5223,104.4564,103.3905,102.3247,101.2588,100.1929,99.127,98.0611,96.9953,95.9294,94.8635,93.7976,92.7317,91.6658,90.6,89.5341,88.4682,87.4023,86.3364,85.2706,84.2047,83.1388,82.0729,81.007,79.9411,False,False,False,False,False,False,False,False,False,False,False,False,False,False,False,False,False,False,False,False,False,False,False,False,False
MGK,2018-04-06 04:00:00+00:00,106.39800938564476,107.18720099785612,104.40126537927672,104.99077606201172,189400,2018,4,14,Friday,105.7443,107.45345306396484,-2.29,-0.98,-2.84,-2.29,2.84,2,211.6833,106.3789,105.3044,104.2298,103.1553,102.0808,101.0062,99.9317,98.8572,97.7826,96.7081,95.6336,94.559,93.4845,92.41,91.3354,90.2609,89.1864,88.1118,87.0373,85.9628,84.8882,83.8137,82.7392,81.6646,80.5901,True,True,False,False,False,False,False,False,False,False,False,False,False,False,False,False,False,False,False,False,False,False,False,False,False
MGK,2018-04-09 04:00:00+00:00,105.77996923946463,107.04457645544124,105.2855402155708,105.3996353149414,170600,2018,4,15,Monday,105.8774,104.99077606201172,0.39,0.75,0.28,0.39,-0.28,0,0.0,103.9409,102.891,101.8411,100.7911,99.7412,98.6913,97.6414,96.5915,95.5416,94.4917,93.4418,92.3919,91.342,90.2921,89.2422,88.1923,87.1423,86.0924,85.0425,83.9926,82.9427,81.8928,80.8429,79.793,78.7431,False,False,False,False,False,False,False,False,False,False,False,False,False,False,False,False,False,False,False,False,False,False,False,False,False
MGK,2018-04-10 04:00:00+00:00,106.8354023857732,107.5865599617524,106.2934288504802,107.30130767822266,190600,2018,4,15,Tuesday,107.0042,105.3996353149414,1.8,1.36,0.85,1.8,-0.85,0,0.0,104.3456,103.2916,102.2376,101.1836,100.1297,99.0757,98.0217,96.9677,95.9137,94.8597,93.8057,92.7517,91.6977,90.6437,89.5897,88.5357,87.4817,86.4277,85.3737,84.3197,83.2657,82.2117,81.1577,80.1037,79.0497,False,False,False,False,False,False,False,False,False,False,False,False,False,False,False,False,False,False,False,False,False,False,False,False,False
MGK,2018-04-11 04:00:00+00:00,106.73081647009992,107.68164779722775,106.66425856737168,106.8924560546875,160900,2018,4,15,Wednesday,106.9923,107.30130767822266,-0.38,-0.53,-0.59,-0.38,0.59,0,0.0,106.2283,105.1553,104.0823,103.0093,101.9362,100.8632,99.7902,98.7172,97.6442,96.5712,95.4982,94.4252,93.3521,92.2791,91.2061,90.1331,89.0601,87.9871,86.9141,85.841,84.768,83.695,82.622,81.549,80.476,False,False,False,False,False,False,False,False,False,False,False,False,False,False,False,False,False,False,False,False,False,False,False,False,False
MGK,2018-04-12 04:00:00+00:00,107.5675179559474,108.03343041032824,107.37735464079248,107.62457275390624,120200,2018,4,15,Thursday,107.6507,106.8924560546875,0.68,0.63,0.45,0.68,-0.45,0,0.0,105.8235,104.7546,103.6857,102.6168,101.5478,100.4789,99.41,98.3411,97.2721,96.2032,95.1343,94.0654,92.9964,91.9275,90.8586,89.7897,88.7207,87.6518,86.5829,85.514,84.445,83.3761,82.3072,81.2383,80.1693,False,False,False,False,False,False,False,False,False,False,False,False,False,False,False,False,False,False,False,False,False,False,False,False,False
MGK,2018-04-13 04:00:00+00:00,108.29018204174665,108.29018204174665,106.98754047865827,107.45345306396484,156700,2018,4,15,Friday,107.7553,107.62457275390624,-0.16,0.62,-0.59,-0.16,0.59,0,0.0,106.5483,105.4721,104.3958,103.3196,102.2433,101.1671,100.0909,99.0146,97.9384,96.8621,95.7859,94.7096,93.6334,92.5571,91.4809,90.4046,89.3284,88.2521,87.1759,86.0997,85.0234,83.9472,82.8709,81.7947,80.7184,False,False,False,False,False,False,False,False,False,False,False,False,False,False,False,False,False,False,False,False,False,False,False,False,False
MGK,2018-04-16 04:00:00+00:00,108.12855683383908,108.4708567462447,107.71018866217253,108.17609405517578,101100,2018,4,16,Monday,108.1214,107.45345306396484,0.67,0.63,0.24,0.67,-0.24,0,0.0,106.3789,105.3044,104.2298,103.1553,102.0808,101.0062,99.9317,98.8572,97.7826,96.7081,95.6336,94.559,93.4845,92.41,91.3354,90.2609,89.1864,88.1118,87.0373,85.9628,84.8882,83.8137,82.7392,81.6646,80.5901,False,False,False,False,False,False,False,False,False,False,False,False,False,False,False,False,False,False,False,False,False,False,False,False,False
MGK,2018-04-17 04:00:00+00:00,109.06034581989282,110.2108580620012,108.9747744860304,109.92560577392578,178800,2018,4,16,Tuesday,109.5429,108.17609405517578,1.62,0.82,0.74,1.62,-0.74,0,0.0,107.0943,106.0126,104.9308,103.8491,102.7673,101.6855,100.6038,99.522,98.4402,97.3585,96.2767,95.195,94.1132,93.0314,91.9497,90.8679,89.7862,88.7044,87.6226,86.5409,85.4591,84.3774,83.2956,82.2138,81.1321,False,False,False,False,False,False,False,False,False,False,False,False,False,False,False,False,False,False,False,False,False,False,False,False,False
MGK,2018-04-18 04:00:00+00:00,110.09676262693434,110.42955214779472,109.67839451255703,110.11577606201172,110300,2018,4,16,Wednesday,110.0801,109.92560577392578,0.17,0.16,-0.22,0.17,0.22,0,0.0,108.8263,107.7271,106.6278,105.5286,104.4293,103.3301,102.2308,101.1316,100.0323,98.933,97.8338,96.7345,95.6353,94.536,93.4368,92.3375,91.2383,90.139,89.0397,87.9405,86.8412,85.742,84.6427,83.5435,82.4442,False,False,False,False,False,False,False,False,False,False,False,False,False,False,False,False,False,False,False,False,False,False,False,False,False
MGK,2018-04-19 04:00:00+00:00,109.62133706250606,109.63084740632044,108.63247167955,109.0223159790039,152400,2018,4,16,Thursday,109.2267,110.11577606201172,-0.99,-0.45,-1.35,-0.99,1.35,1,109.0146,109.0146,107.9135,106.8123,105.7111,104.61,103.5088,102.4077,101.3065,100.2054,99.1042,98.003,96.9019,95.8007,94.6996,93.5984,92.4973,91.3961,90.2949,89.1938,88.0926,86.9915,85.8903,84.7891,83.688,82.5868,True,False,False,False,False,False,False,False,False,False,False,False,False,False,False,False,False,False,False,False,False,False,False,False,False
MGK,2018-04-20 04:00:00+00:00,108.91772156994872,108.91772156994872,107.36786200422168,107.73868560791016,125100,2018,4,16,Friday,108.2355,109.0223159790039,-1.18,-0.1,-1.52,-1.18,1.52,1,107.9321,107.9321,106.8419,105.7516,104.6614,103.5712,102.481,101.3908,100.3005,99.2103,98.1201,97.0299,95.9396,94.8494,93.7592,92.669,91.5787,90.4885,89.3983,88.3081,87.2179,86.1276,85.0374,83.9472,82.857,81.7667,True,False,False,False,False,False,False,False,False,False,False,False,False,False,False,False,False,False,False,False,False,False,False,False,False
MGK,2018-04-23 04:00:00+00:00,108.04296225815663,108.2806700925087,106.96852545842164,107.49148559570312,94800,2018,4,17,Monday,107.6959,107.73868560791016,-0.23,0.28,-0.71,-0.23,0.71,0,0.0,106.6613,105.5839,104.5065,103.4291,102.3518,101.2744,100.197,99.1196,98.0422,96.9648,95.8874,94.81,93.7327,92.6553,91.5779,90.5005,89.4231,88.3457,87.2683,86.1909,85.1136,84.0362,82.9588,81.8814,80.804,False,False,False,False,False,False,False,False,False,False,False,False,False,False,False,False,False,False,False,False,False,False,False,False,False
MGK,2018-04-24 04:00:00+00:00,107.7481947541612,107.79573921739464,104.59143535895257,105.2855453491211,199000,2018,4,17,Tuesday,106.3552,107.49148559570312,-2.05,0.24,-2.7,-2.05,2.7,2,211.7582,106.4166,105.3417,104.2667,103.1918,102.1169,101.042,99.9671,98.8922,97.8173,96.7423,95.6674,94.5925,93.5176,92.4427,91.3678,90.2928,89.2179,88.143,87.0681,85.9932,84.9183,83.8434,82.7684,81.6935,80.6186,True,True,False,False,False,False,False,False,False,False,False,False,False,False,False,False,False,False,False,False,False,False,False,False,False
MGK,2018-04-25 04:00:00+00:00,105.39014751606588,105.89409424506222,104.49637094465338,105.58982849121094,136200,2018,4,17,Wednesday,105.3426,105.2855453491211,0.29,0.1,-0.75,0.29,0.75,0,0.0,104.2327,103.1798,102.127,101.0741,100.0213,98.9684,97.9156,96.8627,95.8098,94.757,93.7041,92.6513,91.5984,90.5456,89.4927,88.4399,87.387,86.3341,85.2813,84.2284,83.1756,82.1227,81.0699,80.017,78.9642,False,False,False,False,False,False,False,False,False,False,False,False,False,False,False,False,False,False,False,False,False,False,False,False,False
MGK,2018-04-26 04:00:00+00:00,106.72129651033896,107.91934590577397,106.4930990435831,107.65311431884766,90500,2018,4,17,Thursday,107.1967,105.58982849121094,1.95,1.07,0.86,1.95,-0.86,0,0.0,104.5339,103.478,102.4221,101.3662,100.3103,99.2544,98.1985,97.1426,96.0867,95.0308,93.9749,92.919,91.8632,90.8073,89.7514,88.6955,87.6396,86.5837,85.5278,84.4719,83.416,82.3601,81.3042,80.2483,79.1924,False,False,False,False,False,False,False,False,False,False,False,False,False,False,False,False,False,False,False,False,False,False,False,False,False
MGK,2018-04-27 04:00:00+00:00,108.22360873053954,108.39475863961484,107.1681855002862,107.53900909423828,70100,2018,4,17,Friday,107.8314,107.65311431884766,-0.11,0.53,-0.45,-0.11,0.45,0,0.0,106.5766,105.5001,104.4235,103.347,102.2705,101.1939,100.1174,99.0409,97.9643,96.8878,95.8113,94.7347,93.6582,92.5817,91.5051,90.4286,89.3521,88.2756,87.199,86.1225,85.046,83.9694,82.8929,81.8164,80.7398,False,False,False,False,False,False,False,False,False,False,False,False,False,False,False,False,False,False,False,False,False,False,False,False,False
MGK,2018-04-30 04:00:00+00:00,107.8718149264893,108.46133298142344,107.15869140625,107.15869140625,79300,2018,4,18,Monday,107.6626,107.53900909423828,-0.35,0.31,-0.35,-0.35,0.35,0,0.0,106.4636,105.3882,104.3128,103.2374,102.1621,101.0867,100.0113,98.9359,97.8605,96.7851,95.7097,94.6343,93.5589,92.4835,91.4082,90.3328,89.2574,88.182,87.1066,86.0312,84.9558,83.8804,82.805,81.7296,80.6543,False,False,False,False,False,False,False,False,False,False,False,False,False,False,False,False,False,False,False,False,False,False,False,False,False
MGK,2018-05-01 04:00:00+00:00,107.13015388356573,107.94786932888572,106.64523517508056,107.9288558959961,86900,2018,5,18,Tuesday,107.413,107.15869140625,0.72,-0.03,-0.48,0.72,0.48,0,0.0,106.0871,105.0155,103.9439,102.8723,101.8008,100.7292,99.6576,98.586,97.5144,96.4428,95.3712,94.2996,93.2281,92.1565,91.0849,90.0133,88.9417,87.8701,86.7985,85.727,84.6554,83.5838,82.5122,81.4406,80.369,False,False,False,False,False,False,False,False,False,False,False,False,False,False,False,False,False,False,False,False,False,False,False,False,False
MGK,2018-05-02 04:00:00+00:00,108.09050314976062,108.5944425812276,107.44393757154876,107.56754302978516,96100,2018,5,18,Wednesday,107.9241,107.9288558959961,-0.33,0.15,-0.45,-0.33,0.45,0,0.0,106.8496,105.7703,104.691,103.6117,102.5324,101.4531,100.3738,99.2945,98.2153,97.136,96.0567,94.9774,93.8981,92.8188,91.7395,90.6602,89.581,88.5017,87.4224,86.3431,85.2638,84.1845,83.1052,82.0259,80.9466,False,False,False,False,False,False,False,False,False,False,False,False,False,False,False,False,False,False,False,False,False,False,False,False,False
MGK,2018-05-03 04:00:00+00:00,107.23474339524512,107.805240674074,106.03669403171791,107.53900909423828,131600,2018,5,18,Thursday,107.1539,107.56754302978516,-0.03,-0.31,-1.42,-0.03,1.42,1,106.4919,106.4919,105.4162,104.3405,103.2648,102.1892,101.1135,100.0378,98.9621,97.8865,96.8108,95.7351,94.6594,93.5838,92.5081,91.4324,90.3567,89.2811,88.2054,87.1297,86.054,84.9784,83.9027,82.827,81.7513,80.6757,True,False,False,False,False,False,False,False,False,False,False,False,False,False,False,False,False,False,False,False,False,False,False,False,False
MGK,2018-05-04 04:00:00+00:00,107.20625593732994,109.51677686544048,107.20625593732994,109.2600555419922,138600,2018,5,18,Friday,108.2973,107.53900909423828,1.6,-0.31,-0.31,1.6,0.31,0,0.0,106.4636,105.3882,104.3128,103.2374,102.1621,101.0867,100.0113,98.9359,97.8605,96.7851,95.7097,94.6343,93.5589,92.4835,91.4082,90.3328,89.2574,88.182,87.1066,86.0312,84.9558,83.8804,82.805,81.7296,80.6543,False,False,False,False,False,False,False,False,False,False,False,False,False,False,False,False,False,False,False,False,False,False,False,False,False
MGK,2018-05-07 04:00:00+00:00,109.8115329747103,110.23941152203018,109.469233038562,109.85907745361328,162400,2018,5,19,Monday,109.8448,109.2600555419922,0.55,0.5,0.19,0.55,-0.19,0,0.0,108.1675,107.0749,105.9823,104.8897,103.7971,102.7045,101.6119,100.5193,99.4267,98.334,97.2414,96.1488,95.0562,93.9636,92.871,91.7784,90.6858,89.5932,88.5006,87.408,86.3154,85.2228,84.1302,83.0376,81.945,False,False,False,False,False,False,False,False,False,False,False,False,False,False,False,False,False,False,False,False,False,False,False,False,False
MGK,2018-05-08 04:00:00+00:00,109.61182685456818,109.93511325625592,109.1078874457845,109.8115005493164,115500,2018,5,19,Tuesday,109.6166,109.85907745361328,-0.04,-0.23,-0.68,-0.04,0.68,0,0.0,108.7605,107.6619,106.5633,105.4647,104.3661,103.2675,102.1689,101.0704,99.9718,98.8732,97.7746,96.676,95.5774,94.4788,93.3802,92.2816,91.183,90.0844,88.9859,87.8873,86.7887,85.6901,84.5915,83.4929,82.3943,False,False,False,False,False,False,False,False,False,False,False,False,False,False,False,False,False,False,False,False,False,False,False,False,False
MGK,2018-05-09 04:00:00+00:00,110.1062692724083,111.06660367830314,109.92560900103904,111.0000457763672,127500,2018,5,19,Wednesday,110.5246,109.8115005493164,1.08,0.27,0.1,1.08,-0.1,0,0.0,108.7134,107.6153,106.5172,105.419,104.3209,103.2228,102.1247,101.0266,99.9285,98.8304,97.7322,96.6341,95.536,94.4379,93.3398,92.2417,91.1435,90.0454,88.9473,87.8492,86.7511,85.653,84.5549,83.4567,82.3586,False,False,False,False,False,False,False,False,False,False,False,False,False,False,False,False,False,False,False,False,False,False,False,False,False
MGK,2018-05-10 04:00:00+00:00,111.2757903773215,112.16957415682366,111.19972212922188,112.0079345703125,126800,2018,5,19,Thursday,111.6633,111.0000457763672,0.91,0.25,0.18,0.91,-0.18,0,0.0,109.89,108.78,107.67,106.56,105.45,104.34,103.23,102.12,101.01,99.9,98.79,97.68,96.57,95.46,94.35,93.24,92.13,91.02,89.91,88.8,87.69,86.58,85.47,84.36,83.25,False,False,False,False,False,False,False,False,False,False,False,False,False,False,False,False,False,False,False,False,False,False,False,False,False
MGK,2018-05-11 04:00:00+00:00,111.99841594683186,112.38825299455782,111.7797215632781,112.11251831054688,99600,2018,5,19,Friday,112.0697,112.0079345703125,0.09,-0.01,-0.2,0.09,0.2,0,0.0,110.8879,109.7678,108.6477,107.5276,106.4075,105.2875,104.1674,103.0473,101.9272,100.8071,99.6871,98.567,97.4469,96.3268,95.2067,94.0867,92.9666,91.8465,90.7264,89.6063,88.4863,87.3662,86.2461,85.126,84.006,False,False,False,False,False,False,False,False,False,False,False,False,False,False,False,False,False,False,False,False,False,False,False,False,False
MGK,2018-05-14 04:00:00+00:00,112.45481657329358,112.7210554354098,111.9794009152012,112.15055084228516,363500,2018,5,20,Monday,112.3265,112.11251831054688,0.03,0.31,-0.12,0.03,0.12,0,0.0,110.9914,109.8703,108.7491,107.628,106.5069,105.3858,104.2646,103.1435,102.0224,100.9013,99.7801,98.659,97.5379,96.4168,95.2956,94.1745,93.0534,91.9323,90.8111,89.69,88.5689,87.4478,86.3266,85.2055,84.0844,False,False,False,False,False,False,False,False,False,False,False,False,False,False,False,False,False,False,False,False,False,False,False,False,False
MGK,2018-05-15 04:00:00+00:00,111.49448052503026,111.76071212895842,110.59118643539728,111.03807830810548,173600,2018,5,20,Tuesday,111.2211,112.15055084228516,-0.99,-0.58,-1.39,-0.99,1.39,1,111.029,111.029,109.9075,108.786,107.6645,106.543,105.4215,104.3,103.1785,102.057,100.9355,99.814,98.6925,97.571,96.4495,95.328,94.2065,93.085,91.9635,90.8419,89.7204,88.5989,87.4774,86.3559,85.2344,84.1129,True,False,False,False,False,False,False,False,False,False,False,False,False,False,False,False,False,False,False,False,False,False,False,False,False
MGK,2018-05-16 04:00:00+00:00,111.13315067293536,111.85578443322136,111.13315067293536,111.60856628417967,97600,2018,5,20,Wednesday,111.4327,111.03807830810548,0.51,0.09,0.09,0.51,-0.09,0,0.0,109.9277,108.8173,107.7069,106.5966,105.4862,104.3758,103.2654,102.155,101.0447,99.9343,98.8239,97.7135,96.6031,95.4927,94.3824,93.272,92.1616,91.0512,89.9408,88.8305,87.7201,86.6097,85.4993,84.3889,83.2786,False,False,False,False,False,False,False,False,False,False,False,False,False,False,False,False,False,False,False,False,False,False,False,False,False
MGK,2018-05-17 04:00:00+00:00,111.53250280752653,112.07447630206448,111.19020299473767,111.49446868896484,88600,2018,5,20,Thursday,111.5729,111.60856628417967,-0.1,-0.07,-0.37,-0.1,0.37,0,0.0,110.4925,109.3764,108.2603,107.1442,106.0281,104.9121,103.796,102.6799,101.5638,100.4477,99.3316,98.2155,97.0995,95.9834,94.8673,93.7512,92.6351,91.519,90.4029,89.2869,88.1708,87.0547,85.9386,84.8225,83.7064,False,False,False,False,False,False,False,False,False,False,False,False,False,False,False,False,False,False,False,False,False,False,False,False,False
MGK,2018-05-18 04:00:00+00:00,111.37088775634766,111.60859562445977,111.18072436356536,111.37088775634766,108700,2018,5,20,Friday,111.3828,111.49446868896484,-0.11,-0.11,-0.28,-0.11,0.28,0,0.0,110.3795,109.2646,108.1496,107.0347,105.9197,104.8048,103.6899,102.5749,101.46,100.345,99.2301,98.1151,97.0002,95.8852,94.7703,93.6554,92.5404,91.4255,90.3105,89.1956,88.0806,86.9657,85.8507,84.7358,83.6209,False,False,False,False,False,False,False,False,False,False,False,False,False,False,False,False,False,False,False,False,False,False,False,False,False
MGK,2018-05-21 04:00:00+00:00,112.08399804063716,112.44531859996007,111.72268473558182,112.12203216552734,89500,2018,5,21,Monday,112.0935,111.37088775634766,0.67,0.64,0.32,0.67,-0.32,0,0.0,110.2572,109.1435,108.0298,106.9161,105.8023,104.6886,103.5749,102.4612,101.3475,100.2338,99.1201,98.0064,96.8927,95.779,94.6653,93.5515,92.4378,91.3241,90.2104,89.0967,87.983,86.8693,85.7556,84.6419,83.5282,False,False,False,False,False,False,False,False,False,False,False,False,False,False,False,False,False,False,False,False,False,False,False,False,False
MGK,2018-05-22 04:00:00+00:00,112.4358196457197,112.57844581494004,111.44695406119864,111.59909057617188,84400,2018,5,21,Tuesday,112.0151,112.12203216552734,-0.47,0.28,-0.6,-0.47,0.6,0,0.0,111.0008,109.8796,108.7584,107.6372,106.5159,105.3947,104.2735,103.1523,102.031,100.9098,99.7886,98.6674,97.5462,96.4249,95.3037,94.1825,93.0613,91.9401,90.8188,89.6976,88.5764,87.4552,86.334,85.2127,84.0915,False,False,False,False,False,False,False,False,False,False,False,False,False,False,False,False,False,False,False,False,False,False,False,False,False
MGK,2018-05-23 04:00:00+00:00,111.05712195913082,112.37877716209258,110.9335092215576,112.35975646972656,126600,2018,5,21,Wednesday,111.6823,111.59909057617188,0.68,-0.49,-0.6,0.68,0.6,0,0.0,110.4831,109.3671,108.2511,107.1351,106.0191,104.9031,103.7872,102.6712,101.5552,100.4392,99.3232,98.2072,97.0912,95.9752,94.8592,93.7432,92.6272,91.5113,90.3953,89.2793,88.1633,87.0473,85.9313,84.8153,83.6993,False,False,False,False,False,False,False,False,False,False,False,False,False,False,False,False,False,False,False,False,False,False,False,False,False
MGK,2018-05-24 04:00:00+00:00,112.29319252584482,112.46434247660665,111.46597380905298,112.32171630859376,162900,2018,5,21,Thursday,112.1363,112.35975646972656,-0.03,-0.06,-0.8,-0.03,0.8,0,0.0,111.2362,110.1126,108.989,107.8654,106.7418,105.6182,104.4946,103.371,102.2474,101.1238,100.0002,98.8766,97.753,96.6294,95.5058,94.3822,93.2586,92.135,91.0114,89.8878,88.7642,87.6406,86.517,85.3934,84.2698,False,False,False,False,False,False,False,False,False,False,False,False,False,False,False,False,False,False,False,False,False,False,False,False,False
MGK,2018-05-25 04:00:00+00:00,112.2171071524216,112.4928491007158,111.96989623679272,112.18858337402344,100400,2018,5,21,Friday,112.2171,112.32171630859376,-0.12,-0.09,-0.31,-0.12,0.31,0,0.0,111.1985,110.0753,108.9521,107.8288,106.7056,105.5824,104.4592,103.336,102.2128,101.0895,99.9663,98.8431,97.7199,96.5967,95.4735,94.3502,93.227,92.1038,90.9806,89.8574,88.7342,87.6109,86.4877,85.3645,84.2413,False,False,False,False,False,False,False,False,False,False,False,False,False,False,False,False,False,False,False,False,False,False,False,False,False
MGK,2018-05-29 04:00:00+00:00,111.5515430013809,112.00794527934774,110.8098956471694,111.31383514404295,144400,2018,5,22,Tuesday,111.4208,112.18858337402344,-0.78,-0.57,-1.23,-0.78,1.23,1,111.0667,111.0667,109.9448,108.8229,107.701,106.5792,105.4573,104.3354,103.2135,102.0916,100.9697,99.8478,98.726,97.6041,96.4822,95.3603,94.2384,93.1165,91.9946,90.8728,89.7509,88.629,87.5071,86.3852,85.2633,84.1414,True,False,False,False,False,False,False,False,False,False,False,False,False,False,False,False,False,False,False,False,False,False,False,False,False
MGK,2018-05-30 04:00:00+00:00,111.85579601332832,112.68302187406968,111.70366677419923,112.49285125732422,101000,2018,5,22,Wednesday,112.1838,111.31383514404295,1.06,0.49,0.35,1.06,-0.35,0,0.0,110.2007,109.0876,107.9744,106.8613,105.7481,104.635,103.5219,102.4087,101.2956,100.1825,99.0693,97.9562,96.843,95.7299,94.6168,93.5036,92.3905,91.2773,90.1642,89.0511,87.9379,86.8248,85.7117,84.5985,83.4854,False,False,False,False,False,False,False,False,False,False,False,False,False,False,False,False,False,False,False,False,False,False,False,False,False
MGK,2018-05-31 04:00:00+00:00,112.4072991596262,112.7591021658506,111.96991754765229,112.1410675048828,125000,2018,5,22,Thursday,112.3193,112.49285125732422,-0.31,-0.08,-0.46,-0.31,0.46,0,0.0,111.3679,110.243,109.1181,107.9931,106.8682,105.7433,104.6184,103.4934,102.3685,101.2436,100.1186,98.9937,97.8688,96.7439,95.6189,94.494,93.3691,92.2441,91.1192,89.9943,88.8694,87.7444,86.6195,85.4946,84.3696,False,False,False,False,False,False,False,False,False,False,False,False,False,False,False,False,False,False,False,False,False,False,False,False,False
MGK,2018-06-01 04:00:00+00:00,112.72105575754524,113.57679814114329,112.72105575754524,113.47220611572266,129200,2018,6,22,Friday,113.1228,112.1410675048828,1.19,0.52,0.52,1.19,-0.52,0,0.0,111.0197,109.8982,108.7768,107.6554,106.534,105.4126,104.2912,103.1698,102.0484,100.927,99.8056,98.6841,97.5627,96.4413,95.3199,94.1985,93.0771,91.9557,90.8343,89.7129,88.5914,87.47,86.3486,85.2272,84.1058,False,False,False,False,False,False,False,False,False,False,False,False,False,False,False,False,False,False,False,False,False,False,False,False,False
MGK,2018-06-04 04:00:00+00:00,113.77648398810474,114.39451856851932,113.77648398810474,114.33747100830078,90000,2018,6,23,Monday,114.0712,113.47220611572266,0.76,0.27,0.27,0.76,-0.27,0,0.0,112.3375,111.2028,110.068,108.9333,107.7986,106.6639,105.5292,104.3944,103.2597,102.125,100.9903,99.8555,98.7208,97.5861,96.4514,95.3167,94.1819,93.0472,91.9125,90.7778,89.643,88.5083,87.3736,86.2389,85.1042,False,False,False,False,False,False,False,False,False,False,False,False,False,False,False,False,False,False,False,False,False,False,False,False,False
MGK,2018-06-05 04:00:00+00:00,114.44207377316228,114.78437367511738,114.28993725928524,114.62273406982422,81900,2018,6,23,Tuesday,114.5348,114.33747100830078,0.25,0.09,-0.04,0.25,0.04,0,0.0,113.1941,112.0507,110.9073,109.764,108.6206,107.4772,106.3338,105.1905,104.0471,102.9037,101.7603,100.617,99.4736,98.3302,97.1869,96.0435,94.9001,93.7567,92.6134,91.47,90.3266,89.1832,88.0399,86.8965,85.7531,False,False,False,False,False,False,False,False,False,False,False,False,False,False,False,False,False,False,False,False,False,False,False,False,False
MGK,2018-06-06 04:00:00+00:00,114.85095304668548,115.53555297851562,114.42307446215686,115.53555297851562,169100,2018,6,23,Wednesday,115.0863,114.62273406982422,0.8,0.2,-0.17,0.8,0.17,0,0.0,113.4765,112.3303,111.1841,110.0378,108.8916,107.7454,106.5991,105.4529,104.3067,103.1605,102.0142,100.868,99.7218,98.5756,97.4293,96.2831,95.1369,93.9906,92.8444,91.6982,90.552,89.4057,88.2595,87.1133,85.9671,False,False,False,False,False,False,False,False,False,False,False,False,False,False,False,False,False,False,False,False,False,False,False,False,False
MGK,2018-06-07 04:00:00+00:00,115.6305915241658,115.6305915241658,114.5466444548405,115.03157043457033,173400,2018,6,23,Thursday,115.2098,115.53555297851562,-0.44,0.08,-0.86,-0.44,0.86,0,0.0,114.3802,113.2248,112.0695,110.9141,109.7588,108.6034,107.4481,106.2927,105.1374,103.982,102.8266,101.6713,100.5159,99.3606,98.2052,97.0499,95.8945,94.7392,93.5838,92.4284,91.2731,90.1177,88.9624,87.807,86.6517,False,False,False,False,False,False,False,False,False,False,False,False,False,False,False,False,False,False,False,False,False,False,False,False,False
MGK,2018-06-08 04:00:00+00:00,114.67977977279732,115.3548692200585,114.6037115170943,115.27880096435548,104300,2018,6,23,Friday,114.9793,115.03157043457033,0.21,-0.31,-0.37,0.21,0.37,0,0.0,113.8813,112.7309,111.5806,110.4303,109.28,108.1297,106.9794,105.829,104.6787,103.5284,102.3781,101.2278,100.0775,98.9272,97.7768,96.6265,95.4762,94.3259,93.1756,92.0253,90.8749,89.7246,88.5743,87.424,86.2737,False,False,False,False,False,False,False,False,False,False,False,False,False,False,False,False,False,False,False,False,False,False,False,False,False
MGK,2018-06-11 04:00:00+00:00,115.39287499181847,115.87780093492682,115.37385430543272,115.58303833007812,90000,2018,6,24,Monday,115.5569,115.27880096435548,0.26,0.1,0.08,0.26,-0.08,0,0.0,114.126,112.9732,111.8204,110.6676,109.5149,108.3621,107.2093,106.0565,104.9037,103.7509,102.5981,101.4453,100.2926,99.1398,97.987,96.8342,95.6814,94.5286,93.3758,92.223,91.0703,89.9175,88.7647,87.6119,86.4591,False,False,False,False,False,False,False,False,False,False,False,False,False,False,False,False,False,False,False,False,False,False,False,False,False
MGK,2018-06-12 04:00:00+00:00,115.81125159676516,116.11551731301827,115.65911511150514,116.01092529296876,88000,2018,6,24,Tuesday,115.8992,115.58303833007812,0.37,0.2,0.07,0.37,-0.07,0,0.0,114.4272,113.2714,112.1155,110.9597,109.8039,108.6481,107.4922,106.3364,105.1806,104.0247,102.8689,101.7131,100.5572,99.4014,98.2456,97.0898,95.9339,94.7781,93.6223,92.4664,91.3106,90.1548,88.9989,87.8431,86.6873,False,False,False,False,False,False,False,False,False,False,False,False,False,False,False,False,False,False,False,False,False,False,False,False,False
MGK,2018-06-13 04:00:00+00:00,116.10601823421383,116.44831810499332,115.54502395822117,115.57355499267578,152200,2018,6,24,Wednesday,115.9182,116.01092529296876,-0.38,0.08,-0.4,-0.38,0.4,0,0.0,114.8508,113.6907,112.5306,111.3705,110.2104,109.0503,107.8902,106.7301,105.5699,104.4098,103.2497,102.0896,100.9295,99.7694,98.6093,97.4492,96.2891,95.129,93.9688,92.8087,91.6486,90.4885,89.3284,88.1683,87.0082,False,False,False,False,False,False,False,False,False,False,False,False,False,False,False,False,False,False,False,False,False,False,False,False,False
MGK,2018-06-14 04:00:00+00:00,116.13453221528351,116.57191373453722,116.04896088194272,116.50535583496094,120900,2018,6,24,Thursday,116.3152,115.57355499267578,0.81,0.49,0.41,0.81,-0.41,0,0.0,114.4178,113.2621,112.1063,110.9506,109.7949,108.6391,107.4834,106.3277,105.1719,104.0162,102.8605,101.7047,100.549,99.3933,98.2375,97.0818,95.9261,94.7703,93.6146,92.4588,91.3031,90.1474,88.9916,87.8359,86.6802,False,False,False,False,False,False,False,False,False,False,False,False,False,False,False,False,False,False,False,False,False,False,False,False,False
MGK,2018-06-15 04:00:00+00:00,116.14403246729228,116.41977438565334,115.8017326551383,116.39125061035156,115600,2018,6,24,Friday,116.1892,116.50535583496094,-0.1,-0.31,-0.6,-0.1,0.6,0,0.0,115.3403,114.1752,113.0102,111.8451,110.6801,109.515,108.35,107.1849,106.0199,104.8548,103.6898,102.5247,101.3597,100.1946,99.0296,97.8645,96.6994,95.5344,94.3693,93.2043,92.0392,90.8742,89.7091,88.5441,87.379,False,False,False,False,False,False,False,False,False,False,False,False,False,False,False,False,False,False,False,False,False,False,False,False,False
MGK,2018-06-18 04:00:00+00:00,115.5545495706727,116.31521766274534,115.4024203048193,116.27718353271484,93000,2018,6,25,Monday,115.8873,116.39125061035156,-0.1,-0.72,-0.85,-0.1,0.85,0,0.0,115.2273,114.0634,112.8995,111.7356,110.5717,109.4078,108.2439,107.08,105.916,104.7521,103.5882,102.4243,101.2604,100.0965,98.9326,97.7687,96.6047,95.4408,94.2769,93.113,91.9491,90.7852,89.6213,88.4574,87.2934,False,False,False,False,False,False,False,False,False,False,False,False,False,False,False,False,False,False,False,False,False,False,False,False,False
MGK,2018-06-19 04:00:00+00:00,115.06011082050377,115.65913199656556,114.61321889764442,115.61158752441406,98100,2018,6,25,Tuesday,115.236,116.27718353271484,-0.57,-1.05,-1.43,-0.57,1.43,1,115.1144,115.1144,113.9516,112.7889,111.6261,110.4633,109.3006,108.1378,106.975,105.8122,104.6495,103.4867,102.3239,101.1611,99.9984,98.8356,97.6728,96.5101,95.3473,94.1845,93.0217,91.859,90.6962,89.5334,88.3707,87.2079,True,False,False,False,False,False,False,False,False,False,False,False,False,False,False,False,False,False,False,False,False,False,False,False,False
MGK,2018-06-20 04:00:00+00:00,116.02994729153382,116.46732883754242,115.97289973248364,116.0774917602539,93800,2018,6,25,Wednesday,116.1369,115.61158752441406,0.4,0.36,0.31,0.4,-0.31,0,0.0,114.4555,113.2994,112.1432,110.9871,109.831,108.6749,107.5188,106.3627,105.2065,104.0504,102.8943,101.7382,100.5821,99.426,98.2698,97.1137,95.9576,94.8015,93.6454,92.4893,91.3332,90.177,89.0209,87.8648,86.7087,False,False,False,False,False,False,False,False,False,False,False,False,False,False,False,False,False,False,False,False,False,False,False,False,False
MGK,2018-06-21 04:00:00+00:00,116.22011491448433,116.22011491448433,115.01255508110792,115.25977325439452,86500,2018,6,25,Thursday,115.6781,116.0774917602539,-0.7,0.12,-0.92,-0.7,0.92,0,0.0,114.9167,113.7559,112.5952,111.4344,110.2736,109.1128,107.9521,106.7913,105.6305,104.4697,103.309,102.1482,100.9874,99.8266,98.6659,97.5051,96.3443,95.1835,94.0228,92.862,91.7012,90.5404,89.3797,88.2189,87.0581,False,False,False,False,False,False,False,False,False,False,False,False,False,False,False,False,False,False,False,False,False,False,False,False,False
MGK,2018-06-22 04:00:00+00:00,115.87779618885826,115.87779618885826,115.16467281819288,115.250244140625,71900,2018,6,25,Friday,115.5426,115.25977325439452,-0.01,0.54,-0.08,-0.01,0.08,0,0.0,114.1072,112.9546,111.802,110.6494,109.4968,108.3442,107.1916,106.039,104.8864,103.7338,102.5812,101.4286,100.276,99.1234,97.9708,96.8182,95.6656,94.513,93.3604,92.2078,91.0552,89.9026,88.75,87.5974,86.4448,False,False,False,False,False,False,False,False,False,False,False,False,False,False,False,False,False,False,False,False,False,False,False,False,False
MGK,2018-06-25 04:00:00+00:00,114.45158339783455,114.61322300210944,112.18859992091345,113.04434967041016,177300,2018,6,26,Monday,113.5744,115.250244140625,-1.91,-0.69,-2.66,-1.91,2.66,2,227.043,114.0977,112.9452,111.7927,110.6402,109.4877,108.3352,107.1827,106.0302,104.8777,103.7252,102.5727,101.4202,100.2677,99.1152,97.9627,96.8102,95.6577,94.5052,93.3527,92.2002,91.0477,89.8952,88.7427,87.5902,86.4377,True,True,False,False,False,False,False,False,False,False,False,False,False,False,False,False,False,False,False,False,False,False,False,False,False
MGK,2018-06-26 04:00:00+00:00,113.33906971821216,114.1282613105324,113.16791982173628,113.60530853271484,92100,2018,6,26,Tuesday,113.5601,113.04434967041016,0.5,0.26,0.11,0.5,-0.11,0,0.0,111.9139,110.7835,109.653,108.5226,107.3921,106.2617,105.1312,104.0008,102.8704,101.7399,100.6095,99.479,98.3486,97.2181,96.0877,94.9573,93.8268,92.6964,91.5659,90.4355,89.305,88.1746,87.0441,85.9137,84.7833,False,False,False,False,False,False,False,False,False,False,False,False,False,False,False,False,False,False,False,False,False,False,False,False,False
MGK,2018-06-27 04:00:00+00:00,114.09976212267392,114.57517779818508,112.4167938232422,112.4167938232422,143500,2018,6,26,Wednesday,113.3771,113.60530853271484,-1.05,0.44,-1.05,-1.05,1.05,1,112.4693,112.4693,111.3332,110.1971,109.0611,107.925,106.789,105.6529,104.5169,103.3808,102.2448,101.1087,99.9727,98.8366,97.7006,96.5645,95.4285,94.2924,93.1564,92.0203,90.8842,89.7482,88.6121,87.4761,86.34,85.204,True,False,False,False,False,False,False,False,False,False,False,False,False,False,False,False,False,False,False,False,False,False,False,False,False
MGK,2018-06-28 04:00:00+00:00,112.43396495509715,113.70316695518498,112.28128299633116,113.40733337402344,135800,2018,6,26,Thursday,112.9564,112.4167938232422,0.88,0.02,-0.12,0.88,0.12,0,0.0,111.2926,110.1685,109.0443,107.9201,106.796,105.6718,104.5476,103.4235,102.2993,101.1751,100.0509,98.9268,97.8026,96.6784,95.5543,94.4301,93.3059,92.1818,91.0576,89.9334,88.8093,87.6851,86.5609,85.4368,84.3126,False,False,False,False,False,False,False,False,False,False,False,False,False,False,False,False,False,False,False,False,False,False,False,False,False
MGK,2018-06-29 04:00:00+00:00,113.9894481144386,114.51430827293903,113.52185006089871,113.5313949584961,111700,2018,6,26,Friday,113.8893,113.40733337402344,0.11,0.51,0.1,0.11,-0.1,0,0.0,112.2733,111.1392,110.0051,108.871,107.737,106.6029,105.4688,104.3347,103.2007,102.0666,100.9325,99.7985,98.6644,97.5303,96.3962,95.2622,94.1281,92.994,91.8599,90.7259,89.5918,88.4577,87.3236,86.1896,85.0555,False,False,False,False,False,False,False,False,False,False,False,False,False,False,False,False,False,False,False,False,False,False,False,False,False
MGK,2018-07-02 04:00:00+00:00,112.72025842728117,114.07534272162532,112.60574149287396,114.03717041015624,90100,2018,7,27,Monday,113.3596,113.5313949584961,0.45,-0.71,-0.82,0.45,0.82,0,0.0,112.3961,111.2608,110.1255,108.9901,107.8548,106.7195,105.5842,104.4489,103.3136,102.1783,101.0429,99.9076,98.7723,97.637,96.5017,95.3664,94.2311,93.0957,91.9604,90.8251,89.6898,88.5545,87.4192,86.2839,85.1485,False,False,False,False,False,False,False,False,False,False,False,False,False,False,False,False,False,False,False,False,False,False,False,False,False
MGK,2018-07-03 04:00:00+00:00,114.41888558845156,114.41888558845156,112.9970015773418,113.11151123046876,116900,2018,7,27,Tuesday,113.7366,114.03717041015624,-0.81,0.33,-0.91,-0.81,0.91,0,0.0,112.8968,111.7564,110.6161,109.4757,108.3353,107.1949,106.0546,104.9142,103.7738,102.6335,101.4931,100.3527,99.2123,98.072,96.9316,95.7912,94.6509,93.5105,92.3701,91.2297,90.0894,88.949,87.8086,86.6682,85.5279,False,False,False,False,False,False,False,False,False,False,False,False,False,False,False,False,False,False,False,False,False,False,False,False,False
MGK,2018-07-05 04:00:00+00:00,113.80813074393105,114.28527366152854,113.2164709050858,114.23755645751952,151500,2018,7,27,Thursday,113.8869,113.11151123046876,1.0,0.62,0.09,1.0,-0.09,0,0.0,111.9804,110.8493,109.7182,108.5871,107.4559,106.3248,105.1937,104.0626,102.9315,101.8004,100.6692,99.5381,98.407,97.2759,96.1448,95.0137,93.8826,92.7514,91.6203,90.4892,89.3581,88.227,87.0959,85.9647,84.8336,False,False,False,False,False,False,False,False,False,False,False,False,False,False,False,False,False,False,False,False,False,False,False,False,False
MGK,2018-07-06 04:00:00+00:00,114.40934128538017,115.66899844069398,114.23756952417264,115.55448150634766,139600,2018,7,27,Friday,114.9676,114.23755645751952,1.15,0.15,0.0,1.15,-0.0,0,0.0,113.0952,111.9528,110.8104,109.6681,108.5257,107.3833,106.2409,105.0986,103.9562,102.8138,101.6714,100.529,99.3867,98.2443,97.1019,95.9595,94.8172,93.6748,92.5324,91.39,90.2477,89.1053,87.9629,86.8205,85.6782,False,False,False,False,False,False,False,False,False,False,False,False,False,False,False,False,False,False,False,False,False,False,False,False,False
MGK,2018-07-09 04:00:00+00:00,116.1556796330662,116.59465026855467,115.85030843965582,116.59465026855467,159300,2018,7,28,Monday,116.2988,115.55448150634766,0.9,0.52,0.26,0.9,-0.26,0,0.0,114.3989,113.2434,112.0878,110.9323,109.7768,108.6212,107.4657,106.3101,105.1546,103.999,102.8435,101.6879,100.5324,99.3769,98.2213,97.0658,95.9102,94.7547,93.5991,92.4436,91.288,90.1325,88.977,87.8214,86.6659,False,False,False,False,False,False,False,False,False,False,False,False,False,False,False,False,False,False,False,False,False,False,False,False,False
MGK,2018-07-10 04:00:00+00:00,116.83323371611976,117.01455038350616,116.55648990612842,116.88095092773438,164600,2018,7,28,Tuesday,116.8213,116.59465026855467,0.25,0.2,-0.03,0.25,0.03,0,0.0,115.4287,114.2628,113.0968,111.9309,110.7649,109.599,108.433,107.2671,106.1011,104.9352,103.7692,102.6033,101.4373,100.2714,99.1055,97.9395,96.7736,95.6076,94.4417,93.2757,92.1098,90.9438,89.7779,88.6119,87.446,False,False,False,False,False,False,False,False,False,False,False,False,False,False,False,False,False,False,False,False,False,False,False,False,False
MGK,2018-07-11 04:00:00+00:00,116.00300372186818,116.68054590756051,116.00300372186818,116.27020263671876,130800,2018,7,28,Wednesday,116.2392,116.88095092773438,-0.52,-0.75,-0.75,-0.52,0.75,0,0.0,115.7121,114.5433,113.3745,112.2057,111.0369,109.8681,108.6993,107.5305,106.3617,105.1929,104.024,102.8552,101.6864,100.5176,99.3488,98.18,97.0112,95.8424,94.6736,93.5048,92.336,91.1671,89.9983,88.8295,87.6607,False,False,False,False,False,False,False,False,False,False,False,False,False,False,False,False,False,False,False,False,False,False,False,False,False
MGK,2018-07-12 04:00:00+00:00,116.76643918974902,117.64438058982242,116.64238462689886,117.61575317382812,115500,2018,7,28,Thursday,117.1672,116.27020263671876,1.16,0.43,0.32,1.16,-0.32,0,0.0,115.1075,113.9448,112.7821,111.6194,110.4567,109.294,108.1313,106.9686,105.8059,104.6432,103.4805,102.3178,101.1551,99.9924,98.8297,97.667,96.5043,95.3416,94.1789,93.0162,91.8535,90.6908,89.5281,88.3654,87.2027,False,False,False,False,False,False,False,False,False,False,False,False,False,False,False,False,False,False,False,False,False,False,False,False,False
MGK,2018-07-13 04:00:00+00:00,117.73977987478963,117.92109650734632,117.32943668785066,117.80657958984376,102700,2018,7,28,Friday,117.6992,117.61575317382812,0.16,0.11,-0.24,0.16,0.24,0,0.0,116.4396,115.2634,114.0873,112.9111,111.735,110.5588,109.3827,108.2065,107.0303,105.8542,104.678,103.5019,102.3257,101.1495,99.9734,98.7972,97.6211,96.4449,95.2688,94.0926,92.9164,91.7403,90.5641,89.388,88.2118,False,False,False,False,False,False,False,False,False,False,False,False,False,False,False,False,False,False,False,False,False,False,False,False,False
MGK,2018-07-16 04:00:00+00:00,117.9592795594668,117.9592795594668,117.35808206920966,117.52985382080078,175600,2018,7,29,Monday,117.7016,117.80657958984376,-0.23,0.13,-0.38,-0.23,0.38,0,0.0,116.6285,115.4504,114.2724,113.0943,111.9163,110.7382,109.5601,108.3821,107.204,106.0259,104.8479,103.6698,102.4917,101.3137,100.1356,98.9575,97.7795,96.6014,95.4233,94.2453,93.0672,91.8891,90.7111,89.533,88.3549,False,False,False,False,False,False,False,False,False,False,False,False,False,False,False,False,False,False,False,False,False,False,False,False,False
MGK,2018-07-17 04:00:00+00:00,116.8236620727917,118.36006274305744,116.76640725646116,118.2264633178711,84100,2018,7,29,Tuesday,117.5441,117.52985382080078,0.59,-0.6,-0.65,0.59,0.65,0,0.0,116.3546,115.1793,114.004,112.8287,111.6534,110.4781,109.3028,108.1275,106.9522,105.7769,104.6016,103.4263,102.251,101.0757,99.9004,98.7251,97.5498,96.3745,95.1992,94.0239,92.8486,91.6733,90.498,89.3227,88.1474,False,False,False,False,False,False,False,False,False,False,False,False,False,False,False,False,False,False,False,False,False,False,False,False,False
MGK,2018-07-18 04:00:00+00:00,118.23602539835473,118.31237001830632,117.79705475456848,118.1978530883789,69300,2018,7,29,Wednesday,118.1358,118.2264633178711,-0.02,0.01,-0.36,-0.02,0.36,0,0.0,117.0442,115.8619,114.6797,113.4974,112.3151,111.1329,109.9506,108.7683,107.5861,106.4038,105.2216,104.0393,102.857,101.6748,100.4925,99.3102,98.128,96.9457,95.7634,94.5812,93.3989,92.2166,91.0344,89.8521,88.6698,False,False,False,False,False,False,False,False,False,False,False,False,False,False,False,False,False,False,False,False,False,False,False,False,False
MGK,2018-07-19 04:00:00+00:00,117.85429679229222,118.12149565250868,117.71115246556973,117.80657958984376,69700,2018,7,29,Thursday,117.8734,118.1978530883789,-0.33,-0.29,-0.41,-0.33,0.41,0,0.0,117.0159,115.8339,114.6519,113.4699,112.288,111.106,109.924,108.742,107.56,106.3781,105.1961,104.0141,102.8321,101.6502,100.4682,99.2862,98.1042,96.9222,95.7403,94.5583,93.3763,92.1943,91.0123,89.8304,88.6484,False,False,False,False,False,False,False,False,False,False,False,False,False,False,False,False,False,False,False,False,False,False,False,False,False
MGK,2018-07-20 04:00:00+00:00,117.76843093916224,118.14060187201368,117.60619679665416,117.6729965209961,72500,2018,7,29,Friday,117.7971,117.80657958984376,-0.11,-0.03,-0.17,-0.11,0.17,0,0.0,116.6285,115.4504,114.2724,113.0943,111.9163,110.7382,109.5601,108.3821,107.204,106.0259,104.8479,103.6698,102.4917,101.3137,100.1356,98.9575,97.7795,96.6014,95.4233,94.2453,93.0672,91.8891,90.7111,89.533,88.3549,False,False,False,False,False,False,False,False,False,False,False,False,False,False,False,False,False,False,False,False,False,False,False,False,False
MGK,2018-07-23 04:00:00+00:00,117.51079006219888,117.73981668819032,116.95730237547986,117.71118927001952,100600,2018,7,30,Monday,117.4798,117.6729965209961,0.03,-0.14,-0.61,0.03,0.61,0,0.0,116.4963,115.3195,114.1428,112.9661,111.7893,110.6126,109.4359,108.2592,107.0824,105.9057,104.729,103.5522,102.3755,101.1988,100.022,98.8453,97.6686,96.4919,95.3151,94.1384,92.9617,91.7849,90.6082,89.4315,88.2547,False,False,False,False,False,False,False,False,False,False,False,False,False,False,False,False,False,False,False,False,False,False,False,False,False
MGK,2018-07-24 04:00:00+00:00,118.74178973223653,119.08533322394273,117.93064820817264,118.40779113769533,101500,2018,7,30,Tuesday,118.5414,117.71118927001952,0.59,0.88,0.19,0.59,-0.19,0,0.0,116.5341,115.357,114.1799,113.0027,111.8256,110.6485,109.4714,108.2943,107.1172,105.9401,104.763,103.5858,102.4087,101.2316,100.0545,98.8774,97.7003,96.5232,95.3461,94.169,92.9918,91.8147,90.6376,89.4605,88.2834,False,False,False,False,False,False,False,False,False,False,False,False,False,False,False,False,False,False,False,False,False,False,False,False,False
MGK,2018-07-25 04:00:00+00:00,118.3696280587303,119.84876688720244,118.3696280587303,119.78196716308594,187300,2018,7,30,Wednesday,119.0925,118.40779113769533,1.16,-0.03,-0.03,1.16,0.03,0,0.0,117.2237,116.0396,114.8556,113.6715,112.4874,111.3033,110.1192,108.9352,107.7511,106.567,105.3829,104.1989,103.0148,101.8307,100.6466,99.4625,98.2785,97.0944,95.9103,94.7262,93.5422,92.3581,91.174,89.9899,88.8058,False,False,False,False,False,False,False,False,False,False,False,False,False,False,False,False,False,False,False,False,False,False,False,False,False
MGK,2018-07-26 04:00:00+00:00,118.43643924636876,118.64638333694803,118.06426827875084,118.3219223022461,217900,2018,7,30,Thursday,118.3673,119.78196716308594,-1.22,-1.12,-1.43,-1.22,1.43,1,118.5841,118.5841,117.3863,116.1885,114.9907,113.7929,112.595,111.3972,110.1994,109.0016,107.8038,106.606,105.4081,104.2103,103.0125,101.8147,100.6169,99.419,98.2212,97.0234,95.8256,94.6278,93.4299,92.2321,91.0343,89.8365,True,False,False,False,False,False,False,False,False,False,False,False,False,False,False,False,False,False,False,False,False,False,False,False,False
MGK,2018-07-27 04:00:00+00:00,118.98990181128636,118.98990181128636,116.6232697625633,117.1863021850586,146900,2018,7,30,Friday,117.9473,118.3219223022461,-0.96,0.56,-1.44,-0.96,1.44,1,117.1387,117.1387,115.9555,114.7723,113.589,112.4058,111.2226,110.0394,108.8562,107.6729,106.4897,105.3065,104.1233,102.9401,101.7569,100.5736,99.3904,98.2072,97.024,95.8408,94.6575,93.4743,92.2911,91.1079,89.9247,88.7414,True,False,False,False,False,False,False,False,False,False,False,False,False,False,False,False,False,False,False,False,False,False,False,False,False
MGK,2018-07-30 04:00:00+00:00,117.2340176970754,117.25310749162836,115.41133547093108,115.8121337890625,175400,2018,7,31,Monday,116.4276,117.1863021850586,-1.17,0.04,-1.51,-1.17,1.51,1,116.0144,116.0144,114.8426,113.6707,112.4989,111.327,110.1551,108.9833,107.8114,106.6395,105.4677,104.2958,103.1239,101.9521,100.7802,99.6084,98.4365,97.2646,96.0928,94.9209,93.749,92.5772,91.4053,90.2335,89.0616,87.8897,True,False,False,False,False,False,False,False,False,False,False,False,False,False,False,False,False,False,False,False,False,False,False,False,False
MGK,2018-07-31 04:00:00+00:00,116.14613392892062,116.98590288481084,116.01253448777044,116.48967742919922,140600,2018,7,31,Tuesday,116.4086,115.8121337890625,0.59,0.29,0.17,0.59,-0.17,0,0.0,114.654,113.4959,112.3378,111.1796,110.0215,108.8634,107.7053,106.5472,105.389,104.2309,103.0728,101.9147,100.7566,99.5984,98.4403,97.2822,96.1241,94.9659,93.8078,92.6497,91.4916,90.3335,89.1753,88.0172,86.8591,False,False,False,False,False,False,False,False,False,False,False,False,False,False,False,False,False,False,False,False,False,False,False,False,False
MGK,2018-08-01 04:00:00+00:00,117.06225127202212,117.35808485605736,116.43242635498088,116.9000244140625,117000,2018,8,31,Wednesday,116.9382,116.48967742919922,0.35,0.49,-0.05,0.35,0.05,0,0.0,115.3248,114.1599,112.995,111.8301,110.6652,109.5003,108.3354,107.1705,106.0056,104.8407,103.6758,102.5109,101.346,100.1811,99.0162,97.8513,96.6864,95.5215,94.3566,93.1917,92.0268,90.8619,89.6971,88.5322,87.3673,False,False,False,False,False,False,False,False,False,False,False,False,False,False,False,False,False,False,False,False,False,False,False,False,False
MGK,2018-08-02 04:00:00+00:00,116.40378724350984,118.00698770842928,116.18429830197036,117.90201568603516,123700,2018,8,31,Thursday,117.1243,116.9000244140625,0.86,-0.42,-0.61,0.86,0.61,0,0.0,115.731,114.562,113.393,112.224,111.055,109.886,108.717,107.548,106.379,105.21,104.041,102.872,101.703,100.534,99.365,98.196,97.027,95.858,94.689,93.52,92.351,91.182,90.013,88.844,87.675,False,False,False,False,False,False,False,False,False,False,False,False,False,False,False,False,False,False,False,False,False,False,False,False,False
MGK,2018-08-03 04:00:00+00:00,118.04515570518151,118.20738983154295,117.65390229601144,118.20738983154295,95100,2018,8,31,Friday,118.0285,117.90201568603516,0.26,0.12,-0.21,0.26,0.21,0,0.0,116.723,115.544,114.365,113.1859,112.0069,110.8279,109.6489,108.4699,107.2908,106.1118,104.9328,103.7538,102.5748,101.3957,100.2167,99.0377,97.8587,96.6797,95.5006,94.3216,93.1426,91.9636,90.7846,89.6055,88.4265,False,False,False,False,False,False,False,False,False,False,False,False,False,False,False,False,False,False,False,False,False,False,False,False,False
MGK,2018-08-06 04:00:00+00:00,118.20739764989308,118.78951263427734,118.04516351280132,118.78951263427734,86800,2018,8,32,Monday,118.4579,118.20738983154295,0.49,0.0,-0.14,0.49,0.14,0,0.0,117.0253,115.8432,114.6612,113.4791,112.297,111.1149,109.9329,108.7508,107.5687,106.3867,105.2046,104.0225,102.8404,101.6584,100.4763,99.2942,98.1121,96.9301,95.748,94.5659,93.3838,92.2018,91.0197,89.8376,88.6555,False,False,False,False,False,False,False,False,False,False,False,False,False,False,False,False,False,False,False,False,False,False,False,False,False
MGK,2018-08-07 04:00:00+00:00,119.23801235753838,119.39070158607636,118.99944089841514,119.15213012695312,124200,2018,8,32,Tuesday,119.1951,118.78951263427734,0.31,0.38,0.18,0.31,-0.18,0,0.0,117.6016,116.4137,115.2258,114.0379,112.85,111.6621,110.4742,109.2864,108.0985,106.9106,105.7227,104.5348,103.3469,102.159,100.9711,99.7832,98.5953,97.4074,96.2195,95.0316,93.8437,92.6558,91.4679,90.28,89.0921,False,False,False,False,False,False,False,False,False,False,False,False,False,False,False,False,False,False,False,False,False,False,False,False,False
MGK,2018-08-08 04:00:00+00:00,119.09489003271138,119.38117145068422,118.8086013341145,119.16168975830078,104400,2018,8,32,Wednesday,119.1116,119.15213012695312,0.01,-0.05,-0.29,0.01,0.29,0,0.0,117.9606,116.7691,115.5776,114.386,113.1945,112.003,110.8115,109.62,108.4284,107.2369,106.0454,104.8539,103.6624,102.4708,101.2793,100.0878,98.8963,97.7047,96.5132,95.3217,94.1302,92.9387,91.7471,90.5556,89.3641,False,False,False,False,False,False,False,False,False,False,False,False,False,False,False,False,False,False,False,False,False,False,False,False,False
MGK,2018-08-09 04:00:00+00:00,119.161697645117,119.46706887954036,119.01855328634444,119.03763580322266,62800,2018,8,32,Thursday,119.1712,119.16168975830078,-0.1,0.0,-0.12,-0.1,0.12,0,0.0,117.9701,116.7785,115.5868,114.3952,113.2036,112.012,110.8204,109.6288,108.4371,107.2455,106.0539,104.8623,103.6707,102.4791,101.2874,100.0958,98.9042,97.7126,96.521,95.3294,94.1377,92.9461,91.7545,90.5629,89.3713,False,False,False,False,False,False,False,False,False,False,False,False,False,False,False,False,False,False,False,False,False,False,False,False,False
MGK,2018-08-10 04:00:00+00:00,118.4364221119729,118.6463661721792,117.92110685890928,118.23602294921876,95400,2018,8,32,Friday,118.31,119.03763580322266,-0.67,-0.51,-0.94,-0.67,0.94,0,0.0,117.8473,116.6569,115.4665,114.2761,113.0858,111.8954,110.705,109.5146,108.3242,107.1339,105.9435,104.7531,103.5627,102.3724,101.182,99.9916,98.8012,97.6109,96.4205,95.2301,94.0397,92.8494,91.659,90.4686,89.2782,False,False,False,False,False,False,False,False,False,False,False,False,False,False,False,False,False,False,False,False,False,False,False,False,False
MGK,2018-08-13 04:00:00+00:00,118.39823912448556,119.0089814551175,117.97835104194256,118.04515075683594,86300,2018,8,33,Monday,118.3577,118.23602294921876,-0.16,0.14,-0.22,-0.16,0.22,0,0.0,117.0537,115.8713,114.6889,113.5066,112.3242,111.1419,109.9595,108.7771,107.5948,106.4124,105.2301,104.0477,102.8653,101.683,100.5006,99.3183,98.1359,96.9535,95.7712,94.5888,93.4065,92.2241,91.0417,89.8594,88.677,False,False,False,False,False,False,False,False,False,False,False,False,False,False,False,False,False,False,False,False,False,False,False,False,False
MGK,2018-08-14 04:00:00+00:00,118.47461420488956,118.86586769827998,118.03564349689373,118.75135803222656,62000,2018,8,33,Tuesday,118.5319,118.04515075683594,0.6,0.36,-0.01,0.6,0.01,0,0.0,116.8647,115.6842,114.5038,113.3233,112.1429,110.9624,109.782,108.6015,107.4211,106.2406,105.0602,103.8797,102.6993,101.5188,100.3384,99.1579,97.9775,96.797,95.6166,94.4361,93.2557,92.0752,90.8948,89.7143,88.5339,False,False,False,False,False,False,False,False,False,False,False,False,False,False,False,False,False,False,False,False,False,False,False,False,False
MGK,2018-08-15 04:00:00+00:00,118.05471235178894,118.1215120761309,116.91910975735182,117.6729965209961,102200,2018,8,33,Wednesday,117.6921,118.75135803222656,-0.91,-0.59,-1.54,-0.91,1.54,1,117.5638,117.5638,116.3763,115.1888,114.0013,112.8138,111.6263,110.4388,109.2512,108.0637,106.8762,105.6887,104.5012,103.3137,102.1262,100.9387,99.7511,98.5636,97.3761,96.1886,95.0011,93.8136,92.6261,91.4385,90.251,89.0635,True,False,False,False,False,False,False,False,False,False,False,False,False,False,False,False,False,False,False,False,False,False,False,False,False
MGK,2018-08-16 04:00:00+00:00,118.4173366293184,118.79905245444635,118.0928829103651,118.2837371826172,96800,2018,8,33,Thursday,118.3983,117.6729965209961,0.52,0.63,0.36,0.52,-0.36,0,0.0,116.4963,115.3195,114.1428,112.9661,111.7893,110.6126,109.4359,108.2592,107.0824,105.9057,104.729,103.5522,102.3755,101.1988,100.022,98.8453,97.6686,96.4919,95.3151,94.1384,92.9617,91.7849,90.6082,89.4315,88.2547,False,False,False,False,False,False,False,False,False,False,False,False,False,False,False,False,False,False,False,False,False,False,False,False,False
MGK,2018-08-17 04:00:00+00:00,117.9879149932962,118.53185769688017,117.57757174107503,118.34100341796876,371700,2018,8,33,Friday,118.1096,118.2837371826172,0.05,-0.25,-0.6,0.05,0.6,0,0.0,117.1009,115.9181,114.7352,113.5524,112.3696,111.1867,110.0039,108.821,107.6382,106.4554,105.2725,104.0897,102.9069,101.724,100.5412,99.3583,98.1755,96.9927,95.8098,94.627,93.4442,92.2613,91.0785,89.8956,88.7128,False,False,False,False,False,False,False,False,False,False,False,False,False,False,False,False,False,False,False,False,False,False,False,False,False
MGK,2018-08-20 04:00:00+00:00,118.57001169045893,118.68452860848804,118.1596685016332,118.50321197509766,58900,2018,8,34,Monday,118.4794,118.34100341796876,0.14,0.19,-0.15,0.14,0.15,0,0.0,117.1576,115.9742,114.7908,113.6074,112.424,111.2405,110.0571,108.8737,107.6903,106.5069,105.3235,104.1401,102.9567,101.7733,100.5899,99.4064,98.223,97.0396,95.8562,94.6728,93.4894,92.306,91.1226,89.9392,88.7558,False,False,False,False,False,False,False,False,False,False,False,False,False,False,False,False,False,False,False,False,False,False,False,False,False
MGK,2018-08-21 04:00:00+00:00,118.7990526325063,119.3429953179262,118.77997011750202,118.86585235595705,84400,2018,8,34,Tuesday,118.947,118.50321197509766,0.31,0.25,0.23,0.31,-0.23,0,0.0,117.3182,116.1331,114.9481,113.7631,112.5781,111.393,110.208,109.023,107.8379,106.6529,105.4679,104.2828,103.0978,101.9128,100.7277,99.5427,98.3577,97.1726,95.9876,94.8026,93.6175,92.4325,91.2475,90.0624,88.8774,False,False,False,False,False,False,False,False,False,False,False,False,False,False,False,False,False,False,False,False,False,False,False,False,False
MGK,2018-08-22 04:00:00+00:00,118.63683201208208,119.32391907835245,118.6177494960742,119.12351989746094,84400,2018,8,34,Wednesday,118.9255,118.86585235595705,0.22,-0.19,-0.21,0.22,0.21,0,0.0,117.6772,116.4885,115.2999,114.1112,112.9226,111.7339,110.5452,109.3566,108.1679,106.9793,105.7906,104.602,103.4133,102.2246,101.036,99.8473,98.6587,97.47,96.2813,95.0927,93.904,92.7154,91.5267,90.338,89.1494,False,False,False,False,False,False,False,False,False,False,False,False,False,False,False,False,False,False,False,False,False,False,False,False,False
MGK,2018-08-23 04:00:00+00:00,118.94219725714888,119.6292842889013,118.84677012065522,118.9803695678711,166000,2018,8,34,Thursday,119.0997,119.12351989746094,-0.12,-0.15,-0.23,-0.12,0.23,0,0.0,117.9323,116.741,115.5498,114.3586,113.1673,111.9761,110.7849,109.5936,108.4024,107.2112,106.0199,104.8287,103.6375,102.4462,101.255,100.0638,98.8725,97.6813,96.4901,95.2988,94.1076,92.9163,91.7251,90.5339,89.3426,False,False,False,False,False,False,False,False,False,False,False,False,False,False,False,False,False,False,False,False,False,False,False,False,False
MGK,2018-08-24 04:00:00+00:00,119.28573384603996,119.9441934266696,119.28573384603996,119.90602111816406,86500,2018,8,34,Friday,119.6054,118.9803695678711,0.78,0.26,0.26,0.78,-0.26,0,0.0,117.7906,116.6008,115.411,114.2212,113.0314,111.8415,110.6517,109.4619,108.2721,107.0823,105.8925,104.7027,103.5129,102.3231,101.1333,99.9435,98.7537,97.5639,96.3741,95.1843,93.9945,92.8047,91.6149,90.4251,89.2353,False,False,False,False,False,False,False,False,False,False,False,False,False,False,False,False,False,False,False,False,False,False,False,False,False
MGK,2018-08-27 04:00:00+00:00,120.56446838422914,120.927101659579,120.3640692334099,120.91755676269533,112000,2018,8,35,Monday,120.6933,119.90602111816406,0.84,0.55,0.38,0.84,-0.38,0,0.0,118.707,117.5079,116.3088,115.1098,113.9107,112.7117,111.5126,110.3135,109.1145,107.9154,106.7164,105.5173,104.3182,103.1192,101.9201,100.7211,99.522,98.3229,97.1239,95.9248,94.7258,93.5267,92.3276,91.1286,89.9295,False,False,False,False,False,False,False,False,False,False,False,False,False,False,False,False,False,False,False,False,False,False,False,False,False
MGK,2018-08-28 04:00:00+00:00,121.1943043201079,121.23247662821424,120.79350600592645,120.97481536865234,88200,2018,8,35,Tuesday,121.0488,120.91755676269533,0.05,0.23,-0.1,0.05,0.1,0,0.0,119.7084,118.4992,117.29,116.0809,114.8717,113.6625,112.4533,111.2442,110.035,108.8258,107.6166,106.4074,105.1983,103.9891,102.7799,101.5707,100.3616,99.1524,97.9432,96.734,95.5249,94.3157,93.1065,91.8973,90.6882,False,False,False,False,False,False,False,False,False,False,False,False,False,False,False,False,False,False,False,False,False,False,False,False,False
MGK,2018-08-29 04:00:00+00:00,121.20386322245508,122.21541130259936,121.20386322245508,122.16769409179688,99800,2018,8,35,Wednesday,121.6977,120.97481536865234,0.99,0.19,0.19,0.99,-0.19,0,0.0,119.7651,118.5553,117.3456,116.1358,114.9261,113.7163,112.5066,111.2968,110.0871,108.8773,107.6676,106.4578,105.2481,104.0383,102.8286,101.6188,100.4091,99.1993,97.9896,96.7799,95.5701,94.3604,93.1506,91.9409,90.7311,False,False,False,False,False,False,False,False,False,False,False,False,False,False,False,False,False,False,False,False,False,False,False,False,False
MGK,2018-08-30 04:00:00+00:00,121.88139728070976,122.45397464975524,121.49013656390358,121.82414245605467,93300,2018,8,35,Thursday,121.9124,122.16769409179688,-0.28,-0.23,-0.55,-0.28,0.55,0,0.0,120.946,119.7243,118.5027,117.281,116.0593,114.8376,113.616,112.3943,111.1726,109.9509,108.7292,107.5076,106.2859,105.0642,103.8425,102.6209,101.3992,100.1775,98.9558,97.7342,96.5125,95.2908,94.0691,92.8474,91.6258,False,False,False,False,False,False,False,False,False,False,False,False,False,False,False,False,False,False,False,False,False,False,False,False,False
MGK,2018-08-31 04:00:00+00:00,121.709615926212,122.23446876560745,121.62372641538028,121.96726989746094,73000,2018,8,35,Friday,121.8838,121.82414245605467,0.12,-0.09,-0.16,0.12,0.16,0,0.0,120.6059,119.3877,118.1694,116.9512,115.7329,114.5147,113.2965,112.0782,110.86,109.6417,108.4235,107.2052,105.987,104.7688,103.5505,102.3323,101.114,99.8958,98.6776,97.4593,96.2411,95.0228,93.8046,92.5863,91.3681,False,False,False,False,False,False,False,False,False,False,False,False,False,False,False,False,False,False,False,False,False,False,False,False,False
MGK,2018-09-04 04:00:00+00:00,121.80506764930536,121.86232248100583,121.19432517575154,121.70964050292967,91900,2018,9,36,Tuesday,121.6428,121.96726989746094,-0.21,-0.13,-0.63,-0.21,0.63,0,0.0,120.7476,119.5279,118.3083,117.0886,115.8689,114.6492,113.4296,112.2099,110.9902,109.7705,108.5509,107.3312,106.1115,104.8919,103.6722,102.4525,101.2328,100.0132,98.7935,97.5738,96.3541,95.1345,93.9148,92.6951,91.4755,False,False,False,False,False,False,False,False,False,False,False,False,False,False,False,False,False,False,False,False,False,False,False,False,False
MGK,2018-09-05 04:00:00+00:00,121.51876465679642,121.51876465679642,120.24002502818024,120.6408233642578,85200,2018,9,36,Wednesday,120.9796,121.70964050292967,-0.88,-0.16,-1.21,-0.88,1.21,1,120.4925,120.4925,119.2754,118.0584,116.8413,115.6242,114.4071,113.19,111.9729,110.7558,109.5387,108.3216,107.1045,105.8874,104.6703,103.4532,102.2361,101.019,99.8019,98.5848,97.3677,96.1506,94.9335,93.7164,92.4993,91.2822,True,False,False,False,False,False,False,False,False,False,False,False,False,False,False,False,False,False,False,False,False,False,False,False,False
MGK,2018-09-06 04:00:00+00:00,120.67900076731542,120.67900076731542,119.40026108473418,119.9823760986328,87200,2018,9,36,Thursday,120.1852,120.6408233642578,-0.55,0.03,-1.03,-0.55,1.03,1,119.4344,119.4344,118.228,117.0216,115.8152,114.6088,113.4024,112.196,110.9896,109.7831,108.5767,107.3703,106.1639,104.9575,103.7511,102.5447,101.3383,100.1319,98.9255,97.7191,96.5127,95.3063,94.0998,92.8934,91.687,90.4806,True,False,False,False,False,False,False,False,False,False,False,False,False,False,False,False,False,False,False,False,False,False,False,False,False
MGK,2018-09-07 04:00:00+00:00,119.4097875797434,120.54539008806852,119.4097875797434,119.8010482788086,81700,2018,9,36,Friday,119.7915,119.9823760986328,-0.15,-0.48,-0.48,-0.15,0.48,0,0.0,118.7826,117.5827,116.3829,115.1831,113.9833,112.7834,111.5836,110.3838,109.184,107.9841,106.7843,105.5845,104.3847,103.1848,101.985,100.7852,99.5854,98.3855,97.1857,95.9859,94.7861,93.5863,92.3864,91.1866,89.9868,False,False,False,False,False,False,False,False,False,False,False,False,False,False,False,False,False,False,False,False,False,False,False,False,False
MGK,2018-09-10 04:00:00+00:00,120.44043174011956,120.44043174011956,119.76288957318124,119.94420623779295,68400,2018,9,37,Monday,120.147,119.8010482788086,0.12,0.53,-0.03,0.12,0.03,0,0.0,118.603,117.405,116.207,115.009,113.811,112.613,111.415,110.217,109.019,107.8209,106.6229,105.4249,104.2269,103.0289,101.8309,100.6329,99.4349,98.2369,97.0388,95.8408,94.6428,93.4448,92.2468,91.0488,89.8508,False,False,False,False,False,False,False,False,False,False,False,False,False,False,False,False,False,False,False,False,False,False,False,False,False
MGK,2018-09-11 04:00:00+00:00,119.68653963787835,120.84122473993403,119.47659556830024,120.72671508789062,89800,2018,9,37,Tuesday,120.1828,119.94420623779295,0.65,-0.21,-0.39,0.65,0.39,0,0.0,118.7448,117.5453,116.3459,115.1464,113.947,112.7476,111.5481,110.3487,109.1492,107.9498,106.7503,105.5509,104.3515,103.152,101.9526,100.7531,99.5537,98.3542,97.1548,95.9554,94.7559,93.5565,92.357,91.1576,89.9582,False,False,False,False,False,False,False,False,False,False,False,False,False,False,False,False,False,False,False,False,False,False,False,False,False
MGK,2018-09-12 04:00:00+00:00,120.61220445373492,120.88894826166486,120.0014620088634,120.63129425048828,126400,2018,9,37,Wednesday,120.5335,120.72671508789062,-0.08,-0.09,-0.6,-0.08,0.6,0,0.0,119.5194,118.3122,117.1049,115.8976,114.6904,113.4831,112.2758,111.0686,109.8613,108.654,107.4468,106.2395,105.0322,103.825,102.6177,101.4104,100.2032,98.9959,97.7886,96.5814,95.3741,94.1668,92.9596,91.7523,90.545,False,False,False,False,False,False,False,False,False,False,False,False,False,False,False,False,False,False,False,False,False,False,False,False,False
MGK,2018-09-13 04:00:00+00:00,121.17522638019828,121.67145184306425,121.09888176110395,121.4901351928711,89700,2018,9,37,Thursday,121.3589,120.63129425048828,0.71,0.45,0.39,0.71,-0.39,0,0.0,119.425,118.2187,117.0124,115.806,114.5997,113.3934,112.1871,110.9808,109.7745,108.5682,107.3619,106.1555,104.9492,103.7429,102.5366,101.3303,100.124,98.9177,97.7113,96.505,95.2987,94.0924,92.8861,91.6798,90.4735,False,False,False,False,False,False,False,False,False,False,False,False,False,False,False,False,False,False,False,False,False,False,False,False,False
MGK,2018-09-14 04:00:00+00:00,121.63328310694276,121.65237290258898,120.86985873544184,121.31836700439452,74600,2018,9,37,Friday,121.3685,121.4901351928711,-0.14,0.12,-0.51,-0.14,0.51,0,0.0,120.2752,119.0603,117.8454,116.6305,115.4156,114.2007,112.9858,111.7709,110.556,109.3411,108.1262,106.9113,105.6964,104.4815,103.2666,102.0517,100.8368,99.6219,98.407,97.1921,95.9772,94.7623,93.5474,92.3325,91.1176,False,False,False,False,False,False,False,False,False,False,False,False,False,False,False,False,False,False,False,False,False,False,False,False,False
MGK,2018-09-17 04:00:00+00:00,121.1656723510958,121.18475486411944,119.8487532531498,119.9918975830078,83600,2018,9,38,Monday,120.5478,121.31836700439452,-1.09,-0.13,-1.21,-1.09,1.21,1,120.1052,120.1052,118.892,117.6788,116.4656,115.2524,114.0393,112.8261,111.6129,110.3997,109.1865,107.9733,106.7602,105.547,104.3338,103.1206,101.9074,100.6942,99.4811,98.2679,97.0547,95.8415,94.6283,93.4151,92.202,90.9888,True,False,False,False,False,False,False,False,False,False,False,False,False,False,False,False,False,False,False,False,False,False,False,False,False
MGK,2018-09-18 04:00:00+00:00,120.18277319905832,121.27065858445783,120.18277319905832,120.8316879272461,105300,2018,9,38,Tuesday,120.617,119.9918975830078,0.7,0.16,0.16,0.7,-0.16,0,0.0,118.792,117.5921,116.3921,115.1922,113.9923,112.7924,111.5925,110.3925,109.1926,107.9927,106.7928,105.5929,104.393,103.193,101.9931,100.7932,99.5933,98.3934,97.1934,95.9935,94.7936,93.5937,92.3938,91.1938,89.9939,False,False,False,False,False,False,False,False,False,False,False,False,False,False,False,False,False,False,False,False,False,False,False,False,False
MGK,2018-09-19 04:00:00+00:00,120.96527396649074,121.21338304048231,120.42133133408905,120.91755676269533,116500,2018,9,38,Wednesday,120.8794,120.8316879272461,0.07,0.11,-0.34,0.07,0.34,0,0.0,119.6234,118.4151,117.2067,115.9984,114.7901,113.5818,112.3735,111.1652,109.9568,108.7485,107.5402,106.3319,105.1236,103.9153,102.7069,101.4986,100.2903,99.082,97.8737,96.6654,95.457,94.2487,93.0404,91.8321,90.6238,False,False,False,False,False,False,False,False,False,False,False,False,False,False,False,False,False,False,False,False,False,False,False,False,False
MGK,2018-09-20 04:00:00+00:00,121.55696043451636,122.10090321866944,121.3756510268821,121.91959381103516,128600,2018,9,38,Thursday,121.7383,120.91755676269533,0.83,0.53,0.38,0.83,-0.38,0,0.0,119.7084,118.4992,117.29,116.0809,114.8717,113.6625,112.4533,111.2442,110.035,108.8258,107.6166,106.4074,105.1983,103.9891,102.7799,101.5707,100.3616,99.1524,97.9432,96.734,95.5249,94.3157,93.1065,91.8973,90.6882,False,False,False,False,False,False,False,False,False,False,False,False,False,False,False,False,False,False,False,False,False,False,False,False,False
MGK,2018-09-21 04:00:00+00:00,122.43487226343798,122.43487226343798,121.4996689667124,121.5473861694336,85300,2018,9,38,Friday,121.9792,121.91959381103516,-0.31,0.42,-0.34,-0.31,0.34,0,0.0,120.7004,119.4812,118.262,117.0428,115.8236,114.6044,113.3852,112.166,110.9468,109.7276,108.5084,107.2892,106.07,104.8509,103.6317,102.4125,101.1933,99.9741,98.7549,97.5357,96.3165,95.0973,93.8781,92.6589,91.4397,False,False,False,False,False,False,False,False,False,False,False,False,False,False,False,False,False,False,False,False,False,False,False,False,False
MGK,2018-09-24 04:00:00+00:00,121.07980176226002,121.62374447622476,120.63129347019633,121.57603454589844,107200,2018,9,39,Monday,121.2277,121.5473861694336,0.02,-0.38,-0.75,0.02,0.75,0,0.0,120.3319,119.1164,117.901,116.6855,115.47,114.2545,113.0391,111.8236,110.6081,109.3926,108.1772,106.9617,105.7462,104.5308,103.3153,102.0998,100.8843,99.6689,98.4534,97.2379,96.0224,94.807,93.5915,92.376,91.1605,False,False,False,False,False,False,False,False,False,False,False,False,False,False,False,False,False,False,False,False,False,False,False,False,False
MGK,2018-09-25 04:00:00+00:00,121.77643227602564,122.06272097706984,121.56648819934313,121.94820404052734,80400,2018,9,39,Tuesday,121.8385,121.57603454589844,0.31,0.16,-0.01,0.31,0.01,0,0.0,120.3603,119.1445,117.9288,116.713,115.4972,114.2815,113.0657,111.85,110.6342,109.4184,108.2027,106.9869,105.7712,104.5554,103.3396,102.1239,100.9081,99.6923,98.4766,97.2608,96.0451,94.8293,93.6135,92.3978,91.182,False,False,False,False,False,False,False,False,False,False,False,False,False,False,False,False,False,False,False,False,False,False,False,False,False
MGK,2018-09-26 04:00:00+00:00,121.98638643975664,122.8643278506404,121.75735254773284,121.91004180908205,98800,2018,9,39,Wednesday,122.1295,121.94820404052734,-0.03,0.03,-0.16,-0.03,0.16,0,0.0,120.7287,119.5092,118.2898,117.0703,115.8508,114.6313,113.4118,112.1923,110.9729,109.7534,108.5339,107.3144,106.0949,104.8755,103.656,102.4365,101.217,99.9975,98.778,97.5586,96.3391,95.1196,93.9001,92.6806,91.4612,False,False,False,False,False,False,False,False,False,False,False,False,False,False,False,False,False,False,False,False,False,False,False,False,False
MGK,2018-09-27 04:00:00+00:00,122.3108085046394,123.15058466319836,121.95772742035696,122.74978637695312,63900,2018,9,39,Thursday,122.5422,121.91004180908205,0.69,0.33,0.04,0.69,-0.04,0,0.0,120.6909,119.4718,118.2527,117.0336,115.8145,114.5954,113.3763,112.1572,110.9381,109.719,108.4999,107.2808,106.0617,104.8426,103.6235,102.4044,101.1853,99.9662,98.7471,97.528,96.3089,95.0898,93.8707,92.6516,91.4325,False,False,False,False,False,False,False,False,False,False,False,False,False,False,False,False,False,False,False,False,False,False,False,False,False
MGK,2018-09-28 04:00:00+00:00,122.52006758155125,123.02742301631454,122.4530594755766,122.69237518310548,85200,2018,9,39,Friday,122.6732,122.74978637695312,-0.05,-0.19,-0.24,-0.05,0.24,0,0.0,121.5223,120.2948,119.0673,117.8398,116.6123,115.3848,114.1573,112.9298,111.7023,110.4748,109.2473,108.0198,106.7923,105.5648,104.3373,103.1098,101.8823,100.6548,99.4273,98.1998,96.9723,95.7448,94.5173,93.2898,92.0623,False,False,False,False,False,False,False,False,False,False,False,False,False,False,False,False,False,False,False,False,False,False,False,False,False
MGK,2018-10-01 04:00:00+00:00,123.42946298213587,123.85066093486806,122.9412496248006,123.19971466064452,114200,2018,10,40,Monday,123.3553,122.69237518310548,0.41,0.6,0.2,0.41,-0.2,0,0.0,121.4655,120.2385,119.0116,117.7847,116.5578,115.3308,114.1039,112.877,111.6501,110.4231,109.1962,107.9693,106.7424,105.5154,104.2885,103.0616,101.8347,100.6077,99.3808,98.1539,96.927,95.7001,94.4731,93.2462,92.0193,False,False,False,False,False,False,False,False,False,False,False,False,False,False,False,False,False,False,False,False,False,False,False,False,False
MGK,2018-10-02 04:00:00+00:00,123.13268700775868,123.4964368457821,122.69233980593997,122.91250610351562,149300,2018,10,40,Tuesday,123.0585,123.19971466064452,-0.23,-0.05,-0.41,-0.23,0.41,0,0.0,121.9677,120.7357,119.5037,118.2717,117.0397,115.8077,114.5757,113.3437,112.1117,110.8797,109.6477,108.4157,107.1838,105.9518,104.7198,103.4878,102.2558,101.0238,99.7918,98.5598,97.3278,96.0958,94.8638,93.6318,92.3998,False,False,False,False,False,False,False,False,False,False,False,False,False,False,False,False,False,False,False,False,False,False,False,False,False
MGK,2018-10-03 04:00:00+00:00,123.42943606246229,123.59216894385884,122.76892256306787,122.91250610351562,148500,2018,10,40,Wednesday,123.1758,122.91250610351562,0.0,0.42,-0.12,0.0,0.12,0,0.0,121.6834,120.4543,119.2251,117.996,116.7669,115.5378,114.3086,113.0795,111.8504,110.6213,109.3921,108.163,106.9339,105.7048,104.4756,103.2465,102.0174,100.7883,99.5591,98.33,97.1009,95.8718,94.6426,93.4135,92.1844,False,False,False,False,False,False,False,False,False,False,False,False,False,False,False,False,False,False,False,False,False,False,False,False,False
MGK,2018-10-04 04:00:00+00:00,122.56788985912746,122.56788985912746,120.32789900898422,121.11285400390624,203700,2018,10,40,Thursday,121.6441,122.91250610351562,-1.46,-0.28,-2.1,-1.46,2.1,2,242.1376,121.6834,120.4543,119.2251,117.996,116.7669,115.5378,114.3086,113.0795,111.8504,110.6213,109.3921,108.163,106.9339,105.7048,104.4756,103.2465,102.0174,100.7883,99.5591,98.33,97.1009,95.8718,94.6426,93.4135,92.1844,True,True,False,False,False,False,False,False,False,False,False,False,False,False,False,False,False,False,False,False,False,False,False,False,False
MGK,2018-10-05 04:00:00+00:00,121.07458552405912,121.4383427088848,119.10261946070258,119.9737319946289,204700,2018,10,40,Friday,120.3973,121.11285400390624,-0.94,-0.03,-1.66,-0.94,1.66,1,119.9017,119.9017,118.6906,117.4795,116.2683,115.0572,113.8461,112.635,111.4238,110.2127,109.0016,107.7904,106.5793,105.3682,104.1571,102.9459,101.7348,100.5237,99.3125,98.1014,96.8903,95.6792,94.468,93.2569,92.0458,90.8346,True,False,False,False,False,False,False,False,False,False,False,False,False,False,False,False,False,False,False,False,False,False,False,False,False
MGK,2018-10-08 04:00:00+00:00,119.54294574865224,120.20345925148392,118.2697920956101,119.5238037109375,168100,2018,10,41,Monday,119.385,119.9737319946289,-0.38,-0.36,-1.42,-0.38,1.42,1,118.774,118.774,117.5743,116.3745,115.1748,113.975,112.7753,111.5756,110.3758,109.1761,107.9764,106.7766,105.5769,104.3771,103.1774,101.9777,100.7779,99.5782,98.3785,97.1787,95.979,94.7792,93.5795,92.3798,91.18,89.9803,True,False,False,False,False,False,False,False,False,False,False,False,False,False,False,False,False,False,False,False,False,False,False,False,False
MGK,2018-10-09 04:00:00+00:00,119.2653483171388,120.38535115182574,119.2653483171388,119.66740417480467,72200,2018,10,41,Tuesday,119.6459,119.5238037109375,0.12,-0.22,-0.22,0.12,0.22,0,0.0,118.3286,117.1333,115.9381,114.7429,113.5476,112.3524,111.1571,109.9619,108.7667,107.5714,106.3762,105.1809,103.9857,102.7905,101.5952,100.4,99.2048,98.0095,96.8143,95.619,94.4238,93.2286,92.0333,90.8381,89.6429,False,False,False,False,False,False,False,False,False,False,False,False,False,False,False,False,False,False,False,False,False,False,False,False,False
MGK,2018-10-10 04:00:00+00:00,119.3706529892191,119.3706529892191,114.78537118991822,114.90023803710938,469900,2018,10,41,Wednesday,117.1067,119.66740417480467,-3.98,-0.25,-4.08,-3.98,4.08,4,466.7029,118.4707,117.2741,116.0774,114.8807,113.684,112.4874,111.2907,110.094,108.8973,107.7007,106.504,105.3073,104.1106,102.914,101.7173,100.5206,99.3239,98.1273,96.9306,95.7339,94.5372,93.3406,92.1439,90.9472,89.7506,True,True,True,True,False,False,False,False,False,False,False,False,False,False,False,False,False,False,False,False,False,False,False,False,False
MGK,2018-10-11 04:00:00+00:00,114.34503581495248,115.62777173413204,111.95187887195776,112.89957427978516,438200,2018,10,41,Thursday,113.7061,114.90023803710938,-1.74,-0.48,-2.57,-1.74,2.57,2,226.3535,113.7512,112.6022,111.4532,110.3042,109.1552,108.0062,106.8572,105.7082,104.5592,103.4102,102.2612,101.1122,99.9632,98.8142,97.6652,96.5162,95.3672,94.2182,93.0692,91.9202,90.7712,89.6222,88.4732,87.3242,86.1752,True,True,False,False,False,False,False,False,False,False,False,False,False,False,False,False,False,False,False,False,False,False,False,False,False
MGK,2018-10-12 04:00:00+00:00,115.58947666703187,115.8766584123834,113.67495117358207,115.52246856689452,584200,2018,10,41,Friday,115.1659,112.89957427978516,2.32,2.38,0.69,2.32,-0.69,0,0.0,111.7706,110.6416,109.5126,108.3836,107.2546,106.1256,104.9966,103.8676,102.7386,101.6096,100.4806,99.3516,98.2226,97.0936,95.9646,94.8356,93.7066,92.5777,91.4487,90.3197,89.1907,88.0617,86.9327,85.8037,84.6747,False,False,False,False,False,False,False,False,False,False,False,False,False,False,False,False,False,False,False,False,False,False,False,False,False
MGK,2018-10-15 04:00:00+00:00,115.25442902786304,115.4458786440162,114.31630838070927,114.4024658203125,159200,2018,10,42,Monday,114.8548,115.52246856689452,-0.97,-0.23,-1.04,-0.97,1.04,1,114.3672,114.3672,113.212,112.0568,110.9016,109.7463,108.5911,107.4359,106.2807,105.1254,103.9702,102.815,101.6598,100.5045,99.3493,98.1941,97.0389,95.8836,94.7284,93.5732,92.418,91.2628,90.1075,88.9523,87.7971,86.6419,True,False,False,False,False,False,False,False,False,False,False,False,False,False,False,False,False,False,False,False,False,False,False,False,False
MGK,2018-10-16 04:00:00+00:00,115.36928779295518,117.41783651960432,115.244846281508,117.23595428466795,211600,2018,10,42,Tuesday,116.317,114.4024658203125,2.48,0.85,0.74,2.48,-0.74,0,0.0,113.2584,112.1144,110.9704,109.8264,108.6823,107.5383,106.3943,105.2503,104.1062,102.9622,101.8182,100.6742,99.5301,98.3861,97.2421,96.0981,94.954,93.81,92.666,91.522,90.3779,89.2339,88.0899,86.9459,85.8018,False,False,False,False,False,False,False,False,False,False,False,False,False,False,False,False,False,False,False,False,False,False,False,False,False
MGK,2018-10-17 04:00:00+00:00,117.50402294319612,117.50402294319612,116.02983717610311,117.09239959716795,159200,2018,10,42,Wednesday,117.0326,117.23595428466795,-0.12,0.23,-1.03,-0.12,1.03,1,116.0636,116.0636,114.8912,113.7189,112.5465,111.3742,110.2018,109.0294,107.8571,106.6847,105.5124,104.34,103.1676,101.9953,100.8229,99.6506,98.4782,97.3058,96.1335,94.9611,93.7888,92.6164,91.444,90.2717,89.0993,87.927,True,False,False,False,False,False,False,False,False,False,False,False,False,False,False,False,False,False,False,False,False,False,False,False,False
MGK,2018-10-18 04:00:00+00:00,116.63289542321108,116.63289542321108,114.20145435113795,114.80452728271484,175100,2018,10,42,Thursday,115.5679,117.09239959716795,-1.95,-0.39,-2.47,-1.95,2.47,2,230.672,115.9215,114.7506,113.5796,112.4087,111.2378,110.0669,108.8959,107.725,106.5541,105.3832,104.2122,103.0413,101.8704,100.6995,99.5285,98.3576,97.1867,96.0158,94.8448,93.6739,92.503,91.3321,90.1611,88.9902,87.8193,True,True,False,False,False,False,False,False,False,False,False,False,False,False,False,False,False,False,False,False,False,False,False,False,False
MGK,2018-10-19 04:00:00+00:00,115.31186564640204,116.2116949345852,114.2971695066788,114.64178466796876,177400,2018,10,42,Friday,115.1156,114.80452728271484,-0.14,0.44,-0.44,-0.14,0.44,0,0.0,113.6565,112.5084,111.3604,110.2123,109.0643,107.9163,106.7682,105.6202,104.4721,103.3241,102.176,101.028,99.8799,98.7319,97.5838,96.4358,95.2878,94.1397,92.9917,91.8436,90.6956,89.5475,88.3995,87.2514,86.1034,False,False,False,False,False,False,False,False,False,False,False,False,False,False,False,False,False,False,False,False,False,False,False,False,False
MGK,2018-10-22 04:00:00+00:00,115.00555674224898,115.35017194810357,114.07701062110397,114.62265014648438,117800,2018,10,43,Monday,114.7638,114.64178466796876,-0.02,0.32,-0.49,-0.02,0.49,0,0.0,113.4954,112.3489,111.2025,110.0561,108.9097,107.7633,106.6169,105.4704,104.324,103.1776,102.0312,100.8848,99.7384,98.5919,97.4455,96.2991,95.1527,94.0063,92.8598,91.7134,90.567,89.4206,88.2742,87.1278,85.9813,False,False,False,False,False,False,False,False,False,False,False,False,False,False,False,False,False,False,False,False,False,False,False,False,False
MGK,2018-10-23 04:00:00+00:00,112.53577307054844,114.64175487596395,111.66466802495964,114.14397430419922,359300,2018,10,43,Tuesday,113.2465,114.62265014648438,-0.42,-1.82,-2.58,-0.42,2.58,2,225.8066,113.4764,112.3302,111.184,110.0377,108.8915,107.7453,106.5991,105.4528,104.3066,103.1604,102.0142,100.8679,99.7217,98.5755,97.4293,96.283,95.1368,93.9906,92.8443,91.6981,90.5519,89.4057,88.2594,87.1132,85.967,True,True,False,False,False,False,False,False,False,False,False,False,False,False,False,False,False,False,False,False,False,False,False,False,False
MGK,2018-10-24 04:00:00+00:00,114.1440192913466,114.306759525102,109.93206132380558,110.0086441040039,361300,2018,10,43,Wednesday,112.0979,114.14397430419922,-3.62,0.0,-3.69,-3.62,3.69,3,335.5833,113.0025,111.8611,110.7197,109.5782,108.4368,107.2953,106.1539,105.0125,103.871,102.7296,101.5881,100.4467,99.3053,98.1638,97.0224,95.8809,94.7395,93.5981,92.4566,91.3152,90.1737,89.0323,87.8909,86.7494,85.608,True,True,True,False,False,False,False,False,False,False,False,False,False,False,False,False,False,False,False,False,False,False,False,False,False
MGK,2018-10-25 04:00:00+00:00,111.11905077636256,113.61750689088,110.6117027376038,112.96656799316406,283300,2018,10,43,Thursday,112.0787,110.0086441040039,2.69,1.01,0.55,2.69,-0.55,0,0.0,108.9086,107.8085,106.7084,105.6083,104.5082,103.4081,102.308,101.208,100.1079,99.0078,97.9077,96.8076,95.7075,94.6074,93.5073,92.4073,91.3072,90.2071,89.107,88.0069,86.9068,85.8067,84.7067,83.6066,82.5065,False,False,False,False,False,False,False,False,False,False,False,False,False,False,False,False,False,False,False,False,False,False,False,False,False
MGK,2018-10-26 04:00:00+00:00,110.2479481284568,111.9997406972918,108.7450459172163,110.26709747314452,452800,2018,10,43,Friday,110.315,112.96656799316406,-2.39,-2.41,-3.74,-2.39,3.74,3,332.1217,111.8369,110.7072,109.5776,108.4479,107.3182,106.1886,105.0589,103.9292,102.7996,101.6699,100.5402,99.4106,98.2809,97.1512,96.0216,94.8919,93.7623,92.6326,91.5029,90.3733,89.2436,88.1139,86.9843,85.8546,84.7249,True,True,True,False,False,False,False,False,False,False,False,False,False,False,False,False,False,False,False,False,False,False,False,False,False
MGK,2018-10-29 04:00:00+00:00,111.7221236134574,112.15289619030372,106.50504506388276,108.38127899169922,370600,2018,10,44,Monday,109.6903,110.26709747314452,-1.71,1.32,-3.41,-1.71,3.41,3,324.1853,109.1644,108.0618,106.9591,105.8564,104.7537,103.6511,102.5484,101.4457,100.3431,99.2404,98.1377,97.035,95.9324,94.8297,93.727,92.6244,91.5217,90.419,89.3163,88.2137,87.111,86.0083,84.9057,83.803,82.7003,True,True,True,False,False,False,False,False,False,False,False,False,False,False,False,False,False,False,False,False,False,False,False,False,False
MGK,2018-10-30 04:00:00+00:00,107.9313864443486,110.14266129297016,107.67292868806054,110.06608581542967,320500,2018,10,44,Tuesday,108.9533,108.38127899169922,1.55,-0.42,-0.65,1.55,0.65,0,0.0,107.2975,106.2137,105.1298,104.046,102.9622,101.8784,100.7946,99.7108,98.627,97.5432,96.4593,95.3755,94.2917,93.2079,92.1241,91.0403,89.9565,88.8726,87.7888,86.705,85.6212,84.5374,83.4536,82.3698,81.286,False,False,False,False,False,False,False,False,False,False,False,False,False,False,False,False,False,False,False,False,False,False,False,False,False
MGK,2018-10-31 04:00:00+00:00,111.77001416949926,113.00488414182875,111.75086482232985,111.94232177734376,246900,2018,10,44,Wednesday,112.117,110.06608581542967,1.7,1.55,1.53,1.7,-1.53,0,0.0,108.9654,107.8648,106.7641,105.6634,104.5628,103.4621,102.3615,101.2608,100.1601,99.0595,97.9588,96.8582,95.7575,94.6568,93.5562,92.4555,91.3549,90.2542,89.1535,88.0529,86.9522,85.8515,84.7509,83.6502,82.5496,False,False,False,False,False,False,False,False,False,False,False,False,False,False,False,False,False,False,False,False,False,False,False,False,False
MGK,2018-11-01 04:00:00+00:00,112.32520330922785,113.56007308618304,111.55939752034192,113.4834976196289,221600,2018,11,44,Thursday,112.732,111.94232177734376,1.38,0.34,-0.34,1.38,0.34,0,0.0,110.8229,109.7035,108.5841,107.4646,106.3452,105.2258,104.1064,102.9869,101.8675,100.7481,99.6287,98.5092,97.3898,96.2704,95.151,94.0316,92.9121,91.7927,90.6733,89.5539,88.4344,87.315,86.1956,85.0762,83.9567,False,False,False,False,False,False,False,False,False,False,False,False,False,False,False,False,False,False,False,False,False,False,False,False,False
MGK,2018-11-02 04:00:00+00:00,113.4643525283146,113.90469251667898,111.2339285692064,112.07632446289062,175100,2018,11,44,Friday,112.6698,113.4834976196289,-1.24,-0.02,-1.98,-1.24,1.98,1,112.3487,112.3487,111.2138,110.079,108.9442,107.8093,106.6745,105.5397,104.4048,103.27,102.1351,101.0003,99.8655,98.7306,97.5958,96.461,95.3261,94.1913,93.0565,91.9216,90.7868,89.652,88.5171,87.3823,86.2475,85.1126,True,False,False,False,False,False,False,False,False,False,False,False,False,False,False,False,False,False,False,False,False,False,False,False,False
MGK,2018-11-05 05:00:00+00:00,112.0763001352406,112.17202492874404,110.97544675161689,111.97100067138672,124400,2018,11,45,Monday,111.7987,112.07632446289062,-0.09,-0.0,-0.98,-0.09,0.98,0,0.0,110.9556,109.8348,108.714,107.5933,106.4725,105.3517,104.231,103.1102,101.9895,100.8687,99.7479,98.6272,97.5064,96.3856,95.2649,94.1441,93.0233,91.9026,90.7818,89.6611,88.5403,87.4195,86.2988,85.178,84.0572,False,False,False,False,False,False,False,False,False,False,False,False,False,False,False,False,False,False,False,False,False,False,False,False,False
MGK,2018-11-06 05:00:00+00:00,111.95187779302474,113.03358939496805,111.95187779302474,112.82299041748048,133300,2018,11,45,Tuesday,112.4401,111.97100067138672,0.76,-0.02,-0.02,0.76,0.02,0,0.0,110.8513,109.7316,108.6119,107.4922,106.3725,105.2527,104.133,103.0133,101.8936,100.7739,99.6542,98.5345,97.4148,96.2951,95.1754,94.0556,92.9359,91.8162,90.6965,89.5768,88.4571,87.3374,86.2177,85.098,83.9783,False,False,False,False,False,False,False,False,False,False,False,False,False,False,False,False,False,False,False,False,False,False,False,False,False
MGK,2018-11-07 05:00:00+00:00,113.9429741484986,115.98194830448838,113.914257437006,115.94365692138672,245100,2018,11,45,Wednesday,114.9457,112.82299041748048,2.77,0.99,0.97,2.77,-0.97,0,0.0,111.6948,110.5665,109.4383,108.3101,107.1818,106.0536,104.9254,103.7972,102.6689,101.5407,100.4125,99.2842,98.156,97.0278,95.8995,94.7713,93.6431,92.5149,91.3866,90.2584,89.1302,88.0019,86.8737,85.7455,84.6172,False,False,False,False,False,False,False,False,False,False,False,False,False,False,False,False,False,False,False,False,False,False,False,False,False
MGK,2018-11-08 05:00:00+00:00,115.58946216846054,115.83835249632416,115.05339743460132,115.57032012939452,109800,2018,11,45,Thursday,115.5129,115.94365692138672,-0.32,-0.31,-0.77,-0.32,0.77,0,0.0,114.7842,113.6248,112.4653,111.3059,110.1465,108.987,107.8276,106.6682,105.5087,104.3493,103.1899,102.0304,100.871,99.7115,98.5521,97.3927,96.2332,95.0738,93.9144,92.7549,91.5955,90.4361,89.2766,88.1172,86.9577,False,False,False,False,False,False,False,False,False,False,False,False,False,False,False,False,False,False,False,False,False,False,False,False,False
MGK,2018-11-09 05:00:00+00:00,114.85238548129688,114.85238548129688,113.339908616118,114.20144653320312,156400,2018,11,45,Friday,114.3115,115.57032012939452,-1.18,-0.62,-1.93,-1.18,1.93,1,114.4146,114.4146,113.2589,112.1032,110.9475,109.7918,108.6361,107.4804,106.3247,105.169,104.0133,102.8576,101.7019,100.5462,99.3905,98.2348,97.0791,95.9234,94.7677,93.612,92.4563,91.3006,90.1448,88.9891,87.8334,86.6777,True,False,False,False,False,False,False,False,False,False,False,False,False,False,False,False,False,False,False,False,False,False,False,False,False
MGK,2018-11-12 05:00:00+00:00,113.45480302286626,113.45480302286626,110.91806201668078,111.05207824707033,200000,2018,11,46,Monday,112.2199,114.20144653320312,-2.76,-0.65,-2.88,-2.76,2.88,2,224.9768,113.0594,111.9174,110.7754,109.6334,108.4914,107.3494,106.2073,105.0653,103.9233,102.7813,101.6393,100.4973,99.3553,98.2132,97.0712,95.9292,94.7872,93.6452,92.5032,91.3612,90.2191,89.0771,87.9351,86.7931,85.6511,True,True,False,False,False,False,False,False,False,False,False,False,False,False,False,False,False,False,False,False,False,False,False,False,False
MGK,2018-11-13 05:00:00+00:00,111.3488014171462,112.39222159953584,110.52555487801366,110.83187866210938,160100,2018,11,46,Tuesday,111.2746,111.05207824707033,-0.2,0.27,-0.47,-0.2,0.47,0,0.0,109.9416,108.831,107.7205,106.61,105.4995,104.389,103.2784,102.1679,101.0574,99.9469,98.8363,97.7258,96.6153,95.5048,94.3943,93.2837,92.1732,91.0627,89.9522,88.8417,87.7311,86.6206,85.5101,84.3996,83.2891,False,False,False,False,False,False,False,False,False,False,False,False,False,False,False,False,False,False,False,False,False,False,False,False,False
MGK,2018-11-14 05:00:00+00:00,111.84658057750944,112.1911957652504,109.49171499683632,110.09479522705078,274300,2018,11,46,Wednesday,110.9061,110.83187866210938,-0.67,0.92,-1.21,-0.67,1.21,1,109.7236,109.7236,108.6152,107.5069,106.3986,105.2903,104.182,103.0736,101.9653,100.857,99.7487,98.6404,97.5321,96.4237,95.3154,94.2071,93.0988,91.9905,90.8821,89.7738,88.6655,87.5572,86.4489,85.3405,84.2322,83.1239,True,False,False,False,False,False,False,False,False,False,False,False,False,False,False,False,False,False,False,False,False,False,False,False,False
MGK,2018-11-15 05:00:00+00:00,109.59698569111288,111.66467627427312,108.6492978254979,111.367919921875,298200,2018,11,46,Thursday,110.3197,110.09479522705078,1.16,-0.45,-1.31,1.16,1.31,1,108.9938,108.9938,107.8929,106.792,105.691,104.5901,103.4891,102.3882,101.2872,100.1863,99.0853,97.9844,96.8834,95.7825,94.6815,93.5806,92.4796,91.3787,90.2777,89.1768,88.0758,86.9749,85.8739,84.773,83.672,82.5711,True,False,False,False,False,False,False,False,False,False,False,False,False,False,False,False,False,False,False,False,False,False,False,False,False
MGK,2018-11-16 05:00:00+00:00,110.35324394128804,111.50196357425868,110.07563687923684,111.14777374267578,241000,2018,11,46,Friday,110.7697,111.367919921875,-0.2,-0.91,-1.16,-0.2,1.16,1,110.2542,110.2542,109.1406,108.0269,106.9132,105.7995,104.6858,103.5722,102.4585,101.3448,100.2311,99.1174,98.0038,96.8901,95.7764,94.6627,93.5491,92.4354,91.3217,90.208,89.0943,87.9807,86.867,85.7533,84.6396,83.5259,True,False,False,False,False,False,False,False,False,False,False,False,False,False,False,False,False,False,False,False,False,False,False,False,False
MGK,2018-11-19 05:00:00+00:00,110.69785427275924,110.69785427275924,107.55803389225224,107.92179107666016,211500,2018,11,47,Monday,109.2189,111.14777374267578,-2.9,-0.4,-3.23,-2.9,3.23,3,326.7745,110.0363,108.9248,107.8133,106.7019,105.5904,104.4789,103.3674,102.256,101.1445,100.033,98.9215,97.81,96.6986,95.5871,94.4756,93.3641,92.2527,91.1412,90.0297,88.9182,87.8067,86.6953,85.5838,84.4723,83.3608,True,True,True,False,False,False,False,False,False,False,False,False,False,False,False,False,False,False,False,False,False,False,False,False,False
MGK,2018-11-20 05:00:00+00:00,105.34675747066504,107.35700757341112,104.97342562172656,106.0455551147461,381200,2018,11,47,Tuesday,105.9307,107.92179107666016,-1.74,-2.39,-2.73,-1.74,2.73,2,212.6059,106.8426,105.7634,104.6841,103.6049,102.5257,101.4465,100.3673,99.288,98.2088,97.1296,96.0504,94.9712,93.892,92.8127,91.7335,90.6543,89.5751,88.4959,87.4167,86.3374,85.2582,84.179,83.0998,82.0206,80.9413,True,True,False,False,False,False,False,False,False,False,False,False,False,False,False,False,False,False,False,False,False,False,False,False,False
MGK,2018-11-21 05:00:00+00:00,107.14641590935004,107.51974778367985,106.59120178222656,106.59120178222656,183800,2018,11,47,Wednesday,106.9621,106.0455551147461,0.51,1.04,0.51,0.51,-0.51,0,0.0,104.9851,103.9246,102.8642,101.8037,100.7433,99.6828,98.6224,97.5619,96.5015,95.441,94.3805,93.3201,92.2596,91.1992,90.1387,89.0783,88.0178,86.9574,85.8969,84.8364,83.776,82.7155,81.6551,80.5946,79.5342,False,False,False,False,False,False,False,False,False,False,False,False,False,False,False,False,False,False,False,False,False,False,False,False,False
MGK,2018-11-23 05:00:00+00:00,105.72010694743112,106.47634544282984,105.6339494968993,105.64352416992188,49900,2018,11,47,Friday,105.8685,106.59120178222656,-0.89,-0.82,-0.9,-0.89,0.9,0,0.0,105.5253,104.4594,103.3935,102.3276,101.2616,100.1957,99.1298,98.0639,96.998,95.9321,94.8662,93.8003,92.7343,91.6684,90.6025,89.5366,88.4707,87.4048,86.3389,85.273,84.207,83.1411,82.0752,81.0093,79.9434,False,False,False,False,False,False,False,False,False,False,False,False,False,False,False,False,False,False,False,False,False,False,False,False,False
MGK,2018-11-26 05:00:00+00:00,106.85922293388634,107.50059443557382,106.39016629812554,107.47187042236328,160200,2018,11,48,Monday,107.0555,105.64352416992188,1.73,1.15,0.71,1.73,-0.71,0,0.0,104.5871,103.5307,102.4742,101.4178,100.3613,99.3049,98.2485,97.192,96.1356,95.0792,94.0227,92.9663,91.9099,90.8534,89.797,88.7406,87.6841,86.6277,85.5713,84.5148,83.4584,82.4019,81.3455,80.2891,79.2326,False,False,False,False,False,False,False,False,False,False,False,False,False,False,False,False,False,False,False,False,False,False,False,False,False
MGK,2018-11-27 05:00:00+00:00,106.92624306969394,107.854789078078,106.59120257783756,107.79735565185548,178500,2018,11,48,Tuesday,107.2924,107.47187042236328,0.3,-0.51,-0.82,0.3,0.82,0,0.0,106.3972,105.3224,104.2477,103.173,102.0983,101.0236,99.9488,98.8741,97.7994,96.7247,95.65,94.5752,93.5005,92.4258,91.3511,90.2764,89.2017,88.1269,87.0522,85.9775,84.9028,83.8281,82.7533,81.6786,80.6039,False,False,False,False,False,False,False,False,False,False,False,False,False,False,False,False,False,False,False,False,False,False,False,False,False
MGK,2018-11-28 05:00:00+00:00,108.67805636853592,111.166938459321,108.1132747605386,111.13822174072266,293900,2018,11,48,Wednesday,109.7741,107.79735565185548,3.1,0.82,0.29,3.1,-0.29,0,0.0,106.7194,105.6414,104.5634,103.4855,102.4075,101.3295,100.2515,99.1736,98.0956,97.0176,95.9396,94.8617,93.7837,92.7057,91.6278,90.5498,89.4718,88.3938,87.3159,86.2379,85.1599,84.0819,83.004,81.926,80.848,False,False,False,False,False,False,False,False,False,False,False,False,False,False,False,False,False,False,False,False,False,False,False,False,False
MGK,2018-11-29 05:00:00+00:00,110.93720406244924,111.7125847244654,110.29583963082258,111.05207824707033,168800,2018,11,48,Thursday,110.9994,111.13822174072266,-0.08,-0.18,-0.76,-0.08,0.76,0,0.0,110.0268,108.9155,107.8041,106.6927,105.5813,104.4699,103.3585,102.2472,101.1358,100.0244,98.913,97.8016,96.6903,95.5789,94.4675,93.3561,92.2447,91.1333,90.022,88.9106,87.7992,86.6878,85.5764,84.465,83.3537,False,False,False,False,False,False,False,False,False,False,False,False,False,False,False,False,False,False,False,False,False,False,False,False,False
MGK,2018-11-30 05:00:00+00:00,111.04248380924032,111.98060455833772,110.8414594994342,111.88487243652344,184700,2018,11,48,Friday,111.4374,111.05207824707033,0.75,-0.01,-0.19,0.75,0.19,0,0.0,109.9416,108.831,107.7205,106.61,105.4995,104.389,103.2784,102.1679,101.0574,99.9469,98.8363,97.7258,96.6153,95.5048,94.3943,93.2837,92.1732,91.0627,89.9522,88.8417,87.7311,86.6206,85.5101,84.3996,83.2891,False,False,False,False,False,False,False,False,False,False,False,False,False,False,False,False,False,False,False,False,False,False,False,False,False
MGK,2018-12-03 05:00:00+00:00,114.52690774446096,114.58434116884254,113.15802180446664,113.85682678222656,210800,2018,12,49,Monday,114.0315,111.88487243652344,1.76,2.36,1.14,1.76,-1.14,0,0.0,110.766,109.6472,108.5283,107.4095,106.2906,105.1718,104.0529,102.9341,101.8152,100.6964,99.5775,98.4587,97.3398,96.221,95.1021,93.9833,92.8644,91.7456,90.6267,89.5079,88.389,87.2702,86.1514,85.0325,83.9137,False,False,False,False,False,False,False,False,False,False,False,False,False,False,False,False,False,False,False,False,False,False,False,False,False
MGK,2018-12-04 05:00:00+00:00,113.301619055575,113.4930686831955,109.57786756267564,109.7214584350586,258200,2018,12,49,Tuesday,111.5235,113.85682678222656,-3.63,-0.49,-3.76,-3.63,3.76,3,334.7391,112.7183,111.5797,110.4411,109.3026,108.164,107.0254,105.8868,104.7483,103.6097,102.4711,101.3326,100.194,99.0554,97.9169,96.7783,95.6397,94.5012,93.3626,92.224,91.0855,89.9469,88.8083,87.6698,86.5312,85.3926,True,True,True,False,False,False,False,False,False,False,False,False,False,False,False,False,False,False,False,False,False,False,False,False,False
MGK,2018-12-06 05:00:00+00:00,107.64419752496649,110.09479522705078,106.76351751333306,110.09479522705078,343600,2018,12,49,Thursday,108.6493,109.7214584350586,0.34,-1.89,-2.7,0.34,2.7,2,216.1513,108.6242,107.527,106.4298,105.3326,104.2354,103.1382,102.041,100.9437,99.8465,98.7493,97.6521,96.5549,95.4577,94.3605,93.2632,92.166,91.0688,89.9716,88.8744,87.7772,86.68,85.5827,84.4855,83.3883,82.2911,True,True,False,False,False,False,False,False,False,False,False,False,False,False,False,False,False,False,False,False,False,False,False,False,False
MGK,2018-12-07 05:00:00+00:00,109.86503808492584,110.64999321550468,106.830517045046,107.1368408203125,264300,2018,12,49,Friday,108.6206,110.09479522705078,-2.69,-0.21,-2.96,-2.69,2.96,2,216.8867,108.9938,107.8929,106.792,105.691,104.5901,103.4891,102.3882,101.2872,100.1863,99.0853,97.9844,96.8834,95.7825,94.6815,93.5806,92.4796,91.3787,90.2777,89.1768,88.0758,86.9749,85.8739,84.773,83.672,82.5711,True,True,False,False,False,False,False,False,False,False,False,False,False,False,False,False,False,False,False,False,False,False,False,False,False
MGK,2018-12-10 05:00:00+00:00,106.84010698154104,108.14198503825924,105.50951220793486,107.72078704833984,319200,2018,12,50,Monday,107.0531,107.1368408203125,0.55,-0.28,-1.52,0.55,1.52,1,106.0655,106.0655,104.9941,103.9227,102.8514,101.78,100.7086,99.6373,98.5659,97.4945,96.4232,95.3518,94.2804,93.2091,92.1377,91.0663,89.9949,88.9236,87.8522,86.7808,85.7095,84.6381,83.5667,82.4954,81.424,80.3526,True,False,False,False,False,False,False,False,False,False,False,False,False,False,False,False,False,False,False,False,False,False,False,False,False
MGK,2018-12-11 05:00:00+00:00,109.34812422241149,109.34812422241149,107.0985509773884,107.8260726928711,266800,2018,12,50,Tuesday,108.4052,107.72078704833984,0.1,1.51,-0.58,0.1,0.58,0,0.0,106.6436,105.5664,104.4892,103.412,102.3347,101.2575,100.1803,99.1031,98.0259,96.9487,95.8715,94.7943,93.7171,92.6399,91.5627,90.4855,89.4083,88.331,87.2538,86.1766,85.0994,84.0222,82.945,81.8678,80.7906,False,False,False,False,False,False,False,False,False,False,False,False,False,False,False,False,False,False,False,False,False,False,False,False,False
MGK,2018-12-12 05:00:00+00:00,109.33853772553854,110.17135153157096,108.63016543102032,108.65888214111328,193200,2018,12,50,Wednesday,109.1997,107.8260726928711,0.77,1.4,0.75,0.77,-0.75,0,0.0,106.7478,105.6696,104.5913,103.513,102.4348,101.3565,100.2782,99.2,98.1217,97.0435,95.9652,94.8869,93.8087,92.7304,91.6522,90.5739,89.4956,88.4174,87.3391,86.2609,85.1826,84.1043,83.0261,81.9478,80.8696,False,False,False,False,False,False,False,False,False,False,False,False,False,False,False,False,False,False,False,False,False,False,False,False,False
MGK,2018-12-13 05:00:00+00:00,109.10878131334002,109.58741255610136,108.05578673659856,108.6684341430664,218300,2018,12,50,Thursday,108.8551,108.65888214111328,0.01,0.41,-0.56,0.01,0.56,0,0.0,107.5723,106.4857,105.3991,104.3125,103.2259,102.1393,101.0528,99.9662,98.8796,97.793,96.7064,95.6198,94.5332,93.4466,92.36,91.2735,90.1869,89.1003,88.0137,86.9271,85.8405,84.7539,83.6673,82.5808,81.4942,False,False,False,False,False,False,False,False,False,False,False,False,False,False,False,False,False,False,False,False,False,False,False,False,False
MGK,2018-12-14 05:00:00+00:00,107.49105034825511,107.79737417964996,106.08387273726316,106.29447174072266,260600,2018,12,50,Friday,106.9167,108.6684341430664,-2.18,-1.08,-2.38,-2.18,2.38,2,214.0768,107.5817,106.4951,105.4084,104.3217,103.235,102.1483,101.0616,99.975,98.8883,97.8016,96.7149,95.6282,94.5415,93.4549,92.3682,91.2815,90.1948,89.1081,88.0214,86.9347,85.8481,84.7614,83.6747,82.588,81.5013,True,True,False,False,False,False,False,False,False,False,False,False,False,False,False,False,False,False,False,False,False,False,False,False,False
MGK,2018-12-17 05:00:00+00:00,105.85411627450044,106.54334662060344,103.28865182141426,103.9683074951172,467000,2018,12,51,Monday,104.9136,106.29447174072266,-2.19,-0.41,-2.83,-2.19,2.83,2,209.4001,105.2315,104.1686,103.1056,102.0427,100.9797,99.9168,98.8539,97.7909,96.728,95.665,94.6021,93.5391,92.4762,91.4132,90.3503,89.2874,88.2244,87.1615,86.0985,85.0356,83.9726,82.9097,81.8467,80.7838,79.7209,True,True,False,False,False,False,False,False,False,False,False,False,False,False,False,False,False,False,False,False,False,False,False,False,False
MGK,2018-12-18 05:00:00+00:00,104.84898637545932,105.55735875563784,103.75770743995848,104.45651245117188,469400,2018,12,51,Tuesday,104.6551,103.9683074951172,0.47,0.85,-0.2,0.47,0.2,0,0.0,102.9286,101.8889,100.8493,99.8096,98.7699,97.7302,96.6905,95.6508,94.6112,93.5715,92.5318,91.4921,90.4524,89.4127,88.3731,87.3334,86.2937,85.254,84.2143,83.1746,82.135,81.0953,80.0556,79.0159,77.9762,False,False,False,False,False,False,False,False,False,False,False,False,False,False,False,False,False,False,False,False,False,False,False,False,False
MGK,2018-12-19 05:00:00+00:00,104.43734363699642,106.03597035636037,101.61342201169282,102.4366683959961,367200,2018,12,51,Wednesday,103.6309,104.45651245117188,-1.93,-0.02,-2.72,-1.93,2.72,2,205.7793,103.4119,102.3674,101.3228,100.2783,99.2337,98.1891,97.1446,96.1,95.0554,94.0109,92.9663,91.9217,90.8772,89.8326,88.788,87.7435,86.6989,85.6543,84.6098,83.5652,82.5206,81.4761,80.4315,79.3869,78.3424,True,True,False,False,False,False,False,False,False,False,False,False,False,False,False,False,False,False,False,False,False,False,False,False,False
MGK,2018-12-20 05:00:00+00:00,101.72828637202484,102.63769016219489,99.35427937530068,100.55085754394533,555200,2018,12,51,Thursday,101.0678,102.4366683959961,-1.84,-0.69,-3.01,-1.84,3.01,3,301.1638,101.4123,100.3879,99.3636,98.3392,97.3148,96.2905,95.2661,94.2417,93.2174,92.193,91.1686,90.1443,89.1199,88.0955,87.0712,86.0468,85.0224,83.9981,82.9737,81.9493,80.925,79.9006,78.8762,77.8519,76.8275,True,True,True,False,False,False,False,False,False,False,False,False,False,False,False,False,False,False,False,False,False,False,False,False,False
MGK,2018-12-21 05:00:00+00:00,100.72317184245254,101.72829318947336,97.34403603627648,97.62164306640624,376000,2018,12,51,Friday,99.3543,100.55085754394533,-2.91,0.17,-3.19,-2.91,3.19,3,295.6195,99.5453,98.5398,97.5343,96.5288,95.5233,94.5178,93.5123,92.5068,91.5013,90.4958,89.4903,88.4848,87.4792,86.4737,85.4682,84.4627,83.4572,82.4517,81.4462,80.4407,79.4352,78.4297,77.4242,76.4187,75.4131,True,True,True,False,False,False,False,False,False,False,False,False,False,False,False,False,False,False,False,False,False,False,False,False,False
MGK,2018-12-24 05:00:00+00:00,96.8099462880578,97.98868874376788,95.36288143001237,95.3724594116211,421100,2018,12,52,Monday,96.3835,97.62164306640624,-2.3,-0.83,-2.31,-2.3,2.31,2,192.3146,96.6454,95.6692,94.693,93.7168,92.7406,91.7643,90.7881,89.8119,88.8357,87.8595,86.8833,85.907,84.9308,83.9546,82.9784,82.0022,81.026,80.0497,79.0735,78.0973,77.1211,76.1449,75.1687,74.1924,73.2162,True,True,False,False,False,False,False,False,False,False,False,False,False,False,False,False,False,False,False,False,False,False,False,False,False
MGK,2018-12-26 05:00:00+00:00,96.18704671800693,100.94033605350702,95.68871381096248,100.9211654663086,384100,2018,12,52,Wednesday,98.4343,95.3724594116211,5.82,0.85,0.33,5.82,-0.33,0,0.0,94.4187,93.465,92.5113,91.5576,90.6038,89.6501,88.6964,87.7427,86.7889,85.8352,84.8815,83.9278,82.974,82.0203,81.0666,80.1129,79.1591,78.2054,77.2517,76.298,75.3442,74.3905,73.4368,72.4831,71.5293,False,False,False,False,False,False,False,False,False,False,False,False,False,False,False,False,False,False,False,False,False,False,False,False,False
MGK,2018-12-27 05:00:00+00:00,99.56033675117386,101.7453155517578,97.74910393956158,101.7453155517578,281500,2018,12,52,Thursday,100.2,100.9211654663086,0.82,-1.35,-3.14,0.82,3.14,3,296.7082,99.912,98.9027,97.8935,96.8843,95.8751,94.8659,93.8567,92.8475,91.8383,90.829,89.8198,88.8106,87.8014,86.7922,85.783,84.7738,83.7646,82.7554,81.7461,80.7369,79.7277,78.7185,77.7093,76.7001,75.6909,True,True,True,False,False,False,False,False,False,False,False,False,False,False,False,False,False,False,False,False,False,False,False,False,False
MGK,2018-12-28 05:00:00+00:00,102.34906176799062,103.16363614855835,100.9307382598703,101.6015625,654900,2018,12,52,Friday,102.0112,101.7453155517578,-0.14,0.59,-0.8,-0.14,0.8,0,0.0,100.7279,99.7104,98.693,97.6755,96.658,95.6406,94.6231,93.6057,92.5882,91.5708,90.5533,89.5359,88.5184,87.501,86.4835,85.4661,84.4486,83.4312,82.4137,81.3963,80.3788,79.3613,78.3439,77.3264,76.309,False,False,False,False,False,False,False,False,False,False,False,False,False,False,False,False,False,False,False,False,False,False,False,False,False
MGK,2018-12-31 05:00:00+00:00,102.52155203471068,102.77071112542772,101.54405700934755,102.55030059814452,308700,2018,12,52,Monday,102.3467,101.6015625,0.93,0.91,-0.06,0.93,0.06,0,0.0,100.5855,99.5695,98.5535,97.5375,96.5215,95.5055,94.4895,93.4734,92.4574,91.4414,90.4254,89.4094,88.3934,87.3773,86.3613,85.3453,84.3293,83.3133,82.2973,81.2812,80.2652,79.2492,78.2332,77.2172,76.2012,False,False,False,False,False,False,False,False,False,False,False,False,False,False,False,False,False,False,False,False,False,False,False,False,False
