Symbol,Date,Open,High,Low,Close,Volume,Year,Month,Week,Weekday,avg_daily_price,Previous_Close,Daily_Gain_Loss_Pct,Open_vs_PrevClose_Pct,Low_vs_PrevClose_Pct,Close_vs_PrevClose_Pct,mx_percent_decline,Shares_Purchased,Total_Value_Purchased,BOD99-1,BOD98-2,BOD97-3,BOD96-4,BOD95-5,BOD94-6,BOD93-7,BOD92-8,BOD91-9,BOD90-10,BOD89-11,BOD88-12,BOD87-13,BOD86-14,BOD85-15,BOD84-16,BOD83-17,BOD82-18,BOD81-19,BOD80-20,BOD79-21,BOD78-22,BOD77-23,BOD76-24,BOD75-25,BOD99-1_Executed,BOD98-2_Executed,BOD97-3_Executed,BOD96-4_Executed,BOD95-5_Executed,BOD94-6_Executed,BOD93-7_Executed,BOD92-8_Executed,BOD91-9_Executed,BOD90-10_Executed,BOD89-11_Executed,BOD88-12_Executed,BOD87-13_Executed,BOD86-14_Executed,BOD85-15_Executed,BOD84-16_Executed,BOD83-17_Executed,BOD82-18_Executed,BOD81-19_Executed,BOD80-20_Executed,BOD79-21_Executed,BOD78-22_Executed,BOD77-23_Executed,BOD76-24_Executed,BOD75-25_Executed
ALLY,2018-01-02,22.981992540132865,22.981992540132865,22.724818723797856,22.93523406982422,1970400,2018,1,1,Tuesday,22.906,22.724817276000977,0.93,1.13,0.0,0.93,-0.0,0,0.0,22.4976,22.2703,22.0431,21.8158,21.5886,21.3613,21.1341,20.9068,20.6796,20.4523,20.2251,19.9978,19.7706,19.5433,19.3161,19.0888,18.8616,18.6344,18.4071,18.1799,17.9526,17.7254,17.4981,17.2709,17.0436,False,False,False,False,False,False,False,False,False,False,False,False,False,False,False,False,False,False,False,False,False,False,False,False,False
ALLY,2018-01-03,22.950816319822074,23.00536810578929,22.03901814836016,22.82612609863281,3697900,2018,1,1,Wednesday,22.7053,22.93523406982422,-0.48,0.07,-3.91,-0.48,3.91,3,67.4296,22.7059,22.4765,22.2472,22.0178,21.7885,21.5591,21.3298,21.1004,20.8711,20.6417,20.4124,20.183,19.9537,19.7243,19.4949,19.2656,19.0362,18.8069,18.5775,18.3482,18.1188,17.8895,17.6601,17.4308,17.2014,True,True,True,False,False,False,False,False,False,False,False,False,False,False,False,False,False,False,False,False,False,False,False,False,False
ALLY,2018-01-04,22.98198808052454,23.34436949955335,22.84171121039408,23.16123008728028,3180700,2018,1,1,Thursday,23.0823,22.82612609863281,1.47,0.68,0.07,1.47,-0.07,0,0.0,22.5979,22.3696,22.1413,21.9131,21.6848,21.4566,21.2283,21.0,20.7718,20.5435,20.3153,20.087,19.8587,19.6305,19.4022,19.1739,18.9457,18.7174,18.4892,18.2609,18.0326,17.8044,17.5761,17.3479,17.1196,False,False,False,False,False,False,False,False,False,False,False,False,False,False,False,False,False,False,False,False,False,False,False,False,False
ALLY,2018-01-05,23.309304713084373,23.566478528403685,23.122269346163502,23.550891876220703,5312900,2018,1,1,Friday,23.3872,23.16123008728028,1.68,0.64,-0.17,1.68,0.17,0,0.0,22.9296,22.698,22.4664,22.2348,22.0032,21.7716,21.5399,21.3083,21.0767,20.8451,20.6135,20.3819,20.1503,19.9187,19.687,19.4554,19.2238,18.9922,18.7606,18.529,18.2974,18.0658,17.8341,17.6025,17.3709,False,False,False,False,False,False,False,False,False,False,False,False,False,False,False,False,False,False,False,False,False,False,False,False,False
ALLY,2018-01-08,23.566478625218195,23.574271951341704,23.12226944115314,23.246959686279297,3084600,2018,1,2,Monday,23.3775,23.550891876220703,-1.29,0.07,-1.82,-1.29,1.82,1,23.3154,23.3154,23.0799,22.8444,22.6089,22.3733,22.1378,21.9023,21.6668,21.4313,21.1958,20.9603,20.7248,20.4893,20.2538,20.0183,19.7827,19.5472,19.3117,19.0762,18.8407,18.6052,18.3697,18.1342,17.8987,17.6632,True,False,False,False,False,False,False,False,False,False,False,False,False,False,False,False,False,False,False,False,False,False,False,False,False
ALLY,2018-01-09,23.33268356546395,23.730134258401574,23.26254512044996,23.675580978393555,3682200,2018,1,2,Tuesday,23.5002,23.246959686279297,1.84,0.37,0.07,1.84,-0.07,0,0.0,23.0145,22.782,22.5496,22.3171,22.0846,21.8521,21.6197,21.3872,21.1547,20.9223,20.6898,20.4573,20.2249,19.9924,19.7599,19.5274,19.295,19.0625,18.83,18.5976,18.3651,18.1326,17.9002,17.6677,17.4352,False,False,False,False,False,False,False,False,False,False,False,False,False,False,False,False,False,False,False,False,False,False,False,False,False
ALLY,2018-01-10,23.72233937134624,23.885994741324257,23.33268202977023,23.426198959350582,5234900,2018,1,2,Wednesday,23.5918,23.675580978393555,-1.05,0.2,-1.45,-1.05,1.45,1,23.4388,23.4388,23.2021,22.9653,22.7286,22.4918,22.255,22.0183,21.7815,21.5448,21.308,21.0713,20.8345,20.5978,20.361,20.1242,19.8875,19.6507,19.414,19.1772,18.9405,18.7037,18.467,18.2302,17.9934,17.7567,True,False,False,False,False,False,False,False,False,False,False,False,False,False,False,False,False,False,False,False,False,False,False,False,False
ALLY,2018-01-11,23.49633972581832,23.81585865862812,23.49633972581832,23.769100189208984,2455100,2018,1,2,Thursday,23.6444,23.426198959350582,1.46,0.3,0.3,1.46,-0.3,0,0.0,23.1919,22.9577,22.7234,22.4892,22.2549,22.0206,21.7864,21.5521,21.3178,21.0836,20.8493,20.6151,20.3808,20.1465,19.9123,19.678,19.4437,19.2095,18.9752,18.741,18.5067,18.2724,18.0382,17.8039,17.5696,False,False,False,False,False,False,False,False,False,False,False,False,False,False,False,False,False,False,False,False,False,False,False,False,False
ALLY,2018-01-12,23.66778642972956,23.823648466921167,23.457371118774923,23.79247665405273,3729500,2018,1,2,Friday,23.6853,23.769100189208984,0.1,-0.43,-1.31,0.1,1.31,1,23.5314,23.5314,23.2937,23.056,22.8183,22.5806,22.343,22.1053,21.8676,21.6299,21.3922,21.1545,20.9168,20.6791,20.4414,20.2037,19.966,19.7284,19.4907,19.253,19.0153,18.7776,18.5399,18.3022,18.0645,17.8268,True,False,False,False,False,False,False,False,False,False,False,False,False,False,False,False,False,False,False,False,False,False,False,False,False
ALLY,2018-01-16,23.932752560362744,24.119789387326435,23.589855179253743,23.62102699279785,2850400,2018,1,3,Tuesday,23.8159,23.79247665405273,-0.72,0.59,-0.85,-0.72,0.85,0,0.0,23.5546,23.3166,23.0787,22.8408,22.6029,22.3649,22.127,21.8891,21.6512,21.4132,21.1753,20.9374,20.6995,20.4615,20.2236,19.9857,19.7478,19.5098,19.2719,19.034,18.7961,18.5581,18.3202,18.0823,17.8444,False,False,False,False,False,False,False,False,False,False,False,False,False,False,False,False,False,False,False,False,False,False,False,False,False
ALLY,2018-01-17,23.800272374239505,23.92885853070344,23.535305249279123,23.86261749267578,3662700,2018,1,3,Wednesday,23.7818,23.62102699279785,1.02,0.76,-0.36,1.02,0.36,0,0.0,23.3848,23.1486,22.9124,22.6762,22.44,22.2038,21.9676,21.7313,21.4951,21.2589,21.0227,20.7865,20.5503,20.3141,20.0779,19.8417,19.6055,19.3692,19.133,18.8968,18.6606,18.4244,18.1882,17.952,17.7158,False,False,False,False,False,False,False,False,False,False,False,False,False,False,False,False,False,False,False,False,False,False,False,False,False
ALLY,2018-01-18,23.84703149383314,23.963928408295946,23.613236178482623,23.66778945922852,3192800,2018,1,3,Thursday,23.773,23.86261749267578,-0.82,-0.07,-1.05,-0.82,1.05,1,23.624,23.624,23.3854,23.1467,22.9081,22.6695,22.4309,22.1922,21.9536,21.715,21.4764,21.2377,20.9991,20.7605,20.5219,20.2832,20.0446,19.806,19.5673,19.3287,19.0901,18.8515,18.6128,18.3742,18.1356,17.897,True,False,False,False,False,False,False,False,False,False,False,False,False,False,False,False,False,False,False,False,False,False,False,False,False
ALLY,2018-01-19,23.605440927031733,23.769096286339064,23.410612268946984,23.730131149291992,3226600,2018,1,3,Friday,23.6288,23.66778945922852,0.26,-0.26,-1.09,0.26,1.09,1,23.4311,23.4311,23.1944,22.9578,22.7211,22.4844,22.2477,22.011,21.7744,21.5377,21.301,21.0643,20.8277,20.591,20.3543,20.1176,19.8809,19.6443,19.4076,19.1709,18.9342,18.6976,18.4609,18.2242,17.9875,17.7508,True,False,False,False,False,False,False,False,False,False,False,False,False,False,False,False,False,False,False,False,False,False,False,False,False
ALLY,2018-01-22,23.67557864323119,23.88599395751953,23.63271758566112,23.88599395751953,2452700,2018,1,4,Monday,23.7701,23.730131149291992,0.66,-0.23,-0.41,0.66,0.41,0,0.0,23.4928,23.2555,23.0182,22.7809,22.5436,22.3063,22.069,21.8317,21.5944,21.3571,21.1198,20.8825,20.6452,20.4079,20.1706,19.9333,19.696,19.4587,19.2214,18.9841,18.7468,18.5095,18.2722,18.0349,17.7976,False,False,False,False,False,False,False,False,False,False,False,False,False,False,False,False,False,False,False,False,False,False,False,False,False
ALLY,2018-01-23,23.761306193914173,23.76909951966866,23.48075241245228,23.65220260620117,3403900,2018,1,4,Tuesday,23.6658,23.88599395751953,-0.98,-0.52,-1.7,-0.98,1.7,1,23.6471,23.6471,23.4083,23.1694,22.9306,22.6917,22.4528,22.214,21.9751,21.7363,21.4974,21.2585,21.0197,20.7808,20.542,20.3031,20.0642,19.8254,19.5865,19.3477,19.1088,18.8699,18.6311,18.3922,18.1534,17.9145,True,False,False,False,False,False,False,False,False,False,False,False,False,False,False,False,False,False,False,False,False,False,False,False,False
ALLY,2018-01-24,23.6911651400438,23.827546096093787,23.41840471436856,23.56647491455078,2726800,2018,1,4,Wednesday,23.6259,23.65220260620117,-0.36,0.16,-0.99,-0.36,0.99,0,0.0,23.4157,23.1792,22.9426,22.7061,22.4696,22.2331,21.9965,21.76,21.5235,21.287,21.0505,20.8139,20.5774,20.3409,20.1044,19.8679,19.6313,19.3948,19.1583,18.9218,18.6852,18.4487,18.2122,17.9757,17.7392,False,False,False,False,False,False,False,False,False,False,False,False,False,False,False,False,False,False,False,False,False,False,False,False,False
ALLY,2018-01-25,23.683371125932503,23.687268531479656,23.317093785008986,23.44957733154297,2957400,2018,1,4,Thursday,23.5343,23.56647491455078,-0.5,0.5,-1.06,-0.5,1.06,1,23.3308,23.3308,23.0951,22.8595,22.6238,22.3882,22.1525,21.9168,21.6812,21.4455,21.2098,20.9742,20.7385,20.5028,20.2672,20.0315,19.7958,19.5602,19.3245,19.0888,18.8532,18.6175,18.3819,18.1462,17.9105,17.6749,True,False,False,False,False,False,False,False,False,False,False,False,False,False,False,False,False,False,False,False,False,False,False,False,False
ALLY,2018-01-26,23.47296077298221,23.714547927728653,23.379442349557017,23.66778945922852,2906500,2018,1,4,Friday,23.5587,23.44957733154297,0.93,0.1,-0.3,0.93,0.3,0,0.0,23.2151,22.9806,22.7461,22.5116,22.2771,22.0426,21.8081,21.5736,21.3391,21.1046,20.8701,20.6356,20.4011,20.1666,19.9321,19.6976,19.4631,19.2287,18.9942,18.7597,18.5252,18.2907,18.0562,17.8217,17.5872,False,False,False,False,False,False,False,False,False,False,False,False,False,False,False,False,False,False,False,False,False,False,False,False,False
ALLY,2018-01-29,23.636619590553032,23.870413453450933,23.52751598605736,23.60544776916504,5258900,2018,1,5,Monday,23.66,23.66778945922852,-0.26,-0.13,-0.59,-0.26,0.59,0,0.0,23.4311,23.1944,22.9578,22.7211,22.4844,22.2477,22.011,21.7744,21.5377,21.301,21.0643,20.8277,20.591,20.3543,20.1176,19.8809,19.6443,19.4076,19.1709,18.9342,18.6976,18.4609,18.2242,17.9875,17.7508,False,False,False,False,False,False,False,False,False,False,False,False,False,False,False,False,False,False,False,False,False,False,False,False,False
ALLY,2018-01-30,23.21578715886107,24.38475928602004,23.13785538643216,24.026273727416992,5999900,2018,1,5,Tuesday,23.6912,23.60544776916504,1.78,-1.65,-1.98,1.78,1.98,1,23.3694,23.3694,23.1333,22.8973,22.6612,22.4252,22.1891,21.9531,21.717,21.481,21.2449,21.0088,20.7728,20.5367,20.3007,20.0646,19.8286,19.5925,19.3565,19.1204,18.8844,18.6483,18.4122,18.1762,17.9401,17.7041,True,False,False,False,False,False,False,False,False,False,False,False,False,False,False,False,False,False,False,False,False,False,False,False,False
ALLY,2018-01-31,24.00279389358453,24.08105566533956,23.11061357664695,23.29844093322754,10726000,2018,1,5,Wednesday,23.6232,24.026273727416992,-3.03,-0.1,-3.81,-3.03,3.81,3,70.6372,23.786,23.5457,23.3055,23.0652,22.825,22.5847,22.3444,22.1042,21.8639,21.6236,21.3834,21.1431,20.9029,20.6626,20.4223,20.1821,19.9418,19.7015,19.4613,19.221,18.9808,18.7405,18.5002,18.26,18.0197,True,True,True,False,False,False,False,False,False,False,False,False,False,False,False,False,False,False,False,False,False,False,False,False,False
ALLY,2018-02-01,23.23583124803139,23.752356839218315,23.192787199979296,23.5880069732666,4334000,2018,2,5,Thursday,23.4422,23.29844093322754,1.24,-0.27,-0.45,1.24,0.45,0,0.0,23.0655,22.8325,22.5995,22.3665,22.1335,21.9005,21.6676,21.4346,21.2016,20.9686,20.7356,20.5026,20.2696,20.0367,19.8037,19.5707,19.3377,19.1047,18.8717,18.6388,18.4058,18.1728,17.9398,17.7068,17.4738,False,False,False,False,False,False,False,False,False,False,False,False,False,False,False,False,False,False,False,False,False,False,False,False,False
ALLY,2018-02-02,23.51757228026896,23.53322493328186,22.445390925110868,22.609739303588867,4068000,2018,2,5,Friday,23.0265,23.5880069732666,-4.15,-0.3,-4.84,-4.15,4.84,4,91.9932,23.3521,23.1162,22.8804,22.6445,22.4086,22.1727,21.9368,21.701,21.4651,21.2292,20.9933,20.7574,20.5216,20.2857,20.0498,19.8139,19.578,19.3422,19.1063,18.8704,18.6345,18.3986,18.1628,17.9269,17.691,True,True,True,True,False,False,False,False,False,False,False,False,False,False,False,False,False,False,False,False,False,False,False,False,False
ALLY,2018-02-05,22.38277972236656,22.805390865343725,21.73320960998535,21.73320960998535,3793900,2018,2,6,Monday,22.1636,22.609739303588867,-3.88,-1.0,-3.88,-3.88,3.88,3,66.4726,22.3836,22.1575,21.9314,21.7053,21.4793,21.2532,21.0271,20.801,20.5749,20.3488,20.1227,19.8966,19.6705,19.4444,19.2183,18.9922,18.7661,18.54,18.3139,18.0878,17.8617,17.6356,17.4095,17.1834,16.9573,True,True,True,False,False,False,False,False,False,False,False,False,False,False,False,False,False,False,False,False,False,False,False,False,False
ALLY,2018-02-06,21.161902639972688,22.241910291400583,21.13059733482333,22.077560424804688,5040300,2018,2,6,Tuesday,21.653,21.73320960998535,1.58,-2.63,-2.77,1.58,2.77,2,42.8144,21.5159,21.2985,21.0812,20.8639,20.6465,20.4292,20.2119,19.9946,19.7772,19.5599,19.3426,19.1252,18.9079,18.6906,18.4732,18.2559,18.0386,17.8212,17.6039,17.3866,17.1692,16.9519,16.7346,16.5172,16.2999,True,True,False,False,False,False,False,False,False,False,False,False,False,False,False,False,False,False,False,False,False,False,False,False,False
ALLY,2018-02-07,21.99147350979833,22.617564676732176,21.99147350979833,22.22625732421875,2955700,2018,2,6,Wednesday,22.2067,22.077560424804688,0.67,-0.39,-0.39,0.67,0.39,0,0.0,21.8568,21.636,21.4152,21.1945,20.9737,20.7529,20.5321,20.3114,20.0906,19.8698,19.649,19.4283,19.2075,18.9867,18.7659,18.5452,18.3244,18.1036,17.8828,17.662,17.4413,17.2205,16.9997,16.7789,16.5582,False,False,False,False,False,False,False,False,False,False,False,False,False,False,False,False,False,False,False,False,False,False,False,False,False
ALLY,2018-02-08,22.32799939633436,22.382782190101004,21.27929550996974,21.294946670532227,4975200,2018,2,6,Thursday,21.8213,22.22625732421875,-4.19,0.46,-4.26,-4.19,4.26,4,86.6824,22.004,21.7817,21.5595,21.3372,21.1149,20.8927,20.6704,20.4482,20.2259,20.0036,19.7814,19.5591,19.3368,19.1146,18.8923,18.6701,18.4478,18.2255,18.0033,17.781,17.5587,17.3365,17.1142,16.892,16.6697,True,True,True,True,False,False,False,False,False,False,False,False,False,False,False,False,False,False,False,False,False,False,False,False,False
ALLY,2018-02-09,21.545386856770268,21.83104109125012,21.0327736045638,21.576690673828125,4449800,2018,2,6,Friday,21.4965,21.294946670532227,1.32,1.18,-1.23,1.32,1.23,1,21.082,21.082,20.869,20.6561,20.4431,20.2302,20.0172,19.8043,19.5914,19.3784,19.1655,18.9525,18.7396,18.5266,18.3137,18.1007,17.8878,17.6748,17.4619,17.2489,17.036,16.823,16.6101,16.3971,16.1842,15.9712,True,False,False,False,False,False,False,False,False,False,False,False,False,False,False,False,False,False,False,False,False,False,False,False,False
ALLY,2018-02-12,21.733210873825165,22.171474693844395,21.63929645174721,21.967994689941406,2578200,2018,2,7,Monday,21.878,21.576690673828125,1.81,0.73,0.29,1.81,-0.29,0,0.0,21.3609,21.1452,20.9294,20.7136,20.4979,20.2821,20.0663,19.8506,19.6348,19.419,19.2033,18.9875,18.7717,18.556,18.3402,18.1244,17.9087,17.6929,17.4771,17.2614,17.0456,16.8298,16.6141,16.3983,16.1825,False,False,False,False,False,False,False,False,False,False,False,False,False,False,False,False,False,False,False,False,False,False,False,False,False
ALLY,2018-02-13,21.913216376680275,22.320176467642707,21.85843357457368,22.15582656860352,2186800,2018,2,7,Tuesday,22.0619,21.967994689941406,0.86,-0.25,-0.5,0.86,0.5,0,0.0,21.7483,21.5286,21.309,21.0893,20.8696,20.6499,20.4302,20.2106,19.9909,19.7712,19.5515,19.3318,19.1122,18.8925,18.6728,18.4531,18.2334,18.0138,17.7941,17.5744,17.3547,17.135,16.9154,16.6957,16.476,False,False,False,False,False,False,False,False,False,False,False,False,False,False,False,False,False,False,False,False,False,False,False,False,False
ALLY,2018-02-14,21.960171102826124,22.35930483418343,21.936693613917583,22.29669570922852,4071700,2018,2,7,Wednesday,22.1382,22.15582656860352,0.64,-0.88,-0.99,0.64,0.99,0,0.0,21.9343,21.7127,21.4912,21.2696,21.048,20.8265,20.6049,20.3834,20.1618,19.9402,19.7187,19.4971,19.2756,19.054,18.8325,18.6109,18.3893,18.1678,17.9462,17.7247,17.5031,17.2815,17.06,16.8384,16.6169,False,False,False,False,False,False,False,False,False,False,False,False,False,False,False,False,False,False,False,False,False,False,False,False,False
ALLY,2018-02-15,22.562781726990305,22.578434379232963,22.20277968172364,22.484519958496094,2173300,2018,2,7,Thursday,22.4571,22.29669570922852,0.84,1.19,-0.42,0.84,0.42,0,0.0,22.0737,21.8508,21.6278,21.4048,21.1819,20.9589,20.7359,20.513,20.29,20.067,19.8441,19.6211,19.3981,19.1752,18.9522,18.7292,18.5063,18.2833,18.0603,17.8374,17.6144,17.3914,17.1685,16.9455,16.7225,False,False,False,False,False,False,False,False,False,False,False,False,False,False,False,False,False,False,False,False,False,False,False,False,False
ALLY,2018-02-16,22.414085870071258,22.71148030976989,22.37495572981999,22.43756484985352,1568800,2018,2,7,Friday,22.4845,22.484519958496094,-0.21,-0.31,-0.49,-0.21,0.49,0,0.0,22.2597,22.0348,21.81,21.5851,21.3603,21.1354,20.9106,20.6858,20.4609,20.2361,20.0112,19.7864,19.5615,19.3367,19.1118,18.887,18.6622,18.4373,18.2125,17.9876,17.7628,17.5379,17.3131,17.0882,16.8634,False,False,False,False,False,False,False,False,False,False,False,False,False,False,False,False,False,False,False,False,False,False,False,False,False
ALLY,2018-02-20,22.26539251136524,22.64887359895231,22.23721743408564,22.46104621887207,2232600,2018,2,8,Tuesday,22.4031,22.43756484985352,0.1,-0.77,-0.89,0.1,0.89,0,0.0,22.2132,21.9888,21.7644,21.5401,21.3157,21.0913,20.8669,20.6426,20.4182,20.1938,19.9694,19.7451,19.5207,19.2963,19.0719,18.8476,18.6232,18.3988,18.1744,17.9501,17.7257,17.5013,17.2769,17.0525,16.8282,False,False,False,False,False,False,False,False,False,False,False,False,False,False,False,False,False,False,False,False,False,False,False,False,False
ALLY,2018-02-21,22.421906674806127,22.68016941793177,22.23407936096192,22.23407936096192,2238400,2018,2,8,Wednesday,22.3926,22.46104621887207,-1.01,-0.17,-1.01,-1.01,1.01,1,22.2364,22.2364,22.0118,21.7872,21.5626,21.338,21.1134,20.8888,20.6642,20.4396,20.2149,19.9903,19.7657,19.5411,19.3165,19.0919,18.8673,18.6427,18.4181,18.1934,17.9688,17.7442,17.5196,17.295,17.0704,16.8458,True,False,False,False,False,False,False,False,False,False,False,False,False,False,False,False,False,False,False,False,False,False,False,False,False
ALLY,2018-02-22,22.335824394327503,22.35147555395898,21.79973224671383,21.827123641967773,1890400,2018,2,8,Thursday,22.0785,22.23407936096192,-1.83,0.46,-1.95,-1.83,1.95,1,22.0117,22.0117,21.7894,21.5671,21.3447,21.1224,20.9,20.6777,20.4554,20.233,20.0107,19.7883,19.566,19.3436,19.1213,18.899,18.6766,18.4543,18.2319,18.0096,17.7873,17.5649,17.3426,17.1202,16.8979,16.6756,True,False,False,False,False,False,False,False,False,False,False,False,False,False,False,False,False,False,False,False,False,False,False,False,False
ALLY,2018-02-23,21.999300470512463,22.077560749097184,21.84277692790477,21.960168838500977,3358000,2018,2,8,Friday,21.97,21.827123641967773,0.61,0.79,0.07,0.61,-0.07,0,0.0,21.6089,21.3906,21.1723,20.954,20.7358,20.5175,20.2992,20.081,19.8627,19.6444,19.4261,19.2079,18.9896,18.7713,18.5531,18.3348,18.1165,17.8982,17.68,17.4617,17.2434,17.0252,16.8069,16.5886,16.3703,False,False,False,False,False,False,False,False,False,False,False,False,False,False,False,False,False,False,False,False,False,False,False,False,False
ALLY,2018-02-26,21.88973299638648,22.292780588835868,21.88973299638648,22.022777557373047,3272100,2018,2,9,Monday,22.0238,21.960168838500977,0.29,-0.32,-0.32,0.29,0.32,0,0.0,21.7406,21.521,21.3014,21.0818,20.8622,20.6426,20.423,20.2034,19.9838,19.7642,19.5446,19.3249,19.1053,18.8857,18.6661,18.4465,18.2269,18.0073,17.7877,17.5681,17.3485,17.1289,16.9093,16.6897,16.4701,False,False,False,False,False,False,False,False,False,False,False,False,False,False,False,False,False,False,False,False,False,False,False,False,False
ALLY,2018-02-27,22.03842997054313,22.24973629911849,21.827123641967773,21.827123641967773,3304500,2018,2,9,Tuesday,21.9856,22.022777557373047,-0.89,0.07,-0.89,-0.89,0.89,0,0.0,21.8025,21.5823,21.3621,21.1419,20.9216,20.7014,20.4812,20.261,20.0407,19.8205,19.6003,19.38,19.1598,18.9396,18.7194,18.4991,18.2789,18.0587,17.8384,17.6182,17.398,17.1778,16.9575,16.7373,16.5171,False,False,False,False,False,False,False,False,False,False,False,False,False,False,False,False,False,False,False,False,False,False,False,False,False
ALLY,2018-02-28,21.88190022236862,22.26538263252929,21.795813644310154,21.834943771362305,3002700,2018,2,9,Wednesday,21.9445,21.827123641967773,0.04,0.25,-0.14,0.04,0.14,0,0.0,21.6089,21.3906,21.1723,20.954,20.7358,20.5175,20.2992,20.081,19.8627,19.6444,19.4261,19.2079,18.9896,18.7713,18.5531,18.3348,18.1165,17.8982,17.68,17.4617,17.2434,17.0252,16.8069,16.5886,16.3703,False,False,False,False,False,False,False,False,False,False,False,False,False,False,False,False,False,False,False,False,False,False,False,False,False
ALLY,2018-03-01,21.780170084144995,22.007129095358035,21.353644953347462,21.44364547729492,3311200,2018,3,9,Thursday,21.6461,21.834943771362305,-1.79,-0.25,-2.2,-1.79,2.2,2,43.0148,21.6166,21.3982,21.1799,20.9615,20.7432,20.5248,20.3065,20.0881,19.8698,19.6514,19.4331,19.2148,18.9964,18.7781,18.5597,18.3414,18.123,17.9047,17.6863,17.468,17.2496,17.0313,16.8129,16.5946,16.3762,True,True,False,False,False,False,False,False,False,False,False,False,False,False,False,False,False,False,False,False,False,False,False,False,False
ALLY,2018-03-02,21.32625330016062,21.717560700163563,20.9138149661884,21.678430557250977,2740400,2018,3,9,Friday,21.409,21.44364547729492,1.09,-0.55,-2.47,1.09,2.47,2,42.244,21.2292,21.0148,20.8003,20.5859,20.3715,20.157,19.9426,19.7282,19.5137,19.2993,19.0848,18.8704,18.656,18.4415,18.2271,18.0127,17.7982,17.5838,17.3694,17.1549,16.9405,16.726,16.5116,16.2972,16.0827,True,True,False,False,False,False,False,False,False,False,False,False,False,False,False,False,False,False,False,False,False,False,False,False,False
ALLY,2018-03-05,21.553215339866483,21.991479271544907,21.47886596806925,21.858434677124023,2305000,2018,3,10,Monday,21.7205,21.678430557250977,0.83,-0.58,-0.92,0.83,0.92,0,0.0,21.4616,21.2449,21.0281,20.8113,20.5945,20.3777,20.1609,19.9442,19.7274,19.5106,19.2938,19.077,18.8602,18.6435,18.4267,18.2099,17.9931,17.7763,17.5595,17.3427,17.126,16.9092,16.6924,16.4756,16.2588,False,False,False,False,False,False,False,False,False,False,False,False,False,False,False,False,False,False,False,False,False,False,False,False,False
ALLY,2018-03-06,21.95233966942165,22.20277760370781,21.85060042480458,22.007123947143555,2819900,2018,3,10,Tuesday,22.0032,21.858434677124023,0.68,0.43,-0.04,0.68,0.04,0,0.0,21.6399,21.4213,21.2027,20.9841,20.7655,20.5469,20.3283,20.1098,19.8912,19.6726,19.454,19.2354,19.0168,18.7983,18.5797,18.3611,18.1425,17.9239,17.7053,17.4867,17.2682,17.0496,16.831,16.6124,16.3938,False,False,False,False,False,False,False,False,False,False,False,False,False,False,False,False,False,False,False,False,False,False,False,False,False
ALLY,2018-03-07,21.80364843250285,22.257564949025344,21.75669047054866,22.194955825805664,2539800,2018,3,10,Wednesday,22.0032,22.007123947143555,0.85,-0.92,-1.14,0.85,1.14,1,21.7871,21.7871,21.567,21.3469,21.1268,20.9068,20.6867,20.4666,20.2466,20.0265,19.8064,19.5863,19.3663,19.1462,18.9261,18.7061,18.486,18.2659,18.0458,17.8258,17.6057,17.3856,17.1656,16.9455,16.7254,16.5053,True,False,False,False,False,False,False,False,False,False,False,False,False,False,False,False,False,False,False,False,False,False,False,False,False
ALLY,2018-03-08,22.2653863068739,22.311560580920307,21.86625267565656,22.03842735290528,1614000,2018,3,10,Thursday,22.1204,22.194955825805664,-0.71,0.32,-1.48,-0.71,1.48,1,21.973,21.973,21.7511,21.5291,21.3072,21.0852,20.8633,20.6413,20.4194,20.1974,19.9755,19.7535,19.5316,19.3096,19.0877,18.8657,18.6438,18.4218,18.1999,17.9779,17.756,17.534,17.3121,17.0901,16.8682,16.6462,True,False,False,False,False,False,False,False,False,False,False,False,False,False,False,False,False,False,False,False,False,False,False,False,False
ALLY,2018-03-09,22.23408665774152,22.54713228355048,22.16365120534459,22.382783889770508,2930800,2018,3,10,Friday,22.3319,22.03842735290528,1.56,0.89,0.57,1.56,-0.57,0,0.0,21.818,21.5977,21.3773,21.1569,20.9365,20.7161,20.4957,20.2754,20.055,19.8346,19.6142,19.3938,19.1734,18.953,18.7327,18.5123,18.2919,18.0715,17.8511,17.6307,17.4104,17.19,16.9696,16.7492,16.5288,False,False,False,False,False,False,False,False,False,False,False,False,False,False,False,False,False,False,False,False,False,False,False,False,False
ALLY,2018-03-12,22.43756723659229,22.63322094409913,22.26539251136524,22.46104621887207,2761100,2018,3,11,Monday,22.4493,22.382783889770508,0.35,0.24,-0.52,0.35,0.52,0,0.0,22.159,21.9351,21.7113,21.4875,21.2636,21.0398,20.816,20.5922,20.3683,20.1445,19.9207,19.6968,19.473,19.2492,19.0254,18.8015,18.5777,18.3539,18.1301,17.9062,17.6824,17.4586,17.2347,17.0109,16.7871,False,False,False,False,False,False,False,False,False,False,False,False,False,False,False,False,False,False,False,False,False,False,False,False,False
ALLY,2018-03-13,22.531476794066982,22.59799832370958,22.33582312892664,22.35930061340332,2420000,2018,3,11,Tuesday,22.4561,22.46104621887207,-0.45,0.31,-0.56,-0.45,0.56,0,0.0,22.2364,22.0118,21.7872,21.5626,21.338,21.1134,20.8888,20.6642,20.4396,20.2149,19.9903,19.7657,19.5411,19.3165,19.0919,18.8673,18.6427,18.4181,18.1934,17.9688,17.7442,17.5196,17.295,17.0704,16.8458,False,False,False,False,False,False,False,False,False,False,False,False,False,False,False,False,False,False,False,False,False,False,False,False,False
ALLY,2018-03-14,22.328004346049426,22.38278715196043,21.670607689678373,21.79582595825196,3107600,2018,3,11,Wednesday,22.0443,22.35930061340332,-2.52,-0.14,-3.08,-2.52,3.08,3,65.7363,22.1357,21.9121,21.6885,21.4649,21.2413,21.0177,20.7941,20.5706,20.347,20.1234,19.8998,19.6762,19.4526,19.229,19.0054,18.7818,18.5582,18.3346,18.111,17.8874,17.6638,17.4403,17.2167,16.9931,16.7695,True,True,True,False,False,False,False,False,False,False,False,False,False,False,False,False,False,False,False,False,False,False,False,False,False
ALLY,2018-03-15,21.85060948434424,21.897565963427112,21.267560689247013,21.498432159423828,5024500,2018,3,11,Thursday,21.6285,21.79582595825196,-1.36,0.25,-2.42,-1.36,2.42,2,42.9378,21.5779,21.3599,21.142,20.924,20.706,20.4881,20.2701,20.0522,19.8342,19.6162,19.3983,19.1803,18.9624,18.7444,18.5265,18.3085,18.0905,17.8726,17.6546,17.4367,17.2187,17.0007,16.7828,16.5648,16.3469,True,True,False,False,False,False,False,False,False,False,False,False,False,False,False,False,False,False,False,False,False,False,False,False,False
ALLY,2018-03-16,21.482773547178663,21.76451381672108,21.32625001420696,21.67060089111328,3981900,2018,3,11,Friday,21.561,21.498432159423828,0.8,-0.07,-0.8,0.8,0.8,0,0.0,21.2834,21.0685,20.8535,20.6385,20.4235,20.2085,19.9935,19.7786,19.5636,19.3486,19.1336,18.9186,18.7036,18.4887,18.2737,18.0587,17.8437,17.6287,17.4137,17.1987,16.9838,16.7688,16.5538,16.3388,16.1238,False,False,False,False,False,False,False,False,False,False,False,False,False,False,False,False,False,False,False,False,False,False,False,False,False
ALLY,2018-03-19,21.600170408894822,21.705823593995696,21.122774867191502,21.365385055541992,2946000,2018,3,12,Monday,21.4485,21.67060089111328,-1.41,-0.33,-2.53,-1.41,2.53,2,42.6911,21.4539,21.2372,21.0205,20.8038,20.5871,20.3704,20.1537,19.937,19.7202,19.5035,19.2868,19.0701,18.8534,18.6367,18.42,18.2033,17.9866,17.7699,17.5532,17.3365,17.1198,16.9031,16.6864,16.4697,16.253,True,True,False,False,False,False,False,False,False,False,False,False,False,False,False,False,False,False,False,False,False,False,False,False,False
ALLY,2018-03-20,21.38103207586789,21.506250300899577,21.31842296335204,21.45146751403809,2905100,2018,3,12,Tuesday,21.4143,21.365385055541992,0.4,0.07,-0.22,0.4,0.22,0,0.0,21.1517,20.9381,20.7244,20.5108,20.2971,20.0835,19.8698,19.6562,19.4425,19.2288,19.0152,18.8015,18.5879,18.3742,18.1606,17.9469,17.7333,17.5196,17.306,17.0923,16.8787,16.665,16.4513,16.2377,16.024,False,False,False,False,False,False,False,False,False,False,False,False,False,False,False,False,False,False,False,False,False,False,False,False,False
ALLY,2018-03-21,21.459302008974696,21.686259568474863,21.3653875580894,21.498432159423828,1660600,2018,3,12,Wednesday,21.5023,21.45146751403809,0.22,0.04,-0.4,0.22,0.4,0,0.0,21.237,21.0224,20.8079,20.5934,20.3789,20.1644,19.9499,19.7354,19.5208,19.3063,19.0918,18.8773,18.6628,18.4483,18.2337,18.0192,17.8047,17.5902,17.3757,17.1612,16.9467,16.7321,16.5176,16.3031,16.0886,False,False,False,False,False,False,False,False,False,False,False,False,False,False,False,False,False,False,False,False,False,False,False,False,False
ALLY,2018-03-22,21.247992440277724,21.369298276902256,20.715814114429783,20.72364044189453,2527200,2018,3,12,Thursday,21.0142,21.498432159423828,-3.6,-1.16,-3.64,-3.6,3.64,3,63.2054,21.2834,21.0685,20.8535,20.6385,20.4235,20.2085,19.9935,19.7786,19.5636,19.3486,19.1336,18.9186,18.7036,18.4887,18.2737,18.0587,17.8437,17.6287,17.4137,17.1987,16.9838,16.7688,16.5538,16.3388,16.1238,True,True,True,False,False,False,False,False,False,False,False,False,False,False,False,False,False,False,False,False,False,False,False,False,False
ALLY,2018-03-23,20.80189635802735,20.88015811788692,20.301023483276367,20.301023483276367,3321700,2018,3,12,Friday,20.571,20.72364044189453,-2.04,0.38,-2.04,-2.04,2.04,2,40.8256,20.5164,20.3092,20.1019,19.8947,19.6875,19.4802,19.273,19.0657,18.8585,18.6513,18.444,18.2368,18.0296,17.8223,17.6151,17.4079,17.2006,16.9934,16.7861,16.5789,16.3717,16.1644,15.9572,15.75,15.5427,True,True,False,False,False,False,False,False,False,False,False,False,False,False,False,False,False,False,False,False,False,False,False,False,False
ALLY,2018-03-26,20.54363483524883,20.94276849117423,20.54363483524883,20.88015937805176,2513800,2018,3,13,Monday,20.7275,20.301023483276367,2.85,1.2,1.2,2.85,-1.2,0,0.0,20.098,19.895,19.692,19.489,19.286,19.083,18.88,18.6769,18.4739,18.2709,18.0679,17.8649,17.6619,17.4589,17.2559,17.0529,16.8498,16.6468,16.4438,16.2408,16.0378,15.8348,15.6318,15.4288,15.2258,False,False,False,False,False,False,False,False,False,False,False,False,False,False,False,False,False,False,False,False,False,False,False,False,False
ALLY,2018-03-27,20.927118807060403,21.04451072422067,20.371463035899485,20.520158767700195,2745100,2018,3,13,Tuesday,20.7158,20.88015937805176,-1.72,0.22,-2.44,-1.72,2.44,2,41.1339,20.6714,20.4626,20.2538,20.045,19.8362,19.6273,19.4185,19.2097,19.0009,18.7921,18.5833,18.3745,18.1657,17.9569,17.7481,17.5393,17.3305,17.1217,16.9129,16.7041,16.4953,16.2865,16.0777,15.8689,15.6601,True,True,False,False,False,False,False,False,False,False,False,False,False,False,False,False,False,False,False,False,False,False,False,False,False
ALLY,2018-03-28,20.574940996910502,20.866855644506987,20.504505555118065,20.80972480773925,3089200,2018,3,13,Wednesday,20.689,20.520158767700195,1.41,0.27,-0.08,1.41,0.08,0,0.0,20.315,20.1098,19.9046,19.6994,19.4942,19.2889,19.0837,18.8785,18.6733,18.4681,18.2629,18.0577,17.8525,17.6473,17.4421,17.2369,17.0317,16.8265,16.6213,16.4161,16.2109,16.0057,15.8005,15.5953,15.3901,False,False,False,False,False,False,False,False,False,False,False,False,False,False,False,False,False,False,False,False,False,False,False,False,False
ALLY,2018-03-29,20.872340562682595,21.310604512237635,20.79799268057222,21.24799537658692,2781300,2018,3,13,Thursday,21.0572,20.80972480773925,2.11,0.3,-0.06,2.11,0.06,0,0.0,20.6016,20.3935,20.1854,19.9773,19.7692,19.5611,19.353,19.1449,18.9368,18.7288,18.5207,18.3126,18.1045,17.8964,17.6883,17.4802,17.2721,17.064,16.8559,16.6478,16.4397,16.2316,16.0235,15.8154,15.6073,False,False,False,False,False,False,False,False,False,False,False,False,False,False,False,False,False,False,False,False,False,False,False,False,False
ALLY,2018-04-02,21.130599957882392,21.20103541049288,20.40276794272025,20.67668342590332,2427000,2018,4,14,Monday,20.8528,21.24799537658692,-2.69,-0.55,-3.98,-2.69,3.98,3,62.4691,21.0355,20.823,20.6106,20.3981,20.1856,19.9731,19.7606,19.5482,19.3357,19.1232,18.9107,18.6982,18.4858,18.2733,18.0608,17.8483,17.6358,17.4234,17.2109,16.9984,16.7859,16.5734,16.361,16.1485,15.936,True,True,True,False,False,False,False,False,False,False,False,False,False,False,False,False,False,False,False,False,False,False,False,False,False
ALLY,2018-04-03,20.79407610206384,21.075817922704434,20.61407504675206,20.919294357299805,2583500,2018,4,14,Tuesday,20.8508,20.67668342590332,1.17,0.57,-0.3,1.17,0.3,0,0.0,20.4699,20.2631,20.0564,19.8496,19.6428,19.4361,19.2293,19.0225,18.8158,18.609,18.4022,18.1955,17.9887,17.7819,17.5752,17.3684,17.1616,16.9549,16.7481,16.5413,16.3346,16.1278,15.921,15.7143,15.5075,False,False,False,False,False,False,False,False,False,False,False,False,False,False,False,False,False,False,False,False,False,False,False,False,False
ALLY,2018-04-04,20.543633507022843,20.9623322038437,20.47319807272411,20.927114486694336,2584900,2018,4,14,Wednesday,20.7266,20.919294357299805,0.04,-1.8,-2.13,0.04,2.13,2,41.211,20.7101,20.5009,20.2917,20.0825,19.8733,19.6641,19.4549,19.2458,19.0366,18.8274,18.6182,18.409,18.1998,17.9906,17.7814,17.5722,17.363,17.1538,16.9446,16.7354,16.5262,16.317,16.1079,15.8987,15.6895,True,True,False,False,False,False,False,False,False,False,False,False,False,False,False,False,False,False,False,False,False,False,False,False,False
ALLY,2018-04-05,21.154077269154783,21.416252494386352,21.075815495465648,21.294946670532227,2420300,2018,4,14,Thursday,21.2353,20.927114486694336,1.76,1.08,0.71,1.76,-0.71,0,0.0,20.7178,20.5086,20.2993,20.09,19.8808,19.6715,19.4622,19.2529,19.0437,18.8344,18.6251,18.4159,18.2066,17.9973,17.788,17.5788,17.3695,17.1602,16.951,16.7417,16.5324,16.3231,16.1139,15.9046,15.6953,False,False,False,False,False,False,False,False,False,False,False,False,False,False,False,False,False,False,False,False,False,False,False,False,False
ALLY,2018-04-06,21.099293829631428,21.20886091428211,20.65320364223142,20.83320617675781,1512100,2018,4,14,Friday,20.9486,21.294946670532227,-2.17,-0.92,-3.01,-2.17,3.01,3,62.6071,21.082,20.869,20.6561,20.4431,20.2302,20.0172,19.8043,19.5914,19.3784,19.1655,18.9525,18.7396,18.5266,18.3137,18.1007,17.8878,17.6748,17.4619,17.2489,17.036,16.823,16.6101,16.3971,16.1842,15.9712,True,True,True,False,False,False,False,False,False,False,False,False,False,False,False,False,False,False,False,False,False,False,False,False,False
ALLY,2018-04-09,21.091470101625088,21.42408080470168,20.958425521850582,20.958425521850582,2533200,2018,4,15,Monday,21.1081,20.83320617675781,0.6,1.24,0.6,0.6,-0.6,0,0.0,20.6249,20.4165,20.2082,19.9999,19.7915,19.5832,19.3749,19.1665,18.9582,18.7499,18.5416,18.3332,18.1249,17.9166,17.7082,17.4999,17.2916,17.0832,16.8749,16.6666,16.4582,16.2499,16.0416,15.8332,15.6249,False,False,False,False,False,False,False,False,False,False,False,False,False,False,False,False,False,False,False,False,False,False,False,False,False
ALLY,2018-04-10,21.16190241734811,21.55320977128381,21.11494446011808,21.51407814025879,2644700,2018,4,15,Tuesday,21.336,20.958425521850582,2.65,0.97,0.75,2.65,-0.75,0,0.0,20.7488,20.5393,20.3297,20.1201,19.9105,19.7009,19.4913,19.2818,19.0722,18.8626,18.653,18.4434,18.2338,18.0242,17.8147,17.6051,17.3955,17.1859,16.9763,16.7667,16.5572,16.3476,16.138,15.9284,15.7188,False,False,False,False,False,False,False,False,False,False,False,False,False,False,False,False,False,False,False,False,False,False,False,False,False
ALLY,2018-04-11,21.294946670532227,21.600167438647954,21.23233755012475,21.294946670532227,2069600,2018,4,15,Wednesday,21.3556,21.51407814025879,-1.02,-1.02,-1.31,-1.02,1.31,1,21.2989,21.2989,21.0838,20.8687,20.6535,20.4384,20.2232,20.0081,19.793,19.5778,19.3627,19.1475,18.9324,18.7172,18.5021,18.287,18.0718,17.8567,17.6415,17.4264,17.2113,16.9961,16.781,16.5658,16.3507,16.1356,True,False,False,False,False,False,False,False,False,False,False,False,False,False,False,False,False,False,False,False,False,False,False,False,False
ALLY,2018-04-12,21.459299223813247,21.752779792250127,21.3732111127349,21.600170135498047,1828200,2018,4,15,Thursday,21.5464,21.294946670532227,1.43,0.77,0.37,1.43,-0.37,0,0.0,21.082,20.869,20.6561,20.4431,20.2302,20.0172,19.8043,19.5914,19.3784,19.1655,18.9525,18.7396,18.5266,18.3137,18.1007,17.8878,17.6748,17.4619,17.2489,17.036,16.823,16.6101,16.3971,16.1842,15.9712,False,False,False,False,False,False,False,False,False,False,False,False,False,False,False,False,False,False,False,False,False,False,False,False,False
ALLY,2018-04-13,21.764509986993005,21.827119090621053,21.177549080710527,21.32624626159668,1942700,2018,4,15,Friday,21.5239,21.600170135498047,-1.27,0.76,-1.96,-1.27,1.96,1,21.3842,21.3842,21.1682,20.9522,20.7362,20.5202,20.3042,20.0882,19.8722,19.6562,19.4402,19.2242,19.0081,18.7921,18.5761,18.3601,18.1441,17.9281,17.7121,17.4961,17.2801,17.0641,16.8481,16.6321,16.4161,16.2001,True,False,False,False,False,False,False,False,False,False,False,False,False,False,False,False,False,False,False,False,False,False,False,False,False
ALLY,2018-04-16,21.42016893956618,21.5610383576183,21.31451575648758,21.427993774414062,1916000,2018,4,16,Monday,21.4309,21.32624626159668,0.48,0.44,-0.06,0.48,0.06,0,0.0,21.113,20.8997,20.6865,20.4732,20.2599,20.0467,19.8334,19.6201,19.4069,19.1936,18.9804,18.7671,18.5538,18.3406,18.1273,17.914,17.7008,17.4875,17.2743,17.061,16.8477,16.6345,16.4212,16.2079,15.9947,False,False,False,False,False,False,False,False,False,False,False,False,False,False,False,False,False,False,False,False,False,False,False,False,False
ALLY,2018-04-17,21.62364373001112,21.725384477996244,21.45146903159204,21.54538345336914,1863500,2018,4,16,Tuesday,21.5865,21.427993774414062,0.55,0.91,0.11,0.55,-0.11,0,0.0,21.2137,20.9994,20.7852,20.5709,20.3566,20.1423,19.928,19.7138,19.4995,19.2852,19.0709,18.8566,18.6424,18.4281,18.2138,17.9995,17.7852,17.571,17.3567,17.1424,16.9281,16.7138,16.4996,16.2853,16.071,False,False,False,False,False,False,False,False,False,False,False,False,False,False,False,False,False,False,False,False,False,False,False,False,False
ALLY,2018-04-18,21.61581842037548,21.701905021329186,21.42016474764214,21.55320930480957,2352800,2018,4,16,Wednesday,21.5728,21.54538345336914,0.04,0.33,-0.58,0.04,0.58,0,0.0,21.3299,21.1145,20.899,20.6836,20.4681,20.2527,20.0372,19.8218,19.6063,19.3908,19.1754,18.9599,18.7445,18.529,18.3136,18.0981,17.8827,17.6672,17.4518,17.2363,17.0209,16.8054,16.5899,16.3745,16.159,False,False,False,False,False,False,False,False,False,False,False,False,False,False,False,False,False,False,False,False,False,False,False,False,False
ALLY,2018-04-19,21.56886387473995,21.725387434764546,21.36929775379193,21.615821838378903,3232100,2018,4,16,Thursday,21.5698,21.55320930480957,0.29,0.07,-0.85,0.29,0.85,0,0.0,21.3377,21.1221,20.9066,20.6911,20.4755,20.26,20.0445,19.829,19.6134,19.3979,19.1824,18.9668,18.7513,18.5358,18.3202,18.1047,17.8892,17.6736,17.4581,17.2426,17.027,16.8115,16.596,16.3804,16.1649,False,False,False,False,False,False,False,False,False,False,False,False,False,False,False,False,False,False,False,False,False,False,False,False,False
ALLY,2018-04-20,21.678426732425507,21.70190421694311,21.486685483457386,21.64712142944336,2108200,2018,4,16,Friday,21.6285,21.615821838378903,0.14,0.29,-0.6,0.14,0.6,0,0.0,21.3997,21.1835,20.9673,20.7512,20.535,20.3189,20.1027,19.8866,19.6704,19.4542,19.2381,19.0219,18.8058,18.5896,18.3734,18.1573,17.9411,17.725,17.5088,17.2927,17.0765,16.8603,16.6442,16.428,16.2119,False,False,False,False,False,False,False,False,False,False,False,False,False,False,False,False,False,False,False,False,False,False,False,False,False
ALLY,2018-04-23,21.67843191895842,21.70190940909298,21.5140820244197,21.600170135498047,1652400,2018,4,17,Monday,21.6236,21.64712142944336,-0.22,0.14,-0.61,-0.22,0.61,0,0.0,21.4307,21.2142,20.9977,20.7812,20.5648,20.3483,20.1318,19.9154,19.6989,19.4824,19.2659,19.0495,18.833,18.6165,18.4001,18.1836,17.9671,17.7506,17.5342,17.3177,17.1012,16.8848,16.6683,16.4518,16.2353,False,False,False,False,False,False,False,False,False,False,False,False,False,False,False,False,False,False,False,False,False,False,False,False,False
ALLY,2018-04-24,21.8349506762212,22.695827178071173,21.70190611236512,22.014951705932617,6113800,2018,4,17,Tuesday,22.0619,21.600170135498047,1.92,1.09,0.47,1.92,-0.47,0,0.0,21.3842,21.1682,20.9522,20.7362,20.5202,20.3042,20.0882,19.8722,19.6562,19.4402,19.2242,19.0081,18.7921,18.5761,18.3601,18.1441,17.9281,17.7121,17.4961,17.2801,17.0641,16.8481,16.6321,16.4161,16.2001,False,False,False,False,False,False,False,False,False,False,False,False,False,False,False,False,False,False,False,False,False,False,False,False,False
ALLY,2018-04-25,21.975823258051754,22.081476433898068,21.701907782826417,21.850605010986328,4766700,2018,4,17,Wednesday,21.9025,22.014951705932617,-0.75,-0.18,-1.42,-0.75,1.42,1,21.7948,21.7948,21.5747,21.3545,21.1344,20.9142,20.6941,20.4739,20.2538,20.0336,19.8135,19.5933,19.3732,19.153,18.9329,18.7127,18.4926,18.2724,18.0523,17.8321,17.612,17.3918,17.1717,16.9515,16.7314,16.5112,True,False,False,False,False,False,False,False,False,False,False,False,False,False,False,False,False,False,False,False,False,False,False,False,False
ALLY,2018-04-26,21.3653782186272,21.662772605830792,20.770592429657807,21.271465301513672,5049500,2018,4,17,Thursday,21.2676,21.850605010986328,-2.65,-2.22,-4.94,-2.65,4.94,4,85.2174,21.6321,21.4136,21.1951,20.9766,20.7581,20.5396,20.3211,20.1026,19.8841,19.6655,19.447,19.2285,19.01,18.7915,18.573,18.3545,18.136,17.9175,17.699,17.4805,17.262,17.0435,16.825,16.6065,16.388,True,True,True,True,False,False,False,False,False,False,False,False,False,False,False,False,False,False,False,False,False,False,False,False,False
ALLY,2018-04-27,21.31842316990908,21.381032283031555,20.84102774940084,20.88015937805176,3128800,2018,4,17,Friday,21.1052,21.271465301513672,-1.84,0.22,-2.02,-1.84,2.02,2,41.9048,21.0588,20.846,20.6333,20.4206,20.2079,19.9952,19.7825,19.5697,19.357,19.1443,18.9316,18.7189,18.5062,18.2935,18.0807,17.868,17.6553,17.4426,17.2299,17.0172,16.8045,16.5917,16.379,16.1663,15.9536,True,True,False,False,False,False,False,False,False,False,False,False,False,False,False,False,False,False,False,False,False,False,False,False,False
ALLY,2018-04-30,20.90375056929604,20.97453088330266,20.526256561279297,20.526256561279297,3984400,2018,4,18,Monday,20.7327,20.88015937805176,-1.69,0.11,-1.69,-1.69,1.69,1,20.6714,20.6714,20.4626,20.2538,20.045,19.8362,19.6273,19.4185,19.2097,19.0009,18.7921,18.5833,18.3745,18.1657,17.9569,17.7481,17.5393,17.3305,17.1217,16.9129,16.7041,16.4953,16.2865,16.0777,15.8689,15.6601,True,False,False,False,False,False,False,False,False,False,False,False,False,False,False,False,False,False,False,False,False,False,False,False,False
ALLY,2018-05-01,20.43974863116478,20.809378023484413,20.384697604652064,20.699275970458984,3480600,2018,5,18,Tuesday,20.5833,20.526256561279297,0.84,-0.42,-0.69,0.84,0.69,0,0.0,20.321,20.1157,19.9105,19.7052,19.4999,19.2947,19.0894,18.8842,18.6789,18.4736,18.2684,18.0631,17.8578,17.6526,17.4473,17.2421,17.0368,16.8315,16.6263,16.421,16.2157,16.0105,15.8052,15.6,15.3947,False,False,False,False,False,False,False,False,False,False,False,False,False,False,False,False,False,False,False,False,False,False,False,False,False
ALLY,2018-05-02,20.68354882747442,21.068909053182367,20.68354882747442,20.825109481811523,2630800,2018,5,18,Wednesday,20.8153,20.699275970458984,0.61,-0.08,-0.08,0.61,0.08,0,0.0,20.4923,20.2853,20.0783,19.8713,19.6643,19.4573,19.2503,19.0433,18.8363,18.6293,18.4224,18.2154,18.0084,17.8014,17.5944,17.3874,17.1804,16.9734,16.7664,16.5594,16.3524,16.1454,15.9384,15.7314,15.5245,False,False,False,False,False,False,False,False,False,False,False,False,False,False,False,False,False,False,False,False,False,False,False,False,False
ALLY,2018-05-03,20.754324537920184,20.76218918363702,20.188869561121464,20.44761085510254,3984300,2018,5,18,Thursday,20.5382,20.825109481811523,-1.81,-0.34,-3.06,-1.81,3.06,3,61.2258,20.6169,20.4086,20.2004,19.9921,19.7839,19.5756,19.3674,19.1591,18.9508,18.7426,18.5343,18.3261,18.1178,17.9096,17.7013,17.4931,17.2848,17.0766,16.8683,16.6601,16.4518,16.2436,16.0353,15.8271,15.6188,True,True,True,False,False,False,False,False,False,False,False,False,False,False,False,False,False,False,False,False,False,False,False,False,False
ALLY,2018-05-04,20.35324396279849,20.888028064607955,20.33751616570812,20.73073959350586,1927500,2018,5,18,Friday,20.5774,20.44761085510254,1.38,-0.46,-0.54,1.38,0.54,0,0.0,20.2431,20.0387,19.8342,19.6297,19.4252,19.2208,19.0163,18.8118,18.6073,18.4028,18.1984,17.9939,17.7894,17.5849,17.3805,17.176,16.9715,16.767,16.5626,16.3581,16.1536,15.9491,15.7447,15.5402,15.3357,False,False,False,False,False,False,False,False,False,False,False,False,False,False,False,False,False,False,False,False,False,False,False,False,False
ALLY,2018-05-07,20.77792111905533,20.958803493476417,20.72680166540486,20.872295379638672,1953100,2018,5,19,Monday,20.834,20.73073959350586,0.68,0.23,-0.02,0.68,0.02,0,0.0,20.5234,20.3161,20.1088,19.9015,19.6942,19.4869,19.2796,19.0723,18.865,18.6577,18.4504,18.2431,18.0357,17.8284,17.6211,17.4138,17.2065,16.9992,16.7919,16.5846,16.3773,16.17,15.9627,15.7554,15.5481,False,False,False,False,False,False,False,False,False,False,False,False,False,False,False,False,False,False,False,False,False,False,False,False,False
ALLY,2018-05-08,20.832971702504544,21.26551826259604,20.832971702504544,20.89588737487793,3249600,2018,5,19,Tuesday,20.9568,20.872295379638672,0.11,-0.19,-0.19,0.11,0.19,0,0.0,20.6636,20.4548,20.2461,20.0374,19.8287,19.62,19.4112,19.2025,18.9938,18.7851,18.5763,18.3676,18.1589,17.9502,17.7415,17.5327,17.324,17.1153,16.9066,16.6978,16.4891,16.2804,16.0717,15.8629,15.6542,False,False,False,False,False,False,False,False,False,False,False,False,False,False,False,False,False,False,False,False,False,False,False,False,False
ALLY,2018-05-09,20.958808170059744,21.39921798431961,20.95094352158728,21.28911590576172,2266200,2018,5,19,Wednesday,21.1495,20.89588737487793,1.88,0.3,0.26,1.88,-0.26,0,0.0,20.6869,20.478,20.269,20.0601,19.8511,19.6421,19.4332,19.2242,19.0153,18.8063,18.5973,18.3884,18.1794,17.9705,17.7615,17.5525,17.3436,17.1346,16.9257,16.7167,16.5078,16.2988,16.0898,15.8809,15.6719,False,False,False,False,False,False,False,False,False,False,False,False,False,False,False,False,False,False,False,False,False,False,False,False,False
ALLY,2018-05-10,21.312710148468422,21.61942394303133,21.23406516267508,21.50145721435547,1939000,2018,5,19,Thursday,21.4169,21.28911590576172,1.0,0.11,-0.26,1.0,0.26,0,0.0,21.0762,20.8633,20.6504,20.4376,20.2247,20.0118,19.7989,19.586,19.3731,19.1602,18.9473,18.7344,18.5215,18.3086,18.0957,17.8829,17.67,17.4571,17.2442,17.0313,16.8184,16.6055,16.3926,16.1797,15.9668,False,False,False,False,False,False,False,False,False,False,False,False,False,False,False,False,False,False,False,False,False,False,False,False,False
ALLY,2018-05-11,21.548638838216466,21.55650348505859,20.9509391784668,20.9509391784668,4394700,2018,5,19,Friday,21.2518,21.50145721435547,-2.56,0.22,-2.56,-2.56,2.56,2,42.3579,21.2864,21.0714,20.8564,20.6414,20.4264,20.2114,19.9964,19.7813,19.5663,19.3513,19.1363,18.9213,18.7063,18.4913,18.2762,18.0612,17.8462,17.6312,17.4162,17.2012,16.9862,16.7711,16.5561,16.3411,16.1261,True,True,False,False,False,False,False,False,False,False,False,False,False,False,False,False,False,False,False,False,False,False,False,False,False
ALLY,2018-05-14,21.00599029555451,21.34023103763857,21.00599029555451,21.03744888305664,3027600,2018,5,20,Monday,21.0974,20.9509391784668,0.41,0.26,0.26,0.41,-0.26,0,0.0,20.7414,20.5319,20.3224,20.1129,19.9034,19.6939,19.4844,19.2749,19.0654,18.8558,18.6463,18.4368,18.2273,18.0178,17.8083,17.5988,17.3893,17.1798,16.9703,16.7608,16.5512,16.3417,16.1322,15.9227,15.7132,False,False,False,False,False,False,False,False,False,False,False,False,False,False,False,False,False,False,False,False,False,False,False,False,False
ALLY,2018-05-15,21.03744797545343,21.383484922907964,20.860497178458044,20.91948127746582,3545100,2018,5,20,Tuesday,21.0502,21.03744888305664,-0.56,-0.0,-0.84,-0.56,0.84,0,0.0,20.8271,20.6167,20.4063,20.196,19.9856,19.7752,19.5648,19.3545,19.1441,18.9337,18.7233,18.513,18.3026,18.0922,17.8818,17.6715,17.4611,17.2507,17.0403,16.83,16.6196,16.4092,16.1988,15.9885,15.7781,False,False,False,False,False,False,False,False,False,False,False,False,False,False,False,False,False,False,False,False,False,False,False,False,False
ALLY,2018-05-16,20.91948083362488,21.16327887096375,20.87229445543656,20.94307327270508,3747600,2018,5,20,Wednesday,20.9745,20.91948127746582,0.11,-0.0,-0.23,0.11,0.23,0,0.0,20.7103,20.5011,20.2919,20.0827,19.8735,19.6643,19.4551,19.2459,19.0367,18.8275,18.6183,18.4091,18.1999,17.9908,17.7816,17.5724,17.3632,17.154,16.9448,16.7356,16.5264,16.3172,16.108,15.8988,15.6896,False,False,False,False,False,False,False,False,False,False,False,False,False,False,False,False,False,False,False,False,False,False,False,False,False
ALLY,2018-05-17,20.958808057248444,21.426744888657414,20.93521561198635,21.22620010375977,3674200,2018,5,20,Thursday,21.1367,20.94307327270508,1.35,0.08,-0.04,1.35,0.04,0,0.0,20.7336,20.5242,20.3148,20.1054,19.8959,19.6865,19.4771,19.2676,19.0582,18.8488,18.6393,18.4299,18.2205,18.011,17.8016,17.5922,17.3828,17.1733,16.9639,16.7545,16.545,16.3356,16.1262,15.9167,15.7073,False,False,False,False,False,False,False,False,False,False,False,False,False,False,False,False,False,False,False,False,False,False,False,False,False
ALLY,2018-05-18,21.24979197827876,21.38348798850588,21.076772729732983,21.18687629699707,2228500,2018,5,20,Friday,21.2242,21.22620010375977,-0.19,0.11,-0.7,-0.19,0.7,0,0.0,21.0139,20.8017,20.5894,20.3772,20.1649,19.9526,19.7404,19.5281,19.3158,19.1036,18.8913,18.6791,18.4668,18.2545,18.0423,17.83,17.6177,17.4055,17.1932,16.981,16.7687,16.5564,16.3442,16.1319,15.9197,False,False,False,False,False,False,False,False,False,False,False,False,False,False,False,False,False,False,False,False,False,False,False,False,False
ALLY,2018-05-21,21.328435287750327,21.414943405233146,21.26551961138644,21.312705993652344,1355400,2018,5,21,Monday,21.3304,21.18687629699707,0.59,0.67,0.37,0.59,-0.37,0,0.0,20.975,20.7631,20.5513,20.3394,20.1275,19.9157,19.7038,19.4919,19.2801,19.0682,18.8563,18.6445,18.4326,18.2207,18.0088,17.797,17.5851,17.3732,17.1614,16.9495,16.7376,16.5258,16.3139,16.102,15.8902,False,False,False,False,False,False,False,False,False,False,False,False,False,False,False,False,False,False,False,False,False,False,False,False,False
ALLY,2018-05-22,21.352025257772365,21.62728187251909,21.352025257772365,21.595823287963867,3002500,2018,5,21,Tuesday,21.4818,21.312705993652344,1.33,0.18,0.18,1.33,-0.18,0,0.0,21.0996,20.8865,20.6733,20.4602,20.2471,20.0339,19.8208,19.6077,19.3946,19.1814,18.9683,18.7552,18.5421,18.3289,18.1158,17.9027,17.6895,17.4764,17.2633,17.0502,16.837,16.6239,16.4108,16.1977,15.9845,False,False,False,False,False,False,False,False,False,False,False,False,False,False,False,False,False,False,False,False,False,False,False,False,False
ALLY,2018-05-23,21.47785969594796,21.619420346822903,21.24979092511572,21.32843589782715,2632800,2018,5,21,Wednesday,21.4189,21.595823287963867,-1.24,-0.55,-1.6,-1.24,1.6,1,21.3799,21.3799,21.1639,20.9479,20.732,20.516,20.3001,20.0841,19.8682,19.6522,19.4362,19.2203,19.0043,18.7884,18.5724,18.3564,18.1405,17.9245,17.7086,17.4926,17.2767,17.0607,16.8447,16.6288,16.4128,16.1969,True,False,False,False,False,False,False,False,False,False,False,False,False,False,False,False,False,False,False,False,False,False,False,False,False
ALLY,2018-05-24,21.28124874178112,21.38427367455575,20.978466561508387,21.27338409423828,2318600,2018,5,21,Thursday,21.2293,21.32843589782715,-0.26,-0.22,-1.64,-0.26,1.64,1,21.1152,21.1152,20.9019,20.6886,20.4753,20.262,20.0487,19.8354,19.6222,19.4089,19.1956,18.9823,18.769,18.5557,18.3425,18.1292,17.9159,17.7026,17.4893,17.276,17.0627,16.8495,16.6362,16.4229,16.2096,15.9963,True,False,False,False,False,False,False,False,False,False,False,False,False,False,False,False,False,False,False,False,False,False,False,False,False
ALLY,2018-05-25,21.22619746472956,21.28124849686776,21.06890901576731,21.14755249023437,1333600,2018,5,21,Friday,21.181,21.27338409423828,-0.59,-0.22,-0.96,-0.59,0.96,0,0.0,21.0607,20.8479,20.6352,20.4224,20.2097,19.997,19.7842,19.5715,19.3588,19.146,18.9333,18.7206,18.5078,18.2951,18.0824,17.8696,17.6569,17.4442,17.2314,17.0187,16.806,16.5932,16.3805,16.1678,15.955,False,False,False,False,False,False,False,False,False,False,False,False,False,False,False,False,False,False,False,False,False,False,False,False,False
ALLY,2018-05-29,20.895882730321524,20.9430690991064,20.353234239198816,20.49479484558105,3395200,2018,5,22,Tuesday,20.6717,21.14755249023437,-3.09,-1.19,-3.76,-3.09,3.76,3,62.1738,20.9361,20.7246,20.5131,20.3017,20.0902,19.8787,19.6672,19.4557,19.2443,19.0328,18.8213,18.6098,18.3984,18.1869,17.9754,17.7639,17.5525,17.341,17.1295,16.918,16.7066,16.4951,16.2836,16.0721,15.8607,True,True,True,False,False,False,False,False,False,False,False,False,False,False,False,False,False,False,False,False,False,False,False,False,False
ALLY,2018-05-30,20.63636781339767,20.84477577539507,19.881379460482048,20.25100898742676,7400700,2018,5,22,Wednesday,20.4034,20.49479484558105,-1.19,0.69,-2.99,-1.19,2.99,2,40.3747,20.2898,20.0849,19.88,19.675,19.4701,19.2651,19.0602,18.8552,18.6503,18.4453,18.2404,18.0354,17.8305,17.6255,17.4206,17.2156,17.0107,16.8057,16.6008,16.3958,16.1909,15.9859,15.781,15.576,15.3711,True,True,False,False,False,False,False,False,False,False,False,False,False,False,False,False,False,False,False,False,False,False,False,False,False
ALLY,2018-05-31,20.22741050076496,20.51839646735149,19.999341716167446,20.17235946655273,5304000,2018,5,22,Thursday,20.2294,20.25100898742676,-0.39,-0.12,-1.24,-0.39,1.24,1,20.0485,20.0485,19.846,19.6435,19.441,19.2385,19.0359,18.8334,18.6309,18.4284,18.2259,18.0234,17.8209,17.6184,17.4159,17.2134,17.0108,16.8083,16.6058,16.4033,16.2008,15.9983,15.7958,15.5933,15.3908,15.1883,True,False,False,False,False,False,False,False,False,False,False,False,False,False,False,False,False,False,False,False,False,False,False,False,False
ALLY,2018-06-01,20.41615794442332,20.51053221921741,20.054393141107084,20.471210479736328,3923800,2018,6,22,Friday,20.3631,20.17235946655273,1.48,1.21,-0.58,1.48,0.58,0,0.0,19.9706,19.7689,19.5672,19.3655,19.1637,18.962,18.7603,18.5586,18.3568,18.1551,17.9534,17.7517,17.55,17.3482,17.1465,16.9448,16.7431,16.5413,16.3396,16.1379,15.9362,15.7344,15.5327,15.331,15.1293,False,False,False,False,False,False,False,False,False,False,False,False,False,False,False,False,False,False,False,False,False,False,False,False,False
ALLY,2018-06-04,20.510530718638343,20.72287169636873,20.337512977540307,20.636362075805664,4354300,2018,6,23,Monday,20.5518,20.471210479736328,0.81,0.19,-0.65,0.81,0.65,0,0.0,20.2665,20.0618,19.8571,19.6524,19.4476,19.2429,19.0382,18.8335,18.6288,18.4241,18.2194,18.0147,17.81,17.6052,17.4005,17.1958,16.9911,16.7864,16.5817,16.377,16.1723,15.9675,15.7628,15.5581,15.3534,False,False,False,False,False,False,False,False,False,False,False,False,False,False,False,False,False,False,False,False,False,False,False,False,False
ALLY,2018-06-05,20.534123153036283,20.648156780827687,20.424019598577424,20.50266456604004,3897400,2018,6,23,Tuesday,20.5272,20.636362075805664,-0.65,-0.5,-1.03,-0.65,1.03,1,20.43,20.43,20.2236,20.0173,19.8109,19.6045,19.3982,19.1918,18.9855,18.7791,18.5727,18.3664,18.16,17.9536,17.7473,17.5409,17.3345,17.1282,16.9218,16.7155,16.5091,16.3027,16.0964,15.89,15.6836,15.4773,True,False,False,False,False,False,False,False,False,False,False,False,False,False,False,False,False,False,False,False,False,False,False,False,False
ALLY,2018-06-06,20.49480362420429,21.0217230514204,20.47121117972022,20.848705291748047,3837300,2018,6,23,Wednesday,20.7091,20.50266456604004,1.69,-0.04,-0.15,1.69,0.15,0,0.0,20.2976,20.0926,19.8876,19.6826,19.4775,19.2725,19.0675,18.8625,18.6574,18.4524,18.2474,18.0423,17.8373,17.6323,17.4273,17.2222,17.0172,16.8122,16.6072,16.4021,16.1971,15.9921,15.7871,15.582,15.377,False,False,False,False,False,False,False,False,False,False,False,False,False,False,False,False,False,False,False,False,False,False,False,False,False
ALLY,2018-06-07,20.911616630929583,21.175075539767644,20.738598907216293,20.91948127746582,3348700,2018,6,23,Thursday,20.9362,20.848705291748047,0.34,0.3,-0.53,0.34,0.53,0,0.0,20.6402,20.4317,20.2232,20.0148,19.8063,19.5978,19.3893,19.1808,18.9723,18.7638,18.5553,18.3469,18.1384,17.9299,17.7214,17.5129,17.3044,17.0959,16.8875,16.679,16.4705,16.262,16.0535,15.845,15.6365,False,False,False,False,False,False,False,False,False,False,False,False,False,False,False,False,False,False,False,False,False,False,False,False,False
ALLY,2018-06-08,20.89588689451676,20.94307327270508,20.69141058899683,20.94307327270508,2078100,2018,6,23,Friday,20.8684,20.91948127746582,0.11,-0.11,-1.09,0.11,1.09,1,20.7103,20.7103,20.5011,20.2919,20.0827,19.8735,19.6643,19.4551,19.2459,19.0367,18.8275,18.6183,18.4091,18.1999,17.9908,17.7816,17.5724,17.3632,17.154,16.9448,16.7356,16.5264,16.3172,16.108,15.8988,15.6896,True,False,False,False,False,False,False,False,False,False,False,False,False,False,False,False,False,False,False,False,False,False,False,False,False
ALLY,2018-06-11,21.013851813062733,21.19473566420686,20.85263032619334,21.0059871673584,2178900,2018,6,24,Monday,21.0168,20.94307327270508,0.3,0.34,-0.43,0.3,0.43,0,0.0,20.7336,20.5242,20.3148,20.1054,19.8959,19.6865,19.4771,19.2676,19.0582,18.8488,18.6393,18.4299,18.2205,18.011,17.8016,17.5922,17.3828,17.1733,16.9639,16.7545,16.545,16.3356,16.1262,15.9167,15.7073,False,False,False,False,False,False,False,False,False,False,False,False,False,False,False,False,False,False,False,False,False,False,False,False,False
ALLY,2018-06-12,21.0217201988172,21.147551552418086,20.966669169120312,21.053178787231445,2199200,2018,6,24,Tuesday,21.0473,21.0059871673584,0.22,0.07,-0.19,0.22,0.19,0,0.0,20.7959,20.5859,20.3758,20.1657,19.9557,19.7456,19.5356,19.3255,19.1154,18.9054,18.6953,18.4853,18.2752,18.0651,17.8551,17.645,17.435,17.2249,17.0148,16.8048,16.5947,16.3847,16.1746,15.9646,15.7545,False,False,False,False,False,False,False,False,False,False,False,False,False,False,False,False,False,False,False,False,False,False,False,False,False
ALLY,2018-06-13,21.09250463013344,21.100369278768504,20.71501049582009,20.74646759033203,2572900,2018,6,24,Wednesday,20.9136,21.053178787231445,-1.46,0.19,-1.61,-1.46,1.61,1,20.8426,20.8426,20.6321,20.4216,20.2111,20.0005,19.79,19.5795,19.3689,19.1584,18.9479,18.7373,18.5268,18.3163,18.1057,17.8952,17.6847,17.4741,17.2636,17.0531,16.8425,16.632,16.4215,16.2109,16.0004,15.7899,True,False,False,False,False,False,False,False,False,False,False,False,False,False,False,False,False,False,False,False,False,False,False,False,False
ALLY,2018-06-14,20.793652758001645,20.92734876722588,20.65995674877741,20.715007781982425,1734100,2018,6,24,Thursday,20.774,20.74646759033203,-0.15,0.23,-0.42,-0.15,0.42,0,0.0,20.539,20.3315,20.1241,19.9166,19.7091,19.5017,19.2942,19.0868,18.8793,18.6718,18.4644,18.2569,18.0494,17.842,17.6345,17.427,17.2196,17.0121,16.8046,16.5972,16.3897,16.1822,15.9748,15.7673,15.5599,False,False,False,False,False,False,False,False,False,False,False,False,False,False,False,False,False,False,False,False,False,False,False,False,False
ALLY,2018-06-15,20.61277152060323,20.79365543877593,20.471212345552217,20.77006149291992,3926000,2018,6,24,Friday,20.6619,20.715007781982425,0.27,-0.49,-1.18,0.27,1.18,1,20.5079,20.5079,20.3007,20.0936,19.8864,19.6793,19.4721,19.265,19.0578,18.8507,18.6435,18.4364,18.2292,18.0221,17.8149,17.6078,17.4006,17.1935,16.9863,16.7792,16.572,16.3649,16.1577,15.9506,15.7434,15.5363,True,False,False,False,False,False,False,False,False,False,False,False,False,False,False,False,False,False,False,False,False,False,False,False,False
ALLY,2018-06-18,20.65995945540294,20.8251125766544,20.620636212227584,20.74646759033203,3324100,2018,6,25,Monday,20.713,20.77006149291992,-0.11,-0.53,-0.72,-0.11,0.72,0,0.0,20.5624,20.3547,20.147,19.9393,19.7316,19.5239,19.3162,19.1085,18.9008,18.6931,18.4854,18.2777,18.07,17.8623,17.6546,17.4469,17.2392,17.0315,16.8237,16.616,16.4083,16.2006,15.9929,15.7852,15.5775,False,False,False,False,False,False,False,False,False,False,False,False,False,False,False,False,False,False,False,False,False,False,False,False,False
ALLY,2018-06-19,20.486938594398488,20.5970421667101,20.219546561686084,20.549854278564453,4219000,2018,6,25,Tuesday,20.4633,20.74646759033203,-0.95,-1.25,-2.54,-0.95,2.54,2,40.8705,20.539,20.3315,20.1241,19.9166,19.7091,19.5017,19.2942,19.0868,18.8793,18.6718,18.4644,18.2569,18.0494,17.842,17.6345,17.427,17.2196,17.0121,16.8046,16.5972,16.3897,16.1822,15.9748,15.7673,15.5599,True,True,False,False,False,False,False,False,False,False,False,False,False,False,False,False,False,False,False,False,False,False,False,False,False
ALLY,2018-06-20,20.66782249890034,20.72287353504203,20.439752206281074,20.549854278564453,2763400,2018,6,25,Wednesday,20.5951,20.549854278564453,0.0,0.57,-0.54,0.0,0.54,0,0.0,20.3444,20.1389,19.9334,19.7279,19.5224,19.3169,19.1114,18.9059,18.7004,18.4949,18.2894,18.0839,17.8784,17.6729,17.4674,17.2619,17.0564,16.8509,16.6454,16.4399,16.2344,16.0289,15.8234,15.6179,15.4124,False,False,False,False,False,False,False,False,False,False,False,False,False,False,False,False,False,False,False,False,False,False,False,False,False
ALLY,2018-06-21,20.44761886326384,20.691416975856345,20.28246573861264,20.61277198791504,3241400,2018,6,25,Thursday,20.5086,20.549854278564453,0.31,-0.5,-1.3,0.31,1.3,1,20.3444,20.3444,20.1389,19.9334,19.7279,19.5224,19.3169,19.1114,18.9059,18.7004,18.4949,18.2894,18.0839,17.8784,17.6729,17.4674,17.2619,17.0564,16.8509,16.6454,16.4399,16.2344,16.0289,15.8234,15.6179,15.4124,True,False,False,False,False,False,False,False,False,False,False,False,False,False,False,False,False,False,False,False,False,False,False,False,False
ALLY,2018-06-22,20.864437038692817,21.281252940502803,20.738605653237524,20.77792739868164,4429500,2018,6,25,Friday,20.9156,20.61277198791504,0.8,1.22,0.61,0.8,-0.61,0,0.0,20.4066,20.2005,19.9944,19.7883,19.5821,19.376,19.1699,18.9638,18.7576,18.5515,18.3454,18.1392,17.9331,17.727,17.5209,17.3147,17.1086,16.9025,16.6963,16.4902,16.2841,16.078,15.8718,15.6657,15.4596,False,False,False,False,False,False,False,False,False,False,False,False,False,False,False,False,False,False,False,False,False,False,False,False,False
ALLY,2018-06-25,20.72287280873129,20.72287280873129,20.03866345488241,20.17235946655273,8651300,2018,6,26,Monday,20.4142,20.77792739868164,-2.91,-0.26,-3.56,-2.91,3.56,3,61.0871,20.5701,20.3624,20.1546,19.9468,19.739,19.5313,19.3235,19.1157,18.9079,18.7001,18.4924,18.2846,18.0768,17.869,17.6612,17.4535,17.2457,17.0379,16.8301,16.6223,16.4146,16.2068,15.999,15.7912,15.5834,True,True,True,False,False,False,False,False,False,False,False,False,False,False,False,False,False,False,False,False,False,False,False,False,False
ALLY,2018-06-26,20.14876266420709,20.43581549480216,20.01899825447116,20.2667293548584,6048600,2018,6,26,Tuesday,20.2176,20.17235946655273,0.47,-0.12,-0.76,0.47,0.76,0,0.0,19.9706,19.7689,19.5672,19.3655,19.1637,18.962,18.7603,18.5586,18.3568,18.1551,17.9534,17.7517,17.55,17.3482,17.1465,16.9448,16.7431,16.5413,16.3396,16.1379,15.9362,15.7344,15.5327,15.331,15.1293,False,False,False,False,False,False,False,False,False,False,False,False,False,False,False,False,False,False,False,False,False,False,False,False,False
ALLY,2018-06-27,20.34537810202293,20.424021577075848,19.85778045654297,19.85778045654297,1803600,2018,6,26,Wednesday,20.1212,20.2667293548584,-2.02,0.39,-2.02,-2.02,2.02,2,39.9255,20.0641,19.8614,19.6587,19.4561,19.2534,19.0507,18.8481,18.6454,18.4427,18.2401,18.0374,17.8347,17.6321,17.4294,17.2267,17.0241,16.8214,16.6187,16.4161,16.2134,16.0107,15.808,15.6054,15.4027,15.2,True,True,False,False,False,False,False,False,False,False,False,False,False,False,False,False,False,False,False,False,False,False,False,False,False
ALLY,2018-06-28,19.85778245007732,20.31392155130569,19.8263238568755,20.21954727172852,2270800,2018,6,26,Thursday,20.0544,19.85778045654297,1.82,0.0,-0.16,1.82,0.16,0,0.0,19.6592,19.4606,19.262,19.0635,18.8649,18.6663,18.4677,18.2692,18.0706,17.872,17.6734,17.4748,17.2763,17.0777,16.8791,16.6805,16.482,16.2834,16.0848,15.8862,15.6876,15.4891,15.2905,15.0919,14.8933,False,False,False,False,False,False,False,False,False,False,False,False,False,False,False,False,False,False,False,False,False,False,False,False,False
ALLY,2018-06-29,21.186877304031963,21.20260510007882,20.628499293592,20.659957885742188,4914200,2018,6,26,Friday,20.9195,20.21954727172852,2.18,4.78,2.02,2.18,-2.02,0,0.0,20.0174,19.8152,19.613,19.4108,19.2086,19.0064,18.8042,18.602,18.3998,18.1976,17.9954,17.7932,17.591,17.3888,17.1866,16.9844,16.7822,16.58,16.3778,16.1756,15.9734,15.7712,15.5691,15.3669,15.1647,False,False,False,False,False,False,False,False,False,False,False,False,False,False,False,False,False,False,False,False,False,False,False,False,False
ALLY,2018-07-02,20.431884450153447,21.005990168338293,20.408292009697742,20.974533081054688,4001000,2018,7,27,Monday,20.7052,20.659957885742188,1.52,-1.1,-1.22,1.52,1.22,1,20.4534,20.4534,20.2468,20.0402,19.8336,19.627,19.4204,19.2138,19.0072,18.8006,18.594,18.3874,18.1808,17.9742,17.7676,17.561,17.3544,17.1478,16.9412,16.7346,16.528,16.3214,16.1148,15.9082,15.7016,15.495,True,False,False,False,False,False,False,False,False,False,False,False,False,False,False,False,False,False,False,False,False,False,False,False,False
ALLY,2018-07-03,20.97453234035165,21.131822271299093,20.84870099560488,20.89588737487793,1143100,2018,7,27,Tuesday,20.9627,20.974533081054688,-0.37,-0.0,-0.6,-0.37,0.6,0,0.0,20.7648,20.555,20.3453,20.1356,19.9258,19.7161,19.5063,19.2966,19.0868,18.8771,18.6673,18.4576,18.2478,18.0381,17.8284,17.6186,17.4089,17.1991,16.9894,16.7796,16.5699,16.3601,16.1504,15.9406,15.7309,False,False,False,False,False,False,False,False,False,False,False,False,False,False,False,False,False,False,False,False,False,False,False,False,False
ALLY,2018-07-05,21.06104489454982,21.139688370981883,20.927348884575885,21.076772689819336,2933200,2018,7,27,Thursday,21.0512,20.89588737487793,0.87,0.79,0.15,0.87,-0.15,0,0.0,20.6869,20.478,20.269,20.0601,19.8511,19.6421,19.4332,19.2242,19.0153,18.8063,18.5973,18.3884,18.1794,17.9705,17.7615,17.5525,17.3436,17.1346,16.9257,16.7167,16.5078,16.2988,16.0898,15.8809,15.6719,False,False,False,False,False,False,False,False,False,False,False,False,False,False,False,False,False,False,False,False,False,False,False,False,False
ALLY,2018-07-06,21.03744466742848,21.30483660750268,20.998122940958385,21.19473457336425,2047500,2018,7,27,Friday,21.1338,21.076772689819336,0.56,-0.19,-0.37,0.56,0.37,0,0.0,20.866,20.6552,20.4445,20.2337,20.0229,19.8122,19.6014,19.3906,19.1799,18.9691,18.7583,18.5476,18.3368,18.126,17.9153,17.7045,17.4937,17.283,17.0722,16.8614,16.6507,16.4399,16.2291,16.0183,15.8076,False,False,False,False,False,False,False,False,False,False,False,False,False,False,False,False,False,False,False,False,False,False,False,False,False
ALLY,2018-07-09,21.30484173265317,21.85142196222389,21.26551999672374,21.800302505493164,3105200,2018,7,28,Monday,21.5555,21.19473457336425,2.86,0.52,0.33,2.86,-0.33,0,0.0,20.9828,20.7708,20.5589,20.3469,20.135,19.9231,19.7111,19.4992,19.2872,19.0753,18.8633,18.6514,18.4394,18.2275,18.0155,17.8036,17.5916,17.3797,17.1677,16.9558,16.7438,16.5319,16.3199,16.108,15.8961,False,False,False,False,False,False,False,False,False,False,False,False,False,False,False,False,False,False,False,False,False,False,False,False,False
ALLY,2018-07-10,21.82389537693908,21.91040499177554,21.572232679263536,21.64301300048828,1881900,2018,7,28,Tuesday,21.7374,21.800302505493164,-0.72,0.11,-1.05,-0.72,1.05,1,21.5823,21.5823,21.3643,21.1463,20.9283,20.7103,20.4923,20.2743,20.0563,19.8383,19.6203,19.4023,19.1843,18.9663,18.7483,18.5303,18.3123,18.0943,17.8762,17.6582,17.4402,17.2222,17.0042,16.7862,16.5682,16.3502,True,False,False,False,False,False,False,False,False,False,False,False,False,False,False,False,False,False,False,False,False,False,False,False,False
ALLY,2018-07-11,21.595826980499314,21.70593054524065,21.525048153203777,21.53291130065918,2604400,2018,7,28,Wednesday,21.5899,21.64301300048828,-0.51,-0.22,-0.55,-0.51,0.55,0,0.0,21.4266,21.2102,20.9937,20.7773,20.5609,20.3444,20.128,19.9116,19.6951,19.4787,19.2623,19.0459,18.8294,18.613,18.3966,18.1801,17.9637,17.7473,17.5308,17.3144,17.098,16.8816,16.6651,16.4487,16.2323,False,False,False,False,False,False,False,False,False,False,False,False,False,False,False,False,False,False,False,False,False,False,False,False,False
ALLY,2018-07-12,21.729526023125025,21.74525532028936,21.446406174308624,21.50145721435547,3157400,2018,7,28,Thursday,21.6057,21.53291130065918,-0.15,0.91,-0.4,-0.15,0.4,0,0.0,21.3176,21.1023,20.8869,20.6716,20.4563,20.2409,20.0256,19.8103,19.5949,19.3796,19.1643,18.949,18.7336,18.5183,18.303,18.0876,17.8723,17.657,17.4417,17.2263,17.011,16.7957,16.5803,16.365,16.1497,False,False,False,False,False,False,False,False,False,False,False,False,False,False,False,False,False,False,False,False,False,False,False,False,False
ALLY,2018-07-13,21.42280781980228,21.53290987723724,21.257654733649822,21.4857234954834,1617600,2018,7,28,Friday,21.4248,21.50145721435547,-0.07,-0.37,-1.13,-0.07,1.13,1,21.2864,21.2864,21.0714,20.8564,20.6414,20.4264,20.2114,19.9964,19.7813,19.5663,19.3513,19.1363,18.9213,18.7063,18.4913,18.2762,18.0612,17.8462,17.6312,17.4162,17.2012,16.9862,16.7711,16.5561,16.3411,16.1261,True,False,False,False,False,False,False,False,False,False,False,False,False,False,False,False,False,False,False,False,False,False,False,False,False
ALLY,2018-07-16,21.52504403626991,21.654806944859104,21.383483408697813,21.4306697845459,1962000,2018,7,29,Monday,21.4985,21.4857234954834,-0.26,0.18,-0.48,-0.26,0.48,0,0.0,21.2709,21.056,20.8412,20.6263,20.4114,20.1966,19.9817,19.7669,19.552,19.3372,19.1223,18.9074,18.6926,18.4777,18.2629,18.048,17.8332,17.6183,17.4034,17.1886,16.9737,16.7589,16.544,16.3291,16.1143,False,False,False,False,False,False,False,False,False,False,False,False,False,False,False,False,False,False,False,False,False,False,False,False,False
ALLY,2018-07-17,21.485720731567813,21.8002990695062,21.454263647787894,21.666603088378903,2394600,2018,7,29,Tuesday,21.6017,21.4306697845459,1.1,0.26,0.11,1.1,-0.11,0,0.0,21.2164,21.0021,20.7877,20.5734,20.3591,20.1448,19.9305,19.7162,19.5019,19.2876,19.0733,18.859,18.6447,18.4304,18.2161,18.0018,17.7875,17.5731,17.3588,17.1445,16.9302,16.7159,16.5016,16.2873,16.073,False,False,False,False,False,False,False,False,False,False,False,False,False,False,False,False,False,False,False,False,False,False,False,False,False
ALLY,2018-07-18,21.66660747146837,22.05196770093143,21.627285733781843,22.004779815673828,2341500,2018,7,29,Wednesday,21.8377,21.666603088378903,1.56,0.0,-0.18,1.56,0.18,0,0.0,21.4499,21.2333,21.0166,20.7999,20.5833,20.3666,20.1499,19.9333,19.7166,19.4999,19.2833,19.0666,18.8499,18.6333,18.4166,18.1999,17.9833,17.7666,17.5499,17.3333,17.1166,16.9,16.6833,16.4666,16.25,False,False,False,False,False,False,False,False,False,False,False,False,False,False,False,False,False,False,False,False,False,False,False,False,False
ALLY,2018-07-19,21.949727198957564,22.12274493233232,21.847489788333395,21.918270111083984,2166800,2018,7,29,Thursday,21.9596,22.004779815673828,-0.39,-0.25,-0.71,-0.39,0.71,0,0.0,21.7847,21.5647,21.3446,21.1246,20.9045,20.6845,20.4644,20.2444,20.0243,19.8043,19.5843,19.3642,19.1442,18.9241,18.7041,18.484,18.264,18.0439,17.8239,17.6038,17.3838,17.1637,16.9437,16.7236,16.5036,False,False,False,False,False,False,False,False,False,False,False,False,False,False,False,False,False,False,False,False,False,False,False,False,False
ALLY,2018-07-20,21.95759114329058,22.11881265105717,21.792436562148133,21.816030502319336,1891300,2018,7,29,Friday,21.9212,21.918270111083984,-0.47,0.18,-0.57,-0.47,0.57,0,0.0,21.6991,21.4799,21.2607,21.0415,20.8224,20.6032,20.384,20.1648,19.9456,19.7264,19.5073,19.2881,19.0689,18.8497,18.6305,18.4113,18.1922,17.973,17.7538,17.5346,17.3154,17.0963,16.8771,16.6579,16.4387,False,False,False,False,False,False,False,False,False,False,False,False,False,False,False,False,False,False,False,False,False,False,False,False,False
ALLY,2018-07-23,21.81603406277236,22.09915539092124,21.761769041541942,21.989051818847656,1944900,2018,7,30,Monday,21.9165,21.816030502319336,0.79,0.0,-0.25,0.79,0.25,0,0.0,21.5979,21.3797,21.1615,20.9434,20.7252,20.5071,20.2889,20.0707,19.8526,19.6344,19.4163,19.1981,18.9799,18.7618,18.5436,18.3255,18.1073,17.8891,17.671,17.4528,17.2347,17.0165,16.7983,16.5802,16.362,False,False,False,False,False,False,False,False,False,False,False,False,False,False,False,False,False,False,False,False,False,False,False,False,False
ALLY,2018-07-24,22.114881785384952,22.158135093707617,21.74131930420751,21.918270111083984,2586600,2018,7,30,Tuesday,21.9832,21.989051818847656,-0.32,0.57,-1.13,-0.32,1.13,1,21.7692,21.7692,21.5493,21.3294,21.1095,20.8896,20.6697,20.4498,20.2299,20.01,19.7901,19.5703,19.3504,19.1305,18.9106,18.6907,18.4708,18.2509,18.031,17.8111,17.5912,17.3714,17.1515,16.9316,16.7117,16.4918,True,False,False,False,False,False,False,False,False,False,False,False,False,False,False,False,False,False,False,False,False,False,False,False,False
ALLY,2018-07-25,21.89467904281685,22.05196900290583,21.729524434720595,21.989051818847656,3744000,2018,7,30,Wednesday,21.9163,21.918270111083984,0.32,-0.11,-0.86,0.32,0.86,0,0.0,21.6991,21.4799,21.2607,21.0415,20.8224,20.6032,20.384,20.1648,19.9456,19.7264,19.5073,19.2881,19.0689,18.8497,18.6305,18.4113,18.1922,17.973,17.7538,17.5346,17.3154,17.0963,16.8771,16.6579,16.4387,False,False,False,False,False,False,False,False,False,False,False,False,False,False,False,False,False,False,False,False,False,False,False,False,False
ALLY,2018-07-26,22.0047822193008,22.028376164506813,21.13182724707446,21.548643112182617,6088100,2018,7,30,Thursday,21.6784,21.989051818847656,-2.0,0.07,-3.9,-2.0,3.9,3,64.6478,21.7692,21.5493,21.3294,21.1095,20.8896,20.6697,20.4498,20.2299,20.01,19.7901,19.5703,19.3504,19.1305,18.9106,18.6907,18.4708,18.2509,18.031,17.8111,17.5912,17.3714,17.1515,16.9316,16.7117,16.4918,True,True,True,False,False,False,False,False,False,False,False,False,False,False,False,False,False,False,False,False,False,False,False,False,False
ALLY,2018-07-27,21.72165568566941,21.93399512699972,21.26551671906368,21.4306697845459,3797500,2018,7,30,Friday,21.588,21.548643112182617,-0.55,0.8,-1.31,-0.55,1.31,1,21.3332,21.3332,21.1177,20.9022,20.6867,20.4712,20.2557,20.0402,19.8248,19.6093,19.3938,19.1783,18.9628,18.7473,18.5318,18.3163,18.1009,17.8854,17.6699,17.4544,17.2389,17.0234,16.8079,16.5925,16.377,16.1615,True,False,False,False,False,False,False,False,False,False,False,False,False,False,False,False,False,False,False,False,False,False,False,False,False
ALLY,2018-07-30,21.97331974381825,22.08342179442253,21.26158498805844,21.52504539489746,6542500,2018,7,31,Monday,21.7108,21.4306697845459,0.44,2.53,-0.79,0.44,0.79,0,0.0,21.2164,21.0021,20.7877,20.5734,20.3591,20.1448,19.9305,19.7162,19.5019,19.2876,19.0733,18.859,18.6447,18.4304,18.2161,18.0018,17.7875,17.5731,17.3588,17.1445,16.9302,16.7159,16.5016,16.2873,16.073,False,False,False,False,False,False,False,False,False,False,False,False,False,False,False,False,False,False,False,False,False,False,False,False,False
ALLY,2018-07-31,21.627845994874896,21.627845994874896,21.042668632433987,21.161285400390625,5924300,2018,7,31,Tuesday,21.3649,21.52504539489746,-1.69,0.48,-2.24,-1.69,2.24,2,42.4043,21.3098,21.0945,20.8793,20.664,20.4488,20.2335,20.0183,19.803,19.5878,19.3725,19.1573,18.942,18.7268,18.5115,18.2963,18.081,17.8658,17.6505,17.4353,17.22,17.0048,16.7895,16.5743,16.359,16.1438,True,True,False,False,False,False,False,False,False,False,False,False,False,False,False,False,False,False,False,False,False,False,False,False,False
ALLY,2018-08-01,21.200829488427384,21.465741799040423,20.97941186458961,21.06639671325684,4829100,2018,8,31,Wednesday,21.1781,21.161285400390625,-0.45,0.19,-0.86,-0.45,0.86,0,0.0,20.9497,20.7381,20.5264,20.3148,20.1032,19.8916,19.68,19.4684,19.2568,19.0452,18.8335,18.6219,18.4103,18.1987,17.9871,17.7755,17.5639,17.3523,17.1406,16.929,16.7174,16.5058,16.2942,16.0826,15.871,False,False,False,False,False,False,False,False,False,False,False,False,False,False,False,False,False,False,False,False,False,False,False,False,False
ALLY,2018-08-02,20.924051361396263,20.95568330546115,20.647279392299048,20.844974517822266,5287300,2018,8,31,Thursday,20.843,21.06639671325684,-1.05,-0.68,-1.99,-1.05,1.99,1,20.8557,20.8557,20.6451,20.4344,20.2237,20.0131,19.8024,19.5917,19.3811,19.1704,18.9598,18.7491,18.5384,18.3278,18.1171,17.9064,17.6958,17.4851,17.2744,17.0638,16.8531,16.6425,16.4318,16.2211,16.0105,15.7998,True,False,False,False,False,False,False,False,False,False,False,False,False,False,False,False,False,False,False,False,False,False,False,False,False
ALLY,2018-08-03,20.88451436991927,21.05848554930852,20.75008161502487,21.05057907104492,3834200,2018,8,31,Friday,20.9359,20.844974517822266,0.99,0.19,-0.46,0.99,0.46,0,0.0,20.6365,20.4281,20.2196,20.0112,19.8027,19.5943,19.3858,19.1774,18.9689,18.7605,18.552,18.3436,18.1351,17.9267,17.7182,17.5098,17.3013,17.0929,16.8844,16.676,16.4675,16.2591,16.0506,15.8422,15.6337,False,False,False,False,False,False,False,False,False,False,False,False,False,False,False,False,False,False,False,False,False,False,False,False,False
ALLY,2018-08-06,21.05058143566741,21.264091063535165,21.05058143566741,21.192920684814453,1640000,2018,8,32,Monday,21.1395,21.05057907104492,0.68,0.0,0.0,0.68,-0.0,0,0.0,20.8401,20.6296,20.4191,20.2086,19.9981,19.7875,19.577,19.3665,19.156,18.9455,18.735,18.5245,18.314,18.1035,17.893,17.6825,17.472,17.2615,17.051,16.8405,16.63,16.4195,16.2089,15.9984,15.7879,False,False,False,False,False,False,False,False,False,False,False,False,False,False,False,False,False,False,False,False,False,False,False,False,False
ALLY,2018-08-07,21.31944101752908,21.59621448719712,21.27199461104984,21.50922966003418,4153300,2018,8,32,Tuesday,21.4242,21.192920684814453,1.49,0.6,0.37,1.49,-0.37,0,0.0,20.981,20.7691,20.5571,20.3452,20.1333,19.9213,19.7094,19.4975,19.2856,19.0736,18.8617,18.6498,18.4378,18.2259,18.014,17.8021,17.5901,17.3782,17.1663,16.9543,16.7424,16.5305,16.3185,16.1066,15.8947,False,False,False,False,False,False,False,False,False,False,False,False,False,False,False,False,False,False,False,False,False,False,False,False,False
ALLY,2018-08-08,21.46178589039452,21.746467400841546,21.36689305910841,21.659481048583984,2639600,2018,8,32,Wednesday,21.5587,21.50922966003418,0.7,-0.22,-0.66,0.7,0.66,0,0.0,21.2941,21.079,20.864,20.6489,20.4338,20.2187,20.0036,19.7885,19.5734,19.3583,19.1432,18.9281,18.713,18.4979,18.2828,18.0678,17.8527,17.6376,17.4225,17.2074,16.9923,16.7772,16.5621,16.347,16.1319,False,False,False,False,False,False,False,False,False,False,False,False,False,False,False,False,False,False,False,False,False,False,False,False,False
ALLY,2018-08-09,21.65156957785632,21.999513422613383,21.63575511404917,21.912527084350582,2588100,2018,8,32,Thursday,21.7998,21.659481048583984,1.17,-0.04,-0.11,1.17,0.11,0,0.0,21.4429,21.2263,21.0097,20.7931,20.5765,20.3599,20.1433,19.9267,19.7101,19.4935,19.2769,19.0603,18.8437,18.6272,18.4106,18.194,17.9774,17.7608,17.5442,17.3276,17.111,16.8944,16.6778,16.4612,16.2446,False,False,False,False,False,False,False,False,False,False,False,False,False,False,False,False,False,False,False,False,False,False,False,False,False
ALLY,2018-08-10,21.722736061592148,21.722736061592148,21.24826904970714,21.28780746459961,3295600,2018,8,32,Friday,21.4954,21.912527084350582,-2.85,-0.87,-3.03,-2.85,3.03,3,64.4228,21.6934,21.4743,21.2552,21.036,20.8169,20.5978,20.3787,20.1595,19.9404,19.7213,19.5021,19.283,19.0639,18.8448,18.6256,18.4065,18.1874,17.9683,17.7491,17.53,17.3109,17.0918,16.8726,16.6535,16.4344,True,True,True,False,False,False,False,False,False,False,False,False,False,False,False,False,False,False,False,False,False,False,False,False,False
ALLY,2018-08-13,21.2799114061726,21.46179062988133,21.1612945867232,21.256187438964844,2026000,2018,8,33,Monday,21.2898,21.28780746459961,-0.15,-0.04,-0.59,-0.15,0.59,0,0.0,21.0749,20.8621,20.6492,20.4363,20.2234,20.0105,19.7977,19.5848,19.3719,19.159,18.9461,18.7333,18.5204,18.3075,18.0946,17.8818,17.6689,17.456,17.2431,17.0302,16.8174,16.6045,16.3916,16.1787,15.9659,False,False,False,False,False,False,False,False,False,False,False,False,False,False,False,False,False,False,False,False,False,False,False,False,False
ALLY,2018-08-14,21.25617966062085,21.627847469396627,21.25617966062085,21.540861129760746,1621300,2018,8,33,Tuesday,21.4203,21.256187438964844,1.34,-0.0,-0.0,1.34,0.0,0,0.0,21.0436,20.8311,20.6185,20.4059,20.1934,19.9808,19.7683,19.5557,19.3431,19.1306,18.918,18.7054,18.4929,18.2803,18.0678,17.8552,17.6426,17.4301,17.2175,17.0049,16.7924,16.5798,16.3673,16.1547,15.9421,False,False,False,False,False,False,False,False,False,False,False,False,False,False,False,False,False,False,False,False,False,False,False,False,False
ALLY,2018-08-15,21.39061275852496,21.39852074482963,20.916145646598164,21.1691951751709,3851400,2018,8,33,Wednesday,21.2186,21.540861129760746,-1.73,-0.7,-2.9,-1.73,2.9,2,42.4355,21.3255,21.11,20.8946,20.6792,20.4638,20.2484,20.033,19.8176,19.6022,19.3868,19.1714,18.956,18.7405,18.5251,18.3097,18.0943,17.8789,17.6635,17.4481,17.2327,17.0173,16.8019,16.5865,16.3711,16.1556,True,True,False,False,False,False,False,False,False,False,False,False,False,False,False,False,False,False,False,False,False,False,False,False,False
ALLY,2018-08-16,21.311536113961,21.529000460369947,21.279904168442656,21.430152893066406,2125500,2018,8,33,Thursday,21.3876,21.1691951751709,1.23,0.67,0.52,1.23,-0.52,0,0.0,20.9575,20.7458,20.5341,20.3224,20.1107,19.899,19.6874,19.4757,19.264,19.0523,18.8406,18.6289,18.4172,18.2055,17.9938,17.7821,17.5704,17.3587,17.147,16.9354,16.7237,16.512,16.3003,16.0886,15.8769,False,False,False,False,False,False,False,False,False,False,False,False,False,False,False,False,False,False,False,False,False,False,False,False,False
ALLY,2018-08-17,21.366887362451003,21.469688153652136,21.30362498902862,21.311532974243164,2853300,2018,8,33,Friday,21.3629,21.430152893066406,-0.55,-0.3,-0.59,-0.55,0.59,0,0.0,21.2159,21.0015,20.7872,20.5729,20.3586,20.1443,19.93,19.7157,19.5014,19.2871,19.0728,18.8585,18.6442,18.4299,18.2156,18.0013,17.787,17.5727,17.3584,17.1441,16.9298,16.7155,16.5012,16.2869,16.0726,False,False,False,False,False,False,False,False,False,False,False,False,False,False,False,False,False,False,False,False,False,False,False,False,False
ALLY,2018-08-20,21.35898381995855,21.69111172658297,21.351075833099127,21.643665313720703,2272200,2018,8,34,Monday,21.5112,21.311532974243164,1.56,0.22,0.19,1.56,-0.19,0,0.0,21.0984,20.8853,20.6722,20.4591,20.246,20.0328,19.8197,19.6066,19.3935,19.1804,18.9673,18.7541,18.541,18.3279,18.1148,17.9017,17.6886,17.4755,17.2623,17.0492,16.8361,16.623,16.4099,16.1968,15.9836,False,False,False,False,False,False,False,False,False,False,False,False,False,False,False,False,False,False,False,False,False,False,False,False,False
ALLY,2018-08-21,21.58831074004016,21.90462420079078,21.49341790845046,21.754375457763672,3924800,2018,8,34,Tuesday,21.6852,21.643665313720703,0.51,-0.26,-0.69,0.51,0.69,0,0.0,21.4272,21.2108,20.9944,20.7779,20.5615,20.345,20.1286,19.9122,19.6957,19.4793,19.2629,19.0464,18.83,18.6136,18.3971,18.1807,17.9642,17.7478,17.5314,17.3149,17.0985,16.8821,16.6656,16.4492,16.2327,False,False,False,False,False,False,False,False,False,False,False,False,False,False,False,False,False,False,False,False,False,False,False,False,False
ALLY,2018-08-22,21.746468405195635,21.81368403810309,21.56458921325193,21.61994361877441,2137900,2018,8,34,Wednesday,21.6862,21.754375457763672,-0.62,-0.04,-0.87,-0.62,0.87,0,0.0,21.5368,21.3193,21.1017,20.8842,20.6667,20.4491,20.2316,20.014,19.7965,19.5789,19.3614,19.1439,18.9263,18.7088,18.4912,18.2737,18.0561,17.8386,17.621,17.4035,17.186,16.9684,16.7509,16.5333,16.3158,False,False,False,False,False,False,False,False,False,False,False,False,False,False,False,False,False,False,False,False,False,False,False,False,False
ALLY,2018-08-23,21.62784882783875,21.6673872529053,21.461784124311936,21.47760009765625,2291600,2018,8,34,Thursday,21.5587,21.61994361877441,-0.66,0.04,-0.73,-0.66,0.73,0,0.0,21.4037,21.1875,20.9713,20.7551,20.5389,20.3227,20.1065,19.8903,19.6741,19.4579,19.2417,19.0256,18.8094,18.5932,18.377,18.1608,17.9446,17.7284,17.5122,17.296,17.0798,16.8636,16.6474,16.4312,16.215,False,False,False,False,False,False,False,False,False,False,False,False,False,False,False,False,False,False,False,False,False,False,False,False,False
ALLY,2018-08-24,21.5883058637506,21.63575377712245,21.46968909690903,21.525043487548828,1793400,2018,8,34,Friday,21.5547,21.47760009765625,0.22,0.52,-0.04,0.22,0.04,0,0.0,21.2628,21.048,20.8333,20.6185,20.4037,20.1889,19.9742,19.7594,19.5446,19.3298,19.1151,18.9003,18.6855,18.4707,18.256,18.0412,17.8264,17.6116,17.3969,17.1821,16.9673,16.7525,16.5378,16.323,16.1082,False,False,False,False,False,False,False,False,False,False,False,False,False,False,False,False,False,False,False,False,False,False,False,False,False
ALLY,2018-08-27,21.66737920410158,21.782042705812323,21.47759211935293,21.50131607055664,5491300,2018,8,35,Monday,21.6071,21.525043487548828,-0.11,0.66,-0.22,-0.11,0.22,0,0.0,21.3098,21.0945,20.8793,20.664,20.4488,20.2335,20.0183,19.803,19.5878,19.3725,19.1573,18.942,18.7268,18.5115,18.2963,18.081,17.8658,17.6505,17.4353,17.22,17.0048,16.7895,16.5743,16.359,16.1438,False,False,False,False,False,False,False,False,False,False,False,False,False,False,False,False,False,False,False,False,False,False,False,False,False
ALLY,2018-08-28,21.493408086822072,21.588300875049555,21.43014572523919,21.50131607055664,2355400,2018,8,35,Tuesday,21.5033,21.50131607055664,0.0,-0.04,-0.33,0.0,0.33,0,0.0,21.2863,21.0713,20.8563,20.6413,20.4263,20.2112,19.9962,19.7812,19.5662,19.3512,19.1362,18.9212,18.7061,18.4911,18.2761,18.0611,17.8461,17.6311,17.4161,17.2011,16.986,16.771,16.556,16.341,16.126,False,False,False,False,False,False,False,False,False,False,False,False,False,False,False,False,False,False,False,False,False,False,False,False,False
ALLY,2018-08-29,21.54877207204533,21.54877207204533,21.2640905638522,21.39852333068848,2178400,2018,8,35,Wednesday,21.44,21.50131607055664,-0.48,0.22,-1.1,-0.48,1.1,1,21.2863,21.2863,21.0713,20.8563,20.6413,20.4263,20.2112,19.9962,19.7812,19.5662,19.3512,19.1362,18.9212,18.7061,18.4911,18.2761,18.0611,17.8461,17.6311,17.4161,17.2011,16.986,16.771,16.556,16.341,16.126,True,False,False,False,False,False,False,False,False,False,False,False,False,False,False,False,False,False,False,False,False,False,False,False,False
ALLY,2018-08-30,21.366888637538736,21.390611086304062,21.216639926084124,21.327348709106445,2113700,2018,8,35,Thursday,21.3254,21.39852333068848,-0.33,-0.15,-0.85,-0.33,0.85,0,0.0,21.1845,20.9706,20.7566,20.5426,20.3286,20.1146,19.9006,19.6866,19.4727,19.2587,19.0447,18.8307,18.6167,18.4027,18.1887,17.9748,17.7608,17.5468,17.3328,17.1188,16.9048,16.6908,16.4769,16.2629,16.0489,False,False,False,False,False,False,False,False,False,False,False,False,False,False,False,False,False,False,False,False,False,False,False,False,False
ALLY,2018-08-31,21.23246498005178,21.343173810431928,21.137570619515444,21.256187438964844,2054400,2018,8,35,Friday,21.2423,21.327348709106445,-0.33,-0.44,-0.89,-0.33,0.89,0,0.0,21.1141,20.9008,20.6875,20.4743,20.261,20.0477,19.8344,19.6212,19.4079,19.1946,18.9813,18.7681,18.5548,18.3415,18.1282,17.915,17.7017,17.4884,17.2752,17.0619,16.8486,16.6353,16.4221,16.2088,15.9955,False,False,False,False,False,False,False,False,False,False,False,False,False,False,False,False,False,False,False,False,False,False,False,False,False
ALLY,2018-09-04,21.28781820002777,21.52505182560699,21.19292384481933,21.406435012817383,2819400,2018,9,36,Tuesday,21.3531,21.256187438964844,0.71,0.15,-0.3,0.71,0.3,0,0.0,21.0436,20.8311,20.6185,20.4059,20.1934,19.9808,19.7683,19.5557,19.3431,19.1306,18.918,18.7054,18.4929,18.2803,18.0678,17.8552,17.6426,17.4301,17.2175,17.0049,16.7924,16.5798,16.3673,16.1547,15.9421,False,False,False,False,False,False,False,False,False,False,False,False,False,False,False,False,False,False,False,False,False,False,False,False,False
ALLY,2018-09-05,21.493417739868164,21.67529692256716,21.40643138801458,21.493417739868164,2384200,2018,9,36,Wednesday,21.5171,21.406435012817383,0.41,0.41,-0.0,0.41,0.0,0,0.0,21.1924,20.9783,20.7642,20.5502,20.3361,20.122,19.908,19.6939,19.4799,19.2658,19.0517,18.8377,18.6236,18.4095,18.1955,17.9814,17.7673,17.5533,17.3392,17.1251,16.9111,16.697,16.483,16.2689,16.0548,False,False,False,False,False,False,False,False,False,False,False,False,False,False,False,False,False,False,False,False,False,False,False,False,False
ALLY,2018-09-06,21.46969111327748,21.525045509116,21.14547121625689,21.1691951751709,1882500,2018,9,36,Thursday,21.3274,21.493417739868164,-1.51,-0.11,-1.62,-1.51,1.62,1,21.2785,21.2785,21.0635,20.8486,20.6337,20.4187,20.2038,19.9889,19.7739,19.559,19.3441,19.1291,18.9142,18.6993,18.4843,18.2694,18.0545,17.8395,17.6246,17.4097,17.1947,16.9798,16.7649,16.5499,16.335,16.1201,True,False,False,False,False,False,False,False,False,False,False,False,False,False,False,False,False,False,False,False,False,False,False,False,False
ALLY,2018-09-07,21.200829488427384,21.248277414930712,21.05848872550628,21.06639671325684,2514500,2018,9,36,Friday,21.1435,21.1691951751709,-0.49,0.15,-0.52,-0.49,0.52,0,0.0,20.9575,20.7458,20.5341,20.3224,20.1107,19.899,19.6874,19.4757,19.264,19.0523,18.8406,18.6289,18.4172,18.2055,17.9938,17.7821,17.5704,17.3587,17.147,16.9354,16.7237,16.512,16.3003,16.0886,15.8769,False,False,False,False,False,False,False,False,False,False,False,False,False,False,False,False,False,False,False,False,False,False,False,False,False
ALLY,2018-09-10,21.12175166475516,21.17710758043879,21.01895083793165,21.12965965270996,2465100,2018,9,37,Monday,21.1119,21.06639671325684,0.3,0.26,-0.23,0.3,0.23,0,0.0,20.8557,20.6451,20.4344,20.2237,20.0131,19.8024,19.5917,19.3811,19.1704,18.9598,18.7491,18.5384,18.3278,18.1171,17.9064,17.6958,17.4851,17.2744,17.0638,16.8531,16.6425,16.4318,16.2211,16.0105,15.7998,False,False,False,False,False,False,False,False,False,False,False,False,False,False,False,False,False,False,False,False,False,False,False,False,False
ALLY,2018-09-11,21.074306303448594,21.21269383716431,20.92405754135237,21.18501663208008,2444700,2018,9,37,Tuesday,21.099,21.12965965270996,0.26,-0.26,-0.97,0.26,0.97,0,0.0,20.9184,20.7071,20.4958,20.2845,20.0732,19.8619,19.6506,19.4393,19.228,19.0167,18.8054,18.5941,18.3828,18.1715,17.9602,17.7489,17.5376,17.3263,17.115,16.9037,16.6924,16.4811,16.2698,16.0585,15.8472,False,False,False,False,False,False,False,False,False,False,False,False,False,False,False,False,False,False,False,False,False,False,False,False,False
ALLY,2018-09-12,21.192913891410424,21.208729861232847,20.900325991165108,20.98731231689453,1829400,2018,9,37,Wednesday,21.0723,21.18501663208008,-0.93,0.04,-1.34,-0.93,1.34,1,20.9732,20.9732,20.7613,20.5495,20.3376,20.1258,19.9139,19.7021,19.4902,19.2784,19.0665,18.8547,18.6428,18.431,18.2191,18.0073,17.7954,17.5836,17.3717,17.1599,16.948,16.7362,16.5243,16.3125,16.1006,15.8888,True,False,False,False,False,False,False,False,False,False,False,False,False,False,False,False,False,False,False,False,False,False,False,False,False
ALLY,2018-09-13,21.00313007782829,21.169194770463218,20.98336086659165,20.995222091674805,2383700,2018,9,37,Thursday,21.0377,20.98731231689453,0.04,0.08,-0.02,0.04,0.02,0,0.0,20.7774,20.5676,20.3577,20.1478,19.9379,19.7281,19.5182,19.3083,19.0985,18.8886,18.6787,18.4688,18.259,18.0491,17.8392,17.6293,17.4195,17.2096,16.9997,16.7898,16.58,16.3701,16.1602,15.9504,15.7405,False,False,False,False,False,False,False,False,False,False,False,False,False,False,False,False,False,False,False,False,False,False,False,False,False
ALLY,2018-09-14,21.003130445350333,21.54086144684372,21.003130445350333,21.445968627929688,3663600,2018,9,37,Friday,21.2483,20.995222091674805,2.15,0.04,0.04,2.15,-0.04,0,0.0,20.7853,20.5753,20.3654,20.1554,19.9455,19.7355,19.5256,19.3156,19.1057,18.8957,18.6857,18.4758,18.2658,18.0559,17.8459,17.636,17.426,17.2161,17.0061,16.7962,16.5862,16.3763,16.1663,15.9564,15.7464,False,False,False,False,False,False,False,False,False,False,False,False,False,False,False,False,False,False,False,False,False,False,False,False,False
ALLY,2018-09-17,21.53295052707452,21.53295052707452,21.26803980971016,21.311532974243164,2278800,2018,9,38,Monday,21.4114,21.445968627929688,-0.63,0.41,-0.83,-0.63,0.83,0,0.0,21.2315,21.017,20.8026,20.5881,20.3737,20.1592,19.9448,19.7303,19.5158,19.3014,19.0869,18.8725,18.658,18.4435,18.2291,18.0146,17.8002,17.5857,17.3712,17.1568,16.9423,16.7279,16.5134,16.2989,16.0845,False,False,False,False,False,False,False,False,False,False,False,False,False,False,False,False,False,False,False,False,False,False,False,False,False
ALLY,2018-09-18,21.295717475295845,21.44991941965852,21.19291517352474,21.2799015045166,2901200,2018,9,38,Tuesday,21.3046,21.311532974243164,-0.15,-0.07,-0.56,-0.15,0.56,0,0.0,21.0984,20.8853,20.6722,20.4591,20.246,20.0328,19.8197,19.6066,19.3935,19.1804,18.9673,18.7541,18.541,18.3279,18.1148,17.9017,17.6886,17.4755,17.2623,17.0492,16.8361,16.623,16.4099,16.1968,15.9836,False,False,False,False,False,False,False,False,False,False,False,False,False,False,False,False,False,False,False,False,False,False,False,False,False
ALLY,2018-09-19,21.398518735145284,21.65156823995237,21.33525635894351,21.525043487548828,4064100,2018,9,38,Wednesday,21.4776,21.2799015045166,1.15,0.56,0.26,1.15,-0.26,0,0.0,21.0671,20.8543,20.6415,20.4287,20.2159,20.0031,19.7903,19.5775,19.3647,19.1519,18.9391,18.7263,18.5135,18.3007,18.0879,17.8751,17.6623,17.4495,17.2367,17.0239,16.8111,16.5983,16.3855,16.1727,15.9599,False,False,False,False,False,False,False,False,False,False,False,False,False,False,False,False,False,False,False,False,False,False,False,False,False
ALLY,2018-09-20,21.65948178215009,21.936255314648022,21.65948178215009,21.80973052978516,4595900,2018,9,38,Thursday,21.7662,21.525043487548828,1.32,0.62,0.62,1.32,-0.62,0,0.0,21.3098,21.0945,20.8793,20.664,20.4488,20.2335,20.0183,19.803,19.5878,19.3725,19.1573,18.942,18.7268,18.5115,18.2963,18.081,17.8658,17.6505,17.4353,17.22,17.0048,16.7895,16.5743,16.359,16.1438,False,False,False,False,False,False,False,False,False,False,False,False,False,False,False,False,False,False,False,False,False,False,False,False,False
ALLY,2018-09-21,21.83344963789399,21.89671201625905,21.722739344534588,21.778095245361328,6143100,2018,9,38,Friday,21.8077,21.80973052978516,-0.15,0.11,-0.4,-0.15,0.4,0,0.0,21.5916,21.3735,21.1554,20.9373,20.7192,20.5011,20.283,20.065,19.8469,19.6288,19.4107,19.1926,18.9745,18.7564,18.5383,18.3202,18.1021,17.884,17.6659,17.4478,17.2297,17.0116,16.7935,16.5754,16.3573,False,False,False,False,False,False,False,False,False,False,False,False,False,False,False,False,False,False,False,False,False,False,False,False,False
ALLY,2018-09-24,21.746466968423668,21.809729357454582,21.39852307460648,21.58831024169922,3684100,2018,9,39,Monday,21.6358,21.778095245361328,-0.87,-0.15,-1.74,-0.87,1.74,1,21.5603,21.5603,21.3425,21.1248,20.907,20.6892,20.4714,20.2536,20.0358,19.8181,19.6003,19.3825,19.1647,18.9469,18.7292,18.5114,18.2936,18.0758,17.858,17.6403,17.4225,17.2047,16.9869,16.7691,16.5514,16.3336,True,False,False,False,False,False,False,False,False,False,False,False,False,False,False,False,False,False,False,False,False,False,False,False,False
ALLY,2018-09-25,21.667389608277865,21.714836025174275,21.46969444486604,21.54877281188965,3279200,2018,9,39,Tuesday,21.6002,21.58831024169922,-0.18,0.37,-0.55,-0.18,0.55,0,0.0,21.3724,21.1565,20.9407,20.7248,20.5089,20.293,20.0771,19.8612,19.6454,19.4295,19.2136,18.9977,18.7818,18.5659,18.3501,18.1342,17.9183,17.7024,17.4865,17.2706,17.0548,16.8389,16.623,16.4071,16.1912,False,False,False,False,False,False,False,False,False,False,False,False,False,False,False,False,False,False,False,False,False,False,False,False,False
ALLY,2018-09-26,21.54877165321992,21.54877165321992,21.14547336054966,21.15338134765625,2543900,2018,9,39,Wednesday,21.3491,21.54877281188965,-1.83,-0.0,-1.87,-1.83,1.87,1,21.3333,21.3333,21.1178,20.9023,20.6868,20.4713,20.2558,20.0404,19.8249,19.6094,19.3939,19.1784,18.9629,18.7474,18.5319,18.3165,18.101,17.8855,17.67,17.4545,17.239,17.0235,16.808,16.5926,16.3771,16.1616,True,False,False,False,False,False,False,False,False,False,False,False,False,False,False,False,False,False,False,False,False,False,False,False,False
ALLY,2018-09-27,21.14547256882465,21.29176655408329,21.00313182282414,21.105934143066406,3374100,2018,9,39,Thursday,21.1366,21.15338134765625,-0.22,-0.04,-0.71,-0.22,0.71,0,0.0,20.9418,20.7303,20.5188,20.3072,20.0957,19.8842,19.6726,19.4611,19.2496,19.038,18.8265,18.615,18.4034,18.1919,17.9804,17.7688,17.5573,17.3458,17.1342,16.9227,16.7112,16.4996,16.2881,16.0766,15.865,False,False,False,False,False,False,False,False,False,False,False,False,False,False,False,False,False,False,False,False,False,False,False,False,False
ALLY,2018-09-28,20.97149780729725,21.07429860171312,20.89241946097289,20.9161434173584,2916600,2018,9,39,Friday,20.9636,21.105934143066406,-0.9,-0.64,-1.01,-0.9,1.01,1,20.8949,20.8949,20.6838,20.4728,20.2617,20.0506,19.8396,19.6285,19.4175,19.2064,18.9953,18.7843,18.5732,18.3622,18.1511,17.94,17.729,17.5179,17.3069,17.0958,16.8847,16.6737,16.4626,16.2516,16.0405,15.8295,True,False,False,False,False,False,False,False,False,False,False,False,False,False,False,False,False,False,False,False,False,False,False,False,False
ALLY,2018-10-01,21.04267180984585,21.129656648391805,20.80939147737873,20.829160690307617,3446100,2018,10,40,Monday,20.9527,20.9161434173584,-0.42,0.6,-0.51,-0.42,0.51,0,0.0,20.707,20.4978,20.2887,20.0795,19.8703,19.6612,19.452,19.2429,19.0337,18.8245,18.6154,18.4062,18.197,17.9879,17.7787,17.5696,17.3604,17.1512,16.9421,16.7329,16.5238,16.3146,16.1054,15.8963,15.6871,False,False,False,False,False,False,False,False,False,False,False,False,False,False,False,False,False,False,False,False,False,False,False,False,False
ALLY,2018-10-02,20.84497185869157,21.018943003973146,20.797523948647022,20.86869430541992,2064400,2018,10,40,Tuesday,20.8825,20.829160690307617,0.19,0.08,-0.15,0.19,0.15,0,0.0,20.6209,20.4126,20.2043,19.996,19.7877,19.5794,19.3711,19.1628,18.9545,18.7462,18.538,18.3297,18.1214,17.9131,17.7048,17.4965,17.2882,17.0799,16.8716,16.6633,16.455,16.2467,16.0385,15.8302,15.6219,False,False,False,False,False,False,False,False,False,False,False,False,False,False,False,False,False,False,False,False,False,False,False,False,False
ALLY,2018-10-03,20.955686502358112,21.37480077539124,20.860792163980943,21.232460021972656,3073800,2018,10,40,Wednesday,21.1059,20.86869430541992,1.74,0.42,-0.04,1.74,0.04,0,0.0,20.66,20.4513,20.2426,20.0339,19.8253,19.6166,19.4079,19.1992,18.9905,18.7818,18.5731,18.3645,18.1558,17.9471,17.7384,17.5297,17.321,17.1123,16.9036,16.695,16.4863,16.2776,16.0689,15.8602,15.6515,False,False,False,False,False,False,False,False,False,False,False,False,False,False,False,False,False,False,False,False,False,False,False,False,False
ALLY,2018-10-04,21.540862806764647,21.64366512675484,21.264089302252785,21.382707595825195,2881300,2018,10,40,Thursday,21.4578,21.232460021972656,0.71,1.45,0.15,0.71,-0.15,0,0.0,21.0201,20.8078,20.5955,20.3832,20.1708,19.9585,19.7462,19.5339,19.3215,19.1092,18.8969,18.6846,18.4722,18.2599,18.0476,17.8353,17.6229,17.4106,17.1983,16.986,16.7736,16.5613,16.349,16.1367,15.9243,False,False,False,False,False,False,False,False,False,False,False,False,False,False,False,False,False,False,False,False,False,False,False,False,False
ALLY,2018-10-05,21.39061275852496,21.540861481725333,21.14547121625689,21.1691951751709,2120300,2018,10,40,Friday,21.3115,21.382707595825195,-1.0,0.04,-1.11,-1.0,1.11,1,21.1689,21.1689,20.9551,20.7412,20.5274,20.3136,20.0997,19.8859,19.6721,19.4583,19.2444,19.0306,18.8168,18.603,18.3891,18.1753,17.9615,17.7476,17.5338,17.32,17.1062,16.8923,16.6785,16.4647,16.2509,16.037,True,False,False,False,False,False,False,False,False,False,False,False,False,False,False,False,False,False,False,False,False,False,False,False,False
ALLY,2018-10-08,21.161289645263363,21.34712357425921,21.03476486629004,21.232460021972656,1695900,2018,10,41,Monday,21.1939,21.1691951751709,0.3,-0.04,-0.64,0.3,0.64,0,0.0,20.9575,20.7458,20.5341,20.3224,20.1107,19.899,19.6874,19.4757,19.264,19.0523,18.8406,18.6289,18.4172,18.2055,17.9938,17.7821,17.5704,17.3587,17.147,16.9354,16.7237,16.512,16.3003,16.0886,15.8769,False,False,False,False,False,False,False,False,False,False,False,False,False,False,False,False,False,False,False,False,False,False,False,False,False
ALLY,2018-10-09,21.1850078010795,21.29571657526732,21.01894313150385,21.13755989074707,1849000,2018,10,41,Tuesday,21.1593,21.232460021972656,-0.45,-0.22,-1.01,-0.45,1.01,1,21.0201,21.0201,20.8078,20.5955,20.3832,20.1708,19.9585,19.7462,19.5339,19.3215,19.1092,18.8969,18.6846,18.4722,18.2599,18.0476,17.8353,17.6229,17.4106,17.1983,16.986,16.7736,16.5613,16.349,16.1367,15.9243,True,False,False,False,False,False,False,False,False,False,False,False,False,False,False,False,False,False,False,False,False,False,False,False,False
ALLY,2018-10-10,21.16919966170053,21.28781646482148,20.78171730041504,20.78171730041504,4213900,2018,10,41,Wednesday,21.0051,21.13755989074707,-1.68,0.15,-1.68,-1.68,1.68,1,20.9262,20.9262,20.7148,20.5034,20.2921,20.0807,19.8693,19.6579,19.4466,19.2352,19.0238,18.8124,18.6011,18.3897,18.1783,17.9669,17.7556,17.5442,17.3328,17.1214,16.91,16.6987,16.4873,16.2759,16.0645,15.8532,True,False,False,False,False,False,False,False,False,False,False,False,False,False,False,False,False,False,False,False,False,False,False,False,False
ALLY,2018-10-11,20.7105423951616,21.129655108570592,20.52075524994532,20.52866172790528,5228300,2018,10,41,Thursday,20.7224,20.78171730041504,-1.22,-0.34,-1.26,-1.22,1.26,1,20.5739,20.5739,20.3661,20.1583,19.9504,19.7426,19.5348,19.327,19.1192,18.9114,18.7035,18.4957,18.2879,18.0801,17.8723,17.6645,17.4566,17.2488,17.041,16.8332,16.6254,16.4176,16.2097,16.0019,15.7941,15.5863,True,False,False,False,False,False,False,False,False,False,False,False,False,False,False,False,False,False,False,False,False,False,False,False,False
ALLY,2018-10-12,20.83707393385889,20.979414716127053,20.267710804786216,20.663101196289062,3065800,2018,10,41,Friday,20.6868,20.52866172790528,0.65,1.5,-1.27,0.65,1.27,1,20.3234,20.3234,20.1181,19.9128,19.7075,19.5022,19.2969,19.0917,18.8864,18.6811,18.4758,18.2705,18.0652,17.8599,17.6546,17.4494,17.2441,17.0388,16.8335,16.6282,16.4229,16.2176,16.0124,15.8071,15.6018,15.3965,True,False,False,False,False,False,False,False,False,False,False,False,False,False,False,False,False,False,False,False,False,False,False,False,False
ALLY,2018-10-15,20.678906707854782,20.80543144843495,20.49702758180753,20.62355232238769,1815400,2018,10,42,Monday,20.6512,20.663101196289062,-0.19,0.08,-0.8,-0.19,0.8,0,0.0,20.4565,20.2498,20.0432,19.8366,19.6299,19.4233,19.2167,19.0101,18.8034,18.5968,18.3902,18.1835,17.9769,17.7703,17.5636,17.357,17.1504,16.9437,16.7371,16.5305,16.3238,16.1172,15.9106,15.704,15.4973,False,False,False,False,False,False,False,False,False,False,False,False,False,False,False,False,False,False,False,False,False,False,False,False,False
ALLY,2018-10-16,20.686820192555253,20.829160940624668,20.35469228315804,20.639373779296875,3191200,2018,10,42,Tuesday,20.6275,20.62355232238769,0.08,0.31,-1.3,0.08,1.3,1,20.4173,20.4173,20.2111,20.0048,19.7986,19.5924,19.3861,19.1799,18.9737,18.7674,18.5612,18.355,18.1487,17.9425,17.7363,17.53,17.3238,17.1175,16.9113,16.7051,16.4988,16.2926,16.0864,15.8801,15.6739,15.4677,True,False,False,False,False,False,False,False,False,False,False,False,False,False,False,False,False,False,False,False,False,False,False,False,False
ALLY,2018-10-17,20.63938433018956,20.837079579504987,20.425873098938087,20.6710147857666,2767800,2018,10,42,Wednesday,20.6433,20.639373779296875,0.15,0.0,-1.03,0.15,1.03,1,20.433,20.433,20.2266,20.0202,19.8138,19.6074,19.401,19.1946,18.9882,18.7818,18.5754,18.369,18.1626,17.9563,17.7499,17.5435,17.3371,17.1307,16.9243,16.7179,16.5115,16.3051,16.0987,15.8923,15.6859,15.4795,True,False,False,False,False,False,False,False,False,False,False,False,False,False,False,False,False,False,False,False,False,False,False,False,False
ALLY,2018-10-18,20.64728732937716,20.83707454184076,20.23608094822535,20.28352737426757,2276800,2018,10,42,Thursday,20.501,20.6710147857666,-1.87,-0.11,-2.1,-1.87,2.1,2,40.7219,20.4643,20.2576,20.0509,19.8442,19.6375,19.4308,19.224,19.0173,18.8106,18.6039,18.3972,18.1905,17.9838,17.7771,17.5704,17.3637,17.1569,16.9502,16.7435,16.5368,16.3301,16.1234,15.9167,15.71,15.5033,True,True,False,False,False,False,False,False,False,False,False,False,False,False,False,False,False,False,False,False,False,False,False,False,False
ALLY,2018-10-19,20.29142502976445,20.58796768102753,20.25188661291361,20.51284408569336,1926500,2018,10,42,Friday,20.411,20.28352737426757,1.13,0.04,-0.16,1.13,0.16,0,0.0,20.0807,19.8779,19.675,19.4722,19.2694,19.0665,18.8637,18.6608,18.458,18.2552,18.0523,17.8495,17.6467,17.4438,17.241,17.0382,16.8353,16.6325,16.4297,16.2268,16.024,15.8212,15.6183,15.4155,15.2126,False,False,False,False,False,False,False,False,False,False,False,False,False,False,False,False,False,False,False,False,False,False,False,False,False
ALLY,2018-10-22,20.591921029349663,20.67099785768146,20.006742243296387,20.02255821228028,2828400,2018,10,43,Monday,20.3231,20.51284408569336,-2.39,0.39,-2.47,-2.39,2.47,2,40.4103,20.3077,20.1026,19.8975,19.6923,19.4872,19.2821,19.0769,18.8718,18.6667,18.4616,18.2564,18.0513,17.8462,17.641,17.4359,17.2308,17.0257,16.8205,16.6154,16.4103,16.2051,16.0,15.7949,15.5898,15.3846,True,True,False,False,False,False,False,False,False,False,False,False,False,False,False,False,False,False,False,False,False,False,False,False,False
ALLY,2018-10-23,19.690438390756164,20.243985463338618,19.51646718625897,20.18863105773925,3933100,2018,10,43,Tuesday,19.9099,20.02255821228028,0.83,-1.66,-2.53,0.83,2.53,2,39.4444,19.8223,19.6221,19.4219,19.2217,19.0214,18.8212,18.621,18.4208,18.2205,18.0203,17.8201,17.6199,17.4196,17.2194,17.0192,16.8189,16.6187,16.4185,16.2183,16.018,15.8178,15.6176,15.4174,15.2171,15.0169,True,True,False,False,False,False,False,False,False,False,False,False,False,False,False,False,False,False,False,False,False,False,False,False,False
ALLY,2018-10-24,20.141182197233466,20.30724691462255,19.31086313517114,19.33458709716797,9386900,2018,10,43,Wednesday,19.7735,20.18863105773925,-4.23,-0.24,-4.35,-4.23,4.35,4,78.7357,19.9867,19.7849,19.583,19.3811,19.1792,18.9773,18.7754,18.5735,18.3717,18.1698,17.9679,17.766,17.5641,17.3622,17.1603,16.9585,16.7566,16.5547,16.3528,16.1509,15.949,15.7471,15.5452,15.3434,15.1415,True,True,True,True,False,False,False,False,False,False,False,False,False,False,False,False,False,False,False,False,False,False,False,False,False
ALLY,2018-10-25,19.571818825065627,19.96720910435988,18.733591855284185,19.777421951293945,6139100,2018,10,43,Thursday,19.5125,19.33458709716797,2.29,1.23,-3.11,2.29,3.11,3,56.8437,19.1412,18.9479,18.7545,18.5612,18.3679,18.1745,17.9812,17.7878,17.5945,17.4011,17.2078,17.0144,16.8211,16.6277,16.4344,16.2411,16.0477,15.8544,15.661,15.4677,15.2743,15.081,14.8876,14.6943,14.5009,True,True,True,False,False,False,False,False,False,False,False,False,False,False,False,False,False,False,False,False,False,False,False,False,False
ALLY,2018-10-26,19.579730173722982,19.753701383499497,18.978736665002565,19.26341819763184,4184000,2018,10,43,Friday,19.3939,19.777421951293945,-2.6,-1.0,-4.04,-2.6,4.04,4,77.1319,19.5796,19.3819,19.1841,18.9863,18.7886,18.5908,18.393,18.1952,17.9975,17.7997,17.6019,17.4041,17.2064,17.0086,16.8108,16.613,16.4153,16.2175,16.0197,15.8219,15.6242,15.4264,15.2286,15.0308,14.8331,True,True,True,True,False,False,False,False,False,False,False,False,False,False,False,False,False,False,False,False,False,False,False,False,False
ALLY,2018-10-29,19.453199034418915,19.888127671061408,19.02617687484063,19.20014953613281,6764100,2018,10,44,Monday,19.3919,19.26341819763184,-0.33,0.99,-1.23,-0.33,1.23,1,19.0708,19.0708,18.8781,18.6855,18.4929,18.3002,18.1076,17.915,17.7223,17.5297,17.3371,17.1444,16.9518,16.7592,16.5665,16.3739,16.1813,15.9886,15.796,15.6034,15.4107,15.2181,15.0255,14.8328,14.6402,14.4476,True,False,False,False,False,False,False,False,False,False,False,False,False,False,False,False,False,False,False,False,False,False,False,False,False
ALLY,2018-10-30,19.25550778998129,19.85650122317887,19.25550778998129,19.81696128845215,3779400,2018,10,44,Tuesday,19.5461,19.20014953613281,3.21,0.29,0.29,3.21,-0.29,0,0.0,19.0081,18.8161,18.6241,18.4321,18.2401,18.0481,17.8561,17.6641,17.4721,17.2801,17.0881,16.8961,16.7041,16.5121,16.3201,16.1281,15.9361,15.7441,15.5521,15.3601,15.1681,14.9761,14.7841,14.5921,14.4001,False,False,False,False,False,False,False,False,False,False,False,False,False,False,False,False,False,False,False,False,False,False,False,False,False
ALLY,2018-10-31,20.047669941003043,20.48124062816869,20.047669941003043,20.214733123779297,6332700,2018,10,44,Wednesday,20.1978,19.81696128845215,2.01,1.16,1.16,2.01,-1.16,0,0.0,19.6188,19.4206,19.2225,19.0243,18.8261,18.6279,18.4298,18.2316,18.0334,17.8353,17.6371,17.4389,17.2408,17.0426,16.8444,16.6462,16.4481,16.2499,16.0517,15.8536,15.6554,15.4572,15.2591,15.0609,14.8627,False,False,False,False,False,False,False,False,False,False,False,False,False,False,False,False,False,False,False,False,False,False,False,False,False
ALLY,2018-11-01,20.30224175880594,20.576703331717635,20.11926737686481,20.48521614074707,3558200,2018,11,44,Thursday,20.3709,20.214733123779297,1.34,0.43,-0.47,1.34,0.47,0,0.0,20.0126,19.8104,19.6083,19.4061,19.204,19.0018,18.7997,18.5976,18.3954,18.1933,17.9911,17.789,17.5868,17.3847,17.1825,16.9804,16.7782,16.5761,16.3739,16.1718,15.9696,15.7675,15.5653,15.3632,15.161,False,False,False,False,False,False,False,False,False,False,False,False,False,False,False,False,False,False,False,False,False,False,False,False,False
ALLY,2018-11-02,20.644322706657977,20.75569813993986,20.02379918399506,20.071531295776367,2493200,2018,11,44,Friday,20.3738,20.48521614074707,-2.02,0.78,-2.25,-2.02,2.25,2,40.3559,20.2804,20.0755,19.8707,19.6658,19.461,19.2561,19.0513,18.8464,18.6415,18.4367,18.2318,18.027,17.8221,17.6173,17.4124,17.2076,17.0027,16.7979,16.593,16.3882,16.1833,15.9785,15.7736,15.5688,15.3639,True,True,False,False,False,False,False,False,False,False,False,False,False,False,False,False,False,False,False,False,False,False,False,False,False
ALLY,2018-11-05,20.095400525990247,20.50112731834432,20.095400525990247,20.326107025146484,3604000,2018,11,45,Monday,20.2545,20.071531295776367,1.27,0.12,0.12,1.27,-0.12,0,0.0,19.8708,19.6701,19.4694,19.2687,19.068,18.8672,18.6665,18.4658,18.2651,18.0644,17.8637,17.6629,17.4622,17.2615,17.0608,16.8601,16.6594,16.4587,16.2579,16.0572,15.8565,15.6558,15.4551,15.2544,15.0536,False,False,False,False,False,False,False,False,False,False,False,False,False,False,False,False,False,False,False,False,False,False,False,False,False
ALLY,2018-11-06,20.318156979578585,20.62046247385404,20.262467727785907,20.61250686645508,2544000,2018,11,45,Tuesday,20.4534,20.326107025146484,1.41,-0.04,-0.31,1.41,0.31,0,0.0,20.1228,19.9196,19.7163,19.5131,19.3098,19.1065,18.9033,18.7,18.4968,18.2935,18.0902,17.887,17.6837,17.4805,17.2772,17.0739,16.8707,16.6674,16.4641,16.2609,16.0576,15.8544,15.6511,15.4478,15.2446,False,False,False,False,False,False,False,False,False,False,False,False,False,False,False,False,False,False,False,False,False,False,False,False,False
ALLY,2018-11-07,20.77161128729775,20.93071884720297,20.564770093782005,20.84321022033692,2537100,2018,11,45,Wednesday,20.7776,20.61250686645508,1.12,0.77,-0.23,1.12,0.23,0,0.0,20.4064,20.2003,19.9941,19.788,19.5819,19.3758,19.1696,18.9635,18.7574,18.5513,18.3451,18.139,17.9329,17.7268,17.5206,17.3145,17.1084,16.9023,16.6961,16.49,16.2839,16.0778,15.8716,15.6655,15.4594,False,False,False,False,False,False,False,False,False,False,False,False,False,False,False,False,False,False,False,False,False,False,False,False,False
ALLY,2018-11-08,20.75569920272864,20.95458478227385,20.723876781660657,20.91480827331543,2145900,2018,11,45,Thursday,20.8372,20.84321022033692,0.34,-0.42,-0.57,0.34,0.57,0,0.0,20.6348,20.4263,20.2179,20.0095,19.801,19.5926,19.3842,19.1758,18.9673,18.7589,18.5505,18.342,18.1336,17.9252,17.7167,17.5083,17.2999,17.0914,16.883,16.6746,16.4661,16.2577,16.0493,15.8408,15.6324,False,False,False,False,False,False,False,False,False,False,False,False,False,False,False,False,False,False,False,False,False,False,False,False,False
ALLY,2018-11-09,20.85116484899238,21.01027393039808,20.441461012831176,20.49317169189453,3304400,2018,11,45,Friday,20.699,20.91480827331543,-2.02,-0.3,-2.26,-2.02,2.26,2,41.2022,20.7057,20.4965,20.2874,20.0782,19.8691,19.6599,19.4508,19.2416,19.0325,18.8233,18.6142,18.405,18.1959,17.9867,17.7776,17.5684,17.3593,17.1501,16.941,16.7318,16.5227,16.3136,16.1044,15.8953,15.6861,True,True,False,False,False,False,False,False,False,False,False,False,False,False,False,False,False,False,False,False,False,False,False,False,False
ALLY,2018-11-12,20.39770433630097,20.556813405200582,20.135175434780187,20.17495346069336,2320800,2018,11,46,Monday,20.3162,20.49317169189453,-1.55,-0.47,-1.75,-1.55,1.75,1,20.2882,20.2882,20.0833,19.8784,19.6734,19.4685,19.2636,19.0586,18.8537,18.6488,18.4439,18.2389,18.034,17.8291,17.6241,17.4192,17.2143,17.0093,16.8044,16.5995,16.3945,16.1896,15.9847,15.7797,15.5748,15.3699,True,False,False,False,False,False,False,False,False,False,False,False,False,False,False,False,False,False,False,False,False,False,False,False,False
ALLY,2018-11-13,20.151091975519773,20.548863235610867,20.151091975519773,20.33406639099121,2523500,2018,11,46,Tuesday,20.2963,20.17495346069336,0.79,-0.12,-0.12,0.79,0.12,0,0.0,19.9732,19.7715,19.5697,19.368,19.1662,18.9645,18.7627,18.561,18.3592,18.1575,17.9557,17.754,17.5522,17.3505,17.1487,16.947,16.7452,16.5435,16.3417,16.14,15.9382,15.7365,15.5347,15.333,15.1312,False,False,False,False,False,False,False,False,False,False,False,False,False,False,False,False,False,False,False,False,False,False,False,False,False
ALLY,2018-11-14,20.540901578700183,20.68807647672299,20.03175500129601,20.20677375793457,2583400,2018,11,46,Wednesday,20.3669,20.33406639099121,-0.63,1.02,-1.49,-0.63,1.49,1,20.1307,20.1307,19.9274,19.724,19.5207,19.3174,19.114,18.9107,18.7073,18.504,18.3007,18.0973,17.894,17.6906,17.4873,17.284,17.0806,16.8773,16.6739,16.4706,16.2673,16.0639,15.8606,15.6572,15.4539,15.2505,True,False,False,False,False,False,False,False,False,False,False,False,False,False,False,False,False,False,False,False,False,False,False,False,False
ALLY,2018-11-15,20.047674337122444,20.1908707320269,19.896520816672226,20.18291664123535,3505700,2018,11,46,Thursday,20.0795,20.20677375793457,-0.12,-0.79,-1.54,-0.12,1.54,1,20.0047,20.0047,19.8026,19.6006,19.3985,19.1964,18.9944,18.7923,18.5902,18.3882,18.1861,17.984,17.782,17.5799,17.3778,17.1758,16.9737,16.7716,16.5696,16.3675,16.1654,15.9634,15.7613,15.5592,15.3571,15.1551,True,False,False,False,False,False,False,False,False,False,False,False,False,False,False,False,False,False,False,False,False,False,False,False,False
ALLY,2018-11-16,20.03971521748429,20.238600834719488,20.019826959236138,20.14313507080078,2779300,2018,11,46,Friday,20.1103,20.18291664123535,-0.2,-0.71,-0.81,-0.2,0.81,0,0.0,19.9811,19.7793,19.5774,19.3756,19.1738,18.9719,18.7701,18.5683,18.3665,18.1646,17.9628,17.761,17.5591,17.3573,17.1555,16.9536,16.7518,16.55,16.3482,16.1463,15.9445,15.7427,15.5408,15.339,15.1372,False,False,False,False,False,False,False,False,False,False,False,False,False,False,False,False,False,False,False,False,False,False,False,False,False
ALLY,2018-11-19,20.10335818659826,20.3101994068248,19.80980191627814,19.87265014648437,2495700,2018,11,47,Monday,20.024,20.14313507080078,-1.34,-0.2,-1.65,-1.34,1.65,1,19.9417,19.9417,19.7403,19.5388,19.3374,19.136,18.9345,18.7331,18.5317,18.3303,18.1288,17.9274,17.726,17.5245,17.3231,17.1217,16.9202,16.7188,16.5174,16.3159,16.1145,15.9131,15.7116,15.5102,15.3088,15.1074,True,False,False,False,False,False,False,False,False,False,False,False,False,False,False,False,False,False,False,False,False,False,False,False,False
ALLY,2018-11-20,19.633987946398605,19.665808855423634,19.19643868763419,19.29190444946289,3929800,2018,11,47,Tuesday,19.447,19.87265014648437,-2.92,-1.2,-3.4,-2.92,3.4,3,58.4256,19.6739,19.4752,19.2765,19.0777,18.879,18.6803,18.4816,18.2828,18.0841,17.8854,17.6867,17.4879,17.2892,17.0905,16.8918,16.693,16.4943,16.2956,16.0968,15.8981,15.6994,15.5007,15.3019,15.1032,14.9045,True,True,True,False,False,False,False,False,False,False,False,False,False,False,False,False,False,False,False,False,False,False,False,False,False
ALLY,2018-11-21,19.403278545027938,19.88855989195212,19.36350203219472,19.53852081298828,3174900,2018,11,47,Wednesday,19.5485,19.29190444946289,1.28,0.58,0.37,1.28,-0.37,0,0.0,19.099,18.9061,18.7131,18.5202,18.3273,18.1344,17.9415,17.7486,17.5556,17.3627,17.1698,16.9769,16.784,16.591,16.3981,16.2052,16.0123,15.8194,15.6264,15.4335,15.2406,15.0477,14.8548,14.6618,14.4689,False,False,False,False,False,False,False,False,False,False,False,False,False,False,False,False,False,False,False,False,False,False,False,False,False
ALLY,2018-11-23,19.371461693179885,19.99596248312106,19.339639262350698,19.81696510314941,1478900,2018,11,47,Friday,19.631,19.53852081298828,1.43,-0.86,-1.02,1.43,1.02,1,19.3431,19.3431,19.1478,18.9524,18.757,18.5616,18.3662,18.1708,17.9754,17.7801,17.5847,17.3893,17.1939,16.9985,16.8031,16.6077,16.4124,16.217,16.0216,15.8262,15.6308,15.4354,15.24,15.0447,14.8493,14.6539,True,False,False,False,False,False,False,False,False,False,False,False,False,False,False,False,False,False,False,False,False,False,False,False,False
ALLY,2018-11-26,20.095404136393206,20.55681873498153,19.968117455222423,20.50908660888672,3359700,2018,11,48,Monday,20.2824,19.81696510314941,3.49,1.41,0.76,3.49,-0.76,0,0.0,19.6188,19.4206,19.2225,19.0243,18.8261,18.6279,18.4298,18.2316,18.0334,17.8353,17.6371,17.4389,17.2408,17.0426,16.8444,16.6463,16.4481,16.2499,16.0517,15.8536,15.6554,15.4572,15.2591,15.0609,14.8627,False,False,False,False,False,False,False,False,False,False,False,False,False,False,False,False,False,False,False,False,False,False,False,False,False
ALLY,2018-11-27,20.46930388859762,20.668189472087395,20.42157177342552,20.58068084716797,2722900,2018,11,48,Tuesday,20.5349,20.50908660888672,0.35,-0.19,-0.43,0.35,0.43,0,0.0,20.304,20.0989,19.8938,19.6887,19.4836,19.2785,19.0735,18.8684,18.6633,18.4582,18.2531,18.048,17.8429,17.6378,17.4327,17.2276,17.0225,16.8175,16.6124,16.4073,16.2022,15.9971,15.792,15.5869,15.3818,False,False,False,False,False,False,False,False,False,False,False,False,False,False,False,False,False,False,False,False,False,False,False,False,False
ALLY,2018-11-28,20.644323584663614,21.065960038520966,20.501125725852987,21.050048828125,3851600,2018,11,48,Wednesday,20.8154,20.58068084716797,2.28,0.31,-0.39,2.28,0.39,0,0.0,20.3749,20.1691,19.9633,19.7575,19.5516,19.3458,19.14,18.9342,18.7284,18.5226,18.3168,18.111,17.9052,17.6994,17.4936,17.2878,17.082,16.8762,16.6704,16.4645,16.2587,16.0529,15.8471,15.6413,15.4355,False,False,False,False,False,False,False,False,False,False,False,False,False,False,False,False,False,False,False,False,False,False,False,False,False
ALLY,2018-11-29,20.84321094270598,21.20518266455933,20.731833977798026,21.065961837768555,2780100,2018,11,48,Thursday,20.9615,21.050048828125,0.08,-0.98,-1.51,0.08,1.51,1,20.8395,20.8395,20.629,20.4185,20.208,19.9975,19.787,19.5765,19.366,19.1555,18.945,18.7345,18.524,18.3135,18.103,17.8925,17.682,17.4715,17.261,17.0505,16.84,16.6295,16.419,16.2085,15.998,15.7875,True,False,False,False,False,False,False,False,False,False,False,False,False,False,False,False,False,False,False,False,False,False,False,False,False
ALLY,2018-11-30,20.970497634403216,21.30462549489016,20.946630816733908,21.22507095336914,4347700,2018,11,48,Friday,21.1117,21.065961837768555,0.76,-0.45,-0.57,0.76,0.57,0,0.0,20.8553,20.6446,20.434,20.2233,20.0127,19.802,19.5913,19.3807,19.17,18.9594,18.7487,18.538,18.3274,18.1167,17.9061,17.6954,17.4847,17.2741,17.0634,16.8528,16.6421,16.4315,16.2208,16.0101,15.7995,False,False,False,False,False,False,False,False,False,False,False,False,False,False,False,False,False,False,False,False,False,False,False,False,False
ALLY,2018-12-03,21.53533295086261,21.67455378404032,21.10574083540767,21.145517349243164,3262500,2018,12,49,Monday,21.3653,21.22507095336914,-0.37,1.46,-0.56,-0.37,0.56,0,0.0,21.0128,20.8006,20.5883,20.3761,20.1638,19.9516,19.7393,19.5271,19.3148,19.1026,18.8903,18.6781,18.4658,18.2536,18.0413,17.8291,17.6168,17.4046,17.1923,16.9801,16.7678,16.5556,16.3433,16.1311,15.9188,False,False,False,False,False,False,False,False,False,False,False,False,False,False,False,False,False,False,False,False,False,False,False,False,False
ALLY,2018-12-04,21.137563612758896,21.14551921970507,19.952205490562847,19.976072311401367,3664400,2018,12,49,Tuesday,20.5528,21.145517349243164,-5.53,-0.04,-5.64,-5.53,5.64,5,102.5558,20.9341,20.7226,20.5112,20.2997,20.0882,19.8768,19.6653,19.4539,19.2424,19.031,18.8195,18.6081,18.3966,18.1851,17.9737,17.7622,17.5508,17.3393,17.1279,16.9164,16.705,16.4935,16.282,16.0706,15.8591,True,True,True,True,True,False,False,False,False,False,False,False,False,False,False,False,False,False,False,False,False,False,False,False,False
ALLY,2018-12-06,19.63398168084101,20.13517259771643,19.29985389713196,20.087440490722656,4863600,2018,12,49,Thursday,19.7891,19.976072311401367,0.56,-1.71,-3.39,0.56,3.39,3,58.7297,19.7763,19.5766,19.3768,19.177,18.9773,18.7775,18.5777,18.378,18.1782,17.9785,17.7787,17.5789,17.3792,17.1794,16.9797,16.7799,16.5801,16.3804,16.1806,15.9809,15.7811,15.5813,15.3816,15.1818,14.9821,True,True,True,False,False,False,False,False,False,False,False,False,False,False,False,False,False,False,False,False,False,False,False,False,False
ALLY,2018-12-07,20.03971534249633,20.357932028582383,19.63398849872029,19.6976318359375,3359500,2018,12,49,Friday,19.9323,20.087440490722656,-1.94,-0.24,-2.26,-1.94,2.26,2,39.5723,19.8866,19.6857,19.4848,19.2839,19.0831,18.8822,18.6813,18.4804,18.2796,18.0787,17.8778,17.6769,17.4761,17.2752,17.0743,16.8735,16.6726,16.4717,16.2708,16.07,15.8691,15.6682,15.4673,15.2665,15.0656,True,True,False,False,False,False,False,False,False,False,False,False,False,False,False,False,False,False,False,False,False,False,False,False,False
ALLY,2018-12-10,19.626032694891403,19.77718618828133,19.07710796854249,19.40328025817871,4694500,2018,12,50,Monday,19.4709,19.6976318359375,-1.49,-0.36,-3.15,-1.49,3.15,3,57.911,19.5007,19.3037,19.1067,18.9097,18.7128,18.5158,18.3188,18.1218,17.9248,17.7279,17.5309,17.3339,17.1369,16.94,16.743,16.546,16.349,16.1521,15.9551,15.7581,15.5611,15.3642,15.1672,14.9702,14.7732,True,True,True,False,False,False,False,False,False,False,False,False,False,False,False,False,False,False,False,False,False,False,False,False,False
ALLY,2018-12-11,19.65785398704824,19.8965176418943,19.07710833979683,19.24417304992676,3431000,2018,12,50,Tuesday,19.4689,19.40328025817871,-0.82,1.31,-1.68,-0.82,1.68,1,19.2092,19.2092,19.0152,18.8212,18.6271,18.4331,18.2391,18.0451,17.851,17.657,17.463,17.2689,17.0749,16.8809,16.6868,16.4928,16.2988,16.1047,15.9107,15.7167,15.5226,15.3286,15.1346,14.9405,14.7465,14.5525,True,False,False,False,False,False,False,False,False,False,False,False,False,False,False,False,False,False,False,False,False,False,False,False,False
ALLY,2018-12-12,19.57829629158706,19.61011719423113,19.2839449759028,19.29985618591309,4358900,2018,12,50,Wednesday,19.4431,19.24417304992676,0.29,1.74,0.21,0.29,-0.21,0,0.0,19.0517,18.8593,18.6668,18.4744,18.282,18.0895,17.8971,17.7046,17.5122,17.3198,17.1273,16.9349,16.7424,16.55,16.3575,16.1651,15.9727,15.7802,15.5878,15.3953,15.2029,15.0105,14.818,14.6256,14.4331,False,False,False,False,False,False,False,False,False,False,False,False,False,False,False,False,False,False,False,False,False,False,False,False,False
ALLY,2018-12-13,19.28394991991185,19.41123659787482,18.50034007583363,18.607738494873047,5114900,2018,12,50,Thursday,18.9508,19.29985618591309,-3.59,-0.08,-4.14,-3.59,4.14,4,75.2694,19.1069,18.9139,18.7209,18.5279,18.3349,18.1419,17.9489,17.7559,17.5629,17.3699,17.1769,16.9839,16.7909,16.5979,16.4049,16.2119,16.0189,15.8259,15.6329,15.4399,15.2469,15.0539,14.8609,14.6679,14.4749,True,True,True,True,False,False,False,False,False,False,False,False,False,False,False,False,False,False,False,False,False,False,False,False,False
ALLY,2018-12-14,18.345211760206283,19.03733448340348,18.23383628280467,18.2974796295166,4034600,2018,12,50,Friday,18.4785,18.607738494873047,-1.67,-1.41,-2.01,-1.67,2.01,2,36.6572,18.4217,18.2356,18.0495,17.8634,17.6774,17.4913,17.3052,17.1191,16.933,16.747,16.5609,16.3748,16.1887,16.0027,15.8166,15.6305,15.4444,15.2583,15.0723,14.8862,14.7001,14.514,14.328,14.1419,13.9558,True,True,False,False,False,False,False,False,False,False,False,False,False,False,False,False,False,False,False,False,False,False,False,False,False
ALLY,2018-12-17,18.17018596338016,18.369071535205794,18.00312129401085,18.09858703613281,4490100,2018,12,51,Monday,18.1602,18.2974796295166,-1.09,-0.7,-1.61,-1.09,1.61,1,18.1145,18.1145,17.9315,17.7486,17.5656,17.3826,17.1996,17.0167,16.8337,16.6507,16.4677,16.2848,16.1018,15.9188,15.7358,15.5529,15.3699,15.1869,15.0039,14.821,14.638,14.455,14.272,14.0891,13.9061,13.7231,True,False,False,False,False,False,False,False,False,False,False,False,False,False,False,False,False,False,False,False,False,False,False,False,False
ALLY,2018-12-18,18.24974637900734,18.47647588259235,18.003127097926427,18.24179077148437,4471900,2018,12,51,Tuesday,18.2428,18.09858703613281,0.79,0.84,-0.53,0.79,0.53,0,0.0,17.9176,17.7366,17.5556,17.3746,17.1937,17.0127,16.8317,16.6507,16.4697,16.2887,16.1077,15.9268,15.7458,15.5648,15.3838,15.2028,15.0218,14.8408,14.6599,14.4789,14.2979,14.1169,13.9359,13.7549,13.5739,False,False,False,False,False,False,False,False,False,False,False,False,False,False,False,False,False,False,False,False,False,False,False,False,False
ALLY,2018-12-19,18.24178655624097,18.504315474326635,17.85197098195479,17.971302032470703,3767300,2018,12,51,Wednesday,18.1423,18.24179077148437,-1.48,-0.0,-2.14,-1.48,2.14,2,35.9363,18.0594,17.877,17.6945,17.5121,17.3297,17.1473,16.9649,16.7824,16.6,16.4176,16.2352,16.0528,15.8704,15.6879,15.5055,15.3231,15.1407,14.9583,14.7759,14.5934,14.411,14.2286,14.0462,13.8638,13.6813,True,True,False,False,False,False,False,False,False,False,False,False,False,False,False,False,False,False,False,False,False,False,False,False,False
ALLY,2018-12-20,17.987211116457487,18.12245336234726,17.5337522677025,17.66899299621582,4850300,2018,12,51,Thursday,17.8281,17.971302032470703,-1.68,0.09,-2.43,-1.68,2.43,2,35.4035,17.7916,17.6119,17.4322,17.2524,17.0727,16.893,16.7133,16.5336,16.3539,16.1742,15.9945,15.8147,15.635,15.4553,15.2756,15.0959,14.9162,14.7365,14.5568,14.377,14.1973,14.0176,13.8379,13.6582,13.4785,True,True,False,False,False,False,False,False,False,False,False,False,False,False,False,False,False,False,False,False,False,False,False,False,False
ALLY,2018-12-21,17.621262484044067,17.939479115783545,16.937097105148332,16.945051193237305,6179900,2018,12,51,Friday,17.3607,17.66899299621582,-4.1,-0.27,-4.14,-4.1,4.14,4,68.9091,17.4923,17.3156,17.1389,16.9622,16.7855,16.6089,16.4322,16.2555,16.0788,15.9021,15.7254,15.5487,15.372,15.1953,15.0186,14.842,14.6653,14.4886,14.3119,14.1352,13.9585,13.7818,13.6051,13.4284,13.2517,True,True,True,True,False,False,False,False,False,False,False,False,False,False,False,False,False,False,False,False,False,False,False,False,False
ALLY,2018-12-24,16.770032475509385,16.96096245512671,16.4836367473951,16.499547958374023,2280000,2018,12,52,Monday,16.6785,16.945051193237305,-2.63,-1.03,-2.72,-2.63,2.72,2,33.3818,16.7756,16.6062,16.4367,16.2672,16.0978,15.9283,15.7589,15.5894,15.42,15.2505,15.0811,14.9116,14.7422,14.5727,14.4033,14.2338,14.0644,13.8949,13.7255,13.556,13.3866,13.2171,13.0477,12.8782,12.7088,True,True,False,False,False,False,False,False,False,False,False,False,False,False,False,False,False,False,False,False,False,False,False,False,False
ALLY,2018-12-26,16.563191227099935,17.573530360086256,16.388172459072432,17.549663543701172,4090300,2018,12,52,Wednesday,17.0186,16.499547958374023,6.36,0.39,-0.68,6.36,0.68,0,0.0,16.3346,16.1696,16.0046,15.8396,15.6746,15.5096,15.3446,15.1796,15.0146,14.8496,14.6846,14.5196,14.3546,14.1896,14.0246,13.8596,13.6946,13.5296,13.3646,13.1996,13.0346,12.8696,12.7047,12.5397,12.3747,False,False,False,False,False,False,False,False,False,False,False,False,False,False,False,False,False,False,False,False,False,False,False,False,False
ALLY,2018-12-27,17.255316563627684,17.788330078125,17.056430946537294,17.788330078125,3232200,2018,12,52,Thursday,17.4721,17.549663543701172,1.36,-1.68,-2.81,1.36,2.81,2,34.5728,17.3742,17.1987,17.0232,16.8477,16.6722,16.4967,16.3212,16.1457,15.9702,15.7947,15.6192,15.4437,15.2682,15.0927,14.9172,14.7417,14.5662,14.3907,14.2152,14.0397,13.8642,13.6887,13.5132,13.3377,13.1622,True,True,False,False,False,False,False,False,False,False,False,False,False,False,False,False,False,False,False,False,False,False,False,False,False
ALLY,2018-12-28,17.931526403796546,18.10654518534041,17.708773985796142,17.899703979492188,3217600,2018,12,52,Friday,17.9116,17.788330078125,0.63,0.81,-0.45,0.63,0.45,0,0.0,17.6104,17.4326,17.2547,17.0768,16.8989,16.721,16.5431,16.3653,16.1874,16.0095,15.8316,15.6537,15.4758,15.298,15.1201,14.9422,14.7643,14.5864,14.4085,14.2307,14.0528,13.8749,13.697,13.5191,13.3412,False,False,False,False,False,False,False,False,False,False,False,False,False,False,False,False,False,False,False,False,False,False,False,False,False
ALLY,2018-12-31,17.899706120164986,18.07472492263981,17.624447883044894,18.02699279785156,3172100,2018,12,52,Monday,17.9065,17.899703979492188,0.71,0.0,-1.54,0.71,1.54,1,17.7207,17.7207,17.5417,17.3627,17.1837,17.0047,16.8257,16.6467,16.4677,16.2887,16.1097,15.9307,15.7517,15.5727,15.3937,15.2147,15.0358,14.8568,14.6778,14.4988,14.3198,14.1408,13.9618,13.7828,13.6038,13.4248,True,False,False,False,False,False,False,False,False,False,False,False,False,False,False,False,False,False,False,False,False,False,False,False,False
