Symbol,Date,Open,High,Low,Close,Volume,Year,Month,Week,Weekday,avg_daily_price,Previous_Close,Daily_Gain_Loss_Pct,Open_vs_PrevClose_Pct,Low_vs_PrevClose_Pct,Close_vs_PrevClose_Pct,mx_percent_decline,Shares_Purchased,Total_Value_Purchased,BOD99-1,BOD98-2,BOD97-3,BOD96-4,BOD95-5,BOD94-6,BOD93-7,BOD92-8,BOD91-9,BOD90-10,BOD89-11,BOD88-12,BOD87-13,BOD86-14,BOD85-15,BOD84-16,BOD83-17,BOD82-18,BOD81-19,BOD80-20,BOD79-21,BOD78-22,BOD77-23,BOD76-24,BOD75-25,BOD99-1_Executed,BOD98-2_Executed,BOD97-3_Executed,BOD96-4_Executed,BOD95-5_Executed,BOD94-6_Executed,BOD93-7_Executed,BOD92-8_Executed,BOD91-9_Executed,BOD90-10_Executed,BOD89-11_Executed,BOD88-12_Executed,BOD87-13_Executed,BOD86-14_Executed,BOD85-15_Executed,BOD84-16_Executed,BOD83-17_Executed,BOD82-18_Executed,BOD81-19_Executed,BOD80-20_Executed,BOD79-21_Executed,BOD78-22_Executed,BOD77-23_Executed,BOD76-24_Executed,BOD75-25_Executed
SPYM,2009-01-02,7.619472324015036,7.780344294612767,7.619472324015036,7.778515815734863,34400,2009,1,1,Friday,7.6995,7.599364280700684,2.36,0.26,0.26,2.36,-0.26,0,0.0,7.5234,7.4474,7.3714,7.2954,7.2194,7.1434,7.0674,6.9914,6.9154,6.8394,6.7634,6.6874,6.6114,6.5355,6.4595,6.3835,6.3075,6.2315,6.1555,6.0795,6.0035,5.9275,5.8515,5.7755,5.6995,False,False,False,False,False,False,False,False,False,False,False,False,False,False,False,False,False,False,False,False,False,False,False,False,False
SPYM,2009-01-05,7.804109755449719,7.893686401083925,7.774860366594548,7.844327926635742,148400,2009,1,1,Monday,7.8292,7.778515815734863,0.85,0.33,-0.05,0.85,0.05,0,0.0,7.7007,7.6229,7.5452,7.4674,7.3896,7.3118,7.234,7.1562,7.0784,7.0007,6.9229,6.8451,6.7673,6.6895,6.6117,6.534,6.4562,6.3784,6.3006,6.2228,6.145,6.0672,5.9895,5.9117,5.8339,False,False,False,False,False,False,False,False,False,False,False,False,False,False,False,False,False,False,False,False,False,False,False,False,False
SPYM,2009-01-06,7.902827010056993,7.948529225496157,7.868093577372996,7.895514488220215,92400,2009,1,1,Tuesday,7.9037,7.844327926635742,0.65,0.75,0.3,0.65,-0.3,0,0.0,7.7659,7.6874,7.609,7.5306,7.4521,7.3737,7.2952,7.2168,7.1383,7.0599,6.9815,6.903,6.8246,6.7461,6.6677,6.5892,6.5108,6.4323,6.3539,6.2755,6.197,6.1186,6.0401,5.9617,5.8832,False,False,False,False,False,False,False,False,False,False,False,False,False,False,False,False,False,False,False,False,False,False,False,False,False
SPYM,2009-01-07,7.791315196679195,7.800455502293815,7.681630134582519,7.681630134582519,32000,2009,1,1,Wednesday,7.7388,7.895514488220215,-2.71,-1.32,-2.71,-2.71,2.71,2,15.5542,7.8166,7.7376,7.6586,7.5797,7.5007,7.4218,7.3428,7.2639,7.1849,7.106,7.027,6.9481,6.8691,6.7901,6.7112,6.6322,6.5533,6.4743,6.3954,6.3164,6.2375,6.1585,6.0795,6.0006,5.9216,True,True,False,False,False,False,False,False,False,False,False,False,False,False,False,False,False,False,False,False,False,False,False,False,False
SPYM,2009-01-08,7.630443904815984,7.679801694862975,7.62495916353028,7.665177345275879,122000,2009,1,1,Thursday,7.6501,7.681630134582519,-0.21,-0.67,-0.74,-0.21,0.74,0,0.0,7.6048,7.528,7.4512,7.3744,7.2975,7.2207,7.1439,7.0671,6.9903,6.9135,6.8367,6.7598,6.683,6.6062,6.5294,6.4526,6.3758,6.2989,6.2221,6.1453,6.0685,5.9917,5.9149,5.838,5.7612,False,False,False,False,False,False,False,False,False,False,False,False,False,False,False,False,False,False,False,False,False,False,False,False,False
SPYM,2009-01-09,7.65786357826554,7.65786357826554,7.548178533411559,7.582911968231201,46800,2009,1,1,Friday,7.6117,7.665177345275879,-1.07,-0.1,-1.53,-1.07,1.53,1,7.5885,7.5885,7.5119,7.4352,7.3586,7.2819,7.2053,7.1286,7.052,6.9753,6.8987,6.822,6.7454,6.6687,6.5921,6.5154,6.4387,6.3621,6.2854,6.2088,6.1321,6.0555,5.9788,5.9022,5.8255,5.7489,True,False,False,False,False,False,False,False,False,False,False,False,False,False,False,False,False,False,False,False,False,False,False,False,False
SPYM,2009-01-12,7.462260627091187,7.462260627091187,7.325153926646306,7.367199897766113,626400,2009,1,2,Monday,7.4042,7.582911968231201,-2.84,-1.59,-3.4,-2.84,3.4,3,22.2938,7.5071,7.4313,7.3554,7.2796,7.2038,7.1279,7.0521,6.9763,6.9004,6.8246,6.7488,6.673,6.5971,6.5213,6.4455,6.3696,6.2938,6.218,6.1422,6.0663,5.9905,5.9147,5.8388,5.763,5.6872,True,True,True,False,False,False,False,False,False,False,False,False,False,False,False,False,False,False,False,False,False,False,False,False,False
SPYM,2009-01-13,7.374507045363427,7.374507045363427,7.356226444244384,7.356226444244385,6800,2009,1,2,Tuesday,7.3654,7.367199897766113,-0.15,0.1,-0.15,-0.15,0.15,0,0.0,7.2935,7.2199,7.1462,7.0725,6.9988,6.9252,6.8515,6.7778,6.7042,6.6305,6.5568,6.4831,6.4095,6.3358,6.2621,6.1884,6.1148,6.0411,5.9674,5.8938,5.8201,5.7464,5.6727,5.5991,5.5254,False,False,False,False,False,False,False,False,False,False,False,False,False,False,False,False,False,False,False,False,False,False,False,False,False
SPYM,2009-01-14,7.122231610627925,7.189871377559439,7.118575350467277,7.125887870788574,51600,2009,1,2,Wednesday,7.1391,7.356226444244385,-3.13,-3.18,-3.23,-3.13,3.23,3,21.6273,7.2827,7.2091,7.1355,7.062,6.9884,6.9149,6.8413,6.7677,6.6942,6.6206,6.547,6.4735,6.3999,6.3264,6.2528,6.1792,6.1057,6.0321,5.9585,5.885,5.8114,5.7379,5.6643,5.5907,5.5172,True,True,True,False,False,False,False,False,False,False,False,False,False,False,False,False,False,False,False,False,False,False,False,False,False
SPYM,2009-01-15,7.0326565919965,7.186216051911363,6.952220252722746,7.103951930999756,80400,2009,1,2,Thursday,7.0688,7.125887870788574,-0.31,-1.31,-2.44,-0.31,2.44,2,14.038,7.0546,6.9834,6.9121,6.8409,6.7696,6.6983,6.6271,6.5558,6.4846,6.4133,6.342,6.2708,6.1995,6.1283,6.057,5.9857,5.9145,5.8432,5.772,5.7007,5.6295,5.5582,5.4869,5.4157,5.3444,True,True,False,False,False,False,False,False,False,False,False,False,False,False,False,False,False,False,False,False,False,False,False,False,False
SPYM,2009-01-16,7.268480477396667,7.292245826127191,7.054594430903471,7.217294216156006,132400,2009,1,2,Friday,7.2082,7.103951930999756,1.6,2.32,-0.69,1.6,0.69,0,0.0,7.0329,6.9619,6.8908,6.8198,6.7488,6.6777,6.6067,6.5356,6.4646,6.3936,6.3225,6.2515,6.1804,6.1094,6.0384,5.9673,5.8963,5.8252,5.7542,5.6832,5.6121,5.5411,5.47,5.399,5.328,False,False,False,False,False,False,False,False,False,False,False,False,False,False,False,False,False,False,False,False,False,False,False,False,False
SPYM,2009-01-20,7.114921655676239,7.114921655676239,6.83888053894043,6.83888053894043,383200,2009,1,3,Tuesday,6.9769,7.217294216156006,-5.24,-1.42,-5.24,-5.24,5.24,5,35.0039,7.1451,7.0729,7.0008,6.9286,6.8564,6.7843,6.7121,6.6399,6.5677,6.4956,6.4234,6.3512,6.279,6.2069,6.1347,6.0625,5.9904,5.9182,5.846,5.7738,5.7017,5.6295,5.5573,5.4851,5.413,True,True,True,True,True,False,False,False,False,False,False,False,False,False,False,False,False,False,False,False,False,False,False,False,False
SPYM,2009-01-21,6.87909755906522,7.120405197143555,6.877269079953463,7.120405197143555,41200,2009,1,3,Wednesday,6.9993,6.83888053894043,4.12,0.59,0.56,4.12,-0.56,0,0.0,6.7705,6.7021,6.6337,6.5653,6.4969,6.4285,6.3602,6.2918,6.2234,6.155,6.0866,6.0182,5.9498,5.8814,5.813,5.7447,5.6763,5.6079,5.5395,5.4711,5.4027,5.3343,5.2659,5.1975,5.1292,False,False,False,False,False,False,False,False,False,False,False,False,False,False,False,False,False,False,False,False,False,False,False,False,False
SPYM,2009-01-22,7.001580381118441,7.1039536110593895,6.897379369107376,6.966846942901611,80000,2009,1,3,Thursday,6.9924,7.120405197143555,-2.16,-1.67,-3.13,-2.16,3.13,3,20.934,7.0492,6.978,6.9068,6.8356,6.7644,6.6932,6.622,6.5508,6.4796,6.4084,6.3372,6.266,6.1948,6.1235,6.0523,5.9811,5.9099,5.8387,5.7675,5.6963,5.6251,5.5539,5.4827,5.4115,5.3403,True,True,True,False,False,False,False,False,False,False,False,False,False,False,False,False,False,False,False,False,False,False,False,False,False
SPYM,2009-01-23,6.849850404207878,7.078361552494923,6.849850404207878,7.061908721923828,52800,2009,1,3,Friday,6.96,6.966846942901611,1.36,-1.68,-1.68,1.36,1.68,1,6.8972,6.8972,6.8275,6.7578,6.6882,6.6185,6.5488,6.4792,6.4095,6.3398,6.2702,6.2005,6.1308,6.0612,5.9915,5.9218,5.8522,5.7825,5.7128,5.6431,5.5735,5.5038,5.4341,5.3645,5.2948,5.2251,True,False,False,False,False,False,False,False,False,False,False,False,False,False,False,False,False,False,False,False,False,False,False,False,False
SPYM,2009-01-26,7.127717598563842,7.2026692015903615,7.038140952331931,7.0856709480285645,162400,2009,1,4,Monday,7.1135,7.061908721923828,0.34,0.93,-0.34,0.34,0.34,0,0.0,6.9913,6.9207,6.8501,6.7794,6.7088,6.6382,6.5676,6.497,6.4263,6.3557,6.2851,6.2145,6.1439,6.0732,6.0026,5.932,5.8614,5.7908,5.7201,5.6495,5.5789,5.5083,5.4377,5.3671,5.2964,False,False,False,False,False,False,False,False,False,False,False,False,False,False,False,False,False,False,False,False,False,False,False,False,False
SPYM,2009-01-27,7.1295459932021785,7.20084134155652,7.0801875141813655,7.173420429229736,161200,2009,1,4,Tuesday,7.146,7.0856709480285645,1.24,0.62,-0.08,1.24,0.08,0,0.0,7.0148,6.944,6.8731,6.8022,6.7314,6.6605,6.5897,6.5188,6.448,6.3771,6.3062,6.2354,6.1645,6.0937,6.0228,5.952,5.8811,5.8103,5.7394,5.6685,5.5977,5.5268,5.456,5.3851,5.3143,False,False,False,False,False,False,False,False,False,False,False,False,False,False,False,False,False,False,False,False,False,False,False,False,False
SPYM,2009-01-28,7.317838549119456,7.414727720534308,7.317838549119456,7.4055867195129395,64000,2009,1,4,Wednesday,7.364,7.173420429229736,3.24,2.01,2.01,3.24,-2.01,0,0.0,7.1017,7.03,6.9582,6.8865,6.8147,6.743,6.6713,6.5995,6.5278,6.4561,6.3843,6.3126,6.2409,6.1691,6.0974,6.0257,5.9539,5.8822,5.8105,5.7387,5.667,5.5953,5.5235,5.4518,5.3801,False,False,False,False,False,False,False,False,False,False,False,False,False,False,False,False,False,False,False,False,False,False,False,False,False
SPYM,2009-01-29,7.288586964790396,7.297727265699647,7.208151340484619,7.208151340484619,130400,2009,1,4,Thursday,7.2507,7.4055867195129395,-2.67,-1.58,-2.67,-2.67,2.67,2,14.589,7.3315,7.2575,7.1834,7.1094,7.0353,6.9613,6.8872,6.8131,6.7391,6.665,6.591,6.5169,6.4429,6.3688,6.2947,6.2207,6.1466,6.0726,5.9985,5.9245,5.8504,5.7764,5.7023,5.6282,5.5542,True,True,False,False,False,False,False,False,False,False,False,False,False,False,False,False,False,False,False,False,False,False,False,False,False
SPYM,2009-01-30,7.188044771790144,7.211810120346742,6.977814290615123,6.990611553192139,273200,2009,1,4,Friday,7.0921,7.208151340484619,-3.02,-0.28,-3.2,-3.02,3.2,3,21.192,7.1361,7.064,6.9919,6.9198,6.8477,6.7757,6.7036,6.6315,6.5594,6.4873,6.4153,6.3432,6.2711,6.199,6.1269,6.0548,5.9828,5.9107,5.8386,5.7665,5.6944,5.6224,5.5503,5.4782,5.4061,True,True,True,False,False,False,False,False,False,False,False,False,False,False,False,False,False,False,False,False,False,False,False,False,False
SPYM,2009-02-02,6.913834300660664,7.0143790817608815,6.913834300660664,6.9375996589660645,66000,2009,2,5,Monday,6.9449,6.990611553192139,-0.76,-1.1,-1.1,-0.76,1.1,1,6.9207,6.9207,6.8508,6.7809,6.711,6.6411,6.5712,6.5013,6.4314,6.3615,6.2916,6.2216,6.1517,6.0818,6.0119,5.942,5.8721,5.8022,5.7323,5.6624,5.5925,5.5226,5.4527,5.3828,5.3129,5.243,True,False,False,False,False,False,False,False,False,False,False,False,False,False,False,False,False,False,False,False,False,False,False,False,False
SPYM,2009-02-03,6.997921586829807,7.12588790360045,6.997921586829807,7.109435081481934,11200,2009,2,5,Tuesday,7.0578,6.9375996589660645,2.48,0.87,0.87,2.48,-0.87,0,0.0,6.8682,6.7988,6.7295,6.6601,6.5907,6.5213,6.452,6.3826,6.3132,6.2438,6.1745,6.1051,6.0357,5.9663,5.897,5.8276,5.7582,5.6888,5.6195,5.5501,5.4807,5.4113,5.342,5.2726,5.2032,False,False,False,False,False,False,False,False,False,False,False,False,False,False,False,False,False,False,False,False,False,False,False,False,False
SPYM,2009-02-04,7.197185752344633,7.228263626048911,7.058251303781193,7.091156959533691,81600,2009,2,5,Wednesday,7.1437,7.109435081481934,-0.26,1.23,-0.72,-0.26,0.72,0,0.0,7.0383,6.9672,6.8962,6.8251,6.754,6.6829,6.6118,6.5407,6.4696,6.3985,6.3274,6.2563,6.1852,6.1141,6.043,5.9719,5.9008,5.8297,5.7586,5.6875,5.6165,5.5454,5.4743,5.4032,5.3321,False,False,False,False,False,False,False,False,False,False,False,False,False,False,False,False,False,False,False,False,False,False,False,False,False
SPYM,2009-02-05,7.091156959533691,7.091156959533691,7.091156959533691,7.091156959533691,0,2009,2,5,Thursday,7.0912,7.091156959533691,0.0,0.0,0.0,0.0,0.0,0,0.0,7.0202,6.9493,6.8784,6.8075,6.7366,6.6657,6.5948,6.5239,6.453,6.382,6.3111,6.2402,6.1693,6.0984,6.0275,5.9566,5.8857,5.8147,5.7438,5.6729,5.602,5.5311,5.4602,5.3893,5.3184,False,False,False,False,False,False,False,False,False,False,False,False,False,False,False,False,False,False,False,False,False,False,False,False,False
SPYM,2009-02-06,7.204494804987445,7.356226444244384,7.204494804987445,7.356226444244385,22400,2009,2,5,Friday,7.2804,7.091156959533691,3.74,1.6,1.6,3.74,-1.6,0,0.0,7.0202,6.9493,6.8784,6.8075,6.7366,6.6657,6.5948,6.5239,6.453,6.382,6.3111,6.2402,6.1693,6.0984,6.0275,5.9566,5.8857,5.8147,5.7438,5.6729,5.602,5.5311,5.4602,5.3893,5.3184,False,False,False,False,False,False,False,False,False,False,False,False,False,False,False,False,False,False,False,False,False,False,False,False,False
SPYM,2009-02-09,7.383650970800126,7.409244103875389,7.383650970800126,7.38547945022583,9200,2009,2,6,Monday,7.3905,7.356226444244385,0.4,0.37,0.37,0.4,-0.37,0,0.0,7.2827,7.2091,7.1355,7.062,6.9884,6.9149,6.8413,6.7677,6.6942,6.6206,6.547,6.4735,6.3999,6.3264,6.2528,6.1792,6.1057,6.0321,5.9585,5.885,5.8114,5.7379,5.6643,5.5907,5.5172,False,False,False,False,False,False,False,False,False,False,False,False,False,False,False,False,False,False,False,False,False,False,False,False,False
SPYM,2009-02-10,7.306871470358082,7.306871470358082,7.167936325073243,7.167936325073242,5200,2009,2,6,Tuesday,7.2374,7.38547945022583,-2.95,-1.06,-2.95,-2.95,2.95,2,14.5494,7.3116,7.2378,7.1639,7.0901,7.0162,6.9424,6.8685,6.7946,6.7208,6.6469,6.5731,6.4992,6.4254,6.3515,6.2777,6.2038,6.1299,6.0561,5.9822,5.9084,5.8345,5.7607,5.6868,5.613,5.5391,True,True,False,False,False,False,False,False,False,False,False,False,False,False,False,False,False,False,False,False,False,False,False,False,False
SPYM,2009-02-11,7.050934640690884,7.133198731768202,7.050934640690884,7.102120876312256,14400,2009,2,6,Wednesday,7.0843,7.167936325073242,-0.92,-1.63,-1.63,-0.92,1.63,1,7.0963,7.0963,7.0246,6.9529,6.8812,6.8095,6.7379,6.6662,6.5945,6.5228,6.4511,6.3795,6.3078,6.2361,6.1644,6.0927,6.0211,5.9494,5.8777,5.806,5.7343,5.6627,5.591,5.5193,5.4476,5.376,True,False,False,False,False,False,False,False,False,False,False,False,False,False,False,False,False,False,False,False,False,False,False,False,False
SPYM,2009-02-12,6.9010363879392544,6.904692649841309,6.9010363879392544,6.904692649841309,1600,2009,2,6,Thursday,6.9029,7.102120876312256,-2.78,-2.83,-2.83,-2.78,2.83,2,13.9912,7.0311,6.9601,6.8891,6.818,6.747,6.676,6.605,6.534,6.4629,6.3919,6.3209,6.2499,6.1788,6.1078,6.0368,5.9658,5.8948,5.8237,5.7527,5.6817,5.6107,5.5397,5.4686,5.3976,5.3266,True,True,False,False,False,False,False,False,False,False,False,False,False,False,False,False,False,False,False,False,False,False,False,False,False
SPYM,2009-02-13,7.140514162688337,7.140514162688337,7.0856709480285645,7.0856709480285645,4800,2009,2,6,Friday,7.1131,6.904692649841309,2.62,3.42,2.62,2.62,-2.62,0,0.0,6.8356,6.7666,6.6976,6.6285,6.5595,6.4904,6.4214,6.3523,6.2833,6.2142,6.1452,6.0761,6.0071,5.938,5.869,5.7999,5.7309,5.6618,5.5928,5.5238,5.4547,5.3857,5.3166,5.2476,5.1785,False,False,False,False,False,False,False,False,False,False,False,False,False,False,False,False,False,False,False,False,False,False,False,False,False
SPYM,2009-02-17,6.818768307414315,6.8242530457856825,6.740160465240479,6.740160465240479,123600,2009,2,7,Tuesday,6.7808,7.0856709480285645,-4.88,-3.77,-4.88,-4.88,4.88,4,27.6341,7.0148,6.944,6.8731,6.8022,6.7314,6.6605,6.5897,6.5188,6.448,6.3771,6.3062,6.2354,6.1645,6.0937,6.0228,5.952,5.8811,5.8103,5.7394,5.6685,5.5977,5.5268,5.456,5.3851,5.3143,True,True,True,True,False,False,False,False,False,False,False,False,False,False,False,False,False,False,False,False,False,False,False,False,False
SPYM,2009-02-18,6.756618609636932,6.784040231020389,6.659730089507434,6.738337993621826,26800,2009,2,7,Wednesday,6.7347,6.740160465240479,-0.03,0.24,-1.19,-0.03,1.19,1,6.6728,6.6728,6.6054,6.538,6.4706,6.4032,6.3358,6.2683,6.2009,6.1335,6.0661,5.9987,5.9313,5.8639,5.7965,5.7291,5.6617,5.5943,5.5269,5.4595,5.3921,5.3247,5.2573,5.1899,5.1225,5.0551,True,False,False,False,False,False,False,False,False,False,False,False,False,False,False,False,False,False,False,False,False,False,False,False,False
SPYM,2009-02-19,6.79683507893215,6.79683507893215,6.65607213973999,6.65607213973999,55600,2009,2,7,Thursday,6.7265,6.738337993621826,-1.22,0.87,-1.22,-1.22,1.22,1,6.671,6.671,6.6036,6.5362,6.4688,6.4014,6.334,6.2667,6.1993,6.1319,6.0645,5.9971,5.9297,5.8624,5.795,5.7276,5.6602,5.5928,5.5254,5.4581,5.3907,5.3233,5.2559,5.1885,5.1211,5.0538,True,False,False,False,False,False,False,False,False,False,False,False,False,False,False,False,False,False,False,False,False,False,False,False,False
SPYM,2009-02-20,6.517134568702842,6.603054238009389,6.476916406031506,6.57380485534668,16400,2009,2,7,Friday,6.5427,6.65607213973999,-1.24,-2.09,-2.69,-1.24,2.69,2,13.1125,6.5895,6.523,6.4564,6.3898,6.3233,6.2567,6.1901,6.1236,6.057,5.9905,5.9239,5.8573,5.7908,5.7242,5.6577,5.5911,5.5245,5.458,5.3914,5.3249,5.2583,5.1917,5.1252,5.0586,4.9921,True,True,False,False,False,False,False,False,False,False,False,False,False,False,False,False,False,False,False,False,False,False,False,False,False
SPYM,2009-02-23,6.665210137040187,6.665210137040187,6.347123146057129,6.347123146057129,32400,2009,2,8,Monday,6.5062,6.57380485534668,-3.45,1.39,-3.45,-3.45,3.45,3,19.327,6.5081,6.4423,6.3766,6.3109,6.2451,6.1794,6.1136,6.0479,5.9822,5.9164,5.8507,5.7849,5.7192,5.6535,5.5877,5.522,5.4563,5.3905,5.3248,5.259,5.1933,5.1276,5.0618,4.9961,4.9304,True,True,True,False,False,False,False,False,False,False,False,False,False,False,False,False,False,False,False,False,False,False,False,False,False
SPYM,2009-02-24,6.378200677904975,6.60854021989566,6.37088815652359,6.595743656158447,91200,2009,2,8,Tuesday,6.4883,6.347123146057129,3.92,0.49,0.37,3.92,-0.37,0,0.0,6.2837,6.2202,6.1567,6.0932,6.0298,5.9663,5.9028,5.8394,5.7759,5.7124,5.6489,5.5855,5.522,5.4585,5.3951,5.3316,5.2681,5.2046,5.1412,5.0777,5.0142,4.9508,4.8873,4.8238,4.7603,False,False,False,False,False,False,False,False,False,False,False,False,False,False,False,False,False,False,False,False,False,False,False,False,False
SPYM,2009-02-25,6.509823885036708,6.590259535708976,6.454981364243776,6.53724479675293,120000,2009,2,8,Wednesday,6.5231,6.595743656158447,-0.89,-1.3,-2.13,-0.89,2.13,2,12.9936,6.5298,6.4638,6.3979,6.3319,6.266,6.2,6.134,6.0681,6.0021,5.9362,5.8702,5.8043,5.7383,5.6723,5.6064,5.5404,5.4745,5.4085,5.3426,5.2766,5.2106,5.1447,5.0787,5.0128,4.9468,True,True,False,False,False,False,False,False,False,False,False,False,False,False,False,False,False,False,False,False,False,False,False,False,False
SPYM,2009-02-26,6.630475415957033,6.645099757674395,6.433041572570801,6.433041572570801,56000,2009,2,8,Thursday,6.5354,6.53724479675293,-1.59,1.43,-1.59,-1.59,1.59,1,6.4719,6.4719,6.4065,6.3411,6.2758,6.2104,6.145,6.0796,6.0143,5.9489,5.8835,5.8181,5.7528,5.6874,5.622,5.5567,5.4913,5.4259,5.3605,5.2952,5.2298,5.1644,5.0991,5.0337,4.9683,4.9029,True,False,False,False,False,False,False,False,False,False,False,False,False,False,False,False,False,False,False,False,False,False,False,False,False
SPYM,2009-02-27,6.305078506469727,6.4092795110981,6.29959376592682,6.305078506469727,38400,2009,2,8,Friday,6.3298,6.433041572570801,-1.99,-1.99,-2.07,-1.99,2.07,2,12.6731,6.3687,6.3044,6.2401,6.1757,6.1114,6.0471,5.9827,5.9184,5.8541,5.7897,5.7254,5.6611,5.5967,5.5324,5.4681,5.4038,5.3394,5.2751,5.2108,5.1464,5.0821,5.0178,4.9534,4.8891,4.8248,True,True,False,False,False,False,False,False,False,False,False,False,False,False,False,False,False,False,False,False,False,False,False,False,False
SPYM,2009-03-02,6.169798662554573,6.195391789873429,5.999786376953125,5.999786376953125,100000,2009,3,9,Monday,6.0912,6.305078506469727,-4.84,-2.15,-4.84,-4.84,4.84,4,24.5898,6.242,6.179,6.1159,6.0529,5.9898,5.9268,5.8637,5.8007,5.7376,5.6746,5.6115,5.5485,5.4854,5.4224,5.3593,5.2963,5.2332,5.1702,5.1071,5.0441,4.981,4.918,4.8549,4.7919,4.7288,True,True,True,True,False,False,False,False,False,False,False,False,False,False,False,False,False,False,False,False,False,False,False,False,False
SPYM,2009-03-03,6.005271763878111,6.0418336813887175,5.959569541329995,5.979678630828857,7600,2009,3,9,Tuesday,5.9966,5.999786376953125,-0.34,0.09,-0.67,-0.34,0.67,0,0.0,5.9398,5.8798,5.8198,5.7598,5.6998,5.6398,5.5798,5.5198,5.4598,5.3998,5.3398,5.2798,5.2198,5.1598,5.0998,5.0398,4.9798,4.9198,4.8598,4.7998,4.7398,4.6798,4.6198,4.5598,4.4998,False,False,False,False,False,False,False,False,False,False,False,False,False,False,False,False,False,False,False,False,False,False,False,False,False
SPYM,2009-03-04,6.093018243265128,6.178937913584881,6.087533504515991,6.109470367431641,16400,2009,3,9,Wednesday,6.1172,5.979678630828857,2.17,1.9,1.8,2.17,-1.8,0,0.0,5.9199,5.8601,5.8003,5.7405,5.6807,5.6209,5.5611,5.5013,5.4415,5.3817,5.3219,5.2621,5.2023,5.1425,5.0827,5.0229,4.9631,4.9033,4.8435,4.7837,4.7239,4.6641,4.6044,4.5446,4.4848,False,False,False,False,False,False,False,False,False,False,False,False,False,False,False,False,False,False,False,False,False,False,False,False,False
SPYM,2009-03-05,5.957741911655524,5.961398173236163,5.853540897369385,5.853540897369385,68400,2009,3,9,Thursday,5.9066,6.109470367431641,-4.19,-2.48,-4.19,-4.19,4.19,4,23.8269,6.0484,5.9873,5.9262,5.8651,5.804,5.7429,5.6818,5.6207,5.5596,5.4985,5.4374,5.3763,5.3152,5.2541,5.193,5.132,5.0709,5.0098,4.9487,4.8876,4.8265,4.7654,4.7043,4.6432,4.5821,True,True,True,True,False,False,False,False,False,False,False,False,False,False,False,False,False,False,False,False,False,False,False,False,False
SPYM,2009-03-06,5.919348611959382,5.919348611959382,5.7420238686003735,5.868161678314209,120800,2009,3,9,Friday,5.8622,5.853540897369385,0.25,1.12,-1.91,0.25,1.91,1,5.795,5.795,5.7365,5.6779,5.6194,5.5609,5.5023,5.4438,5.3853,5.3267,5.2682,5.2097,5.1511,5.0926,5.034,4.9755,4.917,4.8584,4.7999,4.7414,4.6828,4.6243,4.5658,4.5072,4.4487,4.3902,True,False,False,False,False,False,False,False,False,False,False,False,False,False,False,False,False,False,False,False,False,False,False,False,False
SPYM,2009-03-09,5.8060092293147125,5.917522392853178,5.804181098937988,5.804181098937988,86000,2009,3,10,Monday,5.833,5.868161678314209,-1.09,-1.06,-1.09,-1.09,1.09,1,5.8095,5.8095,5.7508,5.6921,5.6334,5.5748,5.5161,5.4574,5.3987,5.34,5.2813,5.2227,5.164,5.1053,5.0466,4.9879,4.9293,4.8706,4.8119,4.7532,4.6945,4.6358,4.5772,4.5185,4.4598,4.4011,True,False,False,False,False,False,False,False,False,False,False,False,False,False,False,False,False,False,False,False,False,False,False,False,False
SPYM,2009-03-10,6.016241284631165,6.15517575134214,6.016241284631165,6.153347969055176,119200,2009,3,10,Tuesday,6.0853,5.804181098937988,6.02,3.65,3.65,6.02,-3.65,0,0.0,5.7461,5.6881,5.6301,5.572,5.514,5.4559,5.3979,5.3398,5.2818,5.2238,5.1657,5.1077,5.0496,4.9916,4.9336,4.8755,4.8175,4.7594,4.7014,4.6433,4.5853,4.5273,4.4692,4.4112,4.3531,False,False,False,False,False,False,False,False,False,False,False,False,False,False,False,False,False,False,False,False,False,False,False,False,False
SPYM,2009-03-11,6.220986091659987,6.277657096679599,6.188080436791897,6.191736698150635,54800,2009,3,10,Wednesday,6.2196,6.153347969055176,0.62,1.1,0.56,0.62,-0.56,0,0.0,6.0918,6.0303,5.9687,5.9072,5.8457,5.7841,5.7226,5.6611,5.5995,5.538,5.4765,5.4149,5.3534,5.2919,5.2303,5.1688,5.1073,5.0457,4.9842,4.9227,4.8611,4.7996,4.7381,4.6765,4.615,False,False,False,False,False,False,False,False,False,False,False,False,False,False,False,False,False,False,False,False,False,False,False,False,False
SPYM,2009-03-12,6.208185906720953,6.429384359779894,6.167968449939417,6.425728797912598,83200,2009,3,10,Thursday,6.3078,6.191736698150635,3.78,0.27,-0.38,3.78,0.38,0,0.0,6.1298,6.0679,6.006,5.9441,5.8821,5.8202,5.7583,5.6964,5.6345,5.5726,5.5106,5.4487,5.3868,5.3249,5.263,5.2011,5.1391,5.0772,5.0153,4.9534,4.8915,4.8296,4.7676,4.7057,4.6438,False,False,False,False,False,False,False,False,False,False,False,False,False,False,False,False,False,False,False,False,False,False,False,False,False
SPYM,2009-03-13,6.49702886825502,6.500685130160521,6.389171582805046,6.480576038360596,77200,2009,3,10,Friday,6.4669,6.425728797912598,0.85,1.11,-0.57,0.85,0.57,0,0.0,6.3615,6.2972,6.233,6.1687,6.1044,6.0402,5.9759,5.9117,5.8474,5.7832,5.7189,5.6546,5.5904,5.5261,5.4619,5.3976,5.3334,5.2691,5.2048,5.1406,5.0763,5.0121,4.9478,4.8836,4.8193,False,False,False,False,False,False,False,False,False,False,False,False,False,False,False,False,False,False,False,False,False,False,False,False,False
SPYM,2009-03-16,6.539072272180708,6.623164170978847,6.454980373382568,6.454980373382568,95200,2009,3,11,Monday,6.518,6.480576038360596,-0.39,0.9,-0.39,-0.39,0.39,0,0.0,6.4158,6.351,6.2862,6.2214,6.1565,6.0917,6.0269,5.9621,5.8973,5.8325,5.7677,5.7029,5.6381,5.5733,5.5085,5.4437,5.3789,5.3141,5.2493,5.1845,5.1197,5.0548,4.99,4.9252,4.8604,False,False,False,False,False,False,False,False,False,False,False,False,False,False,False,False,False,False,False,False,False,False,False,False,False
SPYM,2009-03-17,6.568322763384802,6.641446590423584,6.544557414993123,6.641446590423584,48000,2009,3,11,Tuesday,6.5989,6.454980373382568,2.89,1.76,1.39,2.89,-1.39,0,0.0,6.3904,6.3259,6.2613,6.1968,6.1322,6.0677,6.0031,5.9386,5.874,5.8095,5.7449,5.6804,5.6158,5.5513,5.4867,5.4222,5.3576,5.2931,5.2285,5.164,5.0994,5.0349,4.9703,4.9058,4.8412,False,False,False,False,False,False,False,False,False,False,False,False,False,False,False,False,False,False,False,False,False,False,False,False,False
SPYM,2009-03-18,6.634131846351552,6.8443615582972805,6.595742163825846,6.782206535339356,79600,2009,3,11,Wednesday,6.7141,6.641446590423584,2.12,-0.11,-0.69,2.12,0.69,0,0.0,6.575,6.5086,6.4422,6.3758,6.3094,6.243,6.1765,6.1101,6.0437,5.9773,5.9109,5.8445,5.7781,5.7116,5.6452,5.5788,5.5124,5.446,5.3796,5.3132,5.2467,5.1803,5.1139,5.0475,4.9811,False,False,False,False,False,False,False,False,False,False,False,False,False,False,False,False,False,False,False,False,False,False,False,False,False
SPYM,2009-03-19,6.862642499747154,6.862642499747154,6.709083080291749,6.709083080291748,109600,2009,3,11,Thursday,6.7859,6.782206535339356,-1.08,1.19,-1.08,-1.08,1.08,1,6.7144,6.7144,6.6466,6.5787,6.5109,6.4431,6.3753,6.3075,6.2396,6.1718,6.104,6.0362,5.9683,5.9005,5.8327,5.7649,5.6971,5.6292,5.5614,5.4936,5.4258,5.3579,5.2901,5.2223,5.1545,5.0867,True,False,False,False,False,False,False,False,False,False,False,False,False,False,False,False,False,False,False,False,False,False,False,False,False
SPYM,2009-03-20,6.773711858476148,6.773711858476148,6.582228673941613,6.593276023864746,84800,2009,3,11,Friday,6.6807,6.709083080291748,-1.73,0.96,-1.89,-1.73,1.89,1,6.642,6.642,6.5749,6.5078,6.4407,6.3736,6.3065,6.2394,6.1724,6.1053,6.0382,5.9711,5.904,5.8369,5.7698,5.7027,5.6356,5.5685,5.5014,5.4344,5.3673,5.3002,5.2331,5.166,5.0989,5.0318,True,False,False,False,False,False,False,False,False,False,False,False,False,False,False,False,False,False,False,False,False,False,False,False,False
SPYM,2009-03-23,6.723998636738635,7.0222700078496265,6.723998636738635,7.0204291343688965,132000,2009,3,12,Monday,6.8727,6.593276023864746,6.48,1.98,1.98,6.48,-1.98,0,0.0,6.5273,6.4614,6.3955,6.3295,6.2636,6.1977,6.1317,6.0658,5.9999,5.9339,5.868,5.8021,5.7362,5.6702,5.6043,5.5384,5.4724,5.4065,5.3406,5.2746,5.2087,5.1428,5.0768,5.0109,4.945,False,False,False,False,False,False,False,False,False,False,False,False,False,False,False,False,False,False,False,False,False,False,False,False,False
SPYM,2009-03-24,6.978083228991115,7.040683473505827,6.904435634613037,6.904435634613037,89600,2009,3,12,Tuesday,6.9569,7.0204291343688965,-1.65,-0.6,-1.65,-1.65,1.65,1,6.9502,6.9502,6.88,6.8098,6.7396,6.6694,6.5992,6.529,6.4588,6.3886,6.3184,6.2482,6.178,6.1078,6.0376,5.9674,5.8972,5.827,5.7568,5.6865,5.6163,5.5461,5.4759,5.4057,5.3355,5.2653,True,False,False,False,False,False,False,False,False,False,False,False,False,False,False,False,False,False,False,False,False,False,False,False,False
SPYM,2009-03-25,7.06645819297915,7.0793464134906285,6.786598386069988,6.963351726531982,34000,2009,3,12,Wednesday,6.9739,6.904435634613037,0.85,2.35,-1.71,0.85,1.71,1,6.8354,6.8354,6.7663,6.6973,6.6283,6.5592,6.4902,6.4211,6.3521,6.283,6.214,6.1449,6.0759,6.0069,5.9378,5.8688,5.7997,5.7307,5.6616,5.5926,5.5235,5.4545,5.3855,5.3164,5.2474,5.1783,True,False,False,False,False,False,False,False,False,False,False,False,False,False,False,False,False,False,False,False,False,False,False,False,False
SPYM,2009-03-26,7.060937875695541,7.118014812469482,6.983608512023468,7.118014812469482,66400,2009,3,12,Thursday,7.0701,6.963351726531982,2.22,1.4,0.29,2.22,-0.29,0,0.0,6.8937,6.8241,6.7545,6.6848,6.6152,6.5456,6.4759,6.4063,6.3367,6.267,6.1974,6.1277,6.0581,5.9885,5.9188,5.8492,5.7796,5.7099,5.6403,5.5707,5.501,5.4314,5.3618,5.2921,5.2225,False,False,False,False,False,False,False,False,False,False,False,False,False,False,False,False,False,False,False,False,False,False,False,False,False
SPYM,2009-03-27,7.029634932635854,7.060934698412442,6.970717148057831,6.97255802154541,58000,2009,3,12,Friday,7.0085,7.118014812469482,-2.04,-1.24,-2.07,-2.04,2.07,2,14.0225,7.0468,6.9757,6.9045,6.8333,6.7621,6.6909,6.6198,6.5486,6.4774,6.4062,6.335,6.2639,6.1927,6.1215,6.0503,5.9791,5.908,5.8368,5.7656,5.6944,5.6232,5.5521,5.4809,5.4097,5.3385,True,True,False,False,False,False,False,False,False,False,False,False,False,False,False,False,False,False,False,False,False,False,False,False,False
SPYM,2009-03-30,6.816054745713695,6.816054745713695,6.7000601018176,6.760819435119629,11600,2009,3,13,Monday,6.7732,6.97255802154541,-3.04,-2.24,-3.91,-3.04,3.91,3,20.4993,6.9028,6.8331,6.7634,6.6937,6.6239,6.5542,6.4845,6.4148,6.345,6.2753,6.2056,6.1359,6.0661,5.9964,5.9267,5.8569,5.7872,5.7175,5.6478,5.578,5.5083,5.4386,5.3689,5.2991,5.2294,True,True,True,False,False,False,False,False,False,False,False,False,False,False,False,False,False,False,False,False,False,False,False,False,False
SPYM,2009-03-31,6.832626574732871,6.921003227230923,6.832626574732871,6.85656213760376,5200,2009,3,13,Tuesday,6.8607,6.760819435119629,1.42,1.06,1.06,1.42,-1.06,0,0.0,6.6932,6.6256,6.558,6.4904,6.4228,6.3552,6.2876,6.22,6.1523,6.0847,6.0171,5.9495,5.8819,5.8143,5.7467,5.6791,5.6115,5.5439,5.4763,5.4087,5.341,5.2734,5.2058,5.1382,5.0706,False,False,False,False,False,False,False,False,False,False,False,False,False,False,False,False,False,False,False,False,False,False,False,False,False
SPYM,2009-04-01,6.889706129647345,6.961512853298994,6.882341931778789,6.935735702514648,28800,2009,4,13,Wednesday,6.9173,6.85656213760376,1.15,0.48,0.38,1.15,-0.38,0,0.0,6.788,6.7194,6.6509,6.5823,6.5137,6.4452,6.3766,6.308,6.2395,6.1709,6.1023,6.0338,5.9652,5.8966,5.8281,5.7595,5.6909,5.6224,5.5538,5.4852,5.4167,5.3481,5.2796,5.211,5.1424,False,False,False,False,False,False,False,False,False,False,False,False,False,False,False,False,False,False,False,False,False,False,False,False,False
SPYM,2009-04-02,7.189815355386293,7.2321624558423965,7.11616849899292,7.11616849899292,61600,2009,4,13,Thursday,7.1636,6.935735702514648,2.6,3.66,2.6,2.6,-2.6,0,0.0,6.8664,6.797,6.7277,6.6583,6.5889,6.5196,6.4502,6.3809,6.3115,6.2422,6.1728,6.1034,6.0341,5.9647,5.8954,5.826,5.7567,5.6873,5.6179,5.5486,5.4792,5.4099,5.3405,5.2712,5.2018,False,False,False,False,False,False,False,False,False,False,False,False,False,False,False,False,False,False,False,False,False,False,False,False,False
SPYM,2009-04-03,7.162201270393952,7.202706813812256,7.105124351563199,7.202706813812256,78000,2009,4,13,Friday,7.1682,7.11616849899292,1.22,0.65,-0.16,1.22,0.16,0,0.0,7.045,6.9738,6.9027,6.8315,6.7604,6.6892,6.618,6.5469,6.4757,6.4046,6.3334,6.2622,6.1911,6.1199,6.0487,5.9776,5.9064,5.8353,5.7641,5.6929,5.6218,5.5506,5.4794,5.4083,5.3371,False,False,False,False,False,False,False,False,False,False,False,False,False,False,False,False,False,False,False,False,False,False,False,False,False
SPYM,2009-04-06,7.143788040227437,7.158517837524415,7.073822907777581,7.158517837524414,119200,2009,4,14,Monday,7.1337,7.202706813812256,-0.61,-0.82,-1.79,-0.61,1.79,1,7.1307,7.1307,7.0587,6.9866,6.9146,6.8426,6.7705,6.6985,6.6265,6.5545,6.4824,6.4104,6.3384,6.2664,6.1943,6.1223,6.0503,5.9782,5.9062,5.8342,5.7622,5.6901,5.6181,5.5461,5.4741,5.402,True,False,False,False,False,False,False,False,False,False,False,False,False,False,False,False,False,False,False,False,False,False,False,False,False
SPYM,2009-04-07,7.055411437460418,7.077505431282061,6.990970329499209,6.99281120300293,185200,2009,4,14,Tuesday,7.0292,7.158517837524414,-2.31,-1.44,-2.34,-2.31,2.34,2,14.1023,7.0869,7.0153,6.9438,6.8722,6.8006,6.729,6.6574,6.5858,6.5143,6.4427,6.3711,6.2995,6.2279,6.1563,6.0847,6.0132,5.9416,5.87,5.7984,5.7268,5.6552,5.5836,5.5121,5.4405,5.3689,True,True,False,False,False,False,False,False,False,False,False,False,False,False,False,False,False,False,False,False,False,False,False,False,False
SPYM,2009-04-08,6.989127890518819,7.084869455062883,6.989127890518819,7.070140361785889,196800,2009,4,14,Wednesday,7.0333,6.99281120300293,1.11,-0.05,-0.05,1.11,0.05,0,0.0,6.9229,6.853,6.783,6.7131,6.6432,6.5732,6.5033,6.4334,6.3635,6.2935,6.2236,6.1537,6.0837,6.0138,5.9439,5.874,5.804,5.7341,5.6642,5.5942,5.5243,5.4544,5.3845,5.3145,5.2446,False,False,False,False,False,False,False,False,False,False,False,False,False,False,False,False,False,False,False,False,False,False,False,False,False
SPYM,2009-04-09,7.246897495674787,7.331591757910161,7.22848524147861,7.3242268562316895,449200,2009,4,14,Thursday,7.2828,7.070140361785889,3.59,2.5,2.24,3.59,-2.24,0,0.0,6.9994,6.9287,6.858,6.7873,6.7166,6.6459,6.5752,6.5045,6.4338,6.3631,6.2924,6.2217,6.151,6.0803,6.0096,5.9389,5.8682,5.7975,5.7268,5.6561,5.5854,5.5147,5.444,5.3733,5.3026,False,False,False,False,False,False,False,False,False,False,False,False,False,False,False,False,False,False,False,False,False,False,False,False,False
SPYM,2009-04-13,7.289242961742349,7.3610489808159025,7.289242961742349,7.359208106994629,18400,2009,4,15,Monday,7.3247,7.3242268562316895,0.48,-0.48,-0.48,0.48,0.48,0,0.0,7.251,7.1777,7.1045,7.0313,6.958,6.8848,6.8115,6.7383,6.665,6.5918,6.5186,6.4453,6.3721,6.2988,6.2256,6.1524,6.0791,6.0059,5.9326,5.8594,5.7861,5.7129,5.6397,5.5664,5.4932,False,False,False,False,False,False,False,False,False,False,False,False,False,False,False,False,False,False,False,False,False,False,False,False,False
SPYM,2009-04-14,7.283716911975389,7.333428914811216,7.204546022535582,7.213751792907715,354000,2009,4,15,Tuesday,7.2589,7.359208106994629,-1.98,-1.03,-2.1,-1.98,2.1,2,14.4976,7.2856,7.212,7.1384,7.0648,6.9912,6.9177,6.8441,6.7705,6.6969,6.6233,6.5497,6.4761,6.4025,6.3289,6.2553,6.1817,6.1081,6.0346,5.961,5.8874,5.8138,5.7402,5.6666,5.593,5.5194,True,True,False,False,False,False,False,False,False,False,False,False,False,False,False,False,False,False,False,False,False,False,False,False,False
SPYM,2009-04-15,7.169564365910625,7.291082382202148,7.169564365910625,7.291082382202148,41200,2009,4,15,Wednesday,7.2303,7.213751792907715,1.07,-0.61,-0.61,1.07,0.61,0,0.0,7.1416,7.0695,6.9973,6.9252,6.8531,6.7809,6.7088,6.6367,6.5645,6.4924,6.4202,6.3481,6.276,6.2038,6.1317,6.0596,5.9874,5.9153,5.8431,5.771,5.6989,5.6267,5.5546,5.4825,5.4103,False,False,False,False,False,False,False,False,False,False,False,False,False,False,False,False,False,False,False,False,False,False,False,False,False
SPYM,2009-04-16,7.320543982776845,7.436538719271495,7.283720881221654,7.401556491851807,39200,2009,4,15,Thursday,7.3606,7.291082382202148,1.52,0.4,-0.1,1.52,0.1,0,0.0,7.2182,7.1453,7.0723,6.9994,6.9265,6.8536,6.7807,6.7078,6.6349,6.562,6.4891,6.4162,6.3432,6.2703,6.1974,6.1245,6.0516,5.9787,5.9058,5.8329,5.76,5.687,5.6141,5.5412,5.4683,False,False,False,False,False,False,False,False,False,False,False,False,False,False,False,False,False,False,False,False,False,False,False,False,False
SPYM,2009-04-17,7.412601186457064,7.473360552239268,7.408919439157041,7.43837833404541,14800,2009,4,15,Friday,7.4333,7.401556491851807,0.5,0.15,0.1,0.5,-0.1,0,0.0,7.3275,7.2535,7.1795,7.1055,7.0315,6.9575,6.8834,6.8094,6.7354,6.6614,6.5874,6.5134,6.4394,6.3653,6.2913,6.2173,6.1433,6.0693,5.9953,5.9212,5.8472,5.7732,5.6992,5.6252,5.5512,False,False,False,False,False,False,False,False,False,False,False,False,False,False,False,False,False,False,False,False,False,False,False,False,False
SPYM,2009-04-20,7.272671987302592,7.272671987302592,7.132742404937744,7.132742404937744,35200,2009,4,16,Monday,7.2027,7.43837833404541,-4.11,-2.23,-4.11,-4.11,4.11,4,29.0097,7.364,7.2896,7.2152,7.1408,7.0665,6.9921,6.9177,6.8433,6.7689,6.6945,6.6202,6.5458,6.4714,6.397,6.3226,6.2482,6.1739,6.0995,6.0251,5.9507,5.8763,5.8019,5.7276,5.6532,5.5788,True,True,True,True,False,False,False,False,False,False,False,False,False,False,False,False,False,False,False,False,False,False,False,False,False
SPYM,2009-04-21,7.088551218712138,7.270828559086758,7.088551218712138,7.267146110534668,128000,2009,4,16,Tuesday,7.1788,7.132742404937744,1.88,-0.62,-0.62,1.88,0.62,0,0.0,7.0614,6.9901,6.9188,6.8474,6.7761,6.7048,6.6335,6.5621,6.4908,6.4195,6.3481,6.2768,6.2055,6.1342,6.0628,5.9915,5.9202,5.8488,5.7775,5.7062,5.6349,5.5635,5.4922,5.4209,5.3496,False,False,False,False,False,False,False,False,False,False,False,False,False,False,False,False,False,False,False,False,False,False,False,False,False
SPYM,2009-04-22,7.335271409253019,7.373936074775153,7.215594260897369,7.217435836791992,14400,2009,4,16,Wednesday,7.2856,7.267146110534668,-0.68,0.94,-0.71,-0.68,0.71,0,0.0,7.1945,7.1218,7.0491,6.9765,6.9038,6.8311,6.7584,6.6858,6.6131,6.5404,6.4678,6.3951,6.3224,6.2497,6.1771,6.1044,6.0317,5.9591,5.8864,5.8137,5.741,5.6684,5.5957,5.523,5.4504,False,False,False,False,False,False,False,False,False,False,False,False,False,False,False,False,False,False,False,False,False,False,False,False,False
SPYM,2009-04-23,7.23216578037071,7.280036926269532,7.160359763877972,7.280036926269531,41200,2009,4,16,Thursday,7.2381,7.217435836791992,0.87,0.2,-0.79,0.87,0.79,0,0.0,7.1453,7.0731,7.0009,6.9287,6.8566,6.7844,6.7122,6.64,6.5679,6.4957,6.4235,6.3513,6.2792,6.207,6.1348,6.0626,5.9905,5.9183,5.8461,5.7739,5.7018,5.6296,5.5574,5.4853,5.4131,False,False,False,False,False,False,False,False,False,False,False,False,False,False,False,False,False,False,False,False,False,False,False,False,False
SPYM,2009-04-24,7.355521923337235,7.4346928022198275,7.333427936919235,7.366568565368652,11600,2009,4,16,Friday,7.3726,7.280036926269531,1.19,1.04,0.73,1.19,-0.73,0,0.0,7.2072,7.1344,7.0616,6.9888,6.916,6.8432,6.7704,6.6976,6.6248,6.552,6.4792,6.4064,6.3336,6.2608,6.188,6.1152,6.0424,5.9696,5.8968,5.824,5.7512,5.6784,5.6056,5.5328,5.46,False,False,False,False,False,False,False,False,False,False,False,False,False,False,False,False,False,False,False,False,False,False,False,False,False
SPYM,2009-04-27,7.348159893821363,7.373936338424402,7.331589221954346,7.331589221954346,26800,2009,4,17,Monday,7.3463,7.366568565368652,-0.47,-0.25,-0.47,-0.47,0.47,0,0.0,7.2929,7.2192,7.1456,7.0719,6.9982,6.9246,6.8509,6.7772,6.7036,6.6299,6.5562,6.4826,6.4089,6.3352,6.2616,6.1879,6.1143,6.0406,5.9669,5.8933,5.8196,5.7459,5.6723,5.5986,5.5249,False,False,False,False,False,False,False,False,False,False,False,False,False,False,False,False,False,False,False,False,False,False,False,False,False
SPYM,2009-04-28,7.272669967685861,7.372093978847344,7.268987518862624,7.322381973266602,124000,2009,4,17,Tuesday,7.309,7.331589221954346,-0.13,-0.8,-0.85,-0.13,0.85,0,0.0,7.2583,7.185,7.1116,7.0383,6.965,6.8917,6.8184,6.7451,6.6717,6.5984,6.5251,6.4518,6.3785,6.3052,6.2319,6.1585,6.0852,6.0119,5.9386,5.8653,5.792,5.7186,5.6453,5.572,5.4987,False,False,False,False,False,False,False,False,False,False,False,False,False,False,False,False,False,False,False,False,False,False,False,False,False
SPYM,2009-04-29,7.418123257923277,7.539641255120113,7.414440809237885,7.464152812957764,133600,2009,4,17,Wednesday,7.4591,7.322381973266602,1.94,1.31,1.26,1.94,-1.26,0,0.0,7.2492,7.1759,7.1027,7.0295,6.9563,6.883,6.8098,6.7366,6.6634,6.5901,6.5169,6.4437,6.3705,6.2972,6.224,6.1508,6.0776,6.0044,5.9311,5.8579,5.7847,5.7115,5.6382,5.565,5.4918,False,False,False,False,False,False,False,False,False,False,False,False,False,False,False,False,False,False,False,False,False,False,False,False,False
SPYM,2009-04-30,7.587512382666826,7.605924627790856,7.451265280525689,7.477041721343994,31600,2009,4,17,Thursday,7.5304,7.464152812957764,0.17,1.65,-0.17,0.17,0.17,0,0.0,7.3895,7.3149,7.2402,7.1656,7.0909,7.0163,6.9417,6.867,6.7924,6.7177,6.6431,6.5685,6.4938,6.4192,6.3445,6.2699,6.1952,6.1206,6.046,5.9713,5.8967,5.822,5.7474,5.6728,5.5981,False,False,False,False,False,False,False,False,False,False,False,False,False,False,False,False,False,False,False,False,False,False,False,False,False
SPYM,2009-05-01,7.47336092407331,7.521231367265387,7.47336092407331,7.500978946685791,15200,2009,5,17,Friday,7.4922,7.477041721343994,0.32,-0.05,-0.05,0.32,0.05,0,0.0,7.4023,7.3275,7.2527,7.178,7.1032,7.0284,6.9536,6.8789,6.8041,6.7293,6.6546,6.5798,6.505,6.4303,6.3555,6.2807,6.2059,6.1312,6.0564,5.9816,5.9069,5.8321,5.7573,5.6826,5.6078,False,False,False,False,False,False,False,False,False,False,False,False,False,False,False,False,False,False,False,False,False,False,False,False,False
SPYM,2009-05-04,7.57094412126258,7.75137996673584,7.57094412126258,7.75137996673584,51200,2009,5,18,Monday,7.6612,7.500978946685791,3.34,0.93,0.93,3.34,-0.93,0,0.0,7.426,7.351,7.2759,7.2009,7.1259,7.0509,6.9759,6.9009,6.8259,6.7509,6.6759,6.6009,6.5259,6.4508,6.3758,6.3008,6.2258,6.1508,6.0758,6.0008,5.9258,5.8508,5.7758,5.7007,5.6257,False,False,False,False,False,False,False,False,False,False,False,False,False,False,False,False,False,False,False,False,False,False,False,False,False
SPYM,2009-05-05,7.755057119054636,7.762422014415405,7.70166338357676,7.74216890335083,23600,2009,5,18,Tuesday,7.7403,7.75137996673584,-0.12,0.05,-0.64,-0.12,0.64,0,0.0,7.6739,7.5964,7.5188,7.4413,7.3638,7.2863,7.2088,7.1313,7.0538,6.9762,6.8987,6.8212,6.7437,6.6662,6.5887,6.5112,6.4336,6.3561,6.2786,6.2011,6.1236,6.0461,5.9686,5.891,5.8135,False,False,False,False,False,False,False,False,False,False,False,False,False,False,False,False,False,False,False,False,False,False,False,False,False
SPYM,2009-05-06,7.790043996440109,7.872896653289308,7.790043996440109,7.839756011962891,336800,2009,5,18,Wednesday,7.8232,7.74216890335083,1.26,0.62,0.62,1.26,-0.62,0,0.0,7.6647,7.5873,7.5099,7.4325,7.3551,7.2776,7.2002,7.1228,7.0454,6.968,6.8905,6.8131,6.7357,6.6583,6.5808,6.5034,6.426,6.3486,6.2712,6.1937,6.1163,6.0389,5.9615,5.884,5.8066,False,False,False,False,False,False,False,False,False,False,False,False,False,False,False,False,False,False,False,False,False,False,False,False,False
SPYM,2009-05-07,7.917086393566818,7.917086393566818,7.707191657370072,7.755062103271484,34800,2009,5,18,Thursday,7.8241,7.839756011962891,-1.08,0.99,-1.69,-1.08,1.69,1,7.7614,7.7614,7.683,7.6046,7.5262,7.4478,7.3694,7.291,7.2126,7.1342,7.0558,6.9774,6.899,6.8206,6.7422,6.6638,6.5854,6.507,6.4286,6.3502,6.2718,6.1934,6.115,6.0366,5.9582,5.8798,True,False,False,False,False,False,False,False,False,False,False,False,False,False,False,False,False,False,False,False,False,False,False,False,False
SPYM,2009-05-08,7.854487933929052,7.929976421175414,7.815823253173628,7.920770645141602,30000,2009,5,18,Friday,7.8803,7.755062103271484,2.14,1.28,0.78,2.14,-0.78,0,0.0,7.6775,7.6,7.5224,7.4449,7.3673,7.2898,7.2122,7.1347,7.0571,6.9796,6.902,6.8245,6.7469,6.6694,6.5918,6.5143,6.4367,6.3592,6.2816,6.204,6.1265,6.0489,5.9714,5.8938,5.8163,False,False,False,False,False,False,False,False,False,False,False,False,False,False,False,False,False,False,False,False,False,False,False,False,False
SPYM,2009-05-11,7.837917300859895,7.848964653576935,7.777158616805412,7.782681941986084,77600,2009,5,19,Monday,7.8117,7.920770645141602,-1.74,-1.05,-1.81,-1.74,1.81,1,7.8416,7.8416,7.7624,7.6831,7.6039,7.5247,7.4455,7.3663,7.2871,7.2079,7.1287,7.0495,6.9703,6.8911,6.8119,6.7327,6.6534,6.5742,6.495,6.4158,6.3366,6.2574,6.1782,6.099,6.0198,5.9406,True,False,False,False,False,False,False,False,False,False,False,False,False,False,False,False,False,False,False,False,False,False,False,False,False
SPYM,2009-05-12,7.712719377738777,7.76059055328369,7.681419588029812,7.760590553283691,10400,2009,5,19,Tuesday,7.7288,7.782681941986084,-0.28,-0.9,-1.3,-0.28,1.3,1,7.7049,7.7049,7.627,7.5492,7.4714,7.3935,7.3157,7.2379,7.1601,7.0822,7.0044,6.9266,6.8488,6.7709,6.6931,6.6153,6.5375,6.4596,6.3818,6.304,6.2261,6.1483,6.0705,5.9927,5.9148,5.837,True,False,False,False,False,False,False,False,False,False,False,False,False,False,False,False,False,False,False,False,False,False,False,False,False
SPYM,2009-05-13,7.674049282867245,7.674049282867245,7.550689681033138,7.563578605651855,36000,2009,5,19,Wednesday,7.6156,7.760590553283691,-2.54,-1.12,-2.7,-2.54,2.7,2,15.2884,7.683,7.6054,7.5278,7.4502,7.3726,7.295,7.2173,7.1397,7.0621,6.9845,6.9069,6.8293,6.7517,6.6741,6.5965,6.5189,6.4413,6.3637,6.2861,6.2085,6.1309,6.0533,5.9757,5.898,5.8204,True,True,False,False,False,False,False,False,False,False,False,False,False,False,False,False,False,False,False,False,False,False,False,False,False
SPYM,2009-05-14,7.59119715858588,7.66852720709975,7.56173825971287,7.629861831665039,54400,2009,5,19,Thursday,7.6128,7.563578605651855,0.88,0.37,-0.02,0.88,0.02,0,0.0,7.4879,7.4123,7.3367,7.261,7.1854,7.1098,7.0341,6.9585,6.8829,6.8072,6.7316,6.6559,6.5803,6.5047,6.429,6.3534,6.2778,6.2021,6.1265,6.0509,5.9752,5.8996,5.824,5.7483,5.6727,False,False,False,False,False,False,False,False,False,False,False,False,False,False,False,False,False,False,False,False,False,False,False,False,False
SPYM,2009-05-15,7.635383953292792,7.659318819786699,7.537800804455889,7.548848152160644,26800,2009,5,19,Friday,7.5953,7.629861831665039,-1.06,0.07,-1.21,-1.06,1.21,1,7.5536,7.5536,7.4773,7.401,7.3247,7.2484,7.1721,7.0958,7.0195,6.9432,6.8669,6.7906,6.7143,6.638,6.5617,6.4854,6.4091,6.3328,6.2565,6.1802,6.1039,6.0276,5.9513,5.875,5.7987,5.7224,True,False,False,False,False,False,False,False,False,False,False,False,False,False,False,False,False,False,False,False,False,False,False,False,False
SPYM,2009-05-18,7.6409108609863505,7.777158737182617,7.6409108609863505,7.777158737182617,3200,2009,5,20,Monday,7.709,7.548848152160644,3.02,1.22,1.22,3.02,-1.22,0,0.0,7.4734,7.3979,7.3224,7.2469,7.1714,7.0959,7.0204,6.9449,6.8695,6.794,6.7185,6.643,6.5675,6.492,6.4165,6.341,6.2655,6.1901,6.1146,6.0391,5.9636,5.8881,5.8126,5.7371,5.6616,False,False,False,False,False,False,False,False,False,False,False,False,False,False,False,False,False,False,False,False,False,False,False,False,False
SPYM,2009-05-19,7.771630569062469,7.837913246365785,7.769789695739746,7.769789695739746,46400,2009,5,20,Tuesday,7.7873,7.777158737182617,-0.09,-0.07,-0.09,-0.09,0.09,0,0.0,7.6994,7.6216,7.5438,7.4661,7.3883,7.3105,7.2328,7.155,7.0772,6.9994,6.9217,6.8439,6.7661,6.6884,6.6106,6.5328,6.455,6.3773,6.2995,6.2217,6.144,6.0662,5.9884,5.9106,5.8329,False,False,False,False,False,False,False,False,False,False,False,False,False,False,False,False,False,False,False,False,False,False,False,False,False
SPYM,2009-05-20,7.860010712717933,7.893152066020506,7.799252033233642,7.799252033233643,10400,2009,5,20,Wednesday,7.8379,7.769789695739746,0.38,1.16,0.38,0.38,-0.38,0,0.0,7.6921,7.6144,7.5367,7.459,7.3813,7.3036,7.2259,7.1482,7.0705,6.9928,6.9151,6.8374,6.7597,6.682,6.6043,6.5266,6.4489,6.3712,6.2935,6.2158,6.1381,6.0604,5.9827,5.905,5.8273,False,False,False,False,False,False,False,False,False,False,False,False,False,False,False,False,False,False,False,False,False,False,False,False,False
SPYM,2009-05-21,7.644589432555533,7.644589432555533,7.548847863178915,7.609607219696045,66000,2009,5,20,Thursday,7.6119,7.799252033233643,-2.43,-1.98,-3.21,-2.43,3.21,3,22.9298,7.7213,7.6433,7.5653,7.4873,7.4093,7.3313,7.2533,7.1753,7.0973,7.0193,6.9413,6.8633,6.7853,6.7074,6.6294,6.5514,6.4734,6.3954,6.3174,6.2394,6.1614,6.0834,6.0054,5.9274,5.8494,True,True,True,False,False,False,False,False,False,False,False,False,False,False,False,False,False,False,False,False,False,False,False,False,False
SPYM,2009-05-22,7.64826838995657,7.64826838995657,7.58198574123646,7.604079723358154,6000,2009,5,20,Friday,7.6207,7.609607219696045,-0.07,0.51,-0.36,-0.07,0.36,0,0.0,7.5335,7.4574,7.3813,7.3052,7.2291,7.153,7.0769,7.0008,6.9247,6.8486,6.7726,6.6965,6.6204,6.5443,6.4682,6.3921,6.316,6.2399,6.1638,6.0877,6.0116,5.9355,5.8594,5.7833,5.7072,False,False,False,False,False,False,False,False,False,False,False,False,False,False,False,False,False,False,False,False,False,False,False,False,False
SPYM,2009-05-26,7.64827235969488,7.736649036407471,7.646430783855126,7.736649036407471,10000,2009,5,21,Tuesday,7.692,7.604079723358154,1.74,0.58,0.56,1.74,-0.56,0,0.0,7.528,7.452,7.376,7.2999,7.2239,7.1478,7.0718,6.9958,6.9197,6.8437,6.7676,6.6916,6.6155,6.5395,6.4635,6.3874,6.3114,6.2353,6.1593,6.0833,6.0072,5.9312,5.8551,5.7791,5.7031,False,False,False,False,False,False,False,False,False,False,False,False,False,False,False,False,False,False,False,False,False,False,False,False,False
SPYM,2009-05-27,7.788201395242203,7.808454513976706,7.727442741394042,7.727442741394043,4000,2009,5,21,Wednesday,7.7629,7.736649036407471,-0.12,0.67,-0.12,-0.12,0.12,0,0.0,7.6593,7.5819,7.5045,7.4272,7.3498,7.2725,7.1951,7.1177,7.0404,6.963,6.8856,6.8083,6.7309,6.6535,6.5762,6.4988,6.4214,6.3441,6.2667,6.1893,6.112,6.0346,5.9572,5.8799,5.8025,False,False,False,False,False,False,False,False,False,False,False,False,False,False,False,False,False,False,False,False,False,False,False,False,False
SPYM,2009-05-28,7.721920917753524,7.758744716644287,7.666685570595152,7.758744716644287,32000,2009,5,21,Thursday,7.7265,7.727442741394043,0.41,-0.07,-0.79,0.41,0.79,0,0.0,7.6502,7.5729,7.4956,7.4183,7.3411,7.2638,7.1865,7.1092,7.032,6.9547,6.8774,6.8001,6.7229,6.6456,6.5683,6.4911,6.4138,6.3365,6.2592,6.182,6.1047,6.0274,5.9501,5.8729,5.7956,False,False,False,False,False,False,False,False,False,False,False,False,False,False,False,False,False,False,False,False,False,False,False,False,False
SPYM,2009-05-29,7.826868483818609,7.863692283630372,7.769792261348163,7.863692283630371,20400,2009,5,21,Friday,7.831,7.758744716644287,1.35,0.88,0.14,1.35,-0.14,0,0.0,7.6812,7.6036,7.526,7.4484,7.3708,7.2932,7.2156,7.138,7.0605,6.9829,6.9053,6.8277,6.7501,6.6725,6.5949,6.5173,6.4398,6.3622,6.2846,6.207,6.1294,6.0518,5.9742,5.8966,5.8191,False,False,False,False,False,False,False,False,False,False,False,False,False,False,False,False,False,False,False,False,False,False,False,False,False
SPYM,2009-06-01,7.999935617665954,8.11777114868164,7.990729848496946,8.11777114868164,18000,2009,6,22,Monday,8.0566,7.863692283630371,3.23,1.73,1.62,3.23,-1.62,0,0.0,7.7851,7.7064,7.6278,7.5491,7.4705,7.3919,7.3132,7.2346,7.156,7.0773,6.9987,6.92,6.8414,6.7628,6.6841,6.6055,6.5269,6.4482,6.3696,6.291,6.2123,6.1337,6.055,5.9764,5.8978,False,False,False,False,False,False,False,False,False,False,False,False,False,False,False,False,False,False,False,False,False,False,False,False,False
SPYM,2009-06-02,8.108571775210306,8.132506653457508,8.106730198510848,8.13066577911377,8800,2009,6,22,Tuesday,8.1196,8.11777114868164,0.16,-0.11,-0.14,0.16,0.14,0,0.0,8.0366,7.9554,7.8742,7.7931,7.7119,7.6307,7.5495,7.4683,7.3872,7.306,7.2248,7.1436,7.0625,6.9813,6.9001,6.8189,6.7378,6.6566,6.5754,6.4942,6.413,6.3319,6.2507,6.1695,6.0883,False,False,False,False,False,False,False,False,False,False,False,False,False,False,False,False,False,False,False,False,False,False,False,False,False
SPYM,2009-06-03,7.992572729777902,8.005460950324123,7.937337398529053,7.937337398529053,15200,2009,6,22,Wednesday,7.9682,8.13066577911377,-2.38,-1.7,-2.38,-2.38,2.38,2,16.0174,8.0494,7.9681,7.8867,7.8054,7.7241,7.6428,7.5615,7.4802,7.3989,7.3176,7.2363,7.155,7.0737,6.9924,6.9111,6.8298,6.7485,6.6671,6.5858,6.5045,6.4232,6.3419,6.2606,6.1793,6.098,True,True,False,False,False,False,False,False,False,False,False,False,False,False,False,False,False,False,False,False,False,False,False,False,False
SPYM,2009-06-04,8.044128755480545,8.075429233578339,8.020193880744392,8.062541007995605,76000,2009,6,22,Thursday,8.0506,7.937337398529053,1.58,1.35,1.04,1.58,-1.04,0,0.0,7.858,7.7786,7.6992,7.6198,7.5405,7.4611,7.3817,7.3024,7.223,7.1436,7.0642,6.9849,6.9055,6.8261,6.7467,6.6674,6.588,6.5086,6.4292,6.3499,6.2705,6.1911,6.1117,6.0324,5.953,False,False,False,False,False,False,False,False,False,False,False,False,False,False,False,False,False,False,False,False,False,False,False,False,False
SPYM,2009-06-05,8.138025904684385,8.15643744673822,8.033078569795851,8.049649238586426,94000,2009,6,22,Friday,8.0943,8.062541007995605,-0.16,0.94,-0.37,-0.16,0.37,0,0.0,7.9819,7.9013,7.8207,7.74,7.6594,7.5788,7.4982,7.4175,7.3369,7.2563,7.1757,7.095,7.0144,6.9338,6.8532,6.7725,6.6919,6.6113,6.5307,6.45,6.3694,6.2888,6.2082,6.1275,6.0469,False,False,False,False,False,False,False,False,False,False,False,False,False,False,False,False,False,False,False,False,False,False,False,False,False
SPYM,2009-06-08,7.976000308990478,7.976000308990478,7.976000308990478,7.9760003089904785,8800,2009,6,23,Monday,7.976,8.049649238586426,-0.91,-0.91,-0.91,-0.91,0.91,0,0.0,7.9692,7.8887,7.8082,7.7277,7.6472,7.5667,7.4862,7.4057,7.3252,7.2447,7.1642,7.0837,7.0032,6.9227,6.8422,6.7617,6.6812,6.6007,6.5202,6.4397,6.3592,6.2787,6.1982,6.1177,6.0372,False,False,False,False,False,False,False,False,False,False,False,False,False,False,False,False,False,False,False,False,False,False,False,False,False
SPYM,2009-06-09,8.079108613354563,8.09567928314209,8.06806126604443,8.09567928314209,58800,2009,6,23,Tuesday,8.0846,7.9760003089904785,1.5,1.29,1.15,1.5,-1.15,0,0.0,7.8962,7.8165,7.7367,7.657,7.5772,7.4974,7.4177,7.3379,7.2582,7.1784,7.0986,7.0189,6.9391,6.8594,6.7796,6.6998,6.6201,6.5403,6.4606,6.3808,6.301,6.2213,6.1415,6.0618,5.982,False,False,False,False,False,False,False,False,False,False,False,False,False,False,False,False,False,False,False,False,False,False,False,False,False
SPYM,2009-06-10,8.15827878483246,8.15827878483246,8.06069564819336,8.06069564819336,2400,2009,6,23,Wednesday,8.1095,8.09567928314209,-0.43,0.77,-0.43,-0.43,0.43,0,0.0,8.0147,7.9338,7.8528,7.7719,7.6909,7.6099,7.529,7.448,7.3671,7.2861,7.2052,7.1242,7.0432,6.9623,6.8813,6.8004,6.7194,6.6385,6.5575,6.4765,6.3956,6.3146,6.2337,6.1527,6.0718,False,False,False,False,False,False,False,False,False,False,False,False,False,False,False,False,False,False,False,False,False,False,False,False,False
SPYM,2009-06-11,8.185898904112685,8.185898904112685,8.134346008300781,8.134346008300781,13200,2009,6,23,Thursday,8.1601,8.06069564819336,0.91,1.55,0.91,0.91,-0.91,0,0.0,7.9801,7.8995,7.8189,7.7383,7.6577,7.5771,7.4964,7.4158,7.3352,7.2546,7.174,7.0934,7.0128,6.9322,6.8516,6.771,6.6904,6.6098,6.5292,6.4486,6.3679,6.2873,6.2067,6.1261,6.0455,False,False,False,False,False,False,False,False,False,False,False,False,False,False,False,False,False,False,False,False,False,False,False,False,False
SPYM,2009-06-12,8.062543690122771,8.115938186645508,8.062543690122771,8.115938186645508,26400,2009,6,23,Friday,8.0892,8.134346008300781,-0.23,-0.88,-0.88,-0.23,0.88,0,0.0,8.053,7.9717,7.8903,7.809,7.7276,7.6463,7.5649,7.4836,7.4023,7.3209,7.2396,7.1582,7.0769,6.9955,6.9142,6.8329,6.7515,6.6702,6.5888,6.5075,6.4261,6.3448,6.2634,6.1821,6.1008,False,False,False,False,False,False,False,False,False,False,False,False,False,False,False,False,False,False,False,False,False,False,False,False,False
SPYM,2009-06-15,8.005461115966316,8.005461115966316,7.9078786719957455,7.941020011901855,26000,2009,6,24,Monday,7.965,8.115938186645508,-2.16,-1.36,-2.56,-2.16,2.56,2,15.9884,8.0348,7.9536,7.8725,7.7913,7.7101,7.629,7.5478,7.4667,7.3855,7.3043,7.2232,7.142,7.0609,6.9797,6.8985,6.8174,6.7362,6.6551,6.5739,6.4928,6.4116,6.3304,6.2493,6.1681,6.087,True,True,False,False,False,False,False,False,False,False,False,False,False,False,False,False,False,False,False,False,False,False,False,False,False
SPYM,2009-06-16,7.85816555880525,7.869212904674629,7.843435764312744,7.843435764312744,20000,2009,6,24,Tuesday,7.8536,7.941020011901855,-1.23,-1.04,-1.23,-1.23,1.23,1,7.8616,7.8616,7.7822,7.7028,7.6234,7.544,7.4646,7.3851,7.3057,7.2263,7.1469,7.0675,6.9881,6.9087,6.8293,6.7499,6.6705,6.591,6.5116,6.4322,6.3528,6.2734,6.194,6.1146,6.0352,5.9558,True,False,False,False,False,False,False,False,False,False,False,False,False,False,False,False,False,False,False,False,False,False,False,False,False
SPYM,2009-06-17,7.843436671255448,7.880260459389415,7.817660230268273,7.834230899810791,8400,2009,6,24,Wednesday,7.8439,7.843435764312744,-0.12,0.0,-0.33,-0.12,0.33,0,0.0,7.765,7.6866,7.6081,7.5297,7.4513,7.3728,7.2944,7.216,7.1375,7.0591,6.9807,6.9022,6.8238,6.7454,6.6669,6.5885,6.5101,6.4316,6.3532,6.2747,6.1963,6.1179,6.0394,5.961,5.8826,False,False,False,False,False,False,False,False,False,False,False,False,False,False,False,False,False,False,False,False,False,False,False,False,False
SPYM,2009-06-18,7.848960540370145,7.876577854156494,7.848960540370145,7.876577854156494,1600,2009,6,24,Thursday,7.8628,7.834230899810791,0.54,0.19,0.19,0.54,-0.19,0,0.0,7.7559,7.6775,7.5992,7.5209,7.4425,7.3642,7.2858,7.2075,7.1292,7.0508,6.9725,6.8941,6.8158,6.7374,6.6591,6.5808,6.5024,6.4241,6.3457,6.2674,6.189,6.1107,6.0324,5.954,5.8757,False,False,False,False,False,False,False,False,False,False,False,False,False,False,False,False,False,False,False,False,False,False,False,False,False
SPYM,2009-06-19,7.943234386118897,7.943234386118897,7.871022573688387,7.887686729431152,32400,2009,6,24,Friday,7.9113,7.876577854156494,0.14,0.85,-0.07,0.14,0.07,0,0.0,7.7978,7.719,7.6403,7.5615,7.4827,7.404,7.3252,7.2465,7.1677,7.0889,7.0102,6.9314,6.8526,6.7739,6.6951,6.6163,6.5376,6.4588,6.38,6.3013,6.2225,6.1437,6.065,5.9862,5.9074,False,False,False,False,False,False,False,False,False,False,False,False,False,False,False,False,False,False,False,False,False,False,False,False,False
SPYM,2009-06-22,7.732152139334361,7.734004103945491,7.687714877112912,7.689566135406494,18000,2009,6,25,Monday,7.7109,7.887686729431152,-2.51,-1.97,-2.54,-2.51,2.54,2,15.5387,7.8088,7.7299,7.6511,7.5722,7.4933,7.4144,7.3355,7.2567,7.1778,7.0989,7.02,6.9412,6.8623,6.7834,6.7045,6.6257,6.5468,6.4679,6.389,6.3101,6.2313,6.1524,6.0735,5.9946,5.9158,True,True,False,False,False,False,False,False,False,False,False,False,False,False,False,False,False,False,False,False,False,False,False,False,False
SPYM,2009-06-23,7.689571036143226,7.709938421940962,7.648836970865752,7.672906875610352,31200,2009,6,25,Tuesday,7.6803,7.689566135406494,-0.22,0.0,-0.53,-0.22,0.53,0,0.0,7.6127,7.5358,7.4589,7.382,7.3051,7.2282,7.1513,7.0744,6.9975,6.9206,6.8437,6.7668,6.6899,6.613,6.5361,6.4592,6.3823,6.3054,6.2285,6.1517,6.0748,5.9979,5.921,5.8441,5.7672,False,False,False,False,False,False,False,False,False,False,False,False,False,False,False,False,False,False,False,False,False,False,False,False,False
SPYM,2009-06-24,7.806217399628154,7.806217399628154,7.737709522247314,7.737709522247314,7200,2009,6,25,Wednesday,7.772,7.672906875610352,0.84,1.74,0.84,0.84,-0.84,0,0.0,7.5962,7.5194,7.4427,7.366,7.2893,7.2125,7.1358,7.0591,6.9823,6.9056,6.8289,6.7522,6.6754,6.5987,6.522,6.4452,6.3685,6.2918,6.2151,6.1383,6.0616,5.9849,5.9081,5.8314,5.7547,False,False,False,False,False,False,False,False,False,False,False,False,False,False,False,False,False,False,False,False,False,False,False,False,False
SPYM,2009-06-25,7.695127246061515,7.900650978088379,7.695127246061515,7.900650978088379,3600,2009,6,25,Thursday,7.7979,7.737709522247314,2.11,-0.55,-0.55,2.11,0.55,0,0.0,7.6603,7.583,7.5056,7.4282,7.3508,7.2734,7.1961,7.1187,7.0413,6.9639,6.8866,6.8092,6.7318,6.6544,6.5771,6.4997,6.4223,6.3449,6.2675,6.1902,6.1128,6.0354,5.958,5.8807,5.8033,False,False,False,False,False,False,False,False,False,False,False,False,False,False,False,False,False,False,False,False,False,False,False,False,False
SPYM,2009-06-26,7.846953930652244,7.8691725730896,7.846953930652244,7.8691725730896,30400,2009,6,25,Friday,7.8581,7.900650978088379,-0.4,-0.68,-0.68,-0.4,0.68,0,0.0,7.8216,7.7426,7.6636,7.5846,7.5056,7.4266,7.3476,7.2686,7.1896,7.1106,7.0316,6.9526,6.8736,6.7946,6.7156,6.6365,6.5575,6.4785,6.3995,6.3205,6.2415,6.1625,6.0835,6.0045,5.9255,False,False,False,False,False,False,False,False,False,False,False,False,False,False,False,False,False,False,False,False,False,False,False,False,False
SPYM,2009-06-29,7.961753368377685,7.961753368377685,7.961753368377685,7.961753368377685,800,2009,6,26,Monday,7.9618,7.8691725730896,1.18,1.18,1.18,1.18,-1.18,0,0.0,7.7905,7.7118,7.6331,7.5544,7.4757,7.397,7.3183,7.2396,7.1609,7.0823,7.0036,6.9249,6.8462,6.7675,6.6888,6.6101,6.5314,6.4527,6.374,6.2953,6.2166,6.138,6.0593,5.9806,5.9019,False,False,False,False,False,False,False,False,False,False,False,False,False,False,False,False,False,False,False,False,False,False,False,False,False
SPYM,2009-06-30,7.874721570781267,7.902495384216308,7.863612610461183,7.902495384216309,3600,2009,6,26,Tuesday,7.8858,7.961753368377685,-0.74,-1.09,-1.23,-0.74,1.23,1,7.8821,7.8821,7.8025,7.7229,7.6433,7.5637,7.484,7.4044,7.3248,7.2452,7.1656,7.086,7.0063,6.9267,6.8471,6.7675,6.6879,6.6083,6.5286,6.449,6.3694,6.2898,6.2102,6.1306,6.0509,5.9713,True,False,False,False,False,False,False,False,False,False,False,False,False,False,False,False,False,False,False,False,False,False,False,False,False
SPYM,2009-07-01,8.000637029345787,8.000637029345787,7.961754213169927,7.965457439422607,16800,2009,7,26,Wednesday,7.9821,7.902495384216309,0.8,1.24,0.75,0.8,-0.75,0,0.0,7.8235,7.7444,7.6654,7.5864,7.5074,7.4283,7.3493,7.2703,7.1913,7.1122,7.0332,6.9542,6.8752,6.7961,6.7171,6.6381,6.5591,6.48,6.401,6.322,6.243,6.1639,6.0849,6.0059,5.9269,False,False,False,False,False,False,False,False,False,False,False,False,False,False,False,False,False,False,False,False,False,False,False,False,False
SPYM,2009-07-02,7.817331144705061,7.817331144705061,7.730307102203369,7.730307102203369,8400,2009,7,26,Thursday,7.7738,7.965457439422607,-2.95,-1.86,-2.95,-2.95,2.95,2,15.692,7.8858,7.8061,7.7265,7.6468,7.5672,7.4875,7.4079,7.3282,7.2486,7.1689,7.0893,7.0096,6.9299,6.8503,6.7706,6.691,6.6113,6.5317,6.452,6.3724,6.2927,6.2131,6.1334,6.0537,5.9741,True,True,False,False,False,False,False,False,False,False,False,False,False,False,False,False,False,False,False,False,False,False,False,False,False
SPYM,2009-07-06,7.6340237937273185,7.698829174041748,7.632172534320837,7.698829174041748,14400,2009,7,27,Monday,7.666,7.730307102203369,-0.41,-1.25,-1.27,-0.41,1.27,1,7.653,7.653,7.5757,7.4984,7.4211,7.3438,7.2665,7.1892,7.1119,7.0346,6.9573,6.88,6.8027,6.7254,6.6481,6.5708,6.4935,6.4162,6.3389,6.2615,6.1842,6.1069,6.0296,5.9523,5.875,5.7977,True,False,False,False,False,False,False,False,False,False,False,False,False,False,False,False,False,False,False,False,False,False,False,False,False
SPYM,2009-07-07,7.689569543357157,7.691421508789062,7.689569543357157,7.6914215087890625,1200,2009,7,27,Tuesday,7.6905,7.698829174041748,-0.1,-0.12,-0.12,-0.1,0.12,0,0.0,7.6218,7.5449,7.4679,7.3909,7.3139,7.2369,7.1599,7.0829,7.0059,6.9289,6.852,6.775,6.698,6.621,6.544,6.467,6.39,6.313,6.2361,6.1591,6.0821,6.0051,5.9281,5.8511,5.7741,False,False,False,False,False,False,False,False,False,False,False,False,False,False,False,False,False,False,False,False,False,False,False,False,False
SPYM,2009-07-08,7.48404473656197,7.584029674530029,7.478490253225241,7.584029674530029,5600,2009,7,27,Wednesday,7.5326,7.6914215087890625,-1.4,-2.7,-2.77,-1.4,2.77,2,15.1521,7.6145,7.5376,7.4607,7.3838,7.3069,7.2299,7.153,7.0761,6.9992,6.9223,6.8454,6.7685,6.6915,6.6146,6.5377,6.4608,6.3839,6.307,6.2301,6.1531,6.0762,5.9993,5.9224,5.8455,5.7686,True,True,False,False,False,False,False,False,False,False,False,False,False,False,False,False,False,False,False,False,False,False,False,False,False
SPYM,2009-07-09,7.621060020116947,7.621060020116947,7.604395866394043,7.604395866394043,800,2009,7,27,Thursday,7.6127,7.584029674530029,0.27,0.49,0.27,0.27,-0.27,0,0.0,7.5082,7.4323,7.3565,7.2807,7.2048,7.129,7.0531,6.9773,6.9015,6.8256,6.7498,6.6739,6.5981,6.5223,6.4464,6.3706,6.2947,6.2189,6.1431,6.0672,5.9914,5.9155,5.8397,5.7639,5.688,False,False,False,False,False,False,False,False,False,False,False,False,False,False,False,False,False,False,False,False,False,False,False,False,False
SPYM,2009-07-10,7.532186508178711,7.532186508178711,7.532186508178711,7.532186508178711,2000,2009,7,27,Friday,7.5322,7.604395866394043,-0.95,-0.95,-0.95,-0.95,0.95,0,0.0,7.5284,7.4523,7.3763,7.3002,7.2242,7.1481,7.0721,6.996,6.92,6.844,6.7679,6.6919,6.6158,6.5398,6.4637,6.3877,6.3116,6.2356,6.1596,6.0835,6.0075,5.9314,5.8554,5.7793,5.7033,False,False,False,False,False,False,False,False,False,False,False,False,False,False,False,False,False,False,False,False,False,False,False,False,False
SPYM,2009-07-13,7.576622458616554,7.737709522247314,7.5673647518868865,7.737709522247314,25200,2009,7,28,Monday,7.6549,7.532186508178711,2.73,0.59,0.47,2.73,-0.47,0,0.0,7.4569,7.3815,7.3062,7.2309,7.1556,7.0803,7.0049,6.9296,6.8543,6.779,6.7036,6.6283,6.553,6.4777,6.4024,6.327,6.2517,6.1764,6.1011,6.0257,5.9504,5.8751,5.7998,5.7245,5.6491,False,False,False,False,False,False,False,False,False,False,False,False,False,False,False,False,False,False,False,False,False,False,False,False,False
SPYM,2009-07-14,7.745120005743281,7.745120005743281,7.730307102203369,7.730307102203369,3200,2009,7,28,Tuesday,7.7377,7.737709522247314,-0.1,0.1,-0.1,-0.1,0.1,0,0.0,7.6603,7.583,7.5056,7.4282,7.3508,7.2734,7.1961,7.1187,7.0413,6.9639,6.8866,6.8092,6.7318,6.6544,6.5771,6.4997,6.4223,6.3449,6.2675,6.1902,6.1128,6.0354,5.958,5.8807,5.8033,False,False,False,False,False,False,False,False,False,False,False,False,False,False,False,False,False,False,False,False,False,False,False,False,False
SPYM,2009-07-15,7.915461327076314,8.024703979492188,7.915461327076314,8.024703979492188,8000,2009,7,28,Wednesday,7.9701,7.730307102203369,3.81,2.4,2.4,3.81,-2.4,0,0.0,7.653,7.5757,7.4984,7.4211,7.3438,7.2665,7.1892,7.1119,7.0346,6.9573,6.88,6.8027,6.7254,6.6481,6.5708,6.4935,6.4162,6.3389,6.2615,6.1842,6.1069,6.0296,5.9523,5.875,5.7977,False,False,False,False,False,False,False,False,False,False,False,False,False,False,False,False,False,False,False,False,False,False,False,False,False
SPYM,2009-07-16,8.015446271250408,8.024703979492188,8.015446271250408,8.024703979492188,12800,2009,7,28,Thursday,8.0201,8.024703979492188,0.0,-0.12,-0.12,0.0,0.12,0,0.0,7.9445,7.8642,7.784,7.7037,7.6235,7.5432,7.463,7.3827,7.3025,7.2222,7.142,7.0617,6.9815,6.9012,6.821,6.7408,6.6605,6.5803,6.5,6.4198,6.3395,6.2593,6.179,6.0988,6.0185,False,False,False,False,False,False,False,False,False,False,False,False,False,False,False,False,False,False,False,False,False,False,False,False,False
SPYM,2009-07-17,8.063587320364563,8.087657928466797,8.05988409555515,8.087657928466797,12400,2009,7,28,Friday,8.0747,8.024703979492188,0.78,0.48,0.44,0.78,-0.44,0,0.0,7.9445,7.8642,7.784,7.7037,7.6235,7.5432,7.463,7.3827,7.3025,7.2222,7.142,7.0617,6.9815,6.9012,6.821,6.7408,6.6605,6.5803,6.5,6.4198,6.3395,6.2593,6.179,6.0988,6.0185,False,False,False,False,False,False,False,False,False,False,False,False,False,False,False,False,False,False,False,False,False,False,False,False,False
SPYM,2009-07-20,8.128392219543457,8.128392219543457,8.128392219543457,8.128392219543457,800,2009,7,29,Monday,8.1284,8.087657928466797,0.5,0.5,0.5,0.5,-0.5,0,0.0,8.0068,7.9259,7.845,7.7642,7.6833,7.6024,7.5215,7.4406,7.3598,7.2789,7.198,7.1171,7.0363,6.9554,6.8745,6.7936,6.7128,6.6319,6.551,6.4701,6.3892,6.3084,6.2275,6.1466,6.0657,False,False,False,False,False,False,False,False,False,False,False,False,False,False,False,False,False,False,False,False,False,False,False,False,False
SPYM,2009-07-21,8.128392219543457,8.128392219543457,8.128392219543457,8.128392219543457,0,2009,7,29,Tuesday,8.1284,8.128392219543457,0.0,0.0,0.0,0.0,0.0,0,0.0,8.0471,7.9658,7.8845,7.8033,7.722,7.6407,7.5594,7.4781,7.3968,7.3156,7.2343,7.153,7.0717,6.9904,6.9091,6.8278,6.7466,6.6653,6.584,6.5027,6.4214,6.3401,6.2589,6.1776,6.0963,False,False,False,False,False,False,False,False,False,False,False,False,False,False,False,False,False,False,False,False,False,False,False,False,False
SPYM,2009-07-22,8.180239566044857,8.232083320617676,8.180239566044857,8.232083320617676,43600,2009,7,29,Wednesday,8.2062,8.128392219543457,1.28,0.64,0.64,1.28,-0.64,0,0.0,8.0471,7.9658,7.8845,7.8033,7.722,7.6407,7.5594,7.4781,7.3968,7.3156,7.2343,7.153,7.0717,6.9904,6.9091,6.8278,6.7466,6.6653,6.584,6.5027,6.4214,6.3401,6.2589,6.1776,6.0963,False,False,False,False,False,False,False,False,False,False,False,False,False,False,False,False,False,False,False,False,False,False,False,False,False
SPYM,2009-07-23,8.22467546131776,8.419090920347175,8.22467546131776,8.396871566772461,114400,2009,7,29,Thursday,8.3163,8.232083320617676,2.0,-0.09,-0.09,2.0,0.09,0,0.0,8.1498,8.0674,7.9851,7.9028,7.8205,7.7382,7.6558,7.5735,7.4912,7.4089,7.3266,7.2442,7.1619,7.0796,6.9973,6.9149,6.8326,6.7503,6.668,6.5857,6.5033,6.421,6.3387,6.2564,6.1741,False,False,False,False,False,False,False,False,False,False,False,False,False,False,False,False,False,False,False,False,False,False,False,False,False
SPYM,2009-07-24,8.370952505710227,8.402429580688477,8.354288338090754,8.402429580688477,35600,2009,7,29,Friday,8.3825,8.396871566772461,0.07,-0.31,-0.51,0.07,0.51,0,0.0,8.3129,8.2289,8.145,8.061,7.977,7.8931,7.8091,7.7251,7.6412,7.5572,7.4732,7.3892,7.3053,7.2213,7.1373,7.0534,6.9694,6.8854,6.8015,6.7175,6.6335,6.5496,6.4656,6.3816,6.2977,False,False,False,False,False,False,False,False,False,False,False,False,False,False,False,False,False,False,False,False,False,False,False,False,False
SPYM,2009-07-27,8.411681951669586,8.448713490226416,8.411681951669586,8.413533210754395,3200,2009,7,30,Monday,8.4214,8.402429580688477,0.13,0.11,0.11,0.13,-0.11,0,0.0,8.3184,8.2344,8.1504,8.0663,7.9823,7.8983,7.8143,7.7302,7.6462,7.5622,7.4782,7.3941,7.3101,7.2261,7.1421,7.058,6.974,6.89,6.806,6.7219,6.6379,6.5539,6.4699,6.3858,6.3018,False,False,False,False,False,False,False,False,False,False,False,False,False,False,False,False,False,False,False,False,False,False,False,False,False
SPYM,2009-07-28,8.36539270505301,8.413533210754395,8.36539270505301,8.413533210754395,7200,2009,7,30,Tuesday,8.3895,8.413533210754395,0.0,-0.57,-0.57,0.0,0.57,0,0.0,8.3294,8.2453,8.1611,8.077,7.9929,7.9087,7.8246,7.7405,7.6563,7.5722,7.488,7.4039,7.3198,7.2356,7.1515,7.0674,6.9832,6.8991,6.815,6.7308,6.6467,6.5626,6.4784,6.3943,6.3101,False,False,False,False,False,False,False,False,False,False,False,False,False,False,False,False,False,False,False,False,False,False,False,False,False
SPYM,2009-07-29,8.35613625217987,8.35613625217987,8.350581061455289,8.354284286499023,4800,2009,7,30,Wednesday,8.3543,8.413533210754395,-0.7,-0.68,-0.75,-0.7,0.75,0,0.0,8.3294,8.2453,8.1611,8.077,7.9929,7.9087,7.8246,7.7405,7.6563,7.5722,7.488,7.4039,7.3198,7.2356,7.1515,7.0674,6.9832,6.8991,6.815,6.7308,6.6467,6.5626,6.4784,6.3943,6.3101,False,False,False,False,False,False,False,False,False,False,False,False,False,False,False,False,False,False,False,False,False,False,False,False,False
SPYM,2009-07-30,8.495005788330584,8.574623377615925,8.491302562512882,8.541295051574707,8800,2009,7,30,Thursday,8.5256,8.354284286499023,2.24,1.68,1.64,2.24,-1.64,0,0.0,8.2707,8.1872,8.1037,8.0201,7.9366,7.853,7.7695,7.6859,7.6024,7.5189,7.4353,7.3518,7.2682,7.1847,7.1011,7.0176,6.9341,6.8505,6.767,6.6834,6.5999,6.5163,6.4328,6.3493,6.2657,False,False,False,False,False,False,False,False,False,False,False,False,False,False,False,False,False,False,False,False,False,False,False,False,False
SPYM,2009-07-31,8.485747286942997,8.537591030928096,8.485747286942997,8.511669158935547,25600,2009,7,30,Friday,8.5052,8.541295051574707,-0.35,-0.65,-0.65,-0.35,0.65,0,0.0,8.4559,8.3705,8.2851,8.1996,8.1142,8.0288,7.9434,7.858,7.7726,7.6872,7.6018,7.5163,7.4309,7.3455,7.2601,7.1747,7.0893,7.0039,6.9184,6.833,6.7476,6.6622,6.5768,6.4914,6.406,False,False,False,False,False,False,False,False,False,False,False,False,False,False,False,False,False,False,False,False,False,False,False,False,False
SPYM,2009-08-03,8.550548473849402,8.602392196655273,8.550548473849402,8.602392196655273,4000,2009,8,31,Monday,8.5765,8.511669158935547,1.07,0.46,0.46,1.07,-0.46,0,0.0,8.4266,8.3414,8.2563,8.1712,8.0861,8.001,7.9159,7.8307,7.7456,7.6605,7.5754,7.4903,7.4052,7.32,7.2349,7.1498,7.0647,6.9796,6.8945,6.8093,6.7242,6.6391,6.554,6.4689,6.3838,False,False,False,False,False,False,False,False,False,False,False,False,False,False,False,False,False,False,False,False,False,False,False,False,False
SPYM,2009-08-04,8.606096160792204,8.648682180519362,8.587580745717023,8.6097993850708,19200,2009,8,31,Tuesday,8.613,8.602392196655273,0.09,0.04,-0.17,0.09,0.17,0,0.0,8.5164,8.4303,8.3443,8.2583,8.1723,8.0862,8.0002,7.9142,7.8282,7.7422,7.6561,7.5701,7.4841,7.3981,7.312,7.226,7.14,7.054,6.9679,6.8819,6.7959,6.7099,6.6238,6.5378,6.4518,False,False,False,False,False,False,False,False,False,False,False,False,False,False,False,False,False,False,False,False,False,False,False,False,False
SPYM,2009-08-05,8.635724067687988,8.637576033590735,8.57091938745267,8.635724067687988,6400,2009,8,31,Wednesday,8.62,8.6097993850708,0.3,0.3,-0.45,0.3,0.45,0,0.0,8.5237,8.4376,8.3515,8.2654,8.1793,8.0932,8.0071,7.921,7.8349,7.7488,7.6627,7.5766,7.4905,7.4044,7.3183,7.2322,7.1461,7.06,6.9739,6.8878,6.8017,6.7156,6.6295,6.5434,6.4573,False,False,False,False,False,False,False,False,False,False,False,False,False,False,False,False,False,False,False,False,False,False,False,False,False
SPYM,2009-08-06,8.680163877873195,8.680163877873195,8.591288566589355,8.591288566589355,6400,2009,8,31,Thursday,8.6357,8.635724067687988,-0.51,0.51,-0.51,-0.51,0.51,0,0.0,8.5494,8.463,8.3767,8.2903,8.2039,8.1176,8.0312,7.9449,7.8585,7.7722,7.6858,7.5994,7.5131,7.4267,7.3404,7.254,7.1677,7.0813,6.9949,6.9086,6.8222,6.7359,6.6495,6.5632,6.4768,False,False,False,False,False,False,False,False,False,False,False,False,False,False,False,False,False,False,False,False,False,False,False,False,False
SPYM,2009-08-07,8.687568735969881,8.737561225891113,8.687568735969881,8.737561225891113,7600,2009,8,31,Friday,8.7126,8.591288566589355,1.7,1.12,1.12,1.7,-1.12,0,0.0,8.5054,8.4195,8.3335,8.2476,8.1617,8.0758,7.9899,7.904,7.8181,7.7322,7.6462,7.5603,7.4744,7.3885,7.3026,7.2167,7.1308,7.0449,6.9589,6.873,6.7871,6.7012,6.6153,6.5294,6.4435,False,False,False,False,False,False,False,False,False,False,False,False,False,False,False,False,False,False,False,False,False,False,False,False,False
SPYM,2009-08-10,8.67461071456227,8.68572039594094,8.644985603870834,8.663501739501953,12800,2009,8,32,Monday,8.6672,8.737561225891113,-0.85,-0.72,-1.06,-0.85,1.06,1,8.6502,8.6502,8.5628,8.4754,8.3881,8.3007,8.2133,8.1259,8.0386,7.9512,7.8638,7.7764,7.6891,7.6017,7.5143,7.4269,7.3396,7.2522,7.1648,7.0774,6.99,6.9027,6.8153,6.7279,6.6405,6.5532,True,False,False,False,False,False,False,False,False,False,False,False,False,False,False,False,False,False,False,False,False,False,False,False,False
SPYM,2009-08-11,8.607951650594462,8.607951650594462,8.563513647374071,8.567216873168945,51200,2009,8,32,Tuesday,8.5867,8.663501739501953,-1.11,-0.64,-1.15,-1.11,1.15,1,8.5769,8.5769,8.4902,8.4036,8.317,8.2303,8.1437,8.0571,7.9704,7.8838,7.7972,7.7105,7.6239,7.5372,7.4506,7.364,7.2773,7.1907,7.1041,7.0174,6.9308,6.8442,6.7575,6.6709,6.5843,6.4976,True,False,False,False,False,False,False,False,False,False,False,False,False,False,False,False,False,False,False,False,False,False,False,False,False
SPYM,2009-08-12,8.663495997900297,8.724597439193042,8.663495997900297,8.717191696166992,9600,2009,8,32,Wednesday,8.6922,8.567216873168945,1.75,1.12,1.12,1.75,-1.12,0,0.0,8.4815,8.3959,8.3102,8.2245,8.1389,8.0532,7.9675,7.8818,7.7962,7.7105,7.6248,7.5392,7.4535,7.3678,7.2821,7.1965,7.1108,7.0251,6.9394,6.8538,6.7681,6.6824,6.5968,6.5111,6.4254,False,False,False,False,False,False,False,False,False,False,False,False,False,False,False,False,False,False,False,False,False,False,False,False,False
SPYM,2009-08-13,8.670904040304478,8.700529136805196,8.670904040304478,8.694973945617676,3600,2009,8,32,Thursday,8.6843,8.717191696166992,-0.25,-0.53,-0.53,-0.25,0.53,0,0.0,8.63,8.5428,8.4557,8.3685,8.2813,8.1942,8.107,8.0198,7.9326,7.8455,7.7583,7.6711,7.584,7.4968,7.4096,7.3224,7.2353,7.1481,7.0609,6.9738,6.8866,6.7994,6.7122,6.6251,6.5379,False,False,False,False,False,False,False,False,False,False,False,False,False,False,False,False,False,False,False,False,False,False,False,False,False
SPYM,2009-08-14,8.743116287323174,8.743116287323174,8.58943559397282,8.617209434509277,71200,2009,8,32,Friday,8.6732,8.694973945617676,-0.89,0.55,-1.21,-0.89,1.21,1,8.608,8.608,8.5211,8.4341,8.3472,8.2602,8.1733,8.0863,7.9994,7.9124,7.8255,7.7385,7.6516,7.5646,7.4777,7.3907,7.3038,7.2168,7.1299,7.0429,6.956,6.869,6.7821,6.6951,6.6082,6.5212,True,False,False,False,False,False,False,False,False,False,False,False,False,False,False,False,False,False,False,False,False,False,False,False,False
SPYM,2009-08-17,8.467229496330582,8.47463594582159,8.450565338134766,8.450565338134766,33200,2009,8,33,Monday,8.4607,8.617209434509277,-1.93,-1.74,-1.93,-1.93,1.93,1,8.531,8.531,8.4449,8.3587,8.2725,8.1863,8.1002,8.014,7.9278,7.8417,7.7555,7.6693,7.5831,7.497,7.4108,7.3246,7.2385,7.1523,7.0661,6.9799,6.8938,6.8076,6.7214,6.6353,6.5491,6.4629,True,False,False,False,False,False,False,False,False,False,False,False,False,False,False,False,False,False,False,False,False,False,False,False,False
SPYM,2009-08-18,8.450565338134766,8.450565338134766,8.450565338134766,8.450565338134766,0,2009,8,33,Tuesday,8.4506,8.450565338134766,0.0,0.0,0.0,0.0,0.0,0,0.0,8.3661,8.2816,8.197,8.1125,8.028,7.9435,7.859,7.7745,7.69,7.6055,7.521,7.4365,7.352,7.2675,7.183,7.0985,7.014,6.9295,6.845,6.7605,6.6759,6.5914,6.5069,6.4224,6.3379,False,False,False,False,False,False,False,False,False,False,False,False,False,False,False,False,False,False,False,False,False,False,False,False,False
SPYM,2009-08-19,8.495000306748539,8.60424292576624,8.495000306748539,8.587578773498535,26800,2009,8,33,Wednesday,8.5455,8.450565338134766,1.62,0.53,0.53,1.62,-0.53,0,0.0,8.3661,8.2816,8.197,8.1125,8.028,7.9435,7.859,7.7745,7.69,7.6055,7.521,7.4365,7.352,7.2675,7.183,7.0985,7.014,6.9295,6.845,6.7605,6.6759,6.5914,6.5069,6.4224,6.3379,False,False,False,False,False,False,False,False,False,False,False,False,False,False,False,False,False,False,False,False,False,False,False,False,False
SPYM,2009-08-20,8.643128803882167,8.682011604309082,8.643128803882167,8.682011604309082,2000,2009,8,33,Thursday,8.6626,8.587578773498535,1.1,0.65,0.65,1.1,-0.65,0,0.0,8.5017,8.4158,8.33,8.2441,8.1582,8.0723,7.9864,7.9006,7.8147,7.7288,7.6429,7.5571,7.4712,7.3853,7.2994,7.2136,7.1277,7.0418,6.9559,6.8701,6.7842,6.6983,6.6124,6.5266,6.4407,False,False,False,False,False,False,False,False,False,False,False,False,False,False,False,False,False,False,False,False,False,False,False,False,False
SPYM,2009-08-21,8.748671868225607,8.815328528803951,8.748671868225607,8.8134765625,48800,2009,8,33,Friday,8.7815,8.682011604309082,1.51,0.77,0.77,1.51,-0.77,0,0.0,8.5952,8.5084,8.4216,8.3347,8.2479,8.1611,8.0743,7.9875,7.9006,7.8138,7.727,7.6402,7.5534,7.4665,7.3797,7.2929,7.2061,7.1192,7.0324,6.9456,6.8588,6.772,6.6851,6.5983,6.5115,False,False,False,False,False,False,False,False,False,False,False,False,False,False,False,False,False,False,False,False,False,False,False,False,False
SPYM,2009-08-24,8.887537534411548,8.887537534411548,8.820880889892578,8.820880889892578,2000,2009,8,34,Monday,8.8542,8.8134765625,0.08,0.84,0.08,0.08,-0.08,0,0.0,8.7253,8.6372,8.5491,8.4609,8.3728,8.2847,8.1965,8.1084,8.0203,7.9321,7.844,7.7559,7.6677,7.5796,7.4915,7.4033,7.3152,7.2271,7.1389,7.0508,6.9626,6.8745,6.7864,6.6982,6.6101,False,False,False,False,False,False,False,False,False,False,False,False,False,False,False,False,False,False,False,False,False,False,False,False,False
SPYM,2009-08-25,8.906053013651693,8.906053013651693,8.841248334564298,8.843099594116211,18000,2009,8,34,Tuesday,8.8741,8.820880889892578,0.25,0.97,0.23,0.25,-0.23,0,0.0,8.7327,8.6445,8.5563,8.468,8.3798,8.2916,8.2034,8.1152,8.027,7.9388,7.8506,7.7624,7.6742,7.586,7.4977,7.4095,7.3213,7.2331,7.1449,7.0567,6.9685,6.8803,6.7921,6.7039,6.6157,False,False,False,False,False,False,False,False,False,False,False,False,False,False,False,False,False,False,False,False,False,False,False,False,False
SPYM,2009-08-26,8.88198019754437,8.88198019754437,8.830135764944195,8.848651885986328,14000,2009,8,34,Wednesday,8.8607,8.843099594116211,0.06,0.44,-0.15,0.06,0.15,0,0.0,8.7547,8.6662,8.5778,8.4894,8.4009,8.3125,8.2241,8.1357,8.0472,7.9588,7.8704,7.7819,7.6935,7.6051,7.5166,7.4282,7.3398,7.2513,7.1629,7.0745,6.986,6.8976,6.8092,6.7208,6.6323,False,False,False,False,False,False,False,False,False,False,False,False,False,False,False,False,False,False,False,False,False,False,False,False,False
SPYM,2009-08-27,8.852357363470178,8.876427267475,8.746817918778346,8.865318298339844,9600,2009,8,34,Thursday,8.8352,8.848651885986328,0.19,0.04,-1.15,0.19,1.15,1,8.7602,8.7602,8.6717,8.5832,8.4947,8.4062,8.3177,8.2292,8.1408,8.0523,7.9638,7.8753,7.7868,7.6983,7.6098,7.5214,7.4329,7.3444,7.2559,7.1674,7.0789,6.9904,6.9019,6.8135,6.725,6.6365,True,False,False,False,False,False,False,False,False,False,False,False,False,False,False,False,False,False,False,False,False,False,False,False,False
SPYM,2009-08-28,8.943084363627284,8.943084363627284,8.876427720145166,8.878279685974121,4800,2009,8,34,Friday,8.9102,8.865318298339844,0.15,0.88,0.13,0.15,-0.13,0,0.0,8.7767,8.688,8.5994,8.5107,8.4221,8.3334,8.2447,8.1561,8.0674,7.9788,7.8901,7.8015,7.7128,7.6242,7.5355,7.4469,7.3582,7.2696,7.1809,7.0923,7.0036,6.9149,6.8263,6.7376,6.649,False,False,False,False,False,False,False,False,False,False,False,False,False,False,False,False,False,False,False,False,False,False,False,False,False
SPYM,2009-08-31,8.765335207298394,8.789405822753906,8.744967817783586,8.789405822753906,46800,2009,8,35,Monday,8.7723,8.878279685974121,-1.0,-1.27,-1.5,-1.0,1.5,1,8.7895,8.7895,8.7007,8.6119,8.5231,8.4344,8.3456,8.2568,8.168,8.0792,7.9905,7.9017,7.8129,7.7241,7.6353,7.5465,7.4578,7.369,7.2802,7.1914,7.1026,7.0138,6.9251,6.8363,6.7475,6.6587,True,False,False,False,False,False,False,False,False,False,False,False,False,False,False,False,False,False,False,False,False,False,False,False,False
SPYM,2009-09-01,8.84680073789392,8.84680073789392,8.620909690856934,8.620909690856934,9200,2009,9,35,Tuesday,8.7339,8.789405822753906,-1.92,0.65,-1.92,-1.92,1.92,1,8.7015,8.7015,8.6136,8.5257,8.4378,8.3499,8.262,8.1741,8.0863,7.9984,7.9105,7.8226,7.7347,7.6468,7.5589,7.471,7.3831,7.2952,7.2073,7.1194,7.0315,6.9436,6.8557,6.7678,6.6799,6.5921,True,False,False,False,False,False,False,False,False,False,False,False,False,False,False,False,False,False,False,False,False,False,False,False,False
SPYM,2009-09-02,8.561656809704452,8.611648559570312,8.561656809704452,8.611648559570312,10000,2009,9,35,Wednesday,8.5867,8.620909690856934,-0.11,-0.69,-0.69,-0.11,0.69,0,0.0,8.5347,8.4485,8.3623,8.2761,8.1899,8.1037,8.0174,7.9312,7.845,7.7588,7.6726,7.5864,7.5002,7.414,7.3278,7.2416,7.1554,7.0691,6.9829,6.8967,6.8105,6.7243,6.6381,6.5519,6.4657,False,False,False,False,False,False,False,False,False,False,False,False,False,False,False,False,False,False,False,False,False,False,False,False,False
SPYM,2009-09-03,8.606099077898582,8.632020950317383,8.570919494804215,8.632020950317383,124000,2009,9,35,Thursday,8.6103,8.611648559570312,0.24,-0.06,-0.47,0.24,0.47,0,0.0,8.5255,8.4394,8.3533,8.2672,8.1811,8.0949,8.0088,7.9227,7.8366,7.7505,7.6644,7.5783,7.4921,7.406,7.3199,7.2338,7.1477,7.0616,6.9754,6.8893,6.8032,6.7171,6.631,6.5449,6.4587,False,False,False,False,False,False,False,False,False,False,False,False,False,False,False,False,False,False,False,False,False,False,False,False,False
SPYM,2009-09-04,8.65979283516857,8.739410400390625,8.65979283516857,8.739410400390625,2000,2009,9,35,Friday,8.6996,8.632020950317383,1.24,0.32,0.32,1.24,-0.32,0,0.0,8.5457,8.4594,8.3731,8.2867,8.2004,8.1141,8.0278,7.9415,7.8551,7.7688,7.6825,7.5962,7.5099,7.4235,7.3372,7.2509,7.1646,7.0783,6.9919,6.9056,6.8193,6.733,6.6467,6.5603,6.474,False,False,False,False,False,False,False,False,False,False,False,False,False,False,False,False,False,False,False,False,False,False,False,False,False
SPYM,2009-09-08,8.837545109142443,8.848654785408009,8.798662301690005,8.843099594116211,94400,2009,9,36,Tuesday,8.832,8.739410400390625,1.19,1.12,0.68,1.19,-0.68,0,0.0,8.652,8.5646,8.4772,8.3898,8.3024,8.215,8.1277,8.0403,7.9529,7.8655,7.7781,7.6907,7.6033,7.5159,7.4285,7.3411,7.2537,7.1663,7.0789,6.9915,6.9041,6.8167,6.7293,6.642,6.5546,False,False,False,False,False,False,False,False,False,False,False,False,False,False,False,False,False,False,False,False,False,False,False,False,False
SPYM,2009-09-09,8.84680384546673,8.919014983771875,8.839398100082233,8.89309310913086,15200,2009,9,36,Wednesday,8.8746,8.843099594116211,0.57,0.04,-0.04,0.57,0.04,0,0.0,8.7547,8.6662,8.5778,8.4894,8.4009,8.3125,8.2241,8.1357,8.0472,7.9588,7.8704,7.7819,7.6935,7.6051,7.5166,7.4282,7.3398,7.2513,7.1629,7.0745,6.986,6.8976,6.8092,6.7208,6.6323,False,False,False,False,False,False,False,False,False,False,False,False,False,False,False,False,False,False,False,False,False,False,False,False,False
SPYM,2009-09-10,8.915310266203416,8.980114936828613,8.915310266203416,8.980114936828613,800,2009,9,36,Thursday,8.9477,8.89309310913086,0.98,0.25,0.25,0.98,-0.25,0,0.0,8.8042,8.7152,8.6263,8.5374,8.4484,8.3595,8.2706,8.1816,8.0927,8.0038,7.9149,7.8259,7.737,7.6481,7.5591,7.4702,7.3813,7.2923,7.2034,7.1145,7.0255,6.9366,6.8477,6.7588,6.6698,False,False,False,False,False,False,False,False,False,False,False,False,False,False,False,False,False,False,False,False,False,False,False,False,False
SPYM,2009-09-11,9.000483620981043,9.028256752553224,8.996780395507812,8.996780395507812,11600,2009,9,36,Friday,9.0056,8.980114936828613,0.19,0.23,0.19,0.19,-0.19,0,0.0,8.8903,8.8005,8.7107,8.6209,8.5311,8.4413,8.3515,8.2617,8.1719,8.0821,7.9923,7.9025,7.8127,7.7229,7.6331,7.5433,7.4535,7.3637,7.2739,7.1841,7.0943,7.0045,6.9147,6.8249,6.7351,False,False,False,False,False,False,False,False,False,False,False,False,False,False,False,False,False,False,False,False,False,False,False,False,False
SPYM,2009-09-14,8.96345094558615,8.99863052368164,8.96345094558615,8.99863052368164,12400,2009,9,37,Monday,8.981,8.996780395507812,0.02,-0.37,-0.37,0.02,0.37,0,0.0,8.9068,8.8168,8.7269,8.6369,8.5469,8.457,8.367,8.277,8.1871,8.0971,8.0071,7.9172,7.8272,7.7372,7.6473,7.5573,7.4673,7.3774,7.2874,7.1974,7.1075,7.0175,6.9275,6.8376,6.7476,False,False,False,False,False,False,False,False,False,False,False,False,False,False,False,False,False,False,False,False,False,False,False,False,False
SPYM,2009-09-15,9.048619270324709,9.048619270324709,9.048619270324709,9.048619270324709,800,2009,9,37,Tuesday,9.0486,8.99863052368164,0.56,0.56,0.56,0.56,-0.56,0,0.0,8.9086,8.8187,8.7287,8.6387,8.5487,8.4587,8.3687,8.2787,8.1888,8.0988,8.0088,7.9188,7.8288,7.7388,7.6488,7.5588,7.4689,7.3789,7.2889,7.1989,7.1089,7.0189,6.9289,6.839,6.749,False,False,False,False,False,False,False,False,False,False,False,False,False,False,False,False,False,False,False,False,False,False,False,False,False
SPYM,2009-09-16,9.113428153801827,9.213412401254592,9.113428153801827,9.189342498779297,18800,2009,9,37,Wednesday,9.1574,9.048619270324709,1.56,0.72,0.72,1.56,-0.72,0,0.0,8.9581,8.8676,8.7772,8.6867,8.5962,8.5057,8.4152,8.3247,8.2342,8.1438,8.0533,7.9628,7.8723,7.7818,7.6913,7.6008,7.5104,7.4199,7.3294,7.2389,7.1484,7.0579,6.9674,6.877,6.7865,False,False,False,False,False,False,False,False,False,False,False,False,False,False,False,False,False,False,False,False,False,False,False,False,False
SPYM,2009-09-17,9.20785455390217,9.24858930677895,9.18378395390065,9.202300071716309,14000,2009,9,37,Thursday,9.2106,9.189342498779297,0.14,0.2,-0.06,0.14,0.06,0,0.0,9.0974,9.0056,8.9137,8.8218,8.7299,8.638,8.5461,8.4542,8.3623,8.2704,8.1785,8.0866,7.9947,7.9028,7.8109,7.719,7.6272,7.5353,7.4434,7.3515,7.2596,7.1677,7.0758,6.9839,6.892,False,False,False,False,False,False,False,False,False,False,False,False,False,False,False,False,False,False,False,False,False,False,False,False,False
SPYM,2009-09-18,9.235786553928513,9.239506286486026,9.191141957618711,9.230205535888672,21200,2009,9,37,Friday,9.2242,9.202300071716309,0.3,0.36,-0.12,0.3,0.12,0,0.0,9.1103,9.0183,8.9262,8.8342,8.7422,8.6502,8.5581,8.4661,8.3741,8.2821,8.19,8.098,8.006,7.914,7.822,7.7299,7.6379,7.5459,7.4539,7.3618,7.2698,7.1778,7.0858,6.9937,6.9017,False,False,False,False,False,False,False,False,False,False,False,False,False,False,False,False,False,False,False,False,False,False,False,False,False
SPYM,2009-09-21,9.126032841672885,9.181838035583496,9.126032841672885,9.181838035583496,18400,2009,9,38,Monday,9.1539,9.230205535888672,-0.52,-1.13,-1.13,-0.52,1.13,1,9.1379,9.1379,9.0456,8.9533,8.861,8.7687,8.6764,8.5841,8.4918,8.3995,8.3072,8.2149,8.1226,8.0303,7.938,7.8457,7.7534,7.6611,7.5688,7.4765,7.3842,7.2919,7.1996,7.1073,7.015,6.9227,True,False,False,False,False,False,False,False,False,False,False,False,False,False,False,False,False,False,False,False,False,False,False,False,False
SPYM,2009-09-22,9.245089212107516,9.252530097961426,9.215326378293808,9.252530097961426,3600,2009,9,38,Tuesday,9.2414,9.181838035583496,0.77,0.69,0.36,0.77,-0.36,0,0.0,9.09,8.9982,8.9064,8.8146,8.7227,8.6309,8.5391,8.4473,8.3555,8.2637,8.1718,8.08,7.9882,7.8964,7.8046,7.7127,7.6209,7.5291,7.4373,7.3455,7.2537,7.1618,7.07,6.9782,6.8864,False,False,False,False,False,False,False,False,False,False,False,False,False,False,False,False,False,False,False,False,False,False,False,False,False
SPYM,2009-09-23,9.248809543190491,9.248809543190491,9.213465690612791,9.213465690612791,2400,2009,9,38,Wednesday,9.2311,9.252530097961426,-0.42,-0.04,-0.42,-0.42,0.42,0,0.0,9.16,9.0675,8.975,8.8824,8.7899,8.6974,8.6049,8.5123,8.4198,8.3273,8.2348,8.1422,8.0497,7.9572,7.8647,7.7721,7.6796,7.5871,7.4945,7.402,7.3095,7.217,7.1244,7.0319,6.9394,False,False,False,False,False,False,False,False,False,False,False,False,False,False,False,False,False,False,False,False,False,False,False,False,False
SPYM,2009-09-24,9.185561550636631,9.185561550636631,9.046048164367676,9.046048164367676,12800,2009,9,38,Thursday,9.1158,9.213465690612791,-1.82,-0.3,-1.82,-1.82,1.82,1,9.1213,9.1213,9.0292,8.9371,8.8449,8.7528,8.6607,8.5685,8.4764,8.3843,8.2921,8.2,8.1078,8.0157,7.9236,7.8314,7.7393,7.6472,7.555,7.4629,7.3708,7.2786,7.1865,7.0944,7.0022,6.9101,True,False,False,False,False,False,False,False,False,False,False,False,False,False,False,False,False,False,False,False,False,False,False,False,False
SPYM,2009-09-25,9.04790463919955,9.04790463919955,8.999540328979492,8.999540328979492,4000,2009,9,38,Friday,9.0237,9.046048164367676,-0.51,0.02,-0.51,-0.51,0.51,0,0.0,8.9556,8.8651,8.7747,8.6842,8.5937,8.5033,8.4128,8.3224,8.2319,8.1414,8.051,7.9605,7.8701,7.7796,7.6891,7.5987,7.5082,7.4178,7.3273,7.2368,7.1464,7.0559,6.9655,6.875,6.7845,False,False,False,False,False,False,False,False,False,False,False,False,False,False,False,False,False,False,False,False,False,False,False,False,False
SPYM,2009-09-28,9.103715168911704,9.16510141246386,9.103715168911704,9.159521102905272,16400,2009,9,39,Monday,9.133,8.999540328979492,1.78,1.16,1.16,1.78,-1.16,0,0.0,8.9095,8.8195,8.7296,8.6396,8.5496,8.4596,8.3696,8.2796,8.1896,8.0996,8.0096,7.9196,7.8296,7.7396,7.6496,7.5596,7.4696,7.3796,7.2896,7.1996,7.1096,7.0196,6.9296,6.8397,6.7497,False,False,False,False,False,False,False,False,False,False,False,False,False,False,False,False,False,False,False,False,False,False,False,False,False
SPYM,2009-09-29,9.211601370622356,9.211601370622356,9.15393559823332,9.172537803649902,14400,2009,9,39,Tuesday,9.1874,9.159521102905272,0.14,0.57,-0.06,0.14,0.06,0,0.0,9.0679,8.9763,8.8847,8.7931,8.7015,8.6099,8.5184,8.4268,8.3352,8.2436,8.152,8.0604,7.9688,7.8772,7.7856,7.694,7.6024,7.5108,7.4192,7.3276,7.236,7.1444,7.0528,6.9612,6.8696,False,False,False,False,False,False,False,False,False,False,False,False,False,False,False,False,False,False,False,False,False,False,False,False,False
SPYM,2009-09-30,9.142780035129691,9.15952167445204,9.092555117162645,9.107436180114746,3200,2009,9,39,Wednesday,9.1256,9.172537803649902,-0.71,-0.32,-0.87,-0.71,0.87,0,0.0,9.0808,8.9891,8.8974,8.8056,8.7139,8.6222,8.5305,8.4387,8.347,8.2553,8.1636,8.0718,7.9801,7.8884,7.7967,7.7049,7.6132,7.5215,7.4298,7.338,7.2463,7.1546,7.0629,6.9711,6.8794,False,False,False,False,False,False,False,False,False,False,False,False,False,False,False,False,False,False,False,False,False,False,False,False,False
SPYM,2009-10-01,9.090689705689275,9.090689705689275,8.882349967956543,8.882349967956543,183200,2009,10,39,Thursday,8.9865,9.107436180114746,-2.47,-0.18,-2.47,-2.47,2.47,2,17.9416,9.0164,8.9253,8.8342,8.7431,8.6521,8.561,8.4699,8.3788,8.2878,8.1967,8.1056,8.0145,7.9235,7.8324,7.7413,7.6502,7.5592,7.4681,7.377,7.2859,7.1949,7.1038,7.0127,6.9217,6.8306,True,True,False,False,False,False,False,False,False,False,False,False,False,False,False,False,False,False,False,False,False,False,False,False,False
SPYM,2009-10-02,8.800504876719792,8.874911592123484,8.800504876719792,8.832127571105957,5200,2009,10,39,Friday,8.827,8.882349967956543,-0.57,-0.92,-0.92,-0.57,0.92,0,0.0,8.7935,8.7047,8.6159,8.5271,8.4382,8.3494,8.2606,8.1718,8.0829,7.9941,7.9053,7.8165,7.7276,7.6388,7.55,7.4612,7.3724,7.2835,7.1947,7.1059,7.0171,6.9282,6.8394,6.7506,6.6618,False,False,False,False,False,False,False,False,False,False,False,False,False,False,False,False,False,False,False,False,False,False,False,False,False
SPYM,2009-10-05,8.882352536821152,8.980941772460938,8.882352536821152,8.980941772460938,7600,2009,10,40,Monday,8.9316,8.832127571105957,1.68,0.57,0.57,1.68,-0.57,0,0.0,8.7438,8.6555,8.5672,8.4788,8.3905,8.3022,8.2139,8.1256,8.0372,7.9489,7.8606,7.7723,7.684,7.5956,7.5073,7.419,7.3307,7.2423,7.154,7.0657,6.9774,6.8891,6.8007,6.7124,6.6241,False,False,False,False,False,False,False,False,False,False,False,False,False,False,False,False,False,False,False,False,False,False,False,False,False
SPYM,2009-10-06,9.111154916710708,9.152079073967244,9.062790584172667,9.10557460784912,16400,2009,10,40,Tuesday,9.1079,8.980941772460938,1.39,1.45,0.91,1.39,-0.91,0,0.0,8.8911,8.8013,8.7115,8.6217,8.5319,8.4421,8.3523,8.2625,8.1727,8.0828,7.993,7.9032,7.8134,7.7236,7.6338,7.544,7.4542,7.3644,7.2746,7.1848,7.0949,7.0051,6.9153,6.8255,6.7357,False,False,False,False,False,False,False,False,False,False,False,False,False,False,False,False,False,False,False,False,False,False,False,False,False
SPYM,2009-10-07,9.085111853408533,9.118595123291016,9.085111853408533,9.118595123291016,2000,2009,10,40,Wednesday,9.1019,9.10557460784912,0.14,-0.22,-0.22,0.14,0.22,0,0.0,9.0145,8.9235,8.8324,8.7414,8.6503,8.5592,8.4682,8.3771,8.2861,8.195,8.104,8.0129,7.9218,7.8308,7.7397,7.6487,7.5576,7.4666,7.3755,7.2845,7.1934,7.1023,7.0113,6.9202,6.8292,False,False,False,False,False,False,False,False,False,False,False,False,False,False,False,False,False,False,False,False,False,False,False,False,False
SPYM,2009-10-08,9.191146007243802,9.207887649536133,9.191146007243802,9.207887649536133,2400,2009,10,40,Thursday,9.1995,9.118595123291016,0.98,0.8,0.8,0.98,-0.8,0,0.0,9.0274,8.9362,8.845,8.7539,8.6627,8.5715,8.4803,8.3891,8.2979,8.2067,8.1155,8.0244,7.9332,7.842,7.7508,7.6596,7.5684,7.4772,7.3861,7.2949,7.2037,7.1125,7.0213,6.9301,6.8389,False,False,False,False,False,False,False,False,False,False,False,False,False,False,False,False,False,False,False,False,False,False,False,False,False
SPYM,2009-10-09,9.219048409365255,9.23764991760254,9.219048409365255,9.23764991760254,4000,2009,10,40,Friday,9.2283,9.207887649536133,0.32,0.12,0.12,0.32,-0.12,0,0.0,9.1158,9.0237,8.9317,8.8396,8.7475,8.6554,8.5633,8.4713,8.3792,8.2871,8.195,8.1029,8.0109,7.9188,7.8267,7.7346,7.6425,7.5505,7.4584,7.3663,7.2742,7.1822,7.0901,6.998,6.9059,False,False,False,False,False,False,False,False,False,False,False,False,False,False,False,False,False,False,False,False,False,False,False,False,False
SPYM,2009-10-12,9.312053837283278,9.323214454151111,9.26926981688575,9.2860107421875,23600,2009,10,41,Monday,9.2976,9.23764991760254,0.52,0.81,0.34,0.52,-0.34,0,0.0,9.1453,9.0529,8.9605,8.8681,8.7758,8.6834,8.591,8.4986,8.4063,8.3139,8.2215,8.1291,8.0368,7.9444,7.852,7.7596,7.6672,7.5749,7.4825,7.3901,7.2977,7.2054,7.113,7.0206,6.9282,False,False,False,False,False,False,False,False,False,False,False,False,False,False,False,False,False,False,False,False,False,False,False,False,False
SPYM,2009-10-13,9.243228707582698,9.267411231994627,9.243228707582698,9.267411231994627,19600,2009,10,41,Tuesday,9.2553,9.2860107421875,-0.2,-0.46,-0.46,-0.2,0.46,0,0.0,9.1932,9.1003,9.0074,8.9146,8.8217,8.7289,8.636,8.5431,8.4503,8.3574,8.2645,8.1717,8.0788,7.986,7.8931,7.8002,7.7074,7.6145,7.5217,7.4288,7.3359,7.2431,7.1502,7.0574,6.9645,False,False,False,False,False,False,False,False,False,False,False,False,False,False,False,False,False,False,False,False,False,False,False,False,False
SPYM,2009-10-14,9.382735348053613,9.423659481406244,9.343671789635964,9.419939041137695,38000,2009,10,41,Wednesday,9.3925,9.267411231994627,1.65,1.24,0.82,1.65,-0.82,0,0.0,9.1747,9.0821,8.9894,8.8967,8.804,8.7114,8.6187,8.526,8.4333,8.3407,8.248,8.1553,8.0626,7.97,7.8773,7.7846,7.692,7.5993,7.5066,7.4139,7.3213,7.2286,7.1359,7.0432,6.9506,False,False,False,False,False,False,False,False,False,False,False,False,False,False,False,False,False,False,False,False,False,False,False,False,False
SPYM,2009-10-15,9.37343643138312,9.460865020751951,9.37343643138312,9.460865020751951,41200,2009,10,41,Thursday,9.4172,9.419939041137695,0.43,-0.49,-0.49,0.43,0.49,0,0.0,9.3257,9.2315,9.1373,9.0431,8.9489,8.8547,8.7605,8.6663,8.5721,8.4779,8.3837,8.2895,8.1953,8.1011,8.0069,7.9127,7.8185,7.7244,7.6302,7.536,7.4418,7.3476,7.2534,7.1592,7.065,False,False,False,False,False,False,False,False,False,False,False,False,False,False,False,False,False,False,False,False,False,False,False,False,False
SPYM,2009-10-16,9.395763918463468,9.410645691233478,9.34553970936964,9.386463165283203,24000,2009,10,41,Friday,9.3846,9.460865020751951,-0.79,-0.69,-1.22,-0.79,1.22,1,9.3663,9.3663,9.2716,9.177,9.0824,8.9878,8.8932,8.7986,8.704,8.6094,8.5148,8.4202,8.3256,8.231,8.1363,8.0417,7.9471,7.8525,7.7579,7.6633,7.5687,7.4741,7.3795,7.2849,7.1903,7.0956,True,False,False,False,False,False,False,False,False,False,False,False,False,False,False,False,False,False,False,False,False,False,False,False,False
SPYM,2009-10-19,9.419942582964584,9.4850492477417,9.419942582964584,9.4850492477417,4800,2009,10,42,Monday,9.4525,9.386463165283203,1.05,0.36,0.36,1.05,-0.36,0,0.0,9.2926,9.1987,9.1049,9.011,8.9171,8.8233,8.7294,8.6355,8.5417,8.4478,8.354,8.2601,8.1662,8.0724,7.9785,7.8846,7.7908,7.6969,7.603,7.5092,7.4153,7.3214,7.2276,7.1337,7.0398,False,False,False,False,False,False,False,False,False,False,False,False,False,False,False,False,False,False,False,False,False,False,False,False,False
SPYM,2009-10-20,9.48691151251199,9.48691151251199,9.395762442617931,9.418085098266602,20000,2009,10,42,Tuesday,9.4469,9.4850492477417,-0.71,0.02,-0.94,-0.71,0.94,0,0.0,9.3902,9.2953,9.2005,9.1056,9.0108,8.9159,8.8211,8.7262,8.6314,8.5365,8.4417,8.3468,8.252,8.1571,8.0623,7.9674,7.8726,7.7777,7.6829,7.588,7.4932,7.3983,7.3035,7.2086,7.1138,False,False,False,False,False,False,False,False,False,False,False,False,False,False,False,False,False,False,False,False,False,False,False,False,False
SPYM,2009-10-21,9.406924148588146,9.49249220320882,9.328796979482808,9.33437728881836,80800,2009,10,42,Wednesday,9.3906,9.418085098266602,-0.89,-0.12,-0.95,-0.89,0.95,0,0.0,9.3239,9.2297,9.1355,9.0414,8.9472,8.853,8.7588,8.6646,8.5705,8.4763,8.3821,8.2879,8.1937,8.0996,8.0054,7.9112,7.817,7.7228,7.6286,7.5345,7.4403,7.3461,7.2519,7.1577,7.0636,False,False,False,False,False,False,False,False,False,False,False,False,False,False,False,False,False,False,False,False,False,False,False,False,False
SPYM,2009-10-22,9.323216957995092,9.427387237548828,9.323216957995092,9.427387237548828,14400,2009,10,42,Thursday,9.3753,9.33437728881836,1.0,-0.12,-0.12,1.0,0.12,0,0.0,9.241,9.1477,9.0543,8.961,8.8677,8.7743,8.681,8.5876,8.4943,8.4009,8.3076,8.2143,8.1209,8.0276,7.9342,7.8409,7.7475,7.6542,7.5608,7.4675,7.3742,7.2808,7.1875,7.0941,7.0008,False,False,False,False,False,False,False,False,False,False,False,False,False,False,False,False,False,False,False,False,False,False,False,False,False
SPYM,2009-10-23,9.434826998007155,9.434826998007155,9.280431818678302,9.317635536193848,7600,2009,10,42,Friday,9.3669,9.427387237548828,-1.16,0.08,-1.56,-1.16,1.56,1,9.3331,9.3331,9.2388,9.1446,9.0503,8.956,8.8617,8.7675,8.6732,8.5789,8.4846,8.3904,8.2961,8.2018,8.1076,8.0133,7.919,7.8247,7.7305,7.6362,7.5419,7.4476,7.3534,7.2591,7.1648,7.0705,True,False,False,False,False,False,False,False,False,False,False,False,False,False,False,False,False,False,False,False,False,False,False,False,False
SPYM,2009-10-26,9.401340788542862,9.401340788542862,9.204161643981934,9.204161643981934,28000,2009,10,43,Monday,9.3028,9.317635536193848,-1.22,0.9,-1.22,-1.22,1.22,1,9.2245,9.2245,9.1313,9.0381,8.9449,8.8518,8.7586,8.6654,8.5722,8.479,8.3859,8.2927,8.1995,8.1063,8.0132,7.92,7.8268,7.7336,7.6405,7.5473,7.4541,7.3609,7.2678,7.1746,7.0814,6.9882,True,False,False,False,False,False,False,False,False,False,False,False,False,False,False,False,False,False,False,False,False,False,False,False,False
SPYM,2009-10-27,9.23950361434486,9.23950361434486,9.16509692148327,9.172537803649902,43200,2009,10,43,Tuesday,9.2042,9.204161643981934,-0.34,0.38,-0.42,-0.34,0.42,0,0.0,9.1121,9.0201,8.928,8.836,8.744,8.6519,8.5599,8.4678,8.3758,8.2837,8.1917,8.0997,8.0076,7.9156,7.8235,7.7315,7.6395,7.5474,7.4554,7.3633,7.2713,7.1792,7.0872,6.9952,6.9031,False,False,False,False,False,False,False,False,False,False,False,False,False,False,False,False,False,False,False,False,False,False,False,False,False
SPYM,2009-10-28,9.148359786337464,9.148359786337464,8.99024486541748,8.99024486541748,11200,2009,10,43,Wednesday,9.0693,9.172537803649902,-1.99,-0.26,-1.99,-1.99,1.99,1,9.0808,9.0808,8.9891,8.8974,8.8056,8.7139,8.6222,8.5305,8.4387,8.347,8.2553,8.1636,8.0718,7.9801,7.8884,7.7967,7.7049,7.6132,7.5215,7.4298,7.338,7.2463,7.1546,7.0629,6.9711,6.8794,True,False,False,False,False,False,False,False,False,False,False,False,False,False,False,False,False,False,False,False,False,False,False,False,False
SPYM,2009-10-29,9.075813768146167,9.178123474121094,9.060931995116071,9.178123474121094,9600,2009,10,43,Thursday,9.1232,8.99024486541748,2.09,0.95,0.79,2.09,-0.79,0,0.0,8.9003,8.8104,8.7205,8.6306,8.5407,8.4508,8.3609,8.271,8.1811,8.0912,8.0013,7.9114,7.8215,7.7316,7.6417,7.5518,7.4619,7.372,7.2821,7.1922,7.1023,7.0124,6.9225,6.8326,6.7427,False,False,False,False,False,False,False,False,False,False,False,False,False,False,False,False,False,False,False,False,False,False,False,False,False
SPYM,2009-10-30,9.13161851879484,9.148360157774498,8.945600623288408,8.962342262268066,74000,2009,10,43,Friday,9.047,9.178123474121094,-2.35,-0.51,-2.53,-2.35,2.53,2,18.0809,9.0863,8.9946,8.9028,8.811,8.7192,8.6274,8.5357,8.4439,8.3521,8.2603,8.1685,8.0767,7.985,7.8932,7.8014,7.7096,7.6178,7.5261,7.4343,7.3425,7.2507,7.1589,7.0672,6.9754,6.8836,True,True,False,False,False,False,False,False,False,False,False,False,False,False,False,False,False,False,False,False,False,False,False,False,False
SPYM,2009-11-02,8.982801996429211,9.057208709422548,8.895373381320226,8.953039169311523,32400,2009,11,44,Monday,8.9721,8.962342262268066,-0.1,0.23,-0.75,-0.1,0.75,0,0.0,8.8727,8.7831,8.6935,8.6038,8.5142,8.4246,8.335,8.2454,8.1557,8.0661,7.9765,7.8869,7.7972,7.7076,7.618,7.5284,7.4387,7.3491,7.2595,7.1699,7.0803,6.9906,6.901,6.8114,6.7218,False,False,False,False,False,False,False,False,False,False,False,False,False,False,False,False,False,False,False,False,False,False,False,False,False
SPYM,2009-11-03,8.94374112195555,8.995825907752655,8.934439659118652,8.934439659118652,8000,2009,11,44,Tuesday,8.9521,8.953039169311523,-0.21,-0.1,-0.21,-0.21,0.21,0,0.0,8.8635,8.774,8.6844,8.5949,8.5054,8.4159,8.3263,8.2368,8.1473,8.0577,7.9682,7.8787,7.7891,7.6996,7.6101,7.5206,7.431,7.3415,7.252,7.1624,7.0729,6.9834,6.8938,6.8043,6.7148,False,False,False,False,False,False,False,False,False,False,False,False,False,False,False,False,False,False,False,False,False,False,False,False,False
SPYM,2009-11-04,9.075811820369546,9.142778365429177,9.075811820369546,9.085112571716309,54000,2009,11,44,Wednesday,9.0949,8.934439659118652,1.69,1.58,1.58,1.69,-1.58,0,0.0,8.8451,8.7558,8.6664,8.5771,8.4877,8.3984,8.309,8.2197,8.1303,8.041,7.9517,7.8623,7.773,7.6836,7.5943,7.5049,7.4156,7.3262,7.2369,7.1476,7.0582,6.9689,6.8795,6.7902,6.7008,False,False,False,False,False,False,False,False,False,False,False,False,False,False,False,False,False,False,False,False,False,False,False,False,False
SPYM,2009-11-05,9.096271046800954,9.196720123291016,9.096271046800954,9.196720123291016,66800,2009,11,44,Thursday,9.1465,9.085112571716309,1.23,0.12,0.12,1.23,-0.12,0,0.0,8.9943,8.9034,8.8126,8.7217,8.6309,8.54,8.4492,8.3583,8.2675,8.1766,8.0858,7.9949,7.904,7.8132,7.7223,7.6315,7.5406,7.4498,7.3589,7.2681,7.1772,7.0864,6.9955,6.9047,6.8138,False,False,False,False,False,False,False,False,False,False,False,False,False,False,False,False,False,False,False,False,False,False,False,False,False
SPYM,2009-11-06,9.15207837934875,9.23392597804797,9.15207837934875,9.230205535888672,19200,2009,11,44,Friday,9.1921,9.196720123291016,0.36,-0.49,-0.49,0.36,0.49,0,0.0,9.1048,9.0128,8.9208,8.8289,8.7369,8.6449,8.5529,8.461,8.369,8.277,8.1851,8.0931,8.0011,7.9092,7.8172,7.7252,7.6333,7.5413,7.4493,7.3574,7.2654,7.1734,7.0815,6.9895,6.8975,False,False,False,False,False,False,False,False,False,False,False,False,False,False,False,False,False,False,False,False,False,False,False,False,False
SPYM,2009-11-09,9.349256870213535,9.421804428100586,9.349256870213535,9.421804428100586,25200,2009,11,45,Monday,9.3855,9.230205535888672,2.08,1.29,1.29,2.08,-1.29,0,0.0,9.1379,9.0456,8.9533,8.861,8.7687,8.6764,8.5841,8.4918,8.3995,8.3072,8.2149,8.1226,8.0303,7.938,7.8457,7.7534,7.6611,7.5688,7.4765,7.3842,7.2919,7.1996,7.1073,7.015,6.9227,False,False,False,False,False,False,False,False,False,False,False,False,False,False,False,False,False,False,False,False,False,False,False,False,False
SPYM,2009-11-10,9.442268300569662,9.442268300569662,9.395763825526348,9.427387237548828,9200,2009,11,45,Tuesday,9.4269,9.421804428100586,0.06,0.22,-0.28,0.06,0.28,0,0.0,9.3276,9.2334,9.1392,9.0449,8.9507,8.8565,8.7623,8.6681,8.5738,8.4796,8.3854,8.2912,8.197,8.1028,8.0085,7.9143,7.8201,7.7259,7.6317,7.5374,7.4432,7.349,7.2548,7.1606,7.0664,False,False,False,False,False,False,False,False,False,False,False,False,False,False,False,False,False,False,False,False,False,False,False,False,False
SPYM,2009-11-11,9.503654936231454,9.542718526558172,9.45715045928955,9.45715045928955,46000,2009,11,45,Wednesday,9.4902,9.427387237548828,0.32,0.81,0.32,0.32,-0.32,0,0.0,9.3331,9.2388,9.1446,9.0503,8.956,8.8617,8.7675,8.6732,8.5789,8.4846,8.3904,8.2961,8.2018,8.1076,8.0133,7.919,7.8247,7.7305,7.6362,7.5419,7.4476,7.3534,7.2591,7.1648,7.0705,False,False,False,False,False,False,False,False,False,False,False,False,False,False,False,False,False,False,False,False,False,False,False,False,False
SPYM,2009-11-12,9.451565856385916,9.451565856385916,9.388319768086165,9.390179634094238,20400,2009,11,45,Thursday,9.4204,9.45715045928955,-0.71,-0.06,-0.73,-0.71,0.73,0,0.0,9.3626,9.268,9.1734,9.0789,8.9843,8.8897,8.7951,8.7006,8.606,8.5114,8.4169,8.3223,8.2277,8.1331,8.0386,7.944,7.8494,7.7549,7.6603,7.5657,7.4711,7.3766,7.282,7.1874,7.0929,False,False,False,False,False,False,False,False,False,False,False,False,False,False,False,False,False,False,False,False,False,False,False,False,False
SPYM,2009-11-13,9.421804108563173,9.421804108563173,9.406922340393066,9.406922340393066,7200,2009,11,45,Friday,9.4144,9.390179634094238,0.18,0.34,0.18,0.18,-0.18,0,0.0,9.2963,9.2024,9.1085,9.0146,8.9207,8.8268,8.7329,8.639,8.5451,8.4512,8.3573,8.2634,8.1695,8.0756,7.9817,7.8878,7.7938,7.6999,7.606,7.5121,7.4182,7.3243,7.2304,7.1365,7.0426,False,False,False,False,False,False,False,False,False,False,False,False,False,False,False,False,False,False,False,False,False,False,False,False,False
SPYM,2009-11-16,9.50551349134389,9.600383008590708,9.50551349134389,9.576200485229492,17200,2009,11,46,Monday,9.5469,9.406922340393066,1.8,1.05,1.05,1.8,-1.05,0,0.0,9.3129,9.2188,9.1247,9.0306,8.9366,8.8425,8.7484,8.6544,8.5603,8.4662,8.3722,8.2781,8.184,8.09,7.9959,7.9018,7.8077,7.7137,7.6196,7.5255,7.4315,7.3374,7.2433,7.1493,7.0552,False,False,False,False,False,False,False,False,False,False,False,False,False,False,False,False,False,False,False,False,False,False,False,False,False
SPYM,2009-11-17,9.546434007011296,9.572476387023926,9.546434007011296,9.572476387023926,17600,2009,11,46,Tuesday,9.5595,9.576200485229492,-0.04,-0.31,-0.31,-0.04,0.31,0,0.0,9.4804,9.3847,9.2889,9.1932,9.0974,9.0016,8.9059,8.8101,8.7143,8.6186,8.5228,8.4271,8.3313,8.2355,8.1398,8.044,7.9482,7.8525,7.7567,7.661,7.5652,7.4694,7.3737,7.2779,7.1822,False,False,False,False,False,False,False,False,False,False,False,False,False,False,False,False,False,False,False,False,False,False,False,False,False
SPYM,2009-11-18,9.572476387023926,9.572476387023926,9.572476387023926,9.572476387023926,0,2009,11,46,Wednesday,9.5725,9.572476387023926,0.0,0.0,0.0,0.0,0.0,0,0.0,9.4768,9.381,9.2853,9.1896,9.0939,8.9981,8.9024,8.8067,8.711,8.6152,8.5195,8.4238,8.3281,8.2323,8.1366,8.0409,7.9452,7.8494,7.7537,7.658,7.5623,7.4665,7.3708,7.2751,7.1794,False,False,False,False,False,False,False,False,False,False,False,False,False,False,False,False,False,False,False,False,False,False,False,False,False
SPYM,2009-11-19,9.431102394306192,9.43668270111084,9.403199441079805,9.43668270111084,22400,2009,11,46,Thursday,9.4269,9.572476387023926,-1.42,-1.48,-1.77,-1.42,1.77,1,9.4768,9.4768,9.381,9.2853,9.1896,9.0939,8.9981,8.9024,8.8067,8.711,8.6152,8.5195,8.4238,8.3281,8.2323,8.1366,8.0409,7.9452,7.8494,7.7537,7.658,7.5623,7.4665,7.3708,7.2751,7.1794,True,False,False,False,False,False,False,False,False,False,False,False,False,False,False,False,False,False,False,False,False,False,False,False,False
SPYM,2009-11-20,9.436683375544789,9.436683375544789,9.41622130299657,9.423662185668944,6000,2009,11,46,Friday,9.4283,9.43668270111084,-0.14,0.0,-0.22,-0.14,0.22,0,0.0,9.3423,9.2479,9.1536,9.0592,8.9648,8.8705,8.7761,8.6817,8.5874,8.493,8.3986,8.3043,8.2099,8.1155,8.0212,7.9268,7.8324,7.7381,7.6437,7.5493,7.455,7.3606,7.2662,7.1719,7.0775,False,False,False,False,False,False,False,False,False,False,False,False,False,False,False,False,False,False,False,False,False,False,False,False,False
SPYM,2009-11-23,9.54457453650286,9.581777532575364,9.531553345957152,9.54643440246582,28400,2009,11,47,Monday,9.5511,9.423662185668944,1.3,1.28,1.14,1.3,-1.14,0,0.0,9.3294,9.2352,9.141,9.0467,8.9525,8.8582,8.764,8.6698,8.5755,8.4813,8.3871,8.2928,8.1986,8.1043,8.0101,7.9159,7.8216,7.7274,7.6332,7.5389,7.4447,7.3505,7.2562,7.162,7.0677,False,False,False,False,False,False,False,False,False,False,False,False,False,False,False,False,False,False,False,False,False,False,False,False,False
SPYM,2009-11-24,9.486911126555452,9.54643678665981,9.477610375214493,9.53527545928955,26000,2009,11,47,Tuesday,9.5116,9.54643440246582,-0.12,-0.62,-0.72,-0.12,0.72,0,0.0,9.451,9.3555,9.26,9.1646,9.0691,8.9736,8.8782,8.7827,8.6873,8.5918,8.4963,8.4009,8.3054,8.2099,8.1145,8.019,7.9235,7.8281,7.7326,7.6371,7.5417,7.4462,7.3508,7.2553,7.1598,False,False,False,False,False,False,False,False,False,False,False,False,False,False,False,False,False,False,False,False,False,False,False,False,False
SPYM,2009-11-25,9.568757334410009,9.581778526306152,9.568757334410009,9.581778526306152,3200,2009,11,47,Wednesday,9.5753,9.53527545928955,0.49,0.35,0.35,0.49,-0.35,0,0.0,9.4399,9.3446,9.2492,9.1539,9.0585,8.9632,8.8678,8.7725,8.6771,8.5817,8.4864,8.391,8.2957,8.2003,8.105,8.0096,7.9143,7.8189,7.7236,7.6282,7.5329,7.4375,7.3422,7.2468,7.1515,False,False,False,False,False,False,False,False,False,False,False,False,False,False,False,False,False,False,False,False,False,False,False,False,False
SPYM,2009-11-27,9.397620799324589,9.481328964233398,9.397620799324589,9.481328964233398,9600,2009,11,47,Friday,9.4395,9.581778526306152,-1.05,-1.92,-1.92,-1.05,1.92,1,9.486,9.486,9.3901,9.2943,9.1985,9.1027,9.0069,8.9111,8.8152,8.7194,8.6236,8.5278,8.432,8.3361,8.2403,8.1445,8.0487,7.9529,7.8571,7.7612,7.6654,7.5696,7.4738,7.378,7.2822,7.1863,True,False,False,False,False,False,False,False,False,False,False,False,False,False,False,False,False,False,False,False,False,False,False,False,False
SPYM,2009-11-30,9.43668476683588,9.470168034196526,9.401341633333749,9.432964324951172,12400,2009,11,48,Monday,9.4353,9.481328964233398,-0.51,-0.47,-0.84,-0.51,0.84,0,0.0,9.3865,9.2917,9.1969,9.1021,9.0073,8.9124,8.8176,8.7228,8.628,8.5332,8.4384,8.3436,8.2488,8.1539,8.0591,7.9643,7.8695,7.7747,7.6799,7.5851,7.4902,7.3954,7.3006,7.2058,7.111,False,False,False,False,False,False,False,False,False,False,False,False,False,False,False,False,False,False,False,False,False,False,False,False,False
SPYM,2009-12-01,9.468306986689353,9.589218139648438,9.468306986689353,9.589218139648438,16400,2009,12,48,Tuesday,9.5288,9.432964324951172,1.66,0.37,0.37,1.66,-0.37,0,0.0,9.3386,9.2443,9.15,9.0556,8.9613,8.867,8.7727,8.6783,8.584,8.4897,8.3953,8.301,8.2067,8.1123,8.018,7.9237,7.8294,7.735,7.6407,7.5464,7.452,7.3577,7.2634,7.1691,7.0747,False,False,False,False,False,False,False,False,False,False,False,False,False,False,False,False,False,False,False,False,False,False,False,False,False
SPYM,2009-12-02,9.630145681221268,9.630145681221268,9.579920768737791,9.579920768737791,4800,2009,12,48,Wednesday,9.605,9.589218139648438,-0.1,0.43,-0.1,-0.1,0.1,0,0.0,9.4933,9.3974,9.3015,9.2056,9.1098,9.0139,8.918,8.8221,8.7262,8.6303,8.5344,8.4385,8.3426,8.2467,8.1508,8.0549,7.9591,7.8632,7.7673,7.6714,7.5755,7.4796,7.3837,7.2878,7.1919,False,False,False,False,False,False,False,False,False,False,False,False,False,False,False,False,False,False,False,False,False,False,False,False,False
SPYM,2009-12-03,9.589219410133015,9.589219410133015,9.565036892496575,9.581778526306152,8800,2009,12,48,Thursday,9.5813,9.579920768737791,0.02,0.1,-0.16,0.02,0.16,0,0.0,9.4841,9.3883,9.2925,9.1967,9.1009,9.0051,8.9093,8.8135,8.7177,8.6219,8.5261,8.4303,8.3345,8.2387,8.1429,8.0471,7.9513,7.8555,7.7597,7.6639,7.5681,7.4723,7.3765,7.2807,7.1849,False,False,False,False,False,False,False,False,False,False,False,False,False,False,False,False,False,False,False,False,False,False,False,False,False
SPYM,2009-12-04,9.639442992981284,9.648743741691744,9.512950823634426,9.553874969482422,14800,2009,12,48,Friday,9.5888,9.581778526306152,-0.29,0.6,-0.72,-0.29,0.72,0,0.0,9.486,9.3901,9.2943,9.1985,9.1027,9.0069,8.9111,8.8152,8.7194,8.6236,8.5278,8.432,8.3361,8.2403,8.1445,8.0487,7.9529,7.8571,7.7612,7.6654,7.5696,7.4738,7.378,7.2822,7.1863,False,False,False,False,False,False,False,False,False,False,False,False,False,False,False,False,False,False,False,False,False,False,False,False,False
SPYM,2009-12-07,9.568759891265866,9.568759891265866,9.533416748046877,9.533416748046877,4000,2009,12,49,Monday,9.5511,9.553874969482422,-0.21,0.16,-0.21,-0.21,0.21,0,0.0,9.4583,9.3628,9.2673,9.1717,9.0762,8.9806,8.8851,8.7896,8.694,8.5985,8.5029,8.4074,8.3119,8.2163,8.1208,8.0253,7.9297,7.8342,7.7386,7.6431,7.5476,7.452,7.3565,7.2609,7.1654,False,False,False,False,False,False,False,False,False,False,False,False,False,False,False,False,False,False,False,False,False,False,False,False,False
SPYM,2009-12-08,9.470169427673596,9.470169427673596,9.442266464233398,9.442266464233398,2800,2009,12,49,Tuesday,9.4562,9.533416748046877,-0.96,-0.66,-0.96,-0.96,0.96,0,0.0,9.4381,9.3427,9.2474,9.1521,9.0567,8.9614,8.8661,8.7707,8.6754,8.5801,8.4847,8.3894,8.2941,8.1987,8.1034,8.0081,7.9127,7.8174,7.7221,7.6267,7.5314,7.4361,7.3407,7.2454,7.1501,False,False,False,False,False,False,False,False,False,False,False,False,False,False,False,False,False,False,False,False,False,False,False,False,False
SPYM,2009-12-09,9.425524828089646,9.451567925114688,9.425524828089646,9.442266464233398,9200,2009,12,49,Wednesday,9.4362,9.442266464233398,0.0,-0.18,-0.18,0.0,0.18,0,0.0,9.3478,9.2534,9.159,9.0646,8.9702,8.8757,8.7813,8.6869,8.5925,8.498,8.4036,8.3092,8.2148,8.1203,8.0259,7.9315,7.8371,7.7427,7.6482,7.5538,7.4594,7.365,7.2705,7.1761,7.0817,False,False,False,False,False,False,False,False,False,False,False,False,False,False,False,False,False,False,False,False,False,False,False,False,False
SPYM,2009-12-10,9.537136438575724,9.553878075538076,9.52411524422744,9.531556129455566,10800,2009,12,49,Thursday,9.5367,9.442266464233398,0.95,1.0,0.87,0.95,-0.87,0,0.0,9.3478,9.2534,9.159,9.0646,8.9702,8.8757,8.7813,8.6869,8.5925,8.498,8.4036,8.3092,8.2148,8.1203,8.0259,7.9315,7.8371,7.7427,7.6482,7.5538,7.4594,7.365,7.2705,7.1761,7.0817,False,False,False,False,False,False,False,False,False,False,False,False,False,False,False,False,False,False,False,False,False,False,False,False,False
SPYM,2009-12-11,9.570620696292396,9.570620696292396,9.5631798102994,9.566900253295898,16800,2009,12,49,Friday,9.5678,9.531556129455566,0.37,0.41,0.33,0.37,-0.33,0,0.0,9.4362,9.3409,9.2456,9.1503,9.055,8.9597,8.8643,8.769,8.6737,8.5784,8.4831,8.3878,8.2925,8.1971,8.1018,8.0065,7.9112,7.8159,7.7206,7.6252,7.5299,7.4346,7.3393,7.244,7.1487,False,False,False,False,False,False,False,False,False,False,False,False,False,False,False,False,False,False,False,False,False,False,False,False,False
SPYM,2009-12-14,9.637585639953612,9.637585639953612,9.637585639953612,9.637585639953612,400,2009,12,50,Monday,9.6376,9.566900253295898,0.74,0.74,0.74,0.74,-0.74,0,0.0,9.4712,9.3756,9.2799,9.1842,9.0886,8.9929,8.8972,8.8015,8.7059,8.6102,8.5145,8.4189,8.3232,8.2275,8.1319,8.0362,7.9405,7.8449,7.7492,7.6535,7.5579,7.4622,7.3665,7.2708,7.1752,False,False,False,False,False,False,False,False,False,False,False,False,False,False,False,False,False,False,False,False,False,False,False,False,False
SPYM,2009-12-15,9.600381809318174,9.635724947044984,9.600381809318174,9.620843887329102,8000,2009,12,50,Tuesday,9.6143,9.637585639953612,-0.17,-0.39,-0.39,-0.17,0.39,0,0.0,9.5412,9.4448,9.3485,9.2521,9.1557,9.0593,8.963,8.8666,8.7702,8.6738,8.5775,8.4811,8.3847,8.2883,8.1919,8.0956,7.9992,7.9028,7.8064,7.7101,7.6137,7.5173,7.4209,7.3246,7.2282,False,False,False,False,False,False,False,False,False,False,False,False,False,False,False,False,False,False,False,False,False,False,False,False,False
SPYM,2009-12-16,9.65618702505591,9.665487776078564,9.607822693977022,9.620843887329102,16400,2009,12,50,Wednesday,9.6376,9.620843887329102,0.0,0.37,-0.14,0.0,0.14,0,0.0,9.5246,9.4284,9.3322,9.236,9.1398,9.0436,8.9474,8.8512,8.755,8.6588,8.5626,8.4663,8.3701,8.2739,8.1777,8.0815,7.9853,7.8891,7.7929,7.6967,7.6005,7.5043,7.408,7.3118,7.2156,False,False,False,False,False,False,False,False,False,False,False,False,False,False,False,False,False,False,False,False,False,False,False,False,False
SPYM,2009-12-17,9.57061987232064,9.57061987232064,9.527835845947266,9.527835845947266,3200,2009,12,50,Thursday,9.5492,9.620843887329102,-0.97,-0.52,-0.97,-0.97,0.97,0,0.0,9.5246,9.4284,9.3322,9.236,9.1398,9.0436,8.9474,8.8512,8.755,8.6588,8.5626,8.4663,8.3701,8.2739,8.1777,8.0815,7.9853,7.8891,7.7929,7.6967,7.6005,7.5043,7.408,7.3118,7.2156,False,False,False,False,False,False,False,False,False,False,False,False,False,False,False,False,False,False,False,False,False,False,False,False,False
SPYM,2009-12-18,9.54928401766748,9.564208030700684,9.52876456717099,9.564208030700684,32000,2009,12,50,Friday,9.5516,9.527835845947266,0.38,0.23,0.01,0.38,-0.01,0,0.0,9.4326,9.3373,9.242,9.1467,9.0514,8.9562,8.8609,8.7656,8.6703,8.5751,8.4798,8.3845,8.2892,8.1939,8.0987,8.0034,7.9081,7.8128,7.7175,7.6223,7.527,7.4317,7.3364,7.2412,7.1459,False,False,False,False,False,False,False,False,False,False,False,False,False,False,False,False,False,False,False,False,False,False,False,False,False
SPYM,2009-12-21,9.592190432745948,9.66680908203125,9.592190432745948,9.66680908203125,3200,2009,12,51,Monday,9.6295,9.564208030700684,1.07,0.29,0.29,1.07,-0.29,0,0.0,9.4686,9.3729,9.2773,9.1816,9.086,8.9904,8.8947,8.7991,8.7034,8.6078,8.5121,8.4165,8.3209,8.2252,8.1296,8.0339,7.9383,7.8427,7.747,7.6514,7.5557,7.4601,7.3644,7.2688,7.1732,False,False,False,False,False,False,False,False,False,False,False,False,False,False,False,False,False,False,False,False,False,False,False,False,False
SPYM,2009-12-22,9.6929218668305,9.69851872603973,9.676132712434654,9.689190864562988,6000,2009,12,51,Tuesday,9.6892,9.66680908203125,0.23,0.27,0.1,0.23,-0.1,0,0.0,9.5701,9.4735,9.3768,9.2801,9.1835,9.0868,8.9901,8.8935,8.7968,8.7001,8.6035,8.5068,8.4101,8.3135,8.2168,8.1201,8.0235,7.9268,7.8301,7.7334,7.6368,7.5401,7.4434,7.3468,7.2501,False,False,False,False,False,False,False,False,False,False,False,False,False,False,False,False,False,False,False,False,False,False,False,False,False
SPYM,2009-12-23,9.70785619297973,9.724645365218365,9.7022593278224,9.719048500061035,7600,2009,12,51,Wednesday,9.7135,9.689190864562988,0.31,0.19,0.13,0.31,-0.13,0,0.0,9.5923,9.4954,9.3985,9.3016,9.2047,9.1078,9.0109,8.9141,8.8172,8.7203,8.6234,8.5265,8.4296,8.3327,8.2358,8.1389,8.042,7.9451,7.8482,7.7514,7.6545,7.5576,7.4607,7.3638,7.2669,False,False,False,False,False,False,False,False,False,False,False,False,False,False,False,False,False,False,False,False,False,False,False,False,False
SPYM,2009-12-24,9.719048500061035,9.719048500061035,9.719048500061035,9.719048500061035,0,2009,12,51,Thursday,9.719,9.719048500061035,0.0,0.0,0.0,0.0,0.0,0,0.0,9.6219,9.5247,9.4275,9.3303,9.2331,9.1359,9.0387,8.9415,8.8443,8.7471,8.65,8.5528,8.4556,8.3584,8.2612,8.164,8.0668,7.9696,7.8724,7.7752,7.678,7.5809,7.4837,7.3865,7.2893,False,False,False,False,False,False,False,False,False,False,False,False,False,False,False,False,False,False,False,False,False,False,False,False,False
SPYM,2009-12-28,9.793663949173853,9.793663949173853,9.77687478251061,9.77873992919922,4400,2009,12,52,Monday,9.7857,9.719048500061035,0.61,0.77,0.59,0.61,-0.59,0,0.0,9.6219,9.5247,9.4275,9.3303,9.2331,9.1359,9.0387,8.9415,8.8443,8.7471,8.65,8.5528,8.4556,8.3584,8.2612,8.164,8.0668,7.9696,7.8724,7.7752,7.678,7.5809,7.4837,7.3865,7.2893,False,False,False,False,False,False,False,False,False,False,False,False,False,False,False,False,False,False,False,False,False,False,False,False,False
SPYM,2009-12-29,9.797392307446776,9.797392307446776,9.769410133361816,9.769410133361816,2800,2009,12,52,Tuesday,9.7834,9.77873992919922,-0.1,0.19,-0.1,-0.1,0.1,0,0.0,9.681,9.5832,9.4854,9.3876,9.2898,9.192,9.0942,8.9964,8.8987,8.8009,8.7031,8.6053,8.5075,8.4097,8.3119,8.2141,8.1164,8.0186,7.9208,7.823,7.7252,7.6274,7.5296,7.4318,7.3341,False,False,False,False,False,False,False,False,False,False,False,False,False,False,False,False,False,False,False,False,False,False,False,False,False
SPYM,2009-12-30,9.74889132799442,9.74889132799442,9.735833168029783,9.735833168029783,4400,2009,12,52,Wednesday,9.7424,9.769410133361816,-0.34,-0.21,-0.34,-0.34,0.34,0,0.0,9.6717,9.574,9.4763,9.3786,9.2809,9.1832,9.0856,8.9879,8.8902,8.7925,8.6948,8.5971,8.4994,8.4017,8.304,8.2063,8.1086,8.0109,7.9132,7.8155,7.7178,7.6201,7.5224,7.4248,7.3271,False,False,False,False,False,False,False,False,False,False,False,False,False,False,False,False,False,False,False,False,False,False,False,False,False
SPYM,2009-12-31,9.73583135644071,9.73583135644071,9.668675422668455,9.668675422668455,2800,2009,12,52,Thursday,9.7023,9.735833168029783,-0.69,-0.0,-0.69,-0.69,0.69,0,0.0,9.6385,9.5411,9.4438,9.3464,9.249,9.1517,9.0543,8.957,8.8596,8.7622,8.6649,8.5675,8.4702,8.3728,8.2755,8.1781,8.0807,7.9834,7.886,7.7887,7.6913,7.5939,7.4966,7.3992,7.3019,False,False,False,False,False,False,False,False,False,False,False,False,False,False,False,False,False,False,False,False,False,False,False,False,False
