Symbol,Date,Open,High,Low,Close,Volume,Year,Month,Week,Weekday,avg_daily_price,Previous_Close,Daily_Gain_Loss_Pct,Open_vs_PrevClose_Pct,Low_vs_PrevClose_Pct,Close_vs_PrevClose_Pct,mx_percent_decline,Shares_Purchased,Total_Value_Purchased,BOD99-1,BOD98-2,BOD97-3,BOD96-4,BOD95-5,BOD94-6,BOD93-7,BOD92-8,BOD91-9,BOD90-10,BOD89-11,BOD88-12,BOD87-13,BOD86-14,BOD85-15,BOD84-16,BOD83-17,BOD82-18,BOD81-19,BOD80-20,BOD79-21,BOD78-22,BOD77-23,BOD76-24,BOD75-25,BOD99-1_Executed,BOD98-2_Executed,BOD97-3_Executed,BOD96-4_Executed,BOD95-5_Executed,BOD94-6_Executed,BOD93-7_Executed,BOD92-8_Executed,BOD91-9_Executed,BOD90-10_Executed,BOD89-11_Executed,BOD88-12_Executed,BOD87-13_Executed,BOD86-14_Executed,BOD85-15_Executed,BOD84-16_Executed,BOD83-17_Executed,BOD82-18_Executed,BOD81-19_Executed,BOD80-20_Executed,BOD79-21_Executed,BOD78-22_Executed,BOD77-23_Executed,BOD76-24_Executed,BOD75-25_Executed
SPYM,2025-01-02,67.94832759890349,68.14433881769816,66.92905281100411,67.39948272705078,11112000,2025,1,1,Thursday,67.6053,67.56610870361328,-0.25,0.57,-0.94,-0.25,0.94,0,0.0,66.8904,66.2148,65.5391,64.8635,64.1878,63.5121,62.8365,62.1608,61.4852,60.8095,60.1338,59.4582,58.7825,58.1069,57.4312,56.7555,56.0799,55.4042,54.7285,54.0529,53.3772,52.7016,52.0259,51.3502,50.6746,False,False,False,False,False,False,False,False,False,False,False,False,False,False,False,False,False,False,False,False,False,False,False,False,False
SPYM,2025-01-03,67.7327140374387,68.3207551995228,67.61510281408225,68.24234771728516,5382000,2025,1,1,Friday,67.9777,67.39948272705078,1.25,0.49,0.32,1.25,-0.32,0,0.0,66.7255,66.0515,65.3775,64.7035,64.0295,63.3555,62.6815,62.0075,61.3335,60.6595,59.9855,59.3115,58.6375,57.9636,57.2896,56.6156,55.9416,55.2676,54.5936,53.9196,53.2456,52.5716,51.8976,51.2236,50.5496,False,False,False,False,False,False,False,False,False,False,False,False,False,False,False,False,False,False,False,False,False,False,False,False,False
SPYM,2025-01-06,68.73238213839463,69.14401767471898,68.43836530084745,68.6343765258789,6362200,2025,1,1,Monday,68.7373,68.24234771728516,0.57,0.72,0.29,0.57,-0.29,0,0.0,67.5599,66.8775,66.1951,65.5127,64.8302,64.1478,63.4654,62.783,62.1005,61.4181,60.7357,60.0533,59.3708,58.6884,58.006,57.3236,56.6411,55.9587,55.2763,54.5939,53.9115,53.229,52.5466,51.8642,51.1818,False,False,False,False,False,False,False,False,False,False,False,False,False,False,False,False,False,False,False,False,False,False,False,False,False
SPYM,2025-01-07,68.87940033833627,68.91860408225152,67.65431138104557,67.8895263671875,8444900,2025,1,1,Tuesday,68.3355,68.6343765258789,-1.09,0.36,-1.43,-1.09,1.43,1,67.948,67.948,67.2617,66.5753,65.889,65.2027,64.5163,63.83,63.1436,62.4573,61.7709,61.0846,60.3983,59.7119,59.0256,58.3392,57.6529,56.9665,56.2802,55.5938,54.9075,54.2212,53.5348,52.8485,52.1621,51.4758,True,False,False,False,False,False,False,False,False,False,False,False,False,False,False,False,False,False,False,False,False,False,False,False,False
SPYM,2025-01-08,67.88953201019298,68.0855507460624,67.46810107476148,67.9483413696289,8777400,2025,1,1,Wednesday,67.8479,67.8895263671875,0.09,0.0,-0.62,0.09,0.62,0,0.0,67.2106,66.5317,65.8528,65.1739,64.4951,63.8162,63.1373,62.4584,61.7795,61.1006,60.4217,59.7428,59.0639,58.385,57.7061,57.0272,56.3483,55.6694,54.9905,54.3116,53.6327,52.9538,52.2749,51.596,50.9171,False,False,False,False,False,False,False,False,False,False,False,False,False,False,False,False,False,False,False,False,False,False,False,False,False
SPYM,2025-01-10,67.54650501749089,67.54650501749089,66.70364319094587,66.9388656616211,8750400,2025,1,1,Friday,67.1839,67.9483413696289,-1.49,-0.59,-1.83,-1.49,1.83,1,67.2689,67.2689,66.5894,65.9099,65.2304,64.5509,63.8714,63.192,62.5125,61.833,61.1535,60.474,59.7945,59.1151,58.4356,57.7561,57.0766,56.3971,55.7176,55.0382,54.3587,53.6792,52.9997,52.3202,51.6407,50.9613,True,False,False,False,False,False,False,False,False,False,False,False,False,False,False,False,False,False,False,False,False,False,False,False,False
SPYM,2025-01-13,66.38022034467936,67.07606994361477,66.33121379766801,67.04666900634766,10792700,2025,1,2,Monday,66.7085,66.9388656616211,0.16,-0.83,-0.91,0.16,0.91,0,0.0,66.2695,65.6001,64.9307,64.2613,63.5919,62.9225,62.2531,61.5838,60.9144,60.245,59.5756,58.9062,58.2368,57.5674,56.898,56.2286,55.5593,54.8899,54.2205,53.5511,52.8817,52.2123,51.5429,50.8735,50.2041,False,False,False,False,False,False,False,False,False,False,False,False,False,False,False,False,False,False,False,False,False,False,False,False,False
SPYM,2025-01-14,67.3700779670746,67.44848544108041,66.68403126289444,67.11526489257812,7405900,2025,1,2,Tuesday,67.1545,67.04666900634766,0.1,0.48,-0.54,0.1,0.54,0,0.0,66.3762,65.7057,65.0353,64.3648,63.6943,63.0239,62.3534,61.6829,61.0125,60.342,59.6715,59.0011,58.3306,57.6601,56.9897,56.3192,55.6487,54.9783,54.3078,53.6373,52.9669,52.2964,51.6259,50.9555,50.285,False,False,False,False,False,False,False,False,False,False,False,False,False,False,False,False,False,False,False,False,False,False,False,False,False
SPYM,2025-01-15,68.06592779080003,68.47756329256718,67.92871844932708,68.33055114746094,6905600,2025,1,2,Wednesday,68.2007,67.11526489257812,1.81,1.42,1.21,1.81,-1.21,0,0.0,66.4441,65.773,65.1018,64.4307,63.7595,63.0883,62.4172,61.746,61.0749,60.4037,59.7326,59.0614,58.3903,57.7191,57.048,56.3768,55.7057,55.0345,54.3634,53.6922,53.0211,52.3499,51.6788,51.0076,50.3364,False,False,False,False,False,False,False,False,False,False,False,False,False,False,False,False,False,False,False,False,False,False,False,False,False
SPYM,2025-01-16,68.5167711428464,68.5167711428464,68.1345365516851,68.21294403076172,4115200,2025,1,2,Thursday,68.3453,68.33055114746094,-0.17,0.27,-0.29,-0.17,0.29,0,0.0,67.6472,66.9639,66.2806,65.5973,64.914,64.2307,63.5474,62.8641,62.1808,61.4975,60.8142,60.1309,59.4476,58.7643,58.081,57.3977,56.7144,56.0311,55.3477,54.6644,53.9811,53.2978,52.6145,51.9312,51.2479,False,False,False,False,False,False,False,False,False,False,False,False,False,False,False,False,False,False,False,False,False,False,False,False,False
SPYM,2025-01-17,68.82060124732544,69.10482279420549,68.67358907102889,68.88920593261719,3979500,2025,1,2,Friday,68.8721,68.21294403076172,0.99,0.89,0.68,0.99,-0.68,0,0.0,67.5308,66.8487,66.1666,65.4844,64.8023,64.1202,63.438,62.7559,62.0738,61.3916,60.7095,60.0274,59.3453,58.6631,57.981,57.2989,56.6167,55.9346,55.2525,54.5704,53.8882,53.2061,52.524,51.8418,51.1597,False,False,False,False,False,False,False,False,False,False,False,False,False,False,False,False,False,False,False,False,False,False,False,False,False
SPYM,2025-01-21,69.25182640994278,69.5262451171875,69.02640677050664,69.5262451171875,12447500,2025,1,3,Tuesday,69.3327,68.88920593261719,0.92,0.53,0.2,0.92,-0.2,0,0.0,68.2003,67.5114,66.8225,66.1336,65.4447,64.7559,64.067,63.3781,62.6892,62.0003,61.3114,60.6225,59.9336,59.2447,58.5558,57.8669,57.178,56.4891,55.8003,55.1114,54.4225,53.7336,53.0447,52.3558,51.6669,False,False,False,False,False,False,False,False,False,False,False,False,False,False,False,False,False,False,False,False,False,False,False,False,False
SPYM,2025-01-22,69.85946442514717,70.08488406048018,69.80066255390761,69.91826629638672,8732400,2025,1,3,Wednesday,69.9158,69.5262451171875,0.56,0.48,0.39,0.56,-0.39,0,0.0,68.831,68.1357,67.4405,66.7452,66.0499,65.3547,64.6594,63.9641,63.2689,62.5736,61.8784,61.1831,60.4878,59.7926,59.0973,58.402,57.7068,57.0115,56.3163,55.621,54.9257,54.2305,53.5352,52.8399,52.1447,False,False,False,False,False,False,False,False,False,False,False,False,False,False,False,False,False,False,False,False,False,False,False,False,False
SPYM,2025-01-23,69.84967486504159,70.3005142211914,69.81047859501577,70.3005142211914,5222700,2025,1,3,Thursday,70.0653,69.91826629638672,0.55,-0.1,-0.15,0.55,0.15,0,0.0,69.2191,68.5199,67.8207,67.1215,66.4224,65.7232,65.024,64.3248,63.6256,62.9264,62.2273,61.5281,60.8289,60.1297,59.4305,58.7313,58.0322,57.333,56.6338,55.9346,55.2354,54.5362,53.8371,53.1379,52.4387,False,False,False,False,False,False,False,False,False,False,False,False,False,False,False,False,False,False,False,False,False,False,False,False,False
SPYM,2025-01-24,70.3201072628185,70.41811288548489,69.96728103933972,70.08489227294922,9425900,2025,1,3,Friday,70.1976,70.3005142211914,-0.31,0.03,-0.47,-0.31,0.47,0,0.0,69.5975,68.8945,68.1915,67.4885,66.7855,66.0825,65.3795,64.6765,63.9735,63.2705,62.5675,61.8645,61.1614,60.4584,59.7554,59.0524,58.3494,57.6464,56.9434,56.2404,55.5374,54.8344,54.1314,53.4284,52.7254,False,False,False,False,False,False,False,False,False,False,False,False,False,False,False,False,False,False,False,False,False,False,False,False,False
SPYM,2025-01-27,68.57557416101133,69.13421437342005,68.56577135662552,69.11460876464844,9045400,2025,1,4,Monday,68.8475,70.08489227294922,-1.38,-2.15,-2.17,-1.38,2.17,2,138.0672,69.384,68.6832,67.9823,67.2815,66.5806,65.8798,65.1789,64.4781,63.7773,63.0764,62.3756,61.6747,60.9739,60.273,59.5722,58.8713,58.1705,57.4696,56.7688,56.0679,55.3671,54.6662,53.9654,53.2645,52.5637,True,True,False,False,False,False,False,False,False,False,False,False,False,False,False,False,False,False,False,False,False,False,False,False,False
SPYM,2025-01-28,69.23222218698938,69.8006652218618,68.8597978593225,69.7026596069336,4712400,2025,1,4,Tuesday,69.3988,69.11460876464844,0.85,0.17,-0.37,0.85,0.37,0,0.0,68.4235,67.7323,67.0412,66.35,65.6589,64.9677,64.2766,63.5854,62.8943,62.2031,61.512,60.8209,60.1297,59.4386,58.7474,58.0563,57.3651,56.674,55.9828,55.2917,54.6005,53.9094,53.2182,52.5271,51.836,False,False,False,False,False,False,False,False,False,False,False,False,False,False,False,False,False,False,False,False,False,False,False,False,False
SPYM,2025-01-29,69.60464745073958,69.6536539975373,69.09501375984952,69.3890380859375,4662500,2025,1,4,Wednesday,69.4356,69.7026596069336,-0.45,-0.14,-0.87,-0.45,0.87,0,0.0,69.0056,68.3086,67.6116,66.9146,66.2175,65.5205,64.8235,64.1264,63.4294,62.7324,62.0354,61.3383,60.6413,59.9443,59.2473,58.5502,57.8532,57.1562,56.4592,55.7621,55.0651,54.3681,53.671,52.974,52.277,False,False,False,False,False,False,False,False,False,False,False,False,False,False,False,False,False,False,False,False,False,False,False,False,False
SPYM,2025-01-30,69.62424821830952,69.93787065489587,69.26161923833362,69.74185943603516,6473500,2025,1,4,Thursday,69.6414,69.3890380859375,0.51,0.34,-0.18,0.51,0.18,0,0.0,68.6951,68.0013,67.3074,66.6135,65.9196,65.2257,64.5318,63.8379,63.144,62.4501,61.7562,61.0624,60.3685,59.6746,58.9807,58.2868,57.5929,56.899,56.2051,55.5112,54.8173,54.1234,53.4296,52.7357,52.0418,False,False,False,False,False,False,False,False,False,False,False,False,False,False,False,False,False,False,False,False,False,False,False,False,False
SPYM,2025-01-31,70.04568393987155,70.32990546113014,69.30082779717142,69.3890380859375,7291800,2025,1,4,Friday,69.7664,69.74185943603516,-0.51,0.44,-0.63,-0.51,0.63,0,0.0,69.0444,68.347,67.6496,66.9522,66.2548,65.5573,64.8599,64.1625,63.4651,62.7677,62.0703,61.3728,60.6754,59.978,59.2806,58.5832,57.8857,57.1883,56.4909,55.7935,55.0961,54.3987,53.7012,53.0038,52.3064,False,False,False,False,False,False,False,False,False,False,False,False,False,False,False,False,False,False,False,False,False,False,False,False,False
SPYM,2025-02-03,68.33055984473056,69.20282254541003,68.08554206414982,68.90879821777344,10211700,2025,2,5,Monday,68.6319,69.3890380859375,-0.69,-1.53,-1.88,-0.69,1.88,1,68.6951,68.6951,68.0013,67.3074,66.6135,65.9196,65.2257,64.5318,63.8379,63.144,62.4501,61.7562,61.0624,60.3685,59.6746,58.9807,58.2868,57.5929,56.899,56.2051,55.5112,54.8173,54.1234,53.4296,52.7357,52.0418,True,False,False,False,False,False,False,False,False,False,False,False,False,False,False,False,False,False,False,False,False,False,False,False,False
SPYM,2025-02-04,68.91860727768466,69.43804382328382,68.86960072618099,69.37924194335938,5342200,2025,2,5,Tuesday,69.1514,68.90879821777344,0.68,0.01,-0.06,0.68,0.06,0,0.0,68.2197,67.5306,66.8415,66.1524,65.4634,64.7743,64.0852,63.3961,62.707,62.0179,61.3288,60.6397,59.9507,59.2616,58.5725,57.8834,57.1943,56.5052,55.8161,55.127,54.438,53.7489,53.0598,52.3707,51.6816,False,False,False,False,False,False,False,False,False,False,False,False,False,False,False,False,False,False,False,False,False,False,False,False,False
SPYM,2025-02-05,69.26162782337178,69.68305872577287,69.01661003075138,69.67325592041016,11551200,2025,2,5,Wednesday,69.4086,69.37924194335938,0.42,-0.17,-0.52,0.42,0.52,0,0.0,68.6854,67.9917,67.2979,66.6041,65.9103,65.2165,64.5227,63.8289,63.1351,62.4413,61.7475,61.0537,60.3599,59.6661,58.9724,58.2786,57.5848,56.891,56.1972,55.5034,54.8096,54.1158,53.422,52.7282,52.0344,False,False,False,False,False,False,False,False,False,False,False,False,False,False,False,False,False,False,False,False,False,False,False,False,False
SPYM,2025-02-06,69.85947885820732,69.92808354794356,69.48705446783205,69.90848541259766,4584400,2025,2,5,Thursday,69.7958,69.67325592041016,0.34,0.27,-0.27,0.34,0.27,0,0.0,68.9765,68.2798,67.5831,66.8863,66.1896,65.4929,64.7961,64.0994,63.4027,62.7059,62.0092,61.3125,60.6157,59.919,59.2223,58.5255,57.8288,57.1321,56.4353,55.7386,55.0419,54.3451,53.6484,52.9517,52.2549,False,False,False,False,False,False,False,False,False,False,False,False,False,False,False,False,False,False,False,False,False,False,False,False,False
SPYM,2025-02-07,69.97707570471617,70.11428505595815,69.18321305556027,69.27142333984375,5876100,2025,2,5,Friday,69.6365,69.90848541259766,-0.91,0.1,-1.04,-0.91,1.04,1,69.2094,69.2094,68.5103,67.8112,67.1121,66.4131,65.714,65.0149,64.3158,63.6167,62.9176,62.2186,61.5195,60.8204,60.1213,59.4222,58.7231,58.024,57.325,56.6259,55.9268,55.2277,54.5286,53.8295,53.1304,52.4314,True,False,False,False,False,False,False,False,False,False,False,False,False,False,False,False,False,False,False,False,False,False,False,False,False
SPYM,2025-02-10,69.6438530023988,69.81047077943113,69.49684831288413,69.73206329345703,4843300,2025,2,6,Monday,69.6708,69.27142333984375,0.66,0.54,0.33,0.66,-0.33,0,0.0,68.5787,67.886,67.1933,66.5006,65.8079,65.1151,64.4224,63.7297,63.037,62.3443,61.6516,60.9589,60.2661,59.5734,58.8807,58.188,57.4953,56.8026,56.1099,55.4171,54.7244,54.0317,53.339,52.6463,51.9536,False,False,False,False,False,False,False,False,False,False,False,False,False,False,False,False,False,False,False,False,False,False,False,False,False
SPYM,2025-02-11,69.47723961716675,69.8496639429799,69.46743681251797,69.78105926513672,3029600,2025,2,6,Tuesday,69.6438,69.73206329345703,0.07,-0.37,-0.38,0.07,0.38,0,0.0,69.0347,68.3374,67.6401,66.9428,66.2455,65.5481,64.8508,64.1535,63.4562,62.7589,62.0615,61.3642,60.6669,59.9696,59.2723,58.5749,57.8776,57.1803,56.483,55.7857,55.0883,54.391,53.6937,52.9964,52.299,False,False,False,False,False,False,False,False,False,False,False,False,False,False,False,False,False,False,False,False,False,False,False,False,False
SPYM,2025-02-12,69.09501514001572,69.69285913161373,69.01660765451285,69.5654525756836,7367800,2025,2,6,Wednesday,69.3425,69.78105926513672,-0.31,-0.98,-1.1,-0.31,1.1,1,69.0832,69.0832,68.3854,67.6876,66.9898,66.292,65.5942,64.8964,64.1986,63.5008,62.803,62.1051,61.4073,60.7095,60.0117,59.3139,58.6161,57.9183,57.2205,56.5227,55.8248,55.127,54.4292,53.7314,53.0336,52.3358,True,False,False,False,False,False,False,False,False,False,False,False,False,False,False,False,False,False,False,False,False,False,False,False,False
SPYM,2025-02-13,69.69286735288752,70.32011235620432,69.55565797574636,70.3005142211914,6285100,2025,2,6,Thursday,69.9673,69.5654525756836,1.06,0.18,-0.01,1.06,0.01,0,0.0,68.8698,68.1741,67.4785,66.7828,66.0872,65.3915,64.6959,64.0002,63.3046,62.6089,61.9133,61.2176,60.5219,59.8263,59.1306,58.435,57.7393,57.0437,56.348,55.6524,54.9567,54.2611,53.5654,52.8697,52.1741,False,False,False,False,False,False,False,False,False,False,False,False,False,False,False,False,False,False,False,False,False,False,False,False,False
SPYM,2025-02-14,70.32990656240645,70.44751031280379,70.23190094462555,70.29070281982422,3909500,2025,2,6,Friday,70.325,70.3005142211914,-0.01,0.04,-0.1,-0.01,0.1,0,0.0,69.5975,68.8945,68.1915,67.4885,66.7855,66.0825,65.3795,64.6765,63.9735,63.2705,62.5675,61.8645,61.1614,60.4584,59.7554,59.0524,58.3494,57.6464,56.9434,56.2404,55.5374,54.8344,54.1314,53.4284,52.7254,False,False,False,False,False,False,False,False,False,False,False,False,False,False,False,False,False,False,False,False,False,False,False,False,False
SPYM,2025-02-18,70.43771149441466,70.49651336669922,70.1436871782939,70.49651336669922,6477100,2025,2,7,Tuesday,70.3936,70.29070281982422,0.29,0.21,-0.21,0.29,0.21,0,0.0,69.5878,68.8849,68.182,67.4791,66.7762,66.0733,65.3704,64.6674,63.9645,63.2616,62.5587,61.8558,61.1529,60.45,59.7471,59.0442,58.3413,57.6384,56.9355,56.2326,55.5297,54.8267,54.1238,53.4209,52.718,False,False,False,False,False,False,False,False,False,False,False,False,False,False,False,False,False,False,False,False,False,False,False,False,False
SPYM,2025-02-19,70.33969123577558,70.70232019172221,70.28088936948355,70.66311645507812,3591300,2025,2,7,Wednesday,70.4965,70.49651336669922,0.24,-0.22,-0.31,0.24,0.31,0,0.0,69.7915,69.0866,68.3816,67.6767,66.9717,66.2667,65.5618,64.8568,64.1518,63.4469,62.7419,62.0369,61.332,60.627,59.922,59.2171,58.5121,57.8071,57.1022,56.3972,55.6922,54.9873,54.2823,53.5774,52.8724,False,False,False,False,False,False,False,False,False,False,False,False,False,False,False,False,False,False,False,False,False,False,False,False,False
SPYM,2025-02-20,70.50631946739976,70.52591759996119,69.99667829261102,70.36911010742188,4717300,2025,2,7,Thursday,70.3495,70.66311645507812,-0.42,-0.22,-0.94,-0.42,0.94,0,0.0,69.9565,69.2499,68.5432,67.8366,67.13,66.4233,65.7167,65.0101,64.3034,63.5968,62.8902,62.1835,61.4769,60.7703,60.0636,59.357,58.6504,57.9438,57.2371,56.5305,55.8239,55.1172,54.4106,53.704,52.9973,False,False,False,False,False,False,False,False,False,False,False,False,False,False,False,False,False,False,False,False,False,False,False,False,False
SPYM,2025-02-21,70.35930979342231,70.35930979342231,69.1244180325526,69.18321990966797,7551300,2025,2,7,Friday,69.7566,70.36911010742188,-1.69,-0.01,-1.77,-1.69,1.77,1,69.6654,69.6654,68.9617,68.258,67.5543,66.8507,66.147,65.4433,64.7396,64.0359,63.3322,62.6285,61.9248,61.2211,60.5174,59.8137,59.1101,58.4064,57.7027,56.999,56.2953,55.5916,54.8879,54.1842,53.4805,52.7768,True,False,False,False,False,False,False,False,False,False,False,False,False,False,False,False,False,False,False,False,False,False,False,False,False
SPYM,2025-02-24,69.4086243261281,69.52623553188224,68.7715767136521,68.85978698730469,6318500,2025,2,8,Monday,69.1416,69.18321990966797,-0.47,0.33,-0.6,-0.47,0.6,0,0.0,68.4914,67.7996,67.1077,66.4159,65.7241,65.0322,64.3404,63.6486,62.9567,62.2649,61.5731,60.8812,60.1894,59.4976,58.8057,58.1139,57.4221,56.7302,56.0384,55.3466,54.6547,53.9629,53.2711,52.5792,51.8874,False,False,False,False,False,False,False,False,False,False,False,False,False,False,False,False,False,False,False,False,False,False,False,False,False
SPYM,2025-02-25,68.85000530379853,68.92841279835267,67.97774248959678,68.51678466796875,11745400,2025,2,8,Tuesday,68.5682,68.85978698730469,-0.5,-0.01,-1.28,-0.5,1.28,1,68.1712,68.1712,67.4826,66.794,66.1054,65.4168,64.7282,64.0396,63.351,62.6624,61.9738,61.2852,60.5966,59.908,59.2194,58.5308,57.8422,57.1536,56.465,55.7764,55.0878,54.3992,53.7106,53.022,52.3334,51.6448,True,False,False,False,False,False,False,False,False,False,False,False,False,False,False,False,False,False,False,False,False,False,False,False,False
SPYM,2025-02-26,68.71278144273309,69.12440948634811,68.24234405192401,68.52656555175781,6603400,2025,2,8,Wednesday,68.6515,68.51678466796875,0.01,0.29,-0.4,0.01,0.4,0,0.0,67.8316,67.1464,66.4613,65.7761,65.0909,64.4058,63.7206,63.0354,62.3503,61.6651,60.9799,60.2948,59.6096,58.9244,58.2393,57.5541,56.8689,56.1838,55.4986,54.8134,54.1283,53.4431,52.7579,52.0728,51.3876,False,False,False,False,False,False,False,False,False,False,False,False,False,False,False,False,False,False,False,False,False,False,False,False,False
SPYM,2025-02-27,68.82059600315591,68.94800255831787,67.40929118201103,67.45829772949219,11242900,2025,2,8,Thursday,68.159,68.52656555175781,-1.56,0.43,-1.63,-1.56,1.63,1,67.8413,67.8413,67.156,66.4708,65.7855,65.1002,64.415,63.7297,63.0444,62.3592,61.6739,60.9886,60.3034,59.6181,58.9328,58.2476,57.5623,56.877,56.1918,55.5065,54.8213,54.136,53.4507,52.7655,52.0802,51.3949,True,False,False,False,False,False,False,False,False,False,False,False,False,False,False,False,False,False,False,False,False,False,False,False,False
SPYM,2025-02-28,67.50730309590509,68.5657818104861,67.15447685771142,68.49717712402344,8674800,2025,2,8,Friday,67.9312,67.45829772949219,1.54,0.07,-0.45,1.54,0.45,0,0.0,66.7837,66.1091,65.4345,64.76,64.0854,63.4108,62.7362,62.0616,61.3871,60.7125,60.0379,59.3633,58.6887,58.0141,57.3396,56.665,55.9904,55.3158,54.6412,53.9666,53.2921,52.6175,51.9429,51.2683,50.5937,False,False,False,False,False,False,False,False,False,False,False,False,False,False,False,False,False,False,False,False,False,False,False,False,False
SPYM,2025-03-03,68.72258580727288,68.86959048522431,66.86044928728354,67.33087921142578,11575700,2025,3,9,Monday,67.9459,68.49717712402344,-1.7,0.33,-2.39,-1.7,2.39,2,134.9394,67.8122,67.1272,66.4423,65.7573,65.0723,64.3873,63.7024,63.0174,62.3324,61.6475,60.9625,60.2775,59.5925,58.9076,58.2226,57.5376,56.8527,56.1677,55.4827,54.7977,54.1128,53.4278,52.7428,52.0579,51.3729,True,True,False,False,False,False,False,False,False,False,False,False,False,False,False,False,False,False,False,False,False,False,False,False,False
SPYM,2025-03-04,66.84085097062899,67.48770153357846,65.98819383609515,66.5174331665039,15305800,2025,3,9,Tuesday,66.7085,67.33087921142578,-1.21,-0.73,-1.99,-1.21,1.99,1,66.6576,66.6576,65.9843,65.311,64.6376,63.9643,63.291,62.6177,61.9444,61.2711,60.5978,59.9245,59.2512,58.5779,57.9046,57.2312,56.5579,55.8846,55.2113,54.538,53.8647,53.1914,52.5181,51.8448,51.1715,50.4982,True,False,False,False,False,False,False,False,False,False,False,False,False,False,False,False,False,False,False,False,False,False,False,False,False
SPYM,2025-03-05,66.47822814046529,67.42889835579336,66.07639537837838,67.23287963867188,13822900,2025,3,9,Wednesday,66.8041,66.5174331665039,1.08,-0.06,-0.66,1.08,0.66,0,0.0,65.8523,65.1871,64.5219,63.8567,63.1916,62.5264,61.8612,61.196,60.5309,59.8657,59.2005,58.5353,57.8702,57.205,56.5398,55.8746,55.2095,54.5443,53.8791,53.2139,52.5488,51.8836,51.2184,50.5532,49.8881,False,False,False,False,False,False,False,False,False,False,False,False,False,False,False,False,False,False,False,False,False,False,False,False,False
SPYM,2025-03-06,66.35080908277267,66.88004836291724,65.73336699461181,66.04698944091797,11780700,2025,3,9,Thursday,66.2528,67.23287963867188,-1.76,-1.31,-2.23,-1.76,2.23,2,132.4488,66.5606,65.8882,65.2159,64.5436,63.8712,63.1989,62.5266,61.8542,61.1819,60.5096,59.8373,59.1649,58.4926,57.8203,57.1479,56.4756,55.8033,55.131,54.4586,53.7863,53.114,52.4416,51.7693,51.097,50.4247,True,True,False,False,False,False,False,False,False,False,False,False,False,False,False,False,False,False,False,False,False,False,False,False,False
SPYM,2025-03-07,65.82158004838588,66.55663338883323,65.2237360666341,66.39981842041016,12978500,2025,3,9,Friday,66.0004,66.04698944091797,0.53,-0.34,-1.25,0.53,1.25,1,65.3865,65.3865,64.726,64.0656,63.4051,62.7446,62.0842,61.4237,60.7632,60.1028,59.4423,58.7818,58.1214,57.4609,56.8004,56.1399,55.4795,54.819,54.1585,53.4981,52.8376,52.1771,51.5167,50.8562,50.1957,49.5352,True,False,False,False,False,False,False,False,False,False,False,False,False,False,False,False,False,False,False,False,False,False,False,False,False
SPYM,2025-03-10,65.43935454281515,65.65497141574095,64.04765515237628,64.63569641113281,14440300,2025,3,10,Monday,64.9444,66.39981842041016,-2.66,-1.45,-3.54,-2.66,3.54,3,195.2155,65.7358,65.0718,64.4078,63.7438,63.0798,62.4158,61.7518,61.0878,60.4238,59.7598,59.0958,58.4318,57.7678,57.1038,56.4398,55.7758,55.1118,54.4479,53.7839,53.1199,52.4559,51.7919,51.1279,50.4639,49.7999,True,True,True,False,False,False,False,False,False,False,False,False,False,False,False,False,False,False,False,False,False,False,False,False,False
SPYM,2025-03-11,64.48868088517068,64.88070334033846,63.645819147331714,64.11624908447266,14192400,2025,3,10,Tuesday,64.2829,64.63569641113281,-0.8,-0.23,-1.53,-0.8,1.53,1,63.9893,63.9893,63.343,62.6966,62.0503,61.4039,60.7576,60.1112,59.4648,58.8185,58.1721,57.5258,56.8794,56.2331,55.5867,54.9403,54.294,53.6476,53.0013,52.3549,51.7086,51.0622,50.4158,49.7695,49.1231,48.4768,True,False,False,False,False,False,False,False,False,False,False,False,False,False,False,False,False,False,False,False,False,False,False,False,False
SPYM,2025-03-12,64.81210637449715,64.91991480570039,63.84183797101798,64.43968200683594,13500200,2025,3,10,Wednesday,64.5034,64.11624908447266,0.5,1.09,-0.43,0.5,0.43,0,0.0,63.4751,62.8339,62.1928,61.5516,60.9104,60.2693,59.6281,58.9869,58.3458,57.7046,57.0635,56.4223,55.7811,55.14,54.4988,53.8576,53.2165,52.5753,51.9342,51.293,50.6518,50.0107,49.3695,48.7283,48.0872,False,False,False,False,False,False,False,False,False,False,False,False,False,False,False,False,False,False,False,False,False,False,False,False,False
SPYM,2025-03-13,64.39066742214251,64.44947677195725,63.38119539895252,63.58700942993164,10597900,2025,3,10,Thursday,63.9521,64.43968200683594,-1.32,-0.08,-1.64,-1.32,1.64,1,63.7953,63.7953,63.1509,62.5065,61.8621,61.2177,60.5733,59.9289,59.2845,58.6401,57.9957,57.3513,56.7069,56.0625,55.4181,54.7737,54.1293,53.4849,52.8405,52.1961,51.5517,50.9073,50.263,49.6186,48.9742,48.3298,True,False,False,False,False,False,False,False,False,False,False,False,False,False,False,False,False,False,False,False,False,False,False,False,False
SPYM,2025-03-14,64.11625249063214,64.99831801631719,64.05745061470294,64.88070678710938,5710500,2025,3,10,Friday,64.5132,63.58700942993164,2.03,0.83,0.74,2.03,-0.74,0,0.0,62.9511,62.3153,61.6794,61.0435,60.4077,59.7718,59.1359,58.5,57.8642,57.2283,56.5924,55.9566,55.3207,54.6848,54.049,53.4131,52.7772,52.1413,51.5055,50.8696,50.2337,49.5979,48.962,48.3261,47.6903,False,False,False,False,False,False,False,False,False,False,False,False,False,False,False,False,False,False,False,False,False,False,False,False,False
SPYM,2025-03-17,64.87091189440251,65.68436526715958,64.84151095624074,65.37074279785156,8364900,2025,3,11,Monday,65.1919,64.88070678710938,0.76,-0.02,-0.06,0.76,0.06,0,0.0,64.2319,63.5831,62.9343,62.2855,61.6367,60.9879,60.3391,59.6903,59.0414,58.3926,57.7438,57.095,56.4462,55.7974,55.1486,54.4998,53.851,53.2022,52.5534,51.9046,51.2558,50.607,49.9581,49.3093,48.6605,False,False,False,False,False,False,False,False,False,False,False,False,False,False,False,False,False,False,False,False,False,False,False,False,False
SPYM,2025-03-18,65.1257223591878,65.13552516395922,64.45927370436642,64.69449615478516,7941500,2025,3,11,Tuesday,64.8538,65.37074279785156,-1.03,-0.37,-1.39,-1.03,1.39,1,64.717,64.717,64.0633,63.4096,62.7559,62.1022,61.4485,60.7948,60.1411,59.4874,58.8337,58.18,57.5263,56.8725,56.2188,55.5651,54.9114,54.2577,53.604,52.9503,52.2966,51.6429,50.9892,50.3355,49.6818,49.0281,True,False,False,False,False,False,False,False,False,False,False,False,False,False,False,False,False,False,False,False,False,False,False,False,False
SPYM,2025-03-19,64.89051002739386,65.82158210749698,64.74349785923553,65.37074279785156,17009100,2025,3,11,Wednesday,65.2066,64.69449615478516,1.05,0.3,0.08,1.05,-0.08,0,0.0,64.0476,63.4006,62.7537,62.1067,61.4598,60.8128,60.1659,59.5189,58.872,58.225,57.5781,56.9312,56.2842,55.6373,54.9903,54.3434,53.6964,53.0495,52.4025,51.7556,51.1087,50.4617,49.8148,49.1678,48.5209,False,False,False,False,False,False,False,False,False,False,False,False,False,False,False,False,False,False,False,False,False,False,False,False,False
SPYM,2025-03-20,64.9493066291426,65.7725702175618,64.88070195322007,65.23352813720703,8442700,2025,3,11,Thursday,65.209,65.37074279785156,-0.21,-0.64,-0.75,-0.21,0.75,0,0.0,64.717,64.0633,63.4096,62.7559,62.1022,61.4485,60.7948,60.1411,59.4874,58.8337,58.18,57.5263,56.8725,56.2188,55.5651,54.9114,54.2577,53.604,52.9503,52.2966,51.6429,50.9892,50.3355,49.6818,49.0281,False,False,False,False,False,False,False,False,False,False,False,False,False,False,False,False,False,False,False,False,False,False,False,False,False
SPYM,2025-03-21,64.66509355744974,65.32173939063938,64.5278767262208,65.24333190917969,6516600,2025,3,11,Friday,64.9395,65.23352813720703,0.02,-0.87,-1.08,0.02,1.08,1,64.5812,64.5812,63.9289,63.2765,62.6242,61.9719,61.3195,60.6672,60.0148,59.3625,58.7102,58.0578,57.4055,56.7532,56.1008,55.4485,54.7962,54.1438,53.4915,52.8392,52.1868,51.5345,50.8822,50.2298,49.5775,48.9251,True,False,False,False,False,False,False,False,False,False,False,False,False,False,False,False,False,False,False,False,False,False,False,False,False
SPYM,2025-03-24,66.00778670452823,66.50762505627058,65.94898483162291,66.38021850585938,7825500,2025,3,12,Monday,66.2112,65.24333190917969,1.74,1.17,1.08,1.74,-1.08,0,0.0,64.5909,63.9385,63.286,62.6336,61.9812,61.3287,60.6763,60.0239,59.3714,58.719,58.0666,57.4141,56.7617,56.1093,55.4568,54.8044,54.152,53.4995,52.8471,52.1947,51.5422,50.8898,50.2374,49.5849,48.9325,False,False,False,False,False,False,False,False,False,False,False,False,False,False,False,False,False,False,False,False,False,False,False,False,False
SPYM,2025-03-25,66.53702448406581,66.65463570455877,66.35080858762248,66.5272216796875,9865100,2025,3,12,Tuesday,66.5174,66.38021850585938,0.22,0.24,-0.04,0.22,0.04,0,0.0,65.7164,65.0526,64.3888,63.725,63.0612,62.3974,61.7336,61.0698,60.406,59.7422,59.0784,58.4146,57.7508,57.087,56.4232,55.7594,55.0956,54.4318,53.768,53.1042,52.4404,51.7766,51.1128,50.449,49.7852,False,False,False,False,False,False,False,False,False,False,False,False,False,False,False,False,False,False,False,False,False,False,False,False,False
SPYM,2025-03-26,66.49781050765634,66.63501983843591,65.58634425185046,65.7725601196289,6739100,2025,3,12,Wednesday,66.1229,66.5272216796875,-1.13,-0.04,-1.41,-1.13,1.41,1,65.8619,65.8619,65.1967,64.5314,63.8661,63.2009,62.5356,61.8703,61.205,60.5398,59.8745,59.2092,58.544,57.8787,57.2134,56.5481,55.8829,55.2176,54.5523,53.887,53.2218,52.5565,51.8912,51.226,50.5607,49.8954,True,False,False,False,False,False,False,False,False,False,False,False,False,False,False,False,False,False,False,False,False,False,False,False,False
SPYM,2025-03-27,65.59615147443796,66.01758229804103,65.3217327943891,65.57655334472656,21847900,2025,3,12,Thursday,65.628,65.7725601196289,-0.3,-0.27,-0.69,-0.3,0.69,0,0.0,65.1148,64.4571,63.7994,63.1417,62.4839,61.8262,61.1685,60.5108,59.853,59.1953,58.5376,57.8799,57.2221,56.5644,55.9067,55.249,54.5912,53.9335,53.2758,52.618,51.9603,51.3026,50.6449,49.9871,49.3294,False,False,False,False,False,False,False,False,False,False,False,False,False,False,False,False,False,False,False,False,False,False,False,False,False
SPYM,2025-03-28,65.38678443500875,65.48510892630478,64.18720613683487,64.27570343017578,11661900,2025,3,12,Friday,64.8337,65.57655334472656,-1.98,-0.29,-2.12,-1.98,2.12,2,129.1858,64.9208,64.265,63.6093,62.9535,62.2977,61.642,60.9862,60.3304,59.6747,59.0189,58.3631,57.7074,57.0516,56.3958,55.7401,55.0843,54.4285,53.7728,53.117,52.4612,51.8055,51.1497,50.4939,49.8382,49.1824,True,True,False,False,False,False,False,False,False,False,False,False,False,False,False,False,False,False,False,False,False,False,False,False,False
SPYM,2025-03-31,63.57758018450453,64.82631678882862,63.24326796259246,64.65916442871094,12796000,2025,3,13,Monday,64.0766,64.27570343017578,0.6,-1.09,-1.61,0.6,1.61,1,63.6329,63.6329,62.9902,62.3474,61.7047,61.0619,60.4192,59.7764,59.1336,58.4909,57.8481,57.2054,56.5626,55.9199,55.2771,54.6343,53.9916,53.3488,52.7061,52.0633,51.4206,50.7778,50.135,49.4923,48.8495,48.2068,True,False,False,False,False,False,False,False,False,False,False,False,False,False,False,False,False,False,False,False,False,False,False,False,False
SPYM,2025-04-01,64.45269329013621,65.09180626191576,64.02005650779348,64.88532257080078,9564100,2025,4,13,Tuesday,64.6125,64.65916442871094,0.35,-0.32,-0.99,0.35,0.99,0,0.0,64.0126,63.366,62.7194,62.0728,61.4262,60.7796,60.133,59.4864,58.8398,58.1932,57.5467,56.9001,56.2535,55.6069,54.9603,54.3137,53.6671,53.0205,52.3739,51.7273,51.0807,50.4341,49.7876,49.141,48.4944,False,False,False,False,False,False,False,False,False,False,False,False,False,False,False,False,False,False,False,False,False,False,False,False,False
SPYM,2025-04-02,64.18722138062479,65.60311839691728,64.16755947836722,65.27864074707031,17441200,2025,4,13,Wednesday,64.8091,64.88532257080078,0.61,-1.08,-1.11,0.61,1.11,1,64.2365,64.2365,63.5876,62.9388,62.2899,61.6411,60.9922,60.3433,59.6945,59.0456,58.3968,57.7479,57.0991,56.4502,55.8014,55.1525,54.5037,53.8548,53.206,52.5571,51.9083,51.2594,50.6106,49.9617,49.3128,48.664,True,False,False,False,False,False,False,False,False,False,False,False,False,False,False,False,False,False,False,False,False,False,False,False,False
SPYM,2025-04-03,63.0368050101028,63.36128264041205,62.10270717384114,62.18136978149414,13124000,2025,4,13,Thursday,62.6705,65.27864074707031,-4.74,-3.43,-4.87,-4.74,4.87,4,254.5867,64.6259,63.9731,63.3203,62.6675,62.0147,61.3619,60.7091,60.0563,59.4036,58.7508,58.098,57.4452,56.7924,56.1396,55.4868,54.8341,54.1813,53.5285,52.8757,52.2229,51.5701,50.9173,50.2646,49.6118,48.959,True,True,True,True,False,False,False,False,False,False,False,False,False,False,False,False,False,False,False,False,False,False,False,False,False
SPYM,2025-04-04,60.54915211493727,60.80479806251832,58.40564503205616,58.45480728149414,24547800,2025,4,13,Friday,59.5536,62.18136978149414,-5.99,-2.62,-6.07,-5.99,6.07,6,360.0301,61.5596,60.9377,60.3159,59.6941,59.0723,58.4505,57.8287,57.2069,56.585,55.9632,55.3414,54.7196,54.0978,53.476,52.8542,52.2324,51.6105,50.9887,50.3669,49.7451,49.1233,48.5015,47.8797,47.2578,46.636,True,True,True,True,True,True,False,False,False,False,False,False,False,False,False,False,False,False,False,False,False,False,False,False,False
SPYM,2025-04-07,56.54727831303853,60.49015282966672,55.72133980151544,58.33681488037109,61068800,2025,4,14,Monday,57.7739,58.45480728149414,-0.2,-3.26,-4.68,-0.2,4.68,4,227.9737,57.8703,57.2857,56.7012,56.1166,55.5321,54.9475,54.363,53.7784,53.1939,52.6093,52.0248,51.4402,50.8557,50.2711,49.6866,49.102,48.5175,47.9329,47.3484,46.7638,46.1793,45.5947,45.0102,44.4257,43.8411,True,True,True,True,False,False,False,False,False,False,False,False,False,False,False,False,False,False,False,False,False,False,False,False,False
SPYM,2025-04-08,60.352504063101385,60.7064782879446,56.57678524950628,57.432220458984375,35064400,2025,4,14,Tuesday,58.767,58.33681488037109,-1.55,3.46,-3.02,-1.55,3.02,3,171.5102,57.7534,57.1701,56.5867,56.0033,55.42,54.8366,54.2532,53.6699,53.0865,52.5031,51.9198,51.3364,50.753,50.1697,49.5863,49.0029,48.4196,47.8362,47.2528,46.6695,46.0861,45.5027,44.9193,44.336,43.7526,True,True,True,False,False,False,False,False,False,False,False,False,False,False,False,False,False,False,False,False,False,False,False,False,False
SPYM,2025-04-09,57.06840928057748,63.17445276428608,57.019247032485154,62.85980987548828,36759700,2025,4,14,Wednesday,60.0305,57.432220458984375,9.45,-0.63,-0.72,9.45,0.72,0,0.0,56.8579,56.2836,55.7093,55.1349,54.5606,53.9863,53.412,52.8376,52.2633,51.689,51.1147,50.5404,49.966,49.3917,48.8174,48.2431,47.6687,47.0944,46.5201,45.9458,45.3715,44.7971,44.2228,43.6485,43.0742,False,False,False,False,False,False,False,False,False,False,False,False,False,False,False,False,False,False,False,False,False,False,False,False,False
SPYM,2025-04-10,61.54224173474658,61.689732230731806,58.92677036192767,60.66714096069336,27605900,2025,4,14,Thursday,60.7065,62.85980987548828,-3.49,-2.1,-6.26,-3.49,6.26,6,363.9583,62.2312,61.6026,60.974,60.3454,59.7168,59.0882,58.4596,57.831,57.2024,56.5738,55.9452,55.3166,54.688,54.0594,53.4308,52.8022,52.1736,51.545,50.9164,50.2878,49.6592,49.0307,48.4021,47.7735,47.1449,True,True,True,True,True,True,False,False,False,False,False,False,False,False,False,False,False,False,False,False,False,False,False,False,False
SPYM,2025-04-11,60.48031961882187,62.03387218504034,60.146011076144426,61.74872589111328,12817200,2025,4,14,Friday,61.1022,60.66714096069336,1.78,-0.31,-0.86,1.78,0.86,0,0.0,60.0605,59.4538,58.8471,58.2405,57.6338,57.0271,56.4204,55.8138,55.2071,54.6004,53.9938,53.3871,52.7804,52.1737,51.5671,50.9604,50.3537,49.7471,49.1404,48.5337,47.927,47.3204,46.7137,46.107,45.5004,False,False,False,False,False,False,False,False,False,False,False,False,False,False,False,False,False,False,False,False,False,False,False,False,False
SPYM,2025-04-14,62.90897381224923,62.9483013612753,61.7388957725514,62.31901931762695,11503600,2025,4,15,Monday,62.4788,61.74872589111328,0.92,1.88,-0.02,0.92,0.02,0,0.0,61.1312,60.5138,59.8963,59.2788,58.6613,58.0438,57.4263,56.8088,56.1913,55.5739,54.9564,54.3389,53.7214,53.1039,52.4864,51.8689,51.2514,50.634,50.0165,49.399,48.7815,48.164,47.5465,46.929,46.3115,False,False,False,False,False,False,False,False,False,False,False,False,False,False,False,False,False,False,False,False,False,False,False,False,False
SPYM,2025-04-15,62.41734716354732,62.82048363168633,62.0732076483699,62.16170120239258,8413600,2025,4,15,Tuesday,62.3682,62.31901931762695,-0.25,0.16,-0.39,-0.25,0.39,0,0.0,61.6958,61.0726,60.4494,59.8263,59.2031,58.5799,57.9567,57.3335,56.7103,56.0871,55.4639,54.8407,54.2175,53.5944,52.9712,52.348,51.7248,51.1016,50.4784,49.8552,49.232,48.6088,47.9856,47.3625,46.7393,False,False,False,False,False,False,False,False,False,False,False,False,False,False,False,False,False,False,False,False,False,False,False,False,False
SPYM,2025-04-16,61.48325050915744,61.87655603450155,60.165681875345975,60.79497146606445,9793300,2025,4,15,Wednesday,61.0801,62.16170120239258,-2.2,-1.09,-3.21,-2.2,3.21,3,182.7554,61.5401,60.9185,60.2969,59.6752,59.0536,58.432,57.8104,57.1888,56.5671,55.9455,55.3239,54.7023,54.0807,53.4591,52.8374,52.2158,51.5942,50.9726,50.351,49.7294,49.1077,48.4861,47.8645,47.2429,46.6213,True,True,True,False,False,False,False,False,False,False,False,False,False,False,False,False,False,False,False,False,False,False,False,False,False
SPYM,2025-04-17,61.00145108402399,61.4242531825928,60.58847993505108,60.88345718383789,20003800,2025,4,15,Thursday,60.9744,60.79497146606445,0.15,0.34,-0.34,0.15,0.34,0,0.0,60.187,59.5791,58.9711,58.3632,57.7552,57.1473,56.5393,55.9314,55.3234,54.7155,54.1075,53.4996,52.8916,52.2837,51.6757,51.0678,50.4598,49.8519,49.2439,48.636,48.028,47.4201,46.8121,46.2042,45.5962,False,False,False,False,False,False,False,False,False,False,False,False,False,False,False,False,False,False,False,False,False,False,False,False,False
SPYM,2025-04-21,60.26400646741335,60.32299966703992,58.80878211347631,59.447898864746094,9368100,2025,4,16,Monday,59.7109,60.88345718383789,-2.36,-1.02,-3.41,-2.36,3.41,3,178.9974,60.2746,59.6658,59.057,58.4481,57.8393,57.2304,56.6216,56.0128,55.4039,54.7951,54.1863,53.5774,52.9686,52.3598,51.7509,51.1421,50.5333,49.9244,49.3156,48.7068,48.0979,47.4891,46.8803,46.2714,45.6626,True,True,True,False,False,False,False,False,False,False,False,False,False,False,False,False,False,False,False,False,False,False,False,False,False
SPYM,2025-04-22,60.14601756338653,61.19810930448514,60.03786210480588,60.9326286315918,9694700,2025,4,16,Tuesday,60.5787,59.447898864746094,2.5,1.17,0.99,2.5,-0.99,0,0.0,58.8534,58.2589,57.6645,57.07,56.4755,55.881,55.2865,54.6921,54.0976,53.5031,52.9086,52.3142,51.7197,51.1252,50.5307,49.9362,49.3418,48.7473,48.1528,47.5583,46.9638,46.3694,45.7749,45.1804,44.5859,False,False,False,False,False,False,False,False,False,False,False,False,False,False,False,False,False,False,False,False,False,False,False,False,False
SPYM,2025-04-23,62.48617094828051,63.05645978596532,61.73889501421511,61.9158821105957,11120600,2025,4,16,Wednesday,62.2994,60.9326286315918,1.61,2.55,1.32,1.61,-1.32,0,0.0,60.3233,59.714,59.1046,58.4953,57.886,57.2767,56.6673,56.058,55.4487,54.8394,54.23,53.6207,53.0114,52.4021,51.7927,51.1834,50.5741,49.9648,49.3554,48.7461,48.1368,47.5275,46.9181,46.3088,45.6995,False,False,False,False,False,False,False,False,False,False,False,False,False,False,False,False,False,False,False,False,False,False,False,False,False
SPYM,2025-04-24,62.08303696834392,63.29245009184507,61.93555021607158,63.20395278930664,6931200,2025,4,16,Thursday,62.6287,61.9158821105957,2.08,0.27,0.03,2.08,-0.03,0,0.0,61.2967,60.6776,60.0584,59.4392,58.8201,58.2009,57.5818,56.9626,56.3435,55.7243,55.1051,54.486,53.8668,53.2477,52.6285,52.0093,51.3902,50.771,50.1519,49.5327,48.9135,48.2944,47.6752,47.0561,46.4369,False,False,False,False,False,False,False,False,False,False,False,False,False,False,False,False,False,False,False,False,False,False,False,False,False
SPYM,2025-04-25,63.22362070317706,63.72507789960899,62.87947745429286,63.65625,5002500,2025,4,16,Friday,63.3711,63.20395278930664,0.72,0.03,-0.51,0.72,0.51,0,0.0,62.5719,61.9399,61.3078,60.6758,60.0438,59.4117,58.7797,58.1476,57.5156,56.8836,56.2515,55.6195,54.9874,54.3554,53.7234,53.0913,52.4593,51.8272,51.1952,50.5632,49.9311,49.2991,48.667,48.035,47.403,False,False,False,False,False,False,False,False,False,False,False,False,False,False,False,False,False,False,False,False,False,False,False,False,False
SPYM,2025-04-28,63.77424894115317,64.01022925822613,63.03680388633103,63.71525573730469,7176100,2025,4,17,Monday,63.6341,63.65625,0.09,0.19,-0.97,0.09,0.97,0,0.0,63.0197,62.3831,61.7466,61.11,60.4734,59.8369,59.2003,58.5638,57.9272,57.2906,56.6541,56.0175,55.3809,54.7444,54.1078,53.4712,52.8347,52.1981,51.5616,50.925,50.2884,49.6519,49.0153,48.3788,47.7422,False,False,False,False,False,False,False,False,False,False,False,False,False,False,False,False,False,False,False,False,False,False,False,False,False
SPYM,2025-04-29,63.4891012552898,64.236380995253,63.44976995300975,64.07905578613281,17292600,2025,4,17,Tuesday,63.8136,63.71525573730469,0.57,-0.35,-0.42,0.57,0.42,0,0.0,63.0781,62.441,61.8038,61.1666,60.5295,59.8923,59.2552,58.618,57.9809,57.3437,56.7066,56.0694,55.4323,54.7951,54.158,53.5208,52.8837,52.2465,51.6094,50.9722,50.3351,49.6979,49.0607,48.4236,47.7864,False,False,False,False,False,False,False,False,False,False,False,False,False,False,False,False,False,False,False,False,False,False,False,False,False
SPYM,2025-04-30,63.32194750153819,64.35436603315927,62.63366472961812,64.10855102539062,7335900,2025,4,17,Wednesday,63.6046,64.07905578613281,0.05,-1.18,-2.26,0.05,2.26,2,126.2357,63.4383,62.7975,62.1567,61.5159,60.8751,60.2343,59.5935,58.9527,58.3119,57.6712,57.0304,56.3896,55.7488,55.108,54.4672,53.8264,53.1856,52.5448,51.904,51.2632,50.6225,49.9817,49.3409,48.7001,48.0593,True,True,False,False,False,False,False,False,False,False,False,False,False,False,False,False,False,False,False,False,False,False,False,False,False
SPYM,2025-05-01,64.80666567520159,65.23929494384869,64.52151939491262,64.59034729003906,5549200,2025,5,17,Thursday,64.7895,64.10855102539062,0.75,1.09,0.64,0.75,-0.64,0,0.0,63.4675,62.8264,62.1853,61.5442,60.9031,60.262,59.621,58.9799,58.3388,57.6977,57.0566,56.4155,55.7744,55.1334,54.4923,53.8512,53.2101,52.569,51.9279,51.2868,50.6458,50.0047,49.3636,48.7225,48.0814,False,False,False,False,False,False,False,False,False,False,False,False,False,False,False,False,False,False,False,False,False,False,False,False,False
SPYM,2025-05-02,65.31795327877097,65.73092062259622,65.0426417162208,65.5244369506836,6219700,2025,5,17,Friday,65.404,64.59034729003906,1.45,1.13,0.7,1.45,-0.7,0,0.0,63.9444,63.2985,62.6526,62.0067,61.3608,60.7149,60.069,59.4231,58.7772,58.1313,57.4854,56.8395,56.1936,55.5477,54.9018,54.2559,53.61,52.9641,52.3182,51.6723,51.0264,50.3805,49.7346,49.0887,48.4428,False,False,False,False,False,False,False,False,False,False,False,False,False,False,False,False,False,False,False,False,False,False,False,False,False
SPYM,2025-05-05,65.07214628218219,65.53427967664224,64.96398708340736,65.18030548095703,15042500,2025,5,18,Monday,65.1877,65.5244369506836,-0.53,-0.69,-0.86,-0.53,0.86,0,0.0,64.8692,64.2139,63.5587,62.9035,62.2482,61.593,60.9377,60.2825,59.6272,58.972,58.3167,57.6615,57.0063,56.351,55.6958,55.0405,54.3853,53.73,53.0748,52.4195,51.7643,51.1091,50.4538,49.7986,49.1433,False,False,False,False,False,False,False,False,False,False,False,False,False,False,False,False,False,False,False,False,False,False,False,False,False
SPYM,2025-05-06,64.5313519069107,65.15081051573654,64.4133655065085,64.63951110839844,5953700,2025,5,18,Tuesday,64.6838,65.18030548095703,-0.83,-1.0,-1.18,-0.83,1.18,1,64.5285,64.5285,63.8767,63.2249,62.5731,61.9213,61.2695,60.6177,59.9659,59.3141,58.6623,58.0105,57.3587,56.7069,56.0551,55.4033,54.7515,54.0997,53.4479,52.796,52.1442,51.4924,50.8406,50.1888,49.537,48.8852,True,False,False,False,False,False,False,False,False,False,False,False,False,False,False,False,False,False,False,False,False,False,False,False,False
SPYM,2025-05-07,64.79683903409284,65.19997175520527,64.30520900728133,64.91482543945312,5271400,2025,5,18,Wednesday,64.8042,64.63951110839844,0.43,0.24,-0.52,0.43,0.52,0,0.0,63.9931,63.3467,62.7003,62.0539,61.4075,60.7611,60.1147,59.4684,58.822,58.1756,57.5292,56.8828,56.2364,55.59,54.9436,54.2972,53.6508,53.0044,52.358,51.7116,51.0652,50.4188,49.7724,49.126,48.4796,False,False,False,False,False,False,False,False,False,False,False,False,False,False,False,False,False,False,False,False,False,False,False,False,False
SPYM,2025-05-08,65.37695489615015,65.95708219344353,64.96398749910101,65.3376235961914,7373900,2025,5,18,Thursday,65.4089,64.91482543945312,0.65,0.71,0.08,0.65,-0.08,0,0.0,64.2657,63.6165,62.9674,62.3182,61.6691,61.0199,60.3708,59.7216,59.0725,58.4233,57.7742,57.125,56.4759,55.8267,55.1776,54.5285,53.8793,53.2302,52.581,51.9319,51.2827,50.6336,49.9844,49.3353,48.6861,False,False,False,False,False,False,False,False,False,False,False,False,False,False,False,False,False,False,False,False,False,False,False,False,False
SPYM,2025-05-09,65.52444853928306,65.6326077439392,65.09181172065846,65.268798828125,4641200,2025,5,18,Friday,65.3794,65.3376235961914,-0.11,0.29,-0.38,-0.11,0.38,0,0.0,64.6842,64.0309,63.3775,62.7241,62.0707,61.4174,60.764,60.1106,59.4572,58.8039,58.1505,57.4971,56.8437,56.1904,55.537,54.8836,54.2302,53.5769,52.9235,52.2701,51.6167,50.9633,50.31,49.6566,49.0032,False,False,False,False,False,False,False,False,False,False,False,False,False,False,False,False,False,False,False,False,False,False,False,False,False
SPYM,2025-05-12,67.25497480635609,67.42212717937494,66.73384828948716,67.41229248046875,7728700,2025,5,19,Monday,67.2058,65.268798828125,3.28,3.04,2.24,3.28,-2.24,0,0.0,64.6161,63.9634,63.3107,62.658,62.0054,61.3527,60.7,60.0473,59.3946,58.7419,58.0892,57.4365,56.7839,56.1312,55.4785,54.8258,54.1731,53.5204,52.8677,52.215,51.5624,50.9097,50.257,49.6043,48.9516,False,False,False,False,False,False,False,False,False,False,False,False,False,False,False,False,False,False,False,False,False,False,False,False,False
SPYM,2025-05-13,67.48112993127724,68.13008512084929,67.4123020325358,67.87443542480469,10056500,2025,5,19,Tuesday,67.7245,67.41229248046875,0.69,0.1,0.0,0.69,-0.0,0,0.0,66.7382,66.064,65.3899,64.7158,64.0417,63.3676,62.6934,62.0193,61.3452,60.6711,59.9969,59.3228,58.6487,57.9746,57.3004,56.6263,55.9522,55.2781,54.604,53.9298,53.2557,52.5816,51.9075,51.2333,50.5592,False,False,False,False,False,False,False,False,False,False,False,False,False,False,False,False,False,False,False,False,False,False,False,False,False
SPYM,2025-05-14,67.99243341370311,68.12025451857579,67.717121802175,67.9531021118164,8112600,2025,5,19,Wednesday,67.9457,67.87443542480469,0.12,0.17,-0.23,0.12,0.23,0,0.0,67.1957,66.5169,65.8382,65.1595,64.4807,63.802,63.1232,62.4445,61.7657,61.087,60.4082,59.7295,59.0508,58.372,57.6933,57.0145,56.3358,55.657,54.9783,54.2995,53.6208,52.9421,52.2633,51.5846,50.9058,False,False,False,False,False,False,False,False,False,False,False,False,False,False,False,False,False,False,False,False,False,False,False,False,False
SPYM,2025-05-15,67.72694899747154,68.34640762505275,67.6777904963751,68.28740692138672,5238300,2025,5,19,Thursday,68.0096,67.9531021118164,0.49,-0.33,-0.41,0.49,0.41,0,0.0,67.2736,66.594,65.9145,65.235,64.5554,63.8759,63.1964,62.5169,61.8373,61.1578,60.4783,59.7987,59.1192,58.4397,57.7601,57.0806,56.4011,55.7215,55.042,54.3625,53.683,53.0034,52.3239,51.6444,50.9648,False,False,False,False,False,False,False,False,False,False,False,False,False,False,False,False,False,False,False,False,False,False,False,False,False
SPYM,2025-05-16,68.38573416679094,68.759370256167,68.1595810721171,68.72987365722656,4812700,2025,5,19,Friday,68.5086,68.28740692138672,0.65,0.14,-0.19,0.65,0.19,0,0.0,67.6045,66.9217,66.2388,65.5559,64.873,64.1902,63.5073,62.8244,62.1415,61.4587,60.7758,60.0929,59.41,58.7272,58.0443,57.3614,56.6785,55.9957,55.3128,54.6299,53.9471,53.2642,52.5813,51.8984,51.2156,False,False,False,False,False,False,False,False,False,False,False,False,False,False,False,False,False,False,False,False,False,False,False,False,False
SPYM,2025-05-19,68.02191463800749,68.87735338188976,68.02191463800749,68.79869079589844,6085700,2025,5,20,Monday,68.43,68.72987365722656,0.1,-1.03,-1.03,0.1,1.03,1,68.0426,68.0426,67.3553,66.668,65.9807,65.2934,64.6061,63.9188,63.2315,62.5442,61.8569,61.1696,60.4823,59.795,59.1077,58.4204,57.7331,57.0458,56.3585,55.6712,54.9839,54.2966,53.6093,52.922,52.2347,51.5474,True,False,False,False,False,False,False,False,False,False,False,False,False,False,False,False,False,False,False,False,False,False,False,False,False
SPYM,2025-05-20,68.5922178513777,68.71020424712283,68.19891236164463,68.5627212524414,12248500,2025,5,20,Tuesday,68.516,68.79869079589844,-0.34,-0.3,-0.87,-0.34,0.87,0,0.0,68.1107,67.4227,66.7347,66.0467,65.3588,64.6708,63.9828,63.2948,62.6068,61.9188,61.2308,60.5428,59.8549,59.1669,58.4789,57.7909,57.1029,56.4149,55.7269,55.039,54.351,53.663,52.975,52.287,51.599,False,False,False,False,False,False,False,False,False,False,False,False,False,False,False,False,False,False,False,False,False,False,False,False,False
SPYM,2025-05-21,68.07109726935573,68.53322319624603,67.29432092158518,67.4221420288086,6339000,2025,5,20,Wednesday,67.8302,68.5627212524414,-1.66,-0.72,-1.85,-1.66,1.85,1,67.8771,67.8771,67.1915,66.5058,65.8202,65.1346,64.449,63.7633,63.0777,62.3921,61.7064,61.0208,60.3352,59.6496,58.9639,58.2783,57.5927,56.9071,56.2214,55.5358,54.8502,54.1645,53.4789,52.7933,52.1077,51.422,True,False,False,False,False,False,False,False,False,False,False,False,False,False,False,False,False,False,False,False,False,False,False,False,False
SPYM,2025-05-22,67.38281072619856,67.84494415476777,67.24515491790291,67.4221420288086,5365300,2025,5,20,Thursday,67.4738,67.4221420288086,0.0,-0.06,-0.26,0.0,0.26,0,0.0,66.7479,66.0737,65.3995,64.7253,64.051,63.3768,62.7026,62.0284,61.3541,60.6799,60.0057,59.3315,58.6573,57.983,57.3088,56.6346,55.9604,55.2862,54.6119,53.9377,53.2635,52.5893,51.915,51.2408,50.5666,False,False,False,False,False,False,False,False,False,False,False,False,False,False,False,False,False,False,False,False,False,False,False,False,False
SPYM,2025-05-23,66.60602356265098,67.28447529456595,66.56669226642772,66.98949432373047,6505600,2025,5,20,Friday,66.8617,67.4221420288086,-0.64,-1.21,-1.27,-0.64,1.27,1,66.7479,66.7479,66.0737,65.3995,64.7253,64.051,63.3768,62.7026,62.0284,61.3541,60.6799,60.0057,59.3315,58.6573,57.983,57.3088,56.6346,55.9604,55.2862,54.6119,53.9377,53.2635,52.5893,51.915,51.2408,50.5666,True,False,False,False,False,False,False,False,False,False,False,False,False,False,False,False,False,False,False,False,False,False,False,False,False
SPYM,2025-05-27,67.78593902673545,68.38572815808493,67.57945535061674,68.3562240600586,5334400,2025,5,21,Tuesday,68.0268,66.98949432373047,2.04,1.19,0.88,2.04,-0.88,0,0.0,66.3196,65.6497,64.9798,64.3099,63.64,62.9701,62.3002,61.6303,60.9604,60.2905,59.6206,58.9508,58.2809,57.611,56.9411,56.2712,55.6013,54.9314,54.2615,53.5916,52.9217,52.2518,51.5819,50.912,50.2421,False,False,False,False,False,False,False,False,False,False,False,False,False,False,False,False,False,False,False,False,False,False,False,False,False
SPYM,2025-05-28,68.4250699982336,68.5528986183612,67.8842814186339,67.96294403076172,8021500,2025,5,21,Wednesday,68.2063,68.3562240600586,-0.58,0.1,-0.69,-0.58,0.69,0,0.0,67.6727,66.9891,66.3055,65.622,64.9384,64.2549,63.5713,62.8877,62.2042,61.5206,60.837,60.1535,59.4699,58.7864,58.1028,57.4192,56.7357,56.0521,55.3685,54.685,54.0014,53.3179,52.6343,51.9507,51.2672,False,False,False,False,False,False,False,False,False,False,False,False,False,False,False,False,False,False,False,False,False,False,False,False,False
SPYM,2025-05-29,68.59222495969671,68.61188686046573,67.78595199794383,68.23825073242188,5453800,2025,5,21,Thursday,68.3071,67.96294403076172,0.41,0.93,-0.26,0.41,0.26,0,0.0,67.2833,66.6037,65.9241,65.2444,64.5648,63.8852,63.2055,62.5259,61.8463,61.1666,60.487,59.8074,59.1278,58.4481,57.7685,57.0889,56.4092,55.7296,55.05,54.3704,53.6907,53.0111,52.3315,51.6518,50.9722,False,False,False,False,False,False,False,False,False,False,False,False,False,False,False,False,False,False,False,False,False,False,False,False,False
SPYM,2025-05-30,68.11041763318381,68.36606733640853,67.4614699270639,68.16941833496094,12478300,2025,5,21,Friday,68.0268,68.23825073242188,-0.1,-0.19,-1.14,-0.1,1.14,1,67.5559,67.5559,66.8735,66.1911,65.5087,64.8263,64.144,63.4616,62.7792,62.0968,61.4144,60.732,60.0497,59.3673,58.6849,58.0025,57.3201,56.6377,55.9554,55.273,54.5906,53.9082,53.2258,52.5435,51.8611,51.1787,True,False,False,False,False,False,False,False,False,False,False,False,False,False,False,False,False,False,False,False,False,False,False,False,False
SPYM,2025-06-02,67.99242191401702,68.55287974317332,67.67777905381836,68.54304504394531,8138500,2025,6,22,Monday,68.1915,68.16941833496094,0.55,-0.26,-0.72,0.55,0.72,0,0.0,67.4877,66.806,66.1243,65.4426,64.7609,64.0793,63.3976,62.7159,62.0342,61.3525,60.6708,59.9891,59.3074,58.6257,57.944,57.2623,56.5806,55.8989,55.2172,54.5355,53.8538,53.1721,52.4905,51.8088,51.1271,False,False,False,False,False,False,False,False,False,False,False,False,False,False,False,False,False,False,False,False,False,False,False,False,False
SPYM,2025-06-03,68.52339485179878,69.06418337487234,68.4447322478932,68.95602416992188,13012900,2025,6,22,Tuesday,68.7471,68.54304504394531,0.6,-0.03,-0.14,0.6,0.14,0,0.0,67.8576,67.1722,66.4868,65.8013,65.1159,64.4305,63.745,63.0596,62.3742,61.6887,61.0033,60.3179,59.6324,58.947,58.2616,57.5762,56.8907,56.2053,55.5199,54.8344,54.149,53.4636,52.7781,52.0927,51.4073,False,False,False,False,False,False,False,False,False,False,False,False,False,False,False,False,False,False,False,False,False,False,False,False,False
SPYM,2025-06-04,69.04452325116843,69.15268245890171,68.87737083982753,68.91669464111328,5467600,2025,6,22,Wednesday,68.9978,68.95602416992188,-0.06,0.13,-0.11,-0.06,0.11,0,0.0,68.2665,67.5769,66.8873,66.1978,65.5082,64.8187,64.1291,63.4395,62.75,62.0604,61.3709,60.6813,59.9917,59.3022,58.6126,57.9231,57.2335,56.5439,55.8544,55.1648,54.4753,53.7857,53.0961,52.4066,51.717,False,False,False,False,False,False,False,False,False,False,False,False,False,False,False,False,False,False,False,False,False,False,False,False,False
SPYM,2025-06-05,69.12317007860962,69.28048775287925,68.36605579730032,68.59220886230469,18299800,2025,6,22,Thursday,68.8405,68.91669464111328,-0.47,0.3,-0.8,-0.47,0.8,0,0.0,68.2275,67.5384,66.8492,66.16,65.4709,64.7817,64.0925,63.4034,62.7142,62.025,61.3359,60.6467,59.9575,59.2684,58.5792,57.89,57.2009,56.5117,55.8225,55.1334,54.4442,53.755,53.0659,52.3767,51.6875,False,False,False,False,False,False,False,False,False,False,False,False,False,False,False,False,False,False,False,False,False,False,False,False,False
SPYM,2025-06-06,69.23134340669203,69.48698561732154,69.0445215975038,69.29033660888672,4822800,2025,6,22,Friday,69.2633,68.59220886230469,1.02,0.93,0.66,1.02,-0.66,0,0.0,67.9063,67.2204,66.5344,65.8485,65.1626,64.4767,63.7908,63.1048,62.4189,61.733,61.0471,60.3611,59.6752,58.9893,58.3034,57.6175,56.9315,56.2456,55.5597,54.8738,54.1878,53.5019,52.816,52.1301,51.4442,False,False,False,False,False,False,False,False,False,False,False,False,False,False,False,False,False,False,False,False,False,False,False,False,False
SPYM,2025-06-09,69.3689964884806,69.54598358979233,69.22150598710775,69.34932708740234,5331400,2025,6,23,Monday,69.3715,69.29033660888672,0.09,0.11,-0.1,0.09,0.1,0,0.0,68.5974,67.9045,67.2116,66.5187,65.8258,65.1329,64.44,63.7471,63.0542,62.3613,61.6684,60.9755,60.2826,59.5897,58.8968,58.2039,57.511,56.8181,56.1252,55.4323,54.7394,54.0465,53.3536,52.6607,51.9678,False,False,False,False,False,False,False,False,False,False,False,False,False,False,False,False,False,False,False,False,False,False,False,False,False
SPYM,2025-06-10,69.41814441274406,69.79178795952538,69.30015803096249,69.75245666503906,7752900,2025,6,23,Tuesday,69.5656,69.34932708740234,0.58,0.1,-0.07,0.58,0.07,0,0.0,68.6558,67.9623,67.2688,66.5754,65.8819,65.1884,64.4949,63.8014,63.1079,62.4144,61.7209,61.0274,60.3339,59.6404,58.9469,58.2534,57.5599,56.8664,56.173,55.4795,54.786,54.0925,53.399,52.7055,52.012,False,False,False,False,False,False,False,False,False,False,False,False,False,False,False,False,False,False,False,False,False,False,False,False,False
SPYM,2025-06-11,69.89012898178814,69.98845349043006,69.31983632931419,69.55581665039062,17067600,2025,6,23,Wednesday,69.6886,69.75245666503906,-0.28,0.2,-0.62,-0.28,0.62,0,0.0,69.0549,68.3574,67.6599,66.9624,66.2648,65.5673,64.8698,64.1723,63.4747,62.7772,62.0797,61.3822,60.6846,59.9871,59.2896,58.5921,57.8945,57.197,56.4995,55.802,55.1044,54.4069,53.7094,53.0119,52.3143,False,False,False,False,False,False,False,False,False,False,False,False,False,False,False,False,False,False,False,False,False,False,False,False,False
SPYM,2025-06-12,69.40830661030286,69.82128143310547,69.34931342204979,69.82128143310547,6118300,2025,6,23,Thursday,69.6,69.55581665039062,0.38,-0.21,-0.3,0.38,0.3,0,0.0,68.8603,68.1647,67.4691,66.7736,66.078,65.3825,64.6869,63.9914,63.2958,62.6002,61.9047,61.2091,60.5136,59.818,59.1224,58.4269,57.7313,57.0358,56.3402,55.6447,54.9491,54.2535,53.558,52.8624,52.1669,False,False,False,False,False,False,False,False,False,False,False,False,False,False,False,False,False,False,False,False,False,False,False,False,False
SPYM,2025-06-13,69.23133166519895,69.61480241778615,68.87735750870654,69.04450988769531,16005800,2025,6,23,Friday,69.192,69.82128143310547,-1.11,-0.84,-1.35,-1.11,1.35,1,69.1231,69.1231,68.4249,67.7266,67.0284,66.3302,65.632,64.9338,64.2356,63.5374,62.8392,62.1409,61.4427,60.7445,60.0463,59.3481,58.6499,57.9517,57.2535,56.5552,55.857,55.1588,54.4606,53.7624,53.0642,52.366,True,False,False,False,False,False,False,False,False,False,False,False,False,False,False,False,False,False,False,False,False,False,False,False,False
SPYM,2025-06-16,69.43782316879508,69.90978376288112,69.43782316879508,69.713134765625,11325600,2025,6,24,Monday,69.6246,69.04450988769531,0.97,0.57,0.57,0.97,-0.57,0,0.0,68.3541,67.6636,66.9732,66.2827,65.5923,64.9018,64.2114,63.5209,62.8305,62.1401,61.4496,60.7592,60.0687,59.3783,58.6878,57.9974,57.3069,56.6165,55.9261,55.2356,54.5452,53.8547,53.1643,52.4738,51.7834,False,False,False,False,False,False,False,False,False,False,False,False,False,False,False,False,False,False,False,False,False,False,False,False,False
SPYM,2025-06-17,69.41815771676467,69.60497952595982,69.03468689912746,69.12318420410156,13608600,2025,6,24,Tuesday,69.2953,69.713134765625,-0.85,-0.42,-0.97,-0.85,0.97,0,0.0,69.016,68.3189,67.6217,66.9246,66.2275,65.5303,64.8332,64.1361,63.439,62.7418,62.0447,61.3476,60.6504,59.9533,59.2562,58.559,57.8619,57.1648,56.4676,55.7705,55.0734,54.3762,53.6791,52.982,52.2849,False,False,False,False,False,False,False,False,False,False,False,False,False,False,False,False,False,False,False,False,False,False,False,False,False
SPYM,2025-06-18,69.22150189005569,69.54597947353524,68.98552160283332,69.10350799560547,5608800,2025,6,24,Wednesday,69.2141,69.12318420410156,-0.03,0.14,-0.2,-0.03,0.2,0,0.0,68.432,67.7407,67.0495,66.3583,65.667,64.9758,64.2846,63.5933,62.9021,62.2109,61.5196,60.8284,60.1372,59.4459,58.7547,58.0635,57.3722,56.681,55.9898,55.2985,54.6073,53.9161,53.2249,52.5336,51.8424,False,False,False,False,False,False,False,False,False,False,False,False,False,False,False,False,False,False,False,False,False,False,False,False,False
SPYM,2025-06-20,69.42798556507995,69.53614475955132,68.77903039825175,68.93635559082031,20318800,2025,6,24,Friday,69.1699,69.10350799560547,-0.24,0.47,-0.47,-0.24,0.47,0,0.0,68.4125,67.7214,67.0304,66.3394,65.6483,64.9573,64.2663,63.5752,62.8842,62.1932,61.5021,60.8111,60.1201,59.429,58.738,58.0469,57.3559,56.6649,55.9738,55.2828,54.5918,53.9007,53.2097,52.5187,51.8276,False,False,False,False,False,False,False,False,False,False,False,False,False,False,False,False,False,False,False,False,False,False,False,False,False
SPYM,2025-06-23,69.02485313313416,69.66397367174591,68.67087891180084,69.60498046875,7893800,2025,6,25,Monday,69.2412,68.93635559082031,0.97,0.13,-0.39,0.97,0.39,0,0.0,68.247,67.5576,66.8683,66.1789,65.4895,64.8002,64.1108,63.4214,62.7321,62.0427,61.3534,60.664,59.9746,59.2853,58.5959,57.9065,57.2172,56.5278,55.8384,55.1491,54.4597,53.7704,53.081,52.3916,51.7023,False,False,False,False,False,False,False,False,False,False,False,False,False,False,False,False,False,False,False,False,False,False,False,False,False
SPYM,2025-06-24,70.10643988035005,70.51940727334788,69.9982806819442,70.3915786743164,13397200,2025,6,25,Tuesday,70.2539,69.60498046875,1.13,0.72,0.57,1.13,-0.57,0,0.0,68.9089,68.2129,67.5168,66.8208,66.1247,65.4287,64.7326,64.0366,63.3405,62.6445,61.9484,61.2524,60.5563,59.8603,59.1642,58.4682,57.7721,57.0761,56.38,55.684,54.9879,54.2919,53.5958,52.8998,52.2037,False,False,False,False,False,False,False,False,False,False,False,False,False,False,False,False,False,False,False,False,False,False,False,False,False
SPYM,2025-06-25,70.52923256037785,70.58822575102441,70.25391350011347,70.43090057373047,5703600,2025,6,25,Wednesday,70.4506,70.3915786743164,0.06,0.2,-0.2,0.06,0.2,0,0.0,69.6877,68.9837,68.2798,67.5759,66.872,66.1681,65.4642,64.7603,64.0563,63.3524,62.6485,61.9446,61.2407,60.5368,59.8328,59.1289,58.425,57.7211,57.0172,56.3133,55.6093,54.9054,54.2015,53.4976,52.7937,False,False,False,False,False,False,False,False,False,False,False,False,False,False,False,False,False,False,False,False,False,False,False,False,False
SPYM,2025-06-26,70.65706688191058,71.03070299548763,70.57840427852213,70.9815444946289,11291100,2025,6,25,Thursday,70.8119,70.43090057373047,0.78,0.32,0.21,0.78,-0.21,0,0.0,69.7266,69.0223,68.318,67.6137,66.9094,66.205,65.5007,64.7964,64.0921,63.3878,62.6835,61.9792,61.2749,60.5706,59.8663,59.162,58.4576,57.7533,57.049,56.3447,55.6404,54.9361,54.2318,53.5275,52.8232,False,False,False,False,False,False,False,False,False,False,False,False,False,False,False,False,False,False,False,False,False,False,False,False,False
SPYM,2025-06-27,71.11368790455734,71.50816278227097,70.86714204648412,71.32078552246094,20132200,2025,6,25,Friday,71.2024,70.9815444946289,0.48,0.19,-0.16,0.48,0.16,0,0.0,70.2717,69.5619,68.8521,68.1423,67.4325,66.7227,66.0128,65.303,64.5932,63.8834,63.1736,62.4638,61.7539,61.0441,60.3343,59.6245,58.9147,58.2049,57.4951,56.7852,56.0754,55.3656,54.6558,53.946,53.2362,False,False,False,False,False,False,False,False,False,False,False,False,False,False,False,False,False,False,False,False,False,False,False,False,False
SPYM,2025-06-30,71.6166440349497,71.83359807134237,71.36023423414423,71.68567657470703,8301900,2025,6,26,Monday,71.624,71.32078552246094,0.51,0.41,0.06,0.51,-0.06,0,0.0,70.6076,69.8944,69.1812,68.468,67.7547,67.0415,66.3283,65.6151,64.9019,64.1887,63.4755,62.7623,62.0491,61.3359,60.6227,59.9095,59.1963,58.483,57.7698,57.0566,56.3434,55.6302,54.917,54.2038,53.4906,False,False,False,False,False,False,False,False,False,False,False,False,False,False,False,False,False,False,False,False,False,False,False,False,False
SPYM,2025-07-01,71.4982883482608,71.78428240453161,71.39967152430084,71.6462173461914,15607400,2025,7,26,Tuesday,71.5821,71.68567657470703,-0.06,-0.26,-0.4,-0.06,0.4,0,0.0,70.9688,70.252,69.5351,68.8182,68.1014,67.3845,66.6677,65.9508,65.234,64.5171,63.8003,63.0834,62.3665,61.6497,60.9328,60.216,59.4991,58.7823,58.0654,57.3485,56.6317,55.9148,55.198,54.4811,53.7643,False,False,False,False,False,False,False,False,False,False,False,False,False,False,False,False,False,False,False,False,False,False,False,False,False
SPYM,2025-07-02,71.6166369569086,71.98151997785689,71.52787654371726,71.96179962158203,14703400,2025,7,26,Wednesday,71.772,71.6462173461914,0.44,-0.04,-0.17,0.44,0.17,0,0.0,70.9298,70.2133,69.4968,68.7804,68.0639,67.3474,66.631,65.9145,65.1981,64.4816,63.7651,63.0487,62.3322,61.6157,60.8993,60.1828,59.4664,58.7499,58.0334,57.317,56.6005,55.884,55.1676,54.4511,53.7347,False,False,False,False,False,False,False,False,False,False,False,False,False,False,False,False,False,False,False,False,False,False,False,False,False
SPYM,2025-07-03,72.20835748048948,72.65213704839549,72.20835748048948,72.55352020263672,2934700,2025,7,26,Thursday,72.4056,71.96179962158203,0.82,0.34,0.34,0.82,-0.34,0,0.0,71.2422,70.5226,69.8029,69.0833,68.3637,67.6441,66.9245,66.2049,65.4852,64.7656,64.046,63.3264,62.6068,61.8871,61.1675,60.4479,59.7283,59.0087,58.2891,57.5694,56.8498,56.1302,55.4106,54.691,53.9713,False,False,False,False,False,False,False,False,False,False,False,False,False,False,False,False,False,False,False,False,False,False,False,False,False
SPYM,2025-07-07,72.31683123806528,72.39572771659594,71.68567445778451,72.0209732055664,7609000,2025,7,27,Monday,72.1048,72.55352020263672,-0.73,-0.33,-1.2,-0.73,1.2,1,71.828,71.828,71.1024,70.3769,69.6514,68.9258,68.2003,67.4748,66.7492,66.0237,65.2982,64.5726,63.8471,63.1216,62.396,61.6705,60.945,60.2194,59.4939,58.7684,58.0428,57.3173,56.5917,55.8662,55.1407,54.4151,True,False,False,False,False,False,False,False,False,False,False,False,False,False,False,False,False,False,False,False,False,False,False,False,False
SPYM,2025-07-08,72.09000074732307,72.16889722038609,71.8730392083907,71.96179962158203,5654900,2025,7,27,Tuesday,72.0234,72.0209732055664,-0.08,0.1,-0.21,-0.08,0.21,0,0.0,71.3008,70.5806,69.8603,69.1401,68.4199,67.6997,66.9795,66.2593,65.5391,64.8189,64.0987,63.3785,62.6582,61.938,61.2178,60.4976,59.7774,59.0572,58.337,57.6168,56.8966,56.1764,55.4561,54.7359,54.0157,False,False,False,False,False,False,False,False,False,False,False,False,False,False,False,False,False,False,False,False,False,False,False,False,False
SPYM,2025-07-09,72.24780004593684,72.47461802095906,72.04070242892344,72.3957290649414,5010700,2025,7,27,Wednesday,72.2897,71.96179962158203,0.6,0.4,0.11,0.6,-0.11,0,0.0,71.2422,70.5226,69.8029,69.0833,68.3637,67.6441,66.9245,66.2049,65.4852,64.7656,64.046,63.3264,62.6068,61.8871,61.1675,60.4479,59.7283,59.0087,58.2891,57.5694,56.8498,56.1302,55.4106,54.691,53.9713,False,False,False,False,False,False,False,False,False,False,False,False,False,False,False,False,False,False,False,False,False,False,False,False,False
SPYM,2025-07-10,72.4154524729018,72.73103088221107,72.27738738907793,72.61268615722656,21830300,2025,7,27,Thursday,72.5091,72.3957290649414,0.3,0.03,-0.16,0.3,0.16,0,0.0,71.6718,70.9478,70.2239,69.4999,68.7759,68.052,67.328,66.6041,65.8801,65.1562,64.4322,63.7082,62.9843,62.2603,61.5364,60.8124,60.0885,59.3645,58.6405,57.9166,57.1926,56.4687,55.7447,55.0208,54.2968,False,False,False,False,False,False,False,False,False,False,False,False,False,False,False,False,False,False,False,False,False,False,False,False,False
SPYM,2025-07-11,72.25765899818877,72.48448450515184,72.11959391533567,72.33655548095703,4079000,2025,7,27,Friday,72.2996,72.61268615722656,-0.38,-0.49,-0.68,-0.38,0.68,0,0.0,71.8866,71.1604,70.4343,69.7082,68.9821,68.2559,67.5298,66.8037,66.0775,65.3514,64.6253,63.8992,63.173,62.4469,61.7208,60.9947,60.2685,59.5424,58.8163,58.0901,57.364,56.6379,55.9118,55.1856,54.4595,False,False,False,False,False,False,False,False,False,False,False,False,False,False,False,False,False,False,False,False,False,False,False,False,False
SPYM,2025-07-14,72.29710455290771,72.53379399241678,72.13931911721744,72.48448181152344,4010200,2025,7,28,Monday,72.3637,72.33655548095703,0.2,-0.05,-0.27,0.2,0.27,0,0.0,71.6132,70.8898,70.1665,69.4431,68.7197,67.9964,67.273,66.5496,65.8263,65.1029,64.3795,63.6562,62.9328,62.2094,61.4861,60.7627,60.0393,59.316,58.5926,57.8692,57.1459,56.4225,55.6991,54.9758,54.2524,False,False,False,False,False,False,False,False,False,False,False,False,False,False,False,False,False,False,False,False,False,False,False,False,False
SPYM,2025-07-15,72.80992023337063,72.83950453072312,72.16889953613281,72.16889953613281,6598900,2025,7,28,Tuesday,72.4968,72.48448181152344,-0.44,0.45,-0.44,-0.44,0.44,0,0.0,71.7596,71.0348,70.3099,69.5851,68.8603,68.1354,67.4106,66.6857,65.9609,65.236,64.5112,63.7863,63.0615,62.3367,61.6118,60.887,60.1621,59.4373,58.7124,57.9876,57.2627,56.5379,55.8131,55.0882,54.3634,False,False,False,False,False,False,False,False,False,False,False,False,False,False,False,False,False,False,False,False,False,False,False,False,False
SPYM,2025-07-16,72.3661388677012,72.4746196491428,71.70539776181701,72.41545104980469,6313100,2025,7,28,Wednesday,72.2404,72.16889953613281,0.34,0.27,-0.64,0.34,0.64,0,0.0,71.4472,70.7255,70.0038,69.2821,68.5605,67.8388,67.1171,66.3954,65.6737,64.952,64.2303,63.5086,62.7869,62.0653,61.3436,60.6219,59.9002,59.1785,58.4568,57.7351,57.0134,56.2917,55.5701,54.8484,54.1267,False,False,False,False,False,False,False,False,False,False,False,False,False,False,False,False,False,False,False,False,False,False,False,False,False
SPYM,2025-07-17,72.43516165558891,72.90853295850688,72.42530523968138,72.8395004272461,5302800,2025,7,28,Thursday,72.6521,72.41545104980469,0.59,0.03,0.01,0.59,-0.01,0,0.0,71.6913,70.9671,70.243,69.5188,68.7947,68.0705,67.3464,66.6222,65.8981,65.1739,64.4498,63.7256,63.0014,62.2773,61.5531,60.829,60.1048,59.3807,58.6565,57.9324,57.2082,56.4841,55.7599,55.0357,54.3116,False,False,False,False,False,False,False,False,False,False,False,False,False,False,False,False,False,False,False,False,False,False,False,False,False
SPYM,2025-07-18,73.00715569553708,73.00715569553708,72.68171336868458,72.81977844238281,6533000,2025,7,28,Friday,72.879,72.8395004272461,-0.03,0.23,-0.22,-0.03,0.22,0,0.0,72.1111,71.3827,70.6543,69.9259,69.1975,68.4691,67.7407,67.0123,66.2839,65.5556,64.8272,64.0988,63.3704,62.642,61.9136,61.1852,60.4568,59.7284,59.0,58.2716,57.5432,56.8148,56.0864,55.358,54.6296,False,False,False,False,False,False,False,False,False,False,False,False,False,False,False,False,False,False,False,False,False,False,False,False,False
SPYM,2025-07-21,72.94798192094446,73.27342422469447,72.898669744989,72.93811798095703,4530900,2025,7,29,Monday,73.0145,72.81977844238281,0.16,0.18,0.11,0.16,-0.11,0,0.0,72.0916,71.3634,70.6352,69.907,69.1788,68.4506,67.7224,66.9942,66.266,65.5378,64.8096,64.0814,63.3532,62.625,61.8968,61.1686,60.4404,59.7122,58.984,58.2558,57.5276,56.7994,56.0712,55.343,54.6148,False,False,False,False,False,False,False,False,False,False,False,False,False,False,False,False,False,False,False,False,False,False,False,False,False
SPYM,2025-07-22,72.98743952438693,73.04660812394205,72.65213323761508,72.95785522460938,6862900,2025,7,29,Tuesday,72.911,72.93811798095703,0.03,0.07,-0.39,0.03,0.39,0,0.0,72.2087,71.4794,70.75,70.0206,69.2912,68.5618,67.8324,67.1031,66.3737,65.6443,64.9149,64.1855,63.4562,62.7268,61.9974,61.268,60.5386,59.8093,59.0799,58.3505,57.6211,56.8917,56.1624,55.433,54.7036,False,False,False,False,False,False,False,False,False,False,False,False,False,False,False,False,False,False,False,False,False,False,False,False,False
SPYM,2025-07-23,73.27342355403215,73.57913797500913,73.05646202018464,73.55941009521484,9341900,2025,7,29,Wednesday,73.3671,72.95785522460938,0.82,0.43,0.14,0.82,-0.14,0,0.0,72.2283,71.4987,70.7691,70.0395,69.31,68.5804,67.8508,67.1212,66.3916,65.6621,64.9325,64.2029,63.4733,62.7438,62.0142,61.2846,60.555,59.8254,59.0959,58.3663,57.6367,56.9071,56.1775,55.448,54.7184,False,False,False,False,False,False,False,False,False,False,False,False,False,False,False,False,False,False,False,False,False,False,False,False,False
SPYM,2025-07-24,73.62846287959073,73.79611226691779,73.54956639473697,73.61859893798828,11271400,2025,7,29,Thursday,73.6482,73.55941009521484,0.08,0.09,-0.01,0.08,0.01,0,0.0,72.8238,72.0882,71.3526,70.617,69.8814,69.1458,68.4103,67.6747,66.9391,66.2035,65.4679,64.7323,63.9967,63.2611,62.5255,61.7899,61.0543,60.3187,59.5831,58.8475,58.1119,57.3763,56.6407,55.9052,55.1696,False,False,False,False,False,False,False,False,False,False,False,False,False,False,False,False,False,False,False,False,False,False,False,False,False
SPYM,2025-07-25,73.68762437508107,73.97361846210856,73.65804007710963,73.89472198486328,4422500,2025,7,29,Friday,73.8035,73.61859893798828,0.38,0.09,0.05,0.38,-0.05,0,0.0,72.8824,72.1462,71.41,70.6739,69.9377,69.2015,68.4653,67.7291,66.9929,66.2567,65.5206,64.7844,64.0482,63.312,62.5758,61.8396,61.1034,60.3673,59.6311,58.8949,58.1587,57.4225,56.6863,55.9501,55.2139,False,False,False,False,False,False,False,False,False,False,False,False,False,False,False,False,False,False,False,False,False,False,False,False,False
SPYM,2025-07-28,73.97361846210856,74.02292311740023,73.73692903037272,73.89472198486328,5370500,2025,7,30,Monday,73.907,73.89472198486328,0.0,0.11,-0.21,0.0,0.21,0,0.0,73.1558,72.4168,71.6779,70.9389,70.2,69.461,68.7221,67.9831,67.2442,66.5052,65.7663,65.0274,64.2884,63.5495,62.8105,62.0716,61.3326,60.5937,59.8547,59.1158,58.3768,57.6379,56.8989,56.16,55.421,False,False,False,False,False,False,False,False,False,False,False,False,False,False,False,False,False,False,False,False,False,False,False,False,False
SPYM,2025-07-29,74.06237067553536,74.09195497323498,73.5988632809558,73.70734405517578,7606700,2025,7,30,Tuesday,73.8651,73.89472198486328,-0.25,0.23,-0.4,-0.25,0.4,0,0.0,73.1558,72.4168,71.6779,70.9389,70.2,69.461,68.7221,67.9831,67.2442,66.5052,65.7663,65.0274,64.2884,63.5495,62.8105,62.0716,61.3326,60.5937,59.8547,59.1158,58.3768,57.6379,56.8989,56.16,55.421,False,False,False,False,False,False,False,False,False,False,False,False,False,False,False,False,False,False,False,False,False,False,False,False,False
SPYM,2025-07-30,73.78624832531534,73.98348201346683,73.27343622173173,73.61859893798828,7688100,2025,7,30,Wednesday,73.6654,73.70734405517578,-0.12,0.11,-0.59,-0.12,0.59,0,0.0,72.9703,72.2332,71.4961,70.7591,70.022,69.2849,68.5478,67.8108,67.0737,66.3366,65.5995,64.8625,64.1254,63.3883,62.6512,61.9142,61.1771,60.44,59.7029,58.9659,58.2288,57.4917,56.7547,56.0176,55.2805,False,False,False,False,False,False,False,False,False,False,False,False,False,False,False,False,False,False,False,False,False,False,False,False,False
SPYM,2025-07-31,74.18072780877098,74.2398964140755,73.18468031690563,73.31288146972656,8290100,2025,7,30,Thursday,73.7295,73.61859893798828,-0.42,0.76,-0.59,-0.42,0.59,0,0.0,72.8824,72.1462,71.41,70.6739,69.9377,69.2015,68.4653,67.7291,66.9929,66.2567,65.5206,64.7844,64.0482,63.312,62.5758,61.8396,61.1034,60.3673,59.6311,58.8949,58.1587,57.4225,56.6863,55.9501,55.2139,False,False,False,False,False,False,False,False,False,False,False,False,False,False,False,False,False,False,False,False,False,False,False,False,False
SPYM,2025-08-01,72.65213245343729,72.66199639458424,71.85332627213457,72.13932037353516,11786500,2025,8,30,Friday,72.3267,73.31288146972656,-1.6,-0.9,-1.99,-1.6,1.99,1,72.5798,72.5798,71.8466,71.1135,70.3804,69.6472,68.9141,68.181,67.4479,66.7147,65.9816,65.2485,64.5153,63.7822,63.0491,62.3159,61.5828,60.8497,60.1166,59.3834,58.6503,57.9172,57.184,56.4509,55.7178,54.9847,True,False,False,False,False,False,False,False,False,False,False,False,False,False,False,False,False,False,False,False,False,False,False,False,False
SPYM,2025-08-04,72.58310034705534,73.23398503495588,72.58310034705534,73.22412109375,5849600,2025,8,31,Monday,72.9061,72.13932037353516,1.5,0.62,0.62,1.5,-0.62,0,0.0,71.4179,70.6965,69.9751,69.2537,68.5324,67.811,67.0896,66.3682,65.6468,64.9254,64.204,63.4826,62.7612,62.0398,61.3184,60.597,59.8756,59.1542,58.4328,57.7115,56.9901,56.2687,55.5473,54.8259,54.1045,False,False,False,False,False,False,False,False,False,False,False,False,False,False,False,False,False,False,False,False,False,False,False,False,False
SPYM,2025-08-05,73.30301797627266,73.39177087566298,72.75075012546304,72.86909484863281,7194300,2025,8,31,Tuesday,73.0787,73.22412109375,-0.48,0.11,-0.65,-0.48,0.65,0,0.0,72.4919,71.7596,71.0274,70.2952,69.5629,68.8307,68.0984,67.3662,66.634,65.9017,65.1695,64.4372,63.705,62.9727,62.2405,61.5083,60.776,60.0438,59.3115,58.5793,57.8471,57.1148,56.3826,55.6503,54.9181,False,False,False,False,False,False,False,False,False,False,False,False,False,False,False,False,False,False,False,False,False,False,False,False,False
SPYM,2025-08-06,72.98743983552524,73.49038798185308,72.87895905322331,73.4114990234375,13983900,2025,8,31,Wednesday,73.1921,72.86909484863281,0.74,0.16,0.01,0.74,-0.01,0,0.0,72.1404,71.4117,70.683,69.9543,69.2256,68.4969,67.7683,67.0396,66.3109,65.5822,64.8535,64.1248,63.3961,62.6674,61.9387,61.21,60.4813,59.7527,59.024,58.2953,57.5666,56.8379,56.1092,55.3805,54.6518,False,False,False,False,False,False,False,False,False,False,False,False,False,False,False,False,False,False,False,False,False,False,False,False,False
SPYM,2025-08-07,73.81583375545713,73.9045941832713,72.98744322376774,73.36219024658203,7119000,2025,8,31,Thursday,73.5175,73.4114990234375,-0.07,0.55,-0.58,-0.07,0.58,0,0.0,72.6774,71.9433,71.2092,70.475,69.7409,69.0068,68.2727,67.5386,66.8045,66.0703,65.3362,64.6021,63.868,63.1339,62.3998,61.6657,60.9315,60.1974,59.4633,58.7292,57.9951,57.261,56.5269,55.7927,55.0586,False,False,False,False,False,False,False,False,False,False,False,False,False,False,False,False,False,False,False,False,False,False,False,False,False
SPYM,2025-08-08,73.56927454850236,73.98346973929348,73.53969025258608,73.92430114746094,5185300,2025,8,31,Friday,73.7542,73.36219024658203,0.77,0.28,0.24,0.77,-0.24,0,0.0,72.6286,71.8949,71.1613,70.4277,69.6941,68.9605,68.2268,67.4932,66.7596,66.026,65.2923,64.5587,63.8251,63.0915,62.3579,61.6242,60.8906,60.157,59.4234,58.6898,57.9561,57.2225,56.4889,55.7553,55.0216,False,False,False,False,False,False,False,False,False,False,False,False,False,False,False,False,False,False,False,False,False,False,False,False,False
SPYM,2025-08-11,73.96375129969995,74.13140066355695,73.63830898822562,73.76651763916016,7613100,2025,8,32,Monday,73.875,73.92430114746094,-0.21,0.05,-0.39,-0.21,0.39,0,0.0,73.1851,72.4458,71.7066,70.9673,70.2281,69.4888,68.7496,68.0104,67.2711,66.5319,65.7926,65.0534,64.3141,63.5749,62.8357,62.0964,61.3572,60.6179,59.8787,59.1394,58.4002,57.661,56.9217,56.1825,55.4432,False,False,False,False,False,False,False,False,False,False,False,False,False,False,False,False,False,False,False,False,False,False,False,False,False
SPYM,2025-08-12,74.06236812734919,74.59490803956601,73.88485482327691,74.57518768310547,7750500,2025,8,32,Tuesday,74.2793,73.76651763916016,1.1,0.4,0.16,1.1,-0.16,0,0.0,73.0289,72.2912,71.5535,70.8159,70.0782,69.3405,68.6029,67.8652,67.1275,66.3899,65.6522,64.9145,64.1769,63.4392,62.7015,61.9639,61.2262,60.4885,59.7509,59.0132,58.2755,57.5379,56.8002,56.0626,55.3249,False,False,False,False,False,False,False,False,False,False,False,False,False,False,False,False,False,False,False,False,False,False,False,False,False
SPYM,2025-08-13,74.83159474737666,74.97952376427646,74.57519247699815,74.81187438964844,6822700,2025,8,32,Wednesday,74.7995,74.57518768310547,0.32,0.34,0.0,0.32,-0.0,0,0.0,73.8294,73.0837,72.3379,71.5922,70.8464,70.1007,69.3549,68.6092,67.8634,67.1177,66.3719,65.6262,64.8804,64.1347,63.3889,62.6432,61.8974,61.1517,60.4059,59.6602,58.9144,58.1686,57.4229,56.6771,55.9314,False,False,False,False,False,False,False,False,False,False,False,False,False,False,False,False,False,False,False,False,False,False,False,False,False
SPYM,2025-08-14,74.58505051564526,74.91049285510478,74.52588191719171,74.83159637451172,5374600,2025,8,32,Thursday,74.7133,74.81187438964844,0.03,-0.3,-0.38,0.03,0.38,0,0.0,74.0638,73.3156,72.5675,71.8194,71.0713,70.3232,69.575,68.8269,68.0788,67.3307,66.5826,65.8344,65.0863,64.3382,63.5901,62.842,62.0939,61.3457,60.5976,59.8495,59.1014,58.3533,57.6051,56.857,56.1089,False,False,False,False,False,False,False,False,False,False,False,False,False,False,False,False,False,False,False,False,False,False,False,False,False
SPYM,2025-08-15,74.95980610352633,74.95980610352633,74.5456033365078,74.66394805908203,6154000,2025,8,32,Friday,74.7823,74.83159637451172,-0.22,0.17,-0.38,-0.22,0.38,0,0.0,74.0833,73.335,72.5866,71.8383,71.09,70.3417,69.5934,68.8451,68.0968,67.3484,66.6001,65.8518,65.1035,64.3552,63.6069,62.8585,62.1102,61.3619,60.6136,59.8653,59.117,58.3686,57.6203,56.872,56.1237,False,False,False,False,False,False,False,False,False,False,False,False,False,False,False,False,False,False,False,False,False,False,False,False,False
SPYM,2025-08-18,74.59492151757928,74.72312266769116,74.50616861149797,74.64423370361328,7861000,2025,8,33,Monday,74.6171,74.66394805908203,-0.03,-0.09,-0.21,-0.03,0.21,0,0.0,73.9173,73.1707,72.424,71.6774,70.9308,70.1841,69.4375,68.6908,67.9442,67.1976,66.4509,65.7043,64.9576,64.211,63.4644,62.7177,61.9711,61.2244,60.4778,59.7312,58.9845,58.2379,57.4912,56.7446,55.998,False,False,False,False,False,False,False,False,False,False,False,False,False,False,False,False,False,False,False,False,False,False,False,False,False
SPYM,2025-08-19,74.6244934667461,74.73297423887709,74.09195354646174,74.23001861572266,6596700,2025,8,33,Tuesday,74.4199,74.64423370361328,-0.55,-0.03,-0.74,-0.55,0.74,0,0.0,73.8978,73.1513,72.4049,71.6585,70.912,70.1656,69.4191,68.6727,67.9263,67.1798,66.4334,65.6869,64.9405,64.194,63.4476,62.7012,61.9547,61.2083,60.4618,59.7154,58.9689,58.2225,57.4761,56.7296,55.9832,False,False,False,False,False,False,False,False,False,False,False,False,False,False,False,False,False,False,False,False,False,False,False,False,False
SPYM,2025-08-20,74.1905841008812,74.21030445928812,73.44108257371346,74.03279113769531,9371500,2025,8,33,Wednesday,73.9687,74.23001861572266,-0.27,-0.05,-1.06,-0.27,1.06,1,73.4877,73.4877,72.7454,72.0031,71.2608,70.5185,69.7762,69.0339,68.2916,67.5493,66.807,66.0647,65.3224,64.5801,63.8378,63.0955,62.3532,61.6109,60.8686,60.1263,59.384,58.6417,57.8994,57.1571,56.4148,55.6725,True,False,False,False,False,False,False,False,False,False,False,False,False,False,False,False,False,False,False,False,False,False,False,False,False
SPYM,2025-08-21,73.81583496391494,74.02293260022773,73.53970478216455,73.7369384765625,7924500,2025,8,33,Thursday,73.7789,74.03279113769531,-0.4,-0.29,-0.67,-0.4,0.67,0,0.0,73.2925,72.5521,71.8118,71.0715,70.3312,69.5908,68.8505,68.1102,67.3698,66.6295,65.8892,65.1489,64.4085,63.6682,62.9279,62.1875,61.4472,60.7069,59.9666,59.2262,58.4859,57.7456,57.0052,56.2649,55.5246,False,False,False,False,False,False,False,False,False,False,False,False,False,False,False,False,False,False,False,False,False,False,False,False,False
SPYM,2025-08-22,74.00320092667761,75.0189685931032,73.93416839179379,74.8611831665039,6186600,2025,8,33,Friday,74.4544,73.7369384765625,1.52,0.36,0.27,1.52,-0.27,0,0.0,72.9996,72.2622,71.5248,70.7875,70.0501,69.3127,68.5754,67.838,67.1006,66.3632,65.6259,64.8885,64.1511,63.4138,62.6764,61.939,61.2017,60.4643,59.7269,58.9896,58.2522,57.5148,56.7774,56.0401,55.3027,False,False,False,False,False,False,False,False,False,False,False,False,False,False,False,False,False,False,False,False,False,False,False,False,False
SPYM,2025-08-25,74.73297901635158,74.87104409443862,74.54560175724099,74.55546569824219,8281100,2025,8,34,Monday,74.6763,74.8611831665039,-0.41,-0.17,-0.42,-0.41,0.42,0,0.0,74.1126,73.364,72.6153,71.8667,71.1181,70.3695,69.6209,68.8723,68.1237,67.3751,66.6265,65.8778,65.1292,64.3806,63.632,62.8834,62.1348,61.3862,60.6376,59.8889,59.1403,58.3917,57.6431,56.8945,56.1459,False,False,False,False,False,False,False,False,False,False,False,False,False,False,False,False,False,False,False,False,False,False,False,False,False
SPYM,2025-08-26,74.51601296810281,74.90062388016723,74.43712401679417,74.8611831665039,9712000,2025,8,34,Tuesday,74.6787,74.55546569824219,0.41,-0.05,-0.16,0.41,0.16,0,0.0,73.8099,73.0644,72.3188,71.5732,70.8277,70.0821,69.3366,68.591,67.8455,67.0999,66.3544,65.6088,64.8633,64.1177,63.3721,62.6266,61.881,61.1355,60.3899,59.6444,58.8988,58.1533,57.4077,56.6622,55.9166,False,False,False,False,False,False,False,False,False,False,False,False,False,False,False,False,False,False,False,False,False,False,False,False,False
SPYM,2025-08-27,74.79214281832489,75.11758513465342,74.78228640193818,75.03868865966797,8880800,2025,8,34,Wednesday,74.9327,74.8611831665039,0.24,-0.09,-0.11,0.24,0.11,0,0.0,74.1126,73.364,72.6153,71.8667,71.1181,70.3695,69.6209,68.8723,68.1237,67.3751,66.6265,65.8778,65.1292,64.3806,63.632,62.8834,62.1348,61.3862,60.6376,59.8889,59.1403,58.3917,57.6431,56.8945,56.1459,False,False,False,False,False,False,False,False,False,False,False,False,False,False,False,False,False,False,False,False,False,False,False,False,False
SPYM,2025-08-28,75.10772849530694,75.36413075227559,74.89076695173198,75.30496215820312,9879800,2025,8,34,Thursday,75.1669,75.03868865966797,0.35,0.09,-0.2,0.35,0.2,0,0.0,74.2883,73.5379,72.7875,72.0371,71.2868,70.5364,69.786,69.0356,68.2852,67.5348,66.7844,66.034,65.2837,64.5333,63.7829,63.0325,62.2821,61.5317,60.7813,60.031,59.2806,58.5302,57.7798,57.0294,56.279,False,False,False,False,False,False,False,False,False,False,False,False,False,False,False,False,False,False,False,False,False,False,False,False,False
SPYM,2025-08-29,75.12745615325262,75.157040453164,74.6343644241092,74.85132598876953,9762500,2025,8,34,Friday,74.9425,75.30496215820312,-0.6,-0.24,-0.89,-0.6,0.89,0,0.0,74.5519,73.7989,73.0458,72.2928,71.5397,70.7867,70.0336,69.2806,68.5275,67.7745,67.0214,66.2684,65.5153,64.7623,64.0092,63.2562,62.5031,61.7501,60.997,60.244,59.4909,58.7379,57.9848,57.2318,56.4787,False,False,False,False,False,False,False,False,False,False,False,False,False,False,False,False,False,False,False,False,False,False,False,False,False
SPYM,2025-09-02,73.96375065266061,74.30891331757667,73.66789264045724,74.2990493774414,12251600,2025,9,35,Tuesday,74.0599,74.85132598876953,-0.74,-1.19,-1.58,-0.74,1.58,1,74.1028,74.1028,73.3543,72.6058,71.8573,71.1088,70.3602,69.6117,68.8632,68.1147,67.3662,66.6177,65.8692,65.1207,64.3721,63.6236,62.8751,62.1266,61.3781,60.6296,59.8811,59.1325,58.384,57.6355,56.887,56.1385,True,False,False,False,False,False,False,False,False,False,False,False,False,False,False,False,False,False,False,False,False,False,False,False,False
SPYM,2025-09-03,74.57519688946022,74.75271021544663,74.31878707992813,74.68367767333984,12934400,2025,9,35,Wednesday,74.5826,74.2990493774414,0.52,0.37,0.03,0.52,-0.03,0,0.0,73.5561,72.8131,72.0701,71.3271,70.5841,69.8411,69.0981,68.3551,67.6121,66.8691,66.1262,65.3832,64.6402,63.8972,63.1542,62.4112,61.6682,60.9252,60.1822,59.4392,58.6962,57.9533,57.2103,56.4673,55.7243,False,False,False,False,False,False,False,False,False,False,False,False,False,False,False,False,False,False,False,False,False,False,False,False,False
SPYM,2025-09-04,74.77243067460115,75.31483459472656,74.66394989057608,75.31483459472656,8641200,2025,9,35,Thursday,75.0165,74.68367767333984,0.85,0.12,-0.03,0.85,0.03,0,0.0,73.9368,73.19,72.4432,71.6963,70.9495,70.2027,69.4558,68.709,67.9621,67.2153,66.4685,65.7216,64.9748,64.228,63.4811,62.7343,61.9875,61.2406,60.4938,59.7469,59.0001,58.2533,57.5064,56.7596,56.0128,False,False,False,False,False,False,False,False,False,False,False,False,False,False,False,False,False,False,False,False,False,False,False,False,False
SPYM,2025-09-05,75.60082553022562,75.67971448658147,74.65408281413062,75.09786987304688,10020600,2025,9,35,Friday,75.2581,75.31483459472656,-0.29,0.38,-0.88,-0.29,0.88,0,0.0,74.5617,73.8085,73.0554,72.3022,71.5491,70.7959,70.0428,69.2896,68.5365,67.7834,67.0302,66.2771,65.5239,64.7708,64.0176,63.2645,62.5113,61.7582,61.005,60.2519,59.4987,58.7456,57.9924,57.2393,56.4861,False,False,False,False,False,False,False,False,False,False,False,False,False,False,False,False,False,False,False,False,False,False,False,False,False
SPYM,2025-09-08,75.26552068077541,75.4035857619994,75.10773524108342,75.29510498046875,8104300,2025,9,36,Monday,75.268,75.09786987304688,0.26,0.22,0.01,0.26,-0.01,0,0.0,74.3469,73.5959,72.8449,72.094,71.343,70.592,69.841,69.09,68.3391,67.5881,66.8371,66.0861,65.3351,64.5842,63.8332,63.0822,62.3312,61.5803,60.8293,60.0783,59.3273,58.5763,57.8254,57.0744,56.3234,False,False,False,False,False,False,False,False,False,False,False,False,False,False,False,False,False,False,False,False,False,False,False,False,False
SPYM,2025-09-09,75.31483179952032,75.52192941843221,75.09787023952238,75.46275329589844,6444400,2025,9,36,Tuesday,75.3493,75.29510498046875,0.22,0.03,-0.26,0.22,0.26,0,0.0,74.5422,73.7892,73.0363,72.2833,71.5303,70.7774,70.0244,69.2715,68.5185,67.7656,67.0126,66.2597,65.5067,64.7538,64.0008,63.2479,62.4949,61.742,60.989,60.2361,59.4831,58.7302,57.9772,57.2243,56.4713,False,False,False,False,False,False,False,False,False,False,False,False,False,False,False,False,False,False,False,False,False,False,False,False,False
SPYM,2025-09-10,75.84736814925066,75.95584140010543,75.49234152687198,75.6895751953125,6473500,2025,9,36,Wednesday,75.7463,75.46275329589844,0.3,0.51,0.04,0.3,-0.04,0,0.0,74.7081,73.9535,73.1989,72.4442,71.6896,70.935,70.1804,69.4257,68.6711,67.9165,67.1619,66.4072,65.6526,64.898,64.1433,63.3887,62.6341,61.8795,61.1248,60.3702,59.6156,58.8609,58.1063,57.3517,56.5971,False,False,False,False,False,False,False,False,False,False,False,False,False,False,False,False,False,False,False,False,False,False,False,False,False
SPYM,2025-09-11,75.90654286854405,76.38977066199395,75.84737426803505,76.30101776123047,8949200,2025,9,36,Thursday,76.1112,75.6895751953125,0.81,0.29,0.21,0.81,-0.21,0,0.0,74.9327,74.1758,73.4189,72.662,71.9051,71.1482,70.3913,69.6344,68.8775,68.1206,67.3637,66.6068,65.8499,65.093,64.3361,63.5792,62.8223,62.0655,61.3086,60.5517,59.7948,59.0379,58.281,57.5241,56.7672,False,False,False,False,False,False,False,False,False,False,False,False,False,False,False,False,False,False,False,False,False,False,False,False,False
SPYM,2025-09-12,76.31087244655565,76.47852935083027,76.23198348899521,76.28128814697266,5851200,2025,9,36,Friday,76.3257,76.30101776123047,-0.03,0.01,-0.09,-0.03,0.09,0,0.0,75.538,74.775,74.012,73.249,72.486,71.723,70.9599,70.1969,69.4339,68.6709,67.9079,67.1449,66.3819,65.6189,64.8559,64.0929,63.3298,62.5668,61.8038,61.0408,60.2778,59.5148,58.7518,57.9888,57.2258,False,False,False,False,False,False,False,False,False,False,False,False,False,False,False,False,False,False,False,False,False,False,False,False,False
SPYM,2025-09-15,76.54755723010224,76.71520660018587,76.50810899173278,76.6757583618164,13779200,2025,9,37,Monday,76.6117,76.28128814697266,0.52,0.35,0.3,0.52,-0.3,0,0.0,75.5185,74.7557,73.9928,73.23,72.4672,71.7044,70.9416,70.1788,69.416,68.6532,67.8903,67.1275,66.3647,65.6019,64.8391,64.0763,63.3135,62.5507,61.7878,61.025,60.2622,59.4994,58.7366,57.9738,57.211,False,False,False,False,False,False,False,False,False,False,False,False,False,False,False,False,False,False,False,False,False,False,False,False,False
SPYM,2025-09-16,76.76451140226392,76.79410322408432,76.49824519773745,76.58700561523438,7476900,2025,9,37,Tuesday,76.661,76.6757583618164,-0.12,0.12,-0.23,-0.12,0.23,0,0.0,75.909,75.1422,74.3755,73.6087,72.842,72.0752,71.3085,70.5417,69.7749,69.0082,68.2414,67.4747,66.7079,65.9412,65.1744,64.4076,63.6409,62.8741,62.1074,61.3406,60.5738,59.8071,59.0403,58.2736,57.5068,False,False,False,False,False,False,False,False,False,False,False,False,False,False,False,False,False,False,False,False,False,False,False,False,False
SPYM,2025-09-17,76.59686884590225,76.7842461141898,75.92626378064362,76.48838806152344,8831000,2025,9,37,Wednesday,76.4489,76.58700561523438,-0.13,0.01,-0.86,-0.13,0.86,0,0.0,75.8211,75.0553,74.2894,73.5235,72.7577,71.9918,71.2259,70.46,69.6942,68.9283,68.1624,67.3966,66.6307,65.8648,65.099,64.3331,63.5672,62.8013,62.0355,61.2696,60.5037,59.7379,58.972,58.2061,57.4403,False,False,False,False,False,False,False,False,False,False,False,False,False,False,False,False,False,False,False,False,False,False,False,False,False
SPYM,2025-09-18,76.81381475341331,77.15897739516174,76.62643752332932,76.84339904785156,8394000,2025,9,37,Thursday,76.8607,76.48838806152344,0.46,0.43,0.18,0.46,-0.18,0,0.0,75.7235,74.9586,74.1937,73.4289,72.664,71.8991,71.1342,70.3693,69.6044,68.8395,68.0747,67.3098,66.5449,65.78,65.0151,64.2502,63.4854,62.7205,61.9556,61.1907,60.4258,59.6609,58.8961,58.1312,57.3663,False,False,False,False,False,False,False,False,False,False,False,False,False,False,False,False,False,False,False,False,False,False,False,False,False
SPYM,2025-09-19,77.0702335231522,77.31677937093964,76.8434080326356,77.2181625366211,18159600,2025,9,37,Friday,77.1121,76.84339904785156,0.49,0.3,0.0,0.49,-0.0,0,0.0,76.075,75.3065,74.5381,73.7697,73.0012,72.2328,71.4644,70.6959,69.9275,69.1591,68.3906,67.6222,66.8538,66.0853,65.3169,64.5485,63.78,63.0116,62.2432,61.4747,60.7063,59.9379,59.1694,58.401,57.6325,False,False,False,False,False,False,False,False,False,False,False,False,False,False,False,False,False,False,False,False,False,False,False,False,False
SPYM,2025-09-22,77.0505068831385,77.65207936334943,77.0505068831385,77.59291076660156,9015200,2025,9,38,Monday,77.3365,77.2181625366211,0.49,-0.22,-0.22,0.49,0.22,0,0.0,76.446,75.6738,74.9016,74.1294,73.3573,72.5851,71.8129,71.0407,70.2685,69.4963,68.7242,67.952,67.1798,66.4076,65.6354,64.8633,64.0911,63.3189,62.5467,61.7745,61.0023,60.2302,59.458,58.6858,57.9136,False,False,False,False,False,False,False,False,False,False,False,False,False,False,False,False,False,False,False,False,False,False,False,False,False
SPYM,2025-09-23,77.58305063159067,77.65208317251027,77.0307903042338,77.1885757446289,13251300,2025,9,38,Tuesday,77.3636,77.59291076660156,-0.52,-0.01,-0.72,-0.52,0.72,0,0.0,76.817,76.0411,75.2651,74.4892,73.7133,72.9373,72.1614,71.3855,70.6095,69.8336,69.0577,68.2818,67.5058,66.7299,65.954,65.178,64.4021,63.6262,62.8503,62.0743,61.2984,60.5225,59.7465,58.9706,58.1947,False,False,False,False,False,False,False,False,False,False,False,False,False,False,False,False,False,False,False,False,False,False,False,False,False
SPYM,2025-09-24,77.3167770957419,77.32664103607814,76.75465288028742,76.92230224609375,18816700,2025,9,38,Wednesday,77.0801,77.1885757446289,-0.34,0.17,-0.56,-0.34,0.56,0,0.0,76.4167,75.6448,74.8729,74.101,73.3291,72.5573,71.7854,71.0135,70.2416,69.4697,68.6978,67.9259,67.1541,66.3822,65.6103,64.8384,64.0665,63.2946,62.5227,61.7509,60.979,60.2071,59.4352,58.6633,57.8914,False,False,False,False,False,False,False,False,False,False,False,False,False,False,False,False,False,False,False,False,False,False,False,False,False
SPYM,2025-09-25,76.5672836303711,76.72507659630278,76.15308838077453,76.5672836303711,6968900,2025,9,38,Thursday,76.5032,76.92230224609375,-0.46,-0.46,-1.0,-0.46,1.0,0,0.0,76.1531,75.3839,74.6146,73.8454,73.0762,72.307,71.5377,70.7685,69.9993,69.2301,68.4608,67.6916,66.9224,66.1532,65.384,64.6147,63.8455,63.0763,62.3071,61.5378,60.7686,59.9994,59.2302,58.4609,57.6917,False,False,False,False,False,False,False,False,False,False,False,False,False,False,False,False,False,False,False,False,False,False,False,False,False
SPYM,2025-09-26,76.75324643287692,77.07968944174031,76.56530057238481,77.01044464111328,7538600,2025,9,38,Friday,76.8522,76.5672836303711,0.58,0.24,-0.0,0.58,0.0,0,0.0,75.8016,75.0359,74.2703,73.5046,72.7389,71.9732,71.2076,70.4419,69.6762,68.9106,68.1449,67.3792,66.6135,65.8479,65.0822,64.3165,63.5508,62.7852,62.0195,61.2538,60.4882,59.7225,58.9568,58.1911,57.4255,False,False,False,False,False,False,False,False,False,False,False,False,False,False,False,False,False,False,False,False,False,False,False,False,False
SPYM,2025-09-29,77.31710646191006,77.40613225658572,77.02033871875678,77.22807312011719,6601700,2025,9,39,Monday,77.2429,77.01044464111328,0.28,0.4,0.01,0.28,-0.01,0,0.0,76.2403,75.4702,74.7001,73.93,73.1599,72.3898,71.6197,70.8496,70.0795,69.3094,68.5393,67.7692,66.9991,66.229,65.4589,64.6888,63.9187,63.1486,62.3785,61.6084,60.8383,60.0681,59.298,58.5279,57.7578,False,False,False,False,False,False,False,False,False,False,False,False,False,False,False,False,False,False,False,False,False,False,False,False,False
SPYM,2025-09-30,77.14893893965186,77.57430204000718,76.99066833448957,77.49516296386719,6086400,2025,9,39,Tuesday,77.3023,77.22807312011719,0.35,-0.1,-0.31,0.35,0.31,0,0.0,76.4558,75.6835,74.9112,74.139,73.3667,72.5944,71.8221,71.0498,70.2775,69.5053,68.733,67.9607,67.1884,66.4161,65.6439,64.8716,64.0993,63.327,62.5547,61.7825,61.0102,60.2379,59.4656,58.6933,57.9211,False,False,False,False,False,False,False,False,False,False,False,False,False,False,False,False,False,False,False,False,False,False,False,False,False
SPYM,2025-10-01,77.16871929105214,77.89084252960498,77.15882502080545,77.78202819824219,11770400,2025,10,39,Wednesday,77.5001,77.49516296386719,0.37,-0.42,-0.43,0.37,0.43,0,0.0,76.7202,75.9453,75.1703,74.3954,73.6204,72.8455,72.0705,71.2955,70.5206,69.7456,68.9707,68.1957,67.4208,66.6458,65.8709,65.0959,64.321,63.546,62.7711,61.9961,61.2212,60.4462,59.6713,58.8963,58.1214,False,False,False,False,False,False,False,False,False,False,False,False,False,False,False,False,False,False,False,False,False,False,False,False,False
SPYM,2025-10-02,78.00956047338741,78.02934146913279,77.58419736724281,77.8710708618164,11040300,2025,10,39,Thursday,77.8735,77.78202819824219,0.11,0.29,-0.25,0.11,0.25,0,0.0,77.0042,76.2264,75.4486,74.6707,73.8929,73.1151,72.3373,71.5595,70.7816,70.0038,69.226,68.4482,67.6704,66.8925,66.1147,65.3369,64.5591,63.7813,63.0034,62.2256,61.4478,60.67,59.8922,59.1143,58.3365,False,False,False,False,False,False,False,False,False,False,False,False,False,False,False,False,False,False,False,False,False,False,False,False,False
SPYM,2025-10-03,77.96998435114261,78.27663881556828,77.75235568073067,77.8809585571289,9134200,2025,10,39,Friday,77.97,77.8710708618164,0.01,0.13,-0.15,0.01,0.15,0,0.0,77.0924,76.3136,75.5349,74.7562,73.9775,73.1988,72.4201,71.6414,70.8627,70.084,69.3053,68.5265,67.7478,66.9691,66.1904,65.4117,64.633,63.8543,63.0756,62.2969,61.5181,60.7394,59.9607,59.182,58.4033,False,False,False,False,False,False,False,False,False,False,False,False,False,False,False,False,False,False,False,False,False,False,False,False,False
SPYM,2025-10-06,78.15794372558594,78.25686379775003,77.90074550026512,78.15794372558594,5961900,2025,10,40,Monday,78.1184,77.8809585571289,0.36,0.36,0.03,0.36,-0.03,0,0.0,77.1021,76.3233,75.5445,74.7657,73.9869,73.2081,72.4293,71.6505,70.8717,70.0929,69.3141,68.5352,67.7564,66.9776,66.1988,65.42,64.6412,63.8624,63.0836,62.3048,61.526,60.7471,59.9683,59.1895,58.4107,False,False,False,False,False,False,False,False,False,False,False,False,False,False,False,False,False,False,False,False,False,False,False,False,False
SPYM,2025-10-07,78.26675870078405,78.31621496370639,77.69301171163686,77.8710708618164,18296700,2025,10,40,Tuesday,78.0368,78.15794372558594,-0.37,0.14,-0.59,-0.37,0.59,0,0.0,77.3764,76.5948,75.8132,75.0316,74.25,73.4685,72.6869,71.9053,71.1237,70.3421,69.5606,68.779,67.9974,67.2158,66.4343,65.6527,64.8711,64.0895,63.3079,62.5264,61.7448,60.9632,60.1816,59.4,58.6185,False,False,False,False,False,False,False,False,False,False,False,False,False,False,False,False,False,False,False,False,False,False,False,False,False
SPYM,2025-10-08,78.00955447304696,78.33599748111976,77.91063440769322,78.32610321044922,5219100,2025,10,40,Wednesday,78.1456,77.8710708618164,0.58,0.18,0.05,0.58,-0.05,0,0.0,77.0924,76.3136,75.5349,74.7562,73.9775,73.1988,72.4201,71.6414,70.8627,70.084,69.3053,68.5265,67.7478,66.9691,66.1904,65.4117,64.633,63.8543,63.0756,62.2969,61.5181,60.7394,59.9607,59.182,58.4033,False,False,False,False,False,False,False,False,False,False,False,False,False,False,False,False,False,False,False,False,False,False,False,False,False
SPYM,2025-10-09,78.37556721038943,78.42502346962992,77.87106506458616,78.10847473144531,5709700,2025,10,40,Thursday,78.195,78.32610321044922,-0.28,0.06,-0.58,-0.28,0.58,0,0.0,77.5428,76.7596,75.9763,75.1931,74.4098,73.6265,72.8433,72.06,71.2768,70.4935,69.7102,68.927,68.1437,67.3604,66.5772,65.7939,65.0107,64.2274,63.4441,62.6609,61.8776,61.0944,60.3111,59.5278,58.7446,False,False,False,False,False,False,False,False,False,False,False,False,False,False,False,False,False,False,False,False,False,False,False,False,False
SPYM,2025-10-10,78.21729180107599,78.42502621022678,75.96188101930468,76.01133728027344,19456000,2025,10,40,Friday,77.1539,78.10847473144531,-2.68,0.14,-2.75,-2.68,2.75,2,153.8737,77.3274,76.5463,75.7652,74.9841,74.2031,73.422,72.6409,71.8598,71.0787,70.2976,69.5165,68.7355,67.9544,67.1733,66.3922,65.6111,64.83,64.0489,63.2679,62.4868,61.7057,60.9246,60.1435,59.3624,58.5814,True,True,False,False,False,False,False,False,False,False,False,False,False,False,False,False,False,False,False,False,False,False,False,False,False
SPYM,2025-10-13,76.88184953204546,77.33688787277937,76.78292946616719,77.15882873535156,8761100,2025,10,41,Monday,77.0401,76.01133728027344,1.51,1.15,1.02,1.51,-1.02,0,0.0,75.2512,74.4911,73.731,72.9709,72.2108,71.4507,70.6905,69.9304,69.1703,68.4102,67.6501,66.89,66.1299,65.3698,64.6096,63.8495,63.0894,62.3293,61.5692,60.8091,60.049,59.2888,58.5287,57.7686,57.0085,False,False,False,False,False,False,False,False,False,False,False,False,False,False,False,False,False,False,False,False,False,False,False,False,False
SPYM,2025-10-14,76.47627342409689,77.4852777973715,76.01134077632504,77.06980895996094,12231300,2025,10,41,Tuesday,76.7607,77.15882873535156,-0.12,-0.88,-1.49,-0.12,1.49,1,76.3872,76.3872,75.6157,74.8441,74.0725,73.3009,72.5293,71.7577,70.9861,70.2145,69.4429,68.6714,67.8998,67.1282,66.3566,65.585,64.8134,64.0418,63.2702,62.4987,61.7271,60.9555,60.1839,59.4123,58.6407,57.8691,True,False,False,False,False,False,False,False,False,False,False,False,False,False,False,False,False,False,False,False,False,False,False,False,False
SPYM,2025-10-15,77.60396699189825,77.98976050290509,76.68399610862426,77.39623260498047,9446600,2025,10,41,Wednesday,77.4185,77.06980895996094,0.42,0.69,-0.5,0.42,0.5,0,0.0,76.2991,75.5284,74.7577,73.987,73.2163,72.4456,71.6749,70.9042,70.1335,69.3628,68.5921,67.8214,67.0507,66.28,65.5093,64.7386,63.9679,63.1972,62.4265,61.6558,60.8851,60.1145,59.3438,58.5731,57.8024,False,False,False,False,False,False,False,False,False,False,False,False,False,False,False,False,False,False,False,False,False,False,False,False,False
SPYM,2025-10-16,77.60397554876835,77.82160422966439,76.47627015423205,76.8917465209961,19336700,2025,10,41,Thursday,77.1984,77.39623260498047,-0.65,0.27,-1.19,-0.65,1.19,1,76.6223,76.6223,75.8483,75.0743,74.3004,73.5264,72.7525,71.9785,71.2045,70.4306,69.6566,68.8826,68.1087,67.3347,66.5608,65.7868,65.0128,64.2389,63.4649,62.6909,61.917,61.143,60.3691,59.5951,58.8211,58.0472,True,False,False,False,False,False,False,False,False,False,False,False,False,False,False,False,False,False,False,False,False,False,False,False,False
SPYM,2025-10-17,76.743361196771,77.4654844820041,76.5949773219464,77.31710815429688,17256200,2025,10,41,Friday,77.0302,76.8917465209961,0.55,-0.19,-0.39,0.55,0.39,0,0.0,76.1228,75.3539,74.585,73.8161,73.0472,72.2782,71.5093,70.7404,69.9715,69.2026,68.4337,67.6647,66.8958,66.1269,65.358,64.5891,63.8201,63.0512,62.2823,61.5134,60.7445,59.9756,59.2066,58.4377,57.6688,False,False,False,False,False,False,False,False,False,False,False,False,False,False,False,False,False,False,False,False,False,False,False,False,False
SPYM,2025-10-20,77.6534374397387,78.22718439391372,77.6534374397387,78.11837005615234,5714700,2025,10,42,Monday,77.9131,77.31710815429688,1.04,0.43,0.43,1.04,-0.43,0,0.0,76.5439,75.7708,74.9976,74.2244,73.4513,72.6781,71.9049,71.1317,70.3586,69.5854,68.8122,68.0391,67.2659,66.4927,65.7195,64.9464,64.1732,63.4,62.6269,61.8537,61.0805,60.3073,59.5342,58.761,57.9878,False,False,False,False,False,False,False,False,False,False,False,False,False,False,False,False,False,False,False,False,False,False,False,False,False
SPYM,2025-10-21,78.13815105069199,78.31621019001813,77.96998618219435,78.11837005615234,6196100,2025,10,42,Tuesday,78.1357,78.11837005615234,0.0,0.03,-0.19,0.0,0.19,0,0.0,77.3372,76.556,75.7748,74.9936,74.2125,73.4313,72.6501,71.8689,71.0877,70.3065,69.5253,68.7442,67.963,67.1818,66.4006,65.6194,64.8382,64.0571,63.2759,62.4947,61.7135,60.9323,60.1511,59.37,58.5888,False,False,False,False,False,False,False,False,False,False,False,False,False,False,False,False,False,False,False,False,False,False,False,False,False
SPYM,2025-10-22,78.2073983692882,78.2073983692882,77.18850730756446,77.7029037475586,11173300,2025,10,42,Wednesday,77.8266,78.11837005615234,-0.53,0.11,-1.19,-0.53,1.19,1,77.3372,77.3372,76.556,75.7748,74.9936,74.2125,73.4313,72.6501,71.8689,71.0877,70.3065,69.5253,68.7442,67.963,67.1818,66.4006,65.6194,64.8382,64.0571,63.2759,62.4947,61.7135,60.9323,60.1511,59.37,58.5888,True,False,False,False,False,False,False,False,False,False,False,False,False,False,False,False,False,False,False,False,False,False,False,False,False
SPYM,2025-10-23,77.75236161846011,78.28653906468749,77.72268635152265,78.15794372558594,7990000,2025,10,42,Thursday,77.9799,77.7029037475586,0.59,0.06,0.03,0.59,-0.03,0,0.0,76.9259,76.1488,75.3718,74.5948,73.8178,73.0407,72.2637,71.4867,70.7096,69.9326,69.1556,68.3786,67.6015,66.8245,66.0475,65.2704,64.4934,63.7164,62.9394,62.1623,61.3853,60.6083,59.8312,59.0542,58.2772,False,False,False,False,False,False,False,False,False,False,False,False,False,False,False,False,False,False,False,False,False,False,False,False,False
SPYM,2025-10-24,78.72179573318869,78.9592054136782,78.63276238605657,78.81082153320312,6816400,2025,10,42,Friday,78.7811,78.15794372558594,0.84,0.72,0.61,0.84,-0.61,0,0.0,77.3764,76.5948,75.8132,75.0316,74.25,73.4685,72.6869,71.9053,71.1237,70.3421,69.5606,68.779,67.9974,67.2158,66.4343,65.6527,64.8711,64.0895,63.3079,62.5264,61.7448,60.9632,60.1816,59.4,58.6185,False,False,False,False,False,False,False,False,False,False,False,False,False,False,False,False,False,False,False,False,False,False,False,False,False
SPYM,2025-10-27,79.453811027856,79.78025404607175,79.38456622524517,79.74068450927734,5419900,2025,10,43,Monday,79.5898,78.81082153320312,1.18,0.82,0.73,1.18,-0.73,0,0.0,78.0227,77.2346,76.4465,75.6584,74.8703,74.0822,73.2941,72.506,71.7178,70.9297,70.1416,69.3535,68.5654,67.7773,66.9892,66.2011,65.413,64.6249,63.8368,63.0487,62.2605,61.4724,60.6843,59.8962,59.1081,False,False,False,False,False,False,False,False,False,False,False,False,False,False,False,False,False,False,False,False,False,False,False,False,False
SPYM,2025-10-28,79.95831193439705,80.17594060979528,79.70111372282484,79.94841766357422,9940500,2025,10,43,Tuesday,79.9459,79.74068450927734,0.26,0.27,-0.05,0.26,0.05,0,0.0,78.9433,78.1459,77.3485,76.5511,75.7537,74.9562,74.1588,73.3614,72.564,71.7666,70.9692,70.1718,69.3744,68.577,67.7796,66.9822,66.1848,65.3874,64.59,63.7925,62.9951,62.1977,61.4003,60.6029,59.8055,False,False,False,False,False,False,False,False,False,False,False,False,False,False,False,False,False,False,False,False,False,False,False,False,False
SPYM,2025-10-29,80.1561485646645,80.26496289760753,79.47358730295224,79.98798370361328,13017700,2025,10,43,Wednesday,79.9707,79.94841766357422,0.05,0.26,-0.59,0.05,0.59,0,0.0,79.1489,78.3494,77.55,76.7505,75.951,75.1515,74.352,73.5525,72.7531,71.9536,71.1541,70.3546,69.5551,68.7556,67.9562,67.1567,66.3572,65.5577,64.7582,63.9587,63.1592,62.3598,61.5603,60.7608,59.9613,False,False,False,False,False,False,False,False,False,False,False,False,False,False,False,False,False,False,False,False,False,False,False,False,False
SPYM,2025-10-30,79.582404508123,79.81982172335847,79.11747944263406,79.13726043701172,13410000,2025,10,43,Thursday,79.4142,79.98798370361328,-1.06,-0.51,-1.09,-1.06,1.09,1,79.1881,79.1881,78.3882,77.5883,76.7885,75.9886,75.1887,74.3888,73.5889,72.7891,71.9892,71.1893,70.3894,69.5895,68.7897,67.9898,67.1899,66.39,65.5901,64.7903,63.9904,63.1905,62.3906,61.5907,60.7909,59.991,True,False,False,False,False,False,False,False,False,False,False,False,False,False,False,False,False,False,False,False,False,False,False,False,False
SPYM,2025-10-31,79.58240634381997,79.73079021998554,79.04823646501185,79.37467193603516,3589400,2025,10,43,Friday,79.434,79.13726043701172,0.3,0.56,-0.11,0.3,0.11,0,0.0,78.3459,77.5545,76.7631,75.9718,75.1804,74.389,73.5977,72.8063,72.0149,71.2235,70.4322,69.6408,68.8494,68.058,67.2667,66.4753,65.6839,64.8926,64.1012,63.3098,62.5184,61.7271,60.9357,60.1443,59.3529,False,False,False,False,False,False,False,False,False,False,False,False,False,False,False,False,False,False,False,False,False,False,False,False,False
SPYM,2025-11-03,79.80003524141274,79.80992951241556,79.12736820845267,79.52305603027344,7541100,2025,11,44,Monday,79.5651,79.37467193603516,0.19,0.54,-0.31,0.19,0.31,0,0.0,78.5809,77.7872,76.9934,76.1997,75.4059,74.6122,73.8184,73.0247,72.231,71.4372,70.6435,69.8497,69.056,68.2622,67.4685,66.6747,65.881,65.0872,64.2935,63.4997,62.706,61.9122,61.1185,60.3248,59.531,False,False,False,False,False,False,False,False,False,False,False,False,False,False,False,False,False,False,False,False,False,False,False,False,False
SPYM,2025-11-04,78.67232449319887,79.12736281579002,78.50415963319894,78.59318542480469,6593500,2025,11,44,Tuesday,78.7243,79.52305603027344,-1.17,-1.07,-1.28,-1.17,1.28,1,78.7278,78.7278,77.9326,77.1374,76.3421,75.5469,74.7517,73.9564,73.1612,72.366,71.5708,70.7755,69.9803,69.1851,68.3898,67.5946,66.7994,66.0041,65.2089,64.4137,63.6184,62.8232,62.028,61.2328,60.4375,59.6423,True,False,False,False,False,False,False,False,False,False,False,False,False,False,False,False,False,False,False,False,False,False,False,False,False
SPYM,2025-11-05,78.55362737257433,79.23618111709254,78.46459402939183,78.85038757324219,5133300,2025,11,44,Wednesday,78.7762,78.59318542480469,0.33,-0.05,-0.16,0.33,0.16,0,0.0,77.8073,77.0213,76.2354,75.4495,74.6635,73.8776,73.0917,72.3057,71.5198,70.7339,69.9479,69.162,68.3761,67.5901,66.8042,66.0183,65.2323,64.4464,63.6605,62.8745,62.0886,61.3027,60.5168,59.7308,58.9449,False,False,False,False,False,False,False,False,False,False,False,False,False,False,False,False,False,False,False,False,False,False,False,False,False
SPYM,2025-11-06,78.72178746121492,78.8306017923214,77.82159754880973,77.9996566772461,8652700,2025,11,44,Thursday,78.3434,78.85038757324219,-1.08,-0.16,-1.3,-1.08,1.3,1,78.0619,78.0619,77.2734,76.4849,75.6964,74.9079,74.1194,73.3309,72.5424,71.7539,70.9653,70.1768,69.3883,68.5998,67.8113,67.0228,66.2343,65.4458,64.6573,63.8688,63.0803,62.2918,61.5033,60.7148,59.9263,59.1378,True,False,False,False,False,False,False,False,False,False,False,False,False,False,False,False,False,False,False,False,False,False,False,False,False
SPYM,2025-11-07,77.722685721515,78.08869828738482,76.9412043276531,78.07880401611328,7787200,2025,11,44,Friday,77.7078,77.9996566772461,0.1,-0.36,-1.36,0.1,1.36,1,77.2197,77.2197,76.4397,75.6597,74.8797,74.0997,73.3197,72.5397,71.7597,70.9797,70.1997,69.4197,68.6397,67.8597,67.0797,66.2997,65.5197,64.7397,63.9597,63.1797,62.3997,61.6197,60.8397,60.0597,59.2797,58.4997,True,False,False,False,False,False,False,False,False,False,False,False,False,False,False,False,False,False,False,False,False,False,False,False,False
SPYM,2025-11-10,78.81081869405924,79.38456565276434,78.56351475121573,79.29553985595703,7052500,2025,11,45,Monday,79.0136,78.07880401611328,1.56,0.94,0.62,1.56,-0.62,0,0.0,77.298,76.5172,75.7364,74.9557,74.1749,73.3941,72.6133,71.8325,71.0517,70.2709,69.4901,68.7093,67.9286,67.1478,66.367,65.5862,64.8054,64.0246,63.2438,62.463,61.6823,60.9015,60.1207,59.3399,58.5591,False,False,False,False,False,False,False,False,False,False,False,False,False,False,False,False,False,False,False,False,False,False,False,False,False
SPYM,2025-11-11,79.13726394513294,79.55273276953666,78.9888800658123,79.46370697021484,6783100,2025,11,45,Tuesday,79.2856,79.29553985595703,0.21,-0.2,-0.39,0.21,0.39,0,0.0,78.5026,77.7096,76.9167,76.1237,75.3308,74.5378,73.7449,72.9519,72.1589,71.366,70.573,69.7801,68.9871,68.1942,67.4012,66.6083,65.8153,65.0223,64.2294,63.4364,62.6435,61.8505,61.0576,60.2646,59.4717,False,False,False,False,False,False,False,False,False,False,False,False,False,False,False,False,False,False,False,False,False,False,False,False,False
SPYM,2025-11-12,79.70112176397086,79.71101603579194,79.25597764455777,79.51316833496094,5380900,2025,11,45,Wednesday,79.5453,79.46370697021484,0.06,0.3,-0.26,0.06,0.26,0,0.0,78.6691,77.8744,77.0798,76.2852,75.4905,74.6959,73.9012,73.1066,72.312,71.5173,70.7227,69.9281,69.1334,68.3388,67.5442,66.7495,65.9549,65.1602,64.3656,63.571,62.7763,61.9817,61.1871,60.3924,59.5978,False,False,False,False,False,False,False,False,False,False,False,False,False,False,False,False,False,False,False,False,False,False,False,False,False
SPYM,2025-11-13,79.19661324484863,79.23618278185918,78.0392325889808,78.2073974609375,8011700,2025,11,45,Thursday,78.6699,79.51316833496094,-1.64,-0.4,-1.85,-1.64,1.85,1,78.718,78.718,77.9229,77.1278,76.3326,75.5375,74.7424,73.9472,73.1521,72.357,71.5619,70.7667,69.9716,69.1765,68.3813,67.5862,66.7911,65.9959,65.2008,64.4057,63.6105,62.8154,62.0203,61.2251,60.43,59.6349,True,False,False,False,False,False,False,False,False,False,False,False,False,False,False,False,False,False,False,False,False,False,False,False,False
SPYM,2025-11-14,77.43581695016844,78.62288052020286,77.18851298313437,78.19751739501953,7645500,2025,11,45,Friday,77.8612,78.2073974609375,-0.01,-0.99,-1.3,-0.01,1.3,1,77.4253,77.4253,76.6432,75.8612,75.0791,74.297,73.515,72.7329,71.9508,71.1687,70.3867,69.6046,68.8225,68.0404,67.2584,66.4763,65.6942,64.9121,64.1301,63.348,62.5659,61.7838,61.0018,60.2197,59.4376,58.6555,True,False,False,False,False,False,False,False,False,False,False,False,False,False,False,False,False,False,False,False,False,False,False,False,False
SPYM,2025-11-17,77.9403048949448,78.39534320537244,77.06979780722888,77.47537231445312,7528000,2025,11,46,Monday,77.7202,78.19751739501953,-0.92,-0.33,-1.44,-0.92,1.44,1,77.4155,77.4155,76.6336,75.8516,75.0696,74.2876,73.5057,72.7237,71.9417,71.1597,70.3778,69.5958,68.8138,68.0318,67.2499,66.4679,65.6859,64.9039,64.122,63.34,62.558,61.776,60.9941,60.2121,59.4301,58.6481,True,False,False,False,False,False,False,False,False,False,False,False,False,False,False,False,False,False,False,False,False,False,False,False,False
SPYM,2025-11-18,77.05001957267898,77.39624360006063,76.32789625087123,76.84228515625,16446800,2025,11,46,Tuesday,76.9041,77.47537231445312,-0.82,-0.55,-1.48,-0.82,1.48,1,76.7006,76.7006,75.9259,75.1511,74.3764,73.6016,72.8268,72.0521,71.2773,70.5026,69.7278,68.9531,68.1783,67.4036,66.6288,65.8541,65.0793,64.3046,63.5298,62.7551,61.9803,61.2055,60.4308,59.656,58.8813,58.1065,True,False,False,False,False,False,False,False,False,False,False,False,False,False,False,False,False,False,False,False,False,False,False,False,False
SPYM,2025-11-19,76.90163401224504,77.66333440298114,76.66422433395218,77.1192626953125,8128000,2025,11,46,Wednesday,77.0871,76.84228515625,0.36,0.08,-0.23,0.36,0.23,0,0.0,76.0739,75.3054,74.537,73.7686,73.0002,72.2317,71.4633,70.6949,69.9265,69.1581,68.3896,67.6212,66.8528,66.0844,65.3159,64.5475,63.7791,63.0107,62.2423,61.4738,60.7054,59.937,59.1686,58.4001,57.6317,False,False,False,False,False,False,False,False,False,False,False,False,False,False,False,False,False,False,False,False,False,False,False,False,False
SPYM,2025-11-20,78.31619656567926,78.62285853107507,75.86294612520902,75.94207763671875,13553900,2025,11,46,Thursday,77.186,77.1192626953125,-1.53,1.55,-1.63,-1.53,1.63,1,76.3481,76.3481,75.5769,74.8057,74.0345,73.2633,72.4921,71.7209,70.9497,70.1785,69.4073,68.6361,67.865,67.0938,66.3226,65.5514,64.7802,64.009,63.2378,62.4666,61.6954,60.9242,60.153,59.3818,58.6106,57.8394,True,False,False,False,False,False,False,False,False,False,False,False,False,False,False,False,False,False,False,False,False,False,False,False,False
SPYM,2025-11-21,76.2289608374753,77.32699088856278,75.7442472486988,76.69389343261719,15339400,2025,11,46,Friday,76.4985,75.94207763671875,0.99,0.38,-0.26,0.99,0.26,0,0.0,75.1827,74.4232,73.6638,72.9044,72.145,71.3856,70.6261,69.8667,69.1073,68.3479,67.5884,66.829,66.0696,65.3102,64.5508,63.7913,63.0319,62.2725,61.5131,60.7537,59.9942,59.2348,58.4754,57.716,56.9566,False,False,False,False,False,False,False,False,False,False,False,False,False,False,False,False,False,False,False,False,False,False,False,False,False
SPYM,2025-11-24,77.11926672671133,77.97988723279846,77.00055810780063,77.89085388183594,25927300,2025,11,47,Monday,77.4976,76.69389343261719,1.56,0.55,0.4,1.56,-0.4,0,0.0,75.927,75.16,74.3931,73.6261,72.8592,72.0923,71.3253,70.5584,69.7914,69.0245,68.2576,67.4906,66.7237,65.9567,65.1898,64.4229,63.6559,62.889,62.1221,61.3551,60.5882,59.8212,59.0543,58.2874,57.5204,False,False,False,False,False,False,False,False,False,False,False,False,False,False,False,False,False,False,False,False,False,False,False,False,False
SPYM,2025-11-25,77.82160288133635,78.70200431362204,77.3368892668135,78.56351470947266,9045800,2025,11,47,Tuesday,78.106,77.89085388183594,0.86,-0.09,-0.71,0.86,0.71,0,0.0,77.1119,76.333,75.5541,74.7752,73.9963,73.2174,72.4385,71.6596,70.8807,70.1018,69.3229,68.544,67.765,66.9861,66.2072,65.4283,64.6494,63.8705,63.0916,62.3127,61.5338,60.7549,59.976,59.197,58.4181,False,False,False,False,False,False,False,False,False,False,False,False,False,False,False,False,False,False,False,False,False,False,False,False,False
SPYM,2025-11-26,78.86027711186671,79.33509642328954,78.77124377402687,79.09768676757812,7148700,2025,11,47,Wednesday,79.0161,78.56351470947266,0.68,0.38,0.26,0.68,-0.26,0,0.0,77.7779,76.9922,76.2066,75.421,74.6353,73.8497,73.0641,72.2784,71.4928,70.7072,69.9215,69.1359,68.3503,67.5646,66.779,65.9934,65.2077,64.4221,63.6364,62.8508,62.0652,61.2795,60.4939,59.7083,58.9226,False,False,False,False,False,False,False,False,False,False,False,False,False,False,False,False,False,False,False,False,False,False,False,False,False
SPYM,2025-11-28,79.25597109013697,79.56262556716726,79.20650728224031,79.52305603027344,2746000,2025,11,47,Friday,79.387,79.09768676757812,0.54,0.2,0.14,0.54,-0.14,0,0.0,78.3067,77.5157,76.7248,75.9338,75.1428,74.3518,73.5608,72.7699,71.9789,71.1879,70.3969,69.606,68.815,68.024,67.233,66.4421,65.6511,64.8601,64.0691,63.2781,62.4872,61.6962,60.9052,60.1142,59.3233,False,False,False,False,False,False,False,False,False,False,False,False,False,False,False,False,False,False,False,False,False,False,False,False,False
SPYM,2025-12-01,79.0086681792085,79.49338180504776,78.99877390807615,79.16693878173828,14590800,2025,12,48,Monday,79.1669,79.52305603027344,-0.45,-0.65,-0.66,-0.45,0.66,0,0.0,78.7278,77.9326,77.1374,76.3421,75.5469,74.7517,73.9564,73.1612,72.366,71.5708,70.7755,69.9803,69.1851,68.3898,67.5946,66.7994,66.0041,65.2089,64.4137,63.6184,62.8232,62.028,61.2328,60.4375,59.6423,False,False,False,False,False,False,False,False,False,False,False,False,False,False,False,False,False,False,False,False,False,False,False,False,False
SPYM,2025-12-02,79.35488478029527,79.58240016525032,79.0581170510044,79.31531524658203,13856000,2025,12,48,Tuesday,79.3277,79.16693878173828,0.19,0.24,-0.14,0.19,0.14,0,0.0,78.3753,77.5836,76.7919,76.0003,75.2086,74.4169,73.6253,72.8336,72.0419,71.2502,70.4586,69.6669,68.8752,68.0836,67.2919,66.5002,65.7086,64.9169,64.1252,63.3336,62.5419,61.7502,60.9585,60.1669,59.3752,False,False,False,False,False,False,False,False,False,False,False,False,False,False,False,False,False,False,False,False,False,False,False,False,False
SPYM,2025-12-03,79.20650686624731,79.71100902509708,79.107586798091,79.59230041503906,11103200,2025,12,48,Wednesday,79.4044,79.31531524658203,0.35,-0.14,-0.26,0.35,0.26,0,0.0,78.5222,77.729,76.9359,76.1427,75.3495,74.5564,73.7632,72.9701,72.1769,71.3838,70.5906,69.7975,69.0043,68.2112,67.418,66.6249,65.8317,65.0386,64.2454,63.4523,62.6591,61.8659,61.0728,60.2796,59.4865,False,False,False,False,False,False,False,False,False,False,False,False,False,False,False,False,False,False,False,False,False,False,False,False,False
SPYM,2025-12-04,79.760457228574,79.77035149852537,79.30541892332701,79.66153717041016,17349300,2025,12,48,Thursday,79.6244,79.59230041503906,0.09,0.21,-0.36,0.09,0.36,0,0.0,78.7964,78.0005,77.2045,76.4086,75.6127,74.8168,74.0208,73.2249,72.429,71.6331,70.8371,70.0412,69.2453,68.4494,67.6535,66.8575,66.0616,65.2657,64.4698,63.6738,62.8779,62.082,61.2861,60.4901,59.6942,False,False,False,False,False,False,False,False,False,False,False,False,False,False,False,False,False,False,False,False,False,False,False,False,False
SPYM,2025-12-05,79.78025160334842,80.11658133512688,79.67143726727487,79.79014587402344,7402400,2025,12,48,Friday,79.8396,79.66153717041016,0.16,0.15,0.01,0.16,-0.01,0,0.0,78.8649,78.0683,77.2717,76.4751,75.6785,74.8818,74.0852,73.2886,72.492,71.6954,70.8988,70.1022,69.3055,68.5089,67.7123,66.9157,66.1191,65.3225,64.5258,63.7292,62.9326,62.136,61.3394,60.5428,59.7462,False,False,False,False,False,False,False,False,False,False,False,False,False,False,False,False,False,False,False,False,False,False,False,False,False
SPYM,2025-12-08,79.90885373161429,79.91874800313101,79.32522001313033,79.56262969970703,6827700,2025,12,49,Monday,79.6789,79.79014587402344,-0.29,0.15,-0.58,-0.29,0.58,0,0.0,78.9922,78.1943,77.3964,76.5985,75.8006,75.0027,74.2048,73.4069,72.609,71.8111,71.0132,70.2153,69.4174,68.6195,67.8216,67.0237,66.2258,65.4279,64.63,63.8321,63.0342,62.2363,61.4384,60.6405,59.8426,False,False,False,False,False,False,False,False,False,False,False,False,False,False,False,False,False,False,False,False,False,False,False,False,False
SPYM,2025-12-09,79.50327195616649,79.77035688595856,79.45380815018561,79.49337768554688,6339900,2025,12,49,Tuesday,79.5552,79.56262969970703,-0.09,-0.07,-0.14,-0.09,0.14,0,0.0,78.767,77.9714,77.1758,76.3801,75.5845,74.7889,73.9932,73.1976,72.402,71.6064,70.8107,70.0151,69.2195,68.4239,67.6282,66.8326,66.037,65.2414,64.4457,63.6501,62.8545,62.0589,61.2632,60.4676,59.672,False,False,False,False,False,False,False,False,False,False,False,False,False,False,False,False,False,False,False,False,False,False,False,False,False
SPYM,2025-12-10,79.43403490213326,80.2155087735935,79.2955452884225,80.00777435302734,8370800,2025,12,49,Wednesday,79.7382,79.49337768554688,0.65,-0.07,-0.25,0.65,0.25,0,0.0,78.6984,77.9035,77.1086,76.3136,75.5187,74.7238,73.9288,73.1339,72.339,71.544,70.7491,69.9542,69.1592,68.3643,67.5694,66.7744,65.9795,65.1846,64.3896,63.5947,62.7998,62.0048,61.2099,60.415,59.62,False,False,False,False,False,False,False,False,False,False,False,False,False,False,False,False,False,False,False,False,False,False,False,False,False
SPYM,2025-12-11,79.75057280975423,80.21549785126774,79.39445455238273,80.19571685791016,7541200,2025,12,49,Thursday,79.8891,80.00777435302734,0.23,-0.32,-0.77,0.23,0.77,0,0.0,79.2077,78.4076,77.6075,76.8075,76.0074,75.2073,74.4072,73.6072,72.8071,72.007,71.2069,70.4068,69.6068,68.8067,68.0066,67.2065,66.4065,65.6064,64.8063,64.0062,63.2061,62.4061,61.606,60.8059,60.0058,False,False,False,False,False,False,False,False,False,False,False,False,False,False,False,False,False,False,False,False,False,False,False,False,False
SPYM,2025-12-12,80.11658172512107,80.17593980234291,79.04823444765226,79.35488891601562,28968700,2025,12,49,Friday,79.6739,80.19571685791016,-1.05,-0.1,-1.43,-1.05,1.43,1,79.3938,79.3938,78.5918,77.7898,76.9879,76.1859,75.384,74.582,73.7801,72.9781,72.1761,71.3742,70.5722,69.7703,68.9683,68.1664,67.3644,66.5624,65.7605,64.9585,64.1566,63.3546,62.5527,61.7507,60.9487,60.1468,True,False,False,False,False,False,False,False,False,False,False,False,False,False,False,False,False,False,False,False,False,False,False,False,False
SPYM,2025-12-15,79.81981565827414,79.81981565827414,79.04822863518085,79.22628021240234,7667500,2025,12,50,Monday,79.4785,79.35488891601562,-0.16,0.59,-0.39,-0.16,0.39,0,0.0,78.5613,77.7678,76.9742,76.1807,75.3871,74.5936,73.8,73.0065,72.2129,71.4194,70.6259,69.8323,69.0388,68.2452,67.4517,66.6581,65.8646,65.071,64.2775,63.4839,62.6904,61.8968,61.1033,60.3097,59.5162,False,False,False,False,False,False,False,False,False,False,False,False,False,False,False,False,False,False,False,False,False,False,False,False,False
SPYM,2025-12-16,79.05811561870087,79.25596328368265,78.56350777692154,79.00865936279297,10676600,2025,12,50,Tuesday,78.9716,79.22628021240234,-0.27,-0.21,-0.84,-0.27,0.84,0,0.0,78.434,77.6418,76.8495,76.0572,75.265,74.4727,73.6804,72.8882,72.0959,71.3037,70.5114,69.7191,68.9269,68.1346,67.3423,66.5501,65.7578,64.9655,64.1733,63.381,62.5888,61.7965,61.0042,60.212,59.4197,False,False,False,False,False,False,False,False,False,False,False,False,False,False,False,False,False,False,False,False,False,False,False,False,False
SPYM,2025-12-17,79.13726001732459,79.19661054726008,78.10847473144531,78.10847473144531,8011500,2025,12,50,Wednesday,78.6377,79.00865936279297,-1.14,0.16,-1.14,-1.14,1.14,1,78.2186,78.2186,77.4285,76.6384,75.8483,75.0582,74.2681,73.4781,72.688,71.8979,71.1078,70.3177,69.5276,68.7375,67.9474,67.1574,66.3673,65.5772,64.7871,63.997,63.2069,62.4168,61.6268,60.8367,60.0466,59.2565,True,False,False,False,False,False,False,False,False,False,False,False,False,False,False,False,False,False,False,False,False,False,False,False,False
SPYM,2025-12-18,78.86028373480684,79.2262887457842,78.5437349849012,78.72179412841797,8433500,2025,12,50,Thursday,78.838,78.10847473144531,0.79,0.96,0.56,0.79,-0.56,0,0.0,77.3274,76.5463,75.7652,74.9841,74.2031,73.422,72.6409,71.8598,71.0787,70.2976,69.5165,68.7355,67.9544,67.1733,66.3922,65.6111,64.83,64.0489,63.2679,62.4868,61.7057,60.9246,60.1435,59.3624,58.5814,False,False,False,False,False,False,False,False,False,False,False,False,False,False,False,False,False,False,False,False,False,False,False,False,False
SPYM,2025-12-19,78.97898273397455,79.50327342687214,78.96909601028922,79.43402862548828,7121700,2025,12,50,Friday,79.2213,78.72179412841797,0.9,0.33,0.31,0.9,-0.31,0,0.0,77.9346,77.1474,76.3601,75.5729,74.7857,73.9985,73.2113,72.4241,71.6368,70.8496,70.0624,69.2752,68.488,67.7007,66.9135,66.1263,65.3391,64.5519,63.7647,62.9774,62.1902,61.403,60.6158,59.8286,59.0413,False,False,False,False,False,False,False,False,False,False,False,False,False,False,False,False,False,False,False,False,False,False,False,False,False
SPYM,2025-12-22,79.83960227329503,79.99788041590426,79.68133167780303,79.93852233886719,35919000,2025,12,51,Monday,79.8643,79.43402862548828,0.64,0.51,0.31,0.64,-0.31,0,0.0,78.6397,77.8453,77.051,76.2567,75.4623,74.668,73.8736,73.0793,72.285,71.4906,70.6963,69.9019,69.1076,68.3133,67.5189,66.7246,65.9302,65.1359,64.3416,63.5472,62.7529,61.9585,61.1642,60.3699,59.5755,False,False,False,False,False,False,False,False,False,False,False,False,False,False,False,False,False,False,False,False,False,False,False,False,False
SPYM,2025-12-23,79.82970803122865,80.33421017707994,79.82970803122865,80.30453491210938,17078000,2025,12,51,Tuesday,80.0745,79.93852233886719,0.46,-0.14,-0.14,0.46,0.14,0,0.0,79.1391,78.3398,77.5404,76.741,75.9416,75.1422,74.3428,73.5434,72.7441,71.9447,71.1453,70.3459,69.5465,68.7471,67.9477,67.1484,66.349,65.5496,64.7502,63.9508,63.1514,62.352,61.5527,60.7533,59.9539,False,False,False,False,False,False,False,False,False,False,False,False,False,False,False,False,False,False,False,False,False,False,False,False,False
SPYM,2025-12-24,80.314419920726,80.64085534487401,80.2946313816162,80.58150482177734,3478400,2025,12,51,Wednesday,80.4579,80.30453491210938,0.34,0.01,-0.01,0.34,0.01,0,0.0,79.5015,78.6984,77.8954,77.0924,76.2893,75.4863,74.6832,73.8802,73.0771,72.2741,71.471,70.668,69.8649,69.0619,68.2589,67.4558,66.6528,65.8497,65.0467,64.2436,63.4406,62.6375,61.8345,61.0314,60.2284,False,False,False,False,False,False,False,False,False,False,False,False,False,False,False,False,False,False,False,False,False,False,False,False,False
SPYM,2025-12-26,80.61922192409817,80.73827081319527,80.46047997965866,80.57953643798828,9292300,2025,12,51,Friday,80.5994,80.58150482177734,-0.0,0.05,-0.15,-0.0,0.15,0,0.0,79.7757,78.9699,78.1641,77.3582,76.5524,75.7466,74.9408,74.135,73.3292,72.5234,71.7175,70.9117,70.1059,69.3001,68.4943,67.6885,66.8826,66.0768,65.271,64.4652,63.6594,62.8536,62.0478,61.2419,60.4361,False,False,False,False,False,False,False,False,False,False,False,False,False,False,False,False,False,False,False,False,False,False,False,False,False
SPYM,2025-12-29,80.26205954023938,80.45055613636296,80.08347863864745,80.28189849853516,10155700,2025,12,52,Monday,80.2695,80.57953643798828,-0.37,-0.39,-0.62,-0.37,0.62,0,0.0,79.7737,78.9679,78.1622,77.3564,76.5506,75.7448,74.939,74.1332,73.3274,72.5216,71.7158,70.91,70.1042,69.2984,68.4926,67.6868,66.881,66.0752,65.2694,64.4636,63.6578,62.852,62.0462,61.2404,60.4347,False,False,False,False,False,False,False,False,False,False,False,False,False,False,False,False,False,False,False,False,False,False,False,False,False
SPYM,2025-12-30,80.25213355758189,80.38110570521616,80.14300036757126,80.18268585205078,11360400,2025,12,52,Tuesday,80.2397,80.28189849853516,-0.12,-0.04,-0.17,-0.12,0.17,0,0.0,79.4791,78.6763,77.8734,77.0706,76.2678,75.465,74.6622,73.8593,73.0565,72.2537,71.4509,70.6481,69.8453,69.0424,68.2396,67.4368,66.634,65.8312,65.0283,64.2255,63.4227,62.6199,61.8171,61.0142,60.2114,False,False,False,False,False,False,False,False,False,False,False,False,False,False,False,False,False,False,False,False,False,False,False,False,False
SPYM,2025-12-31,80.21245463282803,80.23230116130692,79.57750196769415,79.5874252319336,6423300,2025,12,52,Wednesday,79.9024,80.18268585205078,-0.74,0.04,-0.75,-0.74,0.75,0,0.0,79.3809,78.579,77.7772,76.9754,76.1736,75.3717,74.5699,73.7681,72.9662,72.1644,71.3626,70.5608,69.7589,68.9571,68.1553,67.3535,66.5516,65.7498,64.948,64.1461,63.3443,62.5425,61.7407,60.9388,60.137,False,False,False,False,False,False,False,False,False,False,False,False,False,False,False,False,False,False,False,False,False,False,False,False,False
