Symbol,Date,Open,High,Low,Close,Volume,Year,Month,Week,Weekday,avg_daily_price,Previous_Close,Daily_Gain_Loss_Pct,Open_vs_PrevClose_Pct,Low_vs_PrevClose_Pct,Close_vs_PrevClose_Pct,mx_percent_decline,Shares_Purchased,Total_Value_Purchased,BOD99-1,BOD98-2,BOD97-3,BOD96-4,BOD95-5,BOD94-6,BOD93-7,BOD92-8,BOD91-9,BOD90-10,BOD89-11,BOD88-12,BOD87-13,BOD86-14,BOD85-15,BOD84-16,BOD83-17,BOD82-18,BOD81-19,BOD80-20,BOD79-21,BOD78-22,BOD77-23,BOD76-24,BOD75-25,BOD99-1_Executed,BOD98-2_Executed,BOD97-3_Executed,BOD96-4_Executed,BOD95-5_Executed,BOD94-6_Executed,BOD93-7_Executed,BOD92-8_Executed,BOD91-9_Executed,BOD90-10_Executed,BOD89-11_Executed,BOD88-12_Executed,BOD87-13_Executed,BOD86-14_Executed,BOD85-15_Executed,BOD84-16_Executed,BOD83-17_Executed,BOD82-18_Executed,BOD81-19_Executed,BOD80-20_Executed,BOD79-21_Executed,BOD78-22_Executed,BOD77-23_Executed,BOD76-24_Executed,BOD75-25_Executed
NVDA,2015-01-02,0.4818837642669678,0.4854745774684231,0.4742234008198894,0.4818837642669678,113680000,2015,1,1,Friday,0.4809,0.4799687564373016,0.4,0.4,-1.2,0.4,1.2,1,0.4752,0.4752,0.4704,0.4656,0.4608,0.456,0.4512,0.4464,0.4416,0.4368,0.432,0.4272,0.4224,0.4176,0.4128,0.408,0.4032,0.3984,0.3936,0.3888,0.384,0.3792,0.3744,0.3696,0.3648,0.36,True,False,False,False,False,False,False,False,False,False,False,False,False,False,False,False,False,False,False,False,False,False,False,False,False
NVDA,2015-01-05,0.4818837597658392,0.4833200850330051,0.4715901714498693,0.4737446308135986,197952000,2015,1,1,Monday,0.4776,0.4818837642669678,-1.69,-0.0,-2.14,-1.69,2.14,2,0.9493,0.4771,0.4722,0.4674,0.4626,0.4578,0.453,0.4482,0.4433,0.4385,0.4337,0.4289,0.4241,0.4192,0.4144,0.4096,0.4048,0.4,0.3951,0.3903,0.3855,0.3807,0.3759,0.3711,0.3662,0.3614,True,True,False,False,False,False,False,False,False,False,False,False,False,False,False,False,False,False,False,False,False,False,False,False,False
NVDA,2015-01-06,0.4744626689359694,0.4749414343870444,0.4589026062854514,0.4593813717365265,197764000,2015,1,1,Tuesday,0.4669,0.4737446308135986,-3.03,0.15,-3.13,-3.03,3.13,3,1.3928,0.469,0.4643,0.4595,0.4548,0.4501,0.4453,0.4406,0.4358,0.4311,0.4264,0.4216,0.4169,0.4122,0.4074,0.4027,0.3979,0.3932,0.3885,0.3837,0.379,0.3743,0.3695,0.3648,0.36,0.3553,True,True,True,False,False,False,False,False,False,False,False,False,False,False,False,False,False,False,False,False,False,False,False,False,False
NVDA,2015-01-07,0.4627329762124064,0.4668025558043876,0.4567483339148169,0.4581846594810486,321808000,2015,1,1,Wednesday,0.4611,0.4593813717365265,-0.26,0.73,-0.57,-0.26,0.57,0,0.0,0.4548,0.4502,0.4456,0.441,0.4364,0.4318,0.4272,0.4226,0.418,0.4134,0.4088,0.4043,0.3997,0.3951,0.3905,0.3859,0.3813,0.3767,0.3721,0.3675,0.3629,0.3583,0.3537,0.3491,0.3445,False,False,False,False,False,False,False,False,False,False,False,False,False,False,False,False,False,False,False,False,False,False,False,False,False
NVDA,2015-01-08,0.4634511310124539,0.4782930664844399,0.4632117339098637,0.4754204154014587,283780000,2015,1,1,Thursday,0.4701,0.4581846594810486,3.76,1.15,1.1,3.76,-1.1,0,0.0,0.4536,0.449,0.4444,0.4399,0.4353,0.4307,0.4261,0.4215,0.4169,0.4124,0.4078,0.4032,0.3986,0.394,0.3895,0.3849,0.3803,0.3757,0.3711,0.3665,0.362,0.3574,0.3528,0.3482,0.3436,False,False,False,False,False,False,False,False,False,False,False,False,False,False,False,False,False,False,False,False,False,False,False,False,False
NVDA,2015-01-09,0.4770961440695046,0.4809263265371572,0.4706327075882126,0.477335512638092,209540000,2015,1,1,Friday,0.4765,0.4754204154014587,0.4,0.35,-1.01,0.4,1.01,1,0.4707,0.4707,0.4659,0.4612,0.4564,0.4516,0.4469,0.4421,0.4374,0.4326,0.4279,0.4231,0.4184,0.4136,0.4089,0.4041,0.3994,0.3946,0.3898,0.3851,0.3803,0.3756,0.3708,0.3661,0.3613,0.3566,True,False,False,False,False,False,False,False,False,False,False,False,False,False,False,False,False,False,False,False,False,False,False,False,False
NVDA,2015-01-12,0.4785324493247272,0.4787718464344586,0.4670419302611129,0.4713508784770965,190732000,2015,1,2,Monday,0.4739,0.477335512638092,-1.25,0.25,-2.16,-1.25,2.16,2,0.9404,0.4726,0.4678,0.463,0.4582,0.4535,0.4487,0.4439,0.4391,0.4344,0.4296,0.4248,0.4201,0.4153,0.4105,0.4057,0.401,0.3962,0.3914,0.3866,0.3819,0.3771,0.3723,0.3675,0.3628,0.358,True,True,False,False,False,False,False,False,False,False,False,False,False,False,False,False,False,False,False,False,False,False,False,False,False
NVDA,2015-01-13,0.4749416502039143,0.4845170777246063,0.4672813138947657,0.4706327021121979,236720000,2015,1,2,Tuesday,0.4743,0.4713508784770965,-0.15,0.76,-0.86,-0.15,0.86,0,0.0,0.4666,0.4619,0.4572,0.4525,0.4478,0.4431,0.4384,0.4336,0.4289,0.4242,0.4195,0.4148,0.4101,0.4054,0.4006,0.3959,0.3912,0.3865,0.3818,0.3771,0.3724,0.3677,0.3629,0.3582,0.3535,False,False,False,False,False,False,False,False,False,False,False,False,False,False,False,False,False,False,False,False,False,False,False,False,False
NVDA,2015-01-14,0.4656055082646327,0.4739840053384281,0.4644085801112334,0.4725476801395416,155260000,2015,1,2,Wednesday,0.4691,0.4706327021121979,0.41,-1.07,-1.32,0.41,1.32,1,0.4659,0.4659,0.4612,0.4565,0.4518,0.4471,0.4424,0.4377,0.433,0.4283,0.4236,0.4189,0.4142,0.4095,0.4047,0.4,0.3953,0.3906,0.3859,0.3812,0.3765,0.3718,0.3671,0.3624,0.3577,0.353,True,False,False,False,False,False,False,False,False,False,False,False,False,False,False,False,False,False,False,False,False,False,False,False,False
NVDA,2015-01-15,0.4758992442424435,0.4787718669974684,0.4689570416693543,0.4691964387893677,188932000,2015,1,2,Thursday,0.4732,0.4725476801395416,-0.71,0.71,-0.76,-0.71,0.76,0,0.0,0.4678,0.4631,0.4584,0.4536,0.4489,0.4442,0.4395,0.4347,0.43,0.4253,0.4206,0.4158,0.4111,0.4064,0.4017,0.3969,0.3922,0.3875,0.3828,0.378,0.3733,0.3686,0.3639,0.3591,0.3544,False,False,False,False,False,False,False,False,False,False,False,False,False,False,False,False,False,False,False,False,False,False,False,False,False
NVDA,2015-01-16,0.468478199052588,0.4782930227693248,0.4670418736423749,0.477814257144928,181512000,2015,1,2,Friday,0.4729,0.4691964387893677,1.84,-0.15,-0.46,1.84,0.46,0,0.0,0.4645,0.4598,0.4551,0.4504,0.4457,0.441,0.4364,0.4317,0.427,0.4223,0.4176,0.4129,0.4082,0.4035,0.3988,0.3941,0.3894,0.3847,0.38,0.3754,0.3707,0.366,0.3613,0.3566,0.3519,False,False,False,False,False,False,False,False,False,False,False,False,False,False,False,False,False,False,False,False,False,False,False,False,False
NVDA,2015-01-20,0.4811656425600696,0.4837988677491224,0.4732659099188669,0.4792505800724029,140308000,2015,1,3,Tuesday,0.4794,0.477814257144928,0.3,0.7,-0.95,0.3,0.95,0,0.0,0.473,0.4683,0.4635,0.4587,0.4539,0.4491,0.4444,0.4396,0.4348,0.43,0.4253,0.4205,0.4157,0.4109,0.4061,0.4014,0.3966,0.3918,0.387,0.3823,0.3775,0.3727,0.3679,0.3631,0.3584,False,False,False,False,False,False,False,False,False,False,False,False,False,False,False,False,False,False,False,False,False,False,False,False,False
NVDA,2015-01-21,0.4766172727345307,0.4871502579170165,0.4732658566840501,0.4859533011913299,144780000,2015,1,3,Wednesday,0.4807,0.4792505800724029,1.4,-0.55,-1.25,1.4,1.25,1,0.4745,0.4745,0.4697,0.4649,0.4601,0.4553,0.4505,0.4457,0.4409,0.4361,0.4313,0.4265,0.4217,0.4169,0.4122,0.4074,0.4026,0.3978,0.393,0.3882,0.3834,0.3786,0.3738,0.369,0.3642,0.3594,True,False,False,False,False,False,False,False,False,False,False,False,False,False,False,False,False,False,False,False,False,False,False,False,False
NVDA,2015-01-22,0.4869109005438348,0.4957682217475225,0.4818838185693467,0.4943318963050842,159712000,2015,1,3,Thursday,0.4897,0.4859533011913299,1.72,0.2,-0.84,1.72,0.84,0,0.0,0.4811,0.4762,0.4714,0.4665,0.4617,0.4568,0.4519,0.4471,0.4422,0.4374,0.4325,0.4276,0.4228,0.4179,0.4131,0.4082,0.4033,0.3985,0.3936,0.3888,0.3839,0.379,0.3742,0.3693,0.3645,False,False,False,False,False,False,False,False,False,False,False,False,False,False,False,False,False,False,False,False,False,False,False,False,False
NVDA,2015-01-23,0.4948109580854373,0.4967260789566902,0.4907414047108897,0.4957685470581054,120416000,2015,1,3,Friday,0.4945,0.4943318963050842,0.29,0.1,-0.73,0.29,0.73,0,0.0,0.4894,0.4844,0.4795,0.4746,0.4696,0.4647,0.4597,0.4548,0.4498,0.4449,0.44,0.435,0.4301,0.4251,0.4202,0.4152,0.4103,0.4054,0.4004,0.3955,0.3905,0.3856,0.3806,0.3757,0.3707,False,False,False,False,False,False,False,False,False,False,False,False,False,False,False,False,False,False,False,False,False,False,False,False,False
NVDA,2015-01-26,0.4936138689517975,0.4960077263210006,0.4905018486644273,0.4936138689517975,133240000,2015,1,4,Monday,0.4934,0.4957685470581054,-0.43,-0.43,-1.06,-0.43,1.06,1,0.4908,0.4908,0.4859,0.4809,0.4759,0.471,0.466,0.4611,0.4561,0.4511,0.4462,0.4412,0.4363,0.4313,0.4264,0.4214,0.4164,0.4115,0.4065,0.4016,0.3966,0.3917,0.3867,0.3817,0.3768,0.3718,True,False,False,False,False,False,False,False,False,False,False,False,False,False,False,False,False,False,False,False,False,False,False,False,False
NVDA,2015-01-27,0.485953390518599,0.4864321847116925,0.4689569957004588,0.4699145555496216,357948000,2015,1,4,Tuesday,0.4778,0.4936138689517975,-4.8,-1.55,-5.0,-4.8,5.0,4,1.9251,0.4887,0.4837,0.4788,0.4739,0.4689,0.464,0.4591,0.4541,0.4492,0.4443,0.4393,0.4344,0.4294,0.4245,0.4196,0.4146,0.4097,0.4048,0.3998,0.3949,0.39,0.385,0.3801,0.3751,0.3702,True,True,True,True,False,False,False,False,False,False,False,False,False,False,False,False,False,False,False,False,False,False,False,False,False
NVDA,2015-01-28,0.475659836823632,0.4775749281311927,0.4620148290929031,0.4622542262077331,272728000,2015,1,4,Wednesday,0.4694,0.4699145555496216,-1.63,1.22,-1.68,-1.63,1.68,1,0.4652,0.4652,0.4605,0.4558,0.4511,0.4464,0.4417,0.437,0.4323,0.4276,0.4229,0.4182,0.4135,0.4088,0.4041,0.3994,0.3947,0.39,0.3853,0.3806,0.3759,0.3712,0.3665,0.3618,0.3571,0.3524,True,False,False,False,False,False,False,False,False,False,False,False,False,False,False,False,False,False,False,False,False,False,False,False,False
NVDA,2015-01-29,0.4624935368067002,0.4761385134479195,0.4603390487873364,0.473505288362503,235340000,2015,1,4,Thursday,0.4681,0.4622542262077331,2.43,0.05,-0.41,2.43,0.41,0,0.0,0.4576,0.453,0.4484,0.4438,0.4391,0.4345,0.4299,0.4253,0.4207,0.416,0.4114,0.4068,0.4022,0.3975,0.3929,0.3883,0.3837,0.379,0.3744,0.3698,0.3652,0.3606,0.3559,0.3513,0.3467,False,False,False,False,False,False,False,False,False,False,False,False,False,False,False,False,False,False,False,False,False,False,False,False,False
NVDA,2015-01-30,0.4701540315385842,0.4756599091840254,0.458902907633484,0.4596210420131683,298200000,2015,1,4,Friday,0.4661,0.473505288362503,-2.93,-0.71,-3.08,-2.93,3.08,3,1.3921,0.4688,0.464,0.4593,0.4546,0.4498,0.4451,0.4404,0.4356,0.4309,0.4262,0.4214,0.4167,0.4119,0.4072,0.4025,0.3977,0.393,0.3883,0.3835,0.3788,0.3741,0.3693,0.3646,0.3599,0.3551,True,True,True,False,False,False,False,False,False,False,False,False,False,False,False,False,False,False,False,False,False,False,False,False,False
NVDA,2015-02-02,0.4624935537709685,0.4715902147111207,0.4533968928308163,0.4696751236915588,259604000,2015,2,5,Monday,0.4643,0.4596210420131683,2.19,0.62,-1.35,2.19,1.35,1,0.455,0.455,0.4504,0.4458,0.4412,0.4366,0.432,0.4274,0.4229,0.4183,0.4137,0.4091,0.4045,0.3999,0.3953,0.3907,0.3861,0.3815,0.3769,0.3723,0.3677,0.3631,0.3585,0.3539,0.3493,0.3447,True,False,False,False,False,False,False,False,False,False,False,False,False,False,False,False,False,False,False,False,False,False,False,False,False
NVDA,2015-02-03,0.473026433495428,0.4818837244317921,0.4706325772503604,0.4814049303531647,183468000,2015,2,5,Tuesday,0.4767,0.4696751236915588,2.5,0.71,0.2,2.5,-0.2,0,0.0,0.465,0.4603,0.4556,0.4509,0.4462,0.4415,0.4368,0.4321,0.4274,0.4227,0.418,0.4133,0.4086,0.4039,0.3992,0.3945,0.3898,0.3851,0.3804,0.3757,0.371,0.3663,0.3616,0.357,0.3523,False,False,False,False,False,False,False,False,False,False,False,False,False,False,False,False,False,False,False,False,False,False,False,False,False
NVDA,2015-02-04,0.4799688045110751,0.488107906741639,0.4785324503865257,0.4826020300388336,181516000,2015,2,5,Wednesday,0.4823,0.4814049303531647,0.25,-0.3,-0.6,0.25,0.6,0,0.0,0.4766,0.4718,0.467,0.4621,0.4573,0.4525,0.4477,0.4429,0.4381,0.4333,0.4285,0.4236,0.4188,0.414,0.4092,0.4044,0.3996,0.3948,0.3899,0.3851,0.3803,0.3755,0.3707,0.3659,0.3611,False,False,False,False,False,False,False,False,False,False,False,False,False,False,False,False,False,False,False,False,False,False,False,False,False
NVDA,2015-02-05,0.4830808530140897,0.4907412194591947,0.4826021157825594,0.4905018508434295,140448000,2015,2,5,Thursday,0.4867,0.4826020300388336,1.64,0.1,0.0,1.64,-0.0,0,0.0,0.4778,0.4729,0.4681,0.4633,0.4585,0.4536,0.4488,0.444,0.4392,0.4343,0.4295,0.4247,0.4199,0.415,0.4102,0.4054,0.4006,0.3957,0.3909,0.3861,0.3813,0.3764,0.3716,0.3668,0.362,False,False,False,False,False,False,False,False,False,False,False,False,False,False,False,False,False,False,False,False,False,False,False,False,False
NVDA,2015-02-06,0.4900229263550704,0.4957682281995948,0.4861927441500697,0.4883472323417663,210524000,2015,2,5,Friday,0.4901,0.4905018508434295,-0.44,-0.1,-0.88,-0.44,0.88,0,0.0,0.4856,0.4807,0.4758,0.4709,0.466,0.4611,0.4562,0.4513,0.4464,0.4415,0.4365,0.4316,0.4267,0.4218,0.4169,0.412,0.4071,0.4022,0.3973,0.3924,0.3875,0.3826,0.3777,0.3728,0.3679,False,False,False,False,False,False,False,False,False,False,False,False,False,False,False,False,False,False,False,False,False,False,False,False,False
NVDA,2015-02-09,0.4854745125030257,0.4893046366399844,0.4823624938362228,0.4878683686256408,273944000,2015,2,6,Monday,0.4863,0.4883472323417663,-0.1,-0.59,-1.23,-0.1,1.23,1,0.4835,0.4835,0.4786,0.4737,0.4688,0.4639,0.459,0.4542,0.4493,0.4444,0.4395,0.4346,0.4297,0.4249,0.42,0.4151,0.4102,0.4053,0.4004,0.3956,0.3907,0.3858,0.3809,0.376,0.3711,0.3663,True,False,False,False,False,False,False,False,False,False,False,False,False,False,False,False,False,False,False,False,False,False,False,False,False
NVDA,2015-02-10,0.4883471822574987,0.5017527900631156,0.4861926942867636,0.5015134215354919,226204000,2015,2,6,Tuesday,0.4945,0.4878683686256408,2.8,0.1,-0.34,2.8,0.34,0,0.0,0.483,0.4781,0.4732,0.4684,0.4635,0.4586,0.4537,0.4488,0.444,0.4391,0.4342,0.4293,0.4244,0.4196,0.4147,0.4098,0.4049,0.4001,0.3952,0.3903,0.3854,0.3805,0.3757,0.3708,0.3659,False,False,False,False,False,False,False,False,False,False,False,False,False,False,False,False,False,False,False,False,False,False,False,False,False
NVDA,2015-02-11,0.5027104087675652,0.5027104087675652,0.4948106752402648,0.4981621205806732,320832000,2015,2,6,Wednesday,0.4996,0.5015134215354919,-0.67,0.24,-1.34,-0.67,1.34,1,0.4965,0.4965,0.4915,0.4865,0.4815,0.4764,0.4714,0.4664,0.4614,0.4564,0.4514,0.4463,0.4413,0.4363,0.4313,0.4263,0.4213,0.4163,0.4112,0.4062,0.4012,0.3962,0.3912,0.3862,0.3812,0.3761,True,False,False,False,False,False,False,False,False,False,False,False,False,False,False,False,False,False,False,False,False,False,False,False,False
NVDA,2015-02-12,0.5266489538520108,0.5386182365835024,0.5235369346344187,0.5338305234909058,676904000,2015,2,6,Thursday,0.5307,0.4981621205806732,7.16,5.72,5.09,7.16,-5.09,0,0.0,0.4932,0.4882,0.4832,0.4782,0.4733,0.4683,0.4633,0.4583,0.4533,0.4483,0.4434,0.4384,0.4334,0.4284,0.4234,0.4185,0.4135,0.4085,0.4035,0.3985,0.3935,0.3886,0.3836,0.3786,0.3736,False,False,False,False,False,False,False,False,False,False,False,False,False,False,False,False,False,False,False,False,False,False,False,False,False
NVDA,2015-02-13,0.5326336298360733,0.534788118105416,0.5244945280283994,0.5340699553489685,310084000,2015,2,6,Friday,0.5315,0.5338305234909058,0.04,-0.22,-1.75,0.04,1.75,1,0.5285,0.5285,0.5232,0.5178,0.5125,0.5071,0.5018,0.4965,0.4911,0.4858,0.4804,0.4751,0.4698,0.4644,0.4591,0.4538,0.4484,0.4431,0.4377,0.4324,0.4271,0.4217,0.4164,0.411,0.4057,0.4004,True,False,False,False,False,False,False,False,False,False,False,False,False,False,False,False,False,False,False,False,False,False,False,False,False
NVDA,2015-02-17,0.5331123954776357,0.5383789030514883,0.5297610075097502,0.5357456207275391,203340000,2015,2,7,Tuesday,0.5342,0.5340699553489685,0.31,-0.18,-0.81,0.31,0.81,0,0.0,0.5287,0.5234,0.518,0.5127,0.5074,0.502,0.4967,0.4913,0.486,0.4807,0.4753,0.47,0.4646,0.4593,0.454,0.4486,0.4433,0.4379,0.4326,0.4273,0.4219,0.4166,0.4112,0.4059,0.4006,False,False,False,False,False,False,False,False,False,False,False,False,False,False,False,False,False,False,False,False,False,False,False,False,False
NVDA,2015-02-18,0.5350276413331204,0.5359852300012381,0.5285642317306851,0.5295217633247375,170948000,2015,2,7,Wednesday,0.5323,0.5357456207275391,-1.16,-0.13,-1.34,-1.16,1.34,1,0.5304,0.5304,0.525,0.5197,0.5143,0.509,0.5036,0.4982,0.4929,0.4875,0.4822,0.4768,0.4715,0.4661,0.4607,0.4554,0.45,0.4447,0.4393,0.434,0.4286,0.4232,0.4179,0.4125,0.4072,0.4018,True,False,False,False,False,False,False,False,False,False,False,False,False,False,False,False,False,False,False,False,False,False,False,False,False
NVDA,2015-02-19,0.5362243247194833,0.5371818558244138,0.5285639617319665,0.530957818031311,169432000,2015,2,7,Thursday,0.5332,0.5295217633247375,0.27,1.27,-0.18,0.27,0.18,0,0.0,0.5242,0.5189,0.5136,0.5083,0.503,0.4978,0.4925,0.4872,0.4819,0.4766,0.4713,0.466,0.4607,0.4554,0.4501,0.4448,0.4395,0.4342,0.4289,0.4236,0.4183,0.413,0.4077,0.4024,0.3971,False,False,False,False,False,False,False,False,False,False,False,False,False,False,False,False,False,False,False,False,False,False,False,False,False
NVDA,2015-02-20,0.5304792121395839,0.5350275002807579,0.526649029699082,0.5347881317138672,157752000,2015,2,7,Friday,0.5317,0.530957818031311,0.72,-0.09,-0.81,0.72,0.81,0,0.0,0.5256,0.5203,0.515,0.5097,0.5044,0.4991,0.4938,0.4885,0.4832,0.4779,0.4726,0.4672,0.4619,0.4566,0.4513,0.446,0.4407,0.4354,0.4301,0.4248,0.4195,0.4141,0.4088,0.4035,0.3982,False,False,False,False,False,False,False,False,False,False,False,False,False,False,False,False,False,False,False,False,False,False,False,False,False
NVDA,2015-02-23,0.5345488036541858,0.5345488036541858,0.5278459696068654,0.5304792523384094,125008000,2015,2,8,Monday,0.5319,0.5347881317138672,-0.81,-0.04,-1.3,-0.81,1.3,1,0.5294,0.5294,0.5241,0.5187,0.5134,0.508,0.5027,0.4974,0.492,0.4867,0.4813,0.476,0.4706,0.4653,0.4599,0.4546,0.4492,0.4439,0.4385,0.4332,0.4278,0.4225,0.4171,0.4118,0.4064,0.4011,True,False,False,False,False,False,False,False,False,False,False,False,False,False,False,False,False,False,False,False,False,False,False,False,False
NVDA,2015-02-24,0.5325217923924981,0.5361263751983643,0.5277156437888029,0.5361263751983643,149356000,2015,2,8,Tuesday,0.5331,0.5304792523384094,1.06,0.39,-0.52,1.06,0.52,0,0.0,0.5252,0.5199,0.5146,0.5093,0.504,0.4987,0.4933,0.488,0.4827,0.4774,0.4721,0.4668,0.4615,0.4562,0.4509,0.4456,0.4403,0.435,0.4297,0.4244,0.4191,0.4138,0.4085,0.4032,0.3979,False,False,False,False,False,False,False,False,False,False,False,False,False,False,False,False,False,False,False,False,False,False,False,False,False
NVDA,2015-02-25,0.5339634492539389,0.5363665802110379,0.5296379395775106,0.5320410132408142,123820000,2015,2,8,Wednesday,0.533,0.5361263751983643,-0.76,-0.4,-1.21,-0.76,1.21,1,0.5308,0.5308,0.5254,0.52,0.5147,0.5093,0.504,0.4986,0.4932,0.4879,0.4825,0.4772,0.4718,0.4664,0.4611,0.4557,0.4503,0.445,0.4396,0.4343,0.4289,0.4235,0.4182,0.4128,0.4075,0.4021,True,False,False,False,False,False,False,False,False,False,False,False,False,False,False,False,False,False,False,False,False,False,False,False,False
NVDA,2015-02-26,0.532521750620643,0.5366069708839518,0.5291574010269127,0.5334829688072205,152864000,2015,2,8,Thursday,0.5329,0.5320410132408142,0.27,0.09,-0.54,0.27,0.54,0,0.0,0.5267,0.5214,0.5161,0.5108,0.5054,0.5001,0.4948,0.4895,0.4842,0.4788,0.4735,0.4682,0.4629,0.4576,0.4522,0.4469,0.4416,0.4363,0.431,0.4256,0.4203,0.415,0.4097,0.4044,0.399,False,False,False,False,False,False,False,False,False,False,False,False,False,False,False,False,False,False,False,False,False,False,False,False,False
NVDA,2015-02-27,0.5320410206728525,0.5332425861681866,0.5281960912990983,0.5301185846328735,157492000,2015,2,8,Friday,0.5309,0.5334829688072205,-0.63,-0.27,-0.99,-0.63,0.99,0,0.0,0.5281,0.5228,0.5175,0.5121,0.5068,0.5015,0.4961,0.4908,0.4855,0.4801,0.4748,0.4695,0.4641,0.4588,0.4535,0.4481,0.4428,0.4375,0.4321,0.4268,0.4215,0.4161,0.4108,0.4054,0.4001,False,False,False,False,False,False,False,False,False,False,False,False,False,False,False,False,False,False,False,False,False,False,False,False,False
NVDA,2015-03-02,0.5286769613508798,0.5459791224915298,0.5279560331955343,0.5430954098701477,301512000,2015,3,9,Monday,0.5364,0.5301185846328735,2.45,-0.27,-0.41,2.45,0.41,0,0.0,0.5248,0.5195,0.5142,0.5089,0.5036,0.4983,0.493,0.4877,0.4824,0.4771,0.4718,0.4665,0.4612,0.4559,0.4506,0.4453,0.44,0.4347,0.4294,0.4241,0.4188,0.4135,0.4082,0.4029,0.3976,False,False,False,False,False,False,False,False,False,False,False,False,False,False,False,False,False,False,False,False,False,False,False,False,False
NVDA,2015-03-03,0.5390100909993978,0.5416534555615367,0.5313202302628708,0.5330023765563965,160344000,2015,3,9,Tuesday,0.5362,0.5430954098701477,-1.86,-0.75,-2.17,-1.86,2.17,2,1.0699,0.5377,0.5322,0.5268,0.5214,0.5159,0.5105,0.5051,0.4996,0.4942,0.4888,0.4834,0.4779,0.4725,0.4671,0.4616,0.4562,0.4508,0.4453,0.4399,0.4345,0.429,0.4236,0.4182,0.4128,0.4073,True,True,False,False,False,False,False,False,False,False,False,False,False,False,False,False,False,False,False,False,False,False,False,False,False
NVDA,2015-03-04,0.531080132477143,0.5402117952789048,0.5289173476186343,0.5390102863311768,226840000,2015,3,9,Wednesday,0.5348,0.5330023765563965,1.13,-0.36,-0.77,1.13,0.77,0,0.0,0.5277,0.5223,0.517,0.5117,0.5064,0.501,0.4957,0.4904,0.485,0.4797,0.4744,0.469,0.4637,0.4584,0.4531,0.4477,0.4424,0.4371,0.4317,0.4264,0.4211,0.4157,0.4104,0.4051,0.3998,False,False,False,False,False,False,False,False,False,False,False,False,False,False,False,False,False,False,False,False,False,False,False,False,False
NVDA,2015-03-05,0.5390098877290378,0.5503043270369798,0.5375680322229623,0.5493431091308594,323056000,2015,3,9,Thursday,0.5441,0.5390102863311768,1.92,-0.0,-0.27,1.92,0.27,0,0.0,0.5336,0.5282,0.5228,0.5174,0.5121,0.5067,0.5013,0.4959,0.4905,0.4851,0.4797,0.4743,0.4689,0.4635,0.4582,0.4528,0.4474,0.442,0.4366,0.4312,0.4258,0.4204,0.415,0.4096,0.4043,False,False,False,False,False,False,False,False,False,False,False,False,False,False,False,False,False,False,False,False,False,False,False,False,False
NVDA,2015-03-06,0.5462194110654499,0.5488627760975447,0.5414132615741021,0.5418938994407654,257392000,2015,3,9,Friday,0.5446,0.5493431091308594,-1.36,-0.57,-1.44,-1.36,1.44,1,0.5438,0.5438,0.5384,0.5329,0.5274,0.5219,0.5164,0.5109,0.5054,0.4999,0.4944,0.4889,0.4834,0.4779,0.4724,0.4669,0.4614,0.456,0.4505,0.445,0.4395,0.434,0.4285,0.423,0.4175,0.412,True,False,False,False,False,False,False,False,False,False,False,False,False,False,False,False,False,False,False,False,False,False,False,False,False
NVDA,2015-03-09,0.5421341675165355,0.5474209546579526,0.5409326015460147,0.5433356761932373,222388000,2015,3,10,Monday,0.5435,0.5418938994407654,0.27,0.04,-0.18,0.27,0.18,0,0.0,0.5365,0.5311,0.5256,0.5202,0.5148,0.5094,0.504,0.4985,0.4931,0.4877,0.4823,0.4769,0.4714,0.466,0.4606,0.4552,0.4498,0.4444,0.4389,0.4335,0.4281,0.4227,0.4173,0.4118,0.4064,False,False,False,False,False,False,False,False,False,False,False,False,False,False,False,False,False,False,False,False,False,False,False,False,False
NVDA,2015-03-10,0.5457386797571195,0.5563122526627289,0.5447774614821945,0.5527076125144958,527212000,2015,3,10,Tuesday,0.5499,0.5433356761932373,1.72,0.44,0.27,1.72,-0.27,0,0.0,0.5379,0.5325,0.527,0.5216,0.5162,0.5107,0.5053,0.4999,0.4944,0.489,0.4836,0.4781,0.4727,0.4673,0.4618,0.4564,0.451,0.4455,0.4401,0.4347,0.4292,0.4238,0.4184,0.4129,0.4075,False,False,False,False,False,False,False,False,False,False,False,False,False,False,False,False,False,False,False,False,False,False,False,False,False
NVDA,2015-03-11,0.5527076544484654,0.5599168779980843,0.5483821432362203,0.5498239994049072,262120000,2015,3,10,Wednesday,0.5527,0.5527076125144958,-0.52,0.0,-0.78,-0.52,0.78,0,0.0,0.5472,0.5417,0.5361,0.5306,0.5251,0.5195,0.514,0.5085,0.503,0.4974,0.4919,0.4864,0.4809,0.4753,0.4698,0.4643,0.4587,0.4532,0.4477,0.4422,0.4366,0.4311,0.4256,0.4201,0.4145,False,False,False,False,False,False,False,False,False,False,False,False,False,False,False,False,False,False,False,False,False,False,False,False,False
NVDA,2015-03-12,0.5445371627041962,0.548622383278972,0.534444227741108,0.5447774529457092,406972000,2015,3,10,Thursday,0.5431,0.5498239994049072,-0.92,-0.96,-2.8,-0.92,2.8,2,1.0832,0.5443,0.5388,0.5333,0.5278,0.5223,0.5168,0.5113,0.5058,0.5003,0.4948,0.4893,0.4838,0.4783,0.4728,0.4674,0.4619,0.4564,0.4509,0.4454,0.4399,0.4344,0.4289,0.4234,0.4179,0.4124,True,True,False,False,False,False,False,False,False,False,False,False,False,False,False,False,False,False,False,False,False,False,False,False,False
NVDA,2015-03-13,0.5421340193914868,0.5469401673727677,0.5346844499148389,0.5454983115196228,359288000,2015,3,10,Friday,0.5423,0.5447774529457092,0.13,-0.49,-1.85,0.13,1.85,1,0.5393,0.5393,0.5339,0.5284,0.523,0.5175,0.5121,0.5066,0.5012,0.4957,0.4903,0.4849,0.4794,0.474,0.4685,0.4631,0.4576,0.4522,0.4467,0.4413,0.4358,0.4304,0.4249,0.4195,0.414,0.4086,True,False,False,False,False,False,False,False,False,False,False,False,False,False,False,False,False,False,False,False,False,False,False,False,False
NVDA,2015-03-16,0.5498239675022119,0.5553510442989344,0.5462193272896482,0.5519866943359375,236956000,2015,3,11,Monday,0.5508,0.5454983115196228,1.19,0.79,0.13,1.19,-0.13,0,0.0,0.54,0.5346,0.5291,0.5237,0.5182,0.5128,0.5073,0.5019,0.4964,0.4909,0.4855,0.48,0.4746,0.4691,0.4637,0.4582,0.4528,0.4473,0.4419,0.4364,0.4309,0.4255,0.42,0.4146,0.4091,False,False,False,False,False,False,False,False,False,False,False,False,False,False,False,False,False,False,False,False,False,False,False,False,False
NVDA,2015-03-17,0.5507853684850844,0.5589558126185451,0.546940436747623,0.5587155222892761,299900000,2015,3,11,Tuesday,0.5538,0.5519866943359375,1.22,-0.22,-0.91,1.22,0.91,0,0.0,0.5465,0.5409,0.5354,0.5299,0.5244,0.5189,0.5133,0.5078,0.5023,0.4968,0.4913,0.4857,0.4802,0.4747,0.4692,0.4637,0.4581,0.4526,0.4471,0.4416,0.4361,0.4305,0.425,0.4195,0.414,False,False,False,False,False,False,False,False,False,False,False,False,False,False,False,False,False,False,False,False,False,False,False,False,False
NVDA,2015-03-18,0.5587153913757039,0.561599046532752,0.5445372339819751,0.5495836734771729,413844000,2015,3,11,Wednesday,0.5536,0.5587155222892761,-1.63,-0.0,-2.54,-1.63,2.54,2,1.1007,0.5531,0.5475,0.542,0.5364,0.5308,0.5252,0.5196,0.514,0.5084,0.5028,0.4973,0.4917,0.4861,0.4805,0.4749,0.4693,0.4637,0.4581,0.4526,0.447,0.4414,0.4358,0.4302,0.4246,0.419,True,True,False,False,False,False,False,False,False,False,False,False,False,False,False,False,False,False,False,False,False,False,False,False,False
NVDA,2015-03-19,0.551505894371344,0.559916622697352,0.547420675285313,0.5579941868782043,310756000,2015,3,11,Thursday,0.5542,0.5495836734771729,1.53,0.35,-0.39,1.53,0.39,0,0.0,0.5441,0.5386,0.5331,0.5276,0.5221,0.5166,0.5111,0.5056,0.5001,0.4946,0.4891,0.4836,0.4781,0.4726,0.4671,0.4617,0.4562,0.4507,0.4452,0.4397,0.4342,0.4287,0.4232,0.4177,0.4122,False,False,False,False,False,False,False,False,False,False,False,False,False,False,False,False,False,False,False,False,False,False,False,False,False
NVDA,2015-03-20,0.5625603572362505,0.5673665067577044,0.5572735698451226,0.5640021562576294,462084000,2015,3,11,Friday,0.5628,0.5579941868782043,1.08,0.82,-0.13,1.08,0.13,0,0.0,0.5524,0.5468,0.5413,0.5357,0.5301,0.5245,0.5189,0.5134,0.5078,0.5022,0.4966,0.491,0.4855,0.4799,0.4743,0.4687,0.4631,0.4576,0.452,0.4464,0.4408,0.4352,0.4297,0.4241,0.4185,False,False,False,False,False,False,False,False,False,False,False,False,False,False,False,False,False,False,False,False,False,False,False,False,False
NVDA,2015-03-23,0.5471803738706232,0.5543895947396068,0.5454982280639065,0.5457385182380676,426012000,2015,3,12,Monday,0.5482,0.5640021562576294,-3.24,-2.98,-3.28,-3.24,3.28,3,1.6582,0.5584,0.5527,0.5471,0.5414,0.5358,0.5302,0.5245,0.5189,0.5132,0.5076,0.502,0.4963,0.4907,0.485,0.4794,0.4738,0.4681,0.4625,0.4568,0.4512,0.4456,0.4399,0.4343,0.4286,0.423,True,True,True,False,False,False,False,False,False,False,False,False,False,False,False,False,False,False,False,False,False,False,False,False,False
NVDA,2015-03-24,0.5440564360401184,0.5479013657452014,0.5358859962254429,0.5382890701293945,330480000,2015,3,12,Tuesday,0.5415,0.5457385182380676,-1.37,-0.31,-1.81,-1.37,1.81,1,0.5403,0.5403,0.5348,0.5294,0.5239,0.5185,0.513,0.5075,0.5021,0.4966,0.4912,0.4857,0.4802,0.4748,0.4693,0.4639,0.4584,0.453,0.4475,0.442,0.4366,0.4311,0.4257,0.4202,0.4148,0.4093,True,False,False,False,False,False,False,False,False,False,False,False,False,False,False,False,False,False,False,False,False,False,False,False,False
NVDA,2015-03-25,0.5380488367325634,0.5380488367325634,0.5039251034824561,0.5056073069572449,542552000,2015,3,12,Wednesday,0.5214,0.5382890701293945,-6.07,-0.04,-6.38,-6.07,6.38,6,3.1167,0.5329,0.5275,0.5221,0.5168,0.5114,0.506,0.5006,0.4952,0.4898,0.4845,0.4791,0.4737,0.4683,0.4629,0.4575,0.4522,0.4468,0.4414,0.436,0.4306,0.4252,0.4199,0.4145,0.4091,0.4037,True,True,True,True,True,True,False,False,False,False,False,False,False,False,False,False,False,False,False,False,False,False,False,False,False
NVDA,2015-03-26,0.4952741814141386,0.5060879886396729,0.4916695408097481,0.5039252042770386,311920000,2015,3,12,Thursday,0.4992,0.5056073069572449,-0.33,-2.04,-2.76,-0.33,2.76,2,0.996,0.5006,0.4955,0.4904,0.4854,0.4803,0.4753,0.4702,0.4652,0.4601,0.455,0.45,0.4449,0.4399,0.4348,0.4298,0.4247,0.4197,0.4146,0.4095,0.4045,0.3994,0.3944,0.3893,0.3843,0.3792,True,True,False,False,False,False,False,False,False,False,False,False,False,False,False,False,False,False,False,False,False,False,False,False,False
NVDA,2015-03-27,0.5068089183966376,0.5157002888577459,0.4986384760587347,0.5137778520584106,318288000,2015,3,12,Friday,0.5087,0.5039252042770386,1.96,0.57,-1.05,1.96,1.05,1,0.4989,0.4989,0.4938,0.4888,0.4838,0.4787,0.4737,0.4687,0.4636,0.4586,0.4535,0.4485,0.4435,0.4384,0.4334,0.4283,0.4233,0.4183,0.4132,0.4082,0.4031,0.3981,0.3931,0.388,0.383,0.3779,True,False,False,False,False,False,False,False,False,False,False,False,False,False,False,False,False,False,False,False,False,False,False,False,False
NVDA,2015-03-30,0.5161808372242487,0.5185839114537528,0.5094521950053517,0.5159405469894409,253252000,2015,3,13,Monday,0.515,0.5137778520584106,0.42,0.47,-0.84,0.42,0.84,0,0.0,0.5086,0.5035,0.4984,0.4932,0.4881,0.483,0.4778,0.4727,0.4675,0.4624,0.4573,0.4521,0.447,0.4418,0.4367,0.4316,0.4264,0.4213,0.4162,0.411,0.4059,0.4007,0.3956,0.3905,0.3853,False,False,False,False,False,False,False,False,False,False,False,False,False,False,False,False,False,False,False,False,False,False,False,False,False
NVDA,2015-03-31,0.5144987522213593,0.5149793327481668,0.5024833796439385,0.5029639601707458,357276000,2015,3,13,Tuesday,0.5087,0.5159405469894409,-2.52,-0.28,-2.61,-2.52,2.61,2,1.0164,0.5108,0.5056,0.5005,0.4953,0.4901,0.485,0.4798,0.4747,0.4695,0.4643,0.4592,0.454,0.4489,0.4437,0.4385,0.4334,0.4282,0.4231,0.4179,0.4128,0.4076,0.4024,0.3973,0.3921,0.387,True,True,False,False,False,False,False,False,False,False,False,False,False,False,False,False,False,False,False,False,False,False,False,False,False
NVDA,2015-04-01,0.5048863887786865,0.5065685349923128,0.4962353101844599,0.5048863887786865,330768000,2015,4,13,Wednesday,0.5031,0.5029639601707458,0.38,0.38,-1.34,0.38,1.34,1,0.4979,0.4979,0.4929,0.4879,0.4828,0.4778,0.4728,0.4678,0.4627,0.4577,0.4527,0.4476,0.4426,0.4376,0.4325,0.4275,0.4225,0.4175,0.4124,0.4074,0.4024,0.3973,0.3923,0.3873,0.3823,0.3772,True,False,False,False,False,False,False,False,False,False,False,False,False,False,False,False,False,False,False,False,False,False,False,False,False
NVDA,2015-04-02,0.5077699856254968,0.5092118414426453,0.5017623294457803,0.5060878396034241,192204000,2015,4,13,Thursday,0.5062,0.5048863887786865,0.24,0.57,-0.62,0.24,0.62,0,0.0,0.4998,0.4948,0.4897,0.4847,0.4796,0.4746,0.4695,0.4645,0.4594,0.4544,0.4493,0.4443,0.4393,0.4342,0.4292,0.4241,0.4191,0.414,0.409,0.4039,0.3989,0.3938,0.3888,0.3837,0.3787,False,False,False,False,False,False,False,False,False,False,False,False,False,False,False,False,False,False,False,False,False,False,False,False,False
NVDA,2015-04-06,0.5039251306131766,0.522428854187806,0.4986384015579769,0.5207467079162598,515864000,2015,4,14,Monday,0.5114,0.5060878396034241,2.9,-0.43,-1.47,2.9,1.47,1,0.501,0.501,0.496,0.4909,0.4858,0.4808,0.4757,0.4707,0.4656,0.4605,0.4555,0.4504,0.4454,0.4403,0.4352,0.4302,0.4251,0.4201,0.415,0.4099,0.4049,0.3998,0.3947,0.3897,0.3846,0.3796,True,False,False,False,False,False,False,False,False,False,False,False,False,False,False,False,False,False,False,False,False,False,False,False,False
NVDA,2015-04-07,0.5207468029578013,0.531080030007368,0.5178630903695237,0.5253126621246338,413964000,2015,4,14,Tuesday,0.5238,0.5207467079162598,0.88,0.0,-0.55,0.88,0.55,0,0.0,0.5155,0.5103,0.5051,0.4999,0.4947,0.4895,0.4843,0.4791,0.4739,0.4687,0.4635,0.4583,0.453,0.4478,0.4426,0.4374,0.4322,0.427,0.4218,0.4166,0.4114,0.4062,0.401,0.3958,0.3906,False,False,False,False,False,False,False,False,False,False,False,False,False,False,False,False,False,False,False,False,False,False,False,False,False
NVDA,2015-04-08,0.5257930486113075,0.5310798339737368,0.5207466107383975,0.5291573405265808,366432000,2015,4,14,Wednesday,0.5267,0.5253126621246338,0.73,0.09,-0.87,0.73,0.87,0,0.0,0.5201,0.5148,0.5096,0.5043,0.499,0.4938,0.4885,0.4833,0.478,0.4728,0.4675,0.4623,0.457,0.4518,0.4465,0.4413,0.436,0.4308,0.4255,0.4203,0.415,0.4097,0.4045,0.3992,0.394,False,False,False,False,False,False,False,False,False,False,False,False,False,False,False,False,False,False,False,False,False,False,False,False,False
NVDA,2015-04-09,0.5250724209719448,0.543095513714091,0.5248321306388248,0.5414133667945862,379432000,2015,4,14,Thursday,0.5336,0.5291573405265808,2.32,-0.77,-0.82,2.32,0.82,0,0.0,0.5239,0.5186,0.5133,0.508,0.5027,0.4974,0.4921,0.4868,0.4815,0.4762,0.471,0.4657,0.4604,0.4551,0.4498,0.4445,0.4392,0.4339,0.4286,0.4233,0.418,0.4127,0.4075,0.4022,0.3969,False,False,False,False,False,False,False,False,False,False,False,False,False,False,False,False,False,False,False,False,False,False,False,False,False
NVDA,2015-04-10,0.5418938870284955,0.5471806169715909,0.539971392899699,0.5469403266906738,258728000,2015,4,14,Friday,0.544,0.5414133667945862,1.02,0.09,-0.27,1.02,0.27,0,0.0,0.536,0.5306,0.5252,0.5198,0.5143,0.5089,0.5035,0.4981,0.4927,0.4873,0.4819,0.4764,0.471,0.4656,0.4602,0.4548,0.4494,0.444,0.4385,0.4331,0.4277,0.4223,0.4169,0.4115,0.4061,False,False,False,False,False,False,False,False,False,False,False,False,False,False,False,False,False,False,False,False,False,False,False,False,False
NVDA,2015-04-13,0.5457387731987866,0.5488627760975447,0.5394907674012702,0.5418938994407654,236724000,2015,4,15,Monday,0.544,0.5469403266906738,-0.92,-0.22,-1.36,-0.92,1.36,1,0.5415,0.5415,0.536,0.5305,0.5251,0.5196,0.5141,0.5087,0.5032,0.4977,0.4922,0.4868,0.4813,0.4758,0.4704,0.4649,0.4594,0.454,0.4485,0.443,0.4376,0.4321,0.4266,0.4211,0.4157,0.4102,True,False,False,False,False,False,False,False,False,False,False,False,False,False,False,False,False,False,False,False,False,False,False,False,False
NVDA,2015-04-14,0.5397310794243971,0.5418938637411672,0.532041217827315,0.5373280048370361,220276000,2015,4,15,Tuesday,0.5377,0.5418938994407654,-0.84,-0.4,-1.82,-0.84,1.82,1,0.5365,0.5365,0.5311,0.5256,0.5202,0.5148,0.5094,0.504,0.4985,0.4931,0.4877,0.4823,0.4769,0.4714,0.466,0.4606,0.4552,0.4498,0.4444,0.4389,0.4335,0.4281,0.4227,0.4173,0.4118,0.4064,True,False,False,False,False,False,False,False,False,False,False,False,False,False,False,False,False,False,False,False,False,False,False,False,False
NVDA,2015-04-15,0.5387697111930912,0.5479013691676275,0.5361262897765716,0.5438161492347717,243560000,2015,4,15,Wednesday,0.5417,0.5373280048370361,1.21,0.27,-0.22,1.21,0.22,0,0.0,0.532,0.5266,0.5212,0.5158,0.5105,0.5051,0.4997,0.4943,0.489,0.4836,0.4782,0.4728,0.4675,0.4621,0.4567,0.4514,0.446,0.4406,0.4352,0.4299,0.4245,0.4191,0.4137,0.4084,0.403,False,False,False,False,False,False,False,False,False,False,False,False,False,False,False,False,False,False,False,False,False,False,False,False,False
NVDA,2015-04-16,0.5406921148543569,0.5452579722136045,0.5366068951674821,0.5404518246650696,155284000,2015,4,15,Thursday,0.5408,0.5438161492347717,-0.62,-0.57,-1.33,-0.62,1.33,1,0.5384,0.5384,0.5329,0.5275,0.5221,0.5166,0.5112,0.5057,0.5003,0.4949,0.4894,0.484,0.4786,0.4731,0.4677,0.4622,0.4568,0.4514,0.4459,0.4405,0.4351,0.4296,0.4242,0.4187,0.4133,0.4079,True,False,False,False,False,False,False,False,False,False,False,False,False,False,False,False,False,False,False,False,False,False,False,False,False
NVDA,2015-04-17,0.5291574010269127,0.5387697547741056,0.5289171108037198,0.5334829688072205,293636000,2015,4,15,Friday,0.5326,0.5404518246650696,-1.29,-2.09,-2.13,-1.29,2.13,2,1.0647,0.535,0.5296,0.5242,0.5188,0.5134,0.508,0.5026,0.4972,0.4918,0.4864,0.481,0.4756,0.4702,0.4648,0.4594,0.454,0.4486,0.4432,0.4378,0.4324,0.427,0.4216,0.4161,0.4107,0.4053,True,True,False,False,False,False,False,False,False,False,False,False,False,False,False,False,False,False,False,False,False,False,False,False,False
NVDA,2015-04-20,0.5358861809800027,0.5392504741466639,0.5298784655019756,0.530839741230011,231624000,2015,4,16,Monday,0.534,0.5334829688072205,-0.5,0.45,-0.68,-0.5,0.68,0,0.0,0.5281,0.5228,0.5175,0.5121,0.5068,0.5015,0.4961,0.4908,0.4855,0.4801,0.4748,0.4695,0.4641,0.4588,0.4535,0.4481,0.4428,0.4375,0.4321,0.4268,0.4215,0.4161,0.4108,0.4054,0.4001,False,False,False,False,False,False,False,False,False,False,False,False,False,False,False,False,False,False,False,False,False,False,False,False,False
NVDA,2015-04-21,0.5373278057234894,0.5373278057234894,0.527475163460657,0.5301185846328735,230456000,2015,4,16,Tuesday,0.5331,0.530839741230011,-0.14,1.22,-0.63,-0.14,0.63,0,0.0,0.5255,0.5202,0.5149,0.5096,0.5043,0.499,0.4937,0.4884,0.4831,0.4778,0.4724,0.4671,0.4618,0.4565,0.4512,0.4459,0.4406,0.4353,0.43,0.4247,0.4194,0.4141,0.4087,0.4034,0.3981,False,False,False,False,False,False,False,False,False,False,False,False,False,False,False,False,False,False,False,False,False,False,False,False,False
NVDA,2015-04-22,0.5332427204124335,0.5368473032182997,0.5250722219511029,0.5361263751983643,207420000,2015,4,16,Wednesday,0.5328,0.5301185846328735,1.13,0.59,-0.95,1.13,0.95,0,0.0,0.5248,0.5195,0.5142,0.5089,0.5036,0.4983,0.493,0.4877,0.4824,0.4771,0.4718,0.4665,0.4612,0.4559,0.4506,0.4453,0.44,0.4347,0.4294,0.4241,0.4188,0.4135,0.4082,0.4029,0.3976,False,False,False,False,False,False,False,False,False,False,False,False,False,False,False,False,False,False,False,False,False,False,False,False,False
NVDA,2015-04-23,0.5262739343403887,0.5390102374172077,0.5202662182654395,0.5339637398719788,259380000,2015,4,16,Thursday,0.5299,0.5361263751983643,-0.4,-1.84,-2.96,-0.4,2.96,2,1.0562,0.5308,0.5254,0.52,0.5147,0.5093,0.504,0.4986,0.4932,0.4879,0.4825,0.4772,0.4718,0.4664,0.4611,0.4557,0.4503,0.445,0.4396,0.4343,0.4289,0.4235,0.4182,0.4128,0.4075,0.4021,True,True,False,False,False,False,False,False,False,False,False,False,False,False,False,False,False,False,False,False,False,False,False,False,False
NVDA,2015-04-24,0.5337231762700935,0.5339634664560263,0.5233899534556149,0.5293976664543152,240960000,2015,4,16,Friday,0.5301,0.5339637398719788,-0.86,-0.05,-1.98,-0.86,1.98,1,0.5286,0.5286,0.5233,0.5179,0.5126,0.5073,0.5019,0.4966,0.4912,0.4859,0.4806,0.4752,0.4699,0.4645,0.4592,0.4539,0.4485,0.4432,0.4379,0.4325,0.4272,0.4218,0.4165,0.4112,0.4058,0.4005,True,False,False,False,False,False,False,False,False,False,False,False,False,False,False,False,False,False,False,False,False,False,False,False,False
NVDA,2015-04-27,0.5310798946938737,0.5428549750374144,0.5265140366903732,0.5334829688072205,248456000,2015,4,17,Monday,0.5335,0.5293976664543152,0.77,0.32,-0.54,0.77,0.54,0,0.0,0.5241,0.5188,0.5135,0.5082,0.5029,0.4976,0.4923,0.487,0.4818,0.4765,0.4712,0.4659,0.4606,0.4553,0.45,0.4447,0.4394,0.4341,0.4288,0.4235,0.4182,0.4129,0.4076,0.4023,0.397,False,False,False,False,False,False,False,False,False,False,False,False,False,False,False,False,False,False,False,False,False,False,False,False,False
NVDA,2015-04-28,0.5325217923924981,0.5380488690161288,0.5274752962529505,0.5361263751983643,234484000,2015,4,17,Tuesday,0.5335,0.5334829688072205,0.5,-0.18,-1.13,0.5,1.13,1,0.5281,0.5281,0.5228,0.5175,0.5121,0.5068,0.5015,0.4961,0.4908,0.4855,0.4801,0.4748,0.4695,0.4641,0.4588,0.4535,0.4481,0.4428,0.4375,0.4321,0.4268,0.4215,0.4161,0.4108,0.4054,0.4001,True,False,False,False,False,False,False,False,False,False,False,False,False,False,False,False,False,False,False,False,False,False,False,False,False
NVDA,2015-04-29,0.5322813034190059,0.537568088395792,0.5298782297557023,0.5320410132408142,195156000,2015,4,17,Wednesday,0.5329,0.5361263751983643,-0.76,-0.72,-1.17,-0.76,1.17,1,0.5308,0.5308,0.5254,0.52,0.5147,0.5093,0.504,0.4986,0.4932,0.4879,0.4825,0.4772,0.4718,0.4664,0.4611,0.4557,0.4503,0.445,0.4396,0.4343,0.4289,0.4235,0.4182,0.4128,0.4075,0.4021,True,False,False,False,False,False,False,False,False,False,False,False,False,False,False,False,False,False,False,False,False,False,False,False,False
NVDA,2015-04-30,0.5293977485439118,0.5361263331437599,0.5281961828403352,0.5334829688072205,218844000,2015,4,17,Thursday,0.5318,0.5320410132408142,0.27,-0.5,-0.72,0.27,0.72,0,0.0,0.5267,0.5214,0.5161,0.5108,0.5054,0.5001,0.4948,0.4895,0.4842,0.4788,0.4735,0.4682,0.4629,0.4576,0.4522,0.4469,0.4416,0.4363,0.431,0.4256,0.4203,0.415,0.4097,0.4044,0.399,False,False,False,False,False,False,False,False,False,False,False,False,False,False,False,False,False,False,False,False,False,False,False,False,False
NVDA,2015-05-01,0.5378083388819378,0.5483819080551453,0.535405265395989,0.5466997623443604,256968000,2015,5,17,Friday,0.5421,0.5334829688072205,2.48,0.81,0.36,2.48,-0.36,0,0.0,0.5281,0.5228,0.5175,0.5121,0.5068,0.5015,0.4961,0.4908,0.4855,0.4801,0.4748,0.4695,0.4641,0.4588,0.4535,0.4481,0.4428,0.4375,0.4321,0.4268,0.4215,0.4161,0.4108,0.4054,0.4001,False,False,False,False,False,False,False,False,False,False,False,False,False,False,False,False,False,False,False,False,False,False,False,False,False
NVDA,2015-05-04,0.5462193886874319,0.5498240293051752,0.5416535296695635,0.5433356761932373,200720000,2015,5,18,Monday,0.5453,0.5466997623443604,-0.62,-0.09,-0.92,-0.62,0.92,0,0.0,0.5412,0.5358,0.5303,0.5248,0.5194,0.5139,0.5084,0.503,0.4975,0.492,0.4866,0.4811,0.4756,0.4702,0.4647,0.4592,0.4538,0.4483,0.4428,0.4374,0.4319,0.4264,0.421,0.4155,0.41,False,False,False,False,False,False,False,False,False,False,False,False,False,False,False,False,False,False,False,False,False,False,False,False,False
NVDA,2015-05-05,0.5414130351579184,0.5421339630095143,0.5269945927135945,0.5293976664543152,292928000,2015,5,18,Tuesday,0.535,0.5433356761932373,-2.57,-0.35,-3.01,-2.57,3.01,3,1.5974,0.5379,0.5325,0.527,0.5216,0.5162,0.5107,0.5053,0.4999,0.4944,0.489,0.4836,0.4781,0.4727,0.4673,0.4618,0.4564,0.451,0.4455,0.4401,0.4347,0.4292,0.4238,0.4184,0.4129,0.4075,True,True,True,False,False,False,False,False,False,False,False,False,False,False,False,False,False,False,False,False,False,False,False,False,False
NVDA,2015-05-06,0.532281396739215,0.537327892422567,0.5241109563102906,0.531079888343811,316484000,2015,5,18,Wednesday,0.5312,0.5293976664543152,0.32,0.54,-1.0,0.32,1.0,0,0.0,0.5241,0.5188,0.5135,0.5082,0.5029,0.4976,0.4923,0.487,0.4818,0.4765,0.4712,0.4659,0.4606,0.4553,0.45,0.4447,0.4394,0.4341,0.4288,0.4235,0.4182,0.4129,0.4076,0.4023,0.397,False,False,False,False,False,False,False,False,False,False,False,False,False,False,False,False,False,False,False,False,False,False,False,False,False
NVDA,2015-05-07,0.528917036172307,0.542133970577677,0.5272348902596996,0.5404518246650696,534564000,2015,5,18,Thursday,0.5347,0.531079888343811,1.76,-0.41,-0.72,1.76,0.72,0,0.0,0.5258,0.5205,0.5151,0.5098,0.5045,0.4992,0.4939,0.4886,0.4833,0.478,0.4727,0.4674,0.462,0.4567,0.4514,0.4461,0.4408,0.4355,0.4302,0.4249,0.4196,0.4142,0.4089,0.4036,0.3983,False,False,False,False,False,False,False,False,False,False,False,False,False,False,False,False,False,False,False,False,False,False,False,False,False
NVDA,2015-05-08,0.5048863279206689,0.524831847141511,0.4923903206470517,0.5005607604980469,1146552000,2015,5,18,Friday,0.5057,0.5404518246650696,-7.38,-6.58,-8.89,-7.38,8.89,8,4.1291,0.535,0.5296,0.5242,0.5188,0.5134,0.508,0.5026,0.4972,0.4918,0.4864,0.481,0.4756,0.4702,0.4648,0.4594,0.454,0.4486,0.4432,0.4378,0.4324,0.427,0.4216,0.4161,0.4107,0.4053,True,True,True,True,True,True,True,True,False,False,False,False,False,False,False,False,False,False,False,False,False,False,False,False,False
NVDA,2015-05-11,0.4935921719847345,0.5008014560326085,0.4897472968843234,0.4957549571990967,544144000,2015,5,19,Monday,0.495,0.5005607604980469,-0.96,-1.39,-2.16,-0.96,2.16,2,0.9861,0.4956,0.4905,0.4855,0.4805,0.4755,0.4705,0.4655,0.4605,0.4555,0.4505,0.4455,0.4405,0.4355,0.4305,0.4255,0.4205,0.4155,0.4105,0.4055,0.4004,0.3954,0.3904,0.3854,0.3804,0.3754,True,True,False,False,False,False,False,False,False,False,False,False,False,False,False,False,False,False,False,False,False,False,False,False,False
NVDA,2015-05-12,0.4921500304437287,0.5046459804235445,0.4919096829466043,0.5005607604980469,388800000,2015,5,19,Tuesday,0.4973,0.4957549571990967,0.97,-0.73,-0.78,0.97,0.78,0,0.0,0.4908,0.4858,0.4809,0.4759,0.471,0.466,0.4611,0.4561,0.4511,0.4462,0.4412,0.4363,0.4313,0.4263,0.4214,0.4164,0.4115,0.4065,0.4016,0.3966,0.3916,0.3867,0.3817,0.3768,0.3718,False,False,False,False,False,False,False,False,False,False,False,False,False,False,False,False,False,False,False,False,False,False,False,False,False
NVDA,2015-05-13,0.5041653610603449,0.5080102904854242,0.4986382857543804,0.5034444332122803,308524000,2015,5,19,Wednesday,0.5036,0.5005607604980469,0.58,0.72,-0.38,0.58,0.38,0,0.0,0.4956,0.4905,0.4855,0.4805,0.4755,0.4705,0.4655,0.4605,0.4555,0.4505,0.4455,0.4405,0.4355,0.4305,0.4255,0.4205,0.4155,0.4105,0.4055,0.4004,0.3954,0.3904,0.3854,0.3804,0.3754,False,False,False,False,False,False,False,False,False,False,False,False,False,False,False,False,False,False,False,False,False,False,False,False,False
NVDA,2015-05-14,0.5048862757558982,0.5142582802427971,0.503684710275826,0.5116148591041565,293052000,2015,5,19,Thursday,0.5086,0.5034444332122803,1.62,0.29,0.05,1.62,-0.05,0,0.0,0.4984,0.4934,0.4883,0.4833,0.4783,0.4732,0.4682,0.4632,0.4581,0.4531,0.4481,0.443,0.438,0.433,0.4279,0.4229,0.4179,0.4128,0.4078,0.4028,0.3977,0.3927,0.3877,0.3826,0.3776,False,False,False,False,False,False,False,False,False,False,False,False,False,False,False,False,False,False,False,False,False,False,False,False,False
NVDA,2015-05-15,0.5137779201090796,0.5161809950734491,0.5087314798720519,0.5118554830551147,215824000,2015,5,19,Friday,0.5126,0.5116148591041565,0.05,0.42,-0.56,0.05,0.56,0,0.0,0.5065,0.5014,0.4963,0.4912,0.486,0.4809,0.4758,0.4707,0.4656,0.4605,0.4553,0.4502,0.4451,0.44,0.4349,0.4298,0.4246,0.4195,0.4144,0.4093,0.4042,0.3991,0.3939,0.3888,0.3837,False,False,False,False,False,False,False,False,False,False,False,False,False,False,False,False,False,False,False,False,False,False,False,False,False
NVDA,2015-05-18,0.5106538674081144,0.5142585081520411,0.5082507926767702,0.5111345052719116,324972000,2015,5,20,Monday,0.5111,0.5118554830551147,-0.14,-0.23,-0.7,-0.14,0.7,0,0.0,0.5067,0.5016,0.4965,0.4914,0.4863,0.4811,0.476,0.4709,0.4658,0.4607,0.4556,0.4504,0.4453,0.4402,0.4351,0.43,0.4248,0.4197,0.4146,0.4095,0.4044,0.3992,0.3941,0.389,0.3839,False,False,False,False,False,False,False,False,False,False,False,False,False,False,False,False,False,False,False,False,False,False,False,False,False
NVDA,2015-05-19,0.5118102934027339,0.5135002833334393,0.5069818987524444,0.5079476237297058,253808000,2015,5,20,Tuesday,0.5101,0.5111345052719116,-0.62,0.13,-0.81,-0.62,0.81,0,0.0,0.506,0.5009,0.4958,0.4907,0.4856,0.4805,0.4754,0.4702,0.4651,0.46,0.4549,0.4498,0.4447,0.4396,0.4345,0.4294,0.4242,0.4191,0.414,0.4089,0.4038,0.3987,0.3936,0.3885,0.3834,False,False,False,False,False,False,False,False,False,False,False,False,False,False,False,False,False,False,False,False,False,False,False,False,False
NVDA,2015-05-20,0.508189026194519,0.5142245482868832,0.5074647612410751,0.5079476237297058,196824000,2015,5,20,Wednesday,0.5095,0.5079476237297058,0.0,0.05,-0.1,0.0,0.1,0,0.0,0.5029,0.4978,0.4927,0.4876,0.4826,0.4775,0.4724,0.4673,0.4622,0.4572,0.4521,0.447,0.4419,0.4368,0.4318,0.4267,0.4216,0.4165,0.4114,0.4064,0.4013,0.3962,0.3911,0.386,0.381,False,False,False,False,False,False,False,False,False,False,False,False,False,False,False,False,False,False,False,False,False,False,False,False,False
NVDA,2015-05-21,0.5081889509874739,0.5103617455262529,0.5038433619099156,0.5043262243270874,239692000,2015,5,20,Thursday,0.5067,0.5079476237297058,-0.71,0.05,-0.81,-0.71,0.81,0,0.0,0.5029,0.4978,0.4927,0.4876,0.4826,0.4775,0.4724,0.4673,0.4622,0.4572,0.4521,0.447,0.4419,0.4368,0.4318,0.4267,0.4216,0.4165,0.4114,0.4064,0.4013,0.3962,0.3911,0.386,0.381,False,False,False,False,False,False,False,False,False,False,False,False,False,False,False,False,False,False,False,False,False,False,False,False,False
NVDA,2015-05-22,0.505533539931605,0.5074648752018366,0.5023950769482155,0.503602147102356,212592000,2015,5,20,Friday,0.5047,0.5043262243270874,-0.14,0.24,-0.38,-0.14,0.38,0,0.0,0.4993,0.4942,0.4892,0.4842,0.4791,0.4741,0.469,0.464,0.4589,0.4539,0.4489,0.4438,0.4388,0.4337,0.4287,0.4236,0.4186,0.4135,0.4085,0.4035,0.3984,0.3934,0.3883,0.3833,0.3782,False,False,False,False,False,False,False,False,False,False,False,False,False,False,False,False,False,False,False,False,False,False,False,False,False
NVDA,2015-05-26,0.5011879893103565,0.5045678550830266,0.4966009957280057,0.5004637241363525,259732000,2015,5,21,Tuesday,0.5007,0.503602147102356,-0.62,-0.48,-1.39,-0.62,1.39,1,0.4986,0.4986,0.4935,0.4885,0.4835,0.4784,0.4734,0.4683,0.4633,0.4583,0.4532,0.4482,0.4432,0.4381,0.4331,0.4281,0.423,0.418,0.413,0.4079,0.4029,0.3978,0.3928,0.3878,0.3827,0.3777,True,False,False,False,False,False,False,False,False,False,False,False,False,False,False,False,False,False,False,False,False,False,False,False,False
NVDA,2015-05-27,0.5038434319215602,0.5296753948703182,0.5021534995651281,0.5272611975669861,432332000,2015,5,21,Wednesday,0.5157,0.5004637241363525,5.35,0.68,0.34,5.35,-0.34,0,0.0,0.4955,0.4905,0.4854,0.4804,0.4754,0.4704,0.4654,0.4604,0.4554,0.4504,0.4454,0.4404,0.4354,0.4304,0.4254,0.4204,0.4154,0.4104,0.4054,0.4004,0.3954,0.3904,0.3854,0.3804,0.3753,False,False,False,False,False,False,False,False,False,False,False,False,False,False,False,False,False,False,False,False,False,False,False,False,False
NVDA,2015-05-28,0.5272611076737979,0.5361936304173133,0.5262954404289031,0.534503698348999,327656000,2015,5,21,Thursday,0.5311,0.5272611975669861,1.37,-0.0,-0.18,1.37,0.18,0,0.0,0.522,0.5167,0.5114,0.5062,0.5009,0.4956,0.4904,0.4851,0.4798,0.4745,0.4693,0.464,0.4587,0.4534,0.4482,0.4429,0.4376,0.4324,0.4271,0.4218,0.4165,0.4113,0.406,0.4007,0.3954,False,False,False,False,False,False,False,False,False,False,False,False,False,False,False,False,False,False,False,False,False,False,False,False,False
NVDA,2015-05-29,0.5345038212239184,0.5378836861375302,0.5335381537570303,0.5342624187469482,335168000,2015,5,21,Friday,0.535,0.534503698348999,-0.05,0.0,-0.18,-0.05,0.18,0,0.0,0.5292,0.5238,0.5185,0.5131,0.5078,0.5024,0.4971,0.4917,0.4864,0.4811,0.4757,0.4704,0.465,0.4597,0.4543,0.449,0.4436,0.4383,0.4329,0.4276,0.4223,0.4169,0.4116,0.4062,0.4009,False,False,False,False,False,False,False,False,False,False,False,False,False,False,False,False,False,False,False,False,False,False,False,False,False
NVDA,2015-06-01,0.5376423253426832,0.545609183290424,0.5342624601670385,0.5402979254722595,372660000,2015,6,22,Monday,0.5395,0.5342624187469482,1.13,0.63,0.0,1.13,-0.0,0,0.0,0.5289,0.5236,0.5182,0.5129,0.5075,0.5022,0.4969,0.4915,0.4862,0.4808,0.4755,0.4702,0.4648,0.4595,0.4541,0.4488,0.4434,0.4381,0.4328,0.4274,0.4221,0.4167,0.4114,0.406,0.4007,False,False,False,False,False,False,False,False,False,False,False,False,False,False,False,False,False,False,False,False,False,False,False,False,False
NVDA,2015-06-02,0.5369178955693125,0.5398149548647636,0.5291924424874391,0.529675304889679,224304000,2015,6,22,Tuesday,0.5339,0.5402979254722595,-1.97,-0.63,-2.06,-1.97,2.06,2,1.0644,0.5349,0.5295,0.5241,0.5187,0.5133,0.5079,0.5025,0.4971,0.4917,0.4863,0.4809,0.4755,0.4701,0.4647,0.4593,0.4539,0.4484,0.443,0.4376,0.4322,0.4268,0.4214,0.416,0.4106,0.4052,True,True,False,False,False,False,False,False,False,False,False,False,False,False,False,False,False,False,False,False,False,False,False,False,False
NVDA,2015-06-03,0.5311239078645457,0.5352280373937226,0.5229155912471894,0.5238813161849976,250788000,2015,6,22,Wednesday,0.5283,0.529675304889679,-1.09,0.27,-1.28,-1.09,1.28,1,0.5244,0.5244,0.5191,0.5138,0.5085,0.5032,0.4979,0.4926,0.4873,0.482,0.4767,0.4714,0.4661,0.4608,0.4555,0.4502,0.4449,0.4396,0.4343,0.429,0.4237,0.4184,0.4131,0.4078,0.4026,0.3973,True,False,False,False,False,False,False,False,False,False,False,False,False,False,False,False,False,False,False,False,False,False,False,False,False
NVDA,2015-06-04,0.5207430302564658,0.5349868159807738,0.5207430302564658,0.5332968831062317,323712000,2015,6,22,Thursday,0.5274,0.5238813161849976,1.8,-0.6,-0.6,1.8,0.6,0,0.0,0.5186,0.5134,0.5082,0.5029,0.4977,0.4924,0.4872,0.482,0.4767,0.4715,0.4663,0.461,0.4558,0.4505,0.4453,0.4401,0.4348,0.4296,0.4243,0.4191,0.4139,0.4086,0.4034,0.3981,0.3929,False,False,False,False,False,False,False,False,False,False,False,False,False,False,False,False,False,False,False,False,False,False,False,False,False
NVDA,2015-06-05,0.5316066632571683,0.539814979109949,0.5260540043974918,0.5374007821083069,313320000,2015,6,22,Friday,0.5337,0.5332968831062317,0.77,-0.32,-1.36,0.77,1.36,1,0.528,0.528,0.5226,0.5173,0.512,0.5066,0.5013,0.496,0.4906,0.4853,0.48,0.4746,0.4693,0.464,0.4586,0.4533,0.448,0.4426,0.4373,0.432,0.4266,0.4213,0.416,0.4106,0.4053,0.4,True,False,False,False,False,False,False,False,False,False,False,False,False,False,False,False,False,False,False,False,False,False,False,False,False
NVDA,2015-06-08,0.5357110657943811,0.5393323339763098,0.5190530825040571,0.5250885486602783,342812000,2015,6,23,Monday,0.5298,0.5374007821083069,-2.29,-0.31,-3.41,-2.29,3.41,3,1.58,0.532,0.5267,0.5213,0.5159,0.5105,0.5052,0.4998,0.4944,0.489,0.4837,0.4783,0.4729,0.4675,0.4622,0.4568,0.4514,0.446,0.4407,0.4353,0.4299,0.4245,0.4192,0.4138,0.4084,0.4031,True,True,True,False,False,False,False,False,False,False,False,False,False,False,False,False,False,False,False,False,False,False,False,False,False
NVDA,2015-06-09,0.525571497412232,0.5316069645575779,0.5246058295760602,0.5277442932128906,256888000,2015,6,23,Tuesday,0.5274,0.5250885486602783,0.51,0.09,-0.09,0.51,0.09,0,0.0,0.5198,0.5146,0.5093,0.5041,0.4988,0.4936,0.4883,0.4831,0.4778,0.4726,0.4673,0.4621,0.4568,0.4516,0.4463,0.4411,0.4358,0.4306,0.4253,0.4201,0.4148,0.4096,0.4043,0.3991,0.3938,False,False,False,False,False,False,False,False,False,False,False,False,False,False,False,False,False,False,False,False,False,False,False,False,False
NVDA,2015-06-10,0.521467188862748,0.5248470539211513,0.5154316662078767,0.5183287262916565,529460000,2015,6,23,Wednesday,0.52,0.5277442932128906,-1.78,-1.19,-2.33,-1.78,2.33,2,1.0397,0.5225,0.5172,0.5119,0.5066,0.5014,0.4961,0.4908,0.4855,0.4802,0.475,0.4697,0.4644,0.4591,0.4539,0.4486,0.4433,0.438,0.4328,0.4275,0.4222,0.4169,0.4116,0.4064,0.4011,0.3958,True,True,False,False,False,False,False,False,False,False,False,False,False,False,False,False,False,False,False,False,False,False,False,False,False
NVDA,2015-06-11,0.5183286568081105,0.5275025832452706,0.5183286568081105,0.5238813161849976,283052000,2015,6,23,Thursday,0.522,0.5183287262916565,1.07,-0.0,-0.0,1.07,0.0,0,0.0,0.5131,0.508,0.5028,0.4976,0.4924,0.4872,0.482,0.4769,0.4717,0.4665,0.4613,0.4561,0.4509,0.4458,0.4406,0.4354,0.4302,0.425,0.4198,0.4147,0.4095,0.4043,0.3991,0.3939,0.3887,False,False,False,False,False,False,False,False,False,False,False,False,False,False,False,False,False,False,False,False,False,False,False,False,False
NVDA,2015-06-12,0.520501515094531,0.52363997797494,0.5084305261541182,0.5096376538276672,323728000,2015,6,23,Friday,0.5156,0.5238813161849976,-2.72,-0.65,-2.95,-2.72,2.95,2,1.032,0.5186,0.5134,0.5082,0.5029,0.4977,0.4924,0.4872,0.482,0.4767,0.4715,0.4663,0.461,0.4558,0.4505,0.4453,0.4401,0.4348,0.4296,0.4243,0.4191,0.4139,0.4086,0.4034,0.3981,0.3929,True,True,False,False,False,False,False,False,False,False,False,False,False,False,False,False,False,False,False,False,False,False,False,False,False
NVDA,2015-06-15,0.5069819492739011,0.5110861369387393,0.5031192792159526,0.5086719393730164,306548000,2015,6,24,Monday,0.5075,0.5096376538276672,-0.19,-0.52,-1.28,-0.19,1.28,1,0.5045,0.5045,0.4994,0.4943,0.4893,0.4842,0.4791,0.474,0.4689,0.4638,0.4587,0.4536,0.4485,0.4434,0.4383,0.4332,0.4281,0.423,0.4179,0.4128,0.4077,0.4026,0.3975,0.3924,0.3873,0.3822,True,False,False,False,False,False,False,False,False,False,False,False,False,False,False,False,False,False,False,False,False,False,False,False,False
NVDA,2015-06-16,0.507706251679265,0.5156731099886097,0.5026364536856873,0.514948844909668,256892000,2015,6,24,Tuesday,0.5102,0.5086719393730164,1.23,-0.19,-1.19,1.23,1.19,1,0.5036,0.5036,0.4985,0.4934,0.4883,0.4832,0.4782,0.4731,0.468,0.4629,0.4578,0.4527,0.4476,0.4425,0.4375,0.4324,0.4273,0.4222,0.4171,0.412,0.4069,0.4019,0.3968,0.3917,0.3866,0.3815,True,False,False,False,False,False,False,False,False,False,False,False,False,False,False,False,False,False,False,False,False,False,False,False,False
NVDA,2015-06-17,0.5147070728688107,0.523881052242933,0.5135000036432,0.5209839940071106,233544000,2015,6,24,Wednesday,0.5183,0.514948844909668,1.17,-0.05,-0.28,1.17,0.28,0,0.0,0.5098,0.5046,0.4995,0.4944,0.4892,0.4841,0.4789,0.4738,0.4686,0.4635,0.4583,0.4532,0.448,0.4429,0.4377,0.4326,0.4274,0.4223,0.4171,0.412,0.4068,0.4017,0.3965,0.3914,0.3862,False,False,False,False,False,False,False,False,False,False,False,False,False,False,False,False,False,False,False,False,False,False,False,False,False
NVDA,2015-06-18,0.5253297735054966,0.5330551690283758,0.523881243857771,0.529675304889679,299404000,2015,6,24,Thursday,0.528,0.5209839940071106,1.67,0.83,0.56,1.67,-0.56,0,0.0,0.5158,0.5106,0.5054,0.5001,0.4949,0.4897,0.4845,0.4793,0.4741,0.4689,0.4637,0.4585,0.4533,0.448,0.4428,0.4376,0.4324,0.4272,0.422,0.4168,0.4116,0.4064,0.4012,0.3959,0.3907,False,False,False,False,False,False,False,False,False,False,False,False,False,False,False,False,False,False,False,False,False,False,False,False,False
NVDA,2015-06-19,0.5296754457289936,0.5340209782686418,0.5231571181400166,0.5279855132102966,355656000,2015,6,24,Friday,0.5287,0.529675304889679,-0.32,0.0,-1.23,-0.32,1.23,1,0.5244,0.5244,0.5191,0.5138,0.5085,0.5032,0.4979,0.4926,0.4873,0.482,0.4767,0.4714,0.4661,0.4608,0.4555,0.4502,0.4449,0.4396,0.4343,0.429,0.4237,0.4184,0.4131,0.4078,0.4026,0.3973,True,False,False,False,False,False,False,False,False,False,False,False,False,False,False,False,False,False,False,False,False,False,False,False,False
NVDA,2015-06-22,0.5289511478462294,0.5318482077319927,0.5178458283628115,0.5258126854896545,514236000,2015,6,25,Monday,0.5261,0.5279855132102966,-0.41,0.18,-1.92,-0.41,1.92,1,0.5227,0.5227,0.5174,0.5121,0.5069,0.5016,0.4963,0.491,0.4857,0.4805,0.4752,0.4699,0.4646,0.4593,0.4541,0.4488,0.4435,0.4382,0.4329,0.4277,0.4224,0.4171,0.4118,0.4065,0.4013,0.396,True,False,False,False,False,False,False,False,False,False,False,False,False,False,False,False,False,False,False,False,False,False,False,False,False
NVDA,2015-06-23,0.5267783440276588,0.5308824737571131,0.508189030232246,0.5122931599617004,414064000,2015,6,25,Tuesday,0.5195,0.5258126854896545,-2.57,0.18,-3.35,-2.57,3.35,3,1.5459,0.5206,0.5153,0.51,0.5048,0.4995,0.4943,0.489,0.4837,0.4785,0.4732,0.468,0.4627,0.4575,0.4522,0.4469,0.4417,0.4364,0.4312,0.4259,0.4207,0.4154,0.4101,0.4049,0.3996,0.3944,True,True,True,False,False,False,False,False,False,False,False,False,False,False,False,False,False,False,False,False,False,False,False,False,False
NVDA,2015-06-24,0.5115688999290744,0.5142245573247117,0.5048091703234642,0.50722336769104,253368000,2015,6,25,Wednesday,0.5095,0.5122931599617004,-0.99,-0.14,-1.46,-0.99,1.46,1,0.5072,0.5072,0.502,0.4969,0.4918,0.4867,0.4816,0.4764,0.4713,0.4662,0.4611,0.4559,0.4508,0.4457,0.4406,0.4354,0.4303,0.4252,0.4201,0.415,0.4098,0.4047,0.3996,0.3945,0.3893,0.3842,True,False,False,False,False,False,False,False,False,False,False,False,False,False,False,False,False,False,False,False,False,False,False,False,False
NVDA,2015-06-25,0.5072233197607965,0.5142245087328884,0.5072233197607965,0.5110860466957092,350460000,2015,6,25,Thursday,0.5099,0.50722336769104,0.76,-0.0,-0.0,0.76,0.0,0,0.0,0.5022,0.4971,0.492,0.4869,0.4819,0.4768,0.4717,0.4666,0.4616,0.4565,0.4514,0.4464,0.4413,0.4362,0.4311,0.4261,0.421,0.4159,0.4109,0.4058,0.4007,0.3956,0.3906,0.3855,0.3804,False,False,False,False,False,False,False,False,False,False,False,False,False,False,False,False,False,False,False,False,False,False,False,False,False
NVDA,2015-06-26,0.5069817476103617,0.507464609955041,0.498532088270881,0.500704824924469,421296000,2015,6,25,Friday,0.5034,0.5110860466957092,-2.03,-0.8,-2.46,-2.03,2.46,2,1.0068,0.506,0.5009,0.4958,0.4906,0.4855,0.4804,0.4753,0.4702,0.4651,0.46,0.4549,0.4498,0.4446,0.4395,0.4344,0.4293,0.4242,0.4191,0.414,0.4089,0.4038,0.3986,0.3935,0.3884,0.3833,True,True,False,False,False,False,False,False,False,False,False,False,False,False,False,False,False,False,False,False,False,False,False,False,False
NVDA,2015-06-29,0.4949109229479769,0.4999807777329368,0.48501273096616,0.48573699593544,391724000,2015,6,26,Monday,0.4914,0.500704824924469,-2.99,-1.16,-3.13,-2.99,3.13,3,1.4721,0.4957,0.4907,0.4857,0.4807,0.4757,0.4707,0.4657,0.4606,0.4556,0.4506,0.4456,0.4406,0.4356,0.4306,0.4256,0.4206,0.4156,0.4106,0.4056,0.4006,0.3956,0.3905,0.3855,0.3805,0.3755,True,True,True,False,False,False,False,False,False,False,False,False,False,False,False,False,False,False,False,False,False,False,False,False,False
NVDA,2015-06-30,0.4886339698821161,0.4908067646637976,0.4821156430960741,0.4854955077171325,315916000,2015,6,26,Tuesday,0.4868,0.48573699593544,-0.05,0.6,-0.75,-0.05,0.75,0,0.0,0.4809,0.476,0.4712,0.4663,0.4615,0.4566,0.4517,0.4469,0.442,0.4372,0.4323,0.4274,0.4226,0.4177,0.4129,0.408,0.4032,0.3983,0.3934,0.3886,0.3837,0.3789,0.374,0.3692,0.3643,False,False,False,False,False,False,False,False,False,False,False,False,False,False,False,False,False,False,False,False,False,False,False,False,False
NVDA,2015-07-01,0.497566794480096,0.5045679295976924,0.4881514033866009,0.4924969375133514,302892000,2015,7,26,Wednesday,0.4957,0.4854955077171325,1.44,2.49,0.55,1.44,-0.55,0,0.0,0.4806,0.4758,0.4709,0.4661,0.4612,0.4564,0.4515,0.4467,0.4418,0.4369,0.4321,0.4272,0.4224,0.4175,0.4127,0.4078,0.403,0.3981,0.3933,0.3884,0.3835,0.3787,0.3738,0.369,0.3641,False,False,False,False,False,False,False,False,False,False,False,False,False,False,False,False,False,False,False,False,False,False,False,False,False
NVDA,2015-07-02,0.4922552318823832,0.4961179584830903,0.4898410349518157,0.492979496717453,145764000,2015,7,26,Thursday,0.4928,0.4924969375133514,0.1,-0.05,-0.54,0.1,0.54,0,0.0,0.4876,0.4826,0.4777,0.4728,0.4679,0.4629,0.458,0.4531,0.4482,0.4432,0.4383,0.4334,0.4285,0.4235,0.4186,0.4137,0.4088,0.4038,0.3989,0.394,0.3891,0.3841,0.3792,0.3743,0.3694,False,False,False,False,False,False,False,False,False,False,False,False,False,False,False,False,False,False,False,False,False,False,False,False,False
NVDA,2015-07-06,0.4888755317316761,0.4956352623818686,0.4833228711722975,0.4869441390037536,214776000,2015,7,27,Monday,0.4887,0.492979496717453,-1.22,-0.83,-1.96,-1.22,1.96,1,0.488,0.488,0.4831,0.4782,0.4733,0.4683,0.4634,0.4585,0.4535,0.4486,0.4437,0.4388,0.4338,0.4289,0.424,0.419,0.4141,0.4092,0.4042,0.3993,0.3944,0.3895,0.3845,0.3796,0.3747,0.3697,True,False,False,False,False,False,False,False,False,False,False,False,False,False,False,False,False,False,False,False,False,False,False,False,False
NVDA,2015-07-07,0.4840470735088412,0.4859784084274121,0.4625606703549532,0.4777701199054718,594252000,2015,7,27,Tuesday,0.4776,0.4869441390037536,-1.88,-0.59,-5.01,-1.88,5.01,5,2.3617,0.4821,0.4772,0.4723,0.4675,0.4626,0.4577,0.4529,0.448,0.4431,0.4382,0.4334,0.4285,0.4236,0.4188,0.4139,0.409,0.4042,0.3993,0.3944,0.3896,0.3847,0.3798,0.3749,0.3701,0.3652,True,True,True,True,True,False,False,False,False,False,False,False,False,False,False,False,False,False,False,False,False,False,False,False,False
NVDA,2015-07-08,0.4751145631781606,0.4780115945987848,0.4705275703809585,0.474390298128128,332492000,2015,7,27,Wednesday,0.4745,0.4777701199054718,-0.71,-0.56,-1.52,-0.71,1.52,1,0.473,0.473,0.4682,0.4634,0.4587,0.4539,0.4491,0.4443,0.4395,0.4348,0.43,0.4252,0.4204,0.4157,0.4109,0.4061,0.4013,0.3965,0.3918,0.387,0.3822,0.3774,0.3727,0.3679,0.3631,0.3583,True,False,False,False,False,False,False,False,False,False,False,False,False,False,False,False,False,False,False,False,False,False,False,False,False
NVDA,2015-07-09,0.4818742749442549,0.4840470698806159,0.4656991292761899,0.4685961604118347,357588000,2015,7,27,Thursday,0.4751,0.474390298128128,-1.22,1.58,-1.83,-1.22,1.83,1,0.4696,0.4696,0.4649,0.4602,0.4554,0.4507,0.4459,0.4412,0.4364,0.4317,0.427,0.4222,0.4175,0.4127,0.408,0.4032,0.3985,0.3937,0.389,0.3843,0.3795,0.3748,0.37,0.3653,0.3605,0.3558,True,False,False,False,False,False,False,False,False,False,False,False,False,False,False,False,False,False,False,False,False,False,False,False,False
NVDA,2015-07-10,0.4746317590448979,0.481150116517993,0.4734246600727707,0.4768045544624328,216708000,2015,7,27,Friday,0.4765,0.4685961604118347,1.75,1.29,1.03,1.75,-1.03,0,0.0,0.4639,0.4592,0.4545,0.4499,0.4452,0.4405,0.4358,0.4311,0.4264,0.4217,0.4171,0.4124,0.4077,0.403,0.3983,0.3936,0.3889,0.3842,0.3796,0.3749,0.3702,0.3655,0.3608,0.3561,0.3514,False,False,False,False,False,False,False,False,False,False,False,False,False,False,False,False,False,False,False,False,False,False,False,False,False
NVDA,2015-07-13,0.4816327904632159,0.4825984578085411,0.4768043961775897,0.4799428582191467,212472000,2015,7,28,Monday,0.4802,0.4768045544624328,0.66,1.01,-0.0,0.66,0.0,0,0.0,0.472,0.4673,0.4625,0.4577,0.453,0.4482,0.4434,0.4387,0.4339,0.4291,0.4244,0.4196,0.4148,0.4101,0.4053,0.4005,0.3957,0.391,0.3862,0.3814,0.3767,0.3719,0.3671,0.3624,0.3576,False,False,False,False,False,False,False,False,False,False,False,False,False,False,False,False,False,False,False,False,False,False,False,False,False
NVDA,2015-07-14,0.480667208975867,0.4811500427347746,0.4739074500126453,0.4801843464374542,249216000,2015,7,28,Tuesday,0.479,0.4799428582191467,0.05,0.15,-1.26,0.05,1.26,1,0.4751,0.4751,0.4703,0.4655,0.4607,0.4559,0.4511,0.4463,0.4415,0.4367,0.4319,0.4271,0.4223,0.4176,0.4128,0.408,0.4032,0.3984,0.3936,0.3888,0.384,0.3792,0.3744,0.3696,0.3648,0.36,True,False,False,False,False,False,False,False,False,False,False,False,False,False,False,False,False,False,False,False,False,False,False,False,False
NVDA,2015-07-15,0.4789773211004581,0.482115784183891,0.4724589924068726,0.4768045544624328,265732000,2015,7,28,Wednesday,0.4776,0.4801843464374542,-0.7,-0.25,-1.61,-0.7,1.61,1,0.4754,0.4754,0.4706,0.4658,0.461,0.4562,0.4514,0.4466,0.4418,0.437,0.4322,0.4274,0.4226,0.4178,0.413,0.4082,0.4034,0.3986,0.3938,0.3889,0.3841,0.3793,0.3745,0.3697,0.3649,0.3601,True,False,False,False,False,False,False,False,False,False,False,False,False,False,False,False,False,False,False,False,False,False,False,False,False
NVDA,2015-07-16,0.4797015111921526,0.4874269664287567,0.4780115786514598,0.4874269664287567,282848000,2015,7,28,Thursday,0.4831,0.4768045544624328,2.23,0.61,0.25,2.23,-0.25,0,0.0,0.472,0.4673,0.4625,0.4577,0.453,0.4482,0.4434,0.4387,0.4339,0.4291,0.4244,0.4196,0.4148,0.4101,0.4053,0.4005,0.3957,0.391,0.3862,0.3814,0.3767,0.3719,0.3671,0.3624,0.3576,False,False,False,False,False,False,False,False,False,False,False,False,False,False,False,False,False,False,False,False,False,False,False,False,False
NVDA,2015-07-17,0.4857370998030107,0.4862199048464341,0.4782530460397671,0.484529972076416,220372000,2015,7,28,Friday,0.4837,0.4874269664287567,-0.59,-0.35,-1.88,-0.59,1.88,1,0.4826,0.4826,0.4777,0.4728,0.4679,0.4631,0.4582,0.4533,0.4484,0.4436,0.4387,0.4338,0.4289,0.4241,0.4192,0.4143,0.4094,0.4046,0.3997,0.3948,0.3899,0.3851,0.3802,0.3753,0.3704,0.3656,True,False,False,False,False,False,False,False,False,False,False,False,False,False,False,False,False,False,False,False,False,False,False,False,False
NVDA,2015-07-20,0.4845298461175765,0.4864612384662378,0.474390223353865,0.4755973219871521,188412000,2015,7,29,Monday,0.4802,0.484529972076416,-1.84,-0.0,-2.09,-1.84,2.09,2,0.9545,0.4797,0.4748,0.47,0.4651,0.4603,0.4555,0.4506,0.4458,0.4409,0.4361,0.4312,0.4264,0.4215,0.4167,0.4119,0.407,0.4022,0.3973,0.3925,0.3876,0.3828,0.3779,0.3731,0.3682,0.3634,True,True,False,False,False,False,False,False,False,False,False,False,False,False,False,False,False,False,False,False,False,False,False,False,False
NVDA,2015-07-21,0.4746316574935388,0.4845298784589804,0.4746316574935388,0.4777701199054718,149720000,2015,7,29,Tuesday,0.4779,0.4755973219871521,0.46,-0.2,-0.2,0.46,0.2,0,0.0,0.4708,0.4661,0.4613,0.4566,0.4518,0.4471,0.4423,0.4375,0.4328,0.428,0.4233,0.4185,0.4138,0.409,0.4043,0.3995,0.3947,0.39,0.3852,0.3805,0.3757,0.371,0.3662,0.3615,0.3567,False,False,False,False,False,False,False,False,False,False,False,False,False,False,False,False,False,False,False,False,False,False,False,False,False
NVDA,2015-07-22,0.4743902514626277,0.4743902514626277,0.462802098140545,0.4685961604118347,356472000,2015,7,29,Wednesday,0.47,0.4777701199054718,-1.92,-0.71,-3.13,-1.92,3.13,3,1.4046,0.473,0.4682,0.4634,0.4587,0.4539,0.4491,0.4443,0.4395,0.4348,0.43,0.4252,0.4204,0.4157,0.4109,0.4061,0.4013,0.3965,0.3918,0.387,0.3822,0.3774,0.3727,0.3679,0.3631,0.3583,True,True,True,False,False,False,False,False,False,False,False,False,False,False,False,False,False,False,False,False,False,False,False,False,False
NVDA,2015-07-23,0.4695619028339191,0.4813914597929286,0.4685962065073736,0.474390298128128,169916000,2015,7,29,Thursday,0.4735,0.4685961604118347,1.24,0.21,0.0,1.24,-0.0,0,0.0,0.4639,0.4592,0.4545,0.4499,0.4452,0.4405,0.4358,0.4311,0.4264,0.4217,0.4171,0.4124,0.4077,0.403,0.3983,0.3936,0.3889,0.3842,0.3796,0.3749,0.3702,0.3655,0.3608,0.3561,0.3514,False,False,False,False,False,False,False,False,False,False,False,False,False,False,False,False,False,False,False,False,False,False,False,False,False
NVDA,2015-07-24,0.4777701136349139,0.4782529473582196,0.4669062253527715,0.4688375890254974,188844000,2015,7,29,Friday,0.4729,0.474390298128128,-1.17,0.71,-1.58,-1.17,1.58,1,0.4696,0.4696,0.4649,0.4602,0.4554,0.4507,0.4459,0.4412,0.4364,0.4317,0.427,0.4222,0.4175,0.4127,0.408,0.4032,0.3985,0.3937,0.389,0.3843,0.3795,0.3748,0.37,0.3653,0.3605,0.3558,True,False,False,False,False,False,False,False,False,False,False,False,False,False,False,False,False,False,False,False,False,False,False,False,False
NVDA,2015-07-27,0.4647334337224878,0.4714931922351876,0.4608707351291617,0.4661819636821747,192420000,2015,7,30,Monday,0.4658,0.4688375890254974,-0.57,-0.88,-1.7,-0.57,1.7,1,0.4641,0.4641,0.4595,0.4548,0.4501,0.4454,0.4407,0.436,0.4313,0.4266,0.422,0.4173,0.4126,0.4079,0.4032,0.3985,0.3938,0.3891,0.3844,0.3798,0.3751,0.3704,0.3657,0.361,0.3563,0.3516,True,False,False,False,False,False,False,False,False,False,False,False,False,False,False,False,False,False,False,False,False,False,False,False,False
NVDA,2015-07-28,0.4673890837696101,0.479460071387514,0.4625606887224485,0.4763216376304626,198308000,2015,7,30,Tuesday,0.4714,0.4661819636821747,2.18,0.26,-0.78,2.18,0.78,0,0.0,0.4615,0.4569,0.4522,0.4475,0.4429,0.4382,0.4335,0.4289,0.4242,0.4196,0.4149,0.4102,0.4056,0.4009,0.3963,0.3916,0.3869,0.3823,0.3776,0.3729,0.3683,0.3636,0.359,0.3543,0.3496,False,False,False,False,False,False,False,False,False,False,False,False,False,False,False,False,False,False,False,False,False,False,False,False,False
NVDA,2015-07-29,0.4753559567019207,0.4859784434163645,0.4734245928647941,0.4821157157421112,232680000,2015,7,30,Wednesday,0.4792,0.4763216376304626,1.22,-0.2,-0.61,1.22,0.61,0,0.0,0.4716,0.4668,0.462,0.4573,0.4525,0.4477,0.443,0.4382,0.4335,0.4287,0.4239,0.4192,0.4144,0.4096,0.4049,0.4001,0.3953,0.3906,0.3858,0.3811,0.3763,0.3715,0.3668,0.362,0.3572,False,False,False,False,False,False,False,False,False,False,False,False,False,False,False,False,False,False,False,False,False,False,False,False,False
NVDA,2015-07-30,0.4809084247778176,0.4881510434678811,0.4809084247778176,0.4833226501941681,190180000,2015,7,30,Thursday,0.4833,0.4821157157421112,0.25,-0.25,-0.25,0.25,0.25,0,0.0,0.4773,0.4725,0.4677,0.4628,0.458,0.4532,0.4484,0.4435,0.4387,0.4339,0.4291,0.4243,0.4194,0.4146,0.4098,0.405,0.4002,0.3953,0.3905,0.3857,0.3809,0.3761,0.3712,0.3664,0.3616,False,False,False,False,False,False,False,False,False,False,False,False,False,False,False,False,False,False,False,False,False,False,False,False,False
NVDA,2015-07-31,0.4852541847670706,0.4854955872626979,0.4787358569130393,0.4816328883171081,218340000,2015,7,30,Friday,0.4828,0.4833226501941681,-0.35,0.4,-0.95,-0.35,0.95,0,0.0,0.4785,0.4737,0.4688,0.464,0.4592,0.4543,0.4495,0.4447,0.4398,0.435,0.4302,0.4253,0.4205,0.4157,0.4108,0.406,0.4012,0.3963,0.3915,0.3867,0.3818,0.377,0.3722,0.3673,0.3625,False,False,False,False,False,False,False,False,False,False,False,False,False,False,False,False,False,False,False,False,False,False,False,False,False
NVDA,2015-08-03,0.4854955139347561,0.490323908472105,0.4792186183039034,0.489841103553772,397132000,2015,8,31,Monday,0.4862,0.4816328883171081,1.7,0.8,-0.5,1.7,0.5,0,0.0,0.4768,0.472,0.4672,0.4624,0.4576,0.4527,0.4479,0.4431,0.4383,0.4335,0.4287,0.4238,0.419,0.4142,0.4094,0.4046,0.3998,0.3949,0.3901,0.3853,0.3805,0.3757,0.3709,0.366,0.3612,False,False,False,False,False,False,False,False,False,False,False,False,False,False,False,False,False,False,False,False,False,False,False,False,False
NVDA,2015-08-04,0.4881512350636398,0.4932210327232002,0.4862198424607044,0.4917725026607513,260100000,2015,8,31,Tuesday,0.4898,0.489841103553772,0.39,-0.34,-0.74,0.39,0.74,0,0.0,0.4849,0.48,0.4751,0.4702,0.4653,0.4605,0.4556,0.4507,0.4458,0.4409,0.436,0.4311,0.4262,0.4213,0.4164,0.4115,0.4066,0.4017,0.3968,0.3919,0.387,0.3821,0.3772,0.3723,0.3674,False,False,False,False,False,False,False,False,False,False,False,False,False,False,False,False,False,False,False,False,False,False,False,False,False
NVDA,2015-08-05,0.5038435174147053,0.5043263799809065,0.4958766592059767,0.4968423843383789,234628000,2015,8,31,Wednesday,0.5002,0.4917725026607513,1.03,2.45,0.83,1.03,-0.83,0,0.0,0.4869,0.4819,0.477,0.4721,0.4672,0.4623,0.4573,0.4524,0.4475,0.4426,0.4377,0.4328,0.4278,0.4229,0.418,0.4131,0.4082,0.4033,0.3983,0.3934,0.3885,0.3836,0.3787,0.3737,0.3688,False,False,False,False,False,False,False,False,False,False,False,False,False,False,False,False,False,False,False,False,False,False,False,False,False
NVDA,2015-08-06,0.4956351470803778,0.4992564716284058,0.4854954959049003,0.4937038123607635,655676000,2015,8,31,Thursday,0.4935,0.4968423843383789,-0.63,-0.24,-2.28,-0.63,2.28,2,0.9788,0.4919,0.4869,0.4819,0.477,0.472,0.467,0.4621,0.4571,0.4521,0.4472,0.4422,0.4372,0.4323,0.4273,0.4223,0.4173,0.4124,0.4074,0.4024,0.3975,0.3925,0.3875,0.3826,0.3776,0.3726,True,True,False,False,False,False,False,False,False,False,False,False,False,False,False,False,False,False,False,False,False,False,False,False,False
NVDA,2015-08-07,0.5422290817879559,0.5641982534135458,0.5282267070788211,0.5547829270362854,1405248000,2015,8,31,Friday,0.5474,0.4937038123607635,12.37,9.83,6.99,12.37,-6.99,0,0.0,0.4888,0.4838,0.4789,0.474,0.469,0.4641,0.4591,0.4542,0.4493,0.4443,0.4394,0.4345,0.4295,0.4246,0.4196,0.4147,0.4098,0.4048,0.3999,0.395,0.39,0.3851,0.3802,0.3752,0.3703,False,False,False,False,False,False,False,False,False,False,False,False,False,False,False,False,False,False,False,False,False,False,False,False,False
NVDA,2015-08-10,0.5509204309234622,0.578200869437983,0.5475405082512919,0.5740967392921448,662304000,2015,8,32,Monday,0.5627,0.5547829270362854,3.48,-0.7,-1.31,3.48,1.31,1,0.5492,0.5492,0.5437,0.5381,0.5326,0.527,0.5215,0.5159,0.5104,0.5049,0.4993,0.4938,0.4882,0.4827,0.4771,0.4716,0.466,0.4605,0.4549,0.4494,0.4438,0.4383,0.4327,0.4272,0.4216,0.4161,True,False,False,False,False,False,False,False,False,False,False,False,False,False,False,False,False,False,False,False,False,False,False,False,False
NVDA,2015-08-11,0.5656472316522366,0.5767525562505954,0.5656472316522366,0.571199893951416,435008000,2015,8,32,Tuesday,0.5698,0.5740967392921448,-0.5,-1.47,-1.47,-0.5,1.47,1,0.5684,0.5684,0.5626,0.5569,0.5511,0.5454,0.5397,0.5339,0.5282,0.5224,0.5167,0.5109,0.5052,0.4995,0.4937,0.488,0.4822,0.4765,0.4708,0.465,0.4593,0.4535,0.4478,0.4421,0.4363,0.4306,True,False,False,False,False,False,False,False,False,False,False,False,False,False,False,False,False,False,False,False,False,False,False,False,False
NVDA,2015-08-12,0.562025769000206,0.5767523574895703,0.562025769000206,0.5726482272148132,384048000,2015,8,32,Wednesday,0.5684,0.571199893951416,0.25,-1.61,-1.61,0.25,1.61,1,0.5655,0.5655,0.5598,0.5541,0.5484,0.5426,0.5369,0.5312,0.5255,0.5198,0.5141,0.5084,0.5027,0.4969,0.4912,0.4855,0.4798,0.4741,0.4684,0.4627,0.457,0.4512,0.4455,0.4398,0.4341,0.4284,True,False,False,False,False,False,False,False,False,False,False,False,False,False,False,False,False,False,False,False,False,False,False,False,False
NVDA,2015-08-13,0.5733724941594037,0.5745796217754339,0.5663713036398621,0.5678198337554932,276884000,2015,8,32,Thursday,0.5705,0.5726482272148132,-0.84,0.13,-1.1,-0.84,1.1,1,0.5669,0.5669,0.5612,0.5555,0.5497,0.544,0.5383,0.5326,0.5268,0.5211,0.5154,0.5097,0.5039,0.4982,0.4925,0.4868,0.481,0.4753,0.4696,0.4638,0.4581,0.4524,0.4467,0.4409,0.4352,0.4295,True,False,False,False,False,False,False,False,False,False,False,False,False,False,False,False,False,False,False,False,False,False,False,False,False
NVDA,2015-08-14,0.5673369658754482,0.5716825561815781,0.5639571006766887,0.5683026909828186,214652000,2015,8,32,Friday,0.5678,0.5678198337554932,0.09,-0.09,-0.68,0.09,0.68,0,0.0,0.5621,0.5565,0.5508,0.5451,0.5394,0.5338,0.5281,0.5224,0.5167,0.511,0.5054,0.4997,0.494,0.4883,0.4826,0.477,0.4713,0.4656,0.4599,0.4543,0.4486,0.4429,0.4372,0.4315,0.4259,False,False,False,False,False,False,False,False,False,False,False,False,False,False,False,False,False,False,False,False,False,False,False,False,False
NVDA,2015-08-17,0.5673370111491455,0.5673370111491455,0.5576802197769244,0.5646814107894897,273880000,2015,8,33,Monday,0.5643,0.5683026909828186,-0.64,-0.17,-1.87,-0.64,1.87,1,0.5626,0.5626,0.5569,0.5513,0.5456,0.5399,0.5342,0.5285,0.5228,0.5172,0.5115,0.5058,0.5001,0.4944,0.4887,0.4831,0.4774,0.4717,0.466,0.4603,0.4546,0.449,0.4433,0.4376,0.4319,0.4262,True,False,False,False,False,False,False,False,False,False,False,False,False,False,False,False,False,False,False,False,False,False,False,False,False
NVDA,2015-08-18,0.5629359676900164,0.5668149485826167,0.5551780059048159,0.5595418810844421,287084000,2015,8,33,Tuesday,0.5611,0.5646814107894897,-0.91,-0.31,-1.68,-0.91,1.68,1,0.559,0.559,0.5534,0.5477,0.5421,0.5364,0.5308,0.5252,0.5195,0.5139,0.5082,0.5026,0.4969,0.4913,0.4856,0.48,0.4743,0.4687,0.463,0.4574,0.4517,0.4461,0.4405,0.4348,0.4292,0.4235,True,False,False,False,False,False,False,False,False,False,False,False,False,False,False,False,False,False,False,False,False,False,False,False,False
NVDA,2015-08-19,0.5588144991276581,0.5651178350698598,0.5512989565190968,0.5573598742485046,249248000,2015,8,33,Wednesday,0.5581,0.5595418810844421,-0.39,-0.13,-1.47,-0.39,1.47,1,0.5539,0.5539,0.5484,0.5428,0.5372,0.5316,0.526,0.5204,0.5148,0.5092,0.5036,0.498,0.4924,0.4868,0.4812,0.4756,0.47,0.4644,0.4588,0.4532,0.4476,0.442,0.4364,0.4308,0.4253,0.4197,True,False,False,False,False,False,False,False,False,False,False,False,False,False,False,False,False,False,False,False,False,False,False,False,False
NVDA,2015-08-20,0.5510565853337185,0.5537233593056201,0.5345709316317444,0.5372377634048462,426932000,2015,8,33,Thursday,0.5441,0.5573598742485046,-3.61,-1.13,-4.09,-3.61,4.09,4,2.1737,0.5518,0.5462,0.5406,0.5351,0.5295,0.5239,0.5183,0.5128,0.5072,0.5016,0.4961,0.4905,0.4849,0.4793,0.4738,0.4682,0.4626,0.457,0.4515,0.4459,0.4403,0.4347,0.4292,0.4236,0.418,True,True,True,True,False,False,False,False,False,False,False,False,False,False,False,False,False,False,False,False,False,False,False,False,False
NVDA,2015-08-21,0.5333585674388522,0.5423286742712098,0.5200245873575573,0.5205094814300537,382664000,2015,8,33,Friday,0.5291,0.5372377634048462,-3.11,-0.72,-3.2,-3.11,3.2,3,1.5795,0.5319,0.5265,0.5211,0.5157,0.5104,0.505,0.4996,0.4943,0.4889,0.4835,0.4781,0.4728,0.4674,0.462,0.4567,0.4513,0.4459,0.4405,0.4352,0.4298,0.4244,0.419,0.4137,0.4083,0.4029,True,True,True,False,False,False,False,False,False,False,False,False,False,False,False,False,False,False,False,False,False,False,False,False,False
NVDA,2015-08-24,0.4914172255649677,0.5292372337295239,0.4848714727060818,0.5020844340324402,682284000,2015,8,34,Monday,0.5019,0.5205094814300537,-3.54,-5.59,-6.85,-3.54,6.85,6,3.0137,0.5153,0.5101,0.5049,0.4997,0.4945,0.4893,0.4841,0.4789,0.4737,0.4685,0.4633,0.458,0.4528,0.4476,0.4424,0.4372,0.432,0.4268,0.4216,0.4164,0.4112,0.406,0.4008,0.3956,0.3904,True,True,True,True,True,True,False,False,False,False,False,False,False,False,False,False,False,False,False,False,False,False,False,False,False
NVDA,2015-08-25,0.5241459834134989,0.5260855018976596,0.4916596412658691,0.4916596412658691,622684000,2015,8,34,Tuesday,0.5084,0.5020844340324402,-2.08,4.39,-2.08,-2.08,2.08,2,0.9891,0.4971,0.492,0.487,0.482,0.477,0.472,0.4669,0.4619,0.4569,0.4519,0.4469,0.4418,0.4368,0.4318,0.4268,0.4218,0.4167,0.4117,0.4067,0.4017,0.3966,0.3916,0.3866,0.3816,0.3766,True,True,False,False,False,False,False,False,False,False,False,False,False,False,False,False,False,False,False,False,False,False,False,False,False
NVDA,2015-08-26,0.5076602726204312,0.5292370421066004,0.5037812943822984,0.5287521481513977,614976000,2015,8,34,Wednesday,0.5174,0.4916596412658691,7.54,3.25,2.47,7.54,-2.47,0,0.0,0.4867,0.4818,0.4769,0.472,0.4671,0.4622,0.4572,0.4523,0.4474,0.4425,0.4376,0.4327,0.4277,0.4228,0.4179,0.413,0.4081,0.4032,0.3982,0.3933,0.3884,0.3835,0.3786,0.3737,0.3687,False,False,False,False,False,False,False,False,False,False,False,False,False,False,False,False,False,False,False,False,False,False,False,False,False
NVDA,2015-08-27,0.534328256786384,0.5488743842311045,0.5311765900599106,0.5486319661140442,463764000,2015,8,34,Thursday,0.5408,0.5287521481513977,3.76,1.05,0.46,3.76,-0.46,0,0.0,0.5235,0.5182,0.5129,0.5076,0.5023,0.497,0.4917,0.4865,0.4812,0.4759,0.4706,0.4653,0.46,0.4547,0.4494,0.4442,0.4389,0.4336,0.4283,0.423,0.4177,0.4124,0.4071,0.4019,0.3966,False,False,False,False,False,False,False,False,False,False,False,False,False,False,False,False,False,False,False,False,False,False,False,False,False
NVDA,2015-08-28,0.5486323268951283,0.5544507701389952,0.5447533454654803,0.5510566830635071,320944000,2015,8,34,Friday,0.5497,0.5486319661140442,0.44,0.0,-0.71,0.44,0.71,0,0.0,0.5431,0.5377,0.5322,0.5267,0.5212,0.5157,0.5102,0.5047,0.4993,0.4938,0.4883,0.4828,0.4773,0.4718,0.4663,0.4609,0.4554,0.4499,0.4444,0.4389,0.4334,0.4279,0.4224,0.417,0.4115,False,False,False,False,False,False,False,False,False,False,False,False,False,False,False,False,False,False,False,False,False,False,False,False,False
NVDA,2015-08-31,0.5483896898637028,0.5522686697460096,0.5428136671206095,0.5449955463409424,219352000,2015,8,35,Monday,0.5471,0.5510566830635071,-1.1,-0.48,-1.5,-1.1,1.5,1,0.5455,0.5455,0.54,0.5345,0.529,0.5235,0.518,0.5125,0.507,0.5015,0.496,0.4904,0.4849,0.4794,0.4739,0.4684,0.4629,0.4574,0.4519,0.4464,0.4408,0.4353,0.4298,0.4243,0.4188,0.4133,True,False,False,False,False,False,False,False,False,False,False,False,False,False,False,False,False,False,False,False,False,False,False,False,False
NVDA,2015-09-01,0.5292373600936257,0.5382074701457555,0.5188126251030537,0.522691547870636,353408000,2015,9,35,Tuesday,0.5272,0.5449955463409424,-4.09,-2.89,-4.8,-4.09,4.8,4,2.1255,0.5395,0.5341,0.5286,0.5232,0.5177,0.5123,0.5068,0.5014,0.4959,0.4905,0.485,0.4796,0.4741,0.4687,0.4632,0.4578,0.4523,0.4469,0.4414,0.436,0.4305,0.4251,0.4196,0.4142,0.4087,True,True,True,True,False,False,False,False,False,False,False,False,False,False,False,False,False,False,False,False,False,False,False,False,False
NVDA,2015-09-02,0.5369951990921913,0.5386922420499839,0.5280250901147768,0.5384498238563538,344044000,2015,9,35,Wednesday,0.5355,0.522691547870636,3.01,2.74,1.02,3.01,-1.02,0,0.0,0.5175,0.5122,0.507,0.5018,0.4966,0.4913,0.4861,0.4809,0.4756,0.4704,0.4652,0.46,0.4547,0.4495,0.4443,0.4391,0.4338,0.4286,0.4234,0.4182,0.4129,0.4077,0.4025,0.3972,0.392,False,False,False,False,False,False,False,False,False,False,False,False,False,False,False,False,False,False,False,False,False,False,False,False,False
NVDA,2015-09-03,0.5464500481901731,0.549116878772973,0.5389345660958603,0.5399042963981628,262556000,2015,9,35,Thursday,0.5436,0.5384498238563538,0.27,1.49,0.09,0.27,-0.09,0,0.0,0.5331,0.5277,0.5223,0.5169,0.5115,0.5061,0.5008,0.4954,0.49,0.4846,0.4792,0.4738,0.4685,0.4631,0.4577,0.4523,0.4469,0.4415,0.4361,0.4308,0.4254,0.42,0.4146,0.4092,0.4038,False,False,False,False,False,False,False,False,False,False,False,False,False,False,False,False,False,False,False,False,False,False,False,False,False
NVDA,2015-09-04,0.5306918808444431,0.5391771537095478,0.5270553766173928,0.5272977948188782,287972000,2015,9,35,Friday,0.5311,0.5399042963981628,-2.33,-1.71,-2.38,-2.33,2.38,2,1.0636,0.5345,0.5291,0.5237,0.5183,0.5129,0.5075,0.5021,0.4967,0.4913,0.4859,0.4805,0.4751,0.4697,0.4643,0.4589,0.4535,0.4481,0.4427,0.4373,0.4319,0.4265,0.4211,0.4157,0.4103,0.4049,True,True,False,False,False,False,False,False,False,False,False,False,False,False,False,False,False,False,False,False,False,False,False,False,False
NVDA,2015-09-08,0.5401467854802035,0.5520261421971793,0.5379649064636923,0.5498442053794861,238448000,2015,9,36,Tuesday,0.545,0.5272977948188782,4.28,2.44,2.02,4.28,-2.02,0,0.0,0.522,0.5168,0.5115,0.5062,0.5009,0.4957,0.4904,0.4851,0.4798,0.4746,0.4693,0.464,0.4587,0.4535,0.4482,0.4429,0.4377,0.4324,0.4271,0.4218,0.4166,0.4113,0.406,0.4007,0.3955,False,False,False,False,False,False,False,False,False,False,False,False,False,False,False,False,False,False,False,False,False,False,False,False,False
NVDA,2015-09-09,0.5515411342904455,0.5561473668487114,0.5377222632121561,0.5389344692230225,289392000,2015,9,36,Wednesday,0.5461,0.5498442053794861,-1.98,0.31,-2.2,-1.98,2.2,2,1.0832,0.5443,0.5388,0.5333,0.5279,0.5224,0.5169,0.5114,0.5059,0.5004,0.4949,0.4894,0.4839,0.4784,0.4729,0.4674,0.4619,0.4564,0.4509,0.4454,0.4399,0.4344,0.4289,0.4234,0.4179,0.4124,True,True,False,False,False,False,False,False,False,False,False,False,False,False,False,False,False,False,False,False,False,False,False,False,False
NVDA,2015-09-10,0.5357830820668035,0.5542081953017303,0.533358726583292,0.5474199652671814,357076000,2015,9,36,Thursday,0.5427,0.5389344692230225,1.57,-0.58,-1.03,1.57,1.03,1,0.5335,0.5335,0.5282,0.5228,0.5174,0.512,0.5066,0.5012,0.4958,0.4904,0.485,0.4797,0.4743,0.4689,0.4635,0.4581,0.4527,0.4473,0.4419,0.4365,0.4311,0.4258,0.4204,0.415,0.4096,0.4042,True,False,False,False,False,False,False,False,False,False,False,False,False,False,False,False,False,False,False,False,False,False,False,False,False
NVDA,2015-09-11,0.5413588922864521,0.5527533527920054,0.5391769558701212,0.549116849899292,301584000,2015,9,36,Friday,0.5456,0.5474199652671814,0.31,-1.11,-1.51,0.31,1.51,1,0.5419,0.5419,0.5365,0.531,0.5255,0.52,0.5146,0.5091,0.5036,0.4982,0.4927,0.4872,0.4817,0.4763,0.4708,0.4653,0.4598,0.4544,0.4489,0.4434,0.4379,0.4325,0.427,0.4215,0.416,0.4106,True,False,False,False,False,False,False,False,False,False,False,False,False,False,False,False,False,False,False,False,False,False,False,False,False
NVDA,2015-09-14,0.5517838991291195,0.5534809423698722,0.5471776058749618,0.5500868558883667,192460000,2015,9,37,Monday,0.5506,0.549116849899292,0.18,0.49,-0.35,0.18,0.35,0,0.0,0.5436,0.5381,0.5326,0.5272,0.5217,0.5162,0.5107,0.5052,0.4997,0.4942,0.4887,0.4832,0.4777,0.4722,0.4667,0.4613,0.4558,0.4503,0.4448,0.4393,0.4338,0.4283,0.4228,0.4173,0.4118,False,False,False,False,False,False,False,False,False,False,False,False,False,False,False,False,False,False,False,False,False,False,False,False,False
NVDA,2015-09-15,0.550329016665522,0.5590567048215183,0.5486319742186857,0.5561474561691284,327976000,2015,9,37,Tuesday,0.5535,0.5500868558883667,1.1,0.04,-0.26,1.1,0.26,0,0.0,0.5446,0.5391,0.5336,0.5281,0.5226,0.5171,0.5116,0.5061,0.5006,0.4951,0.4896,0.4841,0.4786,0.4731,0.4676,0.4621,0.4566,0.4511,0.4456,0.4401,0.4346,0.4291,0.4236,0.4181,0.4126,False,False,False,False,False,False,False,False,False,False,False,False,False,False,False,False,False,False,False,False,False,False,False,False,False
NVDA,2015-09-16,0.5551777573517831,0.5631781337981276,0.5510563600614203,0.5600264668464661,173508000,2015,9,37,Wednesday,0.5574,0.5561474561691284,0.7,-0.17,-0.92,0.7,0.92,0,0.0,0.5506,0.545,0.5395,0.5339,0.5283,0.5228,0.5172,0.5117,0.5061,0.5005,0.495,0.4894,0.4838,0.4783,0.4727,0.4672,0.4616,0.456,0.4505,0.4449,0.4394,0.4338,0.4282,0.4227,0.4171,False,False,False,False,False,False,False,False,False,False,False,False,False,False,False,False,False,False,False,False,False,False,False,False,False
NVDA,2015-09-17,0.5697238306932519,0.5748150156307257,0.5639053914230244,0.565117597579956,268712000,2015,9,37,Thursday,0.5684,0.5600264668464661,0.91,1.73,0.69,0.91,-0.69,0,0.0,0.5544,0.5488,0.5432,0.5376,0.532,0.5264,0.5208,0.5152,0.5096,0.504,0.4984,0.4928,0.4872,0.4816,0.476,0.4704,0.4648,0.4592,0.4536,0.448,0.4424,0.4368,0.4312,0.4256,0.42,False,False,False,False,False,False,False,False,False,False,False,False,False,False,False,False,False,False,False,False,False,False,False,False,False
NVDA,2015-09-18,0.5573598266353806,0.569481603257484,0.5539657407414298,0.5646328926086426,326412000,2015,9,37,Friday,0.5614,0.565117597579956,-0.09,-1.37,-1.97,-0.09,1.97,1,0.5595,0.5595,0.5538,0.5482,0.5425,0.5369,0.5312,0.5256,0.5199,0.5143,0.5086,0.503,0.4973,0.4917,0.486,0.4803,0.4747,0.469,0.4634,0.4577,0.4521,0.4464,0.4408,0.4351,0.4295,0.4238,True,False,False,False,False,False,False,False,False,False,False,False,False,False,False,False,False,False,False,False,False,False,False,False,False
NVDA,2015-09-21,0.565360308652518,0.5716636452120514,0.5624510586092868,0.5704514384269714,281840000,2015,9,38,Monday,0.5675,0.5646328926086426,1.03,0.13,-0.39,1.03,0.39,0,0.0,0.559,0.5533,0.5477,0.542,0.5364,0.5308,0.5251,0.5195,0.5138,0.5082,0.5025,0.4969,0.4912,0.4856,0.4799,0.4743,0.4686,0.463,0.4574,0.4517,0.4461,0.4404,0.4348,0.4291,0.4235,False,False,False,False,False,False,False,False,False,False,False,False,False,False,False,False,False,False,False,False,False,False,False,False,False
NVDA,2015-09-22,0.5580871229333263,0.561966102900877,0.5520262058963055,0.5549354553222656,228356000,2015,9,38,Tuesday,0.5568,0.5704514384269714,-2.72,-2.17,-3.23,-2.72,3.23,3,1.6771,0.5647,0.559,0.5533,0.5476,0.5419,0.5362,0.5305,0.5248,0.5191,0.5134,0.5077,0.502,0.4963,0.4906,0.4849,0.4792,0.4735,0.4678,0.4621,0.4564,0.4507,0.445,0.4392,0.4335,0.4278,True,True,True,False,False,False,False,False,False,False,False,False,False,False,False,False,False,False,False,False,False,False,False,False,False
NVDA,2015-09-23,0.5554202896726261,0.5609963125179795,0.5532384104122792,0.5576022267341614,161632000,2015,9,38,Wednesday,0.5568,0.5549354553222656,0.48,0.09,-0.31,0.48,0.31,0,0.0,0.5494,0.5438,0.5383,0.5327,0.5272,0.5216,0.5161,0.5105,0.505,0.4994,0.4939,0.4883,0.4828,0.4772,0.4717,0.4661,0.4606,0.455,0.4495,0.4439,0.4384,0.4328,0.4273,0.4218,0.4162,False,False,False,False,False,False,False,False,False,False,False,False,False,False,False,False,False,False,False,False,False,False,False,False,False
NVDA,2015-09-24,0.5542081365954385,0.5740878725748857,0.545480446219067,0.5682694315910339,382440000,2015,9,38,Thursday,0.5605,0.5576022267341614,1.91,-0.61,-2.17,1.91,2.17,2,1.0985,0.552,0.5465,0.5409,0.5353,0.5297,0.5241,0.5186,0.513,0.5074,0.5018,0.4963,0.4907,0.4851,0.4795,0.474,0.4684,0.4628,0.4572,0.4517,0.4461,0.4405,0.4349,0.4294,0.4238,0.4182,True,True,False,False,False,False,False,False,False,False,False,False,False,False,False,False,False,False,False,False,False,False,False,False,False
NVDA,2015-09-25,0.5752999262601781,0.5835427789103756,0.5668147132688875,0.5723907351493835,369692000,2015,9,38,Friday,0.5745,0.5682694315910339,0.73,1.24,-0.26,0.73,0.26,0,0.0,0.5626,0.5569,0.5512,0.5455,0.5399,0.5342,0.5285,0.5228,0.5171,0.5114,0.5058,0.5001,0.4944,0.4887,0.483,0.4773,0.4717,0.466,0.4603,0.4546,0.4489,0.4433,0.4376,0.4319,0.4262,False,False,False,False,False,False,False,False,False,False,False,False,False,False,False,False,False,False,False,False,False,False,False,False,False
NVDA,2015-09-28,0.5723909069819699,0.5760274114124417,0.5612388598731171,0.5648753643035889,395584000,2015,9,39,Monday,0.5686,0.5723907351493835,-1.31,0.0,-1.95,-1.31,1.95,1,0.5667,0.5667,0.5609,0.5552,0.5495,0.5438,0.538,0.5323,0.5266,0.5209,0.5152,0.5094,0.5037,0.498,0.4923,0.4865,0.4808,0.4751,0.4694,0.4636,0.4579,0.4522,0.4465,0.4407,0.435,0.4293,True,False,False,False,False,False,False,False,False,False,False,False,False,False,False,False,False,False,False,False,False,False,False,False,False
NVDA,2015-09-29,0.5709361743608238,0.575784884554026,0.5629357967619215,0.5748151540756226,380736000,2015,9,39,Tuesday,0.5711,0.5648753643035889,1.76,1.07,-0.34,1.76,0.34,0,0.0,0.5592,0.5536,0.5479,0.5423,0.5366,0.531,0.5253,0.5197,0.514,0.5084,0.5027,0.4971,0.4914,0.4858,0.4801,0.4745,0.4688,0.4632,0.4575,0.4519,0.4463,0.4406,0.435,0.4293,0.4237,False,False,False,False,False,False,False,False,False,False,False,False,False,False,False,False,False,False,False,False,False,False,False,False,False
NVDA,2015-09-30,0.5801485420757497,0.5983312292322404,0.5767544574282144,0.5976039171218872,556380000,2015,9,39,Wednesday,0.5882,0.5748151540756226,3.96,0.93,0.34,3.96,-0.34,0,0.0,0.5691,0.5633,0.5576,0.5518,0.5461,0.5403,0.5346,0.5288,0.5231,0.5173,0.5116,0.5058,0.5001,0.4943,0.4886,0.4828,0.4771,0.4713,0.4656,0.4599,0.4541,0.4484,0.4426,0.4369,0.4311,False,False,False,False,False,False,False,False,False,False,False,False,False,False,False,False,False,False,False,False,False,False,False,False,False
NVDA,2015-10-01,0.597603942562515,0.5993009849585276,0.5689965243413401,0.5859670639038086,489296000,2015,10,39,Thursday,0.588,0.5976039171218872,-1.95,0.0,-4.79,-1.95,4.79,4,2.3307,0.5916,0.5857,0.5797,0.5737,0.5677,0.5617,0.5558,0.5498,0.5438,0.5378,0.5319,0.5259,0.5199,0.5139,0.508,0.502,0.496,0.49,0.4841,0.4781,0.4721,0.4661,0.4602,0.4542,0.4482,True,True,True,True,False,False,False,False,False,False,False,False,False,False,False,False,False,False,False,False,False,False,False,False,False
NVDA,2015-10-02,0.5828153515057233,0.6012404561042786,0.5767544367372708,0.6012404561042786,386144000,2015,10,39,Friday,0.5905,0.5859670639038086,2.61,-0.54,-1.57,2.61,1.57,1,0.5801,0.5801,0.5742,0.5684,0.5625,0.5567,0.5508,0.5449,0.5391,0.5332,0.5274,0.5215,0.5157,0.5098,0.5039,0.4981,0.4922,0.4864,0.4805,0.4746,0.4688,0.4629,0.4571,0.4512,0.4453,0.4395,True,False,False,False,False,False,False,False,False,False,False,False,False,False,False,False,False,False,False,False,False,False,False,False,False
NVDA,2015-10-05,0.605119570958617,0.6237870978574921,0.6019679038171105,0.6162716150283813,482024000,2015,10,40,Monday,0.6118,0.6012404561042786,2.5,0.65,0.12,2.5,-0.12,0,0.0,0.5952,0.5892,0.5832,0.5772,0.5712,0.5652,0.5592,0.5531,0.5471,0.5411,0.5351,0.5291,0.5231,0.5171,0.5111,0.505,0.499,0.493,0.487,0.481,0.475,0.469,0.463,0.4569,0.4509,False,False,False,False,False,False,False,False,False,False,False,False,False,False,False,False,False,False,False,False,False,False,False,False,False
NVDA,2015-10-06,0.6097258013646106,0.626938702038617,0.607301446714701,0.6242719292640686,453216000,2015,10,40,Tuesday,0.6171,0.6162716150283813,1.3,-1.06,-1.46,1.3,1.46,1,0.6101,0.6101,0.6039,0.5978,0.5916,0.5855,0.5793,0.5731,0.567,0.5608,0.5546,0.5485,0.5423,0.5362,0.53,0.5238,0.5177,0.5115,0.5053,0.4992,0.493,0.4869,0.4807,0.4745,0.4684,0.4622,True,False,False,False,False,False,False,False,False,False,False,False,False,False,False,False,False,False,False,False,False,False,False,False,False
NVDA,2015-10-07,0.6257267610549689,0.637121225906916,0.6155444450292408,0.6308178901672363,310152000,2015,10,40,Wednesday,0.6273,0.6242719292640686,1.05,0.23,-1.4,1.05,1.4,1,0.618,0.618,0.6118,0.6055,0.5993,0.5931,0.5868,0.5806,0.5743,0.5681,0.5618,0.5556,0.5494,0.5431,0.5369,0.5306,0.5244,0.5181,0.5119,0.5057,0.4994,0.4932,0.4869,0.4807,0.4744,0.4682,True,False,False,False,False,False,False,False,False,False,False,False,False,False,False,False,False,False,False,False,False,False,False,False,False
NVDA,2015-10-08,0.6281510346269645,0.63615141236119,0.6174838257805398,0.6344543695449829,460068000,2015,10,40,Thursday,0.6291,0.6308178901672363,0.58,-0.42,-2.11,0.58,2.11,2,1.2427,0.6245,0.6182,0.6119,0.6056,0.5993,0.593,0.5867,0.5804,0.574,0.5677,0.5614,0.5551,0.5488,0.5425,0.5362,0.5299,0.5236,0.5173,0.511,0.5047,0.4983,0.492,0.4857,0.4794,0.4731,True,True,False,False,False,False,False,False,False,False,False,False,False,False,False,False,False,False,False,False,False,False,False,False,False
NVDA,2015-10-09,0.631060281447004,0.6371211987230794,0.6201507112717354,0.6320300698280334,423248000,2015,10,40,Friday,0.6301,0.6344543695449829,-0.38,-0.53,-2.25,-0.38,2.25,2,1.2499,0.6281,0.6218,0.6154,0.6091,0.6027,0.5964,0.59,0.5837,0.5774,0.571,0.5647,0.5583,0.552,0.5456,0.5393,0.5329,0.5266,0.5203,0.5139,0.5076,0.5012,0.4949,0.4885,0.4822,0.4758,True,True,False,False,False,False,False,False,False,False,False,False,False,False,False,False,False,False,False,False,False,False,False,False,False
NVDA,2015-10-12,0.6327572874805988,0.6424547661165559,0.6281510530449144,0.6388182044029236,227588000,2015,10,41,Monday,0.6355,0.6320300698280334,1.07,0.12,-0.61,1.07,0.61,0,0.0,0.6257,0.6194,0.6131,0.6067,0.6004,0.5941,0.5878,0.5815,0.5751,0.5688,0.5625,0.5562,0.5499,0.5435,0.5372,0.5309,0.5246,0.5183,0.5119,0.5056,0.4993,0.493,0.4867,0.4803,0.474,False,False,False,False,False,False,False,False,False,False,False,False,False,False,False,False,False,False,False,False,False,False,False,False,False
NVDA,2015-10-13,0.6337270492252572,0.6439093059939889,0.6315451122885926,0.6400303840637207,298444000,2015,10,41,Tuesday,0.6373,0.6388182044029236,0.19,-0.8,-1.14,0.19,1.14,1,0.6324,0.6324,0.626,0.6197,0.6133,0.6069,0.6005,0.5941,0.5877,0.5813,0.5749,0.5685,0.5622,0.5558,0.5494,0.543,0.5366,0.5302,0.5238,0.5174,0.5111,0.5047,0.4983,0.4919,0.4855,0.4791,True,False,False,False,False,False,False,False,False,False,False,False,False,False,False,False,False,False,False,False,False,False,False,False,False
NVDA,2015-10-14,0.6407575283035324,0.6737288214460951,0.6400302739176529,0.6633040904998779,612148000,2015,10,41,Wednesday,0.6545,0.6400303840637207,3.64,0.11,-0.0,3.64,0.0,0,0.0,0.6336,0.6272,0.6208,0.6144,0.608,0.6016,0.5952,0.5888,0.5824,0.576,0.5696,0.5632,0.5568,0.5504,0.544,0.5376,0.5312,0.5248,0.5184,0.512,0.5056,0.4992,0.4928,0.4864,0.48,False,False,False,False,False,False,False,False,False,False,False,False,False,False,False,False,False,False,False,False,False,False,False,False,False
NVDA,2015-10-15,0.6645163789945902,0.6785776738395745,0.6577282075530028,0.6650012731552124,526048000,2015,10,41,Thursday,0.6665,0.6633040904998779,0.26,0.18,-0.84,0.26,0.84,0,0.0,0.6567,0.65,0.6434,0.6368,0.6301,0.6235,0.6169,0.6102,0.6036,0.597,0.5903,0.5837,0.5771,0.5704,0.5638,0.5572,0.5505,0.5439,0.5373,0.5306,0.524,0.5174,0.5107,0.5041,0.4975,False,False,False,False,False,False,False,False,False,False,False,False,False,False,False,False,False,False,False,False,False,False,False,False,False
NVDA,2015-10-16,0.6671833868263607,0.6817295218821597,0.6654862857154351,0.675426185131073,448396000,2015,10,41,Friday,0.6725,0.6650012731552124,1.57,0.33,0.07,1.57,-0.07,0,0.0,0.6584,0.6517,0.6451,0.6384,0.6318,0.6251,0.6185,0.6118,0.6052,0.5985,0.5919,0.5852,0.5786,0.5719,0.5653,0.5586,0.552,0.5453,0.5387,0.532,0.5254,0.5187,0.5121,0.5054,0.4988,False,False,False,False,False,False,False,False,False,False,False,False,False,False,False,False,False,False,False,False,False,False,False,False,False
NVDA,2015-10-19,0.67760785050412,0.6807595176134963,0.6664558065480467,0.674213707447052,294712000,2015,10,42,Monday,0.6748,0.675426185131073,-0.18,0.32,-1.33,-0.18,1.33,1,0.6687,0.6687,0.6619,0.6552,0.6484,0.6417,0.6349,0.6281,0.6214,0.6146,0.6079,0.6011,0.5944,0.5876,0.5809,0.5741,0.5674,0.5606,0.5538,0.5471,0.5403,0.5336,0.5268,0.5201,0.5133,0.5066,True,False,False,False,False,False,False,False,False,False,False,False,False,False,False,False,False,False,False,False,False,False,False,False,False
NVDA,2015-10-20,0.6713047169409665,0.6763958463465577,0.6662135297341785,0.6732441782951355,264824000,2015,10,42,Tuesday,0.6718,0.674213707447052,-0.14,-0.43,-1.19,-0.14,1.19,1,0.6675,0.6675,0.6607,0.654,0.6472,0.6405,0.6338,0.627,0.6203,0.6135,0.6068,0.6001,0.5933,0.5866,0.5798,0.5731,0.5663,0.5596,0.5529,0.5461,0.5394,0.5326,0.5259,0.5191,0.5124,0.5057,True,False,False,False,False,False,False,False,False,False,False,False,False,False,False,False,False,False,False,False,False,False,False,False,False
NVDA,2015-10-21,0.6773655994289256,0.6814870560949549,0.6633043596431033,0.6645165085792542,386280000,2015,10,42,Wednesday,0.6717,0.6732441782951355,-1.3,0.61,-1.48,-1.3,1.48,1,0.6665,0.6665,0.6598,0.653,0.6463,0.6396,0.6328,0.6261,0.6194,0.6127,0.6059,0.5992,0.5925,0.5857,0.579,0.5723,0.5655,0.5588,0.5521,0.5453,0.5386,0.5319,0.5251,0.5184,0.5117,0.5049,True,False,False,False,False,False,False,False,False,False,False,False,False,False,False,False,False,False,False,False,False,False,False,False,False
NVDA,2015-10-22,0.6722743368717063,0.6906994479058595,0.6713046063543693,0.6885175108909607,306884000,2015,10,42,Thursday,0.6807,0.6645165085792542,3.61,1.17,1.02,3.61,-1.02,0,0.0,0.6579,0.6512,0.6446,0.6379,0.6313,0.6246,0.618,0.6114,0.6047,0.5981,0.5914,0.5848,0.5781,0.5715,0.5648,0.5582,0.5515,0.5449,0.5383,0.5316,0.525,0.5183,0.5117,0.505,0.4984,False,False,False,False,False,False,False,False,False,False,False,False,False,False,False,False,False,False,False,False,False,False,False,False,False
NVDA,2015-10-23,0.6945782629613477,0.697729929745731,0.6841535323209659,0.6931236386299133,381776000,2015,10,42,Friday,0.6924,0.6885175108909607,0.67,0.88,-0.63,0.67,0.63,0,0.0,0.6816,0.6747,0.6679,0.661,0.6541,0.6472,0.6403,0.6334,0.6266,0.6197,0.6128,0.6059,0.599,0.5921,0.5852,0.5784,0.5715,0.5646,0.5577,0.5508,0.5439,0.537,0.5302,0.5233,0.5164,False,False,False,False,False,False,False,False,False,False,False,False,False,False,False,False,False,False,False,False,False,False,False,False,False
NVDA,2015-10-26,0.6936086641600204,0.6953057069346742,0.683668767878383,0.6899721026420593,247436000,2015,10,43,Monday,0.6906,0.6931236386299133,-0.45,0.07,-1.36,-0.45,1.36,1,0.6862,0.6862,0.6793,0.6723,0.6654,0.6585,0.6515,0.6446,0.6377,0.6307,0.6238,0.6169,0.6099,0.603,0.5961,0.5892,0.5822,0.5753,0.5684,0.5614,0.5545,0.5476,0.5406,0.5337,0.5268,0.5198,True,False,False,False,False,False,False,False,False,False,False,False,False,False,False,False,False,False,False,False,False,False,False,False,False
NVDA,2015-10-27,0.6865780291958029,0.6938510945587509,0.6860931350511322,0.6894872784614563,208268000,2015,10,43,Tuesday,0.689,0.6899721026420593,-0.07,-0.49,-0.56,-0.07,0.56,0,0.0,0.6831,0.6762,0.6693,0.6624,0.6555,0.6486,0.6417,0.6348,0.6279,0.621,0.6141,0.6072,0.6003,0.5934,0.5865,0.5796,0.5727,0.5658,0.5589,0.552,0.5451,0.5382,0.5313,0.5244,0.5175,False,False,False,False,False,False,False,False,False,False,False,False,False,False,False,False,False,False,False,False,False,False,False,False,False
NVDA,2015-10-28,0.6938512650352101,0.6950634717941284,0.6836689479048544,0.6950634717941284,217036000,2015,10,43,Wednesday,0.6919,0.6894872784614563,0.81,0.63,-0.84,0.81,0.84,0,0.0,0.6826,0.6757,0.6688,0.6619,0.655,0.6481,0.6412,0.6343,0.6274,0.6205,0.6136,0.6067,0.5999,0.593,0.5861,0.5792,0.5723,0.5654,0.5585,0.5516,0.5447,0.5378,0.5309,0.524,0.5171,False,False,False,False,False,False,False,False,False,False,False,False,False,False,False,False,False,False,False,False,False,False,False,False,False
NVDA,2015-10-29,0.6839111361172714,0.6909417242758964,0.6698498441976707,0.6710619926452637,327168000,2015,10,43,Thursday,0.6789,0.6950634717941284,-3.45,-1.6,-3.63,-3.45,3.63,3,2.0435,0.6881,0.6812,0.6742,0.6673,0.6603,0.6534,0.6464,0.6395,0.6325,0.6256,0.6186,0.6117,0.6047,0.5978,0.5908,0.5839,0.5769,0.57,0.563,0.5561,0.5491,0.5421,0.5352,0.5282,0.5213,True,True,True,False,False,False,False,False,False,False,False,False,False,False,False,False,False,False,False,False,False,False,False,False,False
NVDA,2015-10-30,0.678335387564118,0.6926391033702184,0.6732442001917442,0.6877903342247009,301160000,2015,10,43,Friday,0.683,0.6710619926452637,2.49,1.08,0.33,2.49,-0.33,0,0.0,0.6644,0.6576,0.6509,0.6442,0.6375,0.6308,0.6241,0.6174,0.6107,0.604,0.5972,0.5905,0.5838,0.5771,0.5704,0.5637,0.557,0.5503,0.5436,0.5368,0.5301,0.5234,0.5167,0.51,0.5033,False,False,False,False,False,False,False,False,False,False,False,False,False,False,False,False,False,False,False,False,False,False,False,False,False
NVDA,2015-11-02,0.6899721478469831,0.696517901206987,0.6858507497240617,0.6957905888557434,190088000,2015,11,44,Monday,0.692,0.6877903342247009,1.16,0.32,-0.28,1.16,0.28,0,0.0,0.6809,0.674,0.6672,0.6603,0.6534,0.6465,0.6396,0.6328,0.6259,0.619,0.6121,0.6053,0.5984,0.5915,0.5846,0.5777,0.5709,0.564,0.5571,0.5502,0.5434,0.5365,0.5296,0.5227,0.5158,False,False,False,False,False,False,False,False,False,False,False,False,False,False,False,False,False,False,False,False,False,False,False,False,False
NVDA,2015-11-03,0.6916691228878126,0.6955481024468976,0.6831839092909225,0.6909418106079102,376768000,2015,11,44,Tuesday,0.6903,0.6957905888557434,-0.7,-0.59,-1.81,-0.7,1.81,1,0.6888,0.6888,0.6819,0.6749,0.668,0.661,0.654,0.6471,0.6401,0.6332,0.6262,0.6193,0.6123,0.6053,0.5984,0.5914,0.5845,0.5775,0.5705,0.5636,0.5566,0.5497,0.5427,0.5358,0.5288,0.5218,True,False,False,False,False,False,False,False,False,False,False,False,False,False,False,False,False,False,False,False,False,False,False,False,False
NVDA,2015-11-04,0.6890023716180598,0.6940934999379351,0.6763957021008242,0.6795473694801331,442264000,2015,11,44,Wednesday,0.6848,0.6909418106079102,-1.65,-0.28,-2.11,-1.65,2.11,2,1.3612,0.684,0.6771,0.6702,0.6633,0.6564,0.6495,0.6426,0.6357,0.6288,0.6218,0.6149,0.608,0.6011,0.5942,0.5873,0.5804,0.5735,0.5666,0.5597,0.5528,0.5458,0.5389,0.532,0.5251,0.5182,True,True,False,False,False,False,False,False,False,False,False,False,False,False,False,False,False,False,False,False,False,False,False,False,False
NVDA,2015-11-05,0.6829416949781707,0.6848812144013714,0.6698501845266857,0.6717896461486816,478800000,2015,11,44,Thursday,0.6774,0.6795473694801331,-1.14,0.5,-1.43,-1.14,1.43,1,0.6728,0.6728,0.666,0.6592,0.6524,0.6456,0.6388,0.632,0.6252,0.6184,0.6116,0.6048,0.598,0.5912,0.5844,0.5776,0.5708,0.564,0.5572,0.5504,0.5436,0.5368,0.53,0.5233,0.5165,0.5097,True,False,False,False,False,False,False,False,False,False,False,False,False,False,False,False,False,False,False,False,False,False,False,False,False
NVDA,2015-11-06,0.7382169208775365,0.7743398326533734,0.7229434765106039,0.7648848295211792,1172272000,2015,11,44,Friday,0.7501,0.6717896461486816,13.86,9.89,7.61,13.86,-7.61,0,0.0,0.6651,0.6584,0.6516,0.6449,0.6382,0.6315,0.6248,0.618,0.6113,0.6046,0.5979,0.5912,0.5845,0.5777,0.571,0.5643,0.5576,0.5509,0.5441,0.5374,0.5307,0.524,0.5173,0.5106,0.5038,False,False,False,False,False,False,False,False,False,False,False,False,False,False,False,False,False,False,False,False,False,False,False,False,False
NVDA,2015-11-09,0.7573693045679416,0.7636726396501161,0.7508234935048614,0.7614907026290894,492568000,2015,11,45,Monday,0.7583,0.7648848295211792,-0.44,-0.98,-1.84,-0.44,1.84,1,0.7572,0.7572,0.7496,0.7419,0.7343,0.7266,0.719,0.7113,0.7037,0.696,0.6884,0.6807,0.6731,0.6654,0.6578,0.6502,0.6425,0.6349,0.6272,0.6196,0.6119,0.6043,0.5966,0.589,0.5813,0.5737,True,False,False,False,False,False,False,False,False,False,False,False,False,False,False,False,False,False,False,False,False,False,False,False,False
NVDA,2015-11-10,0.7515509009120601,0.7556723572957357,0.7309439079996553,0.7469446659088135,552260000,2015,11,45,Tuesday,0.7463,0.7614907026290894,-1.91,-1.31,-4.01,-1.91,4.01,4,2.9698,0.7539,0.7463,0.7386,0.731,0.7234,0.7158,0.7082,0.7006,0.693,0.6853,0.6777,0.6701,0.6625,0.6549,0.6473,0.6397,0.632,0.6244,0.6168,0.6092,0.6016,0.594,0.5863,0.5787,0.5711,True,True,True,True,False,False,False,False,False,False,False,False,False,False,False,False,False,False,False,False,False,False,False,False,False
NVDA,2015-11-11,0.7474294305372229,0.7527630352617019,0.7370046970765519,0.739671528339386,619896000,2015,11,45,Wednesday,0.7442,0.7469446659088135,-0.97,0.06,-1.33,-0.97,1.33,1,0.7395,0.7395,0.732,0.7245,0.7171,0.7096,0.7021,0.6947,0.6872,0.6797,0.6723,0.6648,0.6573,0.6498,0.6424,0.6349,0.6274,0.62,0.6125,0.605,0.5976,0.5901,0.5826,0.5751,0.5677,0.5602,True,False,False,False,False,False,False,False,False,False,False,False,False,False,False,False,False,False,False,False,False,False,False,False,False
NVDA,2015-11-12,0.7379743681896795,0.7447625970924007,0.733852970335006,0.7370046377182007,291080000,2015,11,45,Thursday,0.7384,0.739671528339386,-0.36,-0.23,-0.79,-0.36,0.79,0,0.0,0.7323,0.7249,0.7175,0.7101,0.7027,0.6953,0.6879,0.6805,0.6731,0.6657,0.6583,0.6509,0.6435,0.6361,0.6287,0.6213,0.6139,0.6065,0.5991,0.5917,0.5843,0.5769,0.5695,0.5622,0.5548,False,False,False,False,False,False,False,False,False,False,False,False,False,False,False,False,False,False,False,False,False,False,False,False,False
NVDA,2015-11-13,0.7377319848949019,0.7408836524270768,0.7188219797018525,0.72245854139328,292940000,2015,11,45,Friday,0.73,0.7370046377182007,-1.97,0.1,-2.47,-1.97,2.47,2,1.4519,0.7296,0.7223,0.7149,0.7075,0.7002,0.6928,0.6854,0.678,0.6707,0.6633,0.6559,0.6486,0.6412,0.6338,0.6265,0.6191,0.6117,0.6043,0.597,0.5896,0.5822,0.5749,0.5675,0.5601,0.5528,True,True,False,False,False,False,False,False,False,False,False,False,False,False,False,False,False,False,False,False,False,False,False,False,False
NVDA,2015-11-16,0.7319135093920482,0.7374895318545324,0.7260950109608061,0.7370046377182007,344280000,2015,11,46,Monday,0.7331,0.72245854139328,2.01,1.31,0.5,2.01,-0.5,0,0.0,0.7152,0.708,0.7008,0.6936,0.6863,0.6791,0.6719,0.6647,0.6574,0.6502,0.643,0.6358,0.6285,0.6213,0.6141,0.6069,0.5996,0.5924,0.5852,0.578,0.5707,0.5635,0.5563,0.5491,0.5418,False,False,False,False,False,False,False,False,False,False,False,False,False,False,False,False,False,False,False,False,False,False,False,False,False
NVDA,2015-11-17,0.7389441564623429,0.7433079724845901,0.733852970335006,0.7370046377182007,257048000,2015,11,46,Tuesday,0.7383,0.7370046377182007,0.0,0.26,-0.43,0.0,0.43,0,0.0,0.7296,0.7223,0.7149,0.7075,0.7002,0.6928,0.6854,0.678,0.6707,0.6633,0.6559,0.6486,0.6412,0.6338,0.6265,0.6191,0.6117,0.6043,0.597,0.5896,0.5822,0.5749,0.5675,0.5601,0.5528,False,False,False,False,False,False,False,False,False,False,False,False,False,False,False,False,False,False,False,False,False,False,False,False,False
NVDA,2015-11-18,0.7400465414796878,0.7561081128914343,0.7320157847841485,0.755134642124176,350216000,2015,11,46,Wednesday,0.7458,0.7370046377182007,2.46,0.41,-0.68,2.46,0.68,0,0.0,0.7296,0.7223,0.7149,0.7075,0.7002,0.6928,0.6854,0.678,0.6707,0.6633,0.6559,0.6486,0.6412,0.6338,0.6265,0.6191,0.6117,0.6043,0.597,0.5896,0.5822,0.5749,0.5675,0.5601,0.5528,False,False,False,False,False,False,False,False,False,False,False,False,False,False,False,False,False,False,False,False,False,False,False,False,False
NVDA,2015-11-19,0.757811669434154,0.7648689560118204,0.7517277376719746,0.7573249340057373,254072000,2015,11,46,Thursday,0.7579,0.755134642124176,0.29,0.35,-0.45,0.29,0.45,0,0.0,0.7476,0.74,0.7325,0.7249,0.7174,0.7098,0.7023,0.6947,0.6872,0.6796,0.6721,0.6645,0.657,0.6494,0.6419,0.6343,0.6268,0.6192,0.6117,0.6041,0.5966,0.589,0.5815,0.5739,0.5664,False,False,False,False,False,False,False,False,False,False,False,False,False,False,False,False,False,False,False,False,False,False,False,False,False
NVDA,2015-11-20,0.7629220988312385,0.7682759562400181,0.7582983155245957,0.7638955116271973,239744000,2015,11,46,Friday,0.7633,0.7573249340057373,0.87,0.74,0.13,0.87,-0.13,0,0.0,0.7498,0.7422,0.7346,0.727,0.7195,0.7119,0.7043,0.6967,0.6892,0.6816,0.674,0.6664,0.6589,0.6513,0.6437,0.6362,0.6286,0.621,0.6134,0.6059,0.5983,0.5907,0.5831,0.5756,0.568,False,False,False,False,False,False,False,False,False,False,False,False,False,False,False,False,False,False,False,False,False,False,False,False,False
NVDA,2015-11-23,0.7702228600395614,0.7702228600395614,0.749780957166094,0.752457857131958,242552000,2015,11,47,Monday,0.7607,0.7638955116271973,-1.5,0.83,-1.85,-1.5,1.85,1,0.7563,0.7563,0.7486,0.741,0.7333,0.7257,0.7181,0.7104,0.7028,0.6951,0.6875,0.6799,0.6722,0.6646,0.657,0.6493,0.6417,0.634,0.6264,0.6188,0.6111,0.6035,0.5958,0.5882,0.5806,0.5729,True,False,False,False,False,False,False,False,False,False,False,False,False,False,False,False,False,False,False,False,False,False,False,False,False
NVDA,2015-11-24,0.7524578309121523,0.7651123721656036,0.7490508568887384,0.7585417628288269,195428000,2015,11,47,Tuesday,0.7563,0.752457857131958,0.81,-0.0,-0.45,0.81,0.45,0,0.0,0.7449,0.7374,0.7299,0.7224,0.7148,0.7073,0.6998,0.6923,0.6847,0.6772,0.6697,0.6622,0.6546,0.6471,0.6396,0.6321,0.6245,0.617,0.6095,0.602,0.5944,0.5869,0.5794,0.5719,0.5643,False,False,False,False,False,False,False,False,False,False,False,False,False,False,False,False,False,False,False,False,False,False,False,False,False
NVDA,2015-11-25,0.7570815627788738,0.7660857326627293,0.7548913404760969,0.7575682401657104,138300000,2015,11,47,Wednesday,0.7589,0.7585417628288269,-0.13,-0.19,-0.48,-0.13,0.48,0,0.0,0.751,0.7434,0.7358,0.7282,0.7206,0.713,0.7054,0.6979,0.6903,0.6827,0.6751,0.6675,0.6599,0.6523,0.6448,0.6372,0.6296,0.622,0.6144,0.6068,0.5992,0.5917,0.5841,0.5765,0.5689,False,False,False,False,False,False,False,False,False,False,False,False,False,False,False,False,False,False,False,False,False,False,False,False,False
NVDA,2015-11-27,0.7590283896267325,0.7663290726274297,0.7551346804222264,0.7638955116271973,86996000,2015,11,47,Friday,0.7611,0.7575682401657104,0.84,0.19,-0.32,0.84,0.32,0,0.0,0.75,0.7424,0.7348,0.7273,0.7197,0.7121,0.7045,0.697,0.6894,0.6818,0.6742,0.6667,0.6591,0.6515,0.6439,0.6364,0.6288,0.6212,0.6136,0.6061,0.5985,0.5909,0.5833,0.5758,0.5682,False,False,False,False,False,False,False,False,False,False,False,False,False,False,False,False,False,False,False,False,False,False,False,False,False
NVDA,2015-11-30,0.7646255416518766,0.7753332558521809,0.7638954675918255,0.77192622423172,327244000,2015,11,48,Monday,0.7689,0.7638955116271973,1.05,0.1,-0.0,1.05,0.0,0,0.0,0.7563,0.7486,0.741,0.7333,0.7257,0.7181,0.7104,0.7028,0.6951,0.6875,0.6799,0.6722,0.6646,0.657,0.6493,0.6417,0.634,0.6264,0.6188,0.6111,0.6035,0.5958,0.5882,0.5806,0.5729,False,False,False,False,False,False,False,False,False,False,False,False,False,False,False,False,False,False,False,False,False,False,False,False,False
NVDA,2015-12-01,0.7787402093248371,0.7977220183542311,0.7780101352836554,0.7969919443130493,409496000,2015,12,48,Tuesday,0.7879,0.77192622423172,3.25,0.88,0.79,3.25,-0.79,0,0.0,0.7642,0.7565,0.7488,0.741,0.7333,0.7256,0.7179,0.7102,0.7025,0.6947,0.687,0.6793,0.6716,0.6639,0.6561,0.6484,0.6407,0.633,0.6253,0.6175,0.6098,0.6021,0.5944,0.5867,0.5789,False,False,False,False,False,False,False,False,False,False,False,False,False,False,False,False,False,False,False,False,False,False,False,False,False
NVDA,2015-12-02,0.7982089618602904,0.8064830597250884,0.7892047897108708,0.7909082770347595,294240000,2015,12,48,Wednesday,0.7962,0.7969919443130493,-0.76,0.15,-0.98,-0.76,0.98,0,0.0,0.789,0.7811,0.7731,0.7651,0.7571,0.7492,0.7412,0.7332,0.7253,0.7173,0.7093,0.7014,0.6934,0.6854,0.6774,0.6695,0.6615,0.6535,0.6456,0.6376,0.6296,0.6217,0.6137,0.6057,0.5977,False,False,False,False,False,False,False,False,False,False,False,False,False,False,False,False,False,False,False,False,False,False,False,False,False
NVDA,2015-12-03,0.7972352944159646,0.8055093896404233,0.7853108289332643,0.7892045378684998,246656000,2015,12,48,Thursday,0.7943,0.7909082770347595,-0.22,0.8,-0.71,-0.22,0.71,0,0.0,0.783,0.7751,0.7672,0.7593,0.7514,0.7435,0.7355,0.7276,0.7197,0.7118,0.7039,0.696,0.6881,0.6802,0.6723,0.6644,0.6565,0.6485,0.6406,0.6327,0.6248,0.6169,0.609,0.6011,0.5932,False,False,False,False,False,False,False,False,False,False,False,False,False,False,False,False,False,False,False,False,False,False,False,False,False
NVDA,2015-12-04,0.7892047698854487,0.8227879540516672,0.7892047698854487,0.821327805519104,458756000,2015,12,48,Friday,0.8056,0.7892045378684998,4.07,0.0,0.0,4.07,-0.0,0,0.0,0.7813,0.7734,0.7655,0.7576,0.7497,0.7419,0.734,0.7261,0.7182,0.7103,0.7024,0.6945,0.6866,0.6787,0.6708,0.6629,0.655,0.6471,0.6393,0.6314,0.6235,0.6156,0.6077,0.5998,0.5919,False,False,False,False,False,False,False,False,False,False,False,False,False,False,False,False,False,False,False,False,False,False,False,False,False
NVDA,2015-12-07,0.821084192643418,0.821084192643418,0.8033191934765169,0.8057527542114258,333588000,2015,12,49,Monday,0.8128,0.821327805519104,-1.9,-0.03,-2.19,-1.9,2.19,2,1.618,0.8131,0.8049,0.7967,0.7885,0.7803,0.772,0.7638,0.7556,0.7474,0.7392,0.731,0.7228,0.7146,0.7063,0.6981,0.6899,0.6817,0.6735,0.6653,0.6571,0.6488,0.6406,0.6324,0.6242,0.616,True,True,False,False,False,False,False,False,False,False,False,False,False,False,False,False,False,False,False,False,False,False,False,False,False
NVDA,2015-12-08,0.7957754516216068,0.820111069277651,0.7906649893200441,0.8167040944099426,314488000,2015,12,49,Tuesday,0.8058,0.8057527542114258,1.36,-1.24,-1.87,1.36,1.87,1,0.7977,0.7977,0.7896,0.7816,0.7735,0.7655,0.7574,0.7494,0.7413,0.7332,0.7252,0.7171,0.7091,0.701,0.6929,0.6849,0.6768,0.6688,0.6607,0.6527,0.6446,0.6365,0.6285,0.6204,0.6124,0.6043,True,False,False,False,False,False,False,False,False,False,False,False,False,False,False,False,False,False,False,False,False,False,False,False,False
NVDA,2015-12-09,0.8164603774281722,0.8213274987047697,0.7877443270838496,0.7960184216499329,372676000,2015,12,49,Wednesday,0.8054,0.8167040944099426,-2.53,-0.03,-3.55,-2.53,3.55,3,2.4011,0.8085,0.8004,0.7922,0.784,0.7759,0.7677,0.7595,0.7514,0.7432,0.735,0.7269,0.7187,0.7105,0.7024,0.6942,0.686,0.6779,0.6697,0.6615,0.6534,0.6452,0.637,0.6289,0.6207,0.6125,True,True,True,False,False,False,False,False,False,False,False,False,False,False,False,False,False,False,False,False,False,False,False,False,False
NVDA,2015-12-10,0.7984524280995616,0.8069699240996334,0.7957755273089995,0.8025895357131958,236596000,2015,12,49,Thursday,0.8009,0.7960184216499329,0.83,0.31,-0.03,0.83,0.03,0,0.0,0.7881,0.7801,0.7721,0.7642,0.7562,0.7483,0.7403,0.7323,0.7244,0.7164,0.7085,0.7005,0.6925,0.6846,0.6766,0.6687,0.6607,0.6527,0.6448,0.6368,0.6289,0.6209,0.6129,0.605,0.597,False,False,False,False,False,False,False,False,False,False,False,False,False,False,False,False,False,False,False,False,False,False,False,False,False
NVDA,2015-12-11,0.7945583218240121,0.8001555170247113,0.788961126623313,0.7906646132469177,227320000,2015,12,49,Friday,0.7936,0.8025895357131958,-1.49,-1.0,-1.7,-1.49,1.7,1,0.7946,0.7946,0.7865,0.7785,0.7705,0.7625,0.7544,0.7464,0.7384,0.7304,0.7223,0.7143,0.7063,0.6983,0.6902,0.6822,0.6742,0.6661,0.6581,0.6501,0.6421,0.634,0.626,0.618,0.61,0.6019,True,False,False,False,False,False,False,False,False,False,False,False,False,False,False,False,False,False,False,False,False,False,False,False,False
NVDA,2015-12-14,0.7913947284021973,0.7969919238940798,0.7831205754876768,0.7926114797592163,275892000,2015,12,50,Monday,0.791,0.7906646132469177,0.25,0.09,-0.95,0.25,0.95,0,0.0,0.7828,0.7749,0.7669,0.759,0.7511,0.7432,0.7353,0.7274,0.7195,0.7116,0.7037,0.6958,0.6879,0.68,0.6721,0.6642,0.6563,0.6483,0.6404,0.6325,0.6246,0.6167,0.6088,0.6009,0.593,False,False,False,False,False,False,False,False,False,False,False,False,False,False,False,False,False,False,False,False,False,False,False,False,False
NVDA,2015-12-15,0.801615500015046,0.8079427683560065,0.7972351147131945,0.8023455739021301,307296000,2015,12,50,Tuesday,0.8023,0.7926114797592163,1.23,1.14,0.58,1.23,-0.58,0,0.0,0.7847,0.7768,0.7688,0.7609,0.753,0.7451,0.7371,0.7292,0.7213,0.7134,0.7054,0.6975,0.6896,0.6816,0.6737,0.6658,0.6579,0.6499,0.642,0.6341,0.6262,0.6182,0.6103,0.6024,0.5945,False,False,False,False,False,False,False,False,False,False,False,False,False,False,False,False,False,False,False,False,False,False,False,False,False
NVDA,2015-12-16,0.80404931363188,0.8098899065687611,0.7969920272009355,0.8072129487991333,236356000,2015,12,50,Wednesday,0.8045,0.8023455739021301,0.61,0.21,-0.67,0.61,0.67,0,0.0,0.7943,0.7863,0.7783,0.7703,0.7622,0.7542,0.7462,0.7382,0.7301,0.7221,0.7141,0.7061,0.698,0.69,0.682,0.674,0.6659,0.6579,0.6499,0.6419,0.6339,0.6258,0.6178,0.6098,0.6018,False,False,False,False,False,False,False,False,False,False,False,False,False,False,False,False,False,False,False,False,False,False,False,False,False
NVDA,2015-12-17,0.8084298126961917,0.8167039092189231,0.794558519579689,0.7950451970100403,254160000,2015,12,50,Thursday,0.8037,0.8072129487991333,-1.51,0.15,-1.57,-1.51,1.57,1,0.7991,0.7991,0.7911,0.783,0.7749,0.7669,0.7588,0.7507,0.7426,0.7346,0.7265,0.7184,0.7103,0.7023,0.6942,0.6861,0.6781,0.67,0.6619,0.6538,0.6458,0.6377,0.6296,0.6216,0.6135,0.6054,True,False,False,False,False,False,False,False,False,False,False,False,False,False,False,False,False,False,False,False,False,False,False,False,False
NVDA,2015-12-18,0.789447911537218,0.7974786684406405,0.781173815946016,0.782147228717804,395896000,2015,12,50,Friday,0.7876,0.7950451970100403,-1.62,-0.7,-1.74,-1.62,1.74,1,0.7871,0.7871,0.7791,0.7712,0.7632,0.7553,0.7473,0.7394,0.7314,0.7235,0.7155,0.7076,0.6996,0.6917,0.6837,0.6758,0.6678,0.6599,0.6519,0.644,0.636,0.6281,0.6201,0.6122,0.6042,0.5963,True,False,False,False,False,False,False,False,False,False,False,False,False,False,False,False,False,False,False,False,False,False,False,False,False
NVDA,2015-12-21,0.7906647878868346,0.8013724453234267,0.7836074431583349,0.8006423711776733,284216000,2015,12,51,Monday,0.7941,0.782147228717804,2.36,1.09,0.19,2.36,-0.19,0,0.0,0.7743,0.7665,0.7587,0.7509,0.743,0.7352,0.7274,0.7196,0.7118,0.7039,0.6961,0.6883,0.6805,0.6726,0.6648,0.657,0.6492,0.6414,0.6335,0.6257,0.6179,0.6101,0.6023,0.5944,0.5866,False,False,False,False,False,False,False,False,False,False,False,False,False,False,False,False,False,False,False,False,False,False,False,False,False
NVDA,2015-12-22,0.8030758957892526,0.8094031660841547,0.796505286797061,0.8013724088668823,130012000,2015,12,51,Tuesday,0.8026,0.8006423711776733,0.09,0.3,-0.52,0.09,0.52,0,0.0,0.7926,0.7846,0.7766,0.7686,0.7606,0.7526,0.7446,0.7366,0.7286,0.7206,0.7126,0.7046,0.6966,0.6886,0.6805,0.6725,0.6645,0.6565,0.6485,0.6405,0.6325,0.6245,0.6165,0.6085,0.6005,False,False,False,False,False,False,False,False,False,False,False,False,False,False,False,False,False,False,False,False,False,False,False,False,False
NVDA,2015-12-23,0.8025892784369673,0.8076997395863954,0.8011291301026517,0.8045361042022705,122524000,2015,12,51,Wednesday,0.804,0.8013724088668823,0.39,0.15,-0.03,0.39,0.03,0,0.0,0.7934,0.7853,0.7773,0.7693,0.7613,0.7533,0.7453,0.7373,0.7292,0.7212,0.7132,0.7052,0.6972,0.6892,0.6812,0.6732,0.6651,0.6571,0.6491,0.6411,0.6331,0.6251,0.6171,0.609,0.601,False,False,False,False,False,False,False,False,False,False,False,False,False,False,False,False,False,False,False,False,False,False,False,False,False
NVDA,2015-12-24,0.8021024880000345,0.809159832451651,0.8008856784646268,0.8072129487991333,52448000,2015,12,51,Thursday,0.8048,0.8045361042022705,0.33,-0.3,-0.45,0.33,0.45,0,0.0,0.7965,0.7884,0.7804,0.7724,0.7643,0.7563,0.7482,0.7402,0.7321,0.7241,0.716,0.708,0.6999,0.6919,0.6839,0.6758,0.6678,0.6597,0.6517,0.6436,0.6356,0.6275,0.6195,0.6114,0.6034,False,False,False,False,False,False,False,False,False,False,False,False,False,False,False,False,False,False,False,False,False,False,False,False,False
NVDA,2015-12-28,0.7986956682683339,0.8064830303192139,0.7875012736732179,0.8064830303192139,142024000,2015,12,52,Monday,0.7998,0.8072129487991333,-0.09,-1.06,-2.44,-0.09,2.44,2,1.5902,0.7991,0.7911,0.783,0.7749,0.7669,0.7588,0.7507,0.7426,0.7346,0.7265,0.7184,0.7103,0.7023,0.6942,0.6861,0.6781,0.67,0.6619,0.6538,0.6458,0.6377,0.6296,0.6216,0.6135,0.6054,True,True,False,False,False,False,False,False,False,False,False,False,False,False,False,False,False,False,False,False,False,False,False,False,False
NVDA,2015-12-29,0.806969526987175,0.8220576271523448,0.8047793048614246,0.8196240663528442,203660000,2015,12,52,Tuesday,0.8134,0.8064830303192139,1.63,0.06,-0.21,1.63,0.21,0,0.0,0.7984,0.7904,0.7823,0.7742,0.7662,0.7581,0.75,0.742,0.7339,0.7258,0.7178,0.7097,0.7016,0.6936,0.6855,0.6774,0.6694,0.6613,0.6533,0.6452,0.6371,0.6291,0.621,0.6129,0.6049,False,False,False,False,False,False,False,False,False,False,False,False,False,False,False,False,False,False,False,False,False,False,False,False,False
NVDA,2015-12-30,0.818894147291748,0.825951492352146,0.8123235376916343,0.812566876411438,180344000,2015,12,52,Wednesday,0.8174,0.8196240663528442,-0.86,-0.09,-0.89,-0.86,0.89,0,0.0,0.8114,0.8032,0.795,0.7868,0.7786,0.7704,0.7623,0.7541,0.7459,0.7377,0.7295,0.7213,0.7131,0.7049,0.6967,0.6885,0.6803,0.6721,0.6639,0.6557,0.6475,0.6393,0.6311,0.6229,0.6147,False,False,False,False,False,False,False,False,False,False,False,False,False,False,False,False,False,False,False,False,False,False,False,False,False
NVDA,2015-12-31,0.8113501937567331,0.815000506946773,0.8021026253700256,0.8021026253700256,148528000,2015,12,52,Thursday,0.8076,0.812566876411438,-1.29,-0.15,-1.29,-1.29,1.29,1,0.8044,0.8044,0.7963,0.7882,0.7801,0.7719,0.7638,0.7557,0.7476,0.7394,0.7313,0.7232,0.7151,0.7069,0.6988,0.6907,0.6826,0.6744,0.6663,0.6582,0.6501,0.6419,0.6338,0.6257,0.6176,0.6094,True,False,False,False,False,False,False,False,False,False,False,False,False,False,False,False,False,False,False,False,False,False,False,False,False
