Symbol,Date,Open,High,Low,Close,Volume,Year,Month,Week,Weekday,avg_daily_price,Previous_Close,Daily_Gain_Loss_Pct,Open_vs_PrevClose_Pct,Low_vs_PrevClose_Pct,Close_vs_PrevClose_Pct,mx_percent_decline,Shares_Purchased,Total_Value_Purchased,BOD99-1,BOD98-2,BOD97-3,BOD96-4,BOD95-5,BOD94-6,BOD93-7,BOD92-8,BOD91-9,BOD90-10,BOD89-11,BOD88-12,BOD87-13,BOD86-14,BOD85-15,BOD84-16,BOD83-17,BOD82-18,BOD81-19,BOD80-20,BOD79-21,BOD78-22,BOD77-23,BOD76-24,BOD75-25,BOD99-1_Executed,BOD98-2_Executed,BOD97-3_Executed,BOD96-4_Executed,BOD95-5_Executed,BOD94-6_Executed,BOD93-7_Executed,BOD92-8_Executed,BOD91-9_Executed,BOD90-10_Executed,BOD89-11_Executed,BOD88-12_Executed,BOD87-13_Executed,BOD86-14_Executed,BOD85-15_Executed,BOD84-16_Executed,BOD83-17_Executed,BOD82-18_Executed,BOD81-19_Executed,BOD80-20_Executed,BOD79-21_Executed,BOD78-22_Executed,BOD77-23_Executed,BOD76-24_Executed,BOD75-25_Executed
NVDA,2013-01-02,0.289066954016773,0.2929794750961747,0.287916210908956,0.2927493155002594,478836000,2013,1,1,Wednesday,0.2907,0.2821623682975769,3.75,2.45,2.04,3.75,-2.04,0,0.0,0.2793,0.2765,0.2737,0.2709,0.2681,0.2652,0.2624,0.2596,0.2568,0.2539,0.2511,0.2483,0.2455,0.2427,0.2398,0.237,0.2342,0.2314,0.2286,0.2257,0.2229,0.2201,0.2173,0.2144,0.2116,False,False,False,False,False,False,False,False,False,False,False,False,False,False,False,False,False,False,False,False,False,False,False,False,False
NVDA,2013-01-03,0.292749289458296,0.2962015184746486,0.2895272200173846,0.2929794490337372,298888000,2013,1,1,Thursday,0.2929,0.2927493155002594,0.08,-0.0,-1.1,0.08,1.1,1,0.2898,0.2898,0.2869,0.284,0.281,0.2781,0.2752,0.2723,0.2693,0.2664,0.2635,0.2605,0.2576,0.2547,0.2518,0.2488,0.2459,0.243,0.2401,0.2371,0.2342,0.2313,0.2283,0.2254,0.2225,0.2196,True,False,False,False,False,False,False,False,False,False,False,False,False,False,False,False,False,False,False,False,False,False,False,False,False
NVDA,2013-01-04,0.2934396548978132,0.3035662068446064,0.2925190717371362,0.3026456236839294,524968000,2013,1,1,Friday,0.298,0.2929794490337372,3.3,0.16,-0.16,3.3,0.16,0,0.0,0.29,0.2871,0.2842,0.2813,0.2783,0.2754,0.2725,0.2695,0.2666,0.2637,0.2608,0.2578,0.2549,0.252,0.249,0.2461,0.2432,0.2402,0.2373,0.2344,0.2315,0.2285,0.2256,0.2227,0.2197,False,False,False,False,False,False,False,False,False,False,False,False,False,False,False,False,False,False,False,False,False,False,False,False,False
NVDA,2013-01-07,0.3024156245916553,0.3033362082406542,0.2918287754487483,0.2939001023769378,610732000,2013,1,1,Monday,0.2979,0.3026456236839294,-2.89,-0.08,-3.57,-2.89,3.57,3,0.8898,0.2996,0.2966,0.2936,0.2905,0.2875,0.2845,0.2815,0.2784,0.2754,0.2724,0.2694,0.2663,0.2633,0.2603,0.2572,0.2542,0.2512,0.2482,0.2451,0.2421,0.2391,0.2361,0.233,0.23,0.227,True,True,True,False,False,False,False,False,False,False,False,False,False,False,False,False,False,False,False,False,False,False,False,False,False
NVDA,2013-01-08,0.2945904741762599,0.2955110850122154,0.2853845304319631,0.2874558568000793,466424000,2013,1,1,Tuesday,0.2907,0.2939001023769378,-2.19,0.23,-2.9,-2.19,2.9,2,0.579,0.291,0.288,0.2851,0.2821,0.2792,0.2763,0.2733,0.2704,0.2674,0.2645,0.2616,0.2586,0.2557,0.2528,0.2498,0.2469,0.2439,0.241,0.2381,0.2351,0.2322,0.2292,0.2263,0.2234,0.2204,True,True,False,False,False,False,False,False,False,False,False,False,False,False,False,False,False,False,False,False,False,False,False,False,False
NVDA,2013-01-09,0.2897572300644212,0.2911381320634543,0.2791704153366754,0.2810115814208984,695020000,2013,1,1,Wednesday,0.2853,0.2874558568000793,-2.24,0.8,-2.88,-2.24,2.88,2,0.5663,0.2846,0.2817,0.2788,0.276,0.2731,0.2702,0.2673,0.2645,0.2616,0.2587,0.2558,0.253,0.2501,0.2472,0.2443,0.2415,0.2386,0.2357,0.2328,0.23,0.2271,0.2242,0.2213,0.2185,0.2156,True,True,False,False,False,False,False,False,False,False,False,False,False,False,False,False,False,False,False,False,False,False,False,False,False
NVDA,2013-01-10,0.283543293755224,0.2849241960845259,0.2798609058343338,0.2814719676971435,506368000,2013,1,1,Thursday,0.2825,0.2810115814208984,0.16,0.9,-0.41,0.16,0.41,0,0.0,0.2782,0.2754,0.2726,0.2698,0.267,0.2642,0.2613,0.2585,0.2557,0.2529,0.2501,0.2473,0.2445,0.2417,0.2389,0.236,0.2332,0.2304,0.2276,0.2248,0.222,0.2192,0.2164,0.2136,0.2108,False,False,False,False,False,False,False,False,False,False,False,False,False,False,False,False,False,False,False,False,False,False,False,False,False
NVDA,2013-01-11,0.2826226428983923,0.2828527749409873,0.278249804858698,0.2810115814208984,513172000,2013,1,1,Friday,0.2812,0.2814719676971435,-0.16,0.41,-1.14,-0.16,1.14,1,0.2787,0.2787,0.2758,0.273,0.2702,0.2674,0.2646,0.2618,0.259,0.2561,0.2533,0.2505,0.2477,0.2449,0.2421,0.2393,0.2364,0.2336,0.2308,0.228,0.2252,0.2224,0.2195,0.2167,0.2139,0.2111,True,False,False,False,False,False,False,False,False,False,False,False,False,False,False,False,False,False,False,False,False,False,False,False,False
NVDA,2013-01-14,0.2828530436386741,0.2828530436386741,0.2775596175283512,0.2807817161083221,305684000,2013,1,2,Monday,0.281,0.2810115814208984,-0.08,0.66,-1.23,-0.08,1.23,1,0.2782,0.2782,0.2754,0.2726,0.2698,0.267,0.2642,0.2613,0.2585,0.2557,0.2529,0.2501,0.2473,0.2445,0.2417,0.2389,0.236,0.2332,0.2304,0.2276,0.2248,0.222,0.2192,0.2164,0.2136,0.2108,True,False,False,False,False,False,False,False,False,False,False,False,False,False,False,False,False,False,False,False,False,False,False,False,False
NVDA,2013-01-15,0.2794006602602338,0.2794006602602338,0.2741072370398263,0.2757182717323303,375888000,2013,1,2,Tuesday,0.2772,0.2807817161083221,-1.8,-0.49,-2.38,-1.8,2.38,2,0.5531,0.278,0.2752,0.2724,0.2696,0.2667,0.2639,0.2611,0.2583,0.2555,0.2527,0.2499,0.2471,0.2443,0.2415,0.2387,0.2359,0.233,0.2302,0.2274,0.2246,0.2218,0.219,0.2162,0.2134,0.2106,True,True,False,False,False,False,False,False,False,False,False,False,False,False,False,False,False,False,False,False,False,False,False,False,False
NVDA,2013-01-16,0.2752578642146068,0.2805512852078851,0.2752578642146068,0.2782498002052307,337376000,2013,1,2,Wednesday,0.2773,0.2757182717323303,0.92,-0.17,-0.17,0.92,0.17,0,0.0,0.273,0.2702,0.2674,0.2647,0.2619,0.2592,0.2564,0.2537,0.2509,0.2481,0.2454,0.2426,0.2399,0.2371,0.2344,0.2316,0.2288,0.2261,0.2233,0.2206,0.2178,0.2151,0.2123,0.2095,0.2068,False,False,False,False,False,False,False,False,False,False,False,False,False,False,False,False,False,False,False,False,False,False,False,False,False
NVDA,2013-01-17,0.27917051680276,0.2830830373075602,0.2784800655522951,0.2819322943687439,580736000,2013,1,2,Thursday,0.2807,0.2782498002052307,1.32,0.33,0.08,1.32,-0.08,0,0.0,0.2755,0.2727,0.2699,0.2671,0.2643,0.2616,0.2588,0.256,0.2532,0.2504,0.2476,0.2449,0.2421,0.2393,0.2365,0.2337,0.2309,0.2282,0.2254,0.2226,0.2198,0.217,0.2143,0.2115,0.2087,False,False,False,False,False,False,False,False,False,False,False,False,False,False,False,False,False,False,False,False,False,False,False,False,False
NVDA,2013-01-18,0.2819323311232656,0.2819323311232656,0.2766389074274507,0.2800911366939544,397088000,2013,1,2,Friday,0.2801,0.2819322943687439,-0.65,0.0,-1.88,-0.65,1.88,1,0.2791,0.2791,0.2763,0.2735,0.2707,0.2678,0.265,0.2622,0.2594,0.2566,0.2537,0.2509,0.2481,0.2453,0.2425,0.2396,0.2368,0.234,0.2312,0.2284,0.2255,0.2227,0.2199,0.2171,0.2143,0.2114,True,False,False,False,False,False,False,False,False,False,False,False,False,False,False,False,False,False,False,False,False,False,False,False,False
NVDA,2013-01-22,0.2798609892248028,0.282392635104256,0.2773293707812302,0.2787102460861206,308224000,2013,1,3,Tuesday,0.2796,0.2800911366939544,-0.49,-0.08,-0.99,-0.49,0.99,0,0.0,0.2773,0.2745,0.2717,0.2689,0.2661,0.2633,0.2605,0.2577,0.2549,0.2521,0.2493,0.2465,0.2437,0.2409,0.2381,0.2353,0.2325,0.2297,0.2269,0.2241,0.2213,0.2185,0.2157,0.2129,0.2101,False,False,False,False,False,False,False,False,False,False,False,False,False,False,False,False,False,False,False,False,False,False,False,False,False
NVDA,2013-01-23,0.2796306854295701,0.27986081745453,0.2761784581323981,0.2791703939437866,421808000,2013,1,3,Wednesday,0.2787,0.2787102460861206,0.17,0.33,-0.91,0.17,0.91,0,0.0,0.2759,0.2731,0.2703,0.2676,0.2648,0.262,0.2592,0.2564,0.2536,0.2508,0.2481,0.2453,0.2425,0.2397,0.2369,0.2341,0.2313,0.2285,0.2258,0.223,0.2202,0.2174,0.2146,0.2118,0.209,False,False,False,False,False,False,False,False,False,False,False,False,False,False,False,False,False,False,False,False,False,False,False,False,False
NVDA,2013-01-24,0.2782499177857132,0.2817021467485084,0.2768690152262443,0.28055140376091,396980000,2013,1,3,Thursday,0.2793,0.2791703939437866,0.49,-0.33,-0.82,0.49,0.82,0,0.0,0.2764,0.2736,0.2708,0.268,0.2652,0.2624,0.2596,0.2568,0.254,0.2513,0.2485,0.2457,0.2429,0.2401,0.2373,0.2345,0.2317,0.2289,0.2261,0.2233,0.2205,0.2178,0.215,0.2122,0.2094,False,False,False,False,False,False,False,False,False,False,False,False,False,False,False,False,False,False,False,False,False,False,False,False,False
NVDA,2013-01-25,0.2810116996701995,0.2858448312647241,0.2796308245259621,0.2856146991252899,393920000,2013,1,3,Friday,0.283,0.28055140376091,1.8,0.16,-0.33,1.8,0.33,0,0.0,0.2777,0.2749,0.2721,0.2693,0.2665,0.2637,0.2609,0.2581,0.2553,0.2525,0.2497,0.2469,0.2441,0.2413,0.2385,0.2357,0.2329,0.2301,0.2272,0.2244,0.2216,0.2188,0.216,0.2132,0.2104,False,False,False,False,False,False,False,False,False,False,False,False,False,False,False,False,False,False,False,False,False,False,False,False,False
NVDA,2013-01-28,0.2869955415085784,0.2920588321004328,0.286305090297337,0.290217638015747,422492000,2013,1,4,Monday,0.2889,0.2856146991252899,1.61,0.48,0.24,1.61,-0.24,0,0.0,0.2828,0.2799,0.277,0.2742,0.2713,0.2685,0.2656,0.2628,0.2599,0.2571,0.2542,0.2513,0.2485,0.2456,0.2428,0.2399,0.2371,0.2342,0.2313,0.2285,0.2256,0.2228,0.2199,0.2171,0.2142,False,False,False,False,False,False,False,False,False,False,False,False,False,False,False,False,False,False,False,False,False,False,False,False,False
NVDA,2013-01-29,0.289067027498832,0.289757451590327,0.2828529911882822,0.284003734588623,388872000,2013,1,4,Tuesday,0.2864,0.290217638015747,-2.14,-0.4,-2.54,-2.14,2.54,2,0.5717,0.2873,0.2844,0.2815,0.2786,0.2757,0.2728,0.2699,0.267,0.2641,0.2612,0.2583,0.2554,0.2525,0.2496,0.2467,0.2438,0.2409,0.238,0.2351,0.2322,0.2293,0.2264,0.2235,0.2206,0.2177,True,True,False,False,False,False,False,False,False,False,False,False,False,False,False,False,False,False,False,False,False,False,False,False,False
NVDA,2013-01-30,0.28423379960988,0.2881463203812217,0.2826227648729602,0.2835433483123779,287592000,2013,1,4,Wednesday,0.2846,0.284003734588623,-0.16,0.08,-0.49,-0.16,0.49,0,0.0,0.2812,0.2783,0.2755,0.2726,0.2698,0.267,0.2641,0.2613,0.2584,0.2556,0.2528,0.2499,0.2471,0.2442,0.2414,0.2386,0.2357,0.2329,0.23,0.2272,0.2244,0.2215,0.2187,0.2158,0.213,False,False,False,False,False,False,False,False,False,False,False,False,False,False,False,False,False,False,False,False,False,False,False,False,False
NVDA,2013-01-31,0.2835432705136887,0.2867653665393263,0.2803212019239213,0.2821623682975769,470544000,2013,1,4,Thursday,0.2832,0.2835433483123779,-0.49,-0.0,-1.14,-0.49,1.14,1,0.2807,0.2807,0.2779,0.275,0.2722,0.2694,0.2665,0.2637,0.2609,0.258,0.2552,0.2524,0.2495,0.2467,0.2438,0.241,0.2382,0.2353,0.2325,0.2297,0.2268,0.224,0.2212,0.2183,0.2155,0.2127,True,False,False,False,False,False,False,False,False,False,False,False,False,False,False,False,False,False,False,False,False,False,False,False,False
NVDA,2013-02-01,0.2844638862411186,0.2856146565100984,0.2821624005749057,0.2846940457820892,288816000,2013,2,4,Friday,0.2842,0.2821623682975769,0.9,0.82,0.0,0.9,-0.0,0,0.0,0.2793,0.2765,0.2737,0.2709,0.2681,0.2652,0.2624,0.2596,0.2568,0.2539,0.2511,0.2483,0.2455,0.2427,0.2398,0.237,0.2342,0.2314,0.2286,0.2257,0.2229,0.2201,0.2173,0.2144,0.2116,False,False,False,False,False,False,False,False,False,False,False,False,False,False,False,False,False,False,False,False,False,False,False,False,False
NVDA,2013-02-04,0.2830830402798743,0.2888367550343684,0.2796308114271778,0.2798609435558319,511744000,2013,2,5,Monday,0.2829,0.2846940457820892,-1.7,-0.57,-1.78,-1.7,1.78,1,0.2818,0.2818,0.279,0.2762,0.2733,0.2705,0.2676,0.2648,0.2619,0.2591,0.2562,0.2534,0.2505,0.2477,0.2448,0.242,0.2391,0.2363,0.2334,0.2306,0.2278,0.2249,0.2221,0.2192,0.2164,0.2135,True,False,False,False,False,False,False,False,False,False,False,False,False,False,False,False,False,False,False,False,False,False,False,False,False
NVDA,2013-02-05,0.2812418949535489,0.2879162216903439,0.2803213114071749,0.286305159330368,367296000,2013,2,5,Tuesday,0.2839,0.2798609435558319,2.3,0.49,0.16,2.3,-0.16,0,0.0,0.2771,0.2743,0.2715,0.2687,0.2659,0.2631,0.2603,0.2575,0.2547,0.2519,0.2491,0.2463,0.2435,0.2407,0.2379,0.2351,0.2323,0.2295,0.2267,0.2239,0.2211,0.2183,0.2155,0.2127,0.2099,False,False,False,False,False,False,False,False,False,False,False,False,False,False,False,False,False,False,False,False,False,False,False,False,False
NVDA,2013-02-06,0.2794007609872598,0.2863052213893046,0.2777897257139601,0.284003734588623,530688000,2013,2,5,Wednesday,0.2819,0.286305159330368,-0.8,-2.41,-2.97,-0.8,2.97,2,0.564,0.2834,0.2806,0.2777,0.2749,0.272,0.2691,0.2663,0.2634,0.2605,0.2577,0.2548,0.2519,0.2491,0.2462,0.2434,0.2405,0.2376,0.2348,0.2319,0.229,0.2262,0.2233,0.2205,0.2176,0.2147,True,True,False,False,False,False,False,False,False,False,False,False,False,False,False,False,False,False,False,False,False,False,False,False,False
NVDA,2013-02-07,0.2830831073309904,0.2853845937779186,0.2800911694628073,0.2828529477119446,440000000,2013,2,5,Thursday,0.2829,0.284003734588623,-0.41,-0.32,-1.38,-0.41,1.38,1,0.2812,0.2812,0.2783,0.2755,0.2726,0.2698,0.267,0.2641,0.2613,0.2584,0.2556,0.2528,0.2499,0.2471,0.2442,0.2414,0.2386,0.2357,0.2329,0.23,0.2272,0.2244,0.2215,0.2187,0.2158,0.213,True,False,False,False,False,False,False,False,False,False,False,False,False,False,False,False,False,False,False,False,False,False,False,False,False
NVDA,2013-02-08,0.2846940457820892,0.2869955314483021,0.2828528517619443,0.2846940457820892,307232000,2013,2,5,Friday,0.2848,0.2828529477119446,0.65,0.65,-0.0,0.65,0.0,0,0.0,0.28,0.2772,0.2744,0.2715,0.2687,0.2659,0.2631,0.2602,0.2574,0.2546,0.2517,0.2489,0.2461,0.2433,0.2404,0.2376,0.2348,0.2319,0.2291,0.2263,0.2235,0.2206,0.2178,0.215,0.2121,False,False,False,False,False,False,False,False,False,False,False,False,False,False,False,False,False,False,False,False,False,False,False,False,False
NVDA,2013-02-11,0.28699548349054,0.2909080304180028,0.28423370663976,0.2879160940647125,408308000,2013,2,6,Monday,0.2875,0.2846940457820892,1.13,0.81,-0.16,1.13,0.16,0,0.0,0.2818,0.279,0.2762,0.2733,0.2705,0.2676,0.2648,0.2619,0.2591,0.2562,0.2534,0.2505,0.2477,0.2448,0.242,0.2391,0.2363,0.2334,0.2306,0.2278,0.2249,0.2221,0.2192,0.2164,0.2135,False,False,False,False,False,False,False,False,False,False,False,False,False,False,False,False,False,False,False,False,False,False,False,False,False
NVDA,2013-02-12,0.2853845446920698,0.2892970654917216,0.2849242529690304,0.2860749959945678,277804000,2013,2,6,Tuesday,0.2864,0.2879160940647125,-0.64,-0.88,-1.04,-0.64,1.04,1,0.285,0.285,0.2822,0.2793,0.2764,0.2735,0.2706,0.2678,0.2649,0.262,0.2591,0.2562,0.2534,0.2505,0.2476,0.2447,0.2418,0.239,0.2361,0.2332,0.2303,0.2275,0.2246,0.2217,0.2188,0.2159,True,False,False,False,False,False,False,False,False,False,False,False,False,False,False,False,False,False,False,False,False,False,False,False,False
NVDA,2013-02-13,0.2863050802612636,0.2915985027807278,0.2837734624899534,0.2846940457820892,856396000,2013,2,6,Wednesday,0.2866,0.2860749959945678,-0.48,0.08,-0.8,-0.48,0.8,0,0.0,0.2832,0.2804,0.2775,0.2746,0.2718,0.2689,0.266,0.2632,0.2603,0.2575,0.2546,0.2517,0.2489,0.246,0.2432,0.2403,0.2374,0.2346,0.2317,0.2289,0.226,0.2231,0.2203,0.2174,0.2146,False,False,False,False,False,False,False,False,False,False,False,False,False,False,False,False,False,False,False,False,False,False,False,False,False
NVDA,2013-02-14,0.2807815676887826,0.2932096086091783,0.2773293386724301,0.2929794490337372,882096000,2013,2,6,Thursday,0.2861,0.2846940457820892,2.91,-1.37,-2.59,2.91,2.59,2,0.5608,0.2818,0.279,0.2762,0.2733,0.2705,0.2676,0.2648,0.2619,0.2591,0.2562,0.2534,0.2505,0.2477,0.2448,0.242,0.2391,0.2363,0.2334,0.2306,0.2278,0.2249,0.2221,0.2192,0.2164,0.2135,True,True,False,False,False,False,False,False,False,False,False,False,False,False,False,False,False,False,False,False,False,False,False,False,False
NVDA,2013-02-15,0.2922889977432912,0.2943603516146291,0.2865352827160369,0.2929794490337372,733860000,2013,2,6,Friday,0.2915,0.2929794490337372,0.0,-0.24,-2.2,0.0,2.2,2,0.5772,0.29,0.2871,0.2842,0.2813,0.2783,0.2754,0.2725,0.2695,0.2666,0.2637,0.2608,0.2578,0.2549,0.252,0.249,0.2461,0.2432,0.2402,0.2373,0.2344,0.2315,0.2285,0.2256,0.2227,0.2197,True,True,False,False,False,False,False,False,False,False,False,False,False,False,False,False,False,False,False,False,False,False,False,False,False
NVDA,2013-02-19,0.2932095001105972,0.2934396321650034,0.2872256277221605,0.2890668213367462,433552000,2013,2,7,Tuesday,0.2907,0.2929794490337372,-1.34,0.08,-1.96,-1.34,1.96,1,0.29,0.29,0.2871,0.2842,0.2813,0.2783,0.2754,0.2725,0.2695,0.2666,0.2637,0.2608,0.2578,0.2549,0.252,0.249,0.2461,0.2432,0.2402,0.2373,0.2344,0.2315,0.2285,0.2256,0.2227,0.2197,True,False,False,False,False,False,False,False,False,False,False,False,False,False,False,False,False,False,False,False,False,False,False,False,False
NVDA,2013-02-20,0.2899875934915248,0.294590566811091,0.2840037172017346,0.2849243283271789,713012000,2013,2,7,Wednesday,0.2884,0.2890668213367462,-1.43,0.32,-1.75,-1.43,1.75,1,0.2862,0.2862,0.2833,0.2804,0.2775,0.2746,0.2717,0.2688,0.2659,0.2631,0.2602,0.2573,0.2544,0.2515,0.2486,0.2457,0.2428,0.2399,0.237,0.2341,0.2313,0.2284,0.2255,0.2226,0.2197,0.2168,True,False,False,False,False,False,False,False,False,False,False,False,False,False,False,False,False,False,False,False,False,False,False,False,False
NVDA,2013-02-21,0.2844639827376178,0.2876860802248467,0.2821624962906896,0.2828529477119446,580408000,2013,2,7,Thursday,0.2843,0.2849243283271789,-0.73,-0.16,-0.97,-0.73,0.97,0,0.0,0.2821,0.2792,0.2764,0.2735,0.2707,0.2678,0.265,0.2621,0.2593,0.2564,0.2536,0.2507,0.2479,0.245,0.2422,0.2393,0.2365,0.2336,0.2308,0.2279,0.2251,0.2222,0.2194,0.2165,0.2137,False,False,False,False,False,False,False,False,False,False,False,False,False,False,False,False,False,False,False,False,False,False,False,False,False
NVDA,2013-02-22,0.2846941174392388,0.2883765064063813,0.283083082554569,0.2881463468074798,370148000,2013,2,7,Friday,0.2861,0.2828529477119446,1.87,0.65,0.08,1.87,-0.08,0,0.0,0.28,0.2772,0.2744,0.2715,0.2687,0.2659,0.2631,0.2602,0.2574,0.2546,0.2517,0.2489,0.2461,0.2433,0.2404,0.2376,0.2348,0.2319,0.2291,0.2263,0.2235,0.2206,0.2178,0.215,0.2121,False,False,False,False,False,False,False,False,False,False,False,False,False,False,False,False,False,False,False,False,False,False,False,False,False
NVDA,2013-02-25,0.2888367360164287,0.2911382217666892,0.2826227299779004,0.2830830216407776,644444000,2013,2,8,Monday,0.2864,0.2881463468074798,-1.76,0.24,-1.92,-1.76,1.92,1,0.2853,0.2853,0.2824,0.2795,0.2766,0.2737,0.2709,0.268,0.2651,0.2622,0.2593,0.2565,0.2536,0.2507,0.2478,0.2449,0.242,0.2392,0.2363,0.2334,0.2305,0.2276,0.2248,0.2219,0.219,0.2161,True,False,False,False,False,False,False,False,False,False,False,False,False,False,False,False,False,False,False,False,False,False,False,False,False
NVDA,2013-02-26,0.2836618608751558,0.288061498904365,0.2827356024029843,0.2864405810832977,487504000,2013,2,8,Tuesday,0.2852,0.2830830216407776,1.19,0.2,-0.12,1.19,0.12,0,0.0,0.2803,0.2774,0.2746,0.2718,0.2689,0.2661,0.2633,0.2604,0.2576,0.2548,0.2519,0.2491,0.2463,0.2435,0.2406,0.2378,0.235,0.2321,0.2293,0.2265,0.2236,0.2208,0.218,0.2151,0.2123,False,False,False,False,False,False,False,False,False,False,False,False,False,False,False,False,False,False,False,False,False,False,False,False,False
NVDA,2013-02-27,0.2864405977021763,0.2938505554927184,0.2857459107087894,0.291766494512558,476980000,2013,2,8,Wednesday,0.2895,0.2864405810832977,1.86,0.0,-0.24,1.86,0.24,0,0.0,0.2836,0.2807,0.2778,0.275,0.2721,0.2693,0.2664,0.2635,0.2607,0.2578,0.2549,0.2521,0.2492,0.2463,0.2435,0.2406,0.2377,0.2349,0.232,0.2292,0.2263,0.2234,0.2206,0.2177,0.2148,False,False,False,False,False,False,False,False,False,False,False,False,False,False,False,False,False,False,False,False,False,False,False,False,False
NVDA,2013-02-28,0.29084039206022,0.2975556382194314,0.2896825890945491,0.2931559979915619,591392000,2013,2,8,Thursday,0.2928,0.291766494512558,0.48,-0.32,-0.71,0.48,0.71,0,0.0,0.2888,0.2859,0.283,0.2801,0.2772,0.2743,0.2713,0.2684,0.2655,0.2626,0.2597,0.2568,0.2538,0.2509,0.248,0.2451,0.2422,0.2392,0.2363,0.2334,0.2305,0.2276,0.2247,0.2217,0.2188,False,False,False,False,False,False,False,False,False,False,False,False,False,False,False,False,False,False,False,False,False,False,False,False,False
NVDA,2013-03-01,0.2910718352636164,0.2952399300170448,0.2885246861839923,0.2943136990070343,389396000,2013,3,8,Friday,0.2923,0.2931559979915619,0.39,-0.71,-1.58,0.39,1.58,1,0.2902,0.2902,0.2873,0.2844,0.2814,0.2785,0.2756,0.2726,0.2697,0.2668,0.2638,0.2609,0.258,0.255,0.2521,0.2492,0.2463,0.2433,0.2404,0.2375,0.2345,0.2316,0.2287,0.2257,0.2228,0.2199,True,False,False,False,False,False,False,False,False,False,False,False,False,False,False,False,False,False,False,False,False,False,False,False,False
NVDA,2013-03-04,0.292229739056505,0.2959347195883321,0.2899141331251632,0.2931559979915619,353680000,2013,3,9,Monday,0.2928,0.2943136990070343,-0.39,-0.71,-1.49,-0.39,1.49,1,0.2914,0.2914,0.2884,0.2855,0.2825,0.2796,0.2767,0.2737,0.2708,0.2678,0.2649,0.2619,0.259,0.2561,0.2531,0.2502,0.2472,0.2443,0.2413,0.2384,0.2355,0.2325,0.2296,0.2266,0.2237,0.2207,True,False,False,False,False,False,False,False,False,False,False,False,False,False,False,False,False,False,False,False,False,False,False,False,False
NVDA,2013-03-05,0.2947768571077669,0.296860890983532,0.2933874827877938,0.2963977754116058,366168000,2013,3,9,Tuesday,0.2954,0.2931559979915619,1.11,0.55,0.08,1.11,-0.08,0,0.0,0.2902,0.2873,0.2844,0.2814,0.2785,0.2756,0.2726,0.2697,0.2668,0.2638,0.2609,0.258,0.255,0.2521,0.2492,0.2463,0.2433,0.2404,0.2375,0.2345,0.2316,0.2287,0.2257,0.2228,0.2199,False,False,False,False,False,False,False,False,False,False,False,False,False,False,False,False,False,False,False,False,False,False,False,False,False
NVDA,2013-03-06,0.2982502751132871,0.301028996240434,0.2947768668033046,0.2961662411689758,342928000,2013,3,9,Wednesday,0.2976,0.2963977754116058,-0.08,0.63,-0.55,-0.08,0.55,0,0.0,0.2934,0.2905,0.2875,0.2845,0.2816,0.2786,0.2756,0.2727,0.2697,0.2668,0.2638,0.2608,0.2579,0.2549,0.2519,0.249,0.246,0.243,0.2401,0.2371,0.2342,0.2312,0.2282,0.2253,0.2223,False,False,False,False,False,False,False,False,False,False,False,False,False,False,False,False,False,False,False,False,False,False,False,False,False
NVDA,2013-03-07,0.2977872746788287,0.3007975685657167,0.293850749259455,0.2954716682434082,314824000,2013,3,9,Thursday,0.297,0.2961662411689758,-0.23,0.55,-0.78,-0.23,0.78,0,0.0,0.2932,0.2902,0.2873,0.2843,0.2814,0.2784,0.2754,0.2725,0.2695,0.2665,0.2636,0.2606,0.2577,0.2547,0.2517,0.2488,0.2458,0.2429,0.2399,0.2369,0.234,0.231,0.228,0.2251,0.2221,False,False,False,False,False,False,False,False,False,False,False,False,False,False,False,False,False,False,False,False,False,False,False,False,False
NVDA,2013-03-08,0.2961662141838418,0.2982502479382668,0.2947768399447633,0.2968608736991882,246464000,2013,3,9,Friday,0.2965,0.2954716682434082,0.47,0.24,-0.24,0.47,0.24,0,0.0,0.2925,0.2896,0.2866,0.2837,0.2807,0.2777,0.2748,0.2718,0.2689,0.2659,0.263,0.26,0.2571,0.2541,0.2512,0.2482,0.2452,0.2423,0.2393,0.2364,0.2334,0.2305,0.2275,0.2246,0.2216,False,False,False,False,False,False,False,False,False,False,False,False,False,False,False,False,False,False,False,False,False,False,False,False,False
NVDA,2013-03-11,0.2938506803423349,0.2952400273152186,0.2915350468457963,0.2940822243690491,299748000,2013,3,10,Monday,0.2937,0.2968608736991882,-0.94,-1.01,-1.79,-0.94,1.79,1,0.2939,0.2939,0.2909,0.288,0.285,0.282,0.279,0.2761,0.2731,0.2701,0.2672,0.2642,0.2612,0.2583,0.2553,0.2523,0.2494,0.2464,0.2434,0.2405,0.2375,0.2345,0.2316,0.2286,0.2256,0.2226,True,False,False,False,False,False,False,False,False,False,False,False,False,False,False,False,False,False,False,False,False,False,False,False,False
NVDA,2013-03-12,0.2936191653086082,0.2959347716472968,0.2908404432230229,0.2950085401535034,310856000,2013,3,10,Tuesday,0.2939,0.2940822243690491,0.31,-0.16,-1.1,0.31,1.1,1,0.2911,0.2911,0.2882,0.2853,0.2823,0.2794,0.2764,0.2735,0.2706,0.2676,0.2647,0.2617,0.2588,0.2559,0.2529,0.25,0.247,0.2441,0.2411,0.2382,0.2353,0.2323,0.2294,0.2264,0.2235,0.2206,True,False,False,False,False,False,False,False,False,False,False,False,False,False,False,False,False,False,False,False,False,False,False,False,False
NVDA,2013-03-13,0.2950085401535034,0.3001028685777774,0.292229790463713,0.2950085401535034,485840000,2013,3,10,Wednesday,0.2956,0.2950085401535034,0.0,0.0,-0.94,0.0,0.94,0,0.0,0.2921,0.2891,0.2862,0.2832,0.2803,0.2773,0.2744,0.2714,0.2685,0.2655,0.2626,0.2596,0.2567,0.2537,0.2508,0.2478,0.2449,0.2419,0.239,0.236,0.2331,0.2301,0.2272,0.2242,0.2213,False,False,False,False,False,False,False,False,False,False,False,False,False,False,False,False,False,False,False,False,False,False,False,False,False
NVDA,2013-03-14,0.2968608434287018,0.2977871020283691,0.2933874357893768,0.2952399253845215,383304000,2013,3,10,Thursday,0.2958,0.2950085401535034,0.08,0.63,-0.55,0.08,0.55,0,0.0,0.2921,0.2891,0.2862,0.2832,0.2803,0.2773,0.2744,0.2714,0.2685,0.2655,0.2626,0.2596,0.2567,0.2537,0.2508,0.2478,0.2449,0.2419,0.239,0.236,0.2331,0.2301,0.2272,0.2242,0.2213,False,False,False,False,False,False,False,False,False,False,False,False,False,False,False,False,False,False,False,False,False,False,False,False,False
NVDA,2013-03-15,0.2952400798788417,0.2952400798788417,0.2915350987497961,0.2926929295063019,355776000,2013,3,10,Friday,0.2937,0.2952399253845215,-0.86,0.0,-1.25,-0.86,1.25,1,0.2923,0.2923,0.2893,0.2864,0.2834,0.2805,0.2775,0.2746,0.2716,0.2687,0.2657,0.2628,0.2598,0.2569,0.2539,0.251,0.248,0.245,0.2421,0.2391,0.2362,0.2332,0.2303,0.2273,0.2244,0.2214,True,False,False,False,False,False,False,False,False,False,False,False,False,False,False,False,False,False,False,False,False,False,False,False,False
NVDA,2013-03-18,0.2908403949365123,0.2933875449236586,0.2885247889822701,0.2906088232994079,298312000,2013,3,11,Monday,0.2908,0.2926929295063019,-0.71,-0.63,-1.42,-0.71,1.42,1,0.2898,0.2898,0.2868,0.2839,0.281,0.2781,0.2751,0.2722,0.2693,0.2664,0.2634,0.2605,0.2576,0.2546,0.2517,0.2488,0.2459,0.2429,0.24,0.2371,0.2342,0.2312,0.2283,0.2254,0.2224,0.2195,True,False,False,False,False,False,False,False,False,False,False,False,False,False,False,False,False,False,False,False,False,False,False,False,False
NVDA,2013-03-19,0.2908403426843839,0.2922296894448002,0.2866722471947443,0.2887562811374664,355480000,2013,3,11,Tuesday,0.2896,0.2906088232994079,-0.64,0.08,-1.35,-0.64,1.35,1,0.2877,0.2877,0.2848,0.2819,0.279,0.2761,0.2732,0.2703,0.2674,0.2645,0.2615,0.2586,0.2557,0.2528,0.2499,0.247,0.2441,0.2412,0.2383,0.2354,0.2325,0.2296,0.2267,0.2238,0.2209,0.218,True,False,False,False,False,False,False,False,False,False,False,False,False,False,False,False,False,False,False,False,False,False,False,False,False
NVDA,2013-03-20,0.2915349653105307,0.2931559110651884,0.2889878161038535,0.2922296524047851,340588000,2013,3,11,Wednesday,0.2915,0.2887562811374664,1.2,0.96,0.08,1.2,-0.08,0,0.0,0.2859,0.283,0.2801,0.2772,0.2743,0.2714,0.2685,0.2657,0.2628,0.2599,0.257,0.2541,0.2512,0.2483,0.2454,0.2426,0.2397,0.2368,0.2339,0.231,0.2281,0.2252,0.2223,0.2195,0.2166,False,False,False,False,False,False,False,False,False,False,False,False,False,False,False,False,False,False,False,False,False,False,False,False,False
NVDA,2013-03-21,0.2906087835647878,0.2910718991714749,0.2871353751083397,0.2875984907150268,339032000,2013,3,11,Thursday,0.2891,0.2922296524047851,-1.58,-0.55,-1.74,-1.58,1.74,1,0.2893,0.2893,0.2864,0.2835,0.2805,0.2776,0.2747,0.2718,0.2689,0.2659,0.263,0.2601,0.2572,0.2542,0.2513,0.2484,0.2455,0.2426,0.2396,0.2367,0.2338,0.2309,0.2279,0.225,0.2221,0.2192,True,False,False,False,False,False,False,False,False,False,False,False,False,False,False,False,False,False,False,False,False,False,False,False,False
NVDA,2013-03-22,0.2885246700985877,0.2901455880778343,0.2873668675985275,0.288987785577774,232476000,2013,3,11,Friday,0.2888,0.2875984907150268,0.48,0.32,-0.08,0.48,0.08,0,0.0,0.2847,0.2818,0.279,0.2761,0.2732,0.2703,0.2675,0.2646,0.2617,0.2588,0.256,0.2531,0.2502,0.2473,0.2445,0.2416,0.2387,0.2358,0.233,0.2301,0.2272,0.2243,0.2215,0.2186,0.2157,False,False,False,False,False,False,False,False,False,False,False,False,False,False,False,False,False,False,False,False,False,False,False,False,False
NVDA,2013-03-25,0.2906087632949641,0.2908403348842539,0.2852828651790499,0.2873669266700744,362076000,2013,3,12,Monday,0.2885,0.288987785577774,-0.56,0.56,-1.28,-0.56,1.28,1,0.2861,0.2861,0.2832,0.2803,0.2774,0.2745,0.2716,0.2688,0.2659,0.263,0.2601,0.2572,0.2543,0.2514,0.2485,0.2456,0.2427,0.2399,0.237,0.2341,0.2312,0.2283,0.2254,0.2225,0.2196,0.2167,True,False,False,False,False,False,False,False,False,False,False,False,False,False,False,False,False,False,False,False,False,False,False,False,False
NVDA,2013-03-26,0.2880616285432097,0.2896825746979516,0.2869038256350791,0.289451003074646,232540000,2013,3,12,Tuesday,0.2885,0.2873669266700744,0.73,0.24,-0.16,0.73,0.16,0,0.0,0.2845,0.2816,0.2787,0.2759,0.273,0.2701,0.2673,0.2644,0.2615,0.2586,0.2558,0.2529,0.25,0.2471,0.2443,0.2414,0.2385,0.2356,0.2328,0.2299,0.227,0.2241,0.2213,0.2184,0.2155,False,False,False,False,False,False,False,False,False,False,False,False,False,False,False,False,False,False,False,False,False,False,False,False,False
NVDA,2013-03-27,0.2882931633016483,0.2945452926852364,0.2875984761247618,0.2929243743419647,254944000,2013,3,12,Wednesday,0.2908,0.289451003074646,1.2,-0.4,-0.64,1.2,0.64,0,0.0,0.2866,0.2837,0.2808,0.2779,0.275,0.2721,0.2692,0.2663,0.2634,0.2605,0.2576,0.2547,0.2518,0.2489,0.246,0.2431,0.2402,0.2373,0.2345,0.2316,0.2287,0.2258,0.2229,0.22,0.2171,False,False,False,False,False,False,False,False,False,False,False,False,False,False,False,False,False,False,False,False,False,False,False,False,False
NVDA,2013-03-28,0.2922296849493234,0.297324039138401,0.2901456510386608,0.297092467546463,349276000,2013,3,12,Thursday,0.2942,0.2929243743419647,1.42,-0.24,-0.95,1.42,0.95,0,0.0,0.29,0.2871,0.2841,0.2812,0.2783,0.2753,0.2724,0.2695,0.2666,0.2636,0.2607,0.2578,0.2548,0.2519,0.249,0.2461,0.2431,0.2402,0.2373,0.2343,0.2314,0.2285,0.2256,0.2226,0.2197,False,False,False,False,False,False,False,False,False,False,False,False,False,False,False,False,False,False,False,False,False,False,False,False,False
NVDA,2013-04-01,0.2963977769852632,0.2963977769852632,0.2852828651790499,0.2873669266700744,442828000,2013,4,13,Monday,0.2914,0.297092467546463,-3.27,-0.23,-3.98,-3.27,3.98,3,0.8735,0.2941,0.2912,0.2882,0.2852,0.2822,0.2793,0.2763,0.2733,0.2704,0.2674,0.2644,0.2614,0.2585,0.2555,0.2525,0.2496,0.2466,0.2436,0.2406,0.2377,0.2347,0.2317,0.2288,0.2258,0.2228,True,True,True,False,False,False,False,False,False,False,False,False,False,False,False,False,False,False,False,False,False,False,False,False,False
NVDA,2013-04-02,0.2875985206814511,0.2882932079659632,0.2825041932686947,0.2843566834926605,371524000,2013,4,13,Tuesday,0.2857,0.2873669266700744,-1.05,0.08,-1.69,-1.05,1.69,1,0.2845,0.2845,0.2816,0.2787,0.2759,0.273,0.2701,0.2673,0.2644,0.2615,0.2586,0.2558,0.2529,0.25,0.2471,0.2443,0.2414,0.2385,0.2356,0.2328,0.2299,0.227,0.2241,0.2213,0.2184,0.2155,True,False,False,False,False,False,False,False,False,False,False,False,False,False,False,False,False,False,False,False,False,False,False,False,False
NVDA,2013-04-03,0.2838933974566932,0.2855143428400755,0.2787990726059955,0.2808831334114074,353156000,2013,4,13,Wednesday,0.2823,0.2843566834926605,-1.22,-0.16,-1.95,-1.22,1.95,1,0.2815,0.2815,0.2787,0.2758,0.273,0.2701,0.2673,0.2645,0.2616,0.2588,0.2559,0.2531,0.2502,0.2474,0.2445,0.2417,0.2389,0.236,0.2332,0.2303,0.2275,0.2246,0.2218,0.219,0.2161,0.2133,True,False,False,False,False,False,False,False,False,False,False,False,False,False,False,False,False,False,False,False,False,False,False,False,False
NVDA,2013-04-04,0.2799570403862901,0.2845882525514837,0.2790308089949321,0.2836620211601257,294676000,2013,4,13,Thursday,0.2818,0.2808831334114074,0.99,-0.33,-0.66,0.99,0.66,0,0.0,0.2781,0.2753,0.2725,0.2696,0.2668,0.264,0.2612,0.2584,0.2556,0.2528,0.25,0.2472,0.2444,0.2416,0.2388,0.2359,0.2331,0.2303,0.2275,0.2247,0.2219,0.2191,0.2163,0.2135,0.2107,False,False,False,False,False,False,False,False,False,False,False,False,False,False,False,False,False,False,False,False,False,False,False,False,False
NVDA,2013-04-05,0.2794937818196035,0.2885246574878692,0.2787990948290926,0.2885246574878692,551352000,2013,4,13,Friday,0.2838,0.2836620211601257,1.71,-1.47,-1.71,1.71,1.71,1,0.2808,0.2808,0.278,0.2752,0.2723,0.2695,0.2666,0.2638,0.261,0.2581,0.2553,0.2525,0.2496,0.2468,0.2439,0.2411,0.2383,0.2354,0.2326,0.2298,0.2269,0.2241,0.2213,0.2184,0.2156,0.2127,True,False,False,False,False,False,False,False,False,False,False,False,False,False,False,False,False,False,False,False,False,False,False,False,False
NVDA,2013-04-08,0.2887562560507983,0.2887562560507983,0.2825041271616111,0.2878300249576568,326660000,2013,4,14,Monday,0.287,0.2885246574878692,-0.24,0.08,-2.09,-0.24,2.09,2,0.5684,0.2856,0.2828,0.2799,0.277,0.2741,0.2712,0.2683,0.2654,0.2626,0.2597,0.2568,0.2539,0.251,0.2481,0.2452,0.2424,0.2395,0.2366,0.2337,0.2308,0.2279,0.225,0.2222,0.2193,0.2164,True,True,False,False,False,False,False,False,False,False,False,False,False,False,False,False,False,False,False,False,False,False,False,False,False
NVDA,2013-04-09,0.2880616674513535,0.2945453701334707,0.2859776329769098,0.2924613356590271,380584000,2013,4,14,Tuesday,0.2903,0.2878300249576568,1.61,0.08,-0.64,1.61,0.64,0,0.0,0.285,0.2821,0.2792,0.2763,0.2734,0.2706,0.2677,0.2648,0.2619,0.259,0.2562,0.2533,0.2504,0.2475,0.2447,0.2418,0.2389,0.236,0.2331,0.2303,0.2274,0.2245,0.2216,0.2188,0.2159,False,False,False,False,False,False,False,False,False,False,False,False,False,False,False,False,False,False,False,False,False,False,False,False,False
NVDA,2013-04-10,0.2926928281331996,0.2975555831261441,0.2919981409615804,0.297092467546463,384688000,2013,4,14,Wednesday,0.2948,0.2924613356590271,1.58,0.08,-0.16,1.58,0.16,0,0.0,0.2895,0.2866,0.2837,0.2808,0.2778,0.2749,0.272,0.2691,0.2661,0.2632,0.2603,0.2574,0.2544,0.2515,0.2486,0.2457,0.2427,0.2398,0.2369,0.234,0.231,0.2281,0.2252,0.2223,0.2193,False,False,False,False,False,False,False,False,False,False,False,False,False,False,False,False,False,False,False,False,False,False,False,False,False
NVDA,2013-04-11,0.292924480376826,0.2975556930935814,0.2848198581225042,0.2957032024860382,969220000,2013,4,14,Thursday,0.2928,0.297092467546463,-0.47,-1.4,-4.13,-0.47,4.13,4,1.1587,0.2941,0.2912,0.2882,0.2852,0.2822,0.2793,0.2763,0.2733,0.2704,0.2674,0.2644,0.2614,0.2585,0.2555,0.2525,0.2496,0.2466,0.2436,0.2406,0.2377,0.2347,0.2317,0.2288,0.2258,0.2228,True,True,True,True,False,False,False,False,False,False,False,False,False,False,False,False,False,False,False,False,False,False,False,False,False
NVDA,2013-04-12,0.2970924873606065,0.306354909988753,0.2945453100961874,0.3031130731105804,770548000,2013,4,14,Friday,0.3003,0.2957032024860382,2.51,0.47,-0.39,2.51,0.39,0,0.0,0.2927,0.2898,0.2868,0.2839,0.2809,0.278,0.275,0.272,0.2691,0.2661,0.2632,0.2602,0.2573,0.2543,0.2513,0.2484,0.2454,0.2425,0.2395,0.2366,0.2336,0.2306,0.2277,0.2247,0.2218,False,False,False,False,False,False,False,False,False,False,False,False,False,False,False,False,False,False,False,False,False,False,False,False,False
NVDA,2013-04-15,0.3021867714767322,0.3031130301708488,0.2950084115193407,0.2968608736991882,430420000,2013,4,15,Monday,0.2993,0.3031130731105804,-2.06,-0.31,-2.67,-2.06,2.67,2,0.5971,0.3001,0.2971,0.294,0.291,0.288,0.2849,0.2819,0.2789,0.2758,0.2728,0.2698,0.2667,0.2637,0.2607,0.2576,0.2546,0.2516,0.2486,0.2455,0.2425,0.2395,0.2364,0.2334,0.2304,0.2273,True,True,False,False,False,False,False,False,False,False,False,False,False,False,False,False,False,False,False,False,False,False,False,False,False
NVDA,2013-04-16,0.2996396249769105,0.3021867743000956,0.2980186791481098,0.3001027405261993,468844000,2013,4,15,Tuesday,0.3,0.2968608736991882,1.09,0.94,0.39,1.09,-0.39,0,0.0,0.2939,0.2909,0.288,0.285,0.282,0.279,0.2761,0.2731,0.2701,0.2672,0.2642,0.2612,0.2583,0.2553,0.2523,0.2494,0.2464,0.2434,0.2405,0.2375,0.2345,0.2316,0.2286,0.2256,0.2226,False,False,False,False,False,False,False,False,False,False,False,False,False,False,False,False,False,False,False,False,False,False,False,False,False
NVDA,2013-04-17,0.2977871595261285,0.3005658806532754,0.2943137512161461,0.2961662411689758,532948000,2013,4,15,Wednesday,0.2972,0.3001027405261993,-1.31,-0.77,-1.93,-1.31,1.93,1,0.2971,0.2971,0.2941,0.2911,0.2881,0.2851,0.2821,0.2791,0.2761,0.2731,0.2701,0.2671,0.2641,0.2611,0.2581,0.2551,0.2521,0.2491,0.2461,0.2431,0.2401,0.2371,0.2341,0.2311,0.2281,0.2251,True,False,False,False,False,False,False,False,False,False,False,False,False,False,False,False,False,False,False,False,False,False,False,False,False
NVDA,2013-04-18,0.2968608702134008,0.2987133599756891,0.2903771698474884,0.2903771698474884,402548000,2013,4,15,Thursday,0.2941,0.2961662411689758,-1.95,0.23,-1.95,-1.95,1.95,1,0.2932,0.2932,0.2902,0.2873,0.2843,0.2814,0.2784,0.2754,0.2725,0.2695,0.2665,0.2636,0.2606,0.2577,0.2547,0.2517,0.2488,0.2458,0.2429,0.2399,0.2369,0.234,0.231,0.228,0.2251,0.2221,True,False,False,False,False,False,False,False,False,False,False,False,False,False,False,False,False,False,False,False,False,False,False,False,False
NVDA,2013-04-19,0.2901456605947997,0.2919981505787322,0.2864406806269345,0.2910718917846679,303028000,2013,4,15,Friday,0.2899,0.2903771698474884,0.24,-0.08,-1.36,0.24,1.36,1,0.2875,0.2875,0.2846,0.2817,0.2788,0.2759,0.273,0.2701,0.2671,0.2642,0.2613,0.2584,0.2555,0.2526,0.2497,0.2468,0.2439,0.241,0.2381,0.2352,0.2323,0.2294,0.2265,0.2236,0.2207,0.2178,True,False,False,False,False,False,False,False,False,False,False,False,False,False,False,False,False,False,False,False,False,False,False,False,False
NVDA,2013-04-22,0.2908403602544969,0.2940821971621746,0.288524754576385,0.2915350198745727,245568000,2013,4,16,Monday,0.2912,0.2910718917846679,0.16,-0.08,-0.88,0.16,0.88,0,0.0,0.2882,0.2853,0.2823,0.2794,0.2765,0.2736,0.2707,0.2678,0.2649,0.262,0.2591,0.2561,0.2532,0.2503,0.2474,0.2445,0.2416,0.2387,0.2358,0.2329,0.2299,0.227,0.2241,0.2212,0.2183,False,False,False,False,False,False,False,False,False,False,False,False,False,False,False,False,False,False,False,False,False,False,False,False,False
NVDA,2013-04-23,0.2940823066878193,0.3021869295796311,0.2936191909005572,0.2991766631603241,376948000,2013,4,16,Tuesday,0.2973,0.2915350198745727,2.62,0.87,0.71,2.62,-0.71,0,0.0,0.2886,0.2857,0.2828,0.2799,0.277,0.274,0.2711,0.2682,0.2653,0.2624,0.2595,0.2566,0.2536,0.2507,0.2478,0.2449,0.242,0.2391,0.2361,0.2332,0.2303,0.2274,0.2245,0.2216,0.2187,False,False,False,False,False,False,False,False,False,False,False,False,False,False,False,False,False,False,False,False,False,False,False,False,False
NVDA,2013-04-24,0.3001026743480235,0.3119122700737172,0.2998711028223483,0.3093650937080383,556556000,2013,4,16,Wednesday,0.3053,0.2991766631603241,3.41,0.31,0.23,3.41,-0.23,0,0.0,0.2962,0.2932,0.2902,0.2872,0.2842,0.2812,0.2782,0.2752,0.2723,0.2693,0.2663,0.2633,0.2603,0.2573,0.2543,0.2513,0.2483,0.2453,0.2423,0.2393,0.2363,0.2334,0.2304,0.2274,0.2244,False,False,False,False,False,False,False,False,False,False,False,False,False,False,False,False,False,False,False,False,False,False,False,False,False
NVDA,2013-04-25,0.3109861266523062,0.3126070449753967,0.308207377979357,0.3119123578071594,353224000,2013,4,16,Thursday,0.3109,0.3093650937080383,0.82,0.52,-0.37,0.82,0.37,0,0.0,0.3063,0.3032,0.3001,0.297,0.2939,0.2908,0.2877,0.2846,0.2815,0.2784,0.2753,0.2722,0.2691,0.2661,0.263,0.2599,0.2568,0.2537,0.2506,0.2475,0.2444,0.2413,0.2382,0.2351,0.232,False,False,False,False,False,False,False,False,False,False,False,False,False,False,False,False,False,False,False,False,False,False,False,False,False
NVDA,2013-04-26,0.3114492920493026,0.3119124077008094,0.3089021145597165,0.3105230331420898,324332000,2013,4,16,Friday,0.3107,0.3119123578071594,-0.45,-0.15,-0.97,-0.45,0.97,0,0.0,0.3088,0.3057,0.3026,0.2994,0.2963,0.2932,0.2901,0.287,0.2838,0.2807,0.2776,0.2745,0.2714,0.2682,0.2651,0.262,0.2589,0.2558,0.2526,0.2495,0.2464,0.2433,0.2402,0.2371,0.2339,False,False,False,False,False,False,False,False,False,False,False,False,False,False,False,False,False,False,False,False,False,False,False,False,False
NVDA,2013-04-29,0.3109861612498446,0.315385801131154,0.3095967867588006,0.3142279982566833,269712000,2013,4,17,Monday,0.3125,0.3105230331420898,1.19,0.15,-0.3,1.19,0.3,0,0.0,0.3074,0.3043,0.3012,0.2981,0.295,0.2919,0.2888,0.2857,0.2826,0.2795,0.2764,0.2733,0.2702,0.267,0.2639,0.2608,0.2577,0.2546,0.2515,0.2484,0.2453,0.2422,0.2391,0.236,0.2329,False,False,False,False,False,False,False,False,False,False,False,False,False,False,False,False,False,False,False,False,False,False,False,False,False
NVDA,2013-04-30,0.3149225480058145,0.3188590705394745,0.3128384871791574,0.3188590705394745,276712000,2013,4,17,Tuesday,0.3164,0.3142279982566833,1.47,0.22,-0.44,1.47,0.44,0,0.0,0.3111,0.3079,0.3048,0.3017,0.2985,0.2954,0.2922,0.2891,0.2859,0.2828,0.2797,0.2765,0.2734,0.2702,0.2671,0.264,0.2608,0.2577,0.2545,0.2514,0.2482,0.2451,0.242,0.2388,0.2357,False,False,False,False,False,False,False,False,False,False,False,False,False,False,False,False,False,False,False,False,False,False,False,False,False
NVDA,2013-05-01,0.3188590818681049,0.3209431427688058,0.3149225591945856,0.3160803616046905,341316000,2013,5,17,Wednesday,0.3177,0.3188590705394745,-0.87,0.0,-1.23,-0.87,1.23,1,0.3157,0.3157,0.3125,0.3093,0.3061,0.3029,0.2997,0.2965,0.2934,0.2902,0.287,0.2838,0.2806,0.2774,0.2742,0.271,0.2678,0.2647,0.2615,0.2583,0.2551,0.2519,0.2487,0.2455,0.2423,0.2391,True,False,False,False,False,False,False,False,False,False,False,False,False,False,False,False,False,False,False,False,False,False,False,False,False
NVDA,2013-05-02,0.3158488943513047,0.3207116771207569,0.3139964043627422,0.3197854459285736,323480000,2013,5,17,Thursday,0.3176,0.3160803616046905,1.17,-0.07,-0.66,1.17,0.66,0,0.0,0.3129,0.3098,0.3066,0.3034,0.3003,0.2971,0.294,0.2908,0.2876,0.2845,0.2813,0.2782,0.275,0.2718,0.2687,0.2655,0.2623,0.2592,0.256,0.2529,0.2497,0.2465,0.2434,0.2402,0.2371,False,False,False,False,False,False,False,False,False,False,False,False,False,False,False,False,False,False,False,False,False,False,False,False,False
NVDA,2013-05-03,0.3218694876088106,0.3234904060359846,0.320016997575956,0.3211748003959656,293864000,2013,5,17,Friday,0.3216,0.3197854459285736,0.43,0.65,0.07,0.43,-0.07,0,0.0,0.3166,0.3134,0.3102,0.307,0.3038,0.3006,0.2974,0.2942,0.291,0.2878,0.2846,0.2814,0.2782,0.275,0.2718,0.2686,0.2654,0.2622,0.259,0.2558,0.2526,0.2494,0.2462,0.243,0.2398,False,False,False,False,False,False,False,False,False,False,False,False,False,False,False,False,False,False,False,False,False,False,False,False,False
NVDA,2013-05-06,0.3211748949123489,0.3230273854903603,0.3183961728474341,0.3202486634254455,217116000,2013,5,18,Monday,0.3207,0.3211748003959656,-0.29,0.0,-0.87,-0.29,0.87,0,0.0,0.318,0.3148,0.3115,0.3083,0.3051,0.3019,0.2987,0.2955,0.2923,0.2891,0.2858,0.2826,0.2794,0.2762,0.273,0.2698,0.2666,0.2634,0.2602,0.2569,0.2537,0.2505,0.2473,0.2441,0.2409,False,False,False,False,False,False,False,False,False,False,False,False,False,False,False,False,False,False,False,False,False,False,False,False,False
NVDA,2013-05-07,0.3202484558019055,0.3209431427688058,0.3130700698175804,0.3160803616046905,448068000,2013,5,18,Tuesday,0.3176,0.3202486634254455,-1.3,-0.0,-2.24,-1.3,2.24,2,0.6309,0.317,0.3138,0.3106,0.3074,0.3042,0.301,0.2978,0.2946,0.2914,0.2882,0.285,0.2818,0.2786,0.2754,0.2722,0.269,0.2658,0.2626,0.2594,0.2562,0.253,0.2498,0.2466,0.2434,0.2402,True,True,False,False,False,False,False,False,False,False,False,False,False,False,False,False,False,False,False,False,False,False,False,False,False
NVDA,2013-05-08,0.3165436232656866,0.3237220125658524,0.3153858203207695,0.3218695223331451,334032000,2013,5,18,Wednesday,0.3194,0.3160803616046905,1.83,0.15,-0.22,1.83,0.22,0,0.0,0.3129,0.3098,0.3066,0.3034,0.3003,0.2971,0.294,0.2908,0.2876,0.2845,0.2813,0.2782,0.275,0.2718,0.2687,0.2655,0.2623,0.2592,0.256,0.2529,0.2497,0.2465,0.2434,0.2402,0.2371,False,False,False,False,False,False,False,False,False,False,False,False,False,False,False,False,False,False,False,False,False,False,False,False,False
NVDA,2013-05-09,0.3160805001646379,0.3234904333167581,0.3156173845184177,0.3221010863780975,566800000,2013,5,18,Thursday,0.3193,0.3218695223331451,0.07,-1.8,-1.94,0.07,1.94,1,0.3187,0.3187,0.3154,0.3122,0.309,0.3058,0.3026,0.2993,0.2961,0.2929,0.2897,0.2865,0.2832,0.28,0.2768,0.2736,0.2704,0.2672,0.2639,0.2607,0.2575,0.2543,0.2511,0.2478,0.2446,0.2414,True,False,False,False,False,False,False,False,False,False,False,False,False,False,False,False,False,False,False,False,False,False,False,False,False
NVDA,2013-05-10,0.3288161905721902,0.3380786375264092,0.3288161905721902,0.3366892635822296,861136000,2013,5,18,Friday,0.3331,0.3221010863780975,4.53,2.08,2.08,4.53,-2.08,0,0.0,0.3189,0.3157,0.3124,0.3092,0.306,0.3028,0.2996,0.2963,0.2931,0.2899,0.2867,0.2834,0.2802,0.277,0.2738,0.2706,0.2673,0.2641,0.2609,0.2577,0.2545,0.2512,0.248,0.2448,0.2416,False,False,False,False,False,False,False,False,False,False,False,False,False,False,False,False,False,False,False,False,False,False,False,False,False
NVDA,2013-05-13,0.3343737015126386,0.3357630756345254,0.3283531171233829,0.3297424912452698,289812000,2013,5,19,Monday,0.3321,0.3366892635822296,-2.06,-0.69,-2.48,-2.06,2.48,2,0.6633,0.3333,0.33,0.3266,0.3232,0.3199,0.3165,0.3131,0.3098,0.3064,0.303,0.2997,0.2963,0.2929,0.2896,0.2862,0.2828,0.2795,0.2761,0.2727,0.2694,0.266,0.2626,0.2593,0.2559,0.2525,True,True,False,False,False,False,False,False,False,False,False,False,False,False,False,False,False,False,False,False,False,False,False,False,False
NVDA,2013-05-14,0.3336791071183711,0.3373840874028597,0.3304372700725922,0.3346053659915924,454140000,2013,5,19,Tuesday,0.334,0.3297424912452698,1.47,1.19,0.21,1.47,-0.21,0,0.0,0.3264,0.3231,0.3199,0.3166,0.3133,0.31,0.3067,0.3034,0.3001,0.2968,0.2935,0.2902,0.2869,0.2836,0.2803,0.277,0.2737,0.2704,0.2671,0.2638,0.2605,0.2572,0.2539,0.2506,0.2473,False,False,False,False,False,False,False,False,False,False,False,False,False,False,False,False,False,False,False,False,False,False,False,False,False
NVDA,2013-05-15,0.3329844463523418,0.3415522104912348,0.3329844463523418,0.3403944075107574,313172000,2013,5,19,Wednesday,0.337,0.3346053659915924,1.73,-0.48,-0.48,1.73,0.48,0,0.0,0.3313,0.3279,0.3246,0.3212,0.3179,0.3145,0.3112,0.3078,0.3045,0.3011,0.2978,0.2945,0.2911,0.2878,0.2844,0.2811,0.2777,0.2744,0.271,0.2677,0.2643,0.261,0.2576,0.2543,0.251,False,False,False,False,False,False,False,False,False,False,False,False,False,False,False,False,False,False,False,False,False,False,False,False,False
NVDA,2013-05-16,0.3399312620751914,0.3434046707124936,0.3376156287127919,0.3387734591960907,308368000,2013,5,19,Thursday,0.3399,0.3403944075107574,-0.48,-0.14,-0.82,-0.48,0.82,0,0.0,0.337,0.3336,0.3302,0.3268,0.3234,0.32,0.3166,0.3132,0.3098,0.3064,0.303,0.2995,0.2961,0.2927,0.2893,0.2859,0.2825,0.2791,0.2757,0.2723,0.2689,0.2655,0.2621,0.2587,0.2553,False,False,False,False,False,False,False,False,False,False,False,False,False,False,False,False,False,False,False,False,False,False,False,False,False
NVDA,2013-05-17,0.3403944414671506,0.3466465726645761,0.3378472636143239,0.3443309664726257,312116000,2013,5,19,Friday,0.3423,0.3387734591960907,1.64,0.48,-0.27,1.64,0.27,0,0.0,0.3354,0.332,0.3286,0.3252,0.3218,0.3184,0.3151,0.3117,0.3083,0.3049,0.3015,0.2981,0.2947,0.2913,0.288,0.2846,0.2812,0.2778,0.2744,0.271,0.2676,0.2642,0.2609,0.2575,0.2541,False,False,False,False,False,False,False,False,False,False,False,False,False,False,False,False,False,False,False,False,False,False,False,False,False
NVDA,2013-05-20,0.3429414085165101,0.3450254695384823,0.3417836060390329,0.3436360955238342,236380000,2013,5,20,Monday,0.3433,0.3443309664726257,-0.2,-0.4,-0.74,-0.2,0.74,0,0.0,0.3409,0.3374,0.334,0.3306,0.3271,0.3237,0.3202,0.3168,0.3133,0.3099,0.3065,0.303,0.2996,0.2961,0.2927,0.2892,0.2858,0.2824,0.2789,0.2755,0.272,0.2686,0.2651,0.2617,0.2582,False,False,False,False,False,False,False,False,False,False,False,False,False,False,False,False,False,False,False,False,False,False,False,False,False
NVDA,2013-05-21,0.3456144551148043,0.3486400388376694,0.3416579353592482,0.3472436070442199,357784000,2013,5,20,Tuesday,0.3458,0.3436360955238342,1.05,0.58,-0.58,1.05,0.58,0,0.0,0.3402,0.3368,0.3333,0.3299,0.3265,0.323,0.3196,0.3161,0.3127,0.3093,0.3058,0.3024,0.299,0.2955,0.2921,0.2887,0.2852,0.2818,0.2783,0.2749,0.2715,0.268,0.2646,0.2612,0.2577,False,False,False,False,False,False,False,False,False,False,False,False,False,False,False,False,False,False,False,False,False,False,False,False,False
NVDA,2013-05-22,0.3486401021516393,0.3486401021516393,0.3337449287126899,0.3351413607597351,480404000,2013,5,20,Wednesday,0.3415,0.3472436070442199,-3.49,0.4,-3.89,-3.49,3.89,3,1.0209,0.3438,0.3403,0.3368,0.3334,0.3299,0.3264,0.3229,0.3195,0.316,0.3125,0.309,0.3056,0.3021,0.2986,0.2952,0.2917,0.2882,0.2847,0.2813,0.2778,0.2743,0.2709,0.2674,0.2639,0.2604,True,True,True,False,False,False,False,False,False,False,False,False,False,False,False,False,False,False,False,False,False,False,False,False,False
NVDA,2013-05-23,0.3311847464100779,0.3416579291827895,0.3302538103942163,0.3404942452907562,393884000,2013,5,20,Thursday,0.3359,0.3351413607597351,1.6,-1.18,-1.46,1.6,1.46,1,0.3318,0.3318,0.3284,0.3251,0.3217,0.3184,0.315,0.3117,0.3083,0.305,0.3016,0.2983,0.2949,0.2916,0.2882,0.2849,0.2815,0.2782,0.2748,0.2715,0.2681,0.2648,0.2614,0.2581,0.2547,0.2514,True,False,False,False,False,False,False,False,False,False,False,False,False,False,False,False,False,False,False,False,False,False,False,False,False
NVDA,2013-05-24,0.3386324562232902,0.341425292928346,0.3346759075013379,0.3383997082710266,283304000,2013,5,20,Friday,0.3383,0.3404942452907562,-0.62,-0.55,-1.71,-0.62,1.71,1,0.3371,0.3371,0.3337,0.3303,0.3269,0.3235,0.3201,0.3167,0.3133,0.3098,0.3064,0.303,0.2996,0.2962,0.2928,0.2894,0.286,0.2826,0.2792,0.2758,0.2724,0.269,0.2656,0.2622,0.2588,0.2554,True,False,False,False,False,False,False,False,False,False,False,False,False,False,False,False,False,False,False,False,False,False,False,False,False
NVDA,2013-05-28,0.3409597564181431,0.3418906925517354,0.3349085883165446,0.3381668925285339,279300000,2013,5,21,Tuesday,0.339,0.3383997082710266,-0.07,0.76,-1.03,-0.07,1.03,1,0.335,0.335,0.3316,0.3282,0.3249,0.3215,0.3181,0.3147,0.3113,0.3079,0.3046,0.3012,0.2978,0.2944,0.291,0.2876,0.2843,0.2809,0.2775,0.2741,0.2707,0.2673,0.264,0.2606,0.2572,0.2538,True,False,False,False,False,False,False,False,False,False,False,False,False,False,False,False,False,False,False,False,False,False,False,False,False
NVDA,2013-05-29,0.3360723257064819,0.3381669462117891,0.3346758935399969,0.3360723257064819,335052000,2013,5,21,Wednesday,0.3362,0.3381668925285339,-0.62,-0.62,-1.03,-0.62,1.03,1,0.3348,0.3348,0.3314,0.328,0.3246,0.3213,0.3179,0.3145,0.3111,0.3077,0.3044,0.301,0.2976,0.2942,0.2908,0.2874,0.2841,0.2807,0.2773,0.2739,0.2705,0.2672,0.2638,0.2604,0.257,0.2536,True,False,False,False,False,False,False,False,False,False,False,False,False,False,False,False,False,False,False,False,False,False,False,False,False
NVDA,2013-05-30,0.3356067618464516,0.3439852969668559,0.3346757980861776,0.3404942452907562,284504000,2013,5,21,Thursday,0.3387,0.3360723257064819,1.32,-0.14,-0.42,1.32,0.42,0,0.0,0.3327,0.3294,0.326,0.3226,0.3193,0.3159,0.3125,0.3092,0.3058,0.3025,0.2991,0.2957,0.2924,0.289,0.2857,0.2823,0.2789,0.2756,0.2722,0.2689,0.2655,0.2621,0.2588,0.2554,0.2521,False,False,False,False,False,False,False,False,False,False,False,False,False,False,False,False,False,False,False,False,False,False,False,False,False
NVDA,2013-05-31,0.3386324048152463,0.34351986137102,0.3367705047130584,0.3367705047130584,577508000,2013,5,21,Friday,0.3389,0.3404942452907562,-1.09,-0.55,-1.09,-1.09,1.09,1,0.3371,0.3371,0.3337,0.3303,0.3269,0.3235,0.3201,0.3167,0.3133,0.3098,0.3064,0.303,0.2996,0.2962,0.2928,0.2894,0.286,0.2826,0.2792,0.2758,0.2724,0.269,0.2656,0.2622,0.2588,0.2554,True,False,False,False,False,False,False,False,False,False,False,False,False,False,False,False,False,False,False,False,False,False,False,False,False
NVDA,2013-06-03,0.3372358388394773,0.3397959539310618,0.3293227734846566,0.3363049030303955,444468000,2013,6,22,Monday,0.3357,0.3367705047130584,-0.14,0.14,-2.21,-0.14,2.21,2,0.6634,0.3334,0.33,0.3267,0.3233,0.3199,0.3166,0.3132,0.3098,0.3065,0.3031,0.2997,0.2964,0.293,0.2896,0.2863,0.2829,0.2795,0.2762,0.2728,0.2694,0.266,0.2627,0.2593,0.2559,0.2526,True,True,False,False,False,False,False,False,False,False,False,False,False,False,False,False,False,False,False,False,False,False,False,False,False
NVDA,2013-06-04,0.3383996568983163,0.3444508252943226,0.3346758566939406,0.3367705047130584,363676000,2013,6,22,Tuesday,0.3386,0.3363049030303955,0.14,0.62,-0.48,0.14,0.48,0,0.0,0.3329,0.3296,0.3262,0.3229,0.3195,0.3161,0.3128,0.3094,0.306,0.3027,0.2993,0.2959,0.2926,0.2892,0.2859,0.2825,0.2791,0.2758,0.2724,0.269,0.2657,0.2623,0.259,0.2556,0.2522,False,False,False,False,False,False,False,False,False,False,False,False,False,False,False,False,False,False,False,False,False,False,False,False,False
NVDA,2013-06-05,0.3363049234071427,0.3388650109094369,0.3286245776670364,0.3295555412769317,464520000,2013,6,22,Wednesday,0.3333,0.3367705047130584,-2.14,-0.14,-2.42,-2.14,2.42,2,0.6634,0.3334,0.33,0.3267,0.3233,0.3199,0.3166,0.3132,0.3098,0.3065,0.3031,0.2997,0.2964,0.293,0.2896,0.2863,0.2829,0.2795,0.2762,0.2728,0.2694,0.266,0.2627,0.2593,0.2559,0.2526,True,True,False,False,False,False,False,False,False,False,False,False,False,False,False,False,False,False,False,False,False,False,False,False,False
NVDA,2013-06-06,0.3295556665471635,0.3342104031327679,0.3293229186201159,0.3316502869129181,341044000,2013,6,22,Thursday,0.3312,0.3295555412769317,0.64,0.0,-0.07,0.64,0.07,0,0.0,0.3263,0.323,0.3197,0.3164,0.3131,0.3098,0.3065,0.3032,0.2999,0.2966,0.2933,0.29,0.2867,0.2834,0.2801,0.2768,0.2735,0.2702,0.2669,0.2636,0.2603,0.2571,0.2538,0.2505,0.2472,False,False,False,False,False,False,False,False,False,False,False,False,False,False,False,False,False,False,False,False,False,False,False,False,False
NVDA,2013-06-07,0.3339775080188783,0.3383995224730328,0.3325811043052556,0.3363049030303955,274584000,2013,6,22,Friday,0.3353,0.3316502869129181,1.4,0.7,0.28,1.4,-0.28,0,0.0,0.3283,0.325,0.3217,0.3184,0.3151,0.3118,0.3084,0.3051,0.3018,0.2985,0.2952,0.2919,0.2885,0.2852,0.2819,0.2786,0.2753,0.272,0.2686,0.2653,0.262,0.2587,0.2554,0.2521,0.2487,False,False,False,False,False,False,False,False,False,False,False,False,False,False,False,False,False,False,False,False,False,False,False,False,False
NVDA,2013-06-10,0.3353741096232394,0.3381669462117891,0.3335122093160661,0.3360723257064819,224148000,2013,6,23,Monday,0.3358,0.3363049030303955,-0.07,-0.28,-0.83,-0.07,0.83,0,0.0,0.3329,0.3296,0.3262,0.3229,0.3195,0.3161,0.3128,0.3094,0.306,0.3027,0.2993,0.2959,0.2926,0.2892,0.2859,0.2825,0.2791,0.2758,0.2724,0.269,0.2657,0.2623,0.259,0.2556,0.2522,False,False,False,False,False,False,False,False,False,False,False,False,False,False,False,False,False,False,False,False,False,False,False,False,False
NVDA,2013-06-11,0.3316501991631852,0.3363049622616267,0.329788327217102,0.329788327217102,296336000,2013,6,23,Tuesday,0.3319,0.3360723257064819,-1.87,-1.32,-1.87,-1.87,1.87,1,0.3327,0.3327,0.3294,0.326,0.3226,0.3193,0.3159,0.3125,0.3092,0.3058,0.3025,0.2991,0.2957,0.2924,0.289,0.2857,0.2823,0.2789,0.2756,0.2722,0.2689,0.2655,0.2621,0.2588,0.2554,0.2521,True,False,False,False,False,False,False,False,False,False,False,False,False,False,False,False,False,False,False,False,False,False,False,False,False
NVDA,2013-06-12,0.3314175680061499,0.3342104044193804,0.3251336513958578,0.3269955515861511,312588000,2013,6,23,Wednesday,0.3294,0.329788327217102,-0.85,0.49,-1.41,-0.85,1.41,1,0.3265,0.3265,0.3232,0.3199,0.3166,0.3133,0.31,0.3067,0.3034,0.3001,0.2968,0.2935,0.2902,0.2869,0.2836,0.2803,0.277,0.2737,0.2704,0.2671,0.2638,0.2605,0.2572,0.2539,0.2506,0.2473,True,False,False,False,False,False,False,False,False,False,False,False,False,False,False,False,False,False,False,False,False,False,False,False,False
NVDA,2013-06-13,0.3258317218741491,0.3360721544737713,0.3255990017945888,0.3344430029392242,236256000,2013,6,23,Thursday,0.3305,0.3269955515861511,2.28,-0.36,-0.43,2.28,0.43,0,0.0,0.3237,0.3205,0.3172,0.3139,0.3106,0.3074,0.3041,0.3008,0.2976,0.2943,0.291,0.2878,0.2845,0.2812,0.2779,0.2747,0.2714,0.2681,0.2649,0.2616,0.2583,0.2551,0.2518,0.2485,0.2452,False,False,False,False,False,False,False,False,False,False,False,False,False,False,False,False,False,False,False,False,False,False,False,False,False
NVDA,2013-06-14,0.3356066998090712,0.3360721677309596,0.3316501531120016,0.3339775204658508,236012000,2013,6,23,Friday,0.3343,0.3344430029392242,-0.14,0.35,-0.84,-0.14,0.84,0,0.0,0.3311,0.3278,0.3244,0.3211,0.3177,0.3144,0.311,0.3077,0.3043,0.301,0.2977,0.2943,0.291,0.2876,0.2843,0.2809,0.2776,0.2742,0.2709,0.2676,0.2642,0.2609,0.2575,0.2542,0.2508,False,False,False,False,False,False,False,False,False,False,False,False,False,False,False,False,False,False,False,False,False,False,False,False,False
NVDA,2013-06-17,0.3365377116690398,0.340261511374083,0.3346758118165182,0.3372359275817871,255336000,2013,6,24,Monday,0.3372,0.3339775204658508,0.98,0.77,0.21,0.98,-0.21,0,0.0,0.3306,0.3273,0.324,0.3206,0.3173,0.3139,0.3106,0.3073,0.3039,0.3006,0.2972,0.2939,0.2906,0.2872,0.2839,0.2805,0.2772,0.2739,0.2705,0.2672,0.2638,0.2605,0.2572,0.2538,0.2505,False,False,False,False,False,False,False,False,False,False,False,False,False,False,False,False,False,False,False,False,False,False,False,False,False
NVDA,2013-06-18,0.338865133311159,0.3425889336070008,0.3323484966656447,0.3351413607597351,486772000,2013,6,24,Tuesday,0.3372,0.3372359275817871,-0.62,0.48,-1.45,-0.62,1.45,1,0.3339,0.3339,0.3305,0.3271,0.3237,0.3204,0.317,0.3136,0.3103,0.3069,0.3035,0.3001,0.2968,0.2934,0.29,0.2867,0.2833,0.2799,0.2765,0.2732,0.2698,0.2664,0.263,0.2597,0.2563,0.2529,True,False,False,False,False,False,False,False,False,False,False,False,False,False,False,False,False,False,False,False,False,False,False,False,False
NVDA,2013-06-19,0.3381669139596596,0.3602769398500561,0.3370032298467133,0.3453817665576935,1159588000,2013,6,24,Wednesday,0.3452,0.3351413607597351,3.06,0.9,0.56,3.06,-0.56,0,0.0,0.3318,0.3284,0.3251,0.3217,0.3184,0.315,0.3117,0.3083,0.305,0.3016,0.2983,0.2949,0.2916,0.2882,0.2849,0.2815,0.2782,0.2748,0.2715,0.2681,0.2648,0.2614,0.2581,0.2547,0.2514,False,False,False,False,False,False,False,False,False,False,False,False,False,False,False,False,False,False,False,False,False,False,False,False,False
NVDA,2013-06-20,0.3425889629093783,0.3430544310500665,0.3337449572586204,0.3360723257064819,628696000,2013,6,24,Thursday,0.3389,0.3453817665576935,-2.7,-0.81,-3.37,-2.7,3.37,3,1.0154,0.3419,0.3385,0.335,0.3316,0.3281,0.3247,0.3212,0.3178,0.3143,0.3108,0.3074,0.3039,0.3005,0.297,0.2936,0.2901,0.2867,0.2832,0.2798,0.2763,0.2729,0.2694,0.2659,0.2625,0.259,True,True,True,False,False,False,False,False,False,False,False,False,False,False,False,False,False,False,False,False,False,False,False,False,False
NVDA,2013-06-21,0.3379341515635842,0.3390978355311445,0.330021083937526,0.3356067836284637,714228000,2013,6,24,Friday,0.3357,0.3360723257064819,-0.14,0.55,-1.8,-0.14,1.8,1,0.3327,0.3327,0.3294,0.326,0.3226,0.3193,0.3159,0.3125,0.3092,0.3058,0.3025,0.2991,0.2957,0.2924,0.289,0.2857,0.2823,0.2789,0.2756,0.2722,0.2689,0.2655,0.2621,0.2588,0.2554,0.2521,True,False,False,False,False,False,False,False,False,False,False,False,False,False,False,False,False,False,False,False,False,False,False,False,False
NVDA,2013-06-24,0.330719283620186,0.3349085512464858,0.323737180157824,0.3286246359348297,580772000,2013,6,25,Monday,0.3295,0.3356067836284637,-2.08,-1.46,-3.54,-2.08,3.54,3,0.9867,0.3323,0.3289,0.3255,0.3222,0.3188,0.3155,0.3121,0.3088,0.3054,0.302,0.2987,0.2953,0.292,0.2886,0.2853,0.2819,0.2786,0.2752,0.2718,0.2685,0.2651,0.2618,0.2584,0.2551,0.2517,True,True,True,False,False,False,False,False,False,False,False,False,False,False,False,False,False,False,False,False,False,False,False,False,False
NVDA,2013-06-25,0.332115732271168,0.3328139204573192,0.3274609686488688,0.3309520483016968,457360000,2013,6,25,Tuesday,0.3308,0.3286246359348297,0.71,1.06,-0.35,0.71,0.35,0,0.0,0.3253,0.3221,0.3188,0.3155,0.3122,0.3089,0.3056,0.3023,0.299,0.2958,0.2925,0.2892,0.2859,0.2826,0.2793,0.276,0.2728,0.2695,0.2662,0.2629,0.2596,0.2563,0.253,0.2498,0.2465,False,False,False,False,False,False,False,False,False,False,False,False,False,False,False,False,False,False,False,False,False,False,False,False,False
NVDA,2013-06-26,0.3346757898548179,0.3351412855957123,0.3276936866743435,0.3290901184082031,579752000,2013,6,25,Wednesday,0.3317,0.3309520483016968,-0.56,1.13,-0.98,-0.56,0.98,0,0.0,0.3276,0.3243,0.321,0.3177,0.3144,0.3111,0.3078,0.3045,0.3012,0.2979,0.2945,0.2912,0.2879,0.2846,0.2813,0.278,0.2747,0.2714,0.2681,0.2648,0.2615,0.2581,0.2548,0.2515,0.2482,False,False,False,False,False,False,False,False,False,False,False,False,False,False,False,False,False,False,False,False,False,False,False,False,False
NVDA,2013-06-27,0.3300211671828735,0.3304866353384256,0.3225735934607766,0.3260646462440491,808036000,2013,6,25,Thursday,0.3273,0.3290901184082031,-0.92,0.28,-1.98,-0.92,1.98,1,0.3258,0.3258,0.3225,0.3192,0.3159,0.3126,0.3093,0.3061,0.3028,0.2995,0.2962,0.2929,0.2896,0.2863,0.283,0.2797,0.2764,0.2731,0.2699,0.2666,0.2633,0.26,0.2567,0.2534,0.2501,0.2468,True,False,False,False,False,False,False,False,False,False,False,False,False,False,False,False,False,False,False,False,False,False,False,False,False
NVDA,2013-06-28,0.3260646389630005,0.3300211598134756,0.321875370167736,0.326762855052948,431536000,2013,6,25,Friday,0.3262,0.3260646462440491,0.21,-0.0,-1.28,0.21,1.28,1,0.3228,0.3228,0.3195,0.3163,0.313,0.3098,0.3065,0.3032,0.3,0.2967,0.2935,0.2902,0.2869,0.2837,0.2804,0.2772,0.2739,0.2706,0.2674,0.2641,0.2609,0.2576,0.2543,0.2511,0.2478,0.2445,True,False,False,False,False,False,False,False,False,False,False,False,False,False,False,False,False,False,False,False,False,False,False,False,False
NVDA,2013-07-01,0.3290902666297495,0.3297884828111543,0.3260646816732779,0.3281593024730682,199524000,2013,7,26,Monday,0.3283,0.326762855052948,0.43,0.71,-0.21,0.43,0.21,0,0.0,0.3235,0.3202,0.317,0.3137,0.3104,0.3072,0.3039,0.3006,0.2974,0.2941,0.2908,0.2876,0.2843,0.281,0.2777,0.2745,0.2712,0.2679,0.2647,0.2614,0.2581,0.2549,0.2516,0.2483,0.2451,False,False,False,False,False,False,False,False,False,False,False,False,False,False,False,False,False,False,False,False,False,False,False,False,False
NVDA,2013-07-02,0.3262973068670032,0.3328139430880438,0.3249009026553335,0.3279264867305755,256392000,2013,7,26,Tuesday,0.328,0.3281593024730682,-0.07,-0.57,-0.99,-0.07,0.99,0,0.0,0.3249,0.3216,0.3183,0.315,0.3118,0.3085,0.3052,0.3019,0.2986,0.2953,0.2921,0.2888,0.2855,0.2822,0.2789,0.2757,0.2724,0.2691,0.2658,0.2625,0.2592,0.256,0.2527,0.2494,0.2461,False,False,False,False,False,False,False,False,False,False,False,False,False,False,False,False,False,False,False,False,False,False,False,False,False
NVDA,2013-07-03,0.325133621833001,0.3328139420793639,0.325133621833001,0.328857421875,140388000,2013,7,26,Wednesday,0.328,0.3279264867305755,0.28,-0.85,-0.85,0.28,0.85,0,0.0,0.3246,0.3214,0.3181,0.3148,0.3115,0.3083,0.305,0.3017,0.2984,0.2951,0.2919,0.2886,0.2853,0.282,0.2787,0.2755,0.2722,0.2689,0.2656,0.2623,0.2591,0.2558,0.2525,0.2492,0.2459,False,False,False,False,False,False,False,False,False,False,False,False,False,False,False,False,False,False,False,False,False,False,False,False,False
NVDA,2013-07-05,0.329788319384092,0.3321156870058284,0.3276936718778829,0.3314174711704254,184684000,2013,7,26,Friday,0.3303,0.328857421875,0.78,0.28,-0.35,0.78,0.35,0,0.0,0.3256,0.3223,0.319,0.3157,0.3124,0.3091,0.3058,0.3025,0.2993,0.296,0.2927,0.2894,0.2861,0.2828,0.2795,0.2762,0.273,0.2697,0.2664,0.2631,0.2598,0.2565,0.2532,0.2499,0.2466,False,False,False,False,False,False,False,False,False,False,False,False,False,False,False,False,False,False,False,False,False,False,False,False,False
NVDA,2013-07-08,0.332348415015172,0.3339775668402004,0.3279264275266076,0.329788327217102,262084000,2013,7,27,Monday,0.331,0.3314174711704254,-0.49,0.28,-1.05,-0.49,1.05,1,0.3281,0.3281,0.3248,0.3215,0.3182,0.3148,0.3115,0.3082,0.3049,0.3016,0.2983,0.295,0.2916,0.2883,0.285,0.2817,0.2784,0.2751,0.2718,0.2684,0.2651,0.2618,0.2585,0.2552,0.2519,0.2486,True,False,False,False,False,False,False,False,False,False,False,False,False,False,False,False,False,False,False,False,False,False,False,False,False
NVDA,2013-07-09,0.3304865074750845,0.333512090932224,0.3295555715241542,0.3314174711704254,157364000,2013,7,27,Tuesday,0.3312,0.329788327217102,0.49,0.21,-0.07,0.49,0.07,0,0.0,0.3265,0.3232,0.3199,0.3166,0.3133,0.31,0.3067,0.3034,0.3001,0.2968,0.2935,0.2902,0.2869,0.2836,0.2803,0.277,0.2737,0.2704,0.2671,0.2638,0.2605,0.2572,0.2539,0.2506,0.2473,False,False,False,False,False,False,False,False,False,False,False,False,False,False,False,False,False,False,False,False,False,False,False,False,False
NVDA,2013-07-10,0.3314174336737916,0.3367703841470335,0.3304864700837801,0.3358394205570221,208468000,2013,7,27,Wednesday,0.3336,0.3314174711704254,1.33,-0.0,-0.28,1.33,0.28,0,0.0,0.3281,0.3248,0.3215,0.3182,0.3148,0.3115,0.3082,0.3049,0.3016,0.2983,0.295,0.2916,0.2883,0.285,0.2817,0.2784,0.2751,0.2718,0.2684,0.2651,0.2618,0.2585,0.2552,0.2519,0.2486,False,False,False,False,False,False,False,False,False,False,False,False,False,False,False,False,False,False,False,False,False,False,False,False,False
NVDA,2013-07-11,0.3377013817543465,0.340959713298687,0.3370031658702441,0.3404942452907562,239832000,2013,7,27,Thursday,0.339,0.3358394205570221,1.39,0.55,0.35,1.39,-0.35,0,0.0,0.3325,0.3291,0.3258,0.3224,0.319,0.3157,0.3123,0.309,0.3056,0.3023,0.2989,0.2955,0.2922,0.2888,0.2855,0.2821,0.2787,0.2754,0.272,0.2687,0.2653,0.262,0.2586,0.2552,0.2519,False,False,False,False,False,False,False,False,False,False,False,False,False,False,False,False,False,False,False,False,False,False,False,False,False
NVDA,2013-07-12,0.3397960653143665,0.3439853333172666,0.3386323812993618,0.3407270014286041,216360000,2013,7,27,Friday,0.3408,0.3404942452907562,0.07,-0.21,-0.55,0.07,0.55,0,0.0,0.3371,0.3337,0.3303,0.3269,0.3235,0.3201,0.3167,0.3133,0.3098,0.3064,0.303,0.2996,0.2962,0.2928,0.2894,0.286,0.2826,0.2792,0.2758,0.2724,0.269,0.2656,0.2622,0.2588,0.2554,False,False,False,False,False,False,False,False,False,False,False,False,False,False,False,False,False,False,False,False,False,False,False,False,False
NVDA,2013-07-15,0.3414252544895512,0.3414252544895512,0.3346758698224114,0.3400288224220276,201332000,2013,7,28,Monday,0.3394,0.3407270014286041,-0.2,0.2,-1.78,-0.2,1.78,1,0.3373,0.3373,0.3339,0.3305,0.3271,0.3237,0.3203,0.3169,0.3135,0.3101,0.3067,0.3032,0.2998,0.2964,0.293,0.2896,0.2862,0.2828,0.2794,0.276,0.2726,0.2692,0.2658,0.2624,0.259,0.2555,True,False,False,False,False,False,False,False,False,False,False,False,False,False,False,False,False,False,False,False,False,False,False,False,False
NVDA,2013-07-16,0.3414251948821157,0.3437525627587212,0.3397960429173745,0.3418906629085541,162560000,2013,7,28,Tuesday,0.3417,0.3400288224220276,0.55,0.41,-0.07,0.55,0.07,0,0.0,0.3366,0.3332,0.3298,0.3264,0.323,0.3196,0.3162,0.3128,0.3094,0.306,0.3026,0.2992,0.2958,0.2924,0.289,0.2856,0.2822,0.2788,0.2754,0.272,0.2686,0.2652,0.2618,0.2584,0.255,False,False,False,False,False,False,False,False,False,False,False,False,False,False,False,False,False,False,False,False,False,False,False,False,False
NVDA,2013-07-17,0.341890722597253,0.3430544067387165,0.3390978862066241,0.3400288224220276,166100000,2013,7,28,Wednesday,0.341,0.3418906629085541,-0.54,0.0,-0.82,-0.54,0.82,0,0.0,0.3385,0.3351,0.3316,0.3282,0.3248,0.3214,0.318,0.3145,0.3111,0.3077,0.3043,0.3009,0.2974,0.294,0.2906,0.2872,0.2838,0.2804,0.2769,0.2735,0.2701,0.2667,0.2633,0.2598,0.2564,False,False,False,False,False,False,False,False,False,False,False,False,False,False,False,False,False,False,False,False,False,False,False,False,False
NVDA,2013-07-18,0.339563400751589,0.3407270850521931,0.3342104474199254,0.3386324644088745,344488000,2013,7,28,Thursday,0.3383,0.3400288224220276,-0.41,-0.14,-1.71,-0.41,1.71,1,0.3366,0.3366,0.3332,0.3298,0.3264,0.323,0.3196,0.3162,0.3128,0.3094,0.306,0.3026,0.2992,0.2958,0.2924,0.289,0.2856,0.2822,0.2788,0.2754,0.272,0.2686,0.2652,0.2618,0.2584,0.255,True,False,False,False,False,False,False,False,False,False,False,False,False,False,False,False,False,False,False,False,False,False,False,False,False
NVDA,2013-07-19,0.3365376743893634,0.3381668261756967,0.3279264197378208,0.3314174711704254,480532000,2013,7,28,Friday,0.3335,0.3386324644088745,-2.13,-0.62,-3.16,-2.13,3.16,3,0.9956,0.3352,0.3319,0.3285,0.3251,0.3217,0.3183,0.3149,0.3115,0.3082,0.3048,0.3014,0.298,0.2946,0.2912,0.2878,0.2845,0.2811,0.2777,0.2743,0.2709,0.2675,0.2641,0.2607,0.2574,0.254,True,True,True,False,False,False,False,False,False,False,False,False,False,False,False,False,False,False,False,False,False,False,False,False,False
NVDA,2013-07-22,0.3339775505599726,0.337003133941488,0.3297883111410848,0.3311847150325775,292384000,2013,7,29,Monday,0.333,0.3314174711704254,-0.07,0.77,-0.49,-0.07,0.49,0,0.0,0.3281,0.3248,0.3215,0.3182,0.3148,0.3115,0.3082,0.3049,0.3016,0.2983,0.295,0.2916,0.2883,0.285,0.2817,0.2784,0.2751,0.2718,0.2684,0.2651,0.2618,0.2585,0.2552,0.2519,0.2486,False,False,False,False,False,False,False,False,False,False,False,False,False,False,False,False,False,False,False,False,False,False,False,False,False
NVDA,2013-07-23,0.3353740581474496,0.3353740581474496,0.329090169851607,0.3307193219661712,246792000,2013,7,29,Tuesday,0.3326,0.3311847150325775,-0.14,1.26,-0.63,-0.14,0.63,0,0.0,0.3279,0.3246,0.3212,0.3179,0.3146,0.3113,0.308,0.3047,0.3014,0.2981,0.2948,0.2914,0.2881,0.2848,0.2815,0.2782,0.2749,0.2716,0.2683,0.2649,0.2616,0.2583,0.255,0.2517,0.2484,False,False,False,False,False,False,False,False,False,False,False,False,False,False,False,False,False,False,False,False,False,False,False,False,False
NVDA,2013-07-24,0.3337449060328854,0.3346758421713746,0.3302538538969266,0.3307193219661712,284252000,2013,7,29,Wednesday,0.3323,0.3307193219661712,0.0,0.91,-0.14,0.0,0.14,0,0.0,0.3274,0.3241,0.3208,0.3175,0.3142,0.3109,0.3076,0.3043,0.301,0.2976,0.2943,0.291,0.2877,0.2844,0.2811,0.2778,0.2745,0.2712,0.2679,0.2646,0.2613,0.258,0.2547,0.2513,0.248,False,False,False,False,False,False,False,False,False,False,False,False,False,False,False,False,False,False,False,False,False,False,False,False,False
NVDA,2013-07-25,0.3304866109427695,0.3363050595631421,0.3281592425923881,0.331883043050766,243320000,2013,7,29,Thursday,0.3317,0.3307193219661712,0.35,-0.07,-0.77,0.35,0.77,0,0.0,0.3274,0.3241,0.3208,0.3175,0.3142,0.3109,0.3076,0.3043,0.301,0.2976,0.2943,0.291,0.2877,0.2844,0.2811,0.2778,0.2745,0.2712,0.2679,0.2646,0.2613,0.258,0.2547,0.2513,0.248,False,False,False,False,False,False,False,False,False,False,False,False,False,False,False,False,False,False,False,False,False,False,False,False,False
NVDA,2013-07-26,0.3279263889246477,0.3325811237307445,0.3279263889246477,0.3304864764213562,227360000,2013,7,29,Friday,0.3297,0.331883043050766,-0.42,-1.19,-1.19,-0.42,1.19,1,0.3286,0.3286,0.3252,0.3219,0.3186,0.3153,0.312,0.3087,0.3053,0.302,0.2987,0.2954,0.2921,0.2887,0.2854,0.2821,0.2788,0.2755,0.2721,0.2688,0.2655,0.2622,0.2589,0.2555,0.2522,0.2489,True,False,False,False,False,False,False,False,False,False,False,False,False,False,False,False,False,False,False,False,False,False,False,False,False
NVDA,2013-07-29,0.329788327217102,0.3339775668402004,0.3288573634996493,0.329788327217102,179540000,2013,7,30,Monday,0.3306,0.3304864764213562,-0.21,-0.21,-0.49,-0.21,0.49,0,0.0,0.3272,0.3239,0.3206,0.3173,0.314,0.3107,0.3074,0.304,0.3007,0.2974,0.2941,0.2908,0.2875,0.2842,0.2809,0.2776,0.2743,0.271,0.2677,0.2644,0.2611,0.2578,0.2545,0.2512,0.2479,False,False,False,False,False,False,False,False,False,False,False,False,False,False,False,False,False,False,False,False,False,False,False,False,False
NVDA,2013-07-30,0.3309520984391287,0.3397961034958111,0.3307193505122087,0.3353740870952606,266076000,2013,7,30,Tuesday,0.3342,0.329788327217102,1.69,0.35,0.28,1.69,-0.28,0,0.0,0.3265,0.3232,0.3199,0.3166,0.3133,0.31,0.3067,0.3034,0.3001,0.2968,0.2935,0.2902,0.2869,0.2836,0.2803,0.277,0.2737,0.2704,0.2671,0.2638,0.2605,0.2572,0.2539,0.2506,0.2473,False,False,False,False,False,False,False,False,False,False,False,False,False,False,False,False,False,False,False,False,False,False,False,False,False
NVDA,2013-07-31,0.3337449572586204,0.3393306304357199,0.3335122093160661,0.3360723257064819,270160000,2013,7,30,Wednesday,0.3357,0.3353740870952606,0.21,-0.49,-0.56,0.21,0.56,0,0.0,0.332,0.3287,0.3253,0.322,0.3186,0.3153,0.3119,0.3085,0.3052,0.3018,0.2985,0.2951,0.2918,0.2884,0.2851,0.2817,0.2784,0.275,0.2717,0.2683,0.2649,0.2616,0.2582,0.2549,0.2515,False,False,False,False,False,False,False,False,False,False,False,False,False,False,False,False,False,False,False,False,False,False,False,False,False
NVDA,2013-08-01,0.3372359493835899,0.34142521738649,0.3332794292814569,0.3407270014286041,277648000,2013,8,30,Thursday,0.3382,0.3360723257064819,1.39,0.35,-0.83,1.39,0.83,0,0.0,0.3327,0.3294,0.326,0.3226,0.3193,0.3159,0.3125,0.3092,0.3058,0.3025,0.2991,0.2957,0.2924,0.289,0.2857,0.2823,0.2789,0.2756,0.2722,0.2689,0.2655,0.2621,0.2588,0.2554,0.2521,False,False,False,False,False,False,False,False,False,False,False,False,False,False,False,False,False,False,False,False,False,False,False,False,False
NVDA,2013-08-02,0.3400287551283859,0.3442180227574583,0.3377013873060581,0.3435198068618774,209628000,2013,8,30,Friday,0.3414,0.3407270014286041,0.82,-0.2,-0.89,0.82,0.89,0,0.0,0.3373,0.3339,0.3305,0.3271,0.3237,0.3203,0.3169,0.3135,0.3101,0.3067,0.3032,0.2998,0.2964,0.293,0.2896,0.2862,0.2828,0.2794,0.276,0.2726,0.2692,0.2658,0.2624,0.259,0.2555,False,False,False,False,False,False,False,False,False,False,False,False,False,False,False,False,False,False,False,False,False,False,False,False,False
NVDA,2013-08-05,0.3425888649590754,0.3463126645087426,0.3407269651842418,0.3451489806175232,185188000,2013,8,31,Monday,0.3437,0.3435198068618774,0.47,-0.27,-0.81,0.47,0.81,0,0.0,0.3401,0.3366,0.3332,0.3298,0.3263,0.3229,0.3195,0.316,0.3126,0.3092,0.3057,0.3023,0.2989,0.2954,0.292,0.2886,0.2851,0.2817,0.2783,0.2748,0.2714,0.2679,0.2645,0.2611,0.2576,False,False,False,False,False,False,False,False,False,False,False,False,False,False,False,False,False,False,False,False,False,False,False,False,False
NVDA,2013-08-06,0.3453817750216437,0.3460799910554056,0.3393306063882658,0.3400288224220276,206608000,2013,8,31,Tuesday,0.3427,0.3451489806175232,-1.48,0.07,-1.69,-1.48,1.69,1,0.3417,0.3417,0.3382,0.3348,0.3313,0.3279,0.3244,0.321,0.3175,0.3141,0.3106,0.3072,0.3037,0.3003,0.2968,0.2934,0.2899,0.2865,0.283,0.2796,0.2761,0.2727,0.2692,0.2658,0.2623,0.2589,True,False,False,False,False,False,False,False,False,False,False,False,False,False,False,False,False,False,False,False,False,False,False,False,False
NVDA,2013-08-07,0.3381668864629909,0.3432871183391577,0.337934166305975,0.3397960662841797,244380000,2013,8,31,Wednesday,0.3398,0.3400288224220276,-0.07,-0.55,-0.62,-0.07,0.62,0,0.0,0.3366,0.3332,0.3298,0.3264,0.323,0.3196,0.3162,0.3128,0.3094,0.306,0.3026,0.2992,0.2958,0.2924,0.289,0.2856,0.2822,0.2788,0.2754,0.272,0.2686,0.2652,0.2618,0.2584,0.255,False,False,False,False,False,False,False,False,False,False,False,False,False,False,False,False,False,False,False,False,False,False,False,False,False
NVDA,2013-08-08,0.341658010532287,0.3437526309389154,0.3377014621617814,0.3421234786510467,345696000,2013,8,31,Thursday,0.3413,0.3397960662841797,0.68,0.55,-0.62,0.68,0.62,0,0.0,0.3364,0.333,0.3296,0.3262,0.3228,0.3194,0.316,0.3126,0.3092,0.3058,0.3024,0.299,0.2956,0.2922,0.2888,0.2854,0.282,0.2786,0.2752,0.2718,0.2684,0.265,0.2616,0.2582,0.2548,False,False,False,False,False,False,False,False,False,False,False,False,False,False,False,False,False,False,False,False,False,False,False,False,False
NVDA,2013-08-09,0.3286246442319265,0.3423561313679112,0.3283919240906198,0.3372359275817871,906224000,2013,8,31,Friday,0.3342,0.3421234786510467,-1.43,-3.95,-4.01,-1.43,4.01,4,1.3343,0.3387,0.3353,0.3319,0.3284,0.325,0.3216,0.3182,0.3148,0.3113,0.3079,0.3045,0.3011,0.2976,0.2942,0.2908,0.2874,0.284,0.2805,0.2771,0.2737,0.2703,0.2669,0.2634,0.26,0.2566,True,True,True,True,False,False,False,False,False,False,False,False,False,False,False,False,False,False,False,False,False,False,False,False,False
NVDA,2013-08-12,0.3235043546121085,0.3393304575428656,0.3051181365953442,0.3344430029392242,257568000,2013,8,32,Monday,0.3256,0.3372359275817871,-0.83,-4.07,-9.52,-0.83,9.52,9,2.8834,0.3339,0.3305,0.3271,0.3237,0.3204,0.317,0.3136,0.3103,0.3069,0.3035,0.3001,0.2968,0.2934,0.29,0.2867,0.2833,0.2799,0.2765,0.2732,0.2698,0.2664,0.263,0.2597,0.2563,0.2529,True,True,True,True,True,True,True,True,True,False,False,False,False,False,False,False,False,False,False,False,False,False,False,False,False
NVDA,2013-08-13,0.3349085676990447,0.3370031877428874,0.3328139199107877,0.3356067836284637,197468000,2013,8,32,Tuesday,0.3351,0.3344430029392242,0.35,0.14,-0.49,0.35,0.49,0,0.0,0.3311,0.3278,0.3244,0.3211,0.3177,0.3144,0.311,0.3077,0.3043,0.301,0.2977,0.2943,0.291,0.2876,0.2843,0.2809,0.2776,0.2742,0.2709,0.2676,0.2642,0.2609,0.2575,0.2542,0.2508,False,False,False,False,False,False,False,False,False,False,False,False,False,False,False,False,False,False,False,False,False,False,False,False,False
NVDA,2013-08-14,0.3349084884335837,0.3518982758877378,0.3346757405973922,0.3498036563396454,828508000,2013,8,32,Wednesday,0.3428,0.3356067836284637,4.23,-0.21,-0.28,4.23,0.28,0,0.0,0.3323,0.3289,0.3255,0.3222,0.3188,0.3155,0.3121,0.3088,0.3054,0.302,0.2987,0.2953,0.292,0.2886,0.2853,0.2819,0.2786,0.2752,0.2718,0.2685,0.2651,0.2618,0.2584,0.2551,0.2517,False,False,False,False,False,False,False,False,False,False,False,False,False,False,False,False,False,False,False,False,False,False,False,False,False
NVDA,2013-08-15,0.3460799602169854,0.3549239644529227,0.3446835282738947,0.3521311283111572,723616000,2013,8,32,Thursday,0.3495,0.3498036563396454,0.67,-1.06,-1.46,0.67,1.46,1,0.3463,0.3463,0.3428,0.3393,0.3358,0.3323,0.3288,0.3253,0.3218,0.3183,0.3148,0.3113,0.3078,0.3043,0.3008,0.2973,0.2938,0.2903,0.2868,0.2833,0.2798,0.2763,0.2728,0.2693,0.2659,0.2624,True,False,False,False,False,False,False,False,False,False,False,False,False,False,False,False,False,False,False,False,False,False,False,False,False
NVDA,2013-08-16,0.3514328684734524,0.3584149718285617,0.3507346525890589,0.3535275161266327,660456000,2013,8,32,Friday,0.3535,0.3521311283111572,0.4,-0.2,-0.4,0.4,0.4,0,0.0,0.3486,0.3451,0.3416,0.338,0.3345,0.331,0.3275,0.324,0.3204,0.3169,0.3134,0.3099,0.3064,0.3028,0.2993,0.2958,0.2923,0.2887,0.2852,0.2817,0.2782,0.2747,0.2711,0.2676,0.2641,False,False,False,False,False,False,False,False,False,False,False,False,False,False,False,False,False,False,False,False,False,False,False,False,False
NVDA,2013-08-19,0.3514328675212143,0.3525965514105794,0.3477090679774809,0.3479418158531189,393432000,2013,8,33,Monday,0.3499,0.3535275161266327,-1.58,-0.59,-1.65,-1.58,1.65,1,0.35,0.35,0.3465,0.3429,0.3394,0.3359,0.3323,0.3288,0.3252,0.3217,0.3182,0.3146,0.3111,0.3076,0.304,0.3005,0.297,0.2934,0.2899,0.2864,0.2828,0.2793,0.2758,0.2722,0.2687,0.2651,True,False,False,False,False,False,False,False,False,False,False,False,False,False,False,False,False,False,False,False,False,False,False,False,False
NVDA,2013-08-20,0.3478248717805752,0.3520352618694898,0.3473570568560961,0.3496961593627929,234192000,2013,8,33,Tuesday,0.3492,0.3479418158531189,0.5,-0.03,-0.17,0.5,0.17,0,0.0,0.3445,0.341,0.3375,0.334,0.3305,0.3271,0.3236,0.3201,0.3166,0.3131,0.3097,0.3062,0.3027,0.2992,0.2958,0.2923,0.2888,0.2853,0.2818,0.2784,0.2749,0.2714,0.2679,0.2644,0.261,False,False,False,False,False,False,False,False,False,False,False,False,False,False,False,False,False,False,False,False,False,False,False,False,False
NVDA,2013-08-21,0.3475909471640335,0.3520352586162676,0.3466553173237217,0.3480587899684906,261540000,2013,8,33,Wednesday,0.3486,0.3496961593627929,-0.47,-0.6,-0.87,-0.47,0.87,0,0.0,0.3462,0.3427,0.3392,0.3357,0.3322,0.3287,0.3252,0.3217,0.3182,0.3147,0.3112,0.3077,0.3042,0.3007,0.2972,0.2937,0.2902,0.2868,0.2833,0.2798,0.2763,0.2728,0.2693,0.2658,0.2623,False,False,False,False,False,False,False,False,False,False,False,False,False,False,False,False,False,False,False,False,False,False,False,False,False
NVDA,2013-08-22,0.3478249280685679,0.3532048702814589,0.3478249280685679,0.3499301373958587,129016000,2013,8,33,Thursday,0.3497,0.3480587899684906,0.54,-0.07,-0.07,0.54,0.07,0,0.0,0.3446,0.3411,0.3376,0.3341,0.3307,0.3272,0.3237,0.3202,0.3167,0.3133,0.3098,0.3063,0.3028,0.2993,0.2958,0.2924,0.2889,0.2854,0.2819,0.2784,0.275,0.2715,0.268,0.2645,0.261,False,False,False,False,False,False,False,False,False,False,False,False,False,False,False,False,False,False,False,False,False,False,False,False,False
NVDA,2013-08-23,0.3503979523960436,0.3532048702814589,0.3492284009534285,0.3499301373958587,245120000,2013,8,33,Friday,0.3507,0.3499301373958587,0.0,0.13,-0.2,0.0,0.2,0,0.0,0.3464,0.3429,0.3394,0.3359,0.3324,0.3289,0.3254,0.3219,0.3184,0.3149,0.3114,0.3079,0.3044,0.3009,0.2974,0.2939,0.2904,0.2869,0.2834,0.2799,0.2764,0.2729,0.2694,0.2659,0.2624,False,False,False,False,False,False,False,False,False,False,False,False,False,False,False,False,False,False,False,False,False,False,False,False,False
NVDA,2013-08-26,0.3501640180934733,0.3515674909267892,0.3492283881274661,0.350631833076477,300152000,2013,8,34,Monday,0.3504,0.3499301373958587,0.2,0.07,-0.2,0.2,0.2,0,0.0,0.3464,0.3429,0.3394,0.3359,0.3324,0.3289,0.3254,0.3219,0.3184,0.3149,0.3114,0.3079,0.3044,0.3009,0.2974,0.2939,0.2904,0.2869,0.2834,0.2799,0.2764,0.2729,0.2694,0.2659,0.2624,False,False,False,False,False,False,False,False,False,False,False,False,False,False,False,False,False,False,False,False,False,False,False,False,False
NVDA,2013-08-27,0.3473570533874366,0.3496961558707755,0.3450179509040978,0.3461875021457672,277464000,2013,8,34,Tuesday,0.3471,0.350631833076477,-1.27,-0.93,-1.6,-1.27,1.6,1,0.3471,0.3471,0.3436,0.3401,0.3366,0.3331,0.3296,0.3261,0.3226,0.3191,0.3156,0.3121,0.3086,0.305,0.3015,0.298,0.2945,0.291,0.2875,0.284,0.2805,0.277,0.2735,0.27,0.2665,0.263,True,False,False,False,False,False,False,False,False,False,False,False,False,False,False,False,False,False,False,False,False,False,False,False,False
NVDA,2013-08-28,0.3468892384676291,0.3494622344687212,0.3447840295020434,0.3461875021457672,318824000,2013,8,34,Wednesday,0.3468,0.3461875021457672,0.0,0.2,-0.41,0.0,0.41,0,0.0,0.3427,0.3393,0.3358,0.3323,0.3289,0.3254,0.322,0.3185,0.315,0.3116,0.3081,0.3046,0.3012,0.2977,0.2943,0.2908,0.2873,0.2839,0.2804,0.277,0.2735,0.27,0.2666,0.2631,0.2596,False,False,False,False,False,False,False,False,False,False,False,False,False,False,False,False,False,False,False,False,False,False,False,False,False
NVDA,2013-08-29,0.3450179617283422,0.3487605369728206,0.3440823039750716,0.3454857766628265,276216000,2013,8,34,Thursday,0.3458,0.3461875021457672,-0.2,-0.34,-0.61,-0.2,0.61,0,0.0,0.3427,0.3393,0.3358,0.3323,0.3289,0.3254,0.322,0.3185,0.315,0.3116,0.3081,0.3046,0.3012,0.2977,0.2943,0.2908,0.2873,0.2839,0.2804,0.277,0.2735,0.27,0.2666,0.2631,0.2596,False,False,False,False,False,False,False,False,False,False,False,False,False,False,False,False,False,False,False,False,False,False,False,False,False
NVDA,2013-08-30,0.3457197059682115,0.3466553358585492,0.3433806033580646,0.3450179696083069,378120000,2013,8,34,Friday,0.3452,0.3454857766628265,-0.14,0.07,-0.61,-0.14,0.61,0,0.0,0.342,0.3386,0.3351,0.3317,0.3282,0.3248,0.3213,0.3178,0.3144,0.3109,0.3075,0.304,0.3006,0.2971,0.2937,0.2902,0.2868,0.2833,0.2798,0.2764,0.2729,0.2695,0.266,0.2626,0.2591,False,False,False,False,False,False,False,False,False,False,False,False,False,False,False,False,False,False,False,False,False,False,False,False,False
NVDA,2013-09-03,0.3459535348585486,0.3501639243469784,0.3431466178276945,0.3452517986297607,284680000,2013,9,35,Tuesday,0.3461,0.3450179696083069,0.07,0.27,-0.54,0.07,0.54,0,0.0,0.3416,0.3381,0.3347,0.3312,0.3278,0.3243,0.3209,0.3174,0.314,0.3105,0.3071,0.3036,0.3002,0.2967,0.2933,0.2898,0.2864,0.2829,0.2795,0.276,0.2726,0.2691,0.2657,0.2622,0.2588,False,False,False,False,False,False,False,False,False,False,False,False,False,False,False,False,False,False,False,False,False,False,False,False,False
NVDA,2013-09-04,0.3452518959318209,0.3506318380230228,0.3447840809422176,0.348526656627655,222080000,2013,9,35,Wednesday,0.3473,0.3452517986297607,0.95,0.0,-0.14,0.95,0.14,0,0.0,0.3418,0.3383,0.3349,0.3314,0.328,0.3245,0.3211,0.3176,0.3142,0.3107,0.3073,0.3038,0.3004,0.2969,0.2935,0.29,0.2866,0.2831,0.2797,0.2762,0.2727,0.2693,0.2658,0.2624,0.2589,False,False,False,False,False,False,False,False,False,False,False,False,False,False,False,False,False,False,False,False,False,False,False,False,False
NVDA,2013-09-05,0.3471231976134407,0.3508657734480849,0.3468893040514669,0.3494623005390167,174904000,2013,9,35,Thursday,0.3486,0.348526656627655,0.27,-0.4,-0.47,0.27,0.47,0,0.0,0.345,0.3416,0.3381,0.3346,0.3311,0.3276,0.3241,0.3206,0.3172,0.3137,0.3102,0.3067,0.3032,0.2997,0.2962,0.2928,0.2893,0.2858,0.2823,0.2788,0.2753,0.2719,0.2684,0.2649,0.2614,False,False,False,False,False,False,False,False,False,False,False,False,False,False,False,False,False,False,False,False,False,False,False,False,False
NVDA,2013-09-06,0.3496961561311869,0.3515674436961117,0.3454857660811813,0.3480587899684906,226756000,2013,9,35,Friday,0.3487,0.3494623005390167,-0.4,0.07,-1.14,-0.4,1.14,1,0.346,0.346,0.3425,0.339,0.3355,0.332,0.3285,0.325,0.3215,0.318,0.3145,0.311,0.3075,0.304,0.3005,0.297,0.2935,0.2901,0.2866,0.2831,0.2796,0.2761,0.2726,0.2691,0.2656,0.2621,True,False,False,False,False,False,False,False,False,False,False,False,False,False,False,False,False,False,False,False,False,False,False,False,False
NVDA,2013-09-09,0.3508656441981713,0.3539064824581146,0.3499300145263255,0.3539064824581146,246408000,2013,9,36,Monday,0.3522,0.3480587899684906,1.68,0.81,0.54,1.68,-0.54,0,0.0,0.3446,0.3411,0.3376,0.3341,0.3307,0.3272,0.3237,0.3202,0.3167,0.3133,0.3098,0.3063,0.3028,0.2993,0.2958,0.2924,0.2889,0.2854,0.2819,0.2784,0.275,0.2715,0.268,0.2645,0.261,False,False,False,False,False,False,False,False,False,False,False,False,False,False,False,False,False,False,False,False,False,False,False,False,False
NVDA,2013-09-10,0.3564796533230061,0.3616256744151577,0.3548422588936012,0.3613917529582977,292132000,2013,9,36,Tuesday,0.3586,0.3539064824581146,2.12,0.73,0.26,2.12,-0.26,0,0.0,0.3504,0.3468,0.3433,0.3398,0.3362,0.3327,0.3291,0.3256,0.3221,0.3185,0.315,0.3114,0.3079,0.3044,0.3008,0.2973,0.2937,0.2902,0.2867,0.2831,0.2796,0.276,0.2725,0.269,0.2654,False,False,False,False,False,False,False,False,False,False,False,False,False,False,False,False,False,False,False,False,False,False,False,False,False
NVDA,2013-09-11,0.3609239295680114,0.3684090814024452,0.3583509051393864,0.3674734234809875,396164000,2013,9,36,Wednesday,0.3638,0.3613917529582977,1.68,-0.13,-0.84,1.68,0.84,0,0.0,0.3578,0.3542,0.3506,0.3469,0.3433,0.3397,0.3361,0.3325,0.3289,0.3253,0.3216,0.318,0.3144,0.3108,0.3072,0.3036,0.3,0.2963,0.2927,0.2891,0.2855,0.2819,0.2783,0.2747,0.271,False,False,False,False,False,False,False,False,False,False,False,False,False,False,False,False,False,False,False,False,False,False,False,False,False
NVDA,2013-09-12,0.3656020514330519,0.3719176503262913,0.3656020514330519,0.3672394454479217,303808000,2013,9,36,Thursday,0.3676,0.3674734234809875,-0.06,-0.51,-0.51,-0.06,0.51,0,0.0,0.3638,0.3601,0.3564,0.3528,0.3491,0.3454,0.3418,0.3381,0.3344,0.3307,0.3271,0.3234,0.3197,0.316,0.3124,0.3087,0.305,0.3013,0.2977,0.294,0.2903,0.2866,0.283,0.2793,0.2756,False,False,False,False,False,False,False,False,False,False,False,False,False,False,False,False,False,False,False,False,False,False,False,False,False
NVDA,2013-09-13,0.3684090485455252,0.3712159662909467,0.3658360243463778,0.3695785999298095,159696000,2013,9,36,Friday,0.3688,0.3672394454479217,0.64,0.32,-0.38,0.64,0.38,0,0.0,0.3636,0.3599,0.3562,0.3525,0.3489,0.3452,0.3415,0.3379,0.3342,0.3305,0.3268,0.3232,0.3195,0.3158,0.3122,0.3085,0.3048,0.3011,0.2975,0.2938,0.2901,0.2864,0.2828,0.2791,0.2754,False,False,False,False,False,False,False,False,False,False,False,False,False,False,False,False,False,False,False,False,False,False,False,False,False
NVDA,2013-09-16,0.3726194041197616,0.3751924001930202,0.3684090139547998,0.3698124587535858,231412000,2013,9,37,Monday,0.3715,0.3695785999298095,0.06,0.82,-0.32,0.06,0.32,0,0.0,0.3659,0.3622,0.3585,0.3548,0.3511,0.3474,0.3437,0.34,0.3363,0.3326,0.3289,0.3252,0.3215,0.3178,0.3141,0.3104,0.3068,0.3031,0.2994,0.2957,0.292,0.2883,0.2846,0.2809,0.2772,False,False,False,False,False,False,False,False,False,False,False,False,False,False,False,False,False,False,False,False,False,False,False,False,False
NVDA,2013-09-17,0.3712159723300751,0.374022890121161,0.3695786059423004,0.3709820508956909,168608000,2013,9,37,Tuesday,0.3714,0.3698124587535858,0.32,0.38,-0.06,0.32,0.06,0,0.0,0.3661,0.3624,0.3587,0.355,0.3513,0.3476,0.3439,0.3402,0.3365,0.3328,0.3291,0.3254,0.3217,0.318,0.3143,0.3106,0.3069,0.3032,0.2995,0.2958,0.2922,0.2885,0.2848,0.2811,0.2774,False,False,False,False,False,False,False,False,False,False,False,False,False,False,False,False,False,False,False,False,False,False,False,False,False
NVDA,2013-09-18,0.3712159506365296,0.3751924195985452,0.3693446629237272,0.3742567896842956,268168000,2013,9,37,Wednesday,0.3725,0.3709820508956909,0.88,0.06,-0.44,0.88,0.44,0,0.0,0.3673,0.3636,0.3599,0.3561,0.3524,0.3487,0.345,0.3413,0.3376,0.3339,0.3302,0.3265,0.3228,0.319,0.3153,0.3116,0.3079,0.3042,0.3005,0.2968,0.2931,0.2894,0.2857,0.2819,0.2782,False,False,False,False,False,False,False,False,False,False,False,False,False,False,False,False,False,False,False,False,False,False,False,False,False
NVDA,2013-09-19,0.3758940927184316,0.3765958289781776,0.3709819667845083,0.3726193606853485,227572000,2013,9,37,Thursday,0.374,0.3742567896842956,-0.44,0.44,-0.88,-0.44,0.88,0,0.0,0.3705,0.3668,0.363,0.3593,0.3555,0.3518,0.3481,0.3443,0.3406,0.3368,0.3331,0.3293,0.3256,0.3219,0.3181,0.3144,0.3106,0.3069,0.3031,0.2994,0.2957,0.2919,0.2882,0.2844,0.2807,False,False,False,False,False,False,False,False,False,False,False,False,False,False,False,False,False,False,False,False,False,False,False,False,False
NVDA,2013-09-20,0.3735550419538389,0.375894144552679,0.3686429153425536,0.3693446516990661,356036000,2013,9,37,Friday,0.3719,0.3726193606853485,-0.88,0.25,-1.07,-0.88,1.07,1,0.3689,0.3689,0.3652,0.3614,0.3577,0.354,0.3503,0.3465,0.3428,0.3391,0.3354,0.3316,0.3279,0.3242,0.3205,0.3167,0.313,0.3093,0.3055,0.3018,0.2981,0.2944,0.2906,0.2869,0.2832,0.2795,True,False,False,False,False,False,False,False,False,False,False,False,False,False,False,False,False,False,False,False,False,False,False,False,False
NVDA,2013-09-23,0.369110757006082,0.3721515961815667,0.3637308150624251,0.3658360242843628,271244000,2013,9,38,Monday,0.3677,0.3693446516990661,-0.95,-0.06,-1.52,-0.95,1.52,1,0.3657,0.3657,0.362,0.3583,0.3546,0.3509,0.3472,0.3435,0.3398,0.3361,0.3324,0.3287,0.325,0.3213,0.3176,0.3139,0.3102,0.3066,0.3029,0.2992,0.2955,0.2918,0.2881,0.2844,0.2807,0.277,True,False,False,False,False,False,False,False,False,False,False,False,False,False,False,False,False,False,False,False,False,False,False,False,False
NVDA,2013-09-24,0.3660698942283293,0.3686428901808523,0.3639646853024826,0.3672394454479217,229732000,2013,9,38,Tuesday,0.3665,0.3658360242843628,0.38,0.06,-0.51,0.38,0.51,0,0.0,0.3622,0.3585,0.3549,0.3512,0.3475,0.3439,0.3402,0.3366,0.3329,0.3293,0.3256,0.3219,0.3183,0.3146,0.311,0.3073,0.3036,0.3,0.2963,0.2927,0.289,0.2854,0.2817,0.278,0.2744,False,False,False,False,False,False,False,False,False,False,False,False,False,False,False,False,False,False,False,False,False,False,False,False,False
NVDA,2013-09-25,0.3665376716003063,0.3705141397628099,0.3649002777531304,0.367707222700119,233156000,2013,9,38,Wednesday,0.3674,0.3672394454479217,0.13,-0.19,-0.64,0.13,0.64,0,0.0,0.3636,0.3599,0.3562,0.3525,0.3489,0.3452,0.3415,0.3379,0.3342,0.3305,0.3268,0.3232,0.3195,0.3158,0.3122,0.3085,0.3048,0.3011,0.2975,0.2938,0.2901,0.2864,0.2828,0.2791,0.2754,False,False,False,False,False,False,False,False,False,False,False,False,False,False,False,False,False,False,False,False,False,False,False,False,False
NVDA,2013-09-26,0.3686428411217241,0.3693445773369523,0.3644324517146516,0.3665376603603363,148816000,2013,9,38,Thursday,0.3672,0.367707222700119,-0.32,0.25,-0.89,-0.32,0.89,0,0.0,0.364,0.3604,0.3567,0.353,0.3493,0.3456,0.342,0.3383,0.3346,0.3309,0.3273,0.3236,0.3199,0.3162,0.3126,0.3089,0.3052,0.3015,0.2978,0.2942,0.2905,0.2868,0.2831,0.2795,0.2758,False,False,False,False,False,False,False,False,False,False,False,False,False,False,False,False,False,False,False,False,False,False,False,False,False
NVDA,2013-09-27,0.3637308071241616,0.3667716462332813,0.3623273622244706,0.364432543516159,151920000,2013,9,38,Friday,0.3643,0.3665376603603363,-0.57,-0.77,-1.15,-0.57,1.15,1,0.3629,0.3629,0.3592,0.3555,0.3519,0.3482,0.3445,0.3409,0.3372,0.3335,0.3299,0.3262,0.3226,0.3189,0.3152,0.3116,0.3079,0.3042,0.3006,0.2969,0.2932,0.2896,0.2859,0.2822,0.2786,0.2749,True,False,False,False,False,False,False,False,False,False,False,False,False,False,False,False,False,False,False,False,False,False,False,False,False
NVDA,2013-09-30,0.3606900332743812,0.366537790673137,0.3585848238802451,0.3639647662639618,226640000,2013,9,39,Monday,0.3624,0.364432543516159,-0.13,-1.03,-1.6,-0.13,1.6,1,0.3608,0.3608,0.3571,0.3535,0.3499,0.3462,0.3426,0.3389,0.3353,0.3316,0.328,0.3243,0.3207,0.3171,0.3134,0.3098,0.3061,0.3025,0.2988,0.2952,0.2915,0.2879,0.2843,0.2806,0.277,0.2733,True,False,False,False,False,False,False,False,False,False,False,False,False,False,False,False,False,False,False,False,False,False,False,False,False
NVDA,2013-10-01,0.3644325245864432,0.3660699187108207,0.3616256070485569,0.363730788230896,226976000,2013,10,39,Tuesday,0.364,0.3639647662639618,-0.06,0.13,-0.64,-0.06,0.64,0,0.0,0.3603,0.3567,0.353,0.3494,0.3458,0.3421,0.3385,0.3348,0.3312,0.3276,0.3239,0.3203,0.3166,0.313,0.3094,0.3057,0.3021,0.2985,0.2948,0.2912,0.2875,0.2839,0.2803,0.2766,0.273,False,False,False,False,False,False,False,False,False,False,False,False,False,False,False,False,False,False,False,False,False,False,False,False,False
NVDA,2013-10-02,0.3599882751786943,0.3649003743679068,0.3599882751786943,0.3634969294071197,162036000,2013,10,39,Wednesday,0.3621,0.363730788230896,-0.06,-1.03,-1.03,-0.06,1.03,1,0.3601,0.3601,0.3565,0.3528,0.3492,0.3455,0.3419,0.3383,0.3346,0.331,0.3274,0.3237,0.3201,0.3164,0.3128,0.3092,0.3055,0.3019,0.2983,0.2946,0.291,0.2873,0.2837,0.2801,0.2764,0.2728,True,False,False,False,False,False,False,False,False,False,False,False,False,False,False,False,False,False,False,False,False,False,False,False,False
NVDA,2013-10-03,0.363730822977233,0.3670055836545157,0.3581169873651841,0.359754353761673,436768000,2013,10,39,Thursday,0.3622,0.3634969294071197,-1.03,0.06,-1.48,-1.03,1.48,1,0.3599,0.3599,0.3562,0.3526,0.349,0.3453,0.3417,0.3381,0.3344,0.3308,0.3271,0.3235,0.3199,0.3162,0.3126,0.309,0.3053,0.3017,0.2981,0.2944,0.2908,0.2872,0.2835,0.2799,0.2763,0.2726,True,False,False,False,False,False,False,False,False,False,False,False,False,False,False,False,False,False,False,False,False,False,False,False,False
NVDA,2013-10-04,0.3592865495252004,0.3677073310795433,0.3583508916389923,0.3646664917469024,246228000,2013,10,39,Friday,0.3625,0.359754353761673,1.37,-0.13,-0.39,1.37,0.39,0,0.0,0.3562,0.3526,0.349,0.3454,0.3418,0.3382,0.3346,0.331,0.3274,0.3238,0.3202,0.3166,0.313,0.3094,0.3058,0.3022,0.2986,0.295,0.2914,0.2878,0.2842,0.2806,0.277,0.2734,0.2698,False,False,False,False,False,False,False,False,False,False,False,False,False,False,False,False,False,False,False,False,False,False,False,False,False
NVDA,2013-10-07,0.3632630188597433,0.3672395160785922,0.3613917309716332,0.3646664917469024,169952000,2013,10,40,Monday,0.3641,0.3646664917469024,0.0,-0.38,-0.9,0.0,0.9,0,0.0,0.361,0.3574,0.3537,0.3501,0.3464,0.3428,0.3391,0.3355,0.3318,0.3282,0.3246,0.3209,0.3173,0.3136,0.31,0.3063,0.3027,0.299,0.2954,0.2917,0.2881,0.2844,0.2808,0.2771,0.2735,False,False,False,False,False,False,False,False,False,False,False,False,False,False,False,False,False,False,False,False,False,False,False,False,False
NVDA,2013-10-08,0.3637308829194132,0.3688769322768734,0.3588187829204418,0.3616257011890411,290712000,2013,10,40,Tuesday,0.3633,0.3646664917469024,-0.83,-0.26,-1.6,-0.83,1.6,1,0.361,0.361,0.3574,0.3537,0.3501,0.3464,0.3428,0.3391,0.3355,0.3318,0.3282,0.3246,0.3209,0.3173,0.3136,0.31,0.3063,0.3027,0.299,0.2954,0.2917,0.2881,0.2844,0.2808,0.2771,0.2735,True,False,False,False,False,False,False,False,False,False,False,False,False,False,False,False,False,False,False,False,False,False,False,False,False
NVDA,2013-10-09,0.3639646834959149,0.3641986048923925,0.3541404588769622,0.3560117185115814,275860000,2013,10,40,Wednesday,0.3596,0.3616257011890411,-1.55,0.65,-2.07,-1.55,2.07,2,0.7124,0.358,0.3544,0.3508,0.3472,0.3435,0.3399,0.3363,0.3327,0.3291,0.3255,0.3218,0.3182,0.3146,0.311,0.3074,0.3038,0.3001,0.2965,0.2929,0.2893,0.2857,0.2821,0.2785,0.2748,0.2712,True,True,False,False,False,False,False,False,False,False,False,False,False,False,False,False,False,False,False,False,False,False,False,False,False
NVDA,2013-10-10,0.3585848587289197,0.3609239619157451,0.3560118340696879,0.3599883317947387,223484000,2013,10,40,Thursday,0.3589,0.3560117185115814,1.12,0.72,0.0,1.12,-0.0,0,0.0,0.3525,0.3489,0.3453,0.3418,0.3382,0.3347,0.3311,0.3275,0.324,0.3204,0.3169,0.3133,0.3097,0.3062,0.3026,0.299,0.2955,0.2919,0.2884,0.2848,0.2812,0.2777,0.2741,0.2706,0.267,False,False,False,False,False,False,False,False,False,False,False,False,False,False,False,False,False,False,False,False,False,False,False,False,False
NVDA,2013-10-11,0.3543743978732867,0.3588187097866883,0.3532048465093869,0.3569474220275879,213704000,2013,10,40,Friday,0.3558,0.3599883317947387,-0.84,-1.56,-1.88,-0.84,1.88,1,0.3564,0.3564,0.3528,0.3492,0.3456,0.342,0.3384,0.3348,0.3312,0.3276,0.324,0.3204,0.3168,0.3132,0.3096,0.306,0.3024,0.2988,0.2952,0.2916,0.288,0.2844,0.2808,0.2772,0.2736,0.27,True,False,False,False,False,False,False,False,False,False,False,False,False,False,False,False,False,False,False,False,False,False,False,False,False
NVDA,2013-10-14,0.3560117673392495,0.362327367067337,0.3560117673392495,0.362327367067337,166628000,2013,10,41,Monday,0.3592,0.3569474220275879,1.51,-0.26,-0.26,1.51,0.26,0,0.0,0.3534,0.3498,0.3462,0.3427,0.3391,0.3355,0.332,0.3284,0.3248,0.3213,0.3177,0.3141,0.3105,0.307,0.3034,0.2998,0.2963,0.2927,0.2891,0.2856,0.282,0.2784,0.2748,0.2713,0.2677,False,False,False,False,False,False,False,False,False,False,False,False,False,False,False,False,False,False,False,False,False,False,False,False,False
NVDA,2013-10-15,0.3623273370628996,0.3644325182083952,0.360222128033102,0.3604560494422912,208820000,2013,10,41,Tuesday,0.3619,0.362327367067337,-0.52,-0.0,-0.58,-0.52,0.58,0,0.0,0.3587,0.3551,0.3515,0.3478,0.3442,0.3406,0.337,0.3333,0.3297,0.3261,0.3225,0.3188,0.3152,0.3116,0.308,0.3044,0.3007,0.2971,0.2935,0.2899,0.2862,0.2826,0.279,0.2754,0.2717,False,False,False,False,False,False,False,False,False,False,False,False,False,False,False,False,False,False,False,False,False,False,False,False,False
NVDA,2013-10-16,0.3625612182929926,0.3663037934072949,0.36209340337478,0.3649003207683563,210072000,2013,10,41,Wednesday,0.364,0.3604560494422912,1.23,0.58,0.45,1.23,-0.45,0,0.0,0.3569,0.3532,0.3496,0.346,0.3424,0.3388,0.3352,0.3316,0.328,0.3244,0.3208,0.3172,0.3136,0.31,0.3064,0.3028,0.2992,0.2956,0.292,0.2884,0.2848,0.2812,0.2776,0.2739,0.2703,False,False,False,False,False,False,False,False,False,False,False,False,False,False,False,False,False,False,False,False,False,False,False,False,False
NVDA,2013-10-17,0.3620933926422487,0.36653770394429,0.3620933926422487,0.365602046251297,213324000,2013,10,41,Thursday,0.3641,0.3649003207683563,0.19,-0.77,-0.77,0.19,0.77,0,0.0,0.3613,0.3576,0.354,0.3503,0.3467,0.343,0.3394,0.3357,0.3321,0.3284,0.3248,0.3211,0.3175,0.3138,0.3102,0.3065,0.3029,0.2992,0.2956,0.2919,0.2883,0.2846,0.281,0.2773,0.2737,False,False,False,False,False,False,False,False,False,False,False,False,False,False,False,False,False,False,False,False,False,False,False,False,False
NVDA,2013-10-18,0.36490033224708,0.3709820100280584,0.363496887448294,0.3698124587535858,255068000,2013,10,41,Friday,0.3673,0.365602046251297,1.15,-0.19,-0.58,1.15,0.58,0,0.0,0.3619,0.3583,0.3546,0.351,0.3473,0.3437,0.34,0.3364,0.3327,0.329,0.3254,0.3217,0.3181,0.3144,0.3108,0.3071,0.3034,0.2998,0.2961,0.2925,0.2888,0.2852,0.2815,0.2779,0.2742,False,False,False,False,False,False,False,False,False,False,False,False,False,False,False,False,False,False,False,False,False,False,False,False,False
NVDA,2013-10-21,0.3742567563573989,0.3744906498729818,0.3695785514341303,0.3707481026649475,195008000,2013,10,42,Monday,0.3723,0.3698124587535858,0.25,1.2,-0.06,0.25,0.06,0,0.0,0.3661,0.3624,0.3587,0.355,0.3513,0.3476,0.3439,0.3402,0.3365,0.3328,0.3291,0.3254,0.3217,0.318,0.3143,0.3106,0.3069,0.3032,0.2995,0.2958,0.2922,0.2885,0.2848,0.2811,0.2774,False,False,False,False,False,False,False,False,False,False,False,False,False,False,False,False,False,False,False,False,False,False,False,False,False
NVDA,2013-10-22,0.3707481023869888,0.3709819959023963,0.3656020546678107,0.3688768148422241,179452000,2013,10,42,Tuesday,0.3691,0.3707481026649475,-0.5,-0.0,-1.39,-0.5,1.39,1,0.367,0.367,0.3633,0.3596,0.3559,0.3522,0.3485,0.3448,0.3411,0.3374,0.3337,0.33,0.3263,0.3226,0.3188,0.3151,0.3114,0.3077,0.304,0.3003,0.2966,0.2929,0.2892,0.2855,0.2818,0.2781,True,False,False,False,False,False,False,False,False,False,False,False,False,False,False,False,False,False,False,False,False,False,False,False,False
NVDA,2013-10-23,0.3681750886802155,0.3681750886802155,0.3613916746289213,0.3625612258911133,252216000,2013,10,42,Wednesday,0.3651,0.3688768148422241,-1.71,-0.19,-2.03,-1.71,2.03,2,0.7267,0.3652,0.3615,0.3578,0.3541,0.3504,0.3467,0.3431,0.3394,0.3357,0.332,0.3283,0.3246,0.3209,0.3172,0.3135,0.3099,0.3062,0.3025,0.2988,0.2951,0.2914,0.2877,0.284,0.2803,0.2767,True,True,False,False,False,False,False,False,False,False,False,False,False,False,False,False,False,False,False,False,False,False,False,False,False
NVDA,2013-10-24,0.363496986574977,0.3658360897618024,0.3592865952618292,0.3599883317947387,236436000,2013,10,42,Thursday,0.3622,0.3625612258911133,-0.71,0.26,-0.9,-0.71,0.9,0,0.0,0.3589,0.3553,0.3517,0.3481,0.3444,0.3408,0.3372,0.3336,0.3299,0.3263,0.3227,0.3191,0.3154,0.3118,0.3082,0.3046,0.3009,0.2973,0.2937,0.29,0.2864,0.2828,0.2792,0.2755,0.2719,False,False,False,False,False,False,False,False,False,False,False,False,False,False,False,False,False,False,False,False,False,False,False,False,False
NVDA,2013-10-25,0.3618596174474978,0.3620935110339958,0.355310122992295,0.356479674577713,330492000,2013,10,42,Friday,0.3589,0.3599883317947387,-0.97,0.52,-1.3,-0.97,1.3,1,0.3564,0.3564,0.3528,0.3492,0.3456,0.342,0.3384,0.3348,0.3312,0.3276,0.324,0.3204,0.3168,0.3132,0.3096,0.306,0.3024,0.2988,0.2952,0.2916,0.288,0.2844,0.2808,0.2772,0.2736,0.27,True,False,False,False,False,False,False,False,False,False,False,False,False,False,False,False,False,False,False,False,False,False,False,False,False
NVDA,2013-10-28,0.3560117830447019,0.3576491773482496,0.3508657623480953,0.3557778894901275,394024000,2013,10,43,Monday,0.3551,0.356479674577713,-0.2,-0.13,-1.57,-0.2,1.57,1,0.3529,0.3529,0.3494,0.3458,0.3422,0.3387,0.3351,0.3315,0.328,0.3244,0.3208,0.3173,0.3137,0.3101,0.3066,0.303,0.2994,0.2959,0.2923,0.2887,0.2852,0.2816,0.2781,0.2745,0.2709,0.2674,True,False,False,False,False,False,False,False,False,False,False,False,False,False,False,False,False,False,False,False,False,False,False,False,False
NVDA,2013-10-29,0.3553099476823866,0.3569473135172337,0.3520351881283967,0.3562455773353576,387952000,2013,10,43,Tuesday,0.3551,0.3557778894901275,0.13,-0.13,-1.05,0.13,1.05,1,0.3522,0.3522,0.3487,0.3451,0.3415,0.338,0.3344,0.3309,0.3273,0.3238,0.3202,0.3166,0.3131,0.3095,0.306,0.3024,0.2989,0.2953,0.2917,0.2882,0.2846,0.2811,0.2775,0.2739,0.2704,0.2668,True,False,False,False,False,False,False,False,False,False,False,False,False,False,False,False,False,False,False,False,False,False,False,False,False
NVDA,2013-10-30,0.3574151911218463,0.3590525572442883,0.3529708797788745,0.3560117185115814,204032000,2013,10,43,Wednesday,0.3564,0.3562455773353576,-0.07,0.33,-0.92,-0.07,0.92,0,0.0,0.3527,0.3491,0.3456,0.342,0.3384,0.3349,0.3313,0.3277,0.3242,0.3206,0.3171,0.3135,0.3099,0.3064,0.3028,0.2992,0.2957,0.2921,0.2886,0.285,0.2814,0.2779,0.2743,0.2707,0.2672,False,False,False,False,False,False,False,False,False,False,False,False,False,False,False,False,False,False,False,False,False,False,False,False,False
NVDA,2013-10-31,0.3564795142858449,0.3590525098862254,0.354608227013743,0.3553099632263183,293368000,2013,10,43,Thursday,0.3564,0.3560117185115814,-0.2,0.13,-0.39,-0.2,0.39,0,0.0,0.3525,0.3489,0.3453,0.3418,0.3382,0.3347,0.3311,0.3275,0.324,0.3204,0.3169,0.3133,0.3097,0.3062,0.3026,0.299,0.2955,0.2919,0.2884,0.2848,0.2812,0.2777,0.2741,0.2706,0.267,False,False,False,False,False,False,False,False,False,False,False,False,False,False,False,False,False,False,False,False,False,False,False,False,False
NVDA,2013-11-01,0.3571813155697854,0.3585847883601868,0.3543743978732867,0.3569474220275879,206136000,2013,11,43,Friday,0.3568,0.3553099632263183,0.46,0.53,-0.26,0.46,0.26,0,0.0,0.3518,0.3482,0.3447,0.3411,0.3375,0.334,0.3304,0.3269,0.3233,0.3198,0.3162,0.3127,0.3091,0.3056,0.302,0.2985,0.2949,0.2914,0.2878,0.2842,0.2807,0.2771,0.2736,0.27,0.2665,False,False,False,False,False,False,False,False,False,False,False,False,False,False,False,False,False,False,False,False,False,False,False,False,False
NVDA,2013-11-04,0.3581168970514847,0.3581168970514847,0.3459535431523533,0.3466552793979645,410264000,2013,11,44,Monday,0.3522,0.3569474220275879,-2.88,0.33,-3.08,-2.88,3.08,3,1.0494,0.3534,0.3498,0.3462,0.3427,0.3391,0.3355,0.332,0.3284,0.3248,0.3213,0.3177,0.3141,0.3105,0.307,0.3034,0.2998,0.2963,0.2927,0.2891,0.2856,0.282,0.2784,0.2748,0.2713,0.2677,True,True,True,False,False,False,False,False,False,False,False,False,False,False,False,False,False,False,False,False,False,False,False,False,False
NVDA,2013-11-05,0.3445501359842902,0.3478248683072442,0.3408075608572276,0.3461875021457672,422368000,2013,11,44,Tuesday,0.3448,0.3466552793979645,-0.13,-0.61,-1.69,-0.13,1.69,1,0.3432,0.3432,0.3397,0.3363,0.3328,0.3293,0.3259,0.3224,0.3189,0.3155,0.312,0.3085,0.3051,0.3016,0.2981,0.2947,0.2912,0.2877,0.2843,0.2808,0.2773,0.2739,0.2704,0.2669,0.2635,0.26,True,False,False,False,False,False,False,False,False,False,False,False,False,False,False,False,False,False,False,False,False,False,False,False,False
NVDA,2013-11-06,0.3461875537953329,0.3487605780646093,0.3426788995468498,0.348526656627655,198044000,2013,11,44,Wednesday,0.3465,0.3461875021457672,0.68,0.0,-1.01,0.68,1.01,1,0.3427,0.3427,0.3393,0.3358,0.3323,0.3289,0.3254,0.322,0.3185,0.315,0.3116,0.3081,0.3046,0.3012,0.2977,0.2943,0.2908,0.2873,0.2839,0.2804,0.277,0.2735,0.27,0.2666,0.2631,0.2596,True,False,False,False,False,False,False,False,False,False,False,False,False,False,False,False,False,False,False,False,False,False,False,False,False
NVDA,2013-11-07,0.3473571488367493,0.3482927789334636,0.3396381029437754,0.3403398394584656,553076000,2013,11,44,Thursday,0.3439,0.348526656627655,-2.35,-0.34,-2.55,-2.35,2.55,2,0.6866,0.345,0.3416,0.3381,0.3346,0.3311,0.3276,0.3241,0.3206,0.3172,0.3137,0.3102,0.3067,0.3032,0.2997,0.2962,0.2928,0.2893,0.2858,0.2823,0.2788,0.2753,0.2719,0.2684,0.2649,0.2614,True,True,False,False,False,False,False,False,False,False,False,False,False,False,False,False,False,False,False,False,False,False,False,False,False
NVDA,2013-11-08,0.3508657785370261,0.3651343177437129,0.3494623056076021,0.3639647662639618,734532000,2013,11,44,Friday,0.3574,0.3403398394584656,6.94,3.09,2.68,6.94,-2.68,0,0.0,0.3369,0.3335,0.3301,0.3267,0.3233,0.3199,0.3165,0.3131,0.3097,0.3063,0.3029,0.2995,0.2961,0.2927,0.2893,0.2859,0.2825,0.2791,0.2757,0.2723,0.2689,0.2655,0.2621,0.2587,0.2553,False,False,False,False,False,False,False,False,False,False,False,False,False,False,False,False,False,False,False,False,False,False,False,False,False
NVDA,2013-11-11,0.3625612450599395,0.3679411867273233,0.3618595365729659,0.3670055568218231,297624000,2013,11,45,Monday,0.3648,0.3639647662639618,0.84,-0.39,-0.58,0.84,0.58,0,0.0,0.3603,0.3567,0.353,0.3494,0.3458,0.3421,0.3385,0.3348,0.3312,0.3276,0.3239,0.3203,0.3166,0.313,0.3094,0.3057,0.3021,0.2985,0.2948,0.2912,0.2875,0.2839,0.2803,0.2766,0.273,False,False,False,False,False,False,False,False,False,False,False,False,False,False,False,False,False,False,False,False,False,False,False,False,False
NVDA,2013-11-12,0.36864285242625,0.3707480611364915,0.3634968331639338,0.367707222700119,316032000,2013,11,45,Tuesday,0.3676,0.3670055568218231,0.19,0.45,-0.96,0.19,0.96,0,0.0,0.3633,0.3597,0.356,0.3523,0.3487,0.345,0.3413,0.3376,0.334,0.3303,0.3266,0.323,0.3193,0.3156,0.312,0.3083,0.3046,0.3009,0.2973,0.2936,0.2899,0.2863,0.2826,0.2789,0.2753,False,False,False,False,False,False,False,False,False,False,False,False,False,False,False,False,False,False,False,False,False,False,False,False,False
NVDA,2013-11-13,0.3667716130167314,0.377765417098999,0.3660699045725878,0.377765417098999,332792000,2013,11,45,Wednesday,0.3721,0.367707222700119,2.74,-0.25,-0.45,2.74,0.45,0,0.0,0.364,0.3604,0.3567,0.353,0.3493,0.3456,0.342,0.3383,0.3346,0.3309,0.3273,0.3236,0.3199,0.3162,0.3126,0.3089,0.3052,0.3015,0.2978,0.2942,0.2905,0.2868,0.2831,0.2795,0.2758,False,False,False,False,False,False,False,False,False,False,False,False,False,False,False,False,False,False,False,False,False,False,False,False,False
NVDA,2013-11-14,0.3765958986218566,0.3817419190044803,0.3763619771972495,0.3794028162956238,307980000,2013,11,45,Thursday,0.3785,0.377765417098999,0.43,-0.31,-0.37,0.43,0.37,0,0.0,0.374,0.3702,0.3664,0.3627,0.3589,0.3551,0.3513,0.3475,0.3438,0.34,0.3362,0.3324,0.3287,0.3249,0.3211,0.3173,0.3135,0.3098,0.306,0.3022,0.2984,0.2947,0.2909,0.2871,0.2833,False,False,False,False,False,False,False,False,False,False,False,False,False,False,False,False,False,False,False,False,False,False,False,False,False
NVDA,2013-11-15,0.3808062780145743,0.3812740929658976,0.3744906785766479,0.378233253955841,450332000,2013,11,45,Friday,0.3787,0.3794028162956238,-0.31,0.37,-1.29,-0.31,1.29,1,0.3756,0.3756,0.3718,0.368,0.3642,0.3604,0.3566,0.3528,0.3491,0.3453,0.3415,0.3377,0.3339,0.3301,0.3263,0.3225,0.3187,0.3149,0.3111,0.3073,0.3035,0.2997,0.2959,0.2921,0.2883,0.2846,True,False,False,False,False,False,False,False,False,False,False,False,False,False,False,False,False,False,False,False,False,False,False,False,False
NVDA,2013-11-18,0.3700463910483298,0.3733211235594694,0.3681751033772631,0.3691107332706451,316948000,2013,11,46,Monday,0.3702,0.378233253955841,-2.41,-2.16,-2.66,-2.41,2.66,2,0.7451,0.3745,0.3707,0.3669,0.3631,0.3593,0.3555,0.3518,0.348,0.3442,0.3404,0.3366,0.3328,0.3291,0.3253,0.3215,0.3177,0.3139,0.3102,0.3064,0.3026,0.2988,0.295,0.2912,0.2875,0.2837,True,True,False,False,False,False,False,False,False,False,False,False,False,False,False,False,False,False,False,False,False,False,False,False,False
NVDA,2013-11-19,0.3673468333517125,0.3706393001420677,0.3626432933453137,0.3631136417388916,206716000,2013,11,46,Tuesday,0.3659,0.3691107332706451,-1.62,-0.48,-1.75,-1.62,1.75,1,0.3654,0.3654,0.3617,0.358,0.3543,0.3507,0.347,0.3433,0.3396,0.3359,0.3322,0.3285,0.3248,0.3211,0.3174,0.3137,0.3101,0.3064,0.3027,0.299,0.2953,0.2916,0.2879,0.2842,0.2805,0.2768,True,False,False,False,False,False,False,False,False,False,False,False,False,False,False,False,False,False,False,False,False,False,False,False,False
NVDA,2013-11-20,0.3633489379460646,0.3642896631207123,0.3569991621673034,0.3577046990394592,204776000,2013,11,46,Wednesday,0.3606,0.3631136417388916,-1.49,0.06,-1.68,-1.49,1.68,1,0.3595,0.3595,0.3559,0.3522,0.3486,0.345,0.3413,0.3377,0.3341,0.3304,0.3268,0.3232,0.3195,0.3159,0.3123,0.3086,0.305,0.3014,0.2978,0.2941,0.2905,0.2869,0.2832,0.2796,0.276,0.2723,True,False,False,False,False,False,False,False,False,False,False,False,False,False,False,False,False,False,False,False,False,False,False,False,False
NVDA,2013-11-21,0.3581750293916165,0.3612323369919104,0.356528795463864,0.3605268001556396,213568000,2013,11,46,Thursday,0.3591,0.3577046990394592,0.79,0.13,-0.33,0.79,0.33,0,0.0,0.3541,0.3506,0.347,0.3434,0.3398,0.3362,0.3327,0.3291,0.3255,0.3219,0.3184,0.3148,0.3112,0.3076,0.304,0.3005,0.2969,0.2933,0.2897,0.2862,0.2826,0.279,0.2754,0.2719,0.2683,False,False,False,False,False,False,False,False,False,False,False,False,False,False,False,False,False,False,False,False,False,False,False,False,False
NVDA,2013-11-22,0.3609971335812523,0.3609971335812523,0.3562935922502107,0.3569991290569305,158668000,2013,11,46,Friday,0.3588,0.3605268001556396,-0.98,0.13,-1.17,-0.98,1.17,1,0.3569,0.3569,0.3533,0.3497,0.3461,0.3425,0.3389,0.3353,0.3317,0.3281,0.3245,0.3209,0.3173,0.3137,0.3101,0.3064,0.3028,0.2992,0.2956,0.292,0.2884,0.2848,0.2812,0.2776,0.274,0.2704,True,False,False,False,False,False,False,False,False,False,False,False,False,False,False,False,False,False,False,False,False,False,False,False,False
NVDA,2013-11-25,0.3569990452440031,0.365230240640882,0.3569990452440031,0.3647598922252655,248208000,2013,11,47,Monday,0.361,0.3569991290569305,2.17,-0.0,-0.0,2.17,0.0,0,0.0,0.3534,0.3499,0.3463,0.3427,0.3391,0.3356,0.332,0.3284,0.3249,0.3213,0.3177,0.3142,0.3106,0.307,0.3034,0.2999,0.2963,0.2927,0.2892,0.2856,0.282,0.2785,0.2749,0.2713,0.2677,False,False,False,False,False,False,False,False,False,False,False,False,False,False,False,False,False,False,False,False,False,False,False,False,False
NVDA,2013-11-26,0.3687579797219858,0.3718152871721517,0.3664062090734455,0.3678172826766968,753176000,2013,11,47,Tuesday,0.3687,0.3647598922252655,0.84,1.1,0.45,0.84,-0.45,0,0.0,0.3611,0.3575,0.3538,0.3502,0.3465,0.3429,0.3392,0.3356,0.3319,0.3283,0.3246,0.321,0.3173,0.3137,0.31,0.3064,0.3028,0.2991,0.2955,0.2918,0.2882,0.2845,0.2809,0.2772,0.2736,False,False,False,False,False,False,False,False,False,False,False,False,False,False,False,False,False,False,False,False,False,False,False,False,False
NVDA,2013-11-27,0.367582041785861,0.3704041885884307,0.3652302714739286,0.3692283034324646,181272000,2013,11,47,Wednesday,0.3681,0.3678172826766968,0.38,-0.06,-0.7,0.38,0.7,0,0.0,0.3641,0.3605,0.3568,0.3531,0.3494,0.3457,0.3421,0.3384,0.3347,0.331,0.3274,0.3237,0.32,0.3163,0.3126,0.309,0.3053,0.3016,0.2979,0.2943,0.2906,0.2869,0.2832,0.2795,0.2759,False,False,False,False,False,False,False,False,False,False,False,False,False,False,False,False,False,False,False,False,False,False,False,False,False
NVDA,2013-11-29,0.3692284011424609,0.3701690983020479,0.3645248312385631,0.3668766021728515,116964000,2013,11,47,Friday,0.3677,0.3692283034324646,-0.64,0.0,-1.27,-0.64,1.27,1,0.3655,0.3655,0.3618,0.3582,0.3545,0.3508,0.3471,0.3434,0.3397,0.336,0.3323,0.3286,0.3249,0.3212,0.3175,0.3138,0.3102,0.3065,0.3028,0.2991,0.2954,0.2917,0.288,0.2843,0.2806,0.2769,True,False,False,False,False,False,False,False,False,False,False,False,False,False,False,False,False,False,False,False,False,False,False,False,False
NVDA,2013-12-02,0.3654655726782249,0.3729912343953955,0.3647600357595134,0.370404303073883,373872000,2013,12,48,Monday,0.3684,0.3668766021728515,0.96,-0.38,-0.58,0.96,0.58,0,0.0,0.3632,0.3595,0.3559,0.3522,0.3485,0.3449,0.3412,0.3375,0.3339,0.3302,0.3265,0.3229,0.3192,0.3155,0.3118,0.3082,0.3045,0.3008,0.2972,0.2935,0.2898,0.2862,0.2825,0.2788,0.2752,False,False,False,False,False,False,False,False,False,False,False,False,False,False,False,False,False,False,False,False,False,False,False,False,False
NVDA,2013-12-03,0.3704042318137192,0.3753429332239237,0.3678172729545761,0.3701690435409546,290560000,2013,12,48,Tuesday,0.3709,0.370404303073883,-0.06,-0.0,-0.7,-0.06,0.7,0,0.0,0.3667,0.363,0.3593,0.3556,0.3519,0.3482,0.3445,0.3408,0.3371,0.3334,0.3297,0.326,0.3223,0.3185,0.3148,0.3111,0.3074,0.3037,0.3,0.2963,0.2926,0.2889,0.2852,0.2815,0.2778,False,False,False,False,False,False,False,False,False,False,False,False,False,False,False,False,False,False,False,False,False,False,False,False,False
NVDA,2013-12-04,0.3692282606356464,0.3760483825356125,0.3682875357987236,0.375342845916748,493176000,2013,12,48,Wednesday,0.3722,0.3701690435409546,1.4,-0.25,-0.51,1.4,0.51,0,0.0,0.3665,0.3628,0.3591,0.3554,0.3517,0.348,0.3443,0.3406,0.3369,0.3332,0.3295,0.3257,0.322,0.3183,0.3146,0.3109,0.3072,0.3035,0.2998,0.2961,0.2924,0.2887,0.285,0.2813,0.2776,False,False,False,False,False,False,False,False,False,False,False,False,False,False,False,False,False,False,False,False,False,False,False,False,False
NVDA,2013-12-05,0.3760484261229431,0.3760484261229431,0.3687579269418272,0.3692283034324646,271812000,2013,12,48,Thursday,0.3725,0.375342845916748,-1.63,0.19,-1.75,-1.63,1.75,1,0.3716,0.3716,0.3678,0.3641,0.3603,0.3566,0.3528,0.3491,0.3453,0.3416,0.3378,0.3341,0.3303,0.3265,0.3228,0.319,0.3153,0.3115,0.3078,0.304,0.3003,0.2965,0.2928,0.289,0.2853,0.2815,True,False,False,False,False,False,False,False,False,False,False,False,False,False,False,False,False,False,False,False,False,False,False,False,False
NVDA,2013-12-06,0.3736968247024933,0.3736968247024933,0.3628786651642347,0.3638193905353546,281000000,2013,12,48,Friday,0.3685,0.3692283034324646,-1.46,1.21,-1.72,-1.46,1.72,1,0.3655,0.3655,0.3618,0.3582,0.3545,0.3508,0.3471,0.3434,0.3397,0.336,0.3323,0.3286,0.3249,0.3212,0.3175,0.3138,0.3102,0.3065,0.3028,0.2991,0.2954,0.2917,0.288,0.2843,0.2806,0.2769,True,False,False,False,False,False,False,False,False,False,False,False,False,False,False,False,False,False,False,False,False,False,False,False,False
NVDA,2013-12-09,0.3638193145510486,0.3649951999928681,0.3569991621673034,0.3577046990394592,385220000,2013,12,49,Monday,0.3609,0.3638193905353546,-1.68,-0.0,-1.87,-1.68,1.87,1,0.3602,0.3602,0.3565,0.3529,0.3493,0.3456,0.342,0.3384,0.3347,0.3311,0.3274,0.3238,0.3202,0.3165,0.3129,0.3092,0.3056,0.302,0.2983,0.2947,0.2911,0.2874,0.2838,0.2801,0.2765,0.2729,True,False,False,False,False,False,False,False,False,False,False,False,False,False,False,False,False,False,False,False,False,False,False,False,False
NVDA,2013-12-10,0.3577046064965007,0.3675820360452974,0.3572342580485224,0.3659358024597168,524268000,2013,12,49,Tuesday,0.3621,0.3577046990394592,2.3,-0.0,-0.13,2.3,0.13,0,0.0,0.3541,0.3506,0.347,0.3434,0.3398,0.3362,0.3327,0.3291,0.3255,0.3219,0.3184,0.3148,0.3112,0.3076,0.304,0.3005,0.2969,0.2933,0.2897,0.2862,0.2826,0.279,0.2754,0.2719,0.2683,False,False,False,False,False,False,False,False,False,False,False,False,False,False,False,False,False,False,False,False,False,False,False,False,False
NVDA,2013-12-11,0.3666413232802157,0.3671116717078362,0.361702594701921,0.3624081313610077,414156000,2013,12,49,Wednesday,0.3645,0.3659358024597168,-0.96,0.19,-1.16,-0.96,1.16,1,0.3623,0.3623,0.3586,0.355,0.3513,0.3476,0.344,0.3403,0.3367,0.333,0.3293,0.3257,0.322,0.3184,0.3147,0.311,0.3074,0.3037,0.3001,0.2964,0.2927,0.2891,0.2854,0.2818,0.2781,0.2745,True,False,False,False,False,False,False,False,False,False,False,False,False,False,False,False,False,False,False,False,False,False,False,False,False
NVDA,2013-12-12,0.3612322140730162,0.3631136356510946,0.3546472525673964,0.3553527891635895,258724000,2013,12,49,Thursday,0.3586,0.3624081313610077,-1.95,-0.32,-2.14,-1.95,2.14,2,0.7139,0.3588,0.3552,0.3515,0.3479,0.3443,0.3407,0.337,0.3334,0.3298,0.3262,0.3225,0.3189,0.3153,0.3117,0.308,0.3044,0.3008,0.2972,0.2936,0.2899,0.2863,0.2827,0.2791,0.2754,0.2718,True,True,False,False,False,False,False,False,False,False,False,False,False,False,False,False,False,False,False,False,False,False,False,False,False
NVDA,2013-12-13,0.3560584651239664,0.3586453962754745,0.352765969064792,0.3532363176345825,184588000,2013,12,49,Friday,0.3552,0.3553527891635895,-0.6,0.2,-0.73,-0.6,0.73,0,0.0,0.3518,0.3482,0.3447,0.3411,0.3376,0.334,0.3305,0.3269,0.3234,0.3198,0.3163,0.3127,0.3092,0.3056,0.302,0.2985,0.2949,0.2914,0.2878,0.2843,0.2807,0.2772,0.2736,0.2701,0.2665,False,False,False,False,False,False,False,False,False,False,False,False,False,False,False,False,False,False,False,False,False,False,False,False,False
NVDA,2013-12-16,0.3534715274073086,0.35676399563115,0.3532363390904676,0.3537066876888275,237620000,2013,12,50,Monday,0.3543,0.3532363176345825,0.13,0.07,0.0,0.13,-0.0,0,0.0,0.3497,0.3462,0.3426,0.3391,0.3356,0.332,0.3285,0.325,0.3214,0.3179,0.3144,0.3108,0.3073,0.3038,0.3003,0.2967,0.2932,0.2897,0.2861,0.2826,0.2791,0.2755,0.272,0.2685,0.2649,False,False,False,False,False,False,False,False,False,False,False,False,False,False,False,False,False,False,False,False,False,False,False,False,False
NVDA,2013-12-17,0.353471367585511,0.356293485934974,0.3504140610255472,0.3553527891635895,274104000,2013,12,50,Tuesday,0.3539,0.3537066876888275,0.47,-0.07,-0.93,0.47,0.93,0,0.0,0.3502,0.3466,0.3431,0.3396,0.336,0.3325,0.3289,0.3254,0.3219,0.3183,0.3148,0.3113,0.3077,0.3042,0.3007,0.2971,0.2936,0.29,0.2865,0.283,0.2794,0.2759,0.2724,0.2688,0.2653,False,False,False,False,False,False,False,False,False,False,False,False,False,False,False,False,False,False,False,False,False,False,False,False,False
NVDA,2013-12-18,0.3560584354171046,0.3609971370408372,0.3515900542886021,0.3602916002273559,426232000,2013,12,50,Wednesday,0.3572,0.3553527891635895,1.39,0.2,-1.06,1.39,1.06,1,0.3518,0.3518,0.3482,0.3447,0.3411,0.3376,0.334,0.3305,0.3269,0.3234,0.3198,0.3163,0.3127,0.3092,0.3056,0.302,0.2985,0.2949,0.2914,0.2878,0.2843,0.2807,0.2772,0.2736,0.2701,0.2665,True,False,False,False,False,False,False,False,False,False,False,False,False,False,False,False,False,False,False,False,False,False,False,False,False
NVDA,2013-12-19,0.3598211694533229,0.3621729396038431,0.3574693993028028,0.3617025911808014,258544000,2013,12,50,Thursday,0.3603,0.3602916002273559,0.39,-0.13,-0.78,0.39,0.78,0,0.0,0.3567,0.3531,0.3495,0.3459,0.3423,0.3387,0.3351,0.3315,0.3279,0.3243,0.3207,0.3171,0.3135,0.3099,0.3062,0.3026,0.299,0.2954,0.2918,0.2882,0.2846,0.281,0.2774,0.2738,0.2702,False,False,False,False,False,False,False,False,False,False,False,False,False,False,False,False,False,False,False,False,False,False,False,False,False
NVDA,2013-12-20,0.3624081705026761,0.3692283215633709,0.3614674455105209,0.3689931333065033,382080000,2013,12,50,Friday,0.3655,0.3617025911808014,2.02,0.2,-0.07,2.02,0.07,0,0.0,0.3581,0.3545,0.3509,0.3472,0.3436,0.34,0.3364,0.3328,0.3291,0.3255,0.3219,0.3183,0.3147,0.3111,0.3074,0.3038,0.3002,0.2966,0.293,0.2894,0.2857,0.2821,0.2785,0.2749,0.2713,False,False,False,False,False,False,False,False,False,False,False,False,False,False,False,False,False,False,False,False,False,False,False,False,False
NVDA,2013-12-23,0.3711097836494446,0.3741670913737716,0.3680525039604376,0.3711097836494446,168568000,2013,12,51,Monday,0.3711,0.3689931333065033,0.57,0.57,-0.25,0.57,0.25,0,0.0,0.3653,0.3616,0.3579,0.3542,0.3505,0.3469,0.3432,0.3395,0.3358,0.3321,0.3284,0.3247,0.321,0.3173,0.3136,0.31,0.3063,0.3026,0.2989,0.2952,0.2915,0.2878,0.2841,0.2804,0.2767,False,False,False,False,False,False,False,False,False,False,False,False,False,False,False,False,False,False,False,False,False,False,False,False,False
NVDA,2013-12-24,0.3732264690279093,0.3732264690279093,0.3682877380193931,0.3720505833625793,79600000,2013,12,51,Tuesday,0.3717,0.3711097836494446,0.25,0.57,-0.76,0.25,0.76,0,0.0,0.3674,0.3637,0.36,0.3563,0.3526,0.3488,0.3451,0.3414,0.3377,0.334,0.3303,0.3266,0.3229,0.3192,0.3154,0.3117,0.308,0.3043,0.3006,0.2969,0.2932,0.2895,0.2858,0.282,0.2783,False,False,False,False,False,False,False,False,False,False,False,False,False,False,False,False,False,False,False,False,False,False,False,False,False
NVDA,2013-12-26,0.3734615524782424,0.3746374378132929,0.3675820977676719,0.3685228228569031,168920000,2013,12,51,Thursday,0.3711,0.3720505833625793,-0.95,0.38,-1.2,-0.95,1.2,1,0.3683,0.3683,0.3646,0.3609,0.3572,0.3534,0.3497,0.346,0.3423,0.3386,0.3348,0.3311,0.3274,0.3237,0.32,0.3162,0.3125,0.3088,0.3051,0.3014,0.2976,0.2939,0.2902,0.2865,0.2828,0.279,True,False,False,False,False,False,False,False,False,False,False,False,False,False,False,False,False,False,False,False,False,False,False,False,False
NVDA,2013-12-27,0.3704041937772554,0.3713448907010808,0.3682875836456775,0.3706393539905548,210976000,2013,12,51,Friday,0.3702,0.3685228228569031,0.57,0.51,-0.06,0.57,0.06,0,0.0,0.3648,0.3612,0.3575,0.3538,0.3501,0.3464,0.3427,0.339,0.3354,0.3317,0.328,0.3243,0.3206,0.3169,0.3132,0.3096,0.3059,0.3022,0.2985,0.2948,0.2911,0.2874,0.2838,0.2801,0.2764,False,False,False,False,False,False,False,False,False,False,False,False,False,False,False,False,False,False,False,False,False,False,False,False,False
NVDA,2013-12-30,0.3708745644778839,0.3758132937123923,0.3704042159877678,0.3755781054496765,248180000,2013,12,52,Monday,0.3732,0.3706393539905548,1.33,0.06,-0.06,1.33,0.06,0,0.0,0.3669,0.3632,0.3595,0.3558,0.3521,0.3484,0.3447,0.341,0.3373,0.3336,0.3299,0.3262,0.3225,0.3187,0.315,0.3113,0.3076,0.3039,0.3002,0.2965,0.2928,0.2891,0.2854,0.2817,0.278,False,False,False,False,False,False,False,False,False,False,False,False,False,False,False,False,False,False,False,False,False,False,False,False,False
NVDA,2013-12-31,0.3762837266930446,0.3786354977070063,0.373931955679083,0.3767540752887726,235776000,2013,12,52,Tuesday,0.3764,0.3755781054496765,0.31,0.19,-0.44,0.31,0.44,0,0.0,0.3718,0.3681,0.3643,0.3606,0.3568,0.353,0.3493,0.3455,0.3418,0.338,0.3343,0.3305,0.3268,0.323,0.3192,0.3155,0.3117,0.308,0.3042,0.3005,0.2967,0.293,0.2892,0.2854,0.2817,False,False,False,False,False,False,False,False,False,False,False,False,False,False,False,False,False,False,False,False,False,False,False,False,False
