Symbol,Date,Open,High,Low,Close,Volume,Year,Month,Week,Weekday,avg_daily_price,Previous_Close,Daily_Gain_Loss_Pct,Open_vs_PrevClose_Pct,Low_vs_PrevClose_Pct,Close_vs_PrevClose_Pct,mx_percent_decline,Shares_Purchased,Total_Value_Purchased,BOD99-1,BOD98-2,BOD97-3,BOD96-4,BOD95-5,BOD94-6,BOD93-7,BOD92-8,BOD91-9,BOD90-10,BOD89-11,BOD88-12,BOD87-13,BOD86-14,BOD85-15,BOD84-16,BOD83-17,BOD82-18,BOD81-19,BOD80-20,BOD79-21,BOD78-22,BOD77-23,BOD76-24,BOD75-25,BOD99-1_Executed,BOD98-2_Executed,BOD97-3_Executed,BOD96-4_Executed,BOD95-5_Executed,BOD94-6_Executed,BOD93-7_Executed,BOD92-8_Executed,BOD91-9_Executed,BOD90-10_Executed,BOD89-11_Executed,BOD88-12_Executed,BOD87-13_Executed,BOD86-14_Executed,BOD85-15_Executed,BOD84-16_Executed,BOD83-17_Executed,BOD82-18_Executed,BOD81-19_Executed,BOD80-20_Executed,BOD79-21_Executed,BOD78-22_Executed,BOD77-23_Executed,BOD76-24_Executed,BOD75-25_Executed
VGT,2024-01-02,58.85671516268595,58.87396348450997,57.6910865843251,58.070594787597656,4973600,2024,1,1,Tuesday,58.3731,59.63667678833008,-2.63,-1.31,-3.26,-2.63,3.26,3,175.3318,59.0403,58.4439,57.8476,57.2512,56.6548,56.0585,55.4621,54.8657,54.2694,53.673,53.0766,52.4803,51.8839,51.2875,50.6912,50.0948,49.4984,48.9021,48.3057,47.7093,47.113,46.5166,45.9202,45.3239,44.7275,True,True,True,False,False,False,False,False,False,False,False,False,False,False,False,False,False,False,False,False,False,False,False,False,False
VGT,2024-01-03,57.51611958151498,57.76624844118,57.23888299399288,57.29309844970703,11001600,2024,1,1,Wednesday,57.4536,58.070594787597656,-1.34,-0.95,-1.43,-1.34,1.43,1,57.4899,57.4899,56.9092,56.3285,55.7478,55.1671,54.5864,54.0057,53.4249,52.8442,52.2635,51.6828,51.1021,50.5214,49.9407,49.36,48.7793,48.1986,47.6179,47.0372,46.4565,45.8758,45.2951,44.7144,44.1337,43.5529,True,False,False,False,False,False,False,False,False,False,False,False,False,False,False,False,False,False,False,False,False,False,False,False,False
VGT,2024-01-04,56.89264835028008,57.37935034906949,56.89264835028008,56.94809341430664,4190400,2024,1,1,Thursday,57.0282,57.29309844970703,-0.6,-0.7,-0.7,-0.6,0.7,0,0.0,56.7202,56.1472,55.5743,55.0014,54.4284,53.8555,53.2826,52.7097,52.1367,51.5638,50.9909,50.4179,49.845,49.2721,48.6991,48.1262,47.5533,46.9803,46.4074,45.8345,45.2615,44.6886,44.1157,43.5428,42.9698,False,False,False,False,False,False,False,False,False,False,False,False,False,False,False,False,False,False,False,False,False,False,False,False,False
VGT,2024-01-05,56.9542543587637,57.41877831461035,56.73862589942771,56.961647033691406,3491200,2024,1,1,Friday,57.0183,56.94809341430664,0.02,0.01,-0.37,0.02,0.37,0,0.0,56.3786,55.8091,55.2397,54.6702,54.1007,53.5312,52.9617,52.3922,51.8228,51.2533,50.6838,50.1143,49.5448,48.9754,48.4059,47.8364,47.2669,46.6974,46.128,45.5585,44.989,44.4195,43.85,43.2806,42.7111,False,False,False,False,False,False,False,False,False,False,False,False,False,False,False,False,False,False,False,False,False,False,False,False,False
VGT,2024-01-08,57.23764876625927,58.43531095673181,57.19821866083143,58.41189956665039,5165600,2024,1,2,Monday,57.8208,56.961647033691406,2.55,0.48,0.42,2.55,-0.42,0,0.0,56.392,55.8224,55.2528,54.6832,54.1136,53.5439,52.9743,52.4047,51.8351,51.2655,50.6959,50.1262,49.5566,48.987,48.4174,47.8478,47.2782,46.7086,46.1389,45.5693,44.9997,44.4301,43.8605,43.2909,42.7212,False,False,False,False,False,False,False,False,False,False,False,False,False,False,False,False,False,False,False,False,False,False,False,False,False
VGT,2024-01-09,57.997901469455336,58.66573156641126,57.85127380309629,58.51540756225586,2758400,2024,1,2,Tuesday,58.2576,58.41189956665039,0.18,-0.71,-0.96,0.18,0.96,0,0.0,57.8278,57.2437,56.6595,56.0754,55.4913,54.9072,54.3231,53.7389,53.1548,52.5707,51.9866,51.4025,50.8184,50.2342,49.6501,49.066,48.4819,47.8978,47.3136,46.7295,46.1454,45.5613,44.9772,44.393,43.8089,False,False,False,False,False,False,False,False,False,False,False,False,False,False,False,False,False,False,False,False,False,False,False,False,False
VGT,2024-01-10,58.515405292541104,59.12409396114538,58.37986664482843,59.011966705322266,2900000,2024,1,2,Wednesday,58.7578,58.51540756225586,0.85,-0.0,-0.23,0.85,0.23,0,0.0,57.9303,57.3451,56.7599,56.1748,55.5896,55.0045,54.4193,53.8342,53.249,52.6639,52.0787,51.4936,50.9084,50.3233,49.7381,49.1529,48.5678,47.9826,47.3975,46.8123,46.2272,45.642,45.0569,44.4717,43.8866,False,False,False,False,False,False,False,False,False,False,False,False,False,False,False,False,False,False,False,False,False,False,False,False,False
VGT,2024-01-11,59.2818089363064,59.51961542577951,58.390957745103535,59.21896743774414,5998400,2024,1,2,Thursday,59.1028,59.011966705322266,0.35,0.46,-1.05,0.35,1.05,1,58.4218,58.4218,57.8317,57.2416,56.6515,56.0614,55.4712,54.8811,54.291,53.7009,53.1108,52.5207,51.9305,51.3404,50.7503,50.1602,49.5701,48.9799,48.3898,47.7997,47.2096,46.6195,46.0293,45.4392,44.8491,44.259,True,False,False,False,False,False,False,False,False,False,False,False,False,False,False,False,False,False,False,False,False,False,False,False,False
VGT,2024-01-12,59.342188777567785,59.567676668007614,59.10561563380079,59.35081481933594,3599200,2024,1,2,Friday,59.3416,59.21896743774414,0.22,0.21,-0.19,0.22,0.19,0,0.0,58.6268,58.0346,57.4424,56.8502,56.258,55.6658,55.0736,54.4815,53.8893,53.2971,52.7049,52.1127,51.5205,50.9283,50.3361,49.7439,49.1517,48.5596,47.9674,47.3752,46.783,46.1908,45.5986,45.0064,44.4142,False,False,False,False,False,False,False,False,False,False,False,False,False,False,False,False,False,False,False,False,False,False,False,False,False
VGT,2024-01-16,59.159831099841625,59.66501858265996,58.88629081716278,59.43830108642578,3924800,2024,1,3,Tuesday,59.2874,59.35081481933594,0.15,-0.32,-0.78,0.15,0.78,0,0.0,58.7573,58.1638,57.5703,56.9768,56.3833,55.7898,55.1963,54.6027,54.0092,53.4157,52.8222,52.2287,51.6352,51.0417,50.4482,49.8547,49.2612,48.6677,48.0742,47.4807,46.8871,46.2936,45.7001,45.1066,44.5131,False,False,False,False,False,False,False,False,False,False,False,False,False,False,False,False,False,False,False,False,False,False,False,False,False
VGT,2024-01-17,58.94419709670999,59.13764753405572,58.39095727348173,59.11300277709961,3037600,2024,1,3,Wednesday,58.8965,59.43830108642578,-0.55,-0.83,-1.76,-0.55,1.76,1,58.8439,58.8439,58.2495,57.6552,57.0608,56.4664,55.872,55.2776,54.6832,54.0889,53.4945,52.9001,52.3057,51.7113,51.1169,50.5226,49.9282,49.3338,48.7394,48.145,47.5506,46.9563,46.3619,45.7675,45.1731,44.5787,True,False,False,False,False,False,False,False,False,False,False,False,False,False,False,False,False,False,False,False,False,False,False,False,False
VGT,2024-01-18,59.87817723023886,60.28355980947541,59.58615527337604,60.26261138916016,3996800,2024,1,3,Thursday,60.0026,59.11300277709961,1.94,1.29,0.8,1.94,-0.8,0,0.0,58.5219,57.9307,57.3396,56.7485,56.1574,55.5662,54.9751,54.384,53.7928,53.2017,52.6106,52.0194,51.4283,50.8372,50.2461,49.6549,49.0638,48.4727,47.8815,47.2904,46.6993,46.1081,45.517,44.9259,44.3348,False,False,False,False,False,False,False,False,False,False,False,False,False,False,False,False,False,False,False,False,False,False,False,False,False
VGT,2024-01-19,60.64951552340344,61.58595997306012,60.500424882316224,61.57117462158203,6459200,2024,1,3,Friday,61.0768,60.26261138916016,2.17,0.64,0.39,2.17,-0.39,0,0.0,59.66,59.0574,58.4547,57.8521,57.2495,56.6469,56.0442,55.4416,54.839,54.2364,53.6337,53.0311,52.4285,51.8258,51.2232,50.6206,50.018,49.4153,48.8127,48.2101,47.6075,47.0048,46.4022,45.7996,45.197,False,False,False,False,False,False,False,False,False,False,False,False,False,False,False,False,False,False,False,False,False,False,False,False,False
VGT,2024-01-22,62.013514272237614,62.346195927329,61.78679679876633,61.97285079956055,4952800,2024,1,4,Monday,62.0298,61.57117462158203,0.65,0.72,0.35,0.65,-0.35,0,0.0,60.9555,60.3398,59.724,59.1083,58.4926,57.8769,57.2612,56.6455,56.0298,55.4141,54.7983,54.1826,53.5669,52.9512,52.3355,51.7198,51.1041,50.4884,49.8727,49.2569,48.6412,48.0255,47.4098,46.7941,46.1784,False,False,False,False,False,False,False,False,False,False,False,False,False,False,False,False,False,False,False,False,False,False,False,False,False
VGT,2024-01-23,62.08497528596617,62.27965907925602,61.75475661715309,62.23036956787109,3875200,2024,1,4,Tuesday,62.0874,61.97285079956055,0.42,0.18,-0.35,0.42,0.35,0,0.0,61.3531,60.7334,60.1137,59.4939,58.8742,58.2545,57.6348,57.015,56.3953,55.7756,55.1558,54.5361,53.9164,53.2967,52.6769,52.0572,51.4375,50.8177,50.198,49.5783,48.9586,48.3388,47.7191,47.0994,46.4796,False,False,False,False,False,False,False,False,False,False,False,False,False,False,False,False,False,False,False,False,False,False,False,False,False
VGT,2024-01-24,62.67888081425258,63.20254992939556,62.46078938352261,62.52855682373047,5020800,2024,1,4,Wednesday,62.7177,62.23036956787109,0.48,0.72,0.37,0.48,-0.37,0,0.0,61.6081,60.9858,60.3635,59.7412,59.1189,58.4965,57.8742,57.2519,56.6296,56.0073,55.385,54.7627,54.1404,53.5181,52.8958,52.2735,51.6512,51.0289,50.4066,49.7843,49.162,48.5397,47.9174,47.2951,46.6728,False,False,False,False,False,False,False,False,False,False,False,False,False,False,False,False,False,False,False,False,False,False,False,False,False
VGT,2024-01-25,63.05469576945361,63.304828419158994,62.39056199828231,62.67765426635742,3732000,2024,1,4,Thursday,62.8569,62.52855682373047,0.24,0.84,-0.22,0.24,0.22,0,0.0,61.9033,61.278,60.6527,60.0274,59.4021,58.7768,58.1516,57.5263,56.901,56.2757,55.6504,55.0251,54.3998,53.7746,53.1493,52.524,51.8987,51.2734,50.6481,50.0228,49.3976,48.7723,48.147,47.5217,46.8964,False,False,False,False,False,False,False,False,False,False,False,False,False,False,False,False,False,False,False,False,False,False,False,False,False
VGT,2024-01-26,62.36468039053355,62.607412815798206,61.94451248765451,62.02706527709961,3080800,2024,1,4,Friday,62.2359,62.67765426635742,-1.04,-0.5,-1.17,-1.04,1.17,1,62.0509,62.0509,61.4241,60.7973,60.1705,59.5438,58.917,58.2902,57.6634,57.0367,56.4099,55.7831,55.1563,54.5296,53.9028,53.276,52.6492,52.0225,51.3957,50.7689,50.1421,49.5153,48.8886,48.2618,47.635,47.0082,True,False,False,False,False,False,False,False,False,False,False,False,False,False,False,False,False,False,False,False,False,False,False,False,False
VGT,2024-01-29,62.16753539189017,62.752812650601726,62.07758616475176,62.75157928466797,3292800,2024,1,5,Monday,62.4374,62.02706527709961,1.17,0.23,0.08,1.17,-0.08,0,0.0,61.4068,60.7865,60.1663,59.546,58.9257,58.3054,57.6852,57.0649,56.4446,55.8244,55.2041,54.5838,53.9635,53.3433,52.723,52.1027,51.4825,50.8622,50.2419,49.6217,49.0014,48.3811,47.7608,47.1406,46.5203,False,False,False,False,False,False,False,False,False,False,False,False,False,False,False,False,False,False,False,False,False,False,False,False,False
VGT,2024-01-30,62.726933700714,62.83043867097338,62.019673552267214,62.14781951904297,5047200,2024,1,5,Tuesday,62.4312,62.75157928466797,-0.96,-0.04,-1.17,-0.96,1.17,1,62.1241,62.1241,61.4965,60.869,60.2415,59.614,58.9865,58.359,57.7315,57.1039,56.4764,55.8489,55.2214,54.5939,53.9664,53.3388,52.7113,52.0838,51.4563,50.8288,50.2013,49.5737,48.9462,48.3187,47.6912,47.0637,True,False,False,False,False,False,False,False,False,False,False,False,False,False,False,False,False,False,False,False,False,False,False,False,False
VGT,2024-01-31,61.622921942556815,61.8545691377825,60.85774993896485,60.85774993896485,6492000,2024,1,5,Wednesday,61.2982,62.14781951904297,-2.08,-0.84,-2.08,-2.08,2.08,2,122.4312,61.5263,60.9049,60.2834,59.6619,59.0404,58.419,57.7975,57.176,56.5545,55.933,55.3116,54.6901,54.0686,53.4471,52.8256,52.2042,51.5827,50.9612,50.3397,49.7183,49.0968,48.4753,47.8538,47.2323,46.6109,True,True,False,False,False,False,False,False,False,False,False,False,False,False,False,False,False,False,False,False,False,False,False,False,False
VGT,2024-02-01,61.16578898266298,61.73874388555537,61.05119875413693,61.64263534545898,3940000,2024,2,5,Thursday,61.3996,60.85774993896485,1.29,0.51,0.32,1.29,-0.32,0,0.0,60.2492,59.6406,59.032,58.4234,57.8149,57.2063,56.5977,55.9891,55.3806,54.772,54.1634,53.5548,52.9462,52.3377,51.7291,51.1205,50.5119,49.9034,49.2948,48.6862,48.0776,47.469,46.8605,46.2519,45.6433,False,False,False,False,False,False,False,False,False,False,False,False,False,False,False,False,False,False,False,False,False,False,False,False,False
VGT,2024-02-02,61.22739659874971,62.41889581265136,61.15223271942318,62.24393081665039,4120800,2024,2,5,Friday,61.7606,61.64263534545898,0.98,-0.67,-0.8,0.98,0.8,0,0.0,61.0262,60.4098,59.7934,59.1769,58.5605,57.9441,57.3277,56.7112,56.0948,55.4784,54.8619,54.2455,53.6291,53.0127,52.3962,51.7798,51.1634,50.547,49.9305,49.3141,48.6977,48.0813,47.4648,46.8484,46.232,False,False,False,False,False,False,False,False,False,False,False,False,False,False,False,False,False,False,False,False,False,False,False,False,False
VGT,2024-02-05,62.465715604513456,62.52116442693885,61.679595245348025,62.27349853515625,3382400,2024,2,6,Monday,62.235,62.24393081665039,0.05,0.36,-0.91,0.05,0.91,0,0.0,61.6215,60.9991,60.3766,59.7542,59.1317,58.5093,57.8869,57.2644,56.642,56.0195,55.3971,54.7747,54.1522,53.5298,52.9073,52.2849,51.6625,51.04,50.4176,49.7951,49.1727,48.5503,47.9278,47.3054,46.6829,False,False,False,False,False,False,False,False,False,False,False,False,False,False,False,False,False,False,False,False,False,False,False,False,False
VGT,2024-02-06,62.42999277578389,62.474348830616094,61.6882283810382,62.16754150390625,2948800,2024,2,6,Tuesday,62.19,62.27349853515625,-0.17,0.25,-0.94,-0.17,0.94,0,0.0,61.6508,61.028,60.4053,59.7826,59.1598,58.5371,57.9144,57.2916,56.6689,56.0461,55.4234,54.8007,54.1779,53.5552,52.9325,52.3097,51.687,51.0643,50.4415,49.8188,49.1961,48.5733,47.9506,47.3279,46.7051,False,False,False,False,False,False,False,False,False,False,False,False,False,False,False,False,False,False,False,False,False,False,False,False,False
VGT,2024-02-07,62.607419603770914,62.98446486422108,62.3166310000756,62.97090911865234,3151200,2024,2,6,Wednesday,62.7199,62.16754150390625,1.29,0.71,0.24,1.29,-0.24,0,0.0,61.5459,60.9242,60.3025,59.6808,59.0592,58.4375,57.8158,57.1941,56.5725,55.9508,55.3291,54.7074,54.0858,53.4641,52.8424,52.2207,51.5991,50.9774,50.3557,49.734,49.1124,48.4907,47.869,47.2473,46.6257,False,False,False,False,False,False,False,False,False,False,False,False,False,False,False,False,False,False,False,False,False,False,False,False,False
VGT,2024-02-08,63.05223640820284,63.45638566552617,62.970913210293176,63.29004669189453,3168800,2024,2,6,Thursday,63.1924,62.97090911865234,0.51,0.13,0.0,0.51,-0.0,0,0.0,62.3412,61.7115,61.0818,60.4521,59.8224,59.1927,58.5629,57.9332,57.3035,56.6738,56.0441,55.4144,54.7847,54.155,53.5253,52.8956,52.2659,51.6361,51.0064,50.3767,49.747,49.1173,48.4876,47.8579,47.2282,False,False,False,False,False,False,False,False,False,False,False,False,False,False,False,False,False,False,False,False,False,False,False,False,False
VGT,2024-02-09,63.6621567239251,64.32999441241154,63.55619252232182,64.2499008178711,4076000,2024,2,6,Friday,63.9496,63.29004669189453,1.52,0.59,0.42,1.52,-0.42,0,0.0,62.6571,62.0242,61.3913,60.7584,60.1255,59.4926,58.8597,58.2268,57.5939,56.961,56.3281,55.6952,55.0623,54.4294,53.7965,53.1636,52.5307,51.8978,51.2649,50.632,49.9991,49.3662,48.7333,48.1004,47.4675,False,False,False,False,False,False,False,False,False,False,False,False,False,False,False,False,False,False,False,False,False,False,False,False,False
VGT,2024-02-12,64.26219768189216,64.5197229428599,63.75085477767878,63.84942626953125,4206400,2024,2,7,Monday,64.0956,64.2499008178711,-0.62,0.02,-0.78,-0.62,0.78,0,0.0,63.6074,62.9649,62.3224,61.6799,61.0374,60.3949,59.7524,59.1099,58.4674,57.8249,57.1824,56.5399,55.8974,55.2549,54.6124,53.9699,53.3274,52.6849,52.0424,51.3999,50.7574,50.1149,49.4724,48.8299,48.1874,False,False,False,False,False,False,False,False,False,False,False,False,False,False,False,False,False,False,False,False,False,False,False,False,False
VGT,2024-02-13,62.34496913922677,63.06455169891968,62.12194799316879,62.60125732421875,7037600,2024,2,7,Tuesday,62.5332,63.84942626953125,-1.95,-2.36,-2.71,-1.95,2.71,2,125.7834,63.2109,62.5724,61.9339,61.2954,60.657,60.0185,59.38,58.7415,58.103,57.4645,56.826,56.1875,55.549,54.9105,54.272,53.6335,52.995,52.3565,51.718,51.0795,50.441,49.8026,49.1641,48.5256,47.8871,True,True,False,False,False,False,False,False,False,False,False,False,False,False,False,False,False,False,False,False,False,False,False,False,False
VGT,2024-02-14,63.14834528523697,63.482264120866,62.74419602582196,63.43790054321289,4721600,2024,2,7,Wednesday,63.2032,62.60125732421875,1.34,0.87,0.23,1.34,-0.23,0,0.0,61.9752,61.3492,60.7232,60.0972,59.4712,58.8452,58.2192,57.5932,56.9671,56.3411,55.7151,55.0891,54.4631,53.8371,53.2111,52.5851,51.959,51.333,50.707,50.081,49.455,48.829,48.203,47.577,46.9509,False,False,False,False,False,False,False,False,False,False,False,False,False,False,False,False,False,False,False,False,False,False,False,False,False
VGT,2024-02-15,63.59068349827027,63.59807617311511,62.98568744479366,63.38860702514648,2744800,2024,2,7,Thursday,63.3908,63.43790054321289,-0.08,0.24,-0.71,-0.08,0.71,0,0.0,62.8035,62.1691,61.5348,60.9004,60.266,59.6316,58.9972,58.3629,57.7285,57.0941,56.4597,55.8254,55.191,54.5566,53.9222,53.2878,52.6535,52.0191,51.3847,50.7503,50.1159,49.4816,48.8472,48.2128,47.5784,False,False,False,False,False,False,False,False,False,False,False,False,False,False,False,False,False,False,False,False,False,False,False,False,False
VGT,2024-02-16,63.48965141582276,63.60670085879105,62.63822275762353,62.71708297729492,3134400,2024,2,7,Friday,63.1129,63.38860702514648,-1.06,0.16,-1.18,-1.06,1.18,1,62.7547,62.7547,62.1208,61.4869,60.8531,60.2192,59.5853,58.9514,58.3175,57.6836,57.0497,56.4159,55.782,55.1481,54.5142,53.8803,53.2464,52.6125,51.9787,51.3448,50.7109,50.077,49.4431,48.8092,48.1753,47.5415,True,False,False,False,False,False,False,False,False,False,False,False,False,False,False,False,False,False,False,False,False,False,False,False,False
VGT,2024-02-20,62.33511085637971,62.49036456139641,61.32966563202153,61.9765510559082,4425600,2024,2,8,Tuesday,62.0329,62.71708297729492,-1.18,-0.61,-2.21,-1.18,2.21,2,123.5527,62.0899,61.4627,60.8356,60.2084,59.5812,58.9541,58.3269,57.6997,57.0725,56.4454,55.8182,55.191,54.5639,53.9367,53.3095,52.6823,52.0552,51.428,50.8008,50.1737,49.5465,48.9193,48.2922,47.665,47.0378,True,True,False,False,False,False,False,False,False,False,False,False,False,False,False,False,False,False,False,False,False,False,False,False,False
VGT,2024-02-21,61.32720278547203,61.44795608520508,60.81092630720007,61.44795608520508,5080000,2024,2,8,Wednesday,61.2585,61.9765510559082,-0.85,-1.05,-1.88,-0.85,1.88,1,61.3568,61.3568,60.737,60.1173,59.4975,58.8777,58.258,57.6382,57.0184,56.3987,55.7789,55.1591,54.5394,53.9196,53.2998,52.6801,52.0603,51.4405,50.8208,50.201,49.5812,48.9615,48.3417,47.7219,47.1022,46.4824,True,False,False,False,False,False,False,False,False,False,False,False,False,False,False,False,False,False,False,False,False,False,False,False,False
VGT,2024-02-22,63.02634620504334,63.60176399560037,62.87848519867655,63.446510314941406,5961600,2024,2,8,Thursday,63.2383,61.44795608520508,3.25,2.57,2.33,3.25,-2.33,0,0.0,60.8335,60.219,59.6045,58.99,58.3756,57.7611,57.1466,56.5321,55.9176,55.3032,54.6887,54.0742,53.4597,52.8452,52.2308,51.6163,51.0018,50.3873,49.7728,49.1584,48.5439,47.9294,47.3149,46.7004,46.086,False,False,False,False,False,False,False,False,False,False,False,False,False,False,False,False,False,False,False,False,False,False,False,False,False
VGT,2024-02-23,63.8469684588214,64.0046888842404,63.02635146185187,63.232120513916016,2765600,2024,2,8,Friday,63.5275,63.446510314941406,-0.34,0.63,-0.66,-0.34,0.66,0,0.0,62.812,62.1776,61.5431,60.9086,60.2742,59.6397,59.0053,58.3708,57.7363,57.1019,56.4674,55.8329,55.1985,54.564,53.9295,53.2951,52.6606,52.0261,51.3917,50.7572,50.1227,49.4883,48.8538,48.2193,47.5849,False,False,False,False,False,False,False,False,False,False,False,False,False,False,False,False,False,False,False,False,False,False,False,False,False
VGT,2024-02-26,63.527844812080254,63.70527653672898,63.27771218113816,63.39723587036133,2452000,2024,2,9,Monday,63.477,63.232120513916016,0.26,0.47,0.07,0.26,-0.07,0,0.0,62.5998,61.9675,61.3352,60.7028,60.0705,59.4382,58.8059,58.1736,57.5412,56.9089,56.2766,55.6443,55.0119,54.3796,53.7473,53.115,52.4827,51.8503,51.218,50.5857,49.9534,49.3211,48.6887,48.0564,47.4241,False,False,False,False,False,False,False,False,False,False,False,False,False,False,False,False,False,False,False,False,False,False,False,False,False
VGT,2024-02-27,63.60300759053712,63.60300759053712,63.04976773388025,63.48965072631836,2236800,2024,2,9,Tuesday,63.4364,63.39723587036133,0.15,0.32,-0.55,0.15,0.55,0,0.0,62.7633,62.1293,61.4953,60.8613,60.2274,59.5934,58.9594,58.3255,57.6915,57.0575,56.4235,55.7896,55.1556,54.5216,53.8877,53.2537,52.6197,51.9857,51.3518,50.7178,50.0838,49.4498,48.8159,48.1819,47.5479,False,False,False,False,False,False,False,False,False,False,False,False,False,False,False,False,False,False,False,False,False,False,False,False,False
VGT,2024-02-28,63.26662745304579,63.35780628776253,62.959816389822336,63.195159912109375,2093600,2024,2,9,Wednesday,63.1949,63.48965072631836,-0.46,-0.35,-0.83,-0.46,0.83,0,0.0,62.8548,62.2199,61.585,60.9501,60.3152,59.6803,59.0454,58.4105,57.7756,57.1407,56.5058,55.8709,55.236,54.6011,53.9662,53.3313,52.6964,52.0615,51.4266,50.7917,50.1568,49.5219,48.887,48.2521,47.6172,False,False,False,False,False,False,False,False,False,False,False,False,False,False,False,False,False,False,False,False,False,False,False,False,False
VGT,2024-02-29,63.51306711876024,63.952950145827664,63.11384004977742,63.80015563964844,8284800,2024,2,9,Thursday,63.595,63.195159912109375,0.96,0.5,-0.13,0.96,0.13,0,0.0,62.5632,61.9313,61.2993,60.6674,60.0354,59.4035,58.7715,58.1395,57.5076,56.8756,56.2437,55.6117,54.9798,54.3478,53.7159,53.0839,52.452,51.82,51.1881,50.5561,49.9242,49.2922,48.6603,48.0283,47.3964,False,False,False,False,False,False,False,False,False,False,False,False,False,False,False,False,False,False,False,False,False,False,False,False,False
VGT,2024-03-01,63.978801567260334,65.06926984299612,63.978801567260334,64.98301696777344,3828000,2024,3,9,Friday,64.5025,63.80015563964844,1.85,0.28,0.28,1.85,-0.28,0,0.0,63.1622,62.5242,61.8862,61.2481,60.6101,59.9721,59.3341,58.6961,58.0581,57.4201,56.7821,56.1441,55.5061,54.8681,54.2301,53.5921,52.9541,52.3161,51.6781,51.0401,50.4021,49.7641,49.1261,48.4881,47.8501,False,False,False,False,False,False,False,False,False,False,False,False,False,False,False,False,False,False,False,False,False,False,False,False,False
VGT,2024-03-04,65.0421745162767,65.52518020877984,64.91033219949551,65.1037826538086,3336000,2024,3,10,Monday,65.1454,64.98301696777344,0.19,0.09,-0.11,0.19,0.11,0,0.0,64.3332,63.6834,63.0335,62.3837,61.7339,61.084,60.4342,59.7844,59.1345,58.4847,57.8349,57.1851,56.5352,55.8854,55.2356,54.5857,53.9359,53.2861,52.6362,51.9864,51.3366,50.6868,50.0369,49.3871,48.7373,False,False,False,False,False,False,False,False,False,False,False,False,False,False,False,False,False,False,False,False,False,False,False,False,False
VGT,2024-03-05,64.46305360269683,64.46305360269683,63.10398206090823,63.540164947509766,4400000,2024,3,10,Tuesday,63.8926,65.1037826538086,-2.4,-0.98,-3.07,-2.4,3.07,3,191.4051,64.4527,63.8017,63.1507,62.4996,61.8486,61.1976,60.5465,59.8955,59.2444,58.5934,57.9424,57.2913,56.6403,55.9893,55.3382,54.6872,54.0361,53.3851,52.7341,52.083,51.432,50.781,50.1299,49.4789,48.8278,True,True,True,False,False,False,False,False,False,False,False,False,False,False,False,False,False,False,False,False,False,False,False,False,False
VGT,2024-03-06,64.39156931768743,64.70576918238484,63.7643954332852,64.24494171142578,3140000,2024,3,10,Wednesday,64.2767,63.540164947509766,1.11,1.34,0.35,1.11,-0.35,0,0.0,62.9048,62.2694,61.634,60.9986,60.3632,59.7278,59.0924,58.457,57.8216,57.1861,56.5507,55.9153,55.2799,54.6445,54.0091,53.3737,52.7383,52.1029,51.4675,50.8321,50.1967,49.5613,48.9259,48.2905,47.6551,False,False,False,False,False,False,False,False,False,False,False,False,False,False,False,False,False,False,False,False,False,False,False,False,False
VGT,2024-03-07,64.80066405306377,65.4598755977359,64.44087465703777,65.32433319091797,2660800,2024,3,10,Thursday,65.0064,64.24494171142578,1.68,0.87,0.3,1.68,-0.3,0,0.0,63.6025,62.96,62.3176,61.6751,61.0327,60.3902,59.7478,59.1053,58.4629,57.8204,57.178,56.5355,55.8931,55.2506,54.6082,53.9658,53.3233,52.6809,52.0384,51.396,50.7535,50.1111,49.4686,48.8262,48.1837,False,False,False,False,False,False,False,False,False,False,False,False,False,False,False,False,False,False,False,False,False,False,False,False,False
VGT,2024-03-08,65.53751786265946,66.1215619057865,64.18583117706383,64.25606536865234,4772800,2024,3,10,Friday,65.0252,65.32433319091797,-1.64,0.33,-1.74,-1.64,1.74,1,64.6711,64.6711,64.0178,63.3646,62.7114,62.0581,61.4049,60.7516,60.0984,59.4451,58.7919,58.1387,57.4854,56.8322,56.1789,55.5257,54.8724,54.2192,53.566,52.9127,52.2595,51.6062,50.953,50.2997,49.6465,48.9932,True,False,False,False,False,False,False,False,False,False,False,False,False,False,False,False,False,False,False,False,False,False,False,False,False
VGT,2024-03-11,63.88147640307995,64.23263976281716,63.5894544461134,63.98128128051758,2981600,2024,3,11,Monday,63.9212,64.25606536865234,-0.43,-0.58,-1.04,-0.43,1.04,1,63.6135,63.6135,62.9709,62.3284,61.6858,61.0433,60.4007,59.7581,59.1156,58.473,57.8305,57.1879,56.5453,55.9028,55.2602,54.6177,53.9751,53.3325,52.69,52.0474,51.4049,50.7623,50.1197,49.4772,48.8346,48.192,True,False,False,False,False,False,False,False,False,False,False,False,False,False,False,False,False,False,False,False,False,False,False,False,False
VGT,2024-03-12,64.61582907317207,65.30461120605469,63.93444713484496,65.30461120605469,3055200,2024,3,11,Tuesday,64.7899,63.98128128051758,2.07,0.99,-0.07,2.07,0.07,0,0.0,63.3415,62.7017,62.0618,61.422,60.7822,60.1424,59.5026,58.8628,58.223,57.5832,56.9433,56.3035,55.6637,55.0239,54.3841,53.7443,53.1045,52.4647,51.8248,51.185,50.5452,49.9054,49.2656,48.6258,47.986,False,False,False,False,False,False,False,False,False,False,False,False,False,False,False,False,False,False,False,False,False,False,False,False,False
VGT,2024-03-13,65.06804876081917,65.1592275956446,64.39281849978313,64.6133804321289,3281600,2024,3,11,Wednesday,64.8084,65.30461120605469,-1.06,-0.36,-1.4,-1.06,1.4,1,64.6516,64.6516,63.9985,63.3455,62.6924,62.0394,61.3863,60.7333,60.0802,59.4272,58.7742,58.1211,57.4681,56.815,56.162,55.5089,54.8559,54.2028,53.5498,52.8967,52.2437,51.5906,50.9376,50.2846,49.6315,48.9785,True,False,False,False,False,False,False,False,False,False,False,False,False,False,False,False,False,False,False,False,False,False,False,False,False
VGT,2024-03-14,64.81174461806526,65.00519502442603,63.94676417496032,64.3706283569336,3201600,2024,3,11,Thursday,64.5336,64.6133804321289,-0.38,0.31,-1.03,-0.38,1.03,1,63.9672,63.9672,63.3211,62.675,62.0288,61.3827,60.7366,60.0904,59.4443,58.7982,58.152,57.5059,56.8598,56.2136,55.5675,54.9214,54.2752,53.6291,52.983,52.3368,51.6907,51.0446,50.3984,49.7523,49.1062,48.46,True,False,False,False,False,False,False,False,False,False,False,False,False,False,False,False,False,False,False,False,False,False,False,False,False
VGT,2024-03-15,63.55126112097141,63.88887251414996,63.2986617385852,63.52538299560547,3792000,2024,3,11,Friday,63.566,64.3706283569336,-1.31,-1.27,-1.67,-1.31,1.67,1,63.7269,63.7269,63.0832,62.4395,61.7958,61.1521,60.5084,59.8647,59.221,58.5773,57.9336,57.2899,56.6462,56.0024,55.3587,54.715,54.0713,53.4276,52.7839,52.1402,51.4965,50.8528,50.2091,49.5654,48.9217,48.278,True,False,False,False,False,False,False,False,False,False,False,False,False,False,False,False,False,False,False,False,False,False,False,False,False
VGT,2024-03-18,64.15623655921792,64.54067066004293,63.72005373880731,63.82355117797852,2567200,2024,3,12,Monday,64.0601,63.52538299560547,0.47,0.99,0.31,0.47,-0.31,0,0.0,62.8901,62.2549,61.6196,60.9844,60.3491,59.7139,59.0786,58.4434,57.8081,57.1728,56.5376,55.9023,55.2671,54.6318,53.9966,53.3613,52.7261,52.0908,51.4556,50.8203,50.1851,49.5498,48.9145,48.2793,47.644,False,False,False,False,False,False,False,False,False,False,False,False,False,False,False,False,False,False,False,False,False,False,False,False,False
VGT,2024-03-19,63.425576582743375,64.19567828967324,62.991856655094885,64.0934066772461,2880800,2024,3,12,Tuesday,63.6766,63.82355117797852,0.42,-0.62,-1.3,0.42,1.3,1,63.1853,63.1853,62.5471,61.9088,61.2706,60.6324,59.9941,59.3559,58.7177,58.0794,57.4412,56.803,56.1647,55.5265,54.8883,54.25,53.6118,52.9735,52.3353,51.6971,51.0588,50.4206,49.7824,49.1441,48.5059,47.8677,True,False,False,False,False,False,False,False,False,False,False,False,False,False,False,False,False,False,False,False,False,False,False,False,False
VGT,2024-03-20,64.22771771185796,64.97440804918675,63.91967701955194,64.96208190917969,2555200,2024,3,12,Wednesday,64.521,64.0934066772461,1.36,0.21,-0.27,1.36,0.27,0,0.0,63.4525,62.8115,62.1706,61.5297,60.8887,60.2478,59.6069,58.9659,58.325,57.6841,57.0431,56.4022,55.7613,55.1203,54.4794,53.8385,53.1975,52.5566,51.9157,51.2747,50.6338,49.9929,49.3519,48.711,48.0701,False,False,False,False,False,False,False,False,False,False,False,False,False,False,False,False,False,False,False,False,False,False,False,False,False
VGT,2024-03-21,65.79257385398084,65.79257385398084,65.06312799200069,65.14445495605469,2770400,2024,3,12,Thursday,65.4482,64.96208190917969,0.28,1.28,0.16,0.28,-0.16,0,0.0,64.3125,63.6628,63.0132,62.3636,61.714,61.0644,60.4147,59.7651,59.1155,58.4659,57.8163,57.1666,56.517,55.8674,55.2178,54.5681,53.9185,53.2689,52.6193,51.9697,51.32,50.6704,50.0208,49.3712,48.7216,False,False,False,False,False,False,False,False,False,False,False,False,False,False,False,False,False,False,False,False,False,False,False,False,False
VGT,2024-03-22,65.11220381668792,65.47903357990303,64.904707274642,65.2480697631836,2290400,2024,3,12,Friday,65.186,65.14445495605469,0.16,-0.05,-0.37,0.16,0.37,0,0.0,64.493,63.8416,63.1901,62.5387,61.8872,61.2358,60.5843,59.9329,59.2815,58.63,57.9786,57.3271,56.6757,56.0242,55.3728,54.7213,54.0699,53.4185,52.767,52.1156,51.4641,50.8127,50.1612,49.5098,48.8583,False,False,False,False,False,False,False,False,False,False,False,False,False,False,False,False,False,False,False,False,False,False,False,False,False
VGT,2024-03-25,64.6576874407948,65.30364435095697,64.59593224744161,64.98499298095703,3000800,2024,3,13,Monday,64.8856,65.2480697631836,-0.4,-0.9,-1.0,-0.4,1.0,0,0.0,64.5956,63.9431,63.2906,62.6381,61.9857,61.3332,60.6807,60.0282,59.3757,58.7233,58.0708,57.4183,56.7658,56.1133,55.4609,54.8084,54.1559,53.5034,52.8509,52.1985,51.546,50.8935,50.241,49.5885,48.9361,False,False,False,False,False,False,False,False,False,False,False,False,False,False,False,False,False,False,False,False,False,False,False,False,False
VGT,2024-03-26,65.29254018952612,65.35058645952348,64.58235538382343,64.69969177246094,2565600,2024,3,13,Tuesday,64.9813,64.98499298095703,-0.44,0.47,-0.62,-0.44,0.62,0,0.0,64.3351,63.6853,63.0354,62.3856,61.7357,61.0859,60.436,59.7862,59.1363,58.4865,57.8366,57.1868,56.5369,55.8871,55.2372,54.5874,53.9375,53.2877,52.6378,51.988,51.3381,50.6883,50.0384,49.3886,48.7387,False,False,False,False,False,False,False,False,False,False,False,False,False,False,False,False,False,False,False,False,False,False,False,False,False
VGT,2024-03-27,65.1208520399374,65.1208520399374,64.28839323139619,64.85283660888672,2699200,2024,3,13,Wednesday,64.8457,64.69969177246094,0.24,0.65,-0.64,0.24,0.64,0,0.0,64.0527,63.4057,62.7587,62.1117,61.4647,60.8177,60.1707,59.5237,58.8767,58.2297,57.5827,56.9357,56.2887,55.6417,54.9947,54.3477,53.7007,53.0537,52.4068,51.7598,51.1128,50.4658,49.8188,49.1718,48.5248,False,False,False,False,False,False,False,False,False,False,False,False,False,False,False,False,False,False,False,False,False,False,False,False,False
VGT,2024-03-28,64.75032483927258,64.97881605555142,64.57617849855146,64.76144409179688,2021600,2024,3,13,Thursday,64.7667,64.85283660888672,-0.14,-0.16,-0.43,-0.14,0.43,0,0.0,64.2043,63.5558,62.9073,62.2587,61.6102,60.9617,60.3131,59.6646,59.0161,58.3676,57.719,57.0705,56.422,55.7734,55.1249,54.4764,53.8279,53.1793,52.5308,51.8823,51.2337,50.5852,49.9367,49.2882,48.6396,False,False,False,False,False,False,False,False,False,False,False,False,False,False,False,False,False,False,False,False,False,False,False,False,False
VGT,2024-04-01,64.84418522857533,65.28758326725371,64.562577946232,64.89482116699219,2817600,2024,4,14,Monday,64.8973,64.76144409179688,0.21,0.13,-0.31,0.21,0.31,0,0.0,64.1138,63.4662,62.8186,62.171,61.5234,60.8758,60.2281,59.5805,58.9329,58.2853,57.6377,56.9901,56.3425,55.6948,55.0472,54.3996,53.752,53.1044,52.4568,51.8092,51.1615,50.5139,49.8663,49.2187,48.5711,False,False,False,False,False,False,False,False,False,False,False,False,False,False,False,False,False,False,False,False,False,False,False,False,False
VGT,2024-04-02,64.06978175358073,64.2896338774053,63.55474551191915,64.16241455078125,3368000,2024,4,14,Tuesday,64.0191,64.89482116699219,-1.13,-1.27,-2.06,-1.13,2.06,2,127.8428,64.2459,63.5969,62.948,62.299,61.6501,61.0011,60.3522,59.7032,59.0543,58.4053,57.7564,57.1074,56.4585,55.8095,55.1606,54.5116,53.8627,53.2138,52.5648,51.9159,51.2669,50.618,49.969,49.3201,48.6711,True,True,False,False,False,False,False,False,False,False,False,False,False,False,False,False,False,False,False,False,False,False,False,False,False
VGT,2024-04-03,63.81534998714968,64.66262948765743,63.7733606743943,64.29457092285156,2297600,2024,4,14,Wednesday,64.1365,64.16241455078125,0.21,-0.54,-0.61,0.21,0.61,0,0.0,63.5208,62.8792,62.2375,61.5959,60.9543,60.3127,59.671,59.0294,58.3878,57.7462,57.1045,56.4629,55.8213,55.1797,54.5381,53.8964,53.2548,52.6132,51.9716,51.3299,50.6883,50.0467,49.4051,48.7634,48.1218,False,False,False,False,False,False,False,False,False,False,False,False,False,False,False,False,False,False,False,False,False,False,False,False,False
VGT,2024-04-04,65.00598800983114,65.18878097089576,63.22496656481611,63.2558479309082,3272000,2024,4,14,Thursday,64.1689,64.29457092285156,-1.62,1.11,-1.66,-1.62,1.66,1,63.6516,63.6516,63.0087,62.3657,61.7228,61.0798,60.4369,59.794,59.151,58.5081,57.8651,57.2222,56.5792,55.9363,55.2933,54.6504,54.0074,53.3645,52.7215,52.0786,51.4357,50.7927,50.1498,49.5068,48.8639,48.2209,True,False,False,False,False,False,False,False,False,False,False,False,False,False,False,False,False,False,False,False,False,False,False,False,False
VGT,2024-04-05,63.59797326122687,64.34891860640907,63.32872149298039,64.02532196044922,5892000,2024,4,14,Friday,63.8252,63.2558479309082,1.22,0.54,0.12,1.22,-0.12,0,0.0,62.6233,61.9907,61.3582,60.7256,60.0931,59.4605,58.8279,58.1954,57.5628,56.9303,56.2977,55.6651,55.0326,54.4,53.7675,53.1349,52.5024,51.8698,51.2372,50.6047,49.9721,49.3396,48.707,48.0744,47.4419,False,False,False,False,False,False,False,False,False,False,False,False,False,False,False,False,False,False,False,False,False,False,False,False,False
VGT,2024-04-08,64.13401605077686,64.24146950330632,63.72519689937196,63.93269348144531,1700000,2024,4,15,Monday,64.0083,64.02532196044922,-0.14,0.17,-0.47,-0.14,0.47,0,0.0,63.3851,62.7448,62.1046,61.4643,60.8241,60.1838,59.5435,58.9033,58.263,57.6228,56.9825,56.3423,55.702,55.0618,54.4215,53.7813,53.141,52.5008,51.8605,51.2203,50.58,49.9398,49.2995,48.6592,48.019,False,False,False,False,False,False,False,False,False,False,False,False,False,False,False,False,False,False,False,False,False,False,False,False,False
VGT,2024-04-09,64.23405483467312,64.35262753289766,63.32378378688787,64.07719421386719,2108000,2024,4,15,Tuesday,63.9969,63.93269348144531,0.23,0.47,-0.95,0.23,0.95,0,0.0,63.2934,62.654,62.0147,61.3754,60.7361,60.0967,59.4574,58.8181,58.1788,57.5394,56.9001,56.2608,55.6214,54.9821,54.3428,53.7035,53.0641,52.4248,51.7855,51.1462,50.5068,49.8675,49.2282,48.5888,47.9495,False,False,False,False,False,False,False,False,False,False,False,False,False,False,False,False,False,False,False,False,False,False,False,False,False
VGT,2024-04-10,63.24473114372302,63.68442783852256,63.17309677469439,63.49422454833984,3272000,2024,4,15,Wednesday,63.3991,64.07719421386719,-0.91,-1.3,-1.41,-0.91,1.41,1,63.4364,63.4364,62.7957,62.1549,61.5141,60.8733,60.2326,59.5918,58.951,58.3102,57.6695,57.0287,56.3879,55.7472,55.1064,54.4656,53.8248,53.1841,52.5433,51.9025,51.2618,50.621,49.9802,49.3394,48.6987,48.0579,True,False,False,False,False,False,False,False,False,False,False,False,False,False,False,False,False,False,False,False,False,False,False,False,False
VGT,2024-04-11,63.75606474186425,64.86271301018455,63.433704433622346,64.71944427490234,3924800,2024,4,15,Thursday,64.193,63.49422454833984,1.93,0.41,-0.1,1.93,0.1,0,0.0,62.8593,62.2243,61.5894,60.9545,60.3195,59.6846,59.0496,58.4147,57.7797,57.1448,56.5099,55.8749,55.24,54.605,53.9701,53.3351,52.7002,52.0653,51.4303,50.7954,50.1604,49.5255,48.8906,48.2556,47.6207,False,False,False,False,False,False,False,False,False,False,False,False,False,False,False,False,False,False,False,False,False,False,False,False,False
VGT,2024-04-12,64.05125103350653,64.29579917264898,63.42134357485654,63.568321228027344,3587200,2024,4,15,Friday,63.8342,64.71944427490234,-1.78,-1.03,-2.01,-1.78,2.01,2,127.4973,64.0722,63.4251,62.7779,62.1307,61.4835,60.8363,60.1891,59.5419,58.8947,58.2475,57.6003,56.9531,56.3059,55.6587,55.0115,54.3643,53.7171,53.0699,52.4227,51.7756,51.1284,50.4812,49.834,49.1868,48.5396,True,True,False,False,False,False,False,False,False,False,False,False,False,False,False,False,False,False,False,False,False,False,False,False,False
VGT,2024-04-15,64.0796601708413,64.10806514766445,62.223299196805776,62.359161376953125,4416800,2024,4,16,Monday,63.1925,63.568321228027344,-1.9,0.8,-2.12,-1.9,2.12,2,125.2296,62.9326,62.297,61.6613,61.0256,60.3899,59.7542,59.1185,58.4829,57.8472,57.2115,56.5758,55.9401,55.3044,54.6688,54.0331,53.3974,52.7617,52.126,51.4903,50.8547,50.219,49.5833,48.9476,48.3119,47.6762,True,True,False,False,False,False,False,False,False,False,False,False,False,False,False,False,False,False,False,False,False,False,False,False,False
VGT,2024-04-16,62.392504556134135,62.79267698466093,62.1528941153097,62.39620971679688,4464800,2024,4,16,Tuesday,62.4336,62.359161376953125,0.06,0.05,-0.33,0.06,0.33,0,0.0,61.7356,61.112,60.4884,59.8648,59.2412,58.6176,57.994,57.3704,56.7468,56.1232,55.4997,54.8761,54.2525,53.6289,53.0053,52.3817,51.7581,51.1345,50.5109,49.8873,49.2637,48.6401,48.0166,47.393,46.7694,False,False,False,False,False,False,False,False,False,False,False,False,False,False,False,False,False,False,False,False,False,False,False,False,False
VGT,2024-04-17,62.72969427530031,62.83096993126888,61.418010757116086,61.46988677978516,3184000,2024,4,16,Wednesday,62.1121,62.39620971679688,-1.48,0.53,-1.57,-1.48,1.57,1,61.7722,61.7722,61.1483,60.5243,59.9004,59.2764,58.6524,58.0285,57.4045,56.7806,56.1566,55.5326,54.9087,54.2847,53.6607,53.0368,52.4128,51.7889,51.1649,50.5409,49.917,49.293,48.669,48.0451,47.4211,46.7972,True,False,False,False,False,False,False,False,False,False,False,False,False,False,False,False,False,False,False,False,False,False,False,False,False
VGT,2024-04-18,61.48964456812756,61.71443436848026,60.79181166213644,60.88691329956055,4317600,2024,4,16,Thursday,61.2207,61.46988677978516,-0.95,0.03,-1.1,-0.95,1.1,1,60.8552,60.8552,60.2405,59.6258,59.0111,58.3964,57.7817,57.167,56.5523,55.9376,55.3229,54.7082,54.0935,53.4788,52.8641,52.2494,51.6347,51.02,50.4053,49.7906,49.1759,48.5612,47.9465,47.3318,46.7171,46.1024,True,False,False,False,False,False,False,False,False,False,False,False,False,False,False,False,False,False,False,False,False,False,False,False,False
VGT,2024-04-19,60.60654310867428,60.830096588055945,59.06883741729841,59.27262878417969,9088000,2024,4,16,Friday,59.9445,60.88691329956055,-2.65,-0.46,-2.99,-2.65,2.99,2,119.9472,60.278,59.6692,59.0603,58.4514,57.8426,57.2337,56.6248,56.016,55.4071,54.7982,54.1894,53.5805,52.9716,52.3627,51.7539,51.145,50.5361,49.9273,49.3184,48.7095,48.1007,47.4918,46.8829,46.2741,45.6652,True,True,False,False,False,False,False,False,False,False,False,False,False,False,False,False,False,False,False,False,False,False,False,False,False
VGT,2024-04-22,59.80249562754282,60.35088205693963,59.20100063542554,60.08286285400391,8456000,2024,4,17,Monday,59.8593,59.27262878417969,1.37,0.89,-0.12,1.37,0.12,0,0.0,58.6799,58.0872,57.4944,56.9017,56.309,55.7163,55.1235,54.5308,53.9381,53.3454,52.7526,52.1599,51.5672,50.9745,50.3817,49.789,49.1963,48.6036,48.0108,47.4181,46.8254,46.2327,45.6399,45.0472,44.4545,False,False,False,False,False,False,False,False,False,False,False,False,False,False,False,False,False,False,False,False,False,False,False,False,False
VGT,2024-04-23,60.350878451266965,61.21297850376533,60.254540504249626,61.06970977783203,4154400,2024,4,17,Tuesday,60.722,60.08286285400391,1.64,0.45,0.29,1.64,-0.29,0,0.0,59.482,58.8812,58.2804,57.6795,57.0787,56.4779,55.8771,55.2762,54.6754,54.0746,53.4737,52.8729,52.2721,51.6713,51.0704,50.4696,49.8688,49.2679,48.6671,48.0663,47.4655,46.8646,46.2638,45.663,45.0621,False,False,False,False,False,False,False,False,False,False,False,False,False,False,False,False,False,False,False,False,False,False,False,False,False
VGT,2024-04-24,61.60327745639439,61.80830516140482,60.87580320048613,61.16728591918945,4116000,2024,4,17,Wednesday,61.3637,61.06970977783203,0.16,0.87,-0.32,0.16,0.32,0,0.0,60.459,59.8483,59.2376,58.6269,58.0162,57.4055,56.7948,56.1841,55.5734,54.9627,54.352,53.7413,53.1306,52.52,51.9093,51.2986,50.6879,50.0772,49.4665,48.8558,48.2451,47.6344,47.0237,46.413,45.8023,False,False,False,False,False,False,False,False,False,False,False,False,False,False,False,False,False,False,False,False,False,False,False,False,False
VGT,2024-04-25,60.35582212574136,61.39701377753072,60.14955812217601,61.191986083984375,3838400,2024,4,17,Thursday,60.7736,61.16728591918945,0.04,-1.33,-1.66,0.04,1.66,1,60.5556,60.5556,59.9439,59.3323,58.7206,58.1089,57.4972,56.8856,56.2739,55.6622,55.0506,54.4389,53.8272,53.2155,52.6039,51.9922,51.3805,50.7688,50.1572,49.5455,48.9338,48.3222,47.7105,47.0988,46.4871,45.8755,True,False,False,False,False,False,False,False,False,False,False,False,False,False,False,False,False,False,False,False,False,False,False,False,False
VGT,2024-04-26,61.75519387448975,62.5987681643506,61.55634395944809,62.241825103759766,2915200,2024,4,17,Friday,62.038,61.191986083984375,1.72,0.92,0.6,1.72,-0.6,0,0.0,60.5801,59.9681,59.3562,58.7443,58.1324,57.5205,56.9085,56.2966,55.6847,55.0728,54.4609,53.8489,53.237,52.6251,52.0132,51.4013,50.7893,50.1774,49.5655,48.9536,48.3417,47.7297,47.1178,46.5059,45.894,False,False,False,False,False,False,False,False,False,False,False,False,False,False,False,False,False,False,False,False,False,False,False,False,False
VGT,2024-04-29,62.50366646863431,62.61976653455694,62.1022577087974,62.48884582519531,3152000,2024,4,18,Monday,62.4286,62.241825103759766,0.4,0.42,-0.22,0.4,0.22,0,0.0,61.6194,60.997,60.3746,59.7522,59.1297,58.5073,57.8849,57.2625,56.6401,56.0176,55.3952,54.7728,54.1504,53.528,52.9056,52.2831,51.6607,51.0383,50.4159,49.7935,49.171,48.5486,47.9262,47.3038,46.6814,False,False,False,False,False,False,False,False,False,False,False,False,False,False,False,False,False,False,False,False,False,False,False,False,False
VGT,2024-04-30,62.26159329573492,62.49626230151747,61.09689113018746,61.10430145263672,2376800,2024,4,18,Tuesday,61.7398,62.48884582519531,-2.22,-0.36,-2.23,-2.22,2.23,2,123.103,61.864,61.2391,60.6142,59.9893,59.3644,58.7395,58.1146,57.4897,56.8648,56.24,55.6151,54.9902,54.3653,53.7404,53.1155,52.4906,51.8657,51.2409,50.616,49.9911,49.3662,48.7413,48.1164,47.4915,46.8666,True,True,False,False,False,False,False,False,False,False,False,False,False,False,False,False,False,False,False,False,False,False,False,False,False
VGT,2024-05-01,60.77822439614812,61.82929896990032,60.21501734677783,60.44227600097656,3247200,2024,5,18,Wednesday,60.8162,61.10430145263672,-1.08,-0.53,-1.46,-1.08,1.46,1,60.4933,60.4933,59.8822,59.2712,58.6601,58.0491,57.438,56.827,56.216,55.6049,54.9939,54.3828,53.7718,53.1607,52.5497,51.9387,51.3276,50.7166,50.1055,49.4945,48.8834,48.2724,47.6614,47.0503,46.4393,45.8282,True,False,False,False,False,False,False,False,False,False,False,False,False,False,False,False,False,False,False,False,False,False,False,False,False
VGT,2024-05-02,61.168519204893,61.43406578328272,60.3150619778125,61.26856231689453,2541600,2024,5,18,Thursday,61.0466,60.44227600097656,1.37,1.2,-0.21,1.37,0.21,0,0.0,59.8379,59.2334,58.629,58.0246,57.4202,56.8157,56.2113,55.6069,55.0025,54.398,53.7936,53.1892,52.5848,51.9804,51.3759,50.7715,50.1671,49.5627,48.9582,48.3538,47.7494,47.145,46.5406,45.9361,45.3317,False,False,False,False,False,False,False,False,False,False,False,False,False,False,False,False,False,False,False,False,False,False,False,False,False
VGT,2024-05-03,62.591363597427545,63.12987089752849,62.58765843622393,62.923606872558594,3508000,2024,5,18,Friday,62.8081,61.26856231689453,2.7,2.16,2.15,2.7,-2.15,0,0.0,60.6559,60.0432,59.4305,58.8178,58.2051,57.5924,56.9798,56.3671,55.7544,55.1417,54.529,53.9163,53.3036,52.691,52.0783,51.4656,50.8529,50.2402,49.6275,49.0148,48.4022,47.7895,47.1768,46.5641,45.9514,False,False,False,False,False,False,False,False,False,False,False,False,False,False,False,False,False,False,False,False,False,False,False,False,False
VGT,2024-05-06,63.16815474599963,63.868456552988135,63.16198073413785,63.83387756347656,2282400,2024,5,19,Monday,63.5081,62.923606872558594,1.45,0.39,0.38,1.45,-0.38,0,0.0,62.2944,61.6651,61.0359,60.4067,59.7774,59.1482,58.519,57.8897,57.2605,56.6312,56.002,55.3728,54.7435,54.1143,53.4851,52.8558,52.2266,51.5974,50.9681,50.3389,49.7096,49.0804,48.4512,47.8219,47.1927,False,False,False,False,False,False,False,False,False,False,False,False,False,False,False,False,False,False,False,False,False,False,False,False,False
VGT,2024-05-07,63.9302137584133,63.97714831159999,63.55598118150248,63.56709289550781,1946400,2024,5,19,Tuesday,63.7576,63.83387756347656,-0.42,0.15,-0.44,-0.42,0.44,0,0.0,63.1955,62.5572,61.9189,61.2805,60.6422,60.0038,59.3655,58.7272,58.0888,57.4505,56.8122,56.1738,55.5355,54.8971,54.2588,53.6205,52.9821,52.3438,51.7054,51.0671,50.4288,49.7904,49.1521,48.5137,47.8754,False,False,False,False,False,False,False,False,False,False,False,False,False,False,False,False,False,False,False,False,False,False,False,False,False
VGT,2024-05-08,63.31637021376445,63.723953006426086,63.19532867067215,63.65972518920898,1691200,2024,5,19,Wednesday,63.4738,63.56709289550781,0.15,-0.39,-0.58,0.15,0.58,0,0.0,62.9314,62.2958,61.6601,61.0244,60.3887,59.7531,59.1174,58.4817,57.8461,57.2104,56.5747,55.939,55.3034,54.6677,54.032,53.3964,52.7607,52.125,51.4893,50.8537,50.218,49.5823,48.9467,48.311,47.6753,False,False,False,False,False,False,False,False,False,False,False,False,False,False,False,False,False,False,False,False,False,False,False,False,False
VGT,2024-05-09,63.62515324259645,63.6733241108421,63.23609244288469,63.59674072265625,3096000,2024,5,19,Thursday,63.5328,63.65972518920898,-0.1,-0.05,-0.67,-0.1,0.67,0,0.0,63.0231,62.3865,61.7499,61.1133,60.4767,59.8401,59.2035,58.5669,57.9303,57.2938,56.6572,56.0206,55.384,54.7474,54.1108,53.4742,52.8376,52.201,51.5644,50.9278,50.2912,49.6546,49.018,48.3814,47.7448,False,False,False,False,False,False,False,False,False,False,False,False,False,False,False,False,False,False,False,False,False,False,False,False,False
VGT,2024-05-10,63.9203302902463,64.24639196272766,63.597962470665685,63.76346969604492,1828800,2024,5,19,Friday,63.882,63.59674072265625,0.26,0.51,0.0,0.26,-0.0,0,0.0,62.9608,62.3248,61.6888,61.0529,60.4169,59.7809,59.145,58.509,57.873,57.2371,56.6011,55.9651,55.3292,54.6932,54.0572,53.4213,52.7853,52.1493,51.5134,50.8774,50.2414,49.6055,48.9695,48.3335,47.6976,False,False,False,False,False,False,False,False,False,False,False,False,False,False,False,False,False,False,False,False,False,False,False,False,False
VGT,2024-05-13,64.22786631638049,64.32296417703756,63.88450386238062,64.07471466064453,2197600,2024,5,20,Monday,64.1275,63.76346969604492,0.49,0.73,0.19,0.49,-0.19,0,0.0,63.1258,62.4882,61.8506,61.2129,60.5753,59.9377,59.3,58.6624,58.0248,57.3871,56.7495,56.1119,55.4742,54.8366,54.1989,53.5613,52.9237,52.286,51.6484,51.0108,50.3731,49.7355,49.0979,48.4602,47.8226,False,False,False,False,False,False,False,False,False,False,False,False,False,False,False,False,False,False,False,False,False,False,False,False,False
VGT,2024-05-14,64.04755068783092,64.78737675417224,64.04755068783092,64.73426818847656,1821600,2024,5,20,Tuesday,64.4042,64.07471466064453,1.03,-0.04,-0.04,1.03,0.04,0,0.0,63.434,62.7932,62.1525,61.5117,60.871,60.2302,59.5895,58.9487,58.308,57.6672,57.0265,56.3857,55.745,55.1043,54.4635,53.8228,53.182,52.5413,51.9005,51.2598,50.619,49.9783,49.3375,48.6968,48.056,False,False,False,False,False,False,False,False,False,False,False,False,False,False,False,False,False,False,False,False,False,False,False,False,False
VGT,2024-05-15,65.18755632444491,66.23986742583145,65.14185807600226,66.21640014648438,2849600,2024,5,20,Wednesday,65.6964,64.73426818847656,2.29,0.7,0.63,2.29,-0.63,0,0.0,64.0869,63.4396,62.7922,62.1449,61.4976,60.8502,60.2029,59.5555,58.9082,58.2608,57.6135,56.9662,56.3188,55.6715,55.0241,54.3768,53.7294,53.0821,52.4348,51.7874,51.1401,50.4927,49.8454,49.198,48.5507,False,False,False,False,False,False,False,False,False,False,False,False,False,False,False,False,False,False,False,False,False,False,False,False,False
VGT,2024-05-16,66.3213717182624,66.48070494891422,65.93601989746094,65.93601989746094,2904800,2024,5,20,Thursday,66.1685,66.21640014648438,-0.42,0.16,-0.42,-0.42,0.42,0,0.0,65.5542,64.8921,64.2299,63.5677,62.9056,62.2434,61.5813,60.9191,60.2569,59.5948,58.9326,58.2704,57.6083,56.9461,56.2839,55.6218,54.9596,54.2974,53.6353,52.9731,52.311,51.6488,50.9866,50.3245,49.6623,False,False,False,False,False,False,False,False,False,False,False,False,False,False,False,False,False,False,False,False,False,False,False,False,False
VGT,2024-05-17,66.12622445787915,66.15339312313442,65.41233083976739,65.77545166015625,2498400,2024,5,20,Friday,65.8669,65.93601989746094,-0.24,0.29,-0.79,-0.24,0.79,0,0.0,65.2767,64.6173,63.9579,63.2986,62.6392,61.9799,61.3205,60.6611,60.0018,59.3424,58.6831,58.0237,57.3643,56.705,56.0456,55.3863,54.7269,54.0675,53.4082,52.7488,52.0895,51.4301,50.7707,50.1114,49.452,False,False,False,False,False,False,False,False,False,False,False,False,False,False,False,False,False,False,False,False,False,False,False,False,False
VGT,2024-05-20,65.92737394988124,66.73389280754303,65.88537710394638,66.60914611816406,2975200,2024,5,21,Monday,66.2889,65.77545166015625,1.27,0.23,0.17,1.27,-0.17,0,0.0,65.1177,64.4599,63.8022,63.1444,62.4867,61.8289,61.1712,60.5134,59.8557,59.1979,58.5402,57.8824,57.2246,56.5669,55.9091,55.2514,54.5936,53.9359,53.2781,52.6204,51.9626,51.3049,50.6471,49.9893,49.3316,False,False,False,False,False,False,False,False,False,False,False,False,False,False,False,False,False,False,False,False,False,False,False,False,False
VGT,2024-05-21,66.3176678194747,66.74130754432555,66.16945384665956,66.6721420288086,2180000,2024,5,21,Tuesday,66.4751,66.60914611816406,0.09,-0.44,-0.66,0.09,0.66,0,0.0,65.9431,65.277,64.6109,63.9448,63.2787,62.6126,61.9465,61.2804,60.6143,59.9482,59.2821,58.616,57.95,57.2839,56.6178,55.9517,55.2856,54.6195,53.9534,53.2873,52.6212,51.9551,51.289,50.623,49.9569,False,False,False,False,False,False,False,False,False,False,False,False,False,False,False,False,False,False,False,False,False,False,False,False,False
VGT,2024-05-22,66.7993642733979,66.96610028857329,66.2719724829254,66.68820190429688,3800800,2024,5,21,Wednesday,66.6814,66.6721420288086,0.02,0.19,-0.6,0.02,0.6,0,0.0,66.0054,65.3387,64.672,64.0053,63.3385,62.6718,62.0051,61.3384,60.6716,60.0049,59.3382,58.6715,58.0048,57.338,56.6713,56.0046,55.3379,54.6712,54.0044,53.3377,52.671,52.0043,51.3375,50.6708,50.0041,False,False,False,False,False,False,False,False,False,False,False,False,False,False,False,False,False,False,False,False,False,False,False,False,False
VGT,2024-05-23,67.81831574899667,67.83931040216662,66.41029444566553,66.69313049316406,4152800,2024,5,21,Thursday,67.1903,66.68820190429688,0.01,1.69,-0.42,0.01,0.42,0,0.0,66.0213,65.3544,64.6876,64.0207,63.3538,62.6869,62.02,61.3531,60.6863,60.0194,59.3525,58.6856,58.0187,57.3519,56.685,56.0181,55.3512,54.6843,54.0174,53.3506,52.6837,52.0168,51.3499,50.683,50.0162,False,False,False,False,False,False,False,False,False,False,False,False,False,False,False,False,False,False,False,False,False,False,False,False,False
VGT,2024-05-24,66.84132969973011,67.42553123759888,66.65606417641712,67.34154510498047,2293600,2024,5,21,Friday,67.0661,66.69313049316406,0.97,0.22,-0.06,0.97,0.06,0,0.0,66.0262,65.3593,64.6923,64.0254,63.3585,62.6915,62.0246,61.3577,60.6907,60.0238,59.3569,58.69,58.023,57.3561,56.6892,56.0222,55.3553,54.6884,54.0214,53.3545,52.6876,52.0206,51.3537,50.6868,50.0198,False,False,False,False,False,False,False,False,False,False,False,False,False,False,False,False,False,False,False,False,False,False,False,False,False
VGT,2024-05-28,67.89119611234939,68.15551017892679,67.49225993063482,67.92083740234375,2983200,2024,5,22,Tuesday,67.865,67.34154510498047,0.86,0.82,0.22,0.86,-0.22,0,0.0,66.6681,65.9947,65.3213,64.6479,63.9745,63.3011,62.6276,61.9542,61.2808,60.6074,59.934,59.2606,58.5871,57.9137,57.2403,56.5669,55.8935,55.2201,54.5467,53.8732,53.1998,52.5264,51.853,51.1796,50.5062,False,False,False,False,False,False,False,False,False,False,False,False,False,False,False,False,False,False,False,False,False,False,False,False,False
VGT,2024-05-29,67.3292111305955,67.90723877929382,67.21434738679727,67.68368530273438,2500000,2024,5,22,Wednesday,67.5336,67.92083740234375,-0.35,-0.87,-1.04,-0.35,1.04,1,67.2416,67.2416,66.5624,65.8832,65.204,64.5248,63.8456,63.1664,62.4872,61.808,61.1288,60.4495,59.7703,59.0911,58.4119,57.7327,57.0535,56.3743,55.6951,55.0159,54.3367,53.6575,52.9783,52.299,51.6198,50.9406,True,False,False,False,False,False,False,False,False,False,False,False,False,False,False,False,False,False,False,False,False,False,False,False,False
VGT,2024-05-30,67.10566072887805,67.17235362038859,65.81497574705442,66.08793640136719,4374400,2024,5,22,Thursday,66.5452,67.68368530273438,-2.36,-0.85,-2.76,-2.36,2.76,2,133.3369,67.0068,66.33,65.6532,64.9763,64.2995,63.6227,62.9458,62.269,61.5922,60.9153,60.2385,59.5616,58.8848,58.208,57.5311,56.8543,56.1775,55.5006,54.8238,54.1469,53.4701,52.7933,52.1164,51.4396,50.7628,True,True,False,False,False,False,False,False,False,False,False,False,False,False,False,False,False,False,False,False,False,False,False,False,False
VGT,2024-05-31,66.33248628576212,66.33248628576212,64.55270497579117,66.0298843383789,4368000,2024,5,22,Friday,65.8119,66.08793640136719,-0.09,0.37,-2.32,-0.09,2.32,2,130.1932,65.4271,64.7662,64.1053,63.4444,62.7835,62.1227,61.4618,60.8009,60.14,59.4791,58.8183,58.1574,57.4965,56.8356,56.1747,55.5139,54.853,54.1921,53.5312,52.8703,52.2095,51.5486,50.8877,50.2268,49.566,True,True,False,False,False,False,False,False,False,False,False,False,False,False,False,False,False,False,False,False,False,False,False,False,False
VGT,2024-06-03,66.69189545305177,66.69560438287449,65.48644049133976,66.37694549560547,3090400,2024,6,23,Monday,66.3127,66.0298843383789,0.53,1.0,-0.82,0.53,0.82,0,0.0,65.3696,64.7093,64.049,63.3887,62.7284,62.0681,61.4078,60.7475,60.0872,59.4269,58.7666,58.1063,57.446,56.7857,56.1254,55.4651,54.8048,54.1445,53.4842,52.8239,52.1636,51.5033,50.843,50.1827,49.5224,False,False,False,False,False,False,False,False,False,False,False,False,False,False,False,False,False,False,False,False,False,False,False,False,False
VGT,2024-06-04,66.32506894333758,66.53627439069521,65.9285979402723,66.4177017211914,2493600,2024,6,23,Tuesday,66.3019,66.37694549560547,0.06,-0.08,-0.68,0.06,0.68,0,0.0,65.7132,65.0494,64.3856,63.7219,63.0581,62.3943,61.7306,61.0668,60.403,59.7393,59.0755,58.4117,57.7479,57.0842,56.4204,55.7566,55.0929,54.4291,53.7653,53.1016,52.4378,51.774,51.1102,50.4465,49.7827,False,False,False,False,False,False,False,False,False,False,False,False,False,False,False,False,False,False,False,False,False,False,False,False,False
VGT,2024-06-05,67.06491671625324,68.16539869740686,66.92164795673614,68.10981750488281,3935200,2024,6,23,Wednesday,67.5654,66.4177017211914,2.55,0.97,0.76,2.55,-0.76,0,0.0,65.7535,65.0893,64.4252,63.761,63.0968,62.4326,61.7685,61.1043,60.4401,59.7759,59.1118,58.4476,57.7834,57.1192,56.455,55.7909,55.1267,54.4625,53.7983,53.1342,52.47,51.8058,51.1416,50.4775,49.8133,False,False,False,False,False,False,False,False,False,False,False,False,False,False,False,False,False,False,False,False,False,False,False,False,False
VGT,2024-06-06,68.30370229103838,68.42226741304174,67.67750385579845,67.9171142578125,3062400,2024,6,23,Thursday,68.0801,68.10981750488281,-0.28,0.28,-0.63,-0.28,0.63,0,0.0,67.4287,66.7476,66.0665,65.3854,64.7043,64.0232,63.3421,62.661,61.9799,61.2988,60.6177,59.9366,59.2555,58.5744,57.8933,57.2122,56.5311,55.8501,55.169,54.4879,53.8068,53.1257,52.4446,51.7635,51.0824,False,False,False,False,False,False,False,False,False,False,False,False,False,False,False,False,False,False,False,False,False,False,False,False,False
VGT,2024-06-07,67.80720485168739,68.13944810596057,67.52559754093866,67.91218566894531,2336800,2024,6,23,Friday,67.8461,67.9171142578125,-0.01,-0.16,-0.58,-0.01,0.58,0,0.0,67.2379,66.5588,65.8796,65.2004,64.5213,63.8421,63.1629,62.4837,61.8046,61.1254,60.4462,59.7671,59.0879,58.4087,57.7295,57.0504,56.3712,55.692,55.0129,54.3337,53.6545,52.9753,52.2962,51.617,50.9378,False,False,False,False,False,False,False,False,False,False,False,False,False,False,False,False,False,False,False,False,False,False,False,False,False
VGT,2024-06-10,67.62565555496755,68.34695209741362,67.56019142195818,68.14686584472656,2583200,2024,6,24,Monday,67.9199,67.91218566894531,0.35,-0.42,-0.52,0.35,0.52,0,0.0,67.2331,66.5539,65.8748,65.1957,64.5166,63.8375,63.1583,62.4792,61.8001,61.121,60.4418,59.7627,59.0836,58.4045,57.7254,57.0462,56.3671,55.688,55.0089,54.3297,53.6506,52.9715,52.2924,51.6133,50.9341,False,False,False,False,False,False,False,False,False,False,False,False,False,False,False,False,False,False,False,False,False,False,False,False,False
VGT,2024-06-11,68.00975750169604,69.10282135009766,67.90847808540565,69.10282135009766,3842400,2024,6,24,Tuesday,68.531,68.14686584472656,1.4,-0.2,-0.35,1.4,0.35,0,0.0,67.4654,66.7839,66.1025,65.421,64.7395,64.0581,63.3766,62.6951,62.0136,61.3322,60.6507,59.9692,59.2878,58.6063,57.9248,57.2434,56.5619,55.8804,55.199,54.5175,53.836,53.1546,52.4731,51.7916,51.1101,False,False,False,False,False,False,False,False,False,False,False,False,False,False,False,False,False,False,False,False,False,False,False,False,False
VGT,2024-06-12,69.93035625619373,71.308729054091,69.85378040844815,70.58866882324219,3524800,2024,6,24,Wednesday,70.4204,69.10282135009766,2.15,1.2,1.09,2.15,-1.09,0,0.0,68.4118,67.7208,67.0297,66.3387,65.6477,64.9567,64.2656,63.5746,62.8836,62.1925,61.5015,60.8105,60.1195,59.4284,58.7374,58.0464,57.3553,56.6643,55.9733,55.2823,54.5912,53.9002,53.2092,52.5181,51.8271,False,False,False,False,False,False,False,False,False,False,False,False,False,False,False,False,False,False,False,False,False,False,False,False,False
VGT,2024-06-13,71.5112812138476,71.65455749122802,70.80974308645102,71.28649139404297,3267200,2024,6,24,Thursday,71.3155,70.58866882324219,0.99,1.31,0.31,0.99,-0.31,0,0.0,69.8828,69.1769,68.471,67.7651,67.0592,66.3533,65.6475,64.9416,64.2357,63.5298,62.8239,62.118,61.4121,60.7063,60.0004,59.2945,58.5886,57.8827,57.1768,56.4709,55.765,55.0592,54.3533,53.6474,52.9415,False,False,False,False,False,False,False,False,False,False,False,False,False,False,False,False,False,False,False,False,False,False,False,False,False
VGT,2024-06-14,71.19634145596012,71.6051606138984,71.02960541688138,71.56316375732422,3114400,2024,6,24,Friday,71.3486,71.28649139404297,0.39,-0.13,-0.36,0.39,0.36,0,0.0,70.5736,69.8608,69.1479,68.435,67.7222,67.0093,66.2964,65.5836,64.8707,64.1578,63.445,62.7321,62.0192,61.3064,60.5935,59.8807,59.1678,58.4549,57.7421,57.0292,56.3163,55.6035,54.8906,54.1777,53.4649,False,False,False,False,False,False,False,False,False,False,False,False,False,False,False,False,False,False,False,False,False,False,False,False,False
VGT,2024-06-17,71.74718864846716,72.70685925370135,71.4408777547531,72.43513488769531,3341600,2024,6,25,Monday,72.0825,71.56316375732422,1.22,0.26,-0.17,1.22,0.17,0,0.0,70.8475,70.1319,69.4163,68.7006,67.985,67.2694,66.5537,65.8381,65.1225,64.4068,63.6912,62.9756,62.26,61.5443,60.8287,60.1131,59.3974,58.6818,57.9662,57.2505,56.5349,55.8193,55.1036,54.388,53.6724,False,False,False,False,False,False,False,False,False,False,False,False,False,False,False,False,False,False,False,False,False,False,False,False,False
VGT,2024-06-18,72.50184167842357,72.8933675387189,72.33880704452854,72.72539520263672,3729600,2024,6,25,Tuesday,72.6149,72.43513488769531,0.4,0.09,-0.13,0.4,0.13,0,0.0,71.7108,70.9864,70.2621,69.5377,68.8134,68.089,67.3647,66.6403,65.916,65.1916,64.4673,63.7429,63.0186,62.2942,61.5699,60.8455,60.1212,59.3968,58.6725,57.9481,57.2238,56.4994,55.7751,55.0507,54.3264,False,False,False,False,False,False,False,False,False,False,False,False,False,False,False,False,False,False,False,False,False,False,False,False,False
VGT,2024-06-20,73.21695152061558,73.25400312680125,71.41493930376255,71.72865295410156,4934400,2024,6,25,Thursday,72.4036,72.72539520263672,-1.37,0.68,-1.8,-1.37,1.8,1,71.9981,71.9981,71.2709,70.5436,69.8164,69.0891,68.3619,67.6346,66.9074,66.1801,65.4529,64.7256,63.9983,63.2711,62.5438,61.8166,61.0893,60.3621,59.6348,58.9076,58.1803,57.4531,56.7258,55.9986,55.2713,54.544,True,False,False,False,False,False,False,False,False,False,False,False,False,False,False,False,False,False,False,False,False,False,False,False,False
VGT,2024-06-21,71.51991478153153,71.9015651429924,70.86160239653354,71.35688018798828,3844800,2024,6,25,Friday,71.41,71.72865295410156,-0.52,-0.29,-1.21,-0.52,1.21,1,71.0114,71.0114,70.2941,69.5768,68.8595,68.1422,67.4249,66.7076,65.9904,65.2731,64.5558,63.8385,63.1212,62.4039,61.6866,60.9694,60.2521,59.5348,58.8175,58.1002,57.3829,56.6656,55.9483,55.2311,54.5138,53.7965,True,False,False,False,False,False,False,False,False,False,False,False,False,False,False,False,False,False,False,False,False,False,False,False,False
VGT,2024-06-24,70.96165606988811,71.14074764134982,70.02298013036423,70.04768371582031,4210400,2024,6,26,Monday,70.5433,71.35688018798828,-1.83,-0.55,-1.87,-1.83,1.87,1,70.6433,70.6433,69.9297,69.2162,68.5026,67.789,67.0755,66.3619,65.6483,64.9348,64.2212,63.5076,62.7941,62.0805,61.3669,60.6533,59.9398,59.2262,58.5126,57.7991,57.0855,56.3719,55.6584,54.9448,54.2312,53.5177,True,False,False,False,False,False,False,False,False,False,False,False,False,False,False,False,False,False,False,False,False,False,False,False,False
VGT,2024-06-25,70.44044886675213,71.06911255116573,70.20701241267209,71.05059051513672,2475200,2024,6,26,Tuesday,70.6918,70.04768371582031,1.43,0.56,0.23,1.43,-0.23,0,0.0,69.3472,68.6467,67.9463,67.2458,66.5453,65.8448,65.1443,64.4439,63.7434,63.0429,62.3424,61.642,60.9415,60.241,59.5405,58.8401,58.1396,57.4391,56.7386,56.0381,55.3377,54.6372,53.9367,53.2362,52.5358,False,False,False,False,False,False,False,False,False,False,False,False,False,False,False,False,False,False,False,False,False,False,False,False,False
VGT,2024-06-26,71.03700256740278,71.38283014559066,70.75045756305401,71.19261932373047,4517600,2024,6,26,Wednesday,71.0907,71.05059051513672,0.2,-0.02,-0.42,0.2,0.42,0,0.0,70.3401,69.6296,68.9191,68.2086,67.4981,66.7876,66.077,65.3665,64.656,63.9455,63.235,62.5245,61.814,61.1035,60.393,59.6825,58.972,58.2615,57.551,56.8405,56.13,55.4195,54.709,53.9984,53.2879,False,False,False,False,False,False,False,False,False,False,False,False,False,False,False,False,False,False,False,False,False,False,False,False,False
VGT,2024-06-27,71.17284985112138,71.6026635212076,71.09503771588514,71.33464813232422,3978400,2024,6,26,Thursday,71.3013,71.19261932373047,0.2,-0.03,-0.14,0.2,0.14,0,0.0,70.4807,69.7688,69.0568,68.3449,67.633,66.9211,66.2091,65.4972,64.7853,64.0734,63.3614,62.6495,61.9376,61.2257,60.5137,59.8018,59.0899,58.3779,57.666,56.9541,56.2422,55.5302,54.8183,54.1064,53.3945,False,False,False,False,False,False,False,False,False,False,False,False,False,False,False,False,False,False,False,False,False,False,False,False,False
VGT,2024-06-28,71.76777647924261,72.48631967224861,71.2359815985242,71.30895233154297,3043200,2024,6,26,Friday,71.6998,71.33464813232422,-0.04,0.61,-0.14,-0.04,0.14,0,0.0,70.6213,69.908,69.1946,68.4813,67.7679,67.0546,66.3412,65.6279,64.9145,64.2012,63.4878,62.7745,62.0611,61.3478,60.6345,59.9211,59.2078,58.4944,57.7811,57.0677,56.3544,55.641,54.9277,54.2143,53.501,False,False,False,False,False,False,False,False,False,False,False,False,False,False,False,False,False,False,False,False,False,False,False,False,False
VGT,2024-07-01,71.48702762004974,72.11281549765982,70.60770291948796,72.00892639160156,4725600,2024,7,27,Monday,71.5541,71.30895233154297,0.98,0.25,-0.98,0.98,0.98,0,0.0,70.5959,69.8828,69.1697,68.4566,67.7435,67.0304,66.3173,65.6042,64.8911,64.1781,63.465,62.7519,62.0388,61.3257,60.6126,59.8995,59.1864,58.4733,57.7603,57.0472,56.3341,55.621,54.9079,54.1948,53.4817,False,False,False,False,False,False,False,False,False,False,False,False,False,False,False,False,False,False,False,False,False,False,False,False,False
VGT,2024-07-02,71.59832052818923,72.48753356933594,71.54637975573289,72.48753356933594,2933600,2024,7,27,Tuesday,72.0299,72.00892639160156,0.66,-0.57,-0.64,0.66,0.64,0,0.0,71.2888,70.5687,69.8487,69.1286,68.4085,67.6884,66.9683,66.2482,65.5281,64.808,64.0879,63.3679,62.6478,61.9277,61.2076,60.4875,59.7674,59.0473,58.3272,57.6071,56.8871,56.167,55.4469,54.7268,54.0067,False,False,False,False,False,False,False,False,False,False,False,False,False,False,False,False,False,False,False,False,False,False,False,False,False
VGT,2024-07-03,72.42323635591347,73.33966169603397,72.40468985029862,73.32482147216797,3024000,2024,7,27,Wednesday,72.8731,72.48753356933594,1.16,-0.09,-0.11,1.16,0.11,0,0.0,71.7627,71.0378,70.3129,69.588,68.8632,68.1383,67.4134,66.6885,65.9637,65.2388,64.5139,63.789,63.0642,62.3393,61.6144,60.8895,60.1647,59.4398,58.7149,57.99,57.2652,56.5403,55.8154,55.0905,54.3657,False,False,False,False,False,False,False,False,False,False,False,False,False,False,False,False,False,False,False,False,False,False,False,False,False
VGT,2024-07-05,73.39407111502581,73.88752738090557,73.21102912470398,73.69830322265625,4101600,2024,7,27,Friday,73.5477,73.32482147216797,0.51,0.09,-0.16,0.51,0.16,0,0.0,72.5916,71.8583,71.1251,70.3918,69.6586,68.9253,68.1921,67.4588,66.7256,65.9923,65.2591,64.5258,63.7926,63.0593,62.3261,61.5929,60.8596,60.1264,59.3931,58.6599,57.9266,57.1934,56.4601,55.7269,54.9936,False,False,False,False,False,False,False,False,False,False,False,False,False,False,False,False,False,False,False,False,False,False,False,False,False
VGT,2024-07-08,73.95431173253837,74.26844740058148,73.77127728235794,74.19300079345703,3916800,2024,7,28,Monday,74.0468,73.69830322265625,0.67,0.35,0.1,0.67,-0.1,0,0.0,72.9613,72.2243,71.4874,70.7504,70.0134,69.2764,68.5394,67.8024,67.0655,66.3285,65.5915,64.8545,64.1175,63.3805,62.6436,61.9066,61.1696,60.4326,59.6956,58.9586,58.2217,57.4847,56.7477,56.0107,55.2737,False,False,False,False,False,False,False,False,False,False,False,False,False,False,False,False,False,False,False,False,False,False,False,False,False
VGT,2024-07-09,74.48734803800627,74.58134115426202,73.67604976125949,74.03470611572266,3110400,2024,7,28,Tuesday,74.1949,74.19300079345703,-0.21,0.4,-0.7,-0.21,0.7,0,0.0,73.4511,72.7091,71.9672,71.2253,70.4834,69.7414,68.9995,68.2576,67.5156,66.7737,66.0318,65.2898,64.5479,63.806,63.0641,62.3221,61.5802,60.8383,60.0963,59.3544,58.6125,57.8705,57.1286,56.3867,55.6448,False,False,False,False,False,False,False,False,False,False,False,False,False,False,False,False,False,False,False,False,False,False,False,False,False
VGT,2024-07-10,74.47373904201855,75.08592463743028,74.19547354850728,75.0512924194336,3171200,2024,7,28,Wednesday,74.7016,74.03470611572266,1.37,0.59,0.22,1.37,-0.22,0,0.0,73.2944,72.554,71.8137,71.0733,70.333,69.5926,68.8523,68.1119,67.3716,66.6312,65.8909,65.1505,64.4102,63.6698,62.9295,62.1892,61.4488,60.7085,59.9681,59.2278,58.4874,57.7471,57.0067,56.2664,55.526,False,False,False,False,False,False,False,False,False,False,False,False,False,False,False,False,False,False,False,False,False,False,False,False,False
VGT,2024-07-11,75.26030551057784,75.26030551057784,73.28152854990437,73.60555267333984,5791200,2024,7,28,Thursday,74.3519,75.0512924194336,-1.93,0.28,-2.36,-1.93,2.36,2,147.851,74.3008,73.5503,72.7998,72.0492,71.2987,70.5482,69.7977,69.0472,68.2967,67.5462,66.7957,66.0451,65.2946,64.5441,63.7936,63.0431,62.2926,61.5421,60.7915,60.041,59.2905,58.54,57.7895,57.039,56.2885,True,True,False,False,False,False,False,False,False,False,False,False,False,False,False,False,False,False,False,False,False,False,False,False,False
VGT,2024-07-12,73.77746214584424,74.94865470705079,73.58576963379618,74.29071044921875,5523200,2024,7,28,Friday,74.1506,73.60555267333984,0.93,0.23,-0.03,0.93,0.03,0,0.0,72.8695,72.1334,71.3974,70.6613,69.9253,69.1892,68.4532,67.7171,66.9811,66.245,65.5089,64.7729,64.0368,63.3008,62.5647,61.8287,61.0926,60.3566,59.6205,58.8844,58.1484,57.4123,56.6763,55.9402,55.2042,False,False,False,False,False,False,False,False,False,False,False,False,False,False,False,False,False,False,False,False,False,False,False,False,False
VGT,2024-07-15,74.8843381229522,75.33574962151486,74.3018329570283,74.67162322998047,4791200,2024,7,29,Monday,74.7984,74.29071044921875,0.51,0.8,0.01,0.51,-0.01,0,0.0,73.5478,72.8049,72.062,71.3191,70.5762,69.8333,69.0904,68.3475,67.6045,66.8616,66.1187,65.3758,64.6329,63.89,63.1471,62.4042,61.6613,60.9184,60.1755,59.4326,58.6897,57.9468,57.2038,56.4609,55.718,False,False,False,False,False,False,False,False,False,False,False,False,False,False,False,False,False,False,False,False,False,False,False,False,False
VGT,2024-07-16,74.9164937990423,74.99317079918,74.11509157905611,74.76190185546875,3372800,2024,7,29,Tuesday,74.6967,74.67162322998047,0.12,0.33,-0.75,0.12,0.75,0,0.0,73.9249,73.1782,72.4315,71.6848,70.938,70.1913,69.4446,68.6979,67.9512,67.2045,66.4577,65.711,64.9643,64.2176,63.4709,62.7242,61.9774,61.2307,60.484,59.7373,58.9906,58.2439,57.4971,56.7504,56.0037,False,False,False,False,False,False,False,False,False,False,False,False,False,False,False,False,False,False,False,False,False,False,False,False,False
VGT,2024-07-17,73.09107346015396,73.22216713092006,71.97306720283626,72.06829071044922,6105600,2024,7,29,Wednesday,72.5886,74.76190185546875,-3.6,-2.23,-3.73,-3.6,3.73,3,219.8,74.0143,73.2667,72.519,71.7714,71.0238,70.2762,69.5286,68.7809,68.0333,67.2857,66.5381,65.7905,65.0429,64.2952,63.5476,62.8,62.0524,61.3048,60.5571,59.8095,59.0619,58.3143,57.5667,56.819,56.0714,True,True,True,False,False,False,False,False,False,False,False,False,False,False,False,False,False,False,False,False,False,False,False,False,False
VGT,2024-07-18,72.63719525016025,72.70645214291152,70.97626021906389,71.69356536865234,9515200,2024,7,29,Thursday,72.0034,72.06829071044922,-0.52,0.79,-1.52,-0.52,1.52,1,71.3476,71.3476,70.6269,69.9062,69.1856,68.4649,67.7442,67.0235,66.3028,65.5821,64.8615,64.1408,63.4201,62.6994,61.9787,61.258,60.5374,59.8167,59.096,58.3753,57.6546,56.9339,56.2133,55.4926,54.7719,54.0512,True,False,False,False,False,False,False,False,False,False,False,False,False,False,False,False,False,False,False,False,False,False,False,False,False
VGT,2024-07-19,71.49691222898683,71.82465014692242,70.68932789469746,70.84268188476562,3268800,2024,7,29,Friday,71.2134,71.69356536865234,-1.19,-0.27,-1.4,-1.19,1.4,1,70.9766,70.9766,70.2597,69.5428,68.8258,68.1089,67.392,66.675,65.9581,65.2411,64.5242,63.8073,63.0903,62.3734,61.6565,60.9395,60.2226,59.5057,58.7887,58.0718,57.3549,56.6379,55.921,55.204,54.4871,53.7702,True,False,False,False,False,False,False,False,False,False,False,False,False,False,False,False,False,False,False,False,False,False,False,False,False
VGT,2024-07-22,71.69726843468887,72.28966960083007,71.30151909296548,72.25379943847656,3532800,2024,7,30,Monday,71.8856,70.84268188476562,1.99,1.21,0.65,1.99,-0.65,0,0.0,70.1343,69.4258,68.7174,68.009,67.3005,66.5921,65.8837,65.1753,64.4668,63.7584,63.05,62.3416,61.6331,60.9247,60.2163,59.5079,58.7994,58.091,57.3826,56.6741,55.9657,55.2573,54.5489,53.8404,53.132,False,False,False,False,False,False,False,False,False,False,False,False,False,False,False,False,False,False,False,False,False,False,False,False,False
VGT,2024-07-23,72.03738015868417,72.70398252667955,71.89020830534021,72.12024688720703,3251200,2024,7,30,Tuesday,72.188,72.25379943847656,-0.18,-0.3,-0.5,-0.18,0.5,0,0.0,71.5313,70.8087,70.0862,69.3636,68.6411,67.9186,67.196,66.4735,65.751,65.0284,64.3059,63.5833,62.8608,62.1383,61.4157,60.6932,59.9707,59.2481,58.5256,57.803,57.0805,56.358,55.6354,54.9129,54.1903,False,False,False,False,False,False,False,False,False,False,False,False,False,False,False,False,False,False,False,False,False,False,False,False,False
VGT,2024-07-24,71.29656410183291,71.48331237131372,69.07662235500919,69.28934478759766,5790400,2024,7,30,Wednesday,70.2865,72.12024688720703,-3.93,-1.14,-4.22,-3.93,4.22,4,281.269,71.399,70.6778,69.9566,69.2354,68.5142,67.793,67.0718,66.3506,65.6294,64.9082,64.187,63.4658,62.7446,62.0234,61.3022,60.581,59.8598,59.1386,58.4174,57.6962,56.975,56.2538,55.5326,54.8114,54.0902,True,True,True,True,False,False,False,False,False,False,False,False,False,False,False,False,False,False,False,False,False,False,False,False,False
VGT,2024-07-25,69.19659541292339,70.27502524299817,67.6815942887015,68.63758850097656,5316000,2024,7,30,Thursday,68.9477,69.28934478759766,-0.94,-0.13,-2.32,-0.94,2.32,2,136.5,68.5965,67.9036,67.2107,66.5178,65.8249,65.132,64.4391,63.7462,63.0533,62.3604,61.6675,60.9746,60.2817,59.5888,58.8959,58.203,57.5102,56.8173,56.1244,55.4315,54.7386,54.0457,53.3528,52.6599,51.967,True,True,False,False,False,False,False,False,False,False,False,False,False,False,False,False,False,False,False,False,False,False,False,False,False
VGT,2024-07-26,69.63190776503245,69.98931851219372,69.05187863616767,69.45010375976562,3784000,2024,7,30,Friday,69.5308,68.63758850097656,1.18,1.45,0.6,1.18,-0.6,0,0.0,67.9512,67.2648,66.5785,65.8921,65.2057,64.5193,63.833,63.1466,62.4602,61.7738,61.0875,60.4011,59.7147,59.0283,58.342,57.6556,56.9692,56.2828,55.5964,54.9101,54.2237,53.5373,52.8509,52.1646,51.4782,False,False,False,False,False,False,False,False,False,False,False,False,False,False,False,False,False,False,False,False,False,False,False,False,False
VGT,2024-07-29,69.99428649497258,70.24781576792746,68.99994630180858,69.1941146850586,3352800,2024,7,31,Monday,69.609,69.45010375976562,-0.37,0.78,-0.65,-0.37,0.65,0,0.0,68.7556,68.0611,67.3666,66.6721,65.9776,65.2831,64.5886,63.8941,63.1996,62.5051,61.8106,61.1161,60.4216,59.7271,59.0326,58.3381,57.6436,56.9491,56.2546,55.5601,54.8656,54.1711,53.4766,52.7821,52.0876,False,False,False,False,False,False,False,False,False,False,False,False,False,False,False,False,False,False,False,False,False,False,False,False,False
VGT,2024-07-30,69.46618376087163,69.60099122676412,67.30437292197335,67.8732681274414,3631200,2024,7,31,Tuesday,68.5612,69.1941146850586,-1.91,0.39,-2.73,-1.91,2.73,2,136.3124,68.5022,67.8102,67.1183,66.4264,65.7344,65.0425,64.3505,63.6586,62.9666,62.2747,61.5828,60.8908,60.1989,59.5069,58.815,58.1231,57.4311,56.7392,56.0472,55.3553,54.6634,53.9714,53.2795,52.5875,51.8956,True,True,False,False,False,False,False,False,False,False,False,False,False,False,False,False,False,False,False,False,False,False,False,False,False
VGT,2024-07-31,69.70490440968797,70.59906200137054,69.25844458563805,70.24783325195312,3399200,2024,7,31,Wednesday,69.9526,67.8732681274414,3.5,2.7,2.04,3.5,-2.04,0,0.0,67.1945,66.5158,65.8371,65.1583,64.4796,63.8009,63.1221,62.4434,61.7647,61.0859,60.4072,59.7285,59.0497,58.371,57.6923,57.0135,56.3348,55.6561,54.9773,54.2986,53.6199,52.9411,52.2624,51.5837,50.905,False,False,False,False,False,False,False,False,False,False,False,False,False,False,False,False,False,False,False,False,False,False,False,False,False
VGT,2024-08-01,70.17484456191296,70.79321232014738,67.15102471445975,67.70879364013672,5325600,2024,8,31,Thursday,68.957,70.24783325195312,-3.61,-0.1,-4.41,-3.61,4.41,4,273.9665,69.5454,68.8429,68.1404,67.4379,66.7354,66.033,65.3305,64.628,63.9255,63.223,62.5206,61.8181,61.1156,60.4131,59.7107,59.0082,58.3057,57.6032,56.9007,56.1983,55.4958,54.7933,54.0908,53.3884,52.6859,True,True,True,True,False,False,False,False,False,False,False,False,False,False,False,False,False,False,False,False,False,False,False,False,False
VGT,2024-08-02,66.16040635177409,66.66252067290274,65.20688054472207,66.04785919189453,6441600,2024,8,31,Friday,66.0194,67.70879364013672,-2.45,-2.29,-3.7,-2.45,3.7,3,199.0639,67.0317,66.3546,65.6775,65.0004,64.3234,63.6463,62.9692,62.2921,61.615,60.9379,60.2608,59.5837,58.9067,58.2296,57.5525,56.8754,56.1983,55.5212,54.8441,54.167,53.4899,52.8129,52.1358,51.4587,50.7816,True,True,True,False,False,False,False,False,False,False,False,False,False,False,False,False,False,False,False,False,False,False,False,False,False
VGT,2024-08-05,61.22706326122133,64.93479375099875,61.109571882955024,63.73639678955078,11225600,2024,8,32,Monday,62.752,66.04785919189453,-3.5,-7.3,-7.48,-3.5,7.48,7,443.8416,65.3874,64.7269,64.0664,63.4059,62.7455,62.085,61.4245,60.764,60.1036,59.4431,58.7826,58.1221,57.4616,56.8012,56.1407,55.4802,54.8197,54.1592,53.4988,52.8383,52.1778,51.5173,50.8569,50.1964,49.5359,True,True,True,True,True,True,True,False,False,False,False,False,False,False,False,False,False,False,False,False,False,False,False,False,False
VGT,2024-08-06,64.28304819211893,65.55688438118781,63.48163837103359,64.36961364746094,5969600,2024,8,32,Tuesday,64.4228,63.73639678955078,0.99,0.86,-0.4,0.99,0.4,0,0.0,63.099,62.4617,61.8243,61.1869,60.5496,59.9122,59.2748,58.6375,58.0001,57.3628,56.7254,56.088,55.4507,54.8133,54.1759,53.5386,52.9012,52.2638,51.6265,50.9891,50.3518,49.7144,49.077,48.4397,47.8023,False,False,False,False,False,False,False,False,False,False,False,False,False,False,False,False,False,False,False,False,False,False,False,False,False
VGT,2024-08-07,65.6137588194222,66.19255009514684,63.51749830324472,63.62137985229492,5260000,2024,8,32,Wednesday,64.7363,64.36961364746094,-1.16,1.93,-1.32,-1.16,1.32,1,63.7259,63.7259,63.0822,62.4385,61.7948,61.1511,60.5074,59.8637,59.22,58.5763,57.9327,57.289,56.6453,56.0016,55.3579,54.7142,54.0705,53.4268,52.7831,52.1394,51.4957,50.852,50.2083,49.5646,48.9209,48.2772,True,False,False,False,False,False,False,False,False,False,False,False,False,False,False,False,False,False,False,False,False,False,False,False,False
VGT,2024-08-08,64.80618735849717,65.97119025159549,63.82050509965016,65.82525634765625,3280000,2024,8,32,Thursday,65.1058,63.62137985229492,3.46,1.86,0.31,3.46,-0.31,0,0.0,62.9852,62.349,61.7127,61.0765,60.4403,59.8041,59.1679,58.5317,57.8955,57.2592,56.623,55.9868,55.3506,54.7144,54.0782,53.442,52.8057,52.1695,51.5333,50.8971,50.2609,49.6247,48.9885,48.3522,47.716,False,False,False,False,False,False,False,False,False,False,False,False,False,False,False,False,False,False,False,False,False,False,False,False,False
VGT,2024-08-09,65.69166697155859,66.49060069467988,65.40845730462624,66.24449157714844,3380800,2024,8,32,Friday,65.9588,65.82525634765625,0.64,-0.2,-0.63,0.64,0.63,0,0.0,65.167,64.5088,63.8505,63.1922,62.534,61.8757,61.2175,60.5592,59.901,59.2427,58.5845,57.9262,57.268,56.6097,55.9515,55.2932,54.635,53.9767,53.3185,52.6602,52.002,51.3437,50.6854,50.0272,49.3689,False,False,False,False,False,False,False,False,False,False,False,False,False,False,False,False,False,False,False,False,False,False,False,False,False
VGT,2024-08-12,66.42011602642411,67.12629470973944,66.10351204243328,66.58831024169922,3022400,2024,8,33,Monday,66.5596,66.24449157714844,0.52,0.27,-0.21,0.52,0.21,0,0.0,65.582,64.9196,64.2572,63.5947,62.9323,62.2698,61.6074,60.9449,60.2825,59.62,58.9576,58.2952,57.6327,56.9703,56.3078,55.6454,54.9829,54.3205,53.658,52.9956,52.3331,51.6707,51.0083,50.3458,49.6834,False,False,False,False,False,False,False,False,False,False,False,False,False,False,False,False,False,False,False,False,False,False,False,False,False
VGT,2024-08-13,67.25987370925536,68.53000379599342,67.25987370925536,68.51268768310547,4967200,2024,8,33,Tuesday,67.8906,66.58831024169922,2.89,1.01,1.01,2.89,-1.01,0,0.0,65.9224,65.2565,64.5907,63.9248,63.2589,62.593,61.9271,61.2612,60.5954,59.9295,59.2636,58.5977,57.9318,57.2659,56.6001,55.9342,55.2683,54.6024,53.9365,53.2706,52.6048,51.9389,51.273,50.6071,49.9412,False,False,False,False,False,False,False,False,False,False,False,False,False,False,False,False,False,False,False,False,False,False,False,False,False
VGT,2024-08-14,68.89482869692675,69.15083386347386,68.01055975279208,68.81443786621094,3368800,2024,8,33,Wednesday,68.7177,68.51268768310547,0.44,0.56,-0.73,0.44,0.73,0,0.0,67.8276,67.1424,66.4573,65.7722,65.0871,64.4019,63.7168,63.0317,62.3465,61.6614,60.9763,60.2912,59.606,58.9209,58.2358,57.5507,56.8655,56.1804,55.4953,54.8102,54.125,53.4399,52.7548,52.0696,51.3845,False,False,False,False,False,False,False,False,False,False,False,False,False,False,False,False,False,False,False,False,False,False,False,False,False
VGT,2024-08-15,69.696228552864,70.72766929538304,69.62820960911394,70.66583251953125,3487200,2024,8,33,Thursday,70.1795,68.81443786621094,2.69,1.28,1.18,2.69,-1.18,0,0.0,68.1263,67.4381,66.75,66.0619,65.3737,64.6856,63.9974,63.3093,62.6211,61.933,61.2448,60.5567,59.8686,59.1804,58.4923,57.8041,57.116,56.4278,55.7397,55.0516,54.3634,53.6753,52.9871,52.299,51.6108,False,False,False,False,False,False,False,False,False,False,False,False,False,False,False,False,False,False,False,False,False,False,False,False,False
VGT,2024-08-16,70.40241101781496,70.98367825161274,70.15753978783769,70.82908630371094,3006400,2024,8,33,Friday,70.5932,70.66583251953125,0.23,-0.37,-0.72,0.23,0.72,0,0.0,69.9592,69.2525,68.5459,67.8392,67.1325,66.4259,65.7192,65.0126,64.3059,63.5992,62.8926,62.1859,61.4793,60.7726,60.066,59.3593,58.6526,57.946,57.2393,56.5327,55.826,55.1193,54.4127,53.706,52.9994,False,False,False,False,False,False,False,False,False,False,False,False,False,False,False,False,False,False,False,False,False,False,False,False,False
VGT,2024-08-19,70.74127832331742,71.81600189208984,70.35170357891106,71.81600189208984,4008800,2024,8,34,Monday,71.1812,70.82908630371094,1.39,-0.12,-0.67,1.39,0.67,0,0.0,70.1208,69.4125,68.7042,67.9959,67.2876,66.5793,65.8711,65.1628,64.4545,63.7462,63.0379,62.3296,61.6213,60.913,60.2047,59.4964,58.7881,58.0799,57.3716,56.6633,55.955,55.2467,54.5384,53.8301,53.1218,False,False,False,False,False,False,False,False,False,False,False,False,False,False,False,False,False,False,False,False,False,False,False,False,False
VGT,2024-08-20,71.6836680859601,72.02624626190726,71.20010778873306,71.5760726928711,3181600,2024,8,34,Tuesday,71.6215,71.81600189208984,-0.33,-0.18,-0.86,-0.33,0.86,0,0.0,71.0978,70.3797,69.6615,68.9434,68.2252,67.507,66.7889,66.0707,65.3526,64.6344,63.9162,63.1981,62.4799,61.7618,61.0436,60.3254,59.6073,58.8891,58.171,57.4528,56.7346,56.0165,55.2983,54.5802,53.862,False,False,False,False,False,False,False,False,False,False,False,False,False,False,False,False,False,False,False,False,False,False,False,False,False
VGT,2024-08-21,71.59338874882742,72.21793871529802,71.43137668764275,71.98295593261719,2658400,2024,8,34,Wednesday,71.8064,71.5760726928711,0.57,0.02,-0.2,0.57,0.2,0,0.0,70.8603,70.1446,69.4288,68.713,67.9973,67.2815,66.5657,65.85,65.1342,64.4185,63.7027,62.9869,62.2712,61.5554,60.8397,60.1239,59.4081,58.6924,57.9766,57.2609,56.5451,55.8293,55.1136,54.3978,53.6821,False,False,False,False,False,False,False,False,False,False,False,False,False,False,False,False,False,False,False,False,False,False,False,False,False
VGT,2024-08-22,72.35397188312956,72.4937236002592,70.40858933269995,70.47660827636719,4973600,2024,8,34,Thursday,71.4332,71.98295593261719,-2.09,0.52,-2.19,-2.09,2.19,2,141.8064,71.2631,70.5433,69.8235,69.1036,68.3838,67.664,66.9441,66.2243,65.5045,64.7847,64.0648,63.345,62.6252,61.9053,61.1855,60.4657,59.7459,59.026,58.3062,57.5864,56.8665,56.1467,55.4269,54.707,53.9872,True,True,False,False,False,False,False,False,False,False,False,False,False,False,False,False,False,False,False,False,False,False,False,False,False
VGT,2024-08-23,71.19268059165071,71.99284482020914,70.92554150210049,71.73189544677734,3362400,2024,8,34,Friday,71.4607,70.47660827636719,1.78,1.02,0.64,1.78,-0.64,0,0.0,69.7718,69.0671,68.3623,67.6575,66.9528,66.248,65.5432,64.8385,64.1337,63.4289,62.7242,62.0194,61.3146,60.6099,59.9051,59.2004,58.4956,57.7908,57.0861,56.3813,55.6765,54.9718,54.267,53.5622,52.8575,False,False,False,False,False,False,False,False,False,False,False,False,False,False,False,False,False,False,False,False,False,False,False,False,False
VGT,2024-08-26,71.77394412501337,71.92853606768674,70.67201607894894,71.05293273925781,2830400,2024,8,35,Monday,71.3569,71.73189544677734,-0.95,0.06,-1.48,-0.95,1.48,1,71.0146,71.0146,70.2973,69.5799,68.8626,68.1453,67.428,66.7107,65.9933,65.276,64.5587,63.8414,63.1241,62.4067,61.6894,60.9721,60.2548,59.5375,58.8202,58.1028,57.3855,56.6682,55.9509,55.2336,54.5162,53.7989,True,False,False,False,False,False,False,False,False,False,False,False,False,False,False,False,False,False,False,False,False,False,False,False,False
VGT,2024-08-27,70.55575466765079,71.4993843830315,70.26635526233936,71.38436889648438,2420000,2024,8,35,Tuesday,70.9265,71.05293273925781,0.47,-0.7,-1.11,0.47,1.11,1,70.3424,70.3424,69.6319,68.9213,68.2108,67.5003,66.7898,66.0792,65.3687,64.6582,63.9476,63.2371,62.5266,61.8161,61.1055,60.395,59.6845,58.9739,58.2634,57.5529,56.8423,56.1318,55.4213,54.7108,54.0002,53.2897,True,False,False,False,False,False,False,False,False,False,False,False,False,False,False,False,False,False,False,False,False,False,False,False,False
VGT,2024-08-28,71.28048686286627,71.40045413390253,69.90895139361915,70.44322204589844,2856800,2024,8,35,Wednesday,70.7583,71.38436889648438,-1.32,-0.15,-2.07,-1.32,2.07,2,140.6272,70.6705,69.9567,69.2428,68.529,67.8152,67.1013,66.3875,65.6736,64.9598,64.2459,63.5321,62.8182,62.1044,61.3906,60.6767,59.9629,59.249,58.5352,57.8213,57.1075,56.3937,55.6798,54.966,54.2521,53.5383,True,True,False,False,False,False,False,False,False,False,False,False,False,False,False,False,False,False,False,False,False,False,False,False,False
VGT,2024-08-29,70.6423402476549,71.60699252325524,70.10188738464436,70.25524139404297,3172000,2024,8,35,Thursday,70.6516,70.44322204589844,-0.27,0.28,-0.48,-0.27,0.48,0,0.0,69.7388,69.0344,68.3299,67.6255,66.9211,66.2166,65.5122,64.8078,64.1033,63.3989,62.6945,61.99,61.2856,60.5812,59.8767,59.1723,58.4679,57.7634,57.059,56.3546,55.6501,54.9457,54.2413,53.5368,52.8324,False,False,False,False,False,False,False,False,False,False,False,False,False,False,False,False,False,False,False,False,False,False,False,False,False
VGT,2024-08-30,70.87236944020428,71.18526716781845,70.18226886721214,70.98490905761719,2256000,2024,8,35,Friday,70.8062,70.25524139404297,1.04,0.88,-0.1,1.04,0.1,0,0.0,69.5527,68.8501,68.1476,67.445,66.7425,66.0399,65.3374,64.6348,63.9323,63.2297,62.5272,61.8246,61.1221,60.4195,59.717,59.0144,58.3119,57.6093,56.9067,56.2042,55.5016,54.7991,54.0965,53.394,52.6914,False,False,False,False,False,False,False,False,False,False,False,False,False,False,False,False,False,False,False,False,False,False,False,False,False
VGT,2024-09-03,70.38881581848621,70.38881581848621,67.47753513175319,67.85845184326172,4990400,2024,9,36,Tuesday,69.0284,70.98490905761719,-4.4,-0.84,-4.94,-4.4,4.94,4,276.8411,70.2751,69.5652,68.8554,68.1455,67.4357,66.7258,66.016,65.3061,64.5963,63.8864,63.1766,62.4667,61.7569,61.047,60.3372,59.6273,58.9175,58.2076,57.4978,56.7879,56.0781,55.3682,54.6584,53.9485,53.2387,True,True,True,True,False,False,False,False,False,False,False,False,False,False,False,False,False,False,False,False,False,False,False,False,False
VGT,2024-09-04,67.17946886700982,68.26037440576813,66.89502123287876,67.7125015258789,3815200,2024,9,36,Wednesday,67.5118,67.85845184326172,-0.22,-1.0,-1.42,-0.22,1.42,1,67.1799,67.1799,66.5013,65.8227,65.1441,64.4655,63.7869,63.1084,62.4298,61.7512,61.0726,60.394,59.7154,59.0369,58.3583,57.6797,57.0011,56.3225,55.6439,54.9653,54.2868,53.6082,52.9296,52.251,51.5724,50.8938,True,False,False,False,False,False,False,False,False,False,False,False,False,False,False,False,False,False,False,False,False,False,False,False,False
VGT,2024-09-05,67.28459506837677,68.34077204306884,67.17329339962438,67.5616226196289,2816000,2024,9,36,Thursday,67.5901,67.7125015258789,-0.22,-0.63,-0.8,-0.22,0.8,0,0.0,67.0354,66.3583,65.6811,65.004,64.3269,63.6498,62.9726,62.2955,61.6184,60.9413,60.2641,59.587,58.9099,58.2328,57.5556,56.8785,56.2014,55.5243,54.8471,54.17,53.4929,52.8158,52.1386,51.4615,50.7844,False,False,False,False,False,False,False,False,False,False,False,False,False,False,False,False,False,False,False,False,False,False,False,False,False
VGT,2024-09-06,67.61108690149933,67.72981621560925,65.65457062133424,65.93901824951172,5536800,2024,9,36,Friday,66.7336,67.5616226196289,-2.4,0.07,-2.82,-2.4,2.82,2,133.0964,66.886,66.2104,65.5348,64.8592,64.1835,63.5079,62.8323,62.1567,61.4811,60.8055,60.1298,59.4542,58.7786,58.103,57.4274,56.7518,56.0761,55.4005,54.7249,54.0493,53.3737,52.6981,52.0224,51.3468,50.6712,True,True,False,False,False,False,False,False,False,False,False,False,False,False,False,False,False,False,False,False,False,False,False,False,False
VGT,2024-09-09,66.59203950570165,66.93708607048004,66.02808829262038,66.8294906616211,2603200,2024,9,37,Monday,66.5967,65.93901824951172,1.35,0.99,0.14,1.35,-0.14,0,0.0,65.2796,64.6202,63.9608,63.3015,62.6421,61.9827,61.3233,60.6639,60.0045,59.3451,58.6857,58.0263,57.3669,56.7076,56.0482,55.3888,54.7294,54.07,53.4106,52.7512,52.0918,51.4324,50.773,50.1137,49.4543,False,False,False,False,False,False,False,False,False,False,False,False,False,False,False,False,False,False,False,False,False,False,False,False,False
VGT,2024-09-10,67.04589465952417,67.56656294742227,66.46215921090018,67.50719451904297,4584800,2024,9,37,Tuesday,67.1455,66.8294906616211,1.01,0.32,-0.55,1.01,0.55,0,0.0,66.1612,65.4929,64.8246,64.1563,63.488,62.8197,62.1514,61.4831,60.8148,60.1465,59.4782,58.81,58.1417,57.4734,56.8051,56.1368,55.4685,54.8002,54.1319,53.4636,52.7953,52.127,51.4587,50.7904,50.1221,False,False,False,False,False,False,False,False,False,False,False,False,False,False,False,False,False,False,False,False,False,False,False,False,False
VGT,2024-09-11,67.73353310222852,69.54782207816784,66.70704408411325,69.45259857177734,3863200,2024,9,37,Wednesday,68.3602,67.50719451904297,2.88,0.34,-1.19,2.88,1.19,1,66.8321,66.8321,66.1571,65.482,64.8069,64.1318,63.4568,62.7817,62.1066,61.4315,60.7565,60.0814,59.4063,58.7313,58.0562,57.3811,56.706,56.031,55.3559,54.6808,54.0058,53.3307,52.6556,51.9805,51.3055,50.6304,True,False,False,False,False,False,False,False,False,False,False,False,False,False,False,False,False,False,False,False,False,False,False,False,False
VGT,2024-09-12,69.45259156204062,70.2713098266244,68.90471866312897,69.98686218261719,3340000,2024,9,37,Thursday,69.6539,69.45259857177734,0.77,-0.0,-0.79,0.77,0.79,0,0.0,68.7581,68.0635,67.369,66.6745,65.98,65.2854,64.5909,63.8964,63.2019,62.5073,61.8128,61.1183,60.4238,59.7292,59.0347,58.3402,57.6457,56.9511,56.2566,55.5621,54.8676,54.173,53.4785,52.784,52.0894,False,False,False,False,False,False,False,False,False,False,False,False,False,False,False,False,False,False,False,False,False,False,False,False,False
VGT,2024-09-13,70.14145935989353,70.6138856948268,69.92997486454593,70.39993286132812,2504800,2024,9,37,Friday,70.2713,69.98686218261719,0.59,0.22,-0.08,0.59,0.08,0,0.0,69.287,68.5871,67.8873,67.1874,66.4875,65.7877,65.0878,64.3879,63.688,62.9882,62.2883,61.5884,60.8886,60.1887,59.4888,58.789,58.0891,57.3892,56.6894,55.9895,55.2896,54.5898,53.8899,53.19,52.4901,False,False,False,False,False,False,False,False,False,False,False,False,False,False,False,False,False,False,False,False,False,False,False,False,False
VGT,2024-09-16,69.76671964911861,70.16989661384312,69.37220073836212,69.98686218261719,2271200,2024,9,38,Monday,69.8239,70.39993286132812,-0.59,-0.9,-1.46,-0.59,1.46,1,69.6959,69.6959,68.9919,68.2879,67.5839,66.8799,66.1759,65.4719,64.7679,64.0639,63.3599,62.6559,61.9519,61.2479,60.5439,59.8399,59.1359,58.4319,57.7279,57.0239,56.3199,55.6159,54.9119,54.2079,53.5039,52.7999,True,False,False,False,False,False,False,False,False,False,False,False,False,False,False,False,False,False,False,False,False,False,False,False,False
VGT,2024-09-17,70.50382879490728,70.61760636234948,69.56019888009597,69.95100402832031,2005600,2024,9,38,Tuesday,70.1582,69.98686218261719,-0.05,0.74,-0.61,-0.05,0.61,0,0.0,69.287,68.5871,67.8873,67.1874,66.4875,65.7877,65.0878,64.3879,63.688,62.9882,62.2883,61.5884,60.8886,60.1887,59.4888,58.789,58.0891,57.3892,56.6894,55.9895,55.2896,54.5898,53.8899,53.19,52.4901,False,False,False,False,False,False,False,False,False,False,False,False,False,False,False,False,False,False,False,False,False,False,False,False,False
VGT,2024-09-18,70.15258664438967,70.86370959084938,69.54040103296785,69.62821197509766,3574400,2024,9,38,Wednesday,70.0462,69.95100402832031,-0.46,0.29,-0.59,-0.46,0.59,0,0.0,69.2515,68.552,67.8525,67.153,66.4535,65.7539,65.0544,64.3549,63.6554,62.9559,62.2564,61.5569,60.8574,60.1579,59.4584,58.7588,58.0593,57.3598,56.6603,55.9608,55.2613,54.5618,53.8623,53.1628,52.4633,False,False,False,False,False,False,False,False,False,False,False,False,False,False,False,False,False,False,False,False,False,False,False,False,False
VGT,2024-09-19,71.47836932343125,72.10662553704344,71.2273083878943,71.6873779296875,4102400,2024,9,38,Thursday,71.6249,69.62821197509766,2.96,2.66,2.3,2.96,-2.3,0,0.0,68.9319,68.2356,67.5394,66.8431,66.1468,65.4505,64.7542,64.058,63.3617,62.6654,61.9691,61.2728,60.5765,59.8803,59.184,58.4877,57.7914,57.0951,56.3989,55.7026,55.0063,54.31,53.6137,52.9174,52.2212,False,False,False,False,False,False,False,False,False,False,False,False,False,False,False,False,False,False,False,False,False,False,False,False,False
VGT,2024-09-20,71.52536632764723,71.82217832729827,70.94533705918546,71.43631744384766,2511200,2024,9,38,Friday,71.4323,71.6873779296875,-0.35,-0.23,-1.04,-0.35,1.04,1,70.9705,70.9705,70.2536,69.5368,68.8199,68.103,67.3861,66.6693,65.9524,65.2355,64.5186,63.8018,63.0849,62.368,61.6511,60.9343,60.2174,59.5005,58.7836,58.0668,57.3499,56.633,55.9162,55.1993,54.4824,53.7655,True,False,False,False,False,False,False,False,False,False,False,False,False,False,False,False,False,False,False,False,False,False,False,False,False
VGT,2024-09-23,71.53278052285152,71.56988107618518,71.22359666434755,71.41157531738281,3056000,2024,9,39,Monday,71.4345,71.43631744384766,-0.03,0.14,-0.3,-0.03,0.3,0,0.0,70.722,70.0076,69.2932,68.5789,67.8645,67.1501,66.4358,65.7214,65.007,64.2927,63.5783,62.864,62.1496,61.4352,60.7209,60.0065,59.2921,58.5778,57.8634,57.1491,56.4347,55.7203,55.006,54.2916,53.5772,False,False,False,False,False,False,False,False,False,False,False,False,False,False,False,False,False,False,False,False,False,False,False,False,False
VGT,2024-09-24,71.7195274694231,72.07200162782914,70.92802125188409,72.05592346191406,2599200,2024,9,39,Tuesday,71.6939,71.41157531738281,0.9,0.43,-0.68,0.9,0.68,0,0.0,70.6975,69.9833,69.2692,68.5551,67.841,67.1269,66.4128,65.6986,64.9845,64.2704,63.5563,62.8422,62.1281,61.414,60.6998,59.9857,59.2716,58.5575,57.8434,57.1293,56.4151,55.701,54.9869,54.2728,53.5587,False,False,False,False,False,False,False,False,False,False,False,False,False,False,False,False,False,False,False,False,False,False,False,False,False
VGT,2024-09-25,71.81845569345187,72.46897209674339,71.81845569345187,72.10414123535156,2404000,2024,9,39,Wednesday,72.0525,72.05592346191406,0.07,-0.33,-0.33,0.07,0.33,0,0.0,71.3354,70.6148,69.8942,69.1737,68.4531,67.7326,67.012,66.2914,65.5709,64.8503,64.1298,63.4092,62.6887,61.9681,61.2475,60.527,59.8064,59.0859,58.3653,57.6447,56.9242,56.2036,55.4831,54.7625,54.0419,False,False,False,False,False,False,False,False,False,False,False,False,False,False,False,False,False,False,False,False,False,False,False,False,False
VGT,2024-09-26,73.42129068433597,73.49302347289057,72.23773364114786,72.99832916259766,3957600,2024,9,39,Thursday,73.0376,72.10414123535156,1.24,1.83,0.19,1.24,-0.19,0,0.0,71.3831,70.6621,69.941,69.22,68.4989,67.7779,67.0569,66.3358,65.6148,64.8937,64.1727,63.4516,62.7306,62.0096,61.2885,60.5675,59.8464,59.1254,58.4044,57.6833,56.9623,56.2412,55.5202,54.7991,54.0781,False,False,False,False,False,False,False,False,False,False,False,False,False,False,False,False,False,False,False,False,False,False,False,False,False
VGT,2024-09-27,73.16392742459279,73.16392742459279,72.07390814673828,72.45665740966797,2637600,2024,9,39,Friday,72.7146,72.99832916259766,-0.74,0.23,-1.27,-0.74,1.27,1,72.2683,72.2683,71.5384,70.8084,70.0784,69.3484,68.6184,67.8884,67.1585,66.4285,65.6985,64.9685,64.2385,63.5085,62.7786,62.0486,61.3186,60.5886,59.8586,59.1286,58.3987,57.6687,56.9387,56.2087,55.4787,54.7487,True,False,False,False,False,False,False,False,False,False,False,False,False,False,False,False,False,False,False,False,False,False,False,False,False
VGT,2024-09-30,72.1246888923077,72.69074978701364,71.78033782742449,72.6498794555664,4309600,2024,9,40,Monday,72.3114,72.45665740966797,0.27,-0.46,-0.93,0.27,0.93,0,0.0,71.7321,71.0075,70.283,69.5584,68.8338,68.1093,67.3847,66.6601,65.9356,65.211,64.4864,63.7619,63.0373,62.3127,61.5882,60.8636,60.139,59.4145,58.6899,57.9653,57.2408,56.5162,55.7916,55.0671,54.3425,False,False,False,False,False,False,False,False,False,False,False,False,False,False,False,False,False,False,False,False,False,False,False,False,False
VGT,2024-10-01,72.46159357011987,72.46159357011987,70.38683854054806,70.82408905029297,4868000,2024,10,40,Tuesday,71.5335,72.6498794555664,-2.51,-0.26,-3.11,-2.51,3.11,3,213.5906,71.9234,71.1969,70.4704,69.7439,69.0174,68.2909,67.5644,66.8379,66.1114,65.3849,64.6584,63.9319,63.2054,62.4789,61.7524,61.0259,60.2994,59.5729,58.8464,58.1199,57.3934,56.6669,55.9404,55.2139,54.4874,True,True,True,False,False,False,False,False,False,False,False,False,False,False,False,False,False,False,False,False,False,False,False,False,False
VGT,2024-10-02,70.78570681614084,71.61313843589281,70.35961498921962,71.27002716064453,2304000,2024,10,40,Wednesday,71.0071,70.82408905029297,0.63,-0.05,-0.66,0.63,0.66,0,0.0,70.1158,69.4076,68.6994,67.9911,67.2829,66.5746,65.8664,65.1582,64.4499,63.7417,63.0334,62.3252,61.617,60.9087,60.2005,59.4922,58.784,58.0758,57.3675,56.6593,55.951,55.2428,54.5345,53.8263,53.1181,False,False,False,False,False,False,False,False,False,False,False,False,False,False,False,False,False,False,False,False,False,False,False,False,False
VGT,2024-10-03,71.07802812293633,72.09125108468244,71.04458188404269,71.54995727539062,2632800,2024,10,40,Thursday,71.441,71.27002716064453,0.39,-0.27,-0.32,0.39,0.32,0,0.0,70.5573,69.8446,69.1319,68.4192,67.7065,66.9938,66.2811,65.5684,64.8557,64.143,63.4303,62.7176,62.0049,61.2922,60.5795,59.8668,59.1541,58.4414,57.7287,57.016,56.3033,55.5906,54.8779,54.1652,53.4525,False,False,False,False,False,False,False,False,False,False,False,False,False,False,False,False,False,False,False,False,False,False,False,False,False
VGT,2024-10-04,72.57680291584795,72.57680291584795,71.62675283307918,72.46656036376953,2838400,2024,10,40,Friday,72.3117,71.54995727539062,1.28,1.44,0.11,1.28,-0.11,0,0.0,70.8345,70.119,69.4035,68.688,67.9725,67.257,66.5415,65.826,65.1105,64.395,63.6795,62.964,62.2485,61.533,60.8175,60.102,59.3865,58.671,57.9555,57.24,56.5245,55.809,55.0935,54.378,53.6625,False,False,False,False,False,False,False,False,False,False,False,False,False,False,False,False,False,False,False,False,False,False,False,False,False
VGT,2024-10-07,72.11972741700782,72.6151913399718,71.8249257780299,71.94631958007812,2870400,2024,10,41,Monday,72.1265,72.46656036376953,-0.72,-0.48,-0.89,-0.72,0.89,0,0.0,71.7419,71.0172,70.2926,69.5679,68.8432,68.1186,67.3939,66.6692,65.9446,65.2199,64.4952,63.7706,63.0459,62.3212,61.5966,60.8719,60.1472,59.4226,58.6979,57.9732,57.2486,56.5239,55.7993,55.0746,54.3499,False,False,False,False,False,False,False,False,False,False,False,False,False,False,False,False,False,False,False,False,False,False,False,False,False
VGT,2024-10-08,72.42072893699797,73.36706695006852,72.31296612652369,73.25806427001953,2664000,2024,10,41,Tuesday,72.8397,71.94631958007812,1.82,0.66,0.51,1.82,-0.51,0,0.0,71.2269,70.5074,69.7879,69.0685,68.349,67.6295,66.9101,66.1906,65.4712,64.7517,64.0322,63.3128,62.5933,61.8738,61.1544,60.4349,59.7154,58.996,58.2765,57.5571,56.8376,56.1181,55.3987,54.6792,53.9597,False,False,False,False,False,False,False,False,False,False,False,False,False,False,False,False,False,False,False,False,False,False,False,False,False
VGT,2024-10-09,73.2815913524246,74.14494117456336,73.15153358391707,74.07804870605469,3749600,2024,10,41,Wednesday,73.664,73.25806427001953,1.12,0.03,-0.15,1.12,0.15,0,0.0,72.5255,71.7929,71.0603,70.3277,69.5952,68.8626,68.13,67.3974,66.6648,65.9323,65.1997,64.4671,63.7345,63.0019,62.2694,61.5368,60.8042,60.0716,59.339,58.6065,57.8739,57.1413,56.4087,55.6761,54.9435,False,False,False,False,False,False,False,False,False,False,False,False,False,False,False,False,False,False,False,False,False,False,False,False,False
VGT,2024-10-10,73.57392287174234,74.27004917378574,73.35591750622915,74.14495086669922,4060800,2024,10,41,Thursday,73.8362,74.07804870605469,0.09,-0.68,-0.97,0.09,0.97,0,0.0,73.3373,72.5965,71.8557,71.1149,70.3741,69.6334,68.8926,68.1518,67.411,66.6702,65.9295,65.1887,64.4479,63.7071,62.9663,62.2256,61.4848,60.744,60.0032,59.2624,58.5217,57.7809,57.0401,56.2993,55.5585,False,False,False,False,False,False,False,False,False,False,False,False,False,False,False,False,False,False,False,False,False,False,False,False,False
VGT,2024-10-11,73.95915166450546,74.52521261928545,73.91703389893826,74.37409973144531,2566400,2024,10,41,Friday,74.1939,74.14495086669922,0.31,-0.25,-0.31,0.31,0.31,0,0.0,73.4035,72.6621,71.9206,71.1792,70.4377,69.6963,68.9548,68.2134,67.4719,66.7305,65.989,65.2476,64.5061,63.7647,63.0232,62.2818,61.5403,60.7989,60.0574,59.316,58.5745,57.8331,57.0916,56.3502,55.6087,False,False,False,False,False,False,False,False,False,False,False,False,False,False,False,False,False,False,False,False,False,False,False,False,False
VGT,2024-10-14,74.85964361777009,75.48764505835143,74.83486890915194,75.295654296875,3144000,2024,10,42,Monday,75.1195,74.37409973144531,1.24,0.65,0.62,1.24,-0.62,0,0.0,73.6304,72.8866,72.1429,71.3991,70.6554,69.9117,69.1679,68.4242,67.6804,66.9367,66.1929,65.4492,64.7055,63.9617,63.218,62.4742,61.7305,60.9868,60.243,59.4993,58.7555,58.0118,57.2681,56.5243,55.7806,False,False,False,False,False,False,False,False,False,False,False,False,False,False,False,False,False,False,False,False,False,False,False,False,False
VGT,2024-10-15,75.41580787340604,75.56568844870642,73.666820632491,73.9380874633789,3642400,2024,10,42,Tuesday,74.6466,75.295654296875,-1.8,0.16,-2.16,-1.8,2.16,2,148.3324,74.5427,73.7897,73.0368,72.2838,71.5309,70.7779,70.025,69.272,68.519,67.7661,67.0131,66.2602,65.5072,64.7543,64.0013,63.2483,62.4954,61.7424,60.9895,60.2365,59.4836,58.7306,57.9777,57.2247,56.4717,True,True,False,False,False,False,False,False,False,False,False,False,False,False,False,False,False,False,False,False,False,False,False,False,False
VGT,2024-10-16,74.20563835178413,74.32702460100194,73.38316637542607,74.21183013916016,2238400,2024,10,42,Wednesday,74.0319,73.9380874633789,0.37,0.36,-0.75,0.37,0.75,0,0.0,73.1987,72.4593,71.7199,70.9806,70.2412,69.5018,68.7624,68.023,67.2837,66.5443,65.8049,65.0655,64.3261,63.5868,62.8474,62.108,61.3686,60.6292,59.8899,59.1505,58.4111,57.6717,56.9323,56.1929,55.4536,False,False,False,False,False,False,False,False,False,False,False,False,False,False,False,False,False,False,False,False,False,False,False,False,False
VGT,2024-10-17,75.21390777018416,75.30433508975935,74.47319152048102,74.50415802001953,3032000,2024,10,42,Thursday,74.8739,74.21183013916016,0.39,1.35,0.35,0.39,-0.35,0,0.0,73.4697,72.7276,71.9855,71.2434,70.5012,69.7591,69.017,68.2749,67.5328,66.7906,66.0485,65.3064,64.5643,63.8222,63.0801,62.3379,61.5958,60.8537,60.1116,59.3695,58.6273,57.8852,57.1431,56.401,55.6589,False,False,False,False,False,False,False,False,False,False,False,False,False,False,False,False,False,False,False,False,False,False,False,False,False
VGT,2024-10-18,75.01447520254303,75.01447520254303,74.63916521008765,74.76055145263672,2437600,2024,10,42,Friday,74.8572,74.50415802001953,0.34,0.68,0.18,0.34,-0.18,0,0.0,73.7591,73.0141,72.269,71.524,70.779,70.0339,69.2889,68.5438,67.7988,67.0537,66.3087,65.5637,64.8186,64.0736,63.3285,62.5835,61.8385,61.0934,60.3484,59.6033,58.8583,58.1132,57.3682,56.6232,55.8781,False,False,False,False,False,False,False,False,False,False,False,False,False,False,False,False,False,False,False,False,False,False,False,False,False
VGT,2024-10-21,74.5462650401721,75.18665004146746,74.42363892930484,75.177978515625,2782400,2024,10,43,Monday,74.8336,74.76055145263672,0.56,-0.29,-0.45,0.56,0.45,0,0.0,74.0129,73.2653,72.5177,71.7701,71.0225,70.2749,69.5273,68.7797,68.0321,67.2845,66.5369,65.7893,65.0417,64.2941,63.5465,62.7989,62.0513,61.3037,60.556,59.8084,59.0608,58.3132,57.5656,56.818,56.0704,False,False,False,False,False,False,False,False,False,False,False,False,False,False,False,False,False,False,False,False,False,False,False,False,False
VGT,2024-10-22,74.82124065428398,75.35758244265168,74.57846818190386,75.1259536743164,3076800,2024,10,43,Tuesday,74.9708,75.177978515625,-0.07,-0.47,-0.8,-0.07,0.8,0,0.0,74.4262,73.6744,72.9226,72.1709,71.4191,70.6673,69.9155,69.1637,68.412,67.6602,66.9084,66.1566,65.4048,64.6531,63.9013,63.1495,62.3977,61.6459,60.8942,60.1424,59.3906,58.6388,57.887,57.1353,56.3835,False,False,False,False,False,False,False,False,False,False,False,False,False,False,False,False,False,False,False,False,False,False,False,False,False
VGT,2024-10-23,74.815062943109,74.9240656263836,73.28408101918009,73.95915222167969,3583200,2024,10,43,Wednesday,74.2456,75.1259536743164,-1.55,-0.41,-2.45,-1.55,2.45,2,147.9981,74.3747,73.6234,72.8722,72.1209,71.3697,70.6184,69.8671,69.1159,68.3646,67.6134,66.8621,66.1108,65.3596,64.6083,63.8571,63.1058,62.3545,61.6033,60.852,60.1008,59.3495,58.5982,57.847,57.0957,56.3445,True,True,False,False,False,False,False,False,False,False,False,False,False,False,False,False,False,False,False,False,False,False,False,False,False
VGT,2024-10-24,74.26882276145828,74.38029763209668,73.73991249018918,74.21060180664062,2189600,2024,10,43,Thursday,74.1499,73.95915222167969,0.34,0.42,-0.3,0.34,0.3,0,0.0,73.2196,72.48,71.7404,71.0008,70.2612,69.5216,68.782,68.0424,67.3028,66.5632,65.8236,65.0841,64.3445,63.6049,62.8653,62.1257,61.3861,60.6465,59.9069,59.1673,58.4277,57.6881,56.9485,56.209,55.4694,False,False,False,False,False,False,False,False,False,False,False,False,False,False,False,False,False,False,False,False,False,False,False,False,False
VGT,2024-10-25,74.55618621048208,75.38237793450492,74.43851954998273,74.56238555908203,3286400,2024,10,43,Friday,74.7349,74.21060180664062,0.47,0.47,0.31,0.47,-0.31,0,0.0,73.4685,72.7264,71.9843,71.2422,70.5001,69.758,69.0159,68.2738,67.5316,66.7895,66.0474,65.3053,64.5632,63.8211,63.079,62.3369,61.5948,60.8527,60.1106,59.3685,58.6264,57.8843,57.1422,56.4001,55.658,False,False,False,False,False,False,False,False,False,False,False,False,False,False,False,False,False,False,False,False,False,False,False,False,False
VGT,2024-10-28,75.10739006315231,75.10739006315231,74.67509890908181,74.71473693847656,2640800,2024,10,44,Monday,74.9012,74.56238555908203,0.2,0.73,0.15,0.2,-0.15,0,0.0,73.8168,73.0711,72.3255,71.5799,70.8343,70.0886,69.343,68.5974,67.8518,67.1061,66.3605,65.6149,64.8693,64.1237,63.378,62.6324,61.8868,61.1412,60.3955,59.6499,58.9043,58.1587,57.413,56.6674,55.9218,False,False,False,False,False,False,False,False,False,False,False,False,False,False,False,False,False,False,False,False,False,False,False,False,False
VGT,2024-10-29,74.81506633892973,75.81218615806637,74.50788106858407,75.597900390625,3360000,2024,10,44,Tuesday,75.1833,74.71473693847656,1.18,0.13,-0.28,1.18,0.28,0,0.0,73.9676,73.2204,72.4733,71.7261,70.979,70.2319,69.4847,68.7376,67.9904,67.2433,66.4961,65.749,65.0018,64.2547,63.5075,62.7604,62.0132,61.2661,60.5189,59.7718,59.0246,58.2775,57.5303,56.7832,56.0361,False,False,False,False,False,False,False,False,False,False,False,False,False,False,False,False,False,False,False,False,False,False,False,False,False
VGT,2024-10-30,75.09376422468115,75.31548164810832,74.5252159451438,74.60697174072266,3105600,2024,10,44,Wednesday,74.8854,75.597900390625,-1.31,-0.67,-1.42,-1.31,1.42,1,74.8419,74.8419,74.0859,73.33,72.574,71.818,71.062,70.306,69.5501,68.7941,68.0381,67.2821,66.5262,65.7702,65.0142,64.2582,63.5022,62.7463,61.9903,61.2343,60.4783,59.7223,58.9664,58.2104,57.4544,56.6984,True,False,False,False,False,False,False,False,False,False,False,False,False,False,False,False,False,False,False,False,False,False,False,False,False
VGT,2024-10-31,73.79441355363582,73.79441355363582,72.09001608737073,72.1271743774414,5942400,2024,10,44,Thursday,72.9515,74.60697174072266,-3.32,-1.09,-3.37,-3.32,3.37,3,219.3445,73.8609,73.1148,72.3688,71.6227,70.8766,70.1306,69.3845,68.6384,67.8923,67.1463,66.4002,65.6541,64.9081,64.162,63.4159,62.6699,61.9238,61.1777,60.4316,59.6856,58.9395,58.1934,57.4474,56.7013,55.9552,True,True,True,False,False,False,False,False,False,False,False,False,False,False,False,False,False,False,False,False,False,False,False,False,False
VGT,2024-11-01,72.25845537924886,73.20479326911669,72.21386544144676,72.6436767578125,3328800,2024,11,44,Friday,72.5802,72.1271743774414,0.72,0.18,0.12,0.72,-0.12,0,0.0,71.4059,70.6846,69.9634,69.2421,68.5208,67.7995,67.0783,66.357,65.6357,64.9145,64.1932,63.4719,62.7506,62.0294,61.3081,60.5868,59.8656,59.1443,58.423,57.7017,56.9805,56.2592,55.5379,54.8167,54.0954,False,False,False,False,False,False,False,False,False,False,False,False,False,False,False,False,False,False,False,False,False,False,False,False,False
VGT,2024-11-04,72.69694795237245,73.12923902047378,72.25598535829855,72.57308197021484,2911200,2024,11,45,Monday,72.6638,72.6436767578125,-0.1,0.07,-0.53,-0.1,0.53,0,0.0,71.9172,71.1908,70.4644,69.7379,69.0115,68.2851,67.5586,66.8322,66.1057,65.3793,64.6529,63.9264,63.2,62.4736,61.7471,61.0207,60.2943,59.5678,58.8414,58.1149,57.3885,56.6621,55.9356,55.2092,54.4828,False,False,False,False,False,False,False,False,False,False,False,False,False,False,False,False,False,False,False,False,False,False,False,False,False
VGT,2024-11-05,72.75269618463926,73.65815639336795,72.75269618463926,73.62471771240234,2513600,2024,11,45,Tuesday,73.1971,72.57308197021484,1.45,0.25,0.25,1.45,-0.25,0,0.0,71.8474,71.1216,70.3959,69.6702,68.9444,68.2187,67.493,66.7672,66.0415,65.3158,64.59,63.8643,63.1386,62.4129,61.6871,60.9614,60.2357,59.5099,58.7842,58.0585,57.3327,56.607,55.8813,55.1555,54.4298,False,False,False,False,False,False,False,False,False,False,False,False,False,False,False,False,False,False,False,False,False,False,False,False,False
VGT,2024-11-06,75.18171113948044,76.07354030388406,74.98476087022983,75.93109893798828,5134400,2024,11,45,Wednesday,75.5428,73.62471771240234,3.13,2.11,1.85,3.13,-1.85,0,0.0,72.8885,72.1522,71.416,70.6797,69.9435,69.2072,68.471,67.7347,66.9985,66.2622,65.526,64.7898,64.0535,63.3173,62.581,61.8448,61.1085,60.3723,59.636,58.8998,58.1635,57.4273,56.691,55.9548,55.2185,False,False,False,False,False,False,False,False,False,False,False,False,False,False,False,False,False,False,False,False,False,False,False,False,False
VGT,2024-11-07,76.53059756636611,77.50666215540427,76.4872474946921,77.48684692382812,4264000,2024,11,45,Thursday,77.0028,75.93109893798828,2.05,0.79,0.73,2.05,-0.73,0,0.0,75.1718,74.4125,73.6532,72.8939,72.1345,71.3752,70.6159,69.8566,69.0973,68.338,67.5787,66.8194,66.0601,65.3007,64.5414,63.7821,63.0228,62.2635,61.5042,60.7449,59.9856,59.2263,58.4669,57.7076,56.9483,False,False,False,False,False,False,False,False,False,False,False,False,False,False,False,False,False,False,False,False,False,False,False,False,False
VGT,2024-11-08,77.45712406736496,77.59585337569172,77.0582716357903,77.35059356689453,3446400,2024,11,45,Friday,77.3655,77.48684692382812,-0.18,-0.04,-0.55,-0.18,0.55,0,0.0,76.712,75.9371,75.1622,74.3874,73.6125,72.8376,72.0628,71.2879,70.513,69.7382,68.9633,68.1884,67.4136,66.6387,65.8638,65.089,64.3141,63.5392,62.7643,61.9895,61.2146,60.4397,59.6649,58.89,58.1151,False,False,False,False,False,False,False,False,False,False,False,False,False,False,False,False,False,False,False,False,False,False,False,False,False
VGT,2024-11-11,77.52648855925317,77.52648855925317,76.57271889636786,77.03473663330078,3454400,2024,11,46,Monday,77.1651,77.35059356689453,-0.41,0.23,-1.01,-0.41,1.01,1,76.5771,76.5771,75.8036,75.0301,74.2566,73.4831,72.7096,71.9361,71.1625,70.389,69.6155,68.842,68.0685,67.295,66.5215,65.748,64.9745,64.201,63.4275,62.654,61.8805,61.107,60.3335,59.56,58.7865,58.0129,True,False,False,False,False,False,False,False,False,False,False,False,False,False,False,False,False,False,False,False,False,False,False,False,False
VGT,2024-11-12,77.04340067844831,77.30599595460104,76.57147159100425,77.16974639892578,3238400,2024,11,46,Tuesday,77.0227,77.03473663330078,0.18,0.01,-0.6,0.18,0.6,0,0.0,76.2644,75.494,74.7237,73.9533,73.183,72.4127,71.6423,70.872,70.1016,69.3313,68.5609,67.7906,67.0202,66.2499,65.4795,64.7092,63.9388,63.1685,62.3981,61.6278,60.8574,60.0871,59.3167,58.5464,57.7761,False,False,False,False,False,False,False,False,False,False,False,False,False,False,False,False,False,False,False,False,False,False,False,False,False
VGT,2024-11-13,77.04463991323466,77.49427402751051,76.69905654911483,76.85884094238281,5676800,2024,11,46,Wednesday,77.0242,77.16974639892578,-0.4,-0.16,-0.61,-0.4,0.61,0,0.0,76.398,75.6264,74.8547,74.083,73.3113,72.5396,71.7679,70.9962,70.2245,69.4528,68.6811,67.9094,67.1377,66.366,65.5943,64.8226,64.0509,63.2792,62.5075,61.7358,60.9641,60.1924,59.4207,58.649,57.8773,False,False,False,False,False,False,False,False,False,False,False,False,False,False,False,False,False,False,False,False,False,False,False,False,False
VGT,2024-11-14,76.95669563472279,77.12391925174478,76.38567525434075,76.54669952392578,2884800,2024,11,46,Thursday,76.7532,76.85884094238281,-0.41,0.13,-0.62,-0.41,0.62,0,0.0,76.0903,75.3217,74.5531,73.7845,73.0159,72.2473,71.4787,70.7101,69.9415,69.173,68.4044,67.6358,66.8672,66.0986,65.33,64.5614,63.7928,63.0242,62.2557,61.4871,60.7185,59.9499,59.1813,58.4127,57.6441,False,False,False,False,False,False,False,False,False,False,False,False,False,False,False,False,False,False,False,False,False,False,False,False,False
VGT,2024-11-15,75.76387319467969,75.76387319467969,74.35799713802871,74.68500518798828,4911200,2024,11,46,Friday,75.1427,76.54669952392578,-2.43,-1.02,-2.86,-2.43,2.86,2,150.797,75.7812,75.0158,74.2503,73.4848,72.7194,71.9539,71.1884,70.423,69.6575,68.892,68.1266,67.3611,66.5956,65.8302,65.0647,64.2992,63.5338,62.7683,62.0028,61.2374,60.4719,59.7064,58.941,58.1755,57.41,True,True,False,False,False,False,False,False,False,False,False,False,False,False,False,False,False,False,False,False,False,False,False,False,False
VGT,2024-11-18,74.6849981843319,75.21886028454118,74.30720843697571,74.90423583984375,3436800,2024,11,47,Monday,74.7788,74.68500518798828,0.29,-0.0,-0.51,0.29,0.51,0,0.0,73.9382,73.1913,72.4445,71.6976,70.9508,70.2039,69.4571,68.7102,67.9634,67.2165,66.4697,65.7228,64.976,64.2291,63.4823,62.7354,61.9886,61.2417,60.4949,59.748,59.0012,58.2543,57.5075,56.7606,56.0138,False,False,False,False,False,False,False,False,False,False,False,False,False,False,False,False,False,False,False,False,False,False,False,False,False
VGT,2024-11-19,74.52025693240495,75.86048786281847,74.4434606227666,75.82704162597656,3312800,2024,11,47,Tuesday,75.1628,74.90423583984375,1.23,-0.51,-0.62,1.23,0.62,0,0.0,74.1552,73.4062,72.6571,71.9081,71.159,70.41,69.6609,68.9119,68.1629,67.4138,66.6648,65.9157,65.1667,64.4176,63.6686,62.9196,62.1705,61.4215,60.6724,59.9234,59.1743,58.4253,57.6763,56.9272,56.1782,False,False,False,False,False,False,False,False,False,False,False,False,False,False,False,False,False,False,False,False,False,False,False,False,False
VGT,2024-11-20,75.9249053101265,75.92737748917853,74.84726960904115,75.90756225585938,3030400,2024,11,47,Wednesday,75.6518,75.82704162597656,0.11,0.13,-1.29,0.11,1.29,1,75.0688,75.0688,74.3105,73.5522,72.794,72.0357,71.2774,70.5191,69.7609,69.0026,68.2443,67.4861,66.7278,65.9695,65.2113,64.453,63.6947,62.9364,62.1782,61.4199,60.6616,59.9034,59.1451,58.3868,57.6286,56.8703,True,False,False,False,False,False,False,False,False,False,False,False,False,False,False,False,False,False,False,False,False,False,False,False,False
VGT,2024-11-21,76.74241169985886,77.2007173703434,75.49632015524108,76.70773315429688,3704000,2024,11,47,Thursday,76.5368,75.90756225585938,1.05,1.1,-0.54,1.05,0.54,0,0.0,75.1485,74.3894,73.6303,72.8713,72.1122,71.3531,70.594,69.835,69.0759,68.3168,67.5577,66.7987,66.0396,65.2805,64.5214,63.7624,63.0033,62.2442,61.4851,60.726,59.967,59.2079,58.4488,57.6897,56.9307,False,False,False,False,False,False,False,False,False,False,False,False,False,False,False,False,False,False,False,False,False,False,False,False,False
VGT,2024-11-22,76.66189474661458,77.04959589103696,76.42779377674134,76.99262237548828,4295200,2024,11,47,Friday,76.783,76.70773315429688,0.37,-0.06,-0.36,0.37,0.36,0,0.0,75.9407,75.1736,74.4065,73.6394,72.8723,72.1053,71.3382,70.5711,69.804,69.037,68.2699,67.5028,66.7357,65.9687,65.2016,64.4345,63.6674,62.9003,62.1333,61.3662,60.5991,59.832,59.065,58.2979,57.5308,False,False,False,False,False,False,False,False,False,False,False,False,False,False,False,False,False,False,False,False,False,False,False,False,False
VGT,2024-11-25,77.5970958391107,77.73458528246573,76.67305277224226,76.95670318603516,5583200,2024,11,48,Monday,77.2404,76.99262237548828,-0.05,0.79,-0.42,-0.05,0.42,0,0.0,76.2227,75.4528,74.6828,73.9129,73.143,72.3731,71.6031,70.8332,70.0633,69.2934,68.5234,67.7535,66.9836,66.2137,65.4437,64.6738,63.9039,63.134,62.364,61.5941,60.8242,60.0542,59.2843,58.5144,57.7445,False,False,False,False,False,False,False,False,False,False,False,False,False,False,False,False,False,False,False,False,False,False,False,False,False
VGT,2024-11-26,77.25026069193521,77.56612501742106,76.94183558368914,77.18956756591797,2852800,2024,11,48,Tuesday,77.2369,76.95670318603516,0.3,0.38,-0.02,0.3,0.02,0,0.0,76.1871,75.4176,74.648,73.8784,73.1089,72.3393,71.5697,70.8002,70.0306,69.261,68.4915,67.7219,66.9523,66.1828,65.4132,64.6436,63.8741,63.1045,62.3349,61.5654,60.7958,60.0262,59.2567,58.4871,57.7175,False,False,False,False,False,False,False,False,False,False,False,False,False,False,False,False,False,False,False,False,False,False,False,False,False
VGT,2024-11-27,76.89724749994224,76.89724749994224,75.62018940309328,76.39559173583984,3337600,2024,11,48,Wednesday,76.4526,77.18956756591797,-1.03,-0.38,-2.03,-1.03,2.03,2,152.0634,76.4177,75.6458,74.8739,74.102,73.3301,72.5582,71.7863,71.0144,70.2425,69.4706,68.6987,67.9268,67.1549,66.383,65.6111,64.8392,64.0673,63.2954,62.5235,61.7517,60.9798,60.2079,59.436,58.6641,57.8922,True,True,False,False,False,False,False,False,False,False,False,False,False,False,False,False,False,False,False,False,False,False,False,False,False
VGT,2024-11-29,76.61112503413457,77.27380514495725,76.53184897551675,77.07562255859375,1688800,2024,11,48,Friday,76.8731,76.39559173583984,0.89,0.28,0.18,0.89,-0.18,0,0.0,75.6316,74.8677,74.1037,73.3398,72.5758,71.8119,71.0479,70.2839,69.52,68.756,67.9921,67.2281,66.4642,65.7002,64.9363,64.1723,63.4083,62.6444,61.8804,61.1165,60.3525,59.5886,58.8246,58.0606,57.2967,False,False,False,False,False,False,False,False,False,False,False,False,False,False,False,False,False,False,False,False,False,False,False,False,False
VGT,2024-12-02,77.23539672097911,78.11856183492854,77.1833751220039,77.83367156982422,3457600,2024,12,49,Monday,77.5928,77.07562255859375,0.98,0.21,0.14,0.98,-0.14,0,0.0,76.3049,75.5341,74.7634,73.9926,73.2218,72.4511,71.6803,70.9096,70.1388,69.3681,68.5973,67.8265,67.0558,66.285,65.5143,64.7435,63.9728,63.202,62.4313,61.6605,60.8897,60.119,59.3482,58.5775,57.8067,False,False,False,False,False,False,False,False,False,False,False,False,False,False,False,False,False,False,False,False,False,False,False,False,False
VGT,2024-12-03,77.62680656688076,78.25975987263926,77.41623290135328,78.23746490478516,2440800,2024,12,49,Tuesday,77.8851,77.83367156982422,0.52,-0.27,-0.54,0.52,0.54,0,0.0,77.0553,76.277,75.4987,74.7203,73.942,73.1637,72.3853,71.607,70.8286,70.0503,69.272,68.4936,67.7153,66.937,66.1586,65.3803,64.6019,63.8236,63.0453,62.2669,61.4886,60.7103,59.9319,59.1536,58.3753,False,False,False,False,False,False,False,False,False,False,False,False,False,False,False,False,False,False,False,False,False,False,False,False,False
VGT,2024-12-04,79.24202809805313,79.84278269221957,79.09215508703221,79.82295989990234,3933600,2024,12,49,Wednesday,79.5,78.23746490478516,2.03,1.28,1.09,2.03,-1.09,0,0.0,77.4551,76.6727,75.8903,75.108,74.3256,73.5432,72.7608,71.9785,71.1961,70.4137,69.6313,68.849,68.0666,67.2842,66.5018,65.7195,64.9371,64.1547,63.3723,62.59,61.8076,61.0252,60.2428,59.4605,58.6781,False,False,False,False,False,False,False,False,False,False,False,False,False,False,False,False,False,False,False,False,False,False,False,False,False
VGT,2024-12-05,79.84401802282812,79.86755286448279,79.34855403867112,79.42411804199219,3452000,2024,12,49,Thursday,79.6211,79.82295989990234,-0.5,0.03,-0.59,-0.5,0.59,0,0.0,79.0247,78.2265,77.4283,76.63,75.8318,75.0336,74.2354,73.4371,72.6389,71.8407,71.0424,70.2442,69.446,68.6477,67.8495,67.0513,66.2531,65.4548,64.6566,63.8584,63.0601,62.2619,61.4637,60.6654,59.8672,False,False,False,False,False,False,False,False,False,False,False,False,False,False,False,False,False,False,False,False,False,False,False,False,False
VGT,2024-12-06,79.6446028286402,80.07813385421437,79.56532676952031,79.83659362792969,2700800,2024,12,49,Friday,79.7812,79.42411804199219,0.52,0.28,0.18,0.52,-0.18,0,0.0,78.6299,77.8356,77.0414,76.2472,75.4529,74.6587,73.8644,73.0702,72.2759,71.4817,70.6875,69.8932,69.099,68.3047,67.5105,66.7163,65.922,65.1278,64.3335,63.5393,62.7451,61.9508,61.1566,60.3623,59.5681,False,False,False,False,False,False,False,False,False,False,False,False,False,False,False,False,False,False,False,False,False,False,False,False,False
VGT,2024-12-09,79.60618985700926,79.78207743780817,79.0475530583678,79.24078369140625,5318400,2024,12,50,Monday,79.4192,79.83659362792969,-0.75,-0.29,-0.99,-0.75,0.99,0,0.0,79.0382,78.2399,77.4415,76.6431,75.8448,75.0464,74.248,73.4497,72.6513,71.8529,71.0546,70.2562,69.4578,68.6595,67.8611,67.0627,66.2644,65.466,64.6676,63.8693,63.0709,62.2725,61.4742,60.6758,59.8774,False,False,False,False,False,False,False,False,False,False,False,False,False,False,False,False,False,False,False,False,False,False,False,False,False
VGT,2024-12-10,79.10329045312612,79.268034321107,77.83738378385031,78.10369110107422,4460800,2024,12,50,Tuesday,78.5781,79.24078369140625,-1.43,-0.17,-1.77,-1.43,1.77,1,78.4484,78.4484,77.656,76.8636,76.0712,75.2787,74.4863,73.6939,72.9015,72.1091,71.3167,70.5243,69.7319,68.9395,68.1471,67.3547,66.5623,65.7699,64.9774,64.185,63.3926,62.6002,61.8078,61.0154,60.223,59.4306,True,False,False,False,False,False,False,False,False,False,False,False,False,False,False,False,False,False,False,False,False,False,False,False,False
VGT,2024-12-11,78.82584222402122,79.53931156232575,78.47529934256097,79.29901123046875,3643200,2024,12,50,Wednesday,79.0349,78.10369110107422,1.53,0.92,0.48,1.53,-0.48,0,0.0,77.3227,76.5416,75.7606,74.9795,74.1985,73.4175,72.6364,71.8554,71.0744,70.2933,69.5123,68.7312,67.9502,67.1692,66.3881,65.6071,64.8261,64.045,63.264,62.483,61.7019,60.9209,60.1398,59.3588,58.5778,False,False,False,False,False,False,False,False,False,False,False,False,False,False,False,False,False,False,False,False,False,False,False,False,False
VGT,2024-12-12,78.87415014960429,79.26680322741628,78.6437536587342,78.95465850830078,2456000,2024,12,50,Thursday,78.9348,79.29901123046875,-0.43,-0.54,-0.83,-0.43,0.83,0,0.0,78.506,77.713,76.92,76.1271,75.3341,74.5411,73.7481,72.9551,72.1621,71.3691,70.5761,69.7831,68.9901,68.1971,67.4042,66.6112,65.8182,65.0252,64.2322,63.4392,62.6462,61.8532,61.0602,60.2672,59.4743,False,False,False,False,False,False,False,False,False,False,False,False,False,False,False,False,False,False,False,False,False,False,False,False,False
VGT,2024-12-13,79.81304430395431,80.04220091200574,78.71683336224203,79.3274917602539,2840000,2024,12,50,Friday,79.4749,78.95465850830078,0.47,1.09,-0.3,0.47,0.3,0,0.0,78.1651,77.3756,76.586,75.7965,75.0069,74.2174,73.4278,72.6383,71.8487,71.0592,70.2696,69.4801,68.6906,67.901,67.1115,66.3219,65.5324,64.7428,63.9533,63.1637,62.3742,61.5846,60.7951,60.0055,59.216,False,False,False,False,False,False,False,False,False,False,False,False,False,False,False,False,False,False,False,False,False,False,False,False,False
VGT,2024-12-16,79.48356202930647,80.34690429210707,79.30147510507487,80.26143646240234,3426400,2024,12,51,Monday,79.8483,79.3274917602539,1.18,0.2,-0.03,1.18,0.03,0,0.0,78.5342,77.7409,76.9477,76.1544,75.3611,74.5678,73.7746,72.9813,72.188,71.3947,70.6015,69.8082,69.0149,68.2216,67.4284,66.6351,65.8418,65.0485,64.2553,63.462,62.6687,61.8754,61.0822,60.2889,59.4956,False,False,False,False,False,False,False,False,False,False,False,False,False,False,False,False,False,False,False,False,False,False,False,False,False
VGT,2024-12-17,79.70654166385421,79.99143198946727,79.21850925695188,79.7672348022461,3439200,2024,12,51,Tuesday,79.6709,80.26143646240234,-0.62,-0.69,-1.3,-0.62,1.3,1,79.4588,79.4588,78.6562,77.8536,77.051,76.2484,75.4458,74.6431,73.8405,73.0379,72.2353,71.4327,70.6301,69.8274,69.0248,68.2222,67.4196,66.617,65.8144,65.0118,64.2091,63.4065,62.6039,61.8013,60.9987,60.1961,True,False,False,False,False,False,False,False,False,False,False,False,False,False,False,False,False,False,False,False,False,False,False,False,False
VGT,2024-12-18,80.06448012360119,80.30383692784609,76.78179034141957,77.04594421386719,8525600,2024,12,51,Wednesday,78.549,79.7672348022461,-3.41,0.37,-3.74,-3.41,3.74,3,234.5157,78.9696,78.1719,77.3742,76.5765,75.7789,74.9812,74.1835,73.3859,72.5882,71.7905,70.9928,70.1952,69.3975,68.5998,67.8021,67.0045,66.2068,65.4091,64.6115,63.8138,63.0161,62.2184,61.4208,60.6231,59.8254,True,True,True,False,False,False,False,False,False,False,False,False,False,False,False,False,False,False,False,False,False,False,False,False,False
VGT,2024-12-19,77.90537446213906,78.09759716379571,77.01121909596476,77.1116714477539,6925600,2024,12,51,Thursday,77.5315,77.04594421386719,0.09,1.12,-0.05,0.09,0.05,0,0.0,76.2755,75.505,74.7346,73.9641,73.1936,72.4232,71.6527,70.8823,70.1118,69.3413,68.5709,67.8004,67.03,66.2595,65.4891,64.7186,63.9481,63.1777,62.4072,61.6368,60.8663,60.0958,59.3254,58.5549,57.7845,False,False,False,False,False,False,False,False,False,False,False,False,False,False,False,False,False,False,False,False,False,False,False,False,False
VGT,2024-12-20,76.5635246578606,78.92354559965342,76.38245912311062,78.32950592041016,5290400,2024,12,51,Friday,77.5498,77.1116714477539,1.58,-0.71,-0.95,1.58,0.95,0,0.0,76.3406,75.5694,74.7983,74.0272,73.2561,72.485,71.7139,70.9427,70.1716,69.4005,68.6294,67.8583,67.0872,66.316,65.5449,64.7738,64.0027,63.2316,62.4605,61.6893,60.9182,60.1471,59.376,58.6049,57.8338,False,False,False,False,False,False,False,False,False,False,False,False,False,False,False,False,False,False,False,False,False,False,False,False,False
VGT,2024-12-23,78.63707364580674,79.06616287845574,78.07032131207482,79.05376434326172,3564000,2024,12,52,Monday,78.7068,78.32950592041016,0.92,0.39,-0.33,0.92,0.33,0,0.0,77.5462,76.7629,75.9796,75.1963,74.413,73.6297,72.8464,72.0631,71.2799,70.4966,69.7133,68.93,68.1467,67.3634,66.5801,65.7968,65.0135,64.2302,63.4469,62.6636,61.8803,61.097,60.3137,59.5304,58.7471,False,False,False,False,False,False,False,False,False,False,False,False,False,False,False,False,False,False,False,False,False,False,False,False,False
VGT,2024-12-24,79.34395034586062,79.92186737060547,79.23605736261618,79.92186737060547,3484000,2024,12,52,Tuesday,79.6059,79.05376434326172,1.1,0.37,0.23,1.1,-0.23,0,0.0,78.2632,77.4727,76.6822,75.8916,75.1011,74.3105,73.52,72.7295,71.9389,71.1484,70.3579,69.5673,68.7768,67.9862,67.1957,66.4052,65.6146,64.8241,64.0335,63.243,62.4525,61.6619,60.8714,60.0809,59.2903,False,False,False,False,False,False,False,False,False,False,False,False,False,False,False,False,False,False,False,False,False,False,False,False,False
VGT,2024-12-26,79.69368674604006,80.26787975140027,79.35016857838124,80.06077575683594,3670400,2024,12,52,Thursday,79.8431,79.92186737060547,0.17,-0.29,-0.72,0.17,0.72,0,0.0,79.1226,78.3234,77.5242,76.725,75.9258,75.1266,74.3273,73.5281,72.7289,71.9297,71.1305,70.3312,69.532,68.7328,67.9336,67.1344,66.3351,65.5359,64.7367,63.9375,63.1383,62.3391,61.5398,60.7406,59.9414,False,False,False,False,False,False,False,False,False,False,False,False,False,False,False,False,False,False,False,False,False,False,False,False,False
VGT,2024-12-27,79.60439714287898,79.60439714287898,78.03932044699049,78.81193542480469,4839200,2024,12,52,Friday,79.015,80.06077575683594,-1.56,-0.57,-2.52,-1.56,2.52,2,157.7197,79.2602,78.4596,77.659,76.8583,76.0577,75.2571,74.4565,73.6559,72.8553,72.0547,71.2541,70.4535,69.6529,68.8523,68.0517,67.2511,66.4504,65.6498,64.8492,64.0486,63.248,62.4474,61.6468,60.8462,60.0456,True,True,False,False,False,False,False,False,False,False,False,False,False,False,False,False,False,False,False,False,False,False,False,False,False
VGT,2024-12-30,77.65486629812571,78.48205601483588,77.14020596606485,77.8284912109375,3900000,2024,12,52,Monday,77.7764,78.81193542480469,-1.25,-1.47,-2.12,-1.25,2.12,2,155.2595,78.0238,77.2357,76.4476,75.6595,74.8713,74.0832,73.2951,72.507,71.7189,70.9307,70.1426,69.3545,68.5664,67.7783,66.9901,66.202,65.4139,64.6258,63.8377,63.0495,62.2614,61.4733,60.6852,59.8971,59.109,True,True,False,False,False,False,False,False,False,False,False,False,False,False,False,False,False,False,False,False,False,False,False,False,False
VGT,2024-12-31,78.06782915304345,78.08519315566957,76.86984165015186,77.11290740966797,5552000,2024,12,52,Tuesday,77.5339,77.8284912109375,-0.92,0.31,-1.23,-0.92,1.23,1,77.0502,77.0502,76.2719,75.4936,74.7154,73.9371,73.1588,72.3805,71.6022,70.8239,70.0456,69.2674,68.4891,67.7108,66.9325,66.1542,65.3759,64.5976,63.8194,63.0411,62.2628,61.4845,60.7062,59.9279,59.1497,58.3714,True,False,False,False,False,False,False,False,False,False,False,False,False,False,False,False,False,False,False,False,False,False,False,False,False
