Symbol,Date,Open,High,Low,Close,Volume,Year,Month,Week,Weekday,avg_daily_price,Previous_Close,Daily_Gain_Loss_Pct,Open_vs_PrevClose_Pct,Low_vs_PrevClose_Pct,Close_vs_PrevClose_Pct,mx_percent_decline,BOD99-1,BOD98-2,BOD97-3,BOD96-4,BOD95-5,BOD94-6,BOD93-7,BOD92-8,BOD91-9,BOD90-10,BOD89-11,BOD88-12,BOD87-13,BOD86-14,BOD85-15,BOD84-16,BOD82-18,BOD81-19,BOD80-20,BOD79-21,BOD78-22,BOD77-23,BOD76-24,BOD75-25,Shares_Purchased,Total_Value_Purchased,BOD99-1_Executed,BOD98-2_Executed,BOD97-3_Executed,BOD96-4_Executed,BOD95-5_Executed,BOD94-6_Executed,BOD93-7_Executed,BOD92-8_Executed,BOD91-9_Executed,BOD90-10_Executed,BOD89-11_Executed,BOD88-12_Executed,BOD87-13_Executed,BOD86-14_Executed,BOD85-15_Executed,BOD84-16_Executed,BOD82-18_Executed,BOD81-19_Executed,BOD80-20_Executed,BOD79-21_Executed,BOD78-22_Executed,BOD77-23_Executed,BOD76-24_Executed,BOD75-25_Executed
UPRO,2021-01-04 05:00:00+00:00,37.75204335572474,37.79089378893168,34.61008589100231,35.79499816894531,14195000,2021,1,1,Monday,36.487,37.32469940185547,-4.1,1.14,-7.27,-4.1,7.27,36.9515,36.5782,36.205,35.8317,35.4585,35.0852,34.712,34.3387,33.9655,33.5922,33.219,32.8457,32.4725,32.0992,31.726,31.3527,30.6063,30.233,29.8598,29.4865,29.1133,28.74,28.3668,27.9935,7,250.822,True,True,True,True,True,True,True,False,False,False,False,False,False,False,False,False,False,False,False,False,False,False,False,False
UPRO,2021-01-05 05:00:00+00:00,35.5861814437287,36.863362564317086,35.58132421337046,36.50400161743164,8545800,2021,1,1,Tuesday,36.1337,35.79499816894531,1.98,-0.58,-0.6,1.98,0.6,35.437,35.0791,34.7211,34.3632,34.0052,33.6473,33.2893,32.9314,32.5734,32.2155,31.8575,31.4996,31.1416,30.7837,30.4257,30.0678,29.3519,28.9939,28.636,28.278,27.9201,27.5621,27.2042,26.8462,0,0.0,False,False,False,False,False,False,False,False,False,False,False,False,False,False,False,False,False,False,False,False,False,False,False,False
UPRO,2021-01-06 05:00:00+00:00,36.042659049180536,38.19395233887504,35.87269306342195,37.188720703125,15697800,2021,1,1,Wednesday,36.8245,36.50400161743164,1.88,-1.26,-1.73,1.88,1.73,36.139,35.7739,35.4089,35.0438,34.6788,34.3138,33.9487,33.5837,33.2186,32.8536,32.4886,32.1235,31.7585,31.3934,31.0284,30.6634,29.9333,29.5682,29.2032,28.8382,28.4731,28.1081,27.743,27.378,1,36.139,True,False,False,False,False,False,False,False,False,False,False,False,False,False,False,False,False,False,False,False,False,False,False,False
UPRO,2021-01-07 05:00:00+00:00,37.94143321620992,39.06806980365649,37.88316127348512,38.82526016235352,10134000,2021,1,1,Thursday,38.4295,37.188720703125,4.4,2.02,1.87,4.4,-1.87,36.8168,36.4449,36.0731,35.7012,35.3293,34.9574,34.5855,34.2136,33.8417,33.4698,33.098,32.7261,32.3542,31.9823,31.6104,31.2385,30.4948,30.1229,29.751,29.3791,29.0072,28.6353,28.2634,27.8915,0,0.0,False,False,False,False,False,False,False,False,False,False,False,False,False,False,False,False,False,False,False,False,False,False,False,False
UPRO,2021-01-08 05:00:00+00:00,39.286595626430895,39.55854120395012,38.21337759517182,39.49055480957031,12885600,2021,1,1,Friday,39.1373,38.82526016235352,1.71,1.19,-1.58,1.71,1.58,38.437,38.0488,37.6605,37.2722,36.884,36.4957,36.1075,35.7192,35.331,34.9427,34.5545,34.1662,33.778,33.3897,33.0015,32.6132,31.8367,31.4485,31.0602,30.672,30.2837,29.8955,29.5072,29.1189,1,38.437,True,False,False,False,False,False,False,False,False,False,False,False,False,False,False,False,False,False,False,False,False,False,False,False
UPRO,2021-01-11 05:00:00+00:00,38.42705077669658,39.27688448317146,38.402772036643,38.70385360717773,9382800,2021,1,2,Monday,38.7026,39.49055480957031,-1.99,-2.69,-2.75,-1.99,2.75,39.0956,38.7007,38.3058,37.9109,37.516,37.1211,36.7262,36.3313,35.9364,35.5415,35.1466,34.7517,34.3568,33.9619,33.567,33.1721,32.3823,31.9873,31.5924,31.1975,30.8026,30.4077,30.0128,29.6179,2,77.7964,True,True,False,False,False,False,False,False,False,False,False,False,False,False,False,False,False,False,False,False,False,False,False,False
UPRO,2021-01-12 05:00:00+00:00,38.76212623267954,39.043786271222295,37.98027898723054,38.73299026489258,9411200,2021,1,2,Tuesday,38.6298,38.70385360717773,0.08,0.15,-1.87,0.08,1.87,38.3168,37.9298,37.5427,37.1557,36.7687,36.3816,35.9946,35.6075,35.2205,34.8335,34.4464,34.0594,33.6724,33.2853,32.8983,32.5112,31.7372,31.3501,30.9631,30.576,30.189,29.802,29.4149,29.0279,1,38.3168,True,False,False,False,False,False,False,False,False,False,False,False,False,False,False,False,False,False,False,False,False,False,False,False
UPRO,2021-01-13 05:00:00+00:00,38.69899132397874,39.3497192078475,38.43675653787368,39.01464080810547,6181000,2021,1,2,Wednesday,38.875,38.73299026489258,0.73,-0.09,-0.76,0.73,0.76,38.3457,37.9583,37.571,37.1837,36.7963,36.409,36.0217,35.6344,35.247,34.8597,34.4724,34.085,33.6977,33.3104,32.923,32.5357,31.7611,31.3737,30.9864,30.5991,30.2117,29.8244,29.4371,29.0497,0,0.0,False,False,False,False,False,False,False,False,False,False,False,False,False,False,False,False,False,False,False,False,False,False,False,False
UPRO,2021-01-14 05:00:00+00:00,39.27202999943593,39.43228153581646,38.4998934669553,38.61158752441406,7253600,2021,1,2,Thursday,38.9539,39.01464080810547,-1.03,0.66,-1.32,-1.03,1.32,38.6245,38.2343,37.8442,37.4541,37.0639,36.6738,36.2836,35.8935,35.5033,35.1132,34.723,34.3329,33.9427,33.5526,33.1624,32.7723,31.992,31.6019,31.2117,30.8216,30.4314,30.0413,29.6511,29.261,1,38.6245,True,False,False,False,False,False,False,False,False,False,False,False,False,False,False,False,False,False,False,False,False,False,False,False
UPRO,2021-01-15 05:00:00+00:00,38.07255022853637,38.33478507011458,37.154730135503065,37.75689697265625,8500800,2021,1,2,Friday,37.8297,38.61158752441406,-2.21,-1.4,-3.77,-2.21,3.77,38.2255,37.8394,37.4532,37.0671,36.681,36.2949,35.9088,35.5227,35.1365,34.7504,34.3643,33.9782,33.5921,33.206,32.8198,32.4337,31.6615,31.2754,30.8893,30.5032,30.117,29.7309,29.3448,28.9587,3,113.5181,True,True,True,False,False,False,False,False,False,False,False,False,False,False,False,False,False,False,False,False,False,False,False,False
UPRO,2021-01-19 05:00:00+00:00,38.54846060262936,38.82040994343769,38.0871237268542,38.65044021606445,8177200,2021,1,3,Tuesday,38.5266,37.75689697265625,2.37,2.1,0.87,2.37,-0.87,37.3793,37.0018,36.6242,36.2466,35.8691,35.4915,35.1139,34.7363,34.3588,33.9812,33.6036,33.2261,32.8485,32.4709,32.0934,31.7158,30.9607,30.5831,30.2055,29.8279,29.4504,29.0728,28.6952,28.3177,0,0.0,False,False,False,False,False,False,False,False,False,False,False,False,False,False,False,False,False,False,False,False,False,False,False,False
UPRO,2021-01-20 05:00:00+00:00,39.39828429035061,40.52006715969137,39.27687949057204,40.238407135009766,6933400,2021,1,3,Wednesday,39.8584,38.65044021606445,4.11,1.93,1.62,4.11,-1.62,38.2639,37.8774,37.4909,37.1044,36.7179,36.3314,35.9449,35.5584,35.1719,34.7854,34.3989,34.0124,33.6259,33.2394,32.8529,32.4664,31.6934,31.3069,30.9204,30.5338,30.1473,29.7608,29.3743,28.9878,0,0.0,False,False,False,False,False,False,False,False,False,False,False,False,False,False,False,False,False,False,False,False,False,False,False,False
UPRO,2021-01-21 05:00:00+00:00,40.42295363362255,40.57349815142445,40.04417113363496,40.3306884765625,4612200,2021,1,3,Thursday,40.3428,40.238407135009766,0.23,0.46,-0.48,0.23,0.48,39.836,39.4336,39.0313,38.6289,38.2265,37.8241,37.4217,37.0193,36.617,36.2146,35.8122,35.4098,35.0074,34.605,34.2026,33.8003,32.9955,32.5931,32.1907,31.7883,31.386,30.9836,30.5812,30.1788,0,0.0,False,False,False,False,False,False,False,False,False,False,False,False,False,False,False,False,False,False,False,False,False,False,False,False
UPRO,2021-01-22 05:00:00+00:00,39.72851535560353,40.296692775388905,39.59739976948776,39.92276382446289,7853600,2021,1,3,Friday,39.8863,40.3306884765625,-1.01,-1.49,-1.82,-1.01,1.82,39.9274,39.5241,39.1208,38.7175,38.3142,37.9108,37.5075,37.1042,36.7009,36.2976,35.8943,35.491,35.0877,34.6844,34.2811,33.8778,33.0712,32.6679,32.2646,31.8612,31.4579,31.0546,30.6513,30.248,1,39.9274,True,False,False,False,False,False,False,False,False,False,False,False,False,False,False,False,False,False,False,False,False,False,False,False
UPRO,2021-01-25 05:00:00+00:00,40.17042351986192,40.5006447462817,38.54845335612981,40.40351867675781,10155600,2021,1,4,Monday,39.9058,39.92276382446289,1.2,0.62,-3.44,1.2,3.44,39.5235,39.1243,38.7251,38.3259,37.9266,37.5274,37.1282,36.7289,36.3297,35.9305,35.5313,35.132,34.7328,34.3336,33.9343,33.5351,32.7367,32.3374,31.9382,31.539,31.1398,30.7405,30.3413,29.9421,3,117.3729,True,True,True,False,False,False,False,False,False,False,False,False,False,False,False,False,False,False,False,False,False,False,False,False
UPRO,2021-01-26 05:00:00+00:00,40.69489614456696,40.840579701993306,40.12671878516312,40.21413040161133,4737800,2021,1,4,Tuesday,40.4691,40.40351867675781,-0.47,0.72,-0.69,-0.47,0.69,39.9995,39.5954,39.1914,38.7874,38.3833,37.9793,37.5753,37.1712,36.7672,36.3632,35.9591,35.5551,35.1511,34.747,34.343,33.939,33.1309,32.7269,32.3228,31.9188,31.5147,31.1107,30.7067,30.3026,0,0.0,False,False,False,False,False,False,False,False,False,False,False,False,False,False,False,False,False,False,False,False,False,False,False,False
UPRO,2021-01-27 05:00:00+00:00,39.08264467686539,39.09235543311658,36.4991500312239,37.25185775756836,14850000,2021,1,4,Wednesday,37.9815,40.21413040161133,-7.37,-2.81,-9.24,-7.37,9.24,39.812,39.4098,39.0077,38.6056,38.2034,37.8013,37.3991,36.997,36.5949,36.1927,35.7906,35.3884,34.9863,34.5842,34.182,33.7799,32.9756,32.5734,32.1713,31.7692,31.367,30.9649,30.5627,30.1606,9,343.8308,True,True,True,True,True,True,True,True,True,False,False,False,False,False,False,False,False,False,False,False,False,False,False,False
UPRO,2021-01-28 05:00:00+00:00,37.820015349201846,39.47597831003966,37.69375704686463,38.1890869140625,13362400,2021,1,4,Thursday,38.2947,37.25185775756836,2.52,1.53,1.19,2.52,-1.19,36.8793,36.5068,36.1343,35.7618,35.3893,35.0167,34.6442,34.2717,33.8992,33.5267,33.1542,32.7816,32.4091,32.0366,31.6641,31.2916,30.5465,30.174,29.8015,29.429,29.0564,28.6839,28.3114,27.9389,0,0.0,False,False,False,False,False,False,False,False,False,False,False,False,False,False,False,False,False,False,False,False,False,False,False,False
UPRO,2021-01-29 05:00:00+00:00,37.58693040614502,37.90743718212603,35.35793613894733,35.94068145751953,15330000,2021,1,4,Friday,36.6982,38.1890869140625,-5.89,-1.58,-7.41,-5.89,7.41,37.8072,37.4253,37.0434,36.6615,36.2796,35.8977,35.5159,35.134,34.7521,34.3702,33.9883,33.6064,33.2245,32.8426,32.4607,32.0788,31.3151,30.9332,30.5513,30.1694,29.7875,29.4056,29.0237,28.6418,7,256.6307,True,True,True,True,True,True,True,False,False,False,False,False,False,False,False,False,False,False,False,False,False,False,False,False
UPRO,2021-02-01 05:00:00+00:00,36.96534394073396,38.02399420563225,36.30490136969752,37.65492248535156,7982200,2021,2,5,Monday,37.2373,35.94068145751953,4.77,2.85,1.01,4.77,-1.01,35.5813,35.2219,34.8625,34.5031,34.1436,33.7842,33.4248,33.0654,32.706,32.3466,31.9872,31.6278,31.2684,30.909,30.5496,30.1902,29.4714,29.112,28.7525,28.3931,28.0337,27.6743,27.3149,26.9555,0,0.0,False,False,False,False,False,False,False,False,False,False,False,False,False,False,False,False,False,False,False,False,False,False,False,False
UPRO,2021-02-02 05:00:00+00:00,38.7184253355864,39.7964969835426,38.70385364556268,39.26717376708984,7695400,2021,2,5,Tuesday,39.1215,37.65492248535156,4.28,2.82,2.79,4.28,-2.79,37.2784,36.9018,36.5253,36.1487,35.7722,35.3956,35.0191,34.6425,34.266,33.8894,33.5129,33.1363,32.7598,32.3832,32.0067,31.6301,30.877,30.5005,30.1239,29.7474,29.3708,28.9943,28.6177,28.2412,0,0.0,False,False,False,False,False,False,False,False,False,False,False,False,False,False,False,False,False,False,False,False,False,False,False,False
UPRO,2021-02-03 05:00:00+00:00,39.56339972883455,39.94703936966974,38.96123291390699,39.38857650756836,6377200,2021,2,5,Wednesday,39.4651,39.26717376708984,0.31,0.75,-0.78,0.31,0.78,38.8745,38.4818,38.0892,37.6965,37.3038,36.9111,36.5185,36.1258,35.7331,35.3405,34.9478,34.5551,34.1624,33.7698,33.3771,32.9844,32.1991,31.8064,31.4137,31.0211,30.6284,30.2357,29.8431,29.4504,0,0.0,False,False,False,False,False,False,False,False,False,False,False,False,False,False,False,False,False,False,False,False,False,False,False,False
UPRO,2021-02-04 05:00:00+00:00,39.72850828621327,40.72402919635865,39.67023634941148,40.7094612121582,5272800,2021,2,5,Thursday,40.2081,39.38857650756836,3.35,0.86,0.72,3.35,-0.72,38.9947,38.6008,38.2069,37.813,37.4191,37.0253,36.6314,36.2375,35.8436,35.4497,35.0558,34.6619,34.2681,33.8742,33.4803,33.0864,32.2986,31.9047,31.5109,31.117,30.7231,30.3292,29.9353,29.5414,0,0.0,False,False,False,False,False,False,False,False,False,False,False,False,False,False,False,False,False,False,False,False,False,False,False,False
UPRO,2021-02-05 05:00:00+00:00,41.37476386465098,41.437896746344464,40.81630462031866,41.18051910400391,5969800,2021,2,5,Friday,41.2024,40.7094612121582,1.16,1.63,0.26,1.16,-0.26,40.3024,39.8953,39.4882,39.0811,38.674,38.2669,37.8598,37.4527,37.0456,36.6385,36.2314,35.8243,35.4172,35.0101,34.603,34.1959,33.3818,32.9747,32.5676,32.1605,31.7534,31.3463,30.9392,30.5321,0,0.0,False,False,False,False,False,False,False,False,False,False,False,False,False,False,False,False,False,False,False,False,False,False,False,False
UPRO,2021-02-08 05:00:00+00:00,41.68555626711874,42.1129035949707,41.40875343202418,42.1129035949707,4910800,2021,2,6,Monday,41.83,41.18051910400391,2.26,1.23,0.55,2.26,-0.55,40.7687,40.3569,39.9451,39.5333,39.1215,38.7097,38.2979,37.8861,37.4743,37.0625,36.6507,36.2389,35.8271,35.4152,35.0034,34.5916,33.768,33.3562,32.9444,32.5326,32.1208,31.709,31.2972,30.8854,0,0.0,False,False,False,False,False,False,False,False,False,False,False,False,False,False,False,False,False,False,False,False,False,False,False,False
UPRO,2021-02-09 05:00:00+00:00,41.81181926652555,42.21002692792175,41.66613570551586,41.99635696411133,4008800,2021,2,6,Tuesday,41.9211,42.1129035949707,-0.28,-0.71,-1.06,-0.28,1.06,41.6918,41.2706,40.8495,40.4284,40.0073,39.5861,39.165,38.7439,38.3227,37.9016,37.4805,37.0594,36.6382,36.2171,35.796,35.3748,34.5326,34.1115,33.6903,33.2692,32.8481,32.4269,32.0058,31.5847,1,41.6918,True,False,False,False,False,False,False,False,False,False,False,False,False,False,False,False,False,False,False,False,False,False,False,False
UPRO,2021-02-10 05:00:00+00:00,42.59366192396477,42.66164831929586,41.117379030382594,41.96721267700195,6938000,2021,2,6,Wednesday,42.085,41.99635696411133,-0.07,1.42,-2.09,-0.07,2.09,41.5764,41.1564,40.7365,40.3165,39.8965,39.4766,39.0566,38.6366,38.2167,37.7967,37.3768,36.9568,36.5368,36.1169,35.6969,35.2769,34.437,34.017,33.5971,33.1771,32.7572,32.3372,31.9172,31.4973,2,82.7328,True,True,False,False,False,False,False,False,False,False,False,False,False,False,False,False,False,False,False,False,False,False,False,False
UPRO,2021-02-11 05:00:00+00:00,42.33628487214315,42.46740043483377,41.311627994332426,42.14203643798828,6182600,2021,2,6,Thursday,42.0643,41.96721267700195,0.42,0.88,-1.56,0.42,1.56,41.5475,41.1279,40.7082,40.2885,39.8689,39.4492,39.0295,38.6098,38.1902,37.7705,37.3508,36.9311,36.5115,36.0918,35.6721,35.2525,34.4131,33.9934,33.5738,33.1541,32.7344,32.3148,31.8951,31.4754,1,41.5475,True,False,False,False,False,False,False,False,False,False,False,False,False,False,False,False,False,False,False,False,False,False,False,False
UPRO,2021-02-12 05:00:00+00:00,41.84580643355137,42.851038049981206,41.84580643355137,42.77819442749024,5201800,2021,2,6,Friday,42.3302,42.14203643798828,1.51,-0.7,-0.7,1.51,0.7,41.7206,41.2992,40.8778,40.4564,40.0349,39.6135,39.1921,38.7707,38.3493,37.9278,37.5064,37.085,36.6636,36.2422,35.8207,35.3993,34.5565,34.135,33.7136,33.2922,32.8708,32.4494,32.0279,31.6065,0,0.0,False,False,False,False,False,False,False,False,False,False,False,False,False,False,False,False,False,False,False,False,False,False,False,False
UPRO,2021-02-16 05:00:00+00:00,43.19583057803796,43.25896345139325,42.40912976836848,42.65193939208984,7512200,2021,2,7,Tuesday,42.879,42.77819442749024,-0.3,0.98,-0.86,-0.3,0.86,42.3504,41.9226,41.4948,41.0671,40.6393,40.2115,39.7837,39.3559,38.9282,38.5004,38.0726,37.6448,37.217,36.7892,36.3615,35.9337,35.0781,34.6503,34.2226,33.7948,33.367,32.9392,32.5114,32.0836,0,0.0,False,False,False,False,False,False,False,False,False,False,False,False,False,False,False,False,False,False,False,False,False,False,False,False
UPRO,2021-02-17 05:00:00+00:00,42.030345820133,42.758774664814815,41.6855529066006,42.69078826904297,7880600,2021,2,7,Wednesday,42.2914,42.65193939208984,0.09,-1.46,-2.27,0.09,2.27,42.2254,41.7989,41.3724,40.9459,40.5193,40.0928,39.6663,39.2398,38.8133,38.3867,37.9602,37.5337,37.1072,36.6807,36.2541,35.8276,34.9746,34.5481,34.1216,33.695,33.2685,32.842,32.4155,31.989,2,84.0243,True,True,False,False,False,False,False,False,False,False,False,False,False,False,False,False,False,False,False,False,False,False,False,False
UPRO,2021-02-18 05:00:00+00:00,41.76325936864126,42.38485147342404,41.16594600561896,42.15175628662109,8199200,2021,2,7,Thursday,41.8665,42.69078826904297,-1.26,-2.17,-3.57,-1.26,3.57,42.2639,41.837,41.4101,40.9832,40.5562,40.1293,39.7024,39.2755,38.8486,38.4217,37.9948,37.5679,37.141,36.7141,36.2872,35.8603,35.0064,34.5795,34.1526,33.7257,33.2988,32.8719,32.445,32.0181,3,125.5109,True,True,True,False,False,False,False,False,False,False,False,False,False,False,False,False,False,False,False,False,False,False,False,False
UPRO,2021-02-19 05:00:00+00:00,42.57423292275764,42.661644523975575,41.74868179290628,41.91864776611328,7556600,2021,2,7,Friday,42.2258,42.15175628662109,-0.55,1.0,-0.96,-0.55,0.96,41.7302,41.3087,40.8872,40.4657,40.0442,39.6227,39.2011,38.7796,38.3581,37.9366,37.5151,37.0935,36.672,36.2505,35.829,35.4075,34.5644,34.1429,33.7214,33.2999,32.8784,32.4569,32.0353,31.6138,0,0.0,False,False,False,False,False,False,False,False,False,False,False,False,False,False,False,False,False,False,False,False,False,False,False,False
UPRO,2021-02-22 05:00:00+00:00,40.93284945005425,41.76325797211129,40.84543783168082,40.96684265136719,7823400,2021,2,8,Monday,41.1271,41.91864776611328,-2.27,-2.35,-2.56,-2.27,2.56,41.4995,41.0803,40.6611,40.2419,39.8227,39.4035,38.9843,38.5652,38.146,37.7268,37.3076,36.8884,36.4692,36.05,35.6309,35.2117,34.3733,33.9541,33.5349,33.1157,32.6965,32.2774,31.8582,31.439,2,82.5797,True,True,False,False,False,False,False,False,False,False,False,False,False,False,False,False,False,False,False,False,False,False,False,False
UPRO,2021-02-23 05:00:00+00:00,40.18984941693273,41.53987031392696,38.757270433194655,41.09310150146485,13051000,2021,2,8,Tuesday,40.395,40.96684265136719,0.31,-1.9,-5.39,0.31,5.39,40.5572,40.1475,39.7378,39.3282,38.9185,38.5088,38.0992,37.6895,37.2798,36.8702,36.4605,36.0508,35.6412,35.2315,34.8218,34.4121,33.5928,33.1831,32.7735,32.3638,31.9541,31.5445,31.1348,30.7251,5,198.6892,True,True,True,True,True,False,False,False,False,False,False,False,False,False,False,False,False,False,False,False,False,False,False,False
UPRO,2021-02-24 05:00:00+00:00,40.69489690142319,42.57909836270628,40.379243630324,42.44798278808594,12564800,2021,2,8,Wednesday,41.5253,41.09310150146485,3.3,-0.97,-1.74,3.3,1.74,40.6822,40.2712,39.8603,39.4494,39.0384,38.6275,38.2166,37.8057,37.3947,36.9838,36.5729,36.1619,35.751,35.3401,34.9291,34.5182,33.6963,33.2854,32.8745,32.4636,32.0526,31.6417,31.2308,30.8198,1,40.6822,True,False,False,False,False,False,False,False,False,False,False,False,False,False,False,False,False,False,False,False,False,False,False,False
UPRO,2021-02-25 05:00:00+00:00,42.006064259172994,42.47225828496613,38.85439642902966,39.40314483642578,20683400,2021,2,8,Thursday,40.684,42.44798278808594,-7.17,-1.04,-8.47,-7.17,8.47,42.0235,41.599,41.1745,40.7501,40.3256,39.9011,39.4766,39.0521,38.6277,38.2032,37.7787,37.3542,36.9297,36.5053,36.0808,35.6563,34.8073,34.3829,33.9584,33.5339,33.1094,32.6849,32.2605,31.836,8,324.3026,True,True,True,True,True,True,True,True,False,False,False,False,False,False,False,False,False,False,False,False,False,False,False,False
UPRO,2021-02-26 05:00:00+00:00,39.99074064787714,40.36466950918027,38.08711426027363,38.72327423095703,18970400,2021,2,8,Friday,39.2914,39.40314483642578,-1.73,1.49,-3.34,-1.73,3.34,39.0091,38.6151,38.2211,37.827,37.433,37.039,36.6449,36.2509,35.8569,35.4628,35.0688,34.6748,34.2807,33.8867,33.4927,33.0986,32.3106,31.9165,31.5225,31.1285,30.7345,30.3404,29.9464,29.5524,3,115.8452,True,True,True,False,False,False,False,False,False,False,False,False,False,False,False,False,False,False,False,False,False,False,False,False
UPRO,2021-03-01 05:00:00+00:00,40.33553972306581,41.97693540356368,40.33553972306581,41.5301628112793,9865000,2021,3,9,Monday,41.0445,38.72327423095703,7.25,4.16,4.16,7.25,-4.16,38.336,37.9488,37.5616,37.1743,36.7871,36.3999,36.0126,35.6254,35.2382,34.8509,34.4637,34.0765,33.6892,33.302,32.9148,32.5276,31.7531,31.3659,30.9786,30.5914,30.2042,29.8169,29.4297,29.0425,0,0.0,False,False,False,False,False,False,False,False,False,False,False,False,False,False,False,False,False,False,False,False,False,False,False,False
UPRO,2021-03-02 05:00:00+00:00,41.65156327713135,41.729264138945005,40.51035873035549,40.58320236206055,12509000,2021,3,9,Tuesday,41.1186,41.5301628112793,-2.28,0.29,-2.46,-2.28,2.46,41.1149,40.6996,40.2843,39.869,39.4537,39.0384,38.6231,38.2077,37.7924,37.3771,36.9618,36.5465,36.1312,35.7159,35.3006,34.8853,34.0547,33.6394,33.2241,32.8088,32.3935,31.9782,31.5629,31.1476,2,81.8144,True,True,False,False,False,False,False,False,False,False,False,False,False,False,False,False,False,False,False,False,False,False,False,False
UPRO,2021-03-03 05:00:00+00:00,40.35496182954336,40.6803258611934,38.95152239274258,38.98551559448242,16727000,2021,3,9,Wednesday,39.7431,40.58320236206055,-3.94,-0.56,-4.02,-3.94,4.02,40.1774,39.7715,39.3657,38.9599,38.554,38.1482,37.7424,37.3365,36.9307,36.5249,36.1191,35.7132,35.3074,34.9016,34.4957,34.0899,33.2782,32.8724,32.4666,32.0607,31.6549,31.2491,30.8432,30.4374,4,158.2745,True,True,True,True,False,False,False,False,False,False,False,False,False,False,False,False,False,False,False,False,False,False,False,False
UPRO,2021-03-04 05:00:00+00:00,38.9126709683925,39.757651170058494,36.03780576462727,37.50923156738281,20259000,2021,3,9,Thursday,38.0543,38.98551559448242,-3.79,-0.19,-7.56,-3.79,7.56,38.5957,38.2058,37.816,37.4261,37.0362,36.6464,36.2565,35.8667,35.4768,35.087,34.6971,34.3073,33.9174,33.5275,33.1377,32.7478,31.9681,31.5783,31.1884,30.7986,30.4087,30.0188,29.629,29.2391,7,261.9827,True,True,True,True,True,True,True,False,False,False,False,False,False,False,False,False,False,False,False,False,False,False,False,False
UPRO,2021-03-05 05:00:00+00:00,38.635871225692505,39.92762037228392,36.30490075418437,39.587684631347656,22432800,2021,3,9,Friday,38.614,37.50923156738281,5.54,3.0,-3.21,5.54,3.21,37.1341,36.759,36.384,36.0089,35.6338,35.2587,34.8836,34.5085,34.1334,33.7583,33.3832,33.0081,32.633,32.2579,31.8828,31.5078,30.7576,30.3825,30.0074,29.6323,29.2572,28.8821,28.507,28.1319,3,110.2771,True,True,True,False,False,False,False,False,False,False,False,False,False,False,False,False,False,False,False,False,False,False,False,False
UPRO,2021-03-08 05:00:00+00:00,39.90333495101585,40.83086954496965,38.89810319962598,39.00494003295898,15477000,2021,3,10,Monday,39.6593,39.587684631347656,-1.47,0.8,-1.74,-1.47,1.74,39.1918,38.7959,38.4001,38.0042,37.6083,37.2124,36.8165,36.4207,36.0248,35.6289,35.233,34.8372,34.4413,34.0454,33.6495,33.2537,32.4619,32.066,31.6701,31.2743,30.8784,30.4825,30.0866,29.6908,1,39.1918,True,False,False,False,False,False,False,False,False,False,False,False,False,False,False,False,False,False,False,False,False,False,False,False
UPRO,2021-03-09 05:00:00+00:00,40.24812568815121,41.49616712352336,40.09272766252056,40.65604782104492,8943400,2021,3,10,Tuesday,40.6233,39.00494003295898,4.23,3.19,2.79,4.23,-2.79,38.6149,38.2248,37.8348,37.4447,37.0547,36.6646,36.2746,35.8845,35.4945,35.1044,34.7144,34.3243,33.9343,33.5442,33.1542,32.7641,31.9841,31.594,31.204,30.8139,30.4239,30.0338,29.6438,29.2537,0,0.0,False,False,False,False,False,False,False,False,False,False,False,False,False,False,False,False,False,False,False,False,False,False,False,False
UPRO,2021-03-10 05:00:00+00:00,41.476741078981576,41.99149628793903,40.97655014945072,41.39904022216797,10816200,2021,3,10,Wednesday,41.461,40.65604782104492,1.83,2.02,0.79,1.83,-0.79,40.2495,39.8429,39.4364,39.0298,38.6232,38.2167,37.8101,37.4036,36.997,36.5904,36.1839,35.7773,35.3708,34.9642,34.5576,34.1511,33.338,32.9314,32.5248,32.1183,31.7117,31.3052,30.8986,30.492,0,0.0,False,False,False,False,False,False,False,False,False,False,False,False,False,False,False,False,False,False,False,False,False,False,False,False
UPRO,2021-03-11 05:00:00+00:00,42.27315498484205,43.35608378094725,42.10804252188256,42.67621612548828,7686200,2021,3,10,Thursday,42.6034,41.39904022216797,3.09,2.11,1.71,3.09,-1.71,40.985,40.5711,40.1571,39.7431,39.3291,38.9151,38.5011,38.0871,37.6731,37.2591,36.8451,36.4312,36.0172,35.6032,35.1892,34.7752,33.9472,33.5332,33.1192,32.7052,32.2913,31.8773,31.4633,31.0493,0,0.0,False,False,False,False,False,False,False,False,False,False,False,False,False,False,False,False,False,False,False,False,False,False,False,False
UPRO,2021-03-12 05:00:00+00:00,42.20516912532493,42.89474754383461,41.91865185257582,42.85103988647461,7834200,2021,3,10,Friday,42.4674,42.67621612548828,0.41,-1.1,-1.78,0.41,1.78,42.2495,41.8227,41.3959,40.9692,40.5424,40.1156,39.6889,39.2621,38.8354,38.4086,37.9818,37.5551,37.1283,36.7015,36.2748,35.848,34.9945,34.5677,34.141,33.7142,33.2874,32.8607,32.4339,32.0072,1,42.2495,True,False,False,False,False,False,False,False,False,False,False,False,False,False,False,False,False,False,False,False,False,False,False,False
UPRO,2021-03-15 04:00:00+00:00,42.93359815327759,43.7057309550935,42.1905976148572,43.62317657470703,6305600,2021,3,11,Monday,43.1133,42.85103988647461,1.8,0.19,-1.54,1.8,1.54,42.4225,41.994,41.5655,41.137,40.7085,40.28,39.8515,39.423,38.9944,38.5659,38.1374,37.7089,37.2804,36.8519,36.4234,35.9949,35.1379,34.7093,34.2808,33.8523,33.4238,32.9953,32.5668,32.1383,1,42.4225,True,False,False,False,False,False,False,False,False,False,False,False,False,False,False,False,False,False,False,False,False,False,False,False
UPRO,2021-03-16 04:00:00+00:00,43.82227336083502,44.07479740689037,43.17154544403908,43.4677734375,6973200,2021,3,11,Tuesday,43.6341,43.62317657470703,-0.36,0.46,-1.04,-0.36,1.04,43.1869,42.7507,42.3145,41.8782,41.442,41.0058,40.5696,40.1333,39.6971,39.2609,38.8246,38.3884,37.9522,37.5159,37.0797,36.6435,35.771,35.3348,34.8985,34.4623,34.0261,33.5898,33.1536,32.7174,1,43.1869,True,False,False,False,False,False,False,False,False,False,False,False,False,False,False,False,False,False,False,False,False,False,False,False
UPRO,2021-03-17 04:00:00+00:00,42.99672700534643,44.16706742132937,42.58395140145171,43.86598587036133,8504200,2021,3,11,Wednesday,43.4034,43.4677734375,0.92,-1.08,-2.03,0.92,2.03,43.0331,42.5984,42.1637,41.7291,41.2944,40.8597,40.425,39.9904,39.5557,39.121,38.6863,38.2516,37.817,37.3823,36.9476,36.5129,35.6436,35.2089,34.7742,34.3395,33.9049,33.4702,33.0355,32.6008,2,85.6315,True,True,False,False,False,False,False,False,False,False,False,False,False,False,False,False,False,False,False,False,False,False,False,False
UPRO,2021-03-18 04:00:00+00:00,42.96759320963606,43.70087561534278,41.7632558299302,41.95750427246094,10932600,2021,3,11,Thursday,42.5973,43.86598587036133,-4.35,-2.05,-4.79,-4.35,4.79,43.4273,42.9887,42.55,42.1113,41.6727,41.234,40.7954,40.3567,39.918,39.4794,39.0407,38.6021,38.1634,37.7247,37.2861,36.8474,35.9701,35.5314,35.0928,34.6541,34.2155,33.7768,33.3381,32.8995,4,171.0773,True,True,True,True,False,False,False,False,False,False,False,False,False,False,False,False,False,False,False,False,False,False,False,False
UPRO,2021-03-19 04:00:00+00:00,41.8652235021838,42.39455026466232,40.9765396316337,41.734107971191406,8538200,2021,3,11,Friday,41.7426,41.95750427246094,-0.53,-0.22,-2.34,-0.53,2.34,41.5379,41.1184,40.6988,40.2792,39.8596,39.4401,39.0205,38.6009,38.1813,37.7618,37.3422,36.9226,36.503,36.0835,35.6639,35.2443,34.4052,33.9856,33.566,33.1464,32.7269,32.3073,31.8877,31.4681,2,82.6563,True,True,False,False,False,False,False,False,False,False,False,False,False,False,False,False,False,False,False,False,False,False,False,False
UPRO,2021-03-22 04:00:00+00:00,41.88465856920436,43.20068623733182,41.879801339511886,42.69078826904297,7587800,2021,3,12,Monday,42.414,41.734107971191406,2.29,0.36,0.35,2.29,-0.35,41.3168,40.8994,40.4821,40.0647,39.6474,39.2301,38.8127,38.3954,37.978,37.5607,37.1434,36.726,36.3087,35.8913,35.474,35.0567,34.222,33.8046,33.3873,32.9699,32.5526,32.1353,31.7179,31.3006,0,0.0,False,False,False,False,False,False,False,False,False,False,False,False,False,False,False,False,False,False,False,False,False,False,False,False
UPRO,2021-03-23 04:00:00+00:00,42.50570872322218,43.00606104434295,41.441850370335786,41.72846221923828,9710600,2021,3,12,Tuesday,42.1705,42.69078826904297,-2.25,-0.43,-2.93,-2.25,2.93,42.2639,41.837,41.4101,40.9832,40.5562,40.1293,39.7024,39.2755,38.8486,38.4217,37.9948,37.5679,37.141,36.7141,36.2872,35.8603,35.0064,34.5795,34.1526,33.7257,33.2988,32.8719,32.445,32.0181,2,84.1009,True,True,False,False,False,False,False,False,False,False,False,False,False,False,False,False,False,False,False,False,False,False,False,False
UPRO,2021-03-24 04:00:00+00:00,42.1996668396619,42.75345517763309,41.07265853881836,41.07265853881836,8244600,2021,3,12,Wednesday,41.7746,41.72846221923828,-1.57,1.13,-1.57,-1.57,1.57,41.3112,40.8939,40.4766,40.0593,39.642,39.2248,38.8075,38.3902,37.9729,37.5556,37.1383,36.721,36.3038,35.8865,35.4692,35.0519,34.2173,33.8001,33.3828,32.9655,32.5482,32.1309,31.7136,31.2963,1,41.3112,True,False,False,False,False,False,False,False,False,False,False,False,False,False,False,False,False,False,False,False,False,False,False,False
UPRO,2021-03-25 04:00:00+00:00,40.58687779014924,42.03935742458377,39.926217388585,41.74789047241211,11545800,2021,3,12,Thursday,41.0751,41.07265853881836,1.64,-1.18,-2.79,1.64,2.79,40.6619,40.2512,39.8405,39.4298,39.019,38.6083,38.1976,37.7868,37.3761,36.9654,36.5547,36.1439,35.7332,35.3225,34.9118,34.501,33.6796,33.2689,32.8581,32.4474,32.0367,31.6259,31.2152,30.8045,2,80.9131,True,True,False,False,False,False,False,False,False,False,False,False,False,False,False,False,False,False,False,False,False,False,False,False
UPRO,2021-03-26 04:00:00+00:00,42.165657918029865,43.909604371812975,41.951913773155,43.79301834106445,10852800,2021,3,12,Friday,42.955,41.74789047241211,4.9,1.0,0.49,4.9,-0.49,41.3304,40.9129,40.4955,40.078,39.6605,39.243,38.8255,38.4081,37.9906,37.5731,37.1556,36.7381,36.3207,35.9032,35.4857,35.0682,34.2333,33.8158,33.3983,32.9808,32.5634,32.1459,31.7284,31.3109,0,0.0,False,False,False,False,False,False,False,False,False,False,False,False,False,False,False,False,False,False,False,False,False,False,False,False
UPRO,2021-03-29 04:00:00+00:00,43.24894883484102,44.01648134396344,42.72430607876721,43.71044158935547,11301200,2021,3,13,Monday,43.425,43.79301834106445,-0.19,-1.24,-2.44,-0.19,2.44,43.3551,42.9172,42.4792,42.0413,41.6034,41.1654,40.7275,40.2896,39.8516,39.4137,38.9758,38.5379,38.0999,37.662,37.2241,36.7861,35.9103,35.4723,35.0344,34.5965,34.1586,33.7206,33.2827,32.8448,2,86.2722,True,True,False,False,False,False,False,False,False,False,False,False,False,False,False,False,False,False,False,False,False,False,False,False
UPRO,2021-03-30 04:00:00+00:00,43.27809875024029,43.59385620204333,42.79717802881332,43.34611129760742,8918600,2021,3,13,Tuesday,43.2538,43.71044158935547,-0.83,-0.99,-2.09,-0.83,2.09,43.2733,42.8362,42.3991,41.962,41.5249,41.0878,40.6507,40.2136,39.7765,39.3394,38.9023,38.4652,38.0281,37.591,37.1539,36.7168,35.8426,35.4055,34.9684,34.5312,34.0941,33.657,33.2199,32.7828,2,86.1096,True,True,False,False,False,False,False,False,False,False,False,False,False,False,False,False,False,False,False,False,False,False,False,False
UPRO,2021-03-31 04:00:00+00:00,43.55984737684646,44.424534303805686,43.55013341746418,43.88531875610352,11006000,2021,3,13,Wednesday,43.855,43.34611129760742,1.24,0.49,0.47,1.24,-0.47,42.9127,42.4792,42.0457,41.6123,41.1788,40.7453,40.3119,39.8784,39.445,39.0115,38.578,38.1446,37.7111,37.2777,36.8442,36.4107,35.5438,35.1104,34.6769,34.2434,33.81,33.3765,32.943,32.5096,0,0.0,False,False,False,False,False,False,False,False,False,False,False,False,False,False,False,False,False,False,False,False,False,False,False,False
UPRO,2021-04-01 04:00:00+00:00,44.55569378797404,45.3135085787026,44.47796729343612,45.25035858154297,10146600,2021,4,13,Thursday,44.8994,43.88531875610352,3.11,1.53,1.35,3.11,-1.35,43.4465,43.0076,42.5688,42.1299,41.6911,41.2522,40.8133,40.3745,39.9356,39.4968,39.0579,38.6191,38.1802,37.7414,37.3025,36.8637,35.986,35.5471,35.1083,34.6694,34.2305,33.7917,33.3528,32.914,0,0.0,False,False,False,False,False,False,False,False,False,False,False,False,False,False,False,False,False,False,False,False,False,False,False,False
UPRO,2021-04-05 04:00:00+00:00,46.260786083030325,47.44123048434043,46.2364956241484,47.2129135131836,10349200,2021,4,14,Monday,46.7879,45.25035858154297,4.34,2.23,2.18,4.34,-2.18,44.7979,44.3454,43.8928,43.4403,42.9878,42.5353,42.0828,41.6303,41.1778,40.7253,40.2728,39.8203,39.3678,38.9153,38.4628,38.0103,37.1053,36.6528,36.2003,35.7478,35.2953,34.8428,34.3903,33.9378,0,0.0,False,False,False,False,False,False,False,False,False,False,False,False,False,False,False,False,False,False,False,False,False,False,False,False
UPRO,2021-04-06 04:00:00+00:00,47.04289084492135,47.53838807194839,46.92144595483487,47.14004898071289,9015400,2021,4,14,Tuesday,47.1607,47.2129135131836,-0.15,-0.36,-0.62,-0.15,0.62,46.7408,46.2687,45.7965,45.3244,44.8523,44.3801,43.908,43.4359,42.9638,42.4916,42.0195,41.5474,41.0752,40.6031,40.131,39.6588,38.7146,38.2425,37.7703,37.2982,36.8261,36.3539,35.8818,35.4097,0,0.0,False,False,False,False,False,False,False,False,False,False,False,False,False,False,False,False,False,False,False,False,False,False,False,False
UPRO,2021-04-07 04:00:00+00:00,47.10604395556426,47.44123303388914,46.91659022595556,47.32950210571289,6547800,2021,4,14,Wednesday,47.1983,47.14004898071289,0.4,-0.07,-0.47,0.4,0.47,46.6686,46.1972,45.7258,45.2544,44.783,44.3116,43.8402,43.3688,42.8974,42.426,41.9546,41.4832,41.0118,40.5404,40.069,39.5976,38.6548,38.1834,37.712,37.2406,36.7692,36.2978,35.8264,35.355,0,0.0,False,False,False,False,False,False,False,False,False,False,False,False,False,False,False,False,False,False,False,False,False,False,False,False
UPRO,2021-04-08 04:00:00+00:00,47.77641455737909,48.00473152241386,47.436370379372114,47.9755859375,5686000,2021,4,14,Thursday,47.7983,47.32950210571289,1.37,0.94,0.23,1.37,-0.23,46.8562,46.3829,45.9096,45.4363,44.963,44.4897,44.0164,43.5431,43.0698,42.5966,42.1233,41.65,41.1767,40.7034,40.2301,39.7568,38.8102,38.3369,37.8636,37.3903,36.917,36.4437,35.9704,35.4971,0,0.0,False,False,False,False,False,False,False,False,False,False,False,False,False,False,False,False,False,False,False,False,False,False,False,False
UPRO,2021-04-09 04:00:00+00:00,47.96586755341307,49.09287586304895,47.89299988601607,49.02001190185547,6527000,2021,4,14,Friday,48.4929,47.9755859375,2.18,-0.02,-0.17,2.18,0.17,47.4958,47.0161,46.5363,46.0566,45.5768,45.0971,44.6173,44.1375,43.6578,43.178,42.6983,42.2185,41.7388,41.259,40.7792,40.2995,39.34,38.8602,38.3805,37.9007,37.421,36.9412,36.4614,35.9817,0,0.0,False,False,False,False,False,False,False,False,False,False,False,False,False,False,False,False,False,False,False,False,False,False,False,False
UPRO,2021-04-12 04:00:00+00:00,48.78197533973506,49.180314372008375,48.56823488503941,49.06372833251953,5920000,2021,4,15,Monday,48.8986,49.02001190185547,0.09,-0.49,-0.92,0.09,0.92,48.5298,48.0396,47.5494,47.0592,46.569,46.0788,45.5886,45.0984,44.6082,44.118,43.6278,43.1376,42.6474,42.1572,41.667,41.1768,40.1964,39.7062,39.216,38.7258,38.2356,37.7454,37.2552,36.765,0,0.0,False,False,False,False,False,False,False,False,False,False,False,False,False,False,False,False,False,False,False,False,False,False,False,False
UPRO,2021-04-13 04:00:00+00:00,49.02973768733431,49.748693162885885,48.89371998536076,49.476654052734375,6068000,2021,4,15,Tuesday,49.2872,49.06372833251953,0.84,-0.07,-0.35,0.84,0.35,48.5731,48.0825,47.5918,47.1012,46.6105,46.1199,45.6293,45.1386,44.648,44.1574,43.6667,43.1761,42.6854,42.1948,41.7042,41.2135,40.2323,39.7416,39.251,38.7603,38.2697,37.7791,37.2884,36.7978,0,0.0,False,False,False,False,False,False,False,False,False,False,False,False,False,False,False,False,False,False,False,False,False,False,False,False
UPRO,2021-04-14 04:00:00+00:00,49.5009282757603,49.90412612161464,48.79169070087369,49.00057601928711,9262400,2021,4,15,Wednesday,49.2993,49.476654052734375,-0.96,0.05,-1.38,-0.96,1.38,48.9819,48.4871,47.9924,47.4976,47.0028,46.5081,46.0133,45.5185,45.0238,44.529,44.0342,43.5395,43.0447,42.5499,42.0552,41.5604,40.5709,40.0761,39.5813,39.0866,38.5918,38.097,37.6023,37.1075,1,48.9819,True,False,False,False,False,False,False,False,False,False,False,False,False,False,False,False,False,False,False,False,False,False,False,False
UPRO,2021-04-15 04:00:00+00:00,49.80697502262663,50.67166200006027,49.79726106267732,50.56964874267578,7601600,2021,4,15,Thursday,50.2114,49.00057601928711,3.2,1.65,1.63,3.2,-1.63,48.5106,48.0206,47.5306,47.0406,46.5505,46.0605,45.5705,45.0805,44.5905,44.1005,43.6105,43.1205,42.6305,42.1405,41.6505,41.1605,40.1805,39.6905,39.2005,38.7105,38.2204,37.7304,37.2404,36.7504,0,0.0,False,False,False,False,False,False,False,False,False,False,False,False,False,False,False,False,False,False,False,False,False,False,False,False
UPRO,2021-04-16 04:00:00+00:00,51.07972314751498,51.31775410197066,50.525934727481086,51.11372756958008,9362400,2021,4,15,Friday,51.0093,50.56964874267578,1.08,1.01,-0.09,1.08,0.09,50.064,49.5583,49.0526,48.5469,48.0412,47.5355,47.0298,46.5241,46.0184,45.5127,45.007,44.5013,43.9956,43.4899,42.9842,42.4785,41.4671,40.9614,40.4557,39.95,39.4443,38.9386,38.4329,37.9272,0,0.0,False,False,False,False,False,False,False,False,False,False,False,False,False,False,False,False,False,False,False,False,False,False,False,False
UPRO,2021-04-19 04:00:00+00:00,50.70565570357426,50.890254259433455,49.79725053903619,50.3461799621582,8908000,2021,4,16,Monday,50.4348,51.11372756958008,-1.5,-0.8,-2.58,-1.5,2.58,50.6026,50.0915,49.5803,49.0692,48.558,48.0469,47.5358,47.0246,46.5135,46.0024,45.4912,44.9801,44.4689,43.9578,43.4467,42.9355,41.9133,41.4021,40.891,40.3798,39.8687,39.3576,38.8464,38.3353,2,100.694,True,True,False,False,False,False,False,False,False,False,False,False,False,False,False,False,False,False,False,False,False,False,False,False
UPRO,2021-04-20 04:00:00+00:00,49.83126684298001,50.12759266327851,48.660536355209885,49.248329162597656,9427400,2021,4,16,Tuesday,49.4669,50.3461799621582,-2.18,-1.02,-3.35,-2.18,3.35,49.8427,49.3393,48.8358,48.3323,47.8289,47.3254,46.8219,46.3185,45.815,45.3116,44.8081,44.3046,43.8012,43.2977,42.7943,42.2908,41.2839,40.7804,40.2769,39.7735,39.27,38.7666,38.2631,37.7596,3,148.0178,True,True,True,False,False,False,False,False,False,False,False,False,False,False,False,False,False,False,False,False,False,False,False,False
UPRO,2021-04-21 04:00:00+00:00,48.98601097188013,50.68138437121274,48.932578627892966,50.608516693115234,7360600,2021,4,16,Wednesday,49.8021,49.248329162597656,2.76,-0.53,-0.64,2.76,0.64,48.7558,48.2634,47.7709,47.2784,46.7859,46.2934,45.8009,45.3085,44.816,44.3235,43.831,43.3385,42.846,42.3536,41.8611,41.3686,40.3836,39.8911,39.3987,38.9062,38.4137,37.9212,37.4287,36.9362,0,0.0,False,False,False,False,False,False,False,False,False,False,False,False,False,False,False,False,False,False,False,False,False,False,False,False
UPRO,2021-04-22 04:00:00+00:00,50.55022028473859,50.85626378227664,48.81113226092706,49.238616943359375,11929200,2021,4,16,Thursday,49.8641,50.608516693115234,-2.71,-0.12,-3.55,-2.71,3.55,50.1024,49.5963,49.0903,48.5842,48.0781,47.572,47.0659,46.5598,46.0538,45.5477,45.0416,44.5355,44.0294,43.5233,43.0172,42.5112,41.499,40.9929,40.4868,39.9807,39.4746,38.9686,38.4625,37.9564,3,148.789,True,True,True,False,False,False,False,False,False,False,False,False,False,False,False,False,False,False,False,False,False,False,False,False
UPRO,2021-04-23 04:00:00+00:00,49.43778118622522,51.35175372230181,49.41349443342344,50.812538146972656,7257000,2021,4,16,Friday,50.2539,49.238616943359375,3.2,0.4,0.36,3.2,-0.36,48.7462,48.2538,47.7615,47.2691,46.7767,46.2843,45.7919,45.2995,44.8071,44.3148,43.8224,43.33,42.8376,42.3452,41.8528,41.3604,40.3757,39.8833,39.3909,38.8985,38.4061,37.9137,37.4213,36.929,0,0.0,False,False,False,False,False,False,False,False,False,False,False,False,False,False,False,False,False,False,False,False,False,False,False,False
UPRO,2021-04-26 04:00:00+00:00,51.07486573467975,51.35175995239858,50.89998478599374,51.13801574707031,6124400,2021,4,17,Monday,51.1162,50.812538146972656,0.64,0.52,0.17,0.64,-0.17,50.3044,49.7963,49.2882,48.78,48.2719,47.7638,47.2557,46.7475,46.2394,45.7313,45.2232,44.715,44.2069,43.6988,43.1907,42.6825,41.6663,41.1582,40.65,40.1419,39.6338,39.1257,38.6175,38.1094,0,0.0,False,False,False,False,False,False,False,False,False,False,False,False,False,False,False,False,False,False,False,False,False,False,False,False
UPRO,2021-04-27 04:00:00+00:00,51.244880076552136,51.31774774515225,50.65708730726405,51.08457565307617,5314200,2021,4,17,Tuesday,51.0761,51.13801574707031,-0.1,0.21,-0.94,-0.1,0.94,50.6266,50.1153,49.6039,49.0925,48.5811,48.0697,47.5584,47.047,46.5356,46.0242,45.5128,45.0015,44.4901,43.9787,43.4673,42.9559,41.9332,41.4218,40.9104,40.399,39.8877,39.3763,38.8649,38.3535,0,0.0,False,False,False,False,False,False,False,False,False,False,False,False,False,False,False,False,False,False,False,False,False,False,False,False
UPRO,2021-04-28 04:00:00+00:00,51.20116867575575,51.63351220716947,50.88055237270967,51.011714935302734,7077600,2021,4,17,Wednesday,51.1817,51.08457565307617,-0.14,0.23,-0.4,-0.14,0.4,50.5737,50.0629,49.552,49.0412,48.5303,48.0195,47.5087,46.9978,46.487,45.9761,45.4653,44.9544,44.4436,43.9327,43.4219,42.911,41.8894,41.3785,40.8677,40.3568,39.846,39.3351,38.8243,38.3134,0,0.0,False,False,False,False,False,False,False,False,False,False,False,False,False,False,False,False,False,False,False,False,False,False,False,False
UPRO,2021-04-29 04:00:00+00:00,52.12900375718049,52.25044864801817,50.69109669440684,51.96384048461914,8503400,2021,4,17,Thursday,51.7586,51.011714935302734,1.87,2.19,-0.63,1.87,0.63,50.5016,49.9915,49.4814,48.9712,48.4611,47.951,47.4409,46.9308,46.4207,45.9105,45.4004,44.8903,44.3802,43.8701,43.36,42.8498,41.8296,41.3195,40.8094,40.2993,39.7891,39.279,38.7689,38.2588,0,0.0,False,False,False,False,False,False,False,False,False,False,False,False,False,False,False,False,False,False,False,False,False,False,False,False
UPRO,2021-04-30 04:00:00+00:00,51.12343570981893,51.45862476501554,50.64251502216559,50.98255920410156,10135200,2021,4,17,Friday,51.0518,51.96384048461914,-1.89,-1.62,-2.54,-1.89,2.54,51.4442,50.9246,50.4049,49.8853,49.3656,48.846,48.3264,47.8067,47.2871,46.7675,46.2478,45.7282,45.2085,44.6889,44.1693,43.6496,42.6103,42.0907,41.5711,41.0514,40.5318,40.0122,39.4925,38.9729,2,102.3688,True,True,False,False,False,False,False,False,False,False,False,False,False,False,False,False,False,False,False,False,False,False,False,False
UPRO,2021-05-03 04:00:00+00:00,51.735514767461645,51.9055368447056,51.11857645683264,51.31288528442383,6332400,2021,5,18,Monday,51.5181,50.98255920410156,0.65,1.48,0.27,0.65,-0.27,50.4727,49.9629,49.4531,48.9433,48.4334,47.9236,47.4138,46.904,46.3941,45.8843,45.3745,44.8647,44.3548,43.845,43.3352,42.8253,41.8057,41.2959,40.786,40.2762,39.7664,39.2566,38.7467,38.2369,0,0.0,False,False,False,False,False,False,False,False,False,False,False,False,False,False,False,False,False,False,False,False,False,False,False,False
UPRO,2021-05-04 04:00:00+00:00,50.52593161377917,50.71538534021004,48.913143669416414,50.36562347412109,13769600,2021,5,18,Tuesday,50.13,51.31288528442383,-1.85,-1.53,-4.68,-1.85,4.68,50.7998,50.2866,49.7735,49.2604,48.7472,48.2341,47.721,47.2079,46.6947,46.1816,45.6685,45.1553,44.6422,44.1291,43.616,43.1028,42.0766,41.5634,41.0503,40.5372,40.0241,39.5109,38.9978,38.4847,4,200.1203,True,True,True,True,False,False,False,False,False,False,False,False,False,False,False,False,False,False,False,False,False,False,False,False
UPRO,2021-05-05 04:00:00+00:00,51.00684735779499,51.07971502383253,50.1081560265412,50.36075973510742,7332800,2021,5,18,Wednesday,50.6389,50.36562347412109,-0.01,1.27,-0.51,-0.01,0.51,49.862,49.3583,48.8547,48.351,47.8473,47.3437,46.84,46.3364,45.8327,45.3291,44.8254,44.3217,43.8181,43.3144,42.8108,42.3071,41.2998,40.7962,40.2925,39.7888,39.2852,38.7815,38.2779,37.7742,0,0.0,False,False,False,False,False,False,False,False,False,False,False,False,False,False,False,False,False,False,False,False,False,False,False,False
UPRO,2021-05-06 04:00:00+00:00,50.43363690498456,51.638371919378585,49.64181750721296,51.5752182006836,8457200,2021,5,18,Thursday,50.8223,50.36075973510742,2.41,0.14,-1.43,2.41,1.43,49.8572,49.3535,48.8499,48.3463,47.8427,47.3391,46.8355,46.3319,45.8283,45.3247,44.8211,44.3175,43.8139,43.3103,42.8066,42.303,41.2958,40.7922,40.2886,39.785,39.2814,38.7778,38.2742,37.7706,1,49.8572,True,False,False,False,False,False,False,False,False,False,False,False,False,False,False,False,False,False,False,False,False,False,False,False
UPRO,2021-05-07 04:00:00+00:00,51.900679544535336,52.98396945073689,51.638361878301566,52.71678924560547,9123200,2021,5,18,Friday,52.31,51.5752182006836,2.21,0.63,0.12,2.21,-0.12,51.0595,50.5437,50.028,49.5122,48.9965,48.4807,47.965,47.4492,46.9334,46.4177,45.9019,45.3862,44.8704,44.3547,43.8389,43.3232,42.2917,41.7759,41.2602,40.7444,40.2287,39.7129,39.1972,38.6814,0,0.0,False,False,False,False,False,False,False,False,False,False,False,False,False,False,False,False,False,False,False,False,False,False,False,False
UPRO,2021-05-10 04:00:00+00:00,52.88195795198124,52.94996678713816,51.0991480331325,51.15258407592773,9577000,2021,5,19,Monday,52.0209,52.71678924560547,-2.97,0.31,-3.07,-2.97,3.07,52.1896,51.6625,51.1353,50.6081,50.0809,49.5538,49.0266,48.4994,47.9723,47.4451,46.9179,46.3908,45.8636,45.3364,44.8093,44.2821,43.2278,42.7006,42.1734,41.6463,41.1191,40.5919,40.0648,39.5376,3,154.9874,True,True,True,False,False,False,False,False,False,False,False,False,False,False,False,False,False,False,False,False,False,False,False,False
UPRO,2021-05-11 04:00:00+00:00,49.36006110620765,50.15673928356161,48.25733943583095,49.81183624267578,13711000,2021,5,19,Tuesday,49.3965,51.15258407592773,-2.62,-3.5,-5.66,-2.62,5.66,50.6411,50.1295,49.618,49.1065,48.595,48.0834,47.5719,47.0604,46.5489,46.0373,45.5258,45.0143,44.5027,43.9912,43.4797,42.9682,41.9451,41.4336,40.9221,40.4105,39.899,39.3875,38.876,38.3644,5,248.09,True,True,True,True,True,False,False,False,False,False,False,False,False,False,False,False,False,False,False,False,False,False,False,False
UPRO,2021-05-12 04:00:00+00:00,48.68968046310557,49.185173917769895,46.38708298604425,46.63969039916992,14976400,2021,5,19,Wednesday,47.7254,49.81183624267578,-6.37,-2.25,-6.88,-6.37,6.88,49.3137,48.8156,48.3175,47.8194,47.3212,46.8231,46.325,45.8269,45.3288,44.8307,44.3325,43.8344,43.3363,42.8382,42.3401,41.8419,40.8457,40.3476,39.8495,39.3514,38.8532,38.3551,37.857,37.3589,6,288.4105,True,True,True,True,True,True,False,False,False,False,False,False,False,False,False,False,False,False,False,False,False,False,False,False
UPRO,2021-05-13 04:00:00+00:00,47.15947288990168,48.98600106941173,47.15947288990168,48.25733184814453,14824200,2021,5,19,Thursday,47.8906,46.63969039916992,3.47,1.11,1.11,3.47,-1.11,46.1733,45.7069,45.2405,44.7741,44.3077,43.8413,43.3749,42.9085,42.4421,41.9757,41.5093,41.0429,40.5765,40.1101,39.6437,39.1773,38.2445,37.7781,37.3118,36.8454,36.379,35.9126,35.4462,34.9798,0,0.0,False,False,False,False,False,False,False,False,False,False,False,False,False,False,False,False,False,False,False,False,False,False,False,False
UPRO,2021-05-14 04:00:00+00:00,49.31147884293791,50.81739457491288,49.30176117731416,50.487064361572266,9549200,2021,5,19,Friday,49.9794,48.25733184814453,4.62,2.18,2.16,4.62,-2.16,47.7748,47.2922,46.8096,46.327,45.8445,45.3619,44.8793,44.3967,43.9142,43.4316,42.949,42.4665,41.9839,41.5013,41.0187,40.5362,39.571,39.0884,38.6059,38.1233,37.6407,37.1581,36.6756,36.193,0,0.0,False,False,False,False,False,False,False,False,False,False,False,False,False,False,False,False,False,False,False,False,False,False,False,False
UPRO,2021-05-17 04:00:00+00:00,50.06928723709739,50.42876298858297,49.33090411158607,50.10815048217773,10020200,2021,5,20,Monday,49.9843,50.487064361572266,-0.75,-0.83,-2.29,-0.75,2.29,49.9822,49.4773,48.9725,48.4676,47.9627,47.4578,46.953,46.4481,45.9432,45.4384,44.9335,44.4286,43.9237,43.4189,42.914,42.4091,41.3994,40.8945,40.3897,39.8848,39.3799,38.875,38.3702,37.8653,2,99.4595,True,True,False,False,False,False,False,False,False,False,False,False,False,False,False,False,False,False,False,False,False,False,False,False
UPRO,2021-05-18 04:00:00+00:00,50.22474395224808,50.292752788112985,48.75769144204325,48.8499870300293,6724600,2021,5,20,Tuesday,49.5313,50.10815048217773,-2.51,0.23,-2.7,-2.51,2.7,49.6071,49.106,48.6049,48.1038,47.6027,47.1017,46.6006,46.0995,45.5984,45.0973,44.5963,44.0952,43.5941,43.093,42.5919,42.0908,41.0887,40.5876,40.0865,39.5854,39.0844,38.5833,38.0822,37.5811,2,98.7131,True,True,False,False,False,False,False,False,False,False,False,False,False,False,False,False,False,False,False,False,False,False,False,False
UPRO,2021-05-19 04:00:00+00:00,47.00888154884751,48.47593774442404,46.45509320398059,48.42736053466797,10097600,2021,5,20,Wednesday,47.5918,48.8499870300293,-0.87,-3.77,-4.9,-0.87,4.9,48.3615,47.873,47.3845,46.896,46.4075,45.919,45.4305,44.942,44.4535,43.965,43.4765,42.988,42.4995,42.011,41.5225,41.034,40.057,39.5685,39.08,38.5915,38.103,37.6145,37.126,36.6375,4,190.5149,True,True,True,True,False,False,False,False,False,False,False,False,False,False,False,False,False,False,False,False,False,False,False,False
UPRO,2021-05-20 04:00:00+00:00,48.75769340747168,50.4530629519365,48.71397132196546,49.97699737548828,7333600,2021,5,20,Thursday,49.4754,48.42736053466797,3.2,0.68,0.59,3.2,-0.59,47.9431,47.4588,46.9745,46.4903,46.006,45.5217,45.0374,44.5532,44.0689,43.5846,43.1004,42.6161,42.1318,41.6475,41.1633,40.679,39.7104,39.2262,38.7419,38.2576,37.7733,37.2891,36.8048,36.3205,0,0.0,False,False,False,False,False,False,False,False,False,False,False,False,False,False,False,False,False,False,False,False,False,False,False,False
UPRO,2021-05-21 04:00:00+00:00,50.57451576005214,51.03600490950181,49.680679345716655,49.855560302734375,7418000,2021,5,20,Friday,50.2867,49.97699737548828,-0.24,1.2,-0.59,-0.24,0.59,49.4772,48.9775,48.4777,47.9779,47.4781,46.9784,46.4786,45.9788,45.4791,44.9793,44.4795,43.9798,43.48,42.9802,42.4804,41.9807,40.9811,40.4814,39.9816,39.4818,38.9821,38.4823,37.9825,37.4827,0,0.0,False,False,False,False,False,False,False,False,False,False,False,False,False,False,False,False,False,False,False,False,False,False,False,False
UPRO,2021-05-24 04:00:00+00:00,50.75423767455237,51.7938053827822,50.627933982035714,51.380889892578125,5101200,2021,5,21,Monday,51.1392,49.855560302734375,3.06,1.8,1.55,3.06,-1.55,49.357,48.8584,48.3599,47.8613,47.3628,46.8642,46.3657,45.8671,45.3686,44.87,44.3714,43.8729,43.3743,42.8758,42.3772,41.8787,40.8816,40.383,39.8844,39.3859,38.8873,38.3888,37.8902,37.3917,0,0.0,False,False,False,False,False,False,False,False,False,False,False,False,False,False,False,False,False,False,False,False,False,False,False,False
UPRO,2021-05-25 04:00:00+00:00,51.793808532727965,51.94439898275431,50.81253192582516,51.04570770263672,6072600,2021,5,21,Tuesday,51.3991,51.380889892578125,-0.65,0.8,-1.11,-0.65,1.11,50.8671,50.3533,49.8395,49.3257,48.8118,48.298,47.7842,47.2704,46.7566,46.2428,45.729,45.2152,44.7014,44.1876,43.6738,43.1599,42.1323,41.6185,41.1047,40.5909,40.0771,39.5633,39.0495,38.5357,1,50.8671,True,False,False,False,False,False,False,False,False,False,False,False,False,False,False,False,False,False,False,False,False,False,False,False
UPRO,2021-05-26 04:00:00+00:00,51.26431168239321,51.53634702511285,50.86597262789506,51.34689331054688,3656200,2021,5,21,Wednesday,51.2534,51.04570770263672,0.59,0.43,-0.35,0.59,0.35,50.5353,50.0248,49.5143,49.0039,48.4934,47.983,47.4725,46.9621,46.4516,45.9411,45.4307,44.9202,44.4098,43.8993,43.3889,42.8784,41.8575,41.347,40.8366,40.3261,39.8157,39.3052,38.7947,38.2843,0,0.0,False,False,False,False,False,False,False,False,False,False,False,False,False,False,False,False,False,False,False,False,False,False,False,False
UPRO,2021-05-27 04:00:00+00:00,51.75008999993388,51.934688583537564,51.36632374679359,51.37604141235352,7473000,2021,5,21,Thursday,51.6068,51.34689331054688,0.06,0.79,0.04,0.06,-0.04,50.8334,50.32,49.8065,49.293,48.7795,48.2661,47.7526,47.2391,46.7257,46.2122,45.6987,45.1853,44.6718,44.1583,43.6449,43.1314,42.1045,41.591,41.0775,40.564,40.0506,39.5371,39.0236,38.5102,0,0.0,False,False,False,False,False,False,False,False,False,False,False,False,False,False,False,False,False,False,False,False,False,False,False,False
UPRO,2021-05-28 04:00:00+00:00,52.02698504755932,52.13385713330199,51.59950041079218,51.677223205566406,5644200,2021,5,21,Friday,51.8594,51.37604141235352,0.59,1.27,0.43,0.59,-0.43,50.8623,50.3485,49.8348,49.321,48.8072,48.2935,47.7797,47.266,46.7522,46.2384,45.7247,45.2109,44.6972,44.1834,43.6696,43.1559,42.1284,41.6146,41.1008,40.5871,40.0733,39.5596,39.0458,38.532,0,0.0,False,False,False,False,False,False,False,False,False,False,False,False,False,False,False,False,False,False,False,False,False,False,False,False
UPRO,2021-06-01 04:00:00+00:00,52.62449698369489,52.66821536209255,51.37604374911179,51.526634216308594,5707600,2021,6,22,Tuesday,52.0488,51.677223205566406,-0.29,1.83,-0.58,-0.29,0.58,51.1605,50.6437,50.1269,49.6101,49.0934,48.5766,48.0598,47.543,47.0263,46.5095,45.9927,45.476,44.9592,44.4424,43.9256,43.4089,42.3753,41.8586,41.3418,40.825,40.3082,39.7915,39.2747,38.7579,0,0.0,False,False,False,False,False,False,False,False,False,False,False,False,False,False,False,False,False,False,False,False,False,False,False,False
UPRO,2021-06-02 04:00:00+00:00,51.78896059402123,52.11443201856793,51.41005311992759,51.79381942749024,4335800,2021,6,22,Wednesday,51.7768,51.526634216308594,0.52,0.51,-0.23,0.52,0.23,51.0114,50.4961,49.9808,49.4656,48.9503,48.435,47.9198,47.4045,46.8892,46.374,45.8587,45.3434,44.8282,44.3129,43.7976,43.2824,42.2518,41.7366,41.2213,40.706,40.1908,39.6755,39.1602,38.645,0,0.0,False,False,False,False,False,False,False,False,False,False,False,False,False,False,False,False,False,False,False,False,False,False,False,False
UPRO,2021-06-03 04:00:00+00:00,50.851401738864375,51.65779383762644,50.28304057389185,51.21573638916016,7609400,2021,6,22,Thursday,51.002,51.79381942749024,-1.12,-1.82,-2.92,-1.12,2.92,51.2759,50.7579,50.24,49.7221,49.2041,48.6862,48.1683,47.6503,47.1324,46.6144,46.0965,45.5786,45.0606,44.5427,44.0247,43.5068,42.4709,41.953,41.4351,40.9171,40.3992,39.8812,39.3633,38.8454,2,102.0338,True,True,False,False,False,False,False,False,False,False,False,False,False,False,False,False,False,False,False,False,False,False,False,False
UPRO,2021-06-04 04:00:00+00:00,51.924971452322985,52.72164955107475,51.90553982720665,52.566200256347656,6013200,2021,6,22,Friday,52.2796,51.21573638916016,2.64,1.38,1.35,2.64,-1.35,50.7036,50.1914,49.6793,49.1671,48.6549,48.1428,47.6306,47.1185,46.6063,46.0942,45.582,45.0698,44.5577,44.0455,43.5334,43.0212,41.9969,41.4847,40.9726,40.4604,39.9483,39.4361,38.924,38.4118,0,0.0,False,False,False,False,False,False,False,False,False,False,False,False,False,False,False,False,False,False,False,False,False,False,False,False
UPRO,2021-06-07 04:00:00+00:00,52.59533925822787,52.673065748965136,52.08527306102605,52.48361206054688,3919800,2021,6,23,Monday,52.4593,52.566200256347656,-0.16,0.06,-0.91,-0.16,0.91,52.0405,51.5149,50.9892,50.4636,49.9379,49.4122,48.8866,48.3609,47.8352,47.3096,46.7839,46.2583,45.7326,45.2069,44.6813,44.1556,43.1043,42.5786,42.053,41.5273,41.0016,40.476,39.9503,39.4247,0,0.0,False,False,False,False,False,False,False,False,False,False,False,False,False,False,False,False,False,False,False,False,False,False,False,False
UPRO,2021-06-08 04:00:00+00:00,52.804227755586645,52.82851821195852,51.75980484325539,52.49818801879883,4733600,2021,6,23,Tuesday,52.4727,52.48361206054688,0.03,0.61,-1.38,0.03,1.38,51.9588,51.4339,50.9091,50.3843,49.8594,49.3346,48.8098,48.2849,47.7601,47.2353,46.7104,46.1856,45.6607,45.1359,44.6111,44.0862,43.0366,42.5117,41.9869,41.4621,40.9372,40.4124,39.8875,39.3627,1,51.9588,True,False,False,False,False,False,False,False,False,False,False,False,False,False,False,False,False,False,False,False,False,False,False,False
UPRO,2021-06-09 04:00:00+00:00,52.8333801360895,52.8430940954847,52.15328808611679,52.25044250488281,4553200,2021,6,23,Wednesday,52.5201,52.49818801879883,-0.47,0.64,-0.66,-0.47,0.66,51.9732,51.4482,50.9232,50.3983,49.8733,49.3483,48.8233,48.2983,47.7734,47.2484,46.7234,46.1984,45.6734,45.1484,44.6235,44.0985,43.0485,42.5235,41.9986,41.4736,40.9486,40.4236,39.8986,39.3736,0,0.0,False,False,False,False,False,False,False,False,False,False,False,False,False,False,False,False,False,False,False,False,False,False,False,False
UPRO,2021-06-10 04:00:00+00:00,52.75079278238713,53.34344435028404,52.21643608723863,52.9742546081543,5438400,2021,6,23,Thursday,52.8212,52.25044250488281,1.39,0.96,-0.07,1.39,0.07,51.7279,51.2054,50.6829,50.1604,49.6379,49.1154,48.5929,48.0704,47.5479,47.0254,46.5029,45.9804,45.4579,44.9354,44.4129,43.8904,42.8454,42.3229,41.8004,41.2778,40.7553,40.2328,39.7103,39.1878,0,0.0,False,False,False,False,False,False,False,False,False,False,False,False,False,False,False,False,False,False,False,False,False,False,False,False
UPRO,2021-06-11 04:00:00+00:00,53.1977165352454,53.27543933160276,52.68278772128792,53.236576080322266,4152000,2021,6,23,Friday,53.0981,52.9742546081543,0.5,0.42,-0.55,0.5,0.55,52.4445,51.9148,51.385,50.8553,50.3255,49.7958,49.2661,48.7363,48.2066,47.6768,47.1471,46.6173,46.0876,45.5579,45.0281,44.4984,43.4389,42.9091,42.3794,41.8497,41.3199,40.7902,40.2604,39.7307,0,0.0,False,False,False,False,False,False,False,False,False,False,False,False,False,False,False,False,False,False,False,False,False,False,False,False
UPRO,2021-06-14 04:00:00+00:00,53.26087196534538,53.61549268355366,52.77995122691301,53.610633850097656,4601800,2021,6,24,Monday,53.3167,53.236576080322266,0.7,0.05,-0.86,0.7,0.86,52.7042,52.1718,51.6395,51.1071,50.5747,50.0424,49.51,48.9776,48.4453,47.9129,47.3806,46.8482,46.3158,45.7835,45.2511,44.7187,43.654,43.1216,42.5893,42.0569,41.5245,40.9922,40.4598,39.9274,0,0.0,False,False,False,False,False,False,False,False,False,False,False,False,False,False,False,False,False,False,False,False,False,False,False,False
UPRO,2021-06-15 04:00:00+00:00,53.654342172246885,53.654342172246885,52.94510457501841,53.285152435302734,4773600,2021,6,24,Tuesday,53.3847,53.610633850097656,-0.61,0.08,-1.24,-0.61,1.24,53.0745,52.5384,52.0023,51.4662,50.9301,50.394,49.8579,49.3218,48.7857,48.2496,47.7135,47.1774,46.6413,46.1051,45.569,45.0329,43.9607,43.4246,42.8885,42.3524,41.8163,41.2802,40.7441,40.208,1,53.0745,True,False,False,False,False,False,False,False,False,False,False,False,False,False,False,False,False,False,False,False,False,False,False,False
UPRO,2021-06-16 04:00:00+00:00,53.36774146039301,53.42603634040891,51.54606815468927,52.4107551574707,7662600,2021,6,24,Wednesday,52.6877,53.285152435302734,-1.64,0.15,-3.26,-1.64,3.26,52.7523,52.2194,51.6866,51.1537,50.6209,50.088,49.5552,49.0223,48.4895,47.9566,47.4238,46.8909,46.3581,45.8252,45.2924,44.7595,43.6938,43.161,42.6281,42.0953,41.5624,41.0296,40.4967,39.9639,3,156.6583,True,True,True,False,False,False,False,False,False,False,False,False,False,False,False,False,False,False,False,False,False,False,False,False
UPRO,2021-06-17 04:00:00+00:00,52.2358733435203,52.71193892345281,51.35661356210024,52.37189102172852,7110200,2021,6,24,Thursday,52.1691,52.4107551574707,-0.07,-0.33,-2.01,-0.07,2.01,51.8866,51.3625,50.8384,50.3143,49.7902,49.2661,48.742,48.2179,47.6938,47.1697,46.6456,46.1215,45.5974,45.0732,44.5491,44.025,42.9768,42.4527,41.9286,41.4045,40.8804,40.3563,39.8322,39.3081,2,103.2492,True,True,False,False,False,False,False,False,False,False,False,False,False,False,False,False,False,False,False,False,False,False,False,False
UPRO,2021-06-18 04:00:00+00:00,51.055430175392594,51.2934611181422,50.14702478509756,50.26361083984375,11185000,2021,6,24,Friday,50.6899,52.37189102172852,-4.03,-2.51,-4.25,-4.03,4.25,51.8482,51.3245,50.8007,50.277,49.7533,49.2296,48.7059,48.1821,47.6584,47.1347,46.611,46.0873,45.5635,45.0398,44.5161,43.9924,42.945,42.4212,41.8975,41.3738,40.8501,40.3264,39.8026,39.2789,4,204.2504,True,True,True,True,False,False,False,False,False,False,False,False,False,False,False,False,False,False,False,False,False,False,False,False
UPRO,2021-06-21 04:00:00+00:00,50.90484257711254,52.454480621598215,50.59394394274986,52.39132690429688,9854600,2021,6,25,Monday,51.5861,50.26361083984375,4.23,1.28,0.66,4.23,-0.66,49.761,49.2583,48.7557,48.2531,47.7504,47.2478,46.7452,46.2425,45.7399,45.2372,44.7346,44.232,43.7293,43.2267,42.7241,42.2214,41.2162,40.7135,40.2109,39.7083,39.2056,38.703,38.2003,37.6977,0,0.0,False,False,False,False,False,False,False,False,False,False,False,False,False,False,False,False,False,False,False,False,False,False,False,False
UPRO,2021-06-22 04:00:00+00:00,52.38645964075746,53.54747605856152,52.085278721924304,53.17342376708984,8762400,2021,6,25,Tuesday,52.7982,52.39132690429688,1.49,-0.01,-0.58,1.49,0.58,51.8674,51.3435,50.8196,50.2957,49.7718,49.2478,48.7239,48.2,47.6761,47.1522,46.6283,46.1044,45.5805,45.0565,44.5326,44.0087,42.9609,42.437,41.9131,41.3891,40.8652,40.3413,39.8174,39.2935,0,0.0,False,False,False,False,False,False,False,False,False,False,False,False,False,False,False,False,False,False,False,False,False,False,False,False
UPRO,2021-06-23 04:00:00+00:00,53.24143134275255,53.562047585009694,52.98396880614184,53.02769088745117,4960800,2021,6,25,Wednesday,53.2038,53.17342376708984,-0.27,0.13,-0.36,-0.27,0.36,52.6417,52.11,51.5782,51.0465,50.5148,49.983,49.4513,48.9195,48.3878,47.8561,47.3243,46.7926,46.2609,45.7291,45.1974,44.6657,43.6022,43.0705,42.5387,42.007,41.4753,40.9435,40.4118,39.8801,0,0.0,False,False,False,False,False,False,False,False,False,False,False,False,False,False,False,False,False,False,False,False,False,False,False,False
UPRO,2021-06-24 04:00:00+00:00,53.858377650770976,54.140126960542986,53.77093718740623,53.95553207397461,9034000,2021,6,25,Thursday,53.9312,53.02769088745117,1.75,1.57,1.4,1.75,-1.4,52.4974,51.9671,51.4369,50.9066,50.3763,49.846,49.3158,48.7855,48.2552,47.7249,47.1946,46.6644,46.1341,45.6038,45.0735,44.5433,43.4827,42.9524,42.4222,41.8919,41.3616,40.8313,40.301,39.7708,0,0.0,False,False,False,False,False,False,False,False,False,False,False,False,False,False,False,False,False,False,False,False,False,False,False,False
UPRO,2021-06-25 04:00:00+00:00,54.27128566801515,54.69391145586657,54.12069521084542,54.51417541503906,6309800,2021,6,25,Friday,54.4,53.95553207397461,1.04,0.59,0.31,1.04,-0.31,53.416,52.8764,52.3369,51.7973,51.2578,50.7182,50.1786,49.6391,49.0995,48.56,48.0204,47.4809,46.9413,46.4018,45.8622,45.3226,44.2435,43.704,43.1644,42.6249,42.0853,41.5458,41.0062,40.4666,0,0.0,False,False,False,False,False,False,False,False,False,False,False,False,False,False,False,False,False,False,False,False,False,False,False,False
UPRO,2021-06-28 04:00:00+00:00,54.72791688796205,54.91251175239225,54.23727858535675,54.86878967285156,9842200,2021,6,26,Monday,54.6866,54.51417541503906,0.65,0.39,-0.51,0.65,0.51,53.969,53.4239,52.8788,52.3336,51.7885,51.2433,50.6982,50.153,49.6079,49.0628,48.5176,47.9725,47.4273,46.8822,46.337,45.7919,44.7016,44.1565,43.6113,43.0662,42.5211,41.9759,41.4308,40.8856,0,0.0,False,False,False,False,False,False,False,False,False,False,False,False,False,False,False,False,False,False,False,False,False,False,False,False
UPRO,2021-06-29 04:00:00+00:00,55.00481728552096,55.26227984096113,54.72792310432258,54.93194961547852,6301600,2021,6,26,Tuesday,54.9817,54.86878967285156,0.12,0.25,-0.26,0.12,0.26,54.3201,53.7714,53.2227,52.674,52.1254,51.5767,51.028,50.4793,49.9306,49.3819,48.8332,48.2845,47.7358,47.1872,46.6385,46.0898,44.9924,44.4437,43.895,43.3463,42.7977,42.249,41.7003,41.1516,0,0.0,False,False,False,False,False,False,False,False,False,False,False,False,False,False,False,False,False,False,False,False,False,False,False,False
UPRO,2021-06-30 04:00:00+00:00,54.77164001335195,55.34000115326994,54.74734955525485,55.08253860473633,8498800,2021,6,26,Wednesday,54.9854,54.93194961547852,0.27,-0.29,-0.34,0.27,0.34,54.3826,53.8333,53.284,52.7347,52.1854,51.636,51.0867,50.5374,49.9881,49.4388,48.8894,48.3401,47.7908,47.2415,46.6922,46.1428,45.0442,44.4949,43.9456,43.3962,42.8469,42.2976,41.7483,41.199,0,0.0,False,False,False,False,False,False,False,False,False,False,False,False,False,False,False,False,False,False,False,False,False,False,False,False
UPRO,2021-07-01 04:00:00+00:00,55.38857404424102,56.04923442596759,55.35456962927877,56.005516052246094,9977200,2021,7,26,Thursday,55.6995,55.08253860473633,1.68,0.56,0.49,1.68,-0.49,54.5317,53.9809,53.4301,52.8792,52.3284,51.7776,51.2268,50.6759,50.1251,49.5743,49.0235,48.4726,47.9218,47.371,46.8202,46.2693,45.1677,44.6169,44.066,43.5152,42.9644,42.4136,41.8627,41.3119,0,0.0,False,False,False,False,False,False,False,False,False,False,False,False,False,False,False,False,False,False,False,False,False,False,False,False
UPRO,2021-07-02 04:00:00+00:00,56.44272272084439,57.40456407973671,56.326132969424336,57.28311920166016,10956200,2021,7,26,Friday,56.8641,56.005516052246094,2.28,0.78,0.57,2.28,-0.57,55.4455,54.8854,54.3254,53.7653,53.2052,52.6452,52.0851,51.5251,50.965,50.405,49.8449,49.2849,48.7248,48.1647,47.6047,47.0446,45.9245,45.3645,44.8044,44.2444,43.6843,43.1242,42.5642,42.0041,0,0.0,False,False,False,False,False,False,False,False,False,False,False,False,False,False,False,False,False,False,False,False,False,False,False,False
UPRO,2021-07-06 04:00:00+00:00,57.27340368560733,57.360844143694194,55.79177473085861,56.9090690612793,8983200,2021,7,27,Tuesday,56.8338,57.28311920166016,-0.65,-0.02,-2.6,-0.65,2.6,56.7103,56.1375,55.5646,54.9918,54.419,53.8461,53.2733,52.7005,52.1276,51.5548,50.982,50.4091,49.8363,49.2635,48.6907,48.1178,46.9722,46.3993,45.8265,45.2537,44.6808,44.108,43.5352,42.9623,2,112.8477,True,True,False,False,False,False,False,False,False,False,False,False,False,False,False,False,False,False,False,False,False,False,False,False
UPRO,2021-07-07 04:00:00+00:00,57.24912246446515,57.66203436408009,56.39414937036788,57.545448303222656,8007600,2021,7,27,Wednesday,57.2127,56.9090690612793,1.12,0.6,-0.9,1.12,0.9,56.34,55.7709,55.2018,54.6327,54.0636,53.4945,52.9254,52.3563,51.7873,51.2182,50.6491,50.08,49.5109,48.9418,48.3727,47.8036,46.6654,46.0963,45.5273,44.9582,44.3891,43.82,43.2509,42.6818,0,0.0,False,False,False,False,False,False,False,False,False,False,False,False,False,False,False,False,False,False,False,False,False,False,False,False
UPRO,2021-07-08 04:00:00+00:00,55.27685602663014,56.46701445429553,54.80564926513037,56.17068862915039,14217200,2021,7,27,Thursday,55.6801,57.545448303222656,-2.39,-3.94,-4.76,-2.39,4.76,56.97,56.3945,55.8191,55.2436,54.6682,54.0927,53.5173,52.9418,52.3664,51.7909,51.2154,50.64,50.0645,49.4891,48.9136,48.3382,47.1873,46.6118,46.0364,45.4609,44.8854,44.31,43.7345,43.1591,4,224.4272,True,True,True,True,False,False,False,False,False,False,False,False,False,False,False,False,False,False,False,False,False,False,False,False
UPRO,2021-07-09 04:00:00+00:00,56.7779107389766,58.04094049543809,56.68561514750871,57.92435073852539,7475600,2021,7,27,Friday,57.3572,56.17068862915039,3.12,1.08,0.92,3.12,-0.92,55.609,55.0473,54.4856,53.9239,53.3622,52.8004,52.2387,51.677,51.1153,50.5536,49.9919,49.4302,48.8685,48.3068,47.7451,47.1834,46.06,45.4983,44.9366,44.3748,43.8131,43.2514,42.6897,42.128,0,0.0,False,False,False,False,False,False,False,False,False,False,False,False,False,False,False,False,False,False,False,False,False,False,False,False
UPRO,2021-07-12 04:00:00+00:00,57.89034360316781,58.65787612224798,57.71060755555024,58.575294494628906,10706800,2021,7,28,Monday,58.2085,57.92435073852539,1.12,-0.06,-0.37,1.12,0.37,57.3451,56.7659,56.1866,55.6074,55.0281,54.4489,53.8696,53.2904,52.7112,52.1319,51.5527,50.9734,50.3942,49.8149,49.2357,48.6565,47.498,46.9187,46.3395,45.7602,45.181,44.6018,44.0225,43.4433,0,0.0,False,False,False,False,False,False,False,False,False,False,False,False,False,False,False,False,False,False,False,False,False,False,False,False
UPRO,2021-07-13 04:00:00+00:00,58.2498184136532,58.857042755187216,57.836902896447455,57.97777938842773,12580200,2021,7,28,Tuesday,58.2304,58.575294494628906,-1.02,-0.56,-1.26,-1.02,1.26,57.9895,57.4038,56.818,56.2323,55.6465,55.0608,54.475,53.8893,53.3035,52.7178,52.132,51.5463,50.9605,50.3748,49.789,49.2032,48.0317,47.446,46.8602,46.2745,45.6887,45.103,44.5172,43.9315,1,57.9895,True,False,False,False,False,False,False,False,False,False,False,False,False,False,False,False,False,False,False,False,False,False,False,False
UPRO,2021-07-14 04:00:00+00:00,58.67730848785,58.87162103650228,57.676603865665626,58.17695617675781,11318000,2021,7,28,Wednesday,58.3506,57.97777938842773,0.34,1.21,-0.52,0.34,0.52,57.398,56.8182,56.2384,55.6587,55.0789,54.4991,53.9193,53.3396,52.7598,52.18,51.6002,51.0204,50.4407,49.8609,49.2811,48.7013,47.5418,46.962,46.3822,45.8024,45.2227,44.6429,44.0631,43.4833,0,0.0,False,False,False,False,False,False,False,False,False,False,False,False,False,False,False,False,False,False,False,False,False,False,False,False
UPRO,2021-07-15 04:00:00+00:00,57.6134476703458,57.91949112578396,56.80219679889576,57.58916091918945,10190600,2021,7,28,Thursday,57.4811,58.17695617675781,-1.01,-0.97,-2.36,-1.01,2.36,57.5952,57.0134,56.4316,55.8499,55.2681,54.6863,54.1046,53.5228,52.941,52.3593,51.7775,51.1957,50.614,50.0322,49.4504,48.8686,47.7051,47.1233,46.5416,45.9598,45.378,44.7963,44.2145,43.6327,2,114.6086,True,True,False,False,False,False,False,False,False,False,False,False,False,False,False,False,False,False,False,False,False,False,False,False
UPRO,2021-07-16 04:00:00+00:00,58.118665706378096,58.118665706378096,56.0735342230709,56.25812911987305,10763400,2021,7,28,Friday,57.1422,57.58916091918945,-2.31,0.92,-2.63,-2.31,2.63,57.0133,56.4374,55.8615,55.2856,54.7097,54.1338,53.5579,52.982,52.4061,51.8302,51.2544,50.6785,50.1026,49.5267,48.9508,48.3749,47.2231,46.6472,46.0713,45.4954,44.9195,44.3437,43.7678,43.1919,2,113.4506,True,True,False,False,False,False,False,False,False,False,False,False,False,False,False,False,False,False,False,False,False,False,False,False
UPRO,2021-07-19 04:00:00+00:00,54.22756462295669,54.42673599830136,52.58077240315024,53.78550720214844,23309200,2021,7,29,Monday,53.7551,56.25812911987305,-4.4,-3.61,-6.54,-4.4,6.54,55.6955,55.133,54.5704,54.0078,53.4452,52.8826,52.3201,51.7575,51.1949,50.6323,50.0697,49.5072,48.9446,48.382,47.8194,47.2568,46.1317,45.5691,45.0065,44.4439,43.8813,43.3188,42.7562,42.1936,6,325.7346,True,True,True,True,True,True,False,False,False,False,False,False,False,False,False,False,False,False,False,False,False,False,False,False
UPRO,2021-07-20 04:00:00+00:00,54.0089673958414,56.55445105299005,53.698068798305854,56.08324432373047,16256600,2021,7,29,Tuesday,55.0862,53.78550720214844,4.27,0.42,-0.16,4.27,0.16,53.2477,52.7098,52.1719,51.6341,51.0962,50.5584,50.0205,49.4827,48.9448,48.407,47.8691,47.3312,46.7934,46.2555,45.7177,45.1798,44.1041,43.5663,43.0284,42.4906,41.9527,41.4148,40.877,40.3391,0,0.0,False,False,False,False,False,False,False,False,False,False,False,False,False,False,False,False,False,False,False,False,False,False,False,False
UPRO,2021-07-21 04:00:00+00:00,56.5593032273759,57.46771216066401,56.47672160785967,57.41427612304688,9314000,2021,7,29,Wednesday,56.9795,56.08324432373047,2.37,0.85,0.7,2.37,-0.7,55.5224,54.9616,54.4007,53.8399,53.2791,52.7182,52.1574,51.5966,51.0358,50.4749,49.9141,49.3533,48.7924,48.2316,47.6708,47.1099,45.9883,45.4274,44.8666,44.3058,43.7449,43.1841,42.6233,42.0624,0,0.0,False,False,False,False,False,False,False,False,False,False,False,False,False,False,False,False,False,False,False,False,False,False,False,False
UPRO,2021-07-22 04:00:00+00:00,57.49200428046067,57.86119774588244,57.05966081295768,57.788330078125,6685400,2021,7,29,Thursday,57.5503,57.41427612304688,0.65,0.14,-0.62,0.65,0.62,56.8401,56.266,55.6918,55.1177,54.5436,53.9694,53.3953,52.8211,52.247,51.6728,51.0987,50.5246,49.9504,49.3763,48.8021,48.228,47.0797,46.5056,45.9314,45.3573,44.7831,44.209,43.6348,43.0607,0,0.0,False,False,False,False,False,False,False,False,False,False,False,False,False,False,False,False,False,False,False,False,False,False,False,False
UPRO,2021-07-23 04:00:00+00:00,58.56557983519445,59.68773308665823,58.28383052025465,59.53228378295898,5911200,2021,7,29,Friday,59.0174,57.788330078125,3.02,1.34,0.86,3.02,-0.86,57.2104,56.6326,56.0547,55.4768,54.8989,54.321,53.7431,53.1653,52.5874,52.0095,51.4316,50.8537,50.2758,49.698,49.1201,48.5422,47.3864,46.8085,46.2307,45.6528,45.0749,44.497,43.9191,43.3412,0,0.0,False,False,False,False,False,False,False,False,False,False,False,False,False,False,False,False,False,False,False,False,False,False,False,False
UPRO,2021-07-26 04:00:00+00:00,59.28938864999684,59.97919464111328,59.26023936017548,59.97919464111328,5418800,2021,7,30,Monday,59.627,59.53228378295898,0.75,-0.41,-0.46,0.75,0.46,58.937,58.3416,57.7463,57.151,56.5557,55.9603,55.365,54.7697,54.1744,53.5791,52.9837,52.3884,51.7931,51.1978,50.6024,50.0071,48.8165,48.2211,47.6258,47.0305,46.4352,45.8399,45.2445,44.6492,0,0.0,False,False,False,False,False,False,False,False,False,False,False,False,False,False,False,False,False,False,False,False,False,False,False,False
UPRO,2021-07-27 04:00:00+00:00,59.522563817800936,59.53228148364642,57.9292075898729,59.17280197143555,8183000,2021,7,30,Tuesday,59.0392,59.97919464111328,-1.34,-0.76,-3.42,-1.34,3.42,59.3794,58.7796,58.1798,57.58,56.9802,56.3804,55.7807,55.1809,54.5811,53.9813,53.3815,52.7817,52.1819,51.5821,50.9823,50.3825,49.1829,48.5831,47.9834,47.3836,46.7838,46.184,45.5842,44.9844,3,176.3388,True,True,True,False,False,False,False,False,False,False,False,False,False,False,False,False,False,False,False,False,False,False,False,False
UPRO,2021-07-28 04:00:00+00:00,59.43998007273501,59.673152157873965,58.46356223743151,59.075645446777344,7572200,2021,7,30,Wednesday,59.1631,59.17280197143555,-0.16,0.45,-1.2,-0.16,1.2,58.5811,57.9893,57.3976,56.8059,56.2142,55.6224,55.0307,54.439,53.8472,53.2555,52.6638,52.0721,51.4803,50.8886,50.2969,49.7052,48.5217,47.93,47.3382,46.7465,46.1548,45.5631,44.9713,44.3796,1,58.5811,True,False,False,False,False,False,False,False,False,False,False,False,False,False,False,False,False,False,False,False,False,False,False,False
UPRO,2021-07-29 04:00:00+00:00,59.50799275418224,60.270666472253,59.46912950207837,59.80917739868164,6752400,2021,7,30,Thursday,59.7642,59.075645446777344,1.24,0.73,0.67,1.24,-0.67,58.4849,57.8941,57.3034,56.7126,56.1219,55.5311,54.9404,54.3496,53.7588,53.1681,52.5773,51.9866,51.3958,50.8051,50.2143,49.6235,48.442,47.8513,47.2605,46.6698,46.079,45.4882,44.8975,44.3067,0,0.0,False,False,False,False,False,False,False,False,False,False,False,False,False,False,False,False,False,False,False,False,False,False,False,False
UPRO,2021-07-30 04:00:00+00:00,58.69674556747501,59.56143259781115,58.63845068560145,58.90077209472656,6612800,2021,7,30,Friday,58.9494,59.80917739868164,-1.52,-1.86,-1.96,-1.52,1.96,59.2111,58.613,58.0149,57.4168,56.8187,56.2206,55.6225,55.0244,54.4264,53.8283,53.2302,52.6321,52.034,51.4359,50.8378,50.2397,49.0435,48.4454,47.8473,47.2493,46.6512,46.0531,45.455,44.8569,1,59.2111,True,False,False,False,False,False,False,False,False,False,False,False,False,False,False,False,False,False,False,False,False,False,False,False
UPRO,2021-08-02 04:00:00+00:00,59.64886975739488,59.90633231885872,58.43927974872344,58.536434173583984,7308000,2021,8,31,Monday,59.1327,58.90077209472656,-0.62,1.27,-0.78,-0.62,0.78,58.3118,57.7228,57.1337,56.5447,55.9557,55.3667,54.7777,54.1887,53.5997,53.0107,52.4217,51.8327,51.2437,50.6547,50.0657,49.4766,48.2986,47.7096,47.1206,46.5316,45.9426,45.3536,44.7646,44.1756,0,0.0,False,False,False,False,False,False,False,False,False,False,False,False,False,False,False,False,False,False,False,False,False,False,False,False
UPRO,2021-08-03 04:00:00+00:00,58.88132980465308,60.01805570501293,57.958348059585546,59.96947479248047,9525600,2021,8,31,Tuesday,59.2068,58.536434173583984,2.45,0.59,-0.99,2.45,0.99,57.9511,57.3657,56.7803,56.195,55.6096,55.0242,54.4389,53.8535,53.2682,52.6828,52.0974,51.5121,50.9267,50.3413,49.756,49.1706,47.9999,47.4145,46.8291,46.2438,45.6584,45.0731,44.4877,43.9023,0,0.0,False,False,False,False,False,False,False,False,False,False,False,False,False,False,False,False,False,False,False,False,False,False,False,False
UPRO,2021-08-04 04:00:00+00:00,59.410839213056114,59.67801573628248,58.997923639172505,59.1145133972168,6468200,2021,8,31,Wednesday,59.3003,59.96947479248047,-1.43,-0.93,-1.62,-1.43,1.62,59.3698,58.7701,58.1704,57.5707,56.971,56.3713,55.7716,55.1719,54.5722,53.9725,53.3728,52.7731,52.1734,51.5737,50.9741,50.3744,49.175,48.5753,47.9756,47.3759,46.7762,46.1765,45.5768,44.9771,1,59.3698,True,False,False,False,False,False,False,False,False,False,False,False,False,False,False,False,False,False,False,False,False,False,False,False
UPRO,2021-08-05 04:00:00+00:00,59.60028159363551,60.251224274241146,59.45454627691926,60.19778823852539,5057000,2021,8,31,Thursday,59.876,59.1145133972168,1.83,0.82,0.58,1.83,-0.58,58.5234,57.9322,57.3411,56.7499,56.1588,55.5676,54.9765,54.3854,53.7942,53.2031,52.6119,52.0208,51.4296,50.8385,50.2473,49.6562,48.4739,47.8828,47.2916,46.7005,46.1093,45.5182,44.927,44.3359,0,0.0,False,False,False,False,False,False,False,False,False,False,False,False,False,False,False,False,False,False,False,False,False,False,False,False
UPRO,2021-08-06 04:00:00+00:00,60.33381539478943,60.68357724504156,60.21722934677327,60.537845611572266,6092200,2021,8,31,Friday,60.4431,60.19778823852539,0.56,0.23,0.03,0.56,-0.03,59.5958,58.9938,58.3919,57.7899,57.1879,56.5859,55.9839,55.382,54.78,54.178,53.576,52.9741,52.3721,51.7701,51.1681,50.5661,49.3622,48.7602,48.1582,47.5563,46.9543,46.3523,45.7503,45.1483,0,0.0,False,False,False,False,False,False,False,False,False,False,False,False,False,False,False,False,False,False,False,False,False,False,False,False
UPRO,2021-08-09 04:00:00+00:00,60.49412029756405,60.62528283750799,60.00834079952698,60.348388671875,4908800,2021,8,32,Monday,60.369,60.537845611572266,-0.31,-0.07,-0.87,-0.31,0.87,59.9325,59.3271,58.7217,58.1163,57.511,56.9056,56.3002,55.6948,55.0894,54.4841,53.8787,53.2733,52.6679,52.0625,51.4572,50.8518,49.641,49.0357,48.4303,47.8249,47.2195,46.6141,46.0088,45.4034,0,0.0,False,False,False,False,False,False,False,False,False,False,False,False,False,False,False,False,False,False,False,False,False,False,False,False
UPRO,2021-08-10 04:00:00+00:00,60.52327183556246,60.87303370155025,60.22209088912039,60.532989501953125,7143600,2021,8,32,Tuesday,60.5378,60.348388671875,0.31,0.29,-0.21,0.31,0.21,59.7449,59.1414,58.5379,57.9345,57.331,56.7275,56.124,55.5205,54.917,54.3135,53.7101,53.1066,52.5031,51.8996,51.2961,50.6926,49.4857,48.8822,48.2787,47.6752,47.0717,46.4683,45.8648,45.2613,0,0.0,False,False,False,False,False,False,False,False,False,False,False,False,False,False,False,False,False,False,False,False,False,False,False,False
UPRO,2021-08-11 04:00:00+00:00,61.03819796060838,61.04791192036336,60.52812797768652,60.97504425048828,5811400,2021,8,32,Wednesday,60.8973,60.532989501953125,0.73,0.83,-0.01,0.73,0.01,59.9277,59.3223,58.717,58.1117,57.5063,56.901,56.2957,55.6904,55.085,54.4797,53.8744,53.269,52.6637,52.0584,51.453,50.8477,49.6371,49.0317,48.4264,47.8211,47.2157,46.6104,46.0051,45.3997,0,0.0,False,False,False,False,False,False,False,False,False,False,False,False,False,False,False,False,False,False,False,False,False,False,False,False
UPRO,2021-08-12 04:00:00+00:00,60.91674882607463,61.60655481282557,60.54269654306228,61.51425552368164,6878800,2021,8,32,Thursday,61.1451,60.97504425048828,0.88,-0.1,-0.71,0.88,0.71,60.3653,59.7555,59.1458,58.536,57.9263,57.3165,56.7068,56.097,55.4873,54.8775,54.2678,53.658,53.0483,52.4385,51.8288,51.219,49.9995,49.3898,48.78,48.1703,47.5605,46.9508,46.341,45.7313,0,0.0,False,False,False,False,False,False,False,False,False,False,False,False,False,False,False,False,False,False,False,False,False,False,False,False
UPRO,2021-08-13 04:00:00+00:00,61.718283792604176,61.88344703515704,61.52883009381553,61.85430145263672,7744400,2021,8,32,Friday,61.7462,61.51425552368164,0.55,0.33,0.02,0.55,-0.02,60.8991,60.284,59.6688,59.0537,58.4385,57.8234,57.2083,56.5931,55.978,55.3628,54.7477,54.1325,53.5174,52.9023,52.2871,51.672,50.4417,49.8265,49.2114,48.5963,47.9811,47.366,46.7508,46.1357,0,0.0,False,False,False,False,False,False,False,False,False,False,False,False,False,False,False,False,False,False,False,False,False,False,False,False
UPRO,2021-08-16 04:00:00+00:00,61.32480523820728,62.35951427602533,60.61070875464406,62.3157958984375,9265000,2021,8,33,Monday,61.6527,61.85430145263672,0.75,-0.86,-2.01,0.75,2.01,61.2358,60.6172,59.9987,59.3801,58.7616,58.143,57.5245,56.906,56.2874,55.6689,55.0503,54.4318,53.8132,53.1947,52.5762,51.9576,50.7205,50.102,49.4834,48.8649,48.2464,47.6278,47.0093,46.3907,2,121.853,True,True,False,False,False,False,False,False,False,False,False,False,False,False,False,False,False,False,False,False,False,False,False,False
UPRO,2021-08-17 04:00:00+00:00,61.16450095442093,61.48025467648877,59.75573960950469,61.11106491088867,14781800,2021,8,33,Tuesday,60.8779,62.3157958984375,-1.93,-1.85,-4.11,-1.93,4.11,61.6926,61.0695,60.4463,59.8232,59.2,58.5768,57.9537,57.3305,56.7074,56.0842,55.4611,54.8379,54.2147,53.5916,52.9684,52.3453,51.099,50.4758,49.8526,49.2295,48.6063,47.9832,47.36,46.7368,4,243.0316,True,True,True,True,False,False,False,False,False,False,False,False,False,False,False,False,False,False,False,False,False,False,False,False
UPRO,2021-08-18 04:00:00+00:00,60.63985861698648,61.31995068898501,58.97849354133843,59.104793548583984,13303200,2021,8,33,Wednesday,60.0108,61.11106491088867,-3.28,-0.77,-3.49,-3.28,3.49,60.5,59.8888,59.2777,58.6666,58.0555,57.4444,56.8333,56.2222,55.6111,55.0,54.3888,53.7777,53.1666,52.5555,51.9444,51.3333,50.1111,49.5,48.8889,48.2777,47.6666,47.0555,46.4444,45.8333,3,179.6665,True,True,True,False,False,False,False,False,False,False,False,False,False,False,False,False,False,False,False,False,False,False,False,False
UPRO,2021-08-19 04:00:00+00:00,57.861195290888574,59.85774928923147,57.8369048339322,59.31367492675781,14684400,2021,8,33,Thursday,58.7174,59.104793548583984,0.35,-2.1,-2.15,0.35,2.15,58.5137,57.9227,57.3316,56.7406,56.1496,55.5585,54.9675,54.3764,53.7854,53.1943,52.6033,52.0122,51.4212,50.8301,50.2391,49.648,48.4659,47.8749,47.2838,46.6928,46.1017,45.5107,44.9196,44.3286,2,116.4364,True,True,False,False,False,False,False,False,False,False,False,False,False,False,False,False,False,False,False,False,False,False,False,False
UPRO,2021-08-20 04:00:00+00:00,59.50312440084662,60.90702672919735,59.28938396088043,60.7952995300293,9821200,2021,8,33,Friday,60.1237,59.31367492675781,2.5,0.32,-0.04,2.5,0.04,58.7205,58.1274,57.5343,56.9411,56.348,55.7549,55.1617,54.5686,53.9754,53.3823,52.7892,52.196,51.6029,51.0098,50.4166,49.8235,48.6372,48.0441,47.4509,46.8578,46.2647,45.6715,45.0784,44.4853,0,0.0,False,False,False,False,False,False,False,False,False,False,False,False,False,False,False,False,False,False,False,False,False,False,False,False
UPRO,2021-08-23 04:00:00+00:00,61.48997586674042,62.76757844561694,61.48997586674042,62.34980773925781,7659400,2021,8,34,Monday,62.0243,60.7952995300293,2.56,1.14,1.14,2.56,-1.14,60.1873,59.5794,58.9714,58.3635,57.7555,57.1476,56.5396,55.9317,55.3237,54.7158,54.1078,53.4999,52.8919,52.284,51.676,51.0681,49.8521,49.2442,48.6362,48.0283,47.4203,46.8124,46.2044,45.5965,0,0.0,False,False,False,False,False,False,False,False,False,False,False,False,False,False,False,False,False,False,False,False,False,False,False,False
UPRO,2021-08-24 04:00:00+00:00,62.68012585479725,62.88901488612656,62.42751844914552,62.66069793701172,5245000,2021,8,34,Tuesday,62.6643,62.34980773925781,0.5,0.53,0.12,0.5,-0.12,61.7263,61.1028,60.4793,59.8558,59.2323,58.6088,57.9853,57.3618,56.7383,56.1148,55.4913,54.8678,54.2443,53.6208,52.9973,52.3738,51.1268,50.5033,49.8798,49.2563,48.6329,48.0094,47.3859,46.7624,0,0.0,False,False,False,False,False,False,False,False,False,False,False,False,False,False,False,False,False,False,False,False,False,False,False,False
UPRO,2021-08-25 04:00:00+00:00,62.74814937523463,63.27279222714448,62.573268424598005,63.025047302246094,5116400,2021,8,34,Wednesday,62.9048,62.66069793701172,0.58,0.14,-0.14,0.58,0.14,62.0341,61.4075,60.7809,60.1543,59.5277,58.9011,58.2744,57.6478,57.0212,56.3946,55.768,55.1414,54.5148,53.8882,53.2616,52.635,51.3818,50.7552,50.1286,49.502,48.8753,48.2487,47.6221,46.9955,0,0.0,False,False,False,False,False,False,False,False,False,False,False,False,False,False,False,False,False,False,False,False,False,False,False,False
UPRO,2021-08-26 04:00:00+00:00,62.90844981009084,63.01532190083032,61.883454694295,61.94174957275391,9457000,2021,8,34,Thursday,62.4372,63.025047302246094,-1.72,-0.19,-1.81,-1.72,1.81,62.3948,61.7645,61.1343,60.504,59.8738,59.2435,58.6133,57.983,57.3528,56.7225,56.0923,55.462,54.8318,54.2015,53.5713,52.941,51.6805,51.0503,50.42,49.7898,49.1595,48.5293,47.899,47.2688,1,62.3948,True,False,False,False,False,False,False,False,False,False,False,False,False,False,False,False,False,False,False,False,False,False,False,False
UPRO,2021-08-27 04:00:00+00:00,62.28179067369813,63.748839372994674,62.25750021710704,63.53509521484375,9611400,2021,8,34,Friday,62.9558,61.94174957275391,2.57,0.55,0.51,2.57,-0.51,61.3223,60.7029,60.0835,59.4641,58.8447,58.2252,57.6058,56.9864,56.367,55.7476,55.1282,54.5087,53.8893,53.2699,52.6505,52.0311,50.7922,50.1728,49.5534,48.934,48.3146,47.6951,47.0757,46.4563,0,0.0,False,False,False,False,False,False,False,False,False,False,False,False,False,False,False,False,False,False,False,False,False,False,False,False
UPRO,2021-08-30 04:00:00+00:00,63.8945687684687,64.7738283636306,63.782841573409904,64.3803482055664,6443600,2021,8,35,Monday,64.2079,63.53509521484375,1.33,0.57,0.39,1.33,-0.39,62.8997,62.2644,61.629,60.9937,60.3583,59.723,59.0876,58.4523,57.8169,57.1816,56.5462,55.9109,55.2755,54.6402,54.0048,53.3695,52.0988,51.4634,50.8281,50.1927,49.5574,48.922,48.2867,47.6513,0,0.0,False,False,False,False,False,False,False,False,False,False,False,False,False,False,False,False,False,False,False,False,False,False,False,False
UPRO,2021-08-31 04:00:00+00:00,64.38035925827437,64.5358122627884,63.86543415253431,64.18605041503906,8229400,2021,8,35,Tuesday,64.2419,64.3803482055664,-0.3,0.0,-0.8,-0.3,0.8,63.7365,63.0927,62.4489,61.8051,61.1613,60.5175,59.8737,59.2299,58.5861,57.9423,57.2985,56.6547,56.0109,55.3671,54.7233,54.0795,52.7919,52.1481,51.5043,50.8605,50.2167,49.5729,48.9291,48.2853,0,0.0,False,False,False,False,False,False,False,False,False,False,False,False,False,False,False,False,False,False,False,False,False,False,False,False
UPRO,2021-09-01 04:00:00+00:00,64.55524065516327,64.79327529041682,64.13261484120581,64.29292297363281,9301600,2021,9,35,Wednesday,64.4435,64.18605041503906,0.17,0.58,-0.08,0.17,0.08,63.5442,62.9023,62.2605,61.6186,60.9767,60.3349,59.693,59.0512,58.4093,57.7674,57.1256,56.4837,55.8419,55.2,54.5581,53.9163,52.6326,51.9907,51.3488,50.707,50.0651,49.4233,48.7814,48.1395,0,0.0,False,False,False,False,False,False,False,False,False,False,False,False,False,False,False,False,False,False,False,False,False,False,False,False
UPRO,2021-09-02 04:00:00+00:00,64.890424212557,65.19646765874133,64.27834473259499,64.8272705078125,6092400,2021,9,35,Thursday,64.7981,64.29292297363281,0.83,0.93,-0.02,0.83,0.02,63.65,63.0071,62.3641,61.7212,61.0783,60.4353,59.7924,59.1495,58.5066,57.8636,57.2207,56.5778,55.9348,55.2919,54.649,54.0061,52.7202,52.0773,51.4343,50.7914,50.1485,49.5056,48.8626,48.2197,0,0.0,False,False,False,False,False,False,False,False,False,False,False,False,False,False,False,False,False,False,False,False,False,False,False,False
UPRO,2021-09-03 04:00:00+00:00,64.37064242781119,65.00215729513275,64.11317987159973,64.74954986572266,7314800,2021,9,35,Friday,64.5589,64.8272705078125,-0.12,-0.7,-1.1,-0.12,1.1,64.179,63.5307,62.8825,62.2342,61.5859,60.9376,60.2894,59.6411,58.9928,58.3445,57.6963,57.048,56.3997,55.7515,55.1032,54.4549,53.1584,52.5101,51.8618,51.2135,50.5653,49.917,49.2687,48.6205,1,64.179,True,False,False,False,False,False,False,False,False,False,False,False,False,False,False,False,False,False,False,False,False,False,False,False
UPRO,2021-09-07 04:00:00+00:00,64.60381776946284,64.64268101858832,63.758558778898966,64.08403015136719,8460400,2021,9,36,Tuesday,64.2723,64.74954986572266,-1.03,-0.23,-1.53,-1.03,1.53,64.1021,63.4546,62.8071,62.1596,61.5121,60.8646,60.2171,59.5696,58.9221,58.2746,57.6271,56.9796,56.3321,55.6846,55.0371,54.3896,53.0946,52.4471,51.7996,51.1521,50.5046,49.8572,49.2097,48.5622,1,64.1021,True,False,False,False,False,False,False,False,False,False,False,False,False,False,False,False,False,False,False,False,False,False,False,False
UPRO,2021-09-08 04:00:00+00:00,63.81200115741518,64.15204535552625,62.9521692895855,63.85086441040039,10266400,2021,9,36,Wednesday,63.6918,64.08403015136719,-0.36,-0.42,-1.77,-0.36,1.77,63.4432,62.8023,62.1615,61.5207,60.8798,60.239,59.5981,58.9573,58.3165,57.6756,57.0348,56.3939,55.7531,55.1123,54.4714,53.8306,52.5489,51.9081,51.2672,50.6264,49.9855,49.3447,48.7039,48.063,1,63.4432,True,False,False,False,False,False,False,False,False,False,False,False,False,False,False,False,False,False,False,False,False,False,False,False
UPRO,2021-09-09 04:00:00+00:00,63.71484097210478,64.52609184727379,62.89387243146593,62.98617172241211,10624400,2021,9,36,Thursday,63.5302,63.85086441040039,-1.35,-0.21,-1.5,-1.35,1.5,63.2124,62.5738,61.9353,61.2968,60.6583,60.0198,59.3813,58.7428,58.1043,57.4658,56.8273,56.1888,55.5503,54.9117,54.2732,53.6347,52.3577,51.7192,51.0807,50.4422,49.8037,49.1652,48.5267,47.8881,1,63.2124,True,False,False,False,False,False,False,False,False,False,False,False,False,False,False,False,False,False,False,False,False,False,False,False
UPRO,2021-09-10 04:00:00+00:00,63.87515803703348,64.05489410514484,61.45597415871485,61.52398300170898,12731000,2021,9,36,Friday,62.7275,62.98617172241211,-2.32,1.41,-2.43,-2.32,2.43,62.3563,61.7264,61.0966,60.4667,59.8369,59.207,58.5771,57.9473,57.3174,56.6876,56.0577,55.4278,54.798,54.1681,53.5382,52.9084,51.6487,51.0188,50.3889,49.7591,49.1292,48.4994,47.8695,47.2396,2,124.0828,True,True,False,False,False,False,False,False,False,False,False,False,False,False,False,False,False,False,False,False,False,False,False,False
UPRO,2021-09-13 04:00:00+00:00,62.82101305170808,62.94245793551134,60.95075887617482,61.94174957275391,18009800,2021,9,37,Monday,62.164,61.52398300170898,0.68,2.11,-0.93,0.68,0.93,60.9087,60.2935,59.6783,59.063,58.4478,57.8325,57.2173,56.6021,55.9868,55.3716,54.7563,54.1411,53.5259,52.9106,52.2954,51.6801,50.4497,49.8344,49.2192,48.6039,47.9887,47.3735,46.7582,46.143,0,0.0,False,False,False,False,False,False,False,False,False,False,False,False,False,False,False,False,False,False,False,False,False,False,False,False
UPRO,2021-09-14 04:00:00+00:00,62.58783324279392,62.684987666896994,60.56699231306106,60.97990417480469,15547600,2021,9,37,Tuesday,61.7049,61.94174957275391,-1.55,1.04,-2.22,-1.55,2.22,61.3223,60.7029,60.0835,59.4641,58.8447,58.2252,57.6058,56.9864,56.367,55.7476,55.1282,54.5087,53.8893,53.2699,52.6505,52.0311,50.7922,50.1728,49.5534,48.934,48.3146,47.6951,47.0757,46.4563,2,122.0252,True,True,False,False,False,False,False,False,False,False,False,False,False,False,False,False,False,False,False,False,False,False,False,False
UPRO,2021-09-15 04:00:00+00:00,61.1353481761062,62.70441756212397,60.65442751794984,62.510101318359375,13475000,2021,9,37,Wednesday,61.7511,60.97990417480469,2.51,0.25,-0.53,2.51,0.53,60.3701,59.7603,59.1505,58.5407,57.9309,57.3211,56.7113,56.1015,55.4917,54.8819,54.2721,53.6623,53.0525,52.4427,51.8329,51.2231,50.0035,49.3937,48.7839,48.1741,47.5643,46.9545,46.3447,45.7349,0,0.0,False,False,False,False,False,False,False,False,False,False,False,False,False,False,False,False,False,False,False,False,False,False,False,False
UPRO,2021-09-16 04:00:00+00:00,62.242932320045,62.67527579669931,60.868175387841305,62.16034698486328,13739400,2021,9,37,Thursday,61.9867,62.510101318359375,-0.56,-0.43,-2.63,-0.56,2.63,61.885,61.2599,60.6348,60.0097,59.3846,58.7595,58.1344,57.5093,56.8842,56.2591,55.634,55.0089,54.3838,53.7587,53.1336,52.5085,51.2583,50.6332,50.0081,49.383,48.7579,48.1328,47.5077,46.8826,2,123.1449,True,True,False,False,False,False,False,False,False,False,False,False,False,False,False,False,False,False,False,False,False,False,False,False
UPRO,2021-09-17 04:00:00+00:00,61.796011413526806,62.01946954479688,60.20265520363336,60.39210891723633,18838600,2021,9,37,Friday,61.1026,62.16034698486328,-2.84,-0.59,-3.15,-2.84,3.15,61.5387,60.9171,60.2955,59.6739,59.0523,58.4307,57.8091,57.1875,56.5659,55.9443,55.3227,54.7011,54.0795,53.4579,52.8363,52.2147,50.9715,50.3499,49.7283,49.1067,48.4851,47.8635,47.2419,46.6203,3,182.7514,True,True,True,False,False,False,False,False,False,False,False,False,False,False,False,False,False,False,False,False,False,False,False,False
UPRO,2021-09-20 04:00:00+00:00,57.67660535144806,58.37612535593127,55.21370327730892,57.380279541015625,25870200,2021,9,38,Monday,57.1617,60.39210891723633,-4.99,-4.5,-8.57,-4.99,8.57,59.7882,59.1843,58.5803,57.9764,57.3725,56.7686,56.1647,55.5607,54.9568,54.3529,53.749,53.1451,52.5411,51.9372,51.3333,50.7294,49.5215,48.9176,48.3137,47.7098,47.1058,46.5019,45.898,45.2941,8,461.3957,True,True,True,True,True,True,True,True,False,False,False,False,False,False,False,False,False,False,False,False,False,False,False,False
UPRO,2021-09-21 04:00:00+00:00,58.32754631475208,58.85704791420806,56.95278939552814,57.215110778808594,15171800,2021,9,38,Tuesday,57.8381,57.380279541015625,-0.29,1.65,-0.75,-0.29,0.75,56.8065,56.2327,55.6589,55.0851,54.5113,53.9375,53.3637,52.7899,52.2161,51.6423,51.0684,50.4946,49.9208,49.347,48.7732,48.1994,47.0518,46.478,45.9042,45.3304,44.7566,44.1828,43.609,43.0352,0,0.0,False,False,False,False,False,False,False,False,False,False,False,False,False,False,False,False,False,False,False,False,False,False,False,False
UPRO,2021-09-22 04:00:00+00:00,58.14295003609533,59.70716063240776,57.725179366041566,58.83275604248047,12969600,2021,9,38,Wednesday,58.602,57.215110778808594,2.83,1.62,0.89,2.83,-0.89,56.643,56.0708,55.4987,54.9265,54.3544,53.7822,53.2101,52.6379,52.0658,51.4936,50.9214,50.3493,49.7771,49.205,48.6328,48.0607,46.9164,46.3442,45.7721,45.1999,44.6278,44.0556,43.4835,42.9113,0,0.0,False,False,False,False,False,False,False,False,False,False,False,False,False,False,False,False,False,False,False,False,False,False,False,False
UPRO,2021-09-23 04:00:00+00:00,59.62457776612438,61.66485399160816,59.537137303515024,60.97504425048828,9306400,2021,9,38,Thursday,60.4504,58.83275604248047,3.64,1.35,1.2,3.64,-1.2,58.2444,57.6561,57.0678,56.4794,55.8911,55.3028,54.7145,54.1261,53.5378,52.9495,52.3612,51.7728,51.1845,50.5962,50.0078,49.4195,48.2429,47.6545,47.0662,46.4779,45.8895,45.3012,44.7129,44.1246,0,0.0,False,False,False,False,False,False,False,False,False,False,False,False,False,False,False,False,False,False,False,False,False,False,False,False
UPRO,2021-09-24 04:00:00+00:00,60.25609090474762,61.57255293296844,60.15893277896164,61.28108596801758,6932000,2021,9,38,Friday,60.8172,60.97504425048828,0.5,-1.18,-1.34,0.5,1.34,60.3653,59.7555,59.1458,58.536,57.9263,57.3165,56.7068,56.097,55.4873,54.8775,54.2678,53.658,53.0483,52.4385,51.8288,51.219,49.9995,49.3898,48.78,48.1703,47.5605,46.9508,46.341,45.7313,1,60.3653,True,False,False,False,False,False,False,False,False,False,False,False,False,False,False,False,False,False,False,False,False,False,False,False
UPRO,2021-09-27 04:00:00+00:00,60.80016128926159,61.31022751780709,60.41639505662071,60.756439208984375,7759200,2021,9,39,Monday,60.8208,61.28108596801758,-0.86,-0.78,-1.41,-0.86,1.41,60.6683,60.0555,59.4427,58.8298,58.217,57.6042,56.9914,56.3786,55.7658,55.153,54.5402,53.9274,53.3145,52.7017,52.0889,51.4761,50.2505,49.6377,49.0249,48.4121,47.7992,47.1864,46.5736,45.9608,1,60.6683,True,False,False,False,False,False,False,False,False,False,False,False,False,False,False,False,False,False,False,False,False,False,False,False
UPRO,2021-09-28 04:00:00+00:00,59.48855413292167,59.64400341685428,56.73418539595801,57.08880233764648,17454600,2021,9,39,Tuesday,58.2389,60.756439208984375,-6.04,-2.09,-6.62,-6.04,6.62,60.1489,59.5413,58.9337,58.3262,57.7186,57.1111,56.5035,55.8959,55.2884,54.6808,54.0732,53.4657,52.8581,52.2505,51.643,51.0354,49.8203,49.2127,48.6052,47.9976,47.39,46.7825,46.1749,45.5673,6,351.7798,True,True,True,True,True,True,False,False,False,False,False,False,False,False,False,False,False,False,False,False,False,False,False,False
UPRO,2021-09-29 04:00:00+00:00,57.61344921102304,58.346977309703696,57.09366528297336,57.31712341308594,12056200,2021,9,39,Wednesday,57.5928,57.08880233764648,0.4,0.92,0.01,0.4,-0.01,56.5179,55.947,55.3761,54.8053,54.2344,53.6635,53.0926,52.5217,51.9508,51.3799,50.809,50.2381,49.6673,49.0964,48.5255,47.9546,46.8128,46.2419,45.671,45.1002,44.5293,43.9584,43.3875,42.8166,0,0.0,False,False,False,False,False,False,False,False,False,False,False,False,False,False,False,False,False,False,False,False,False,False,False,False
UPRO,2021-09-30 04:00:00+00:00,57.92921444375702,58.2303991151404,55.14084071497704,55.23799514770508,18906600,2021,9,39,Thursday,56.6346,57.31712341308594,-3.63,1.07,-3.8,-3.63,3.8,56.744,56.1708,55.5976,55.0244,54.4513,53.8781,53.3049,52.7318,52.1586,51.5854,51.0122,50.4391,49.8659,49.2927,48.7196,48.1464,47.0,46.4269,45.8537,45.2805,44.7074,44.1342,43.561,42.9878,3,168.5123,True,True,True,False,False,False,False,False,False,False,False,False,False,False,False,False,False,False,False,False,False,False,False,False
UPRO,2021-10-01 04:00:00+00:00,55.93265858502644,57.87577683694663,54.49475152334997,57.20540237426758,20352000,2021,10,39,Friday,56.3771,55.23799514770508,3.56,1.26,-1.35,3.56,1.35,54.6856,54.1332,53.5809,53.0285,52.4761,51.9237,51.3713,50.819,50.2666,49.7142,49.1618,48.6094,48.0571,47.5047,46.9523,46.3999,45.2952,44.7428,44.1904,43.638,43.0856,42.5333,41.9809,41.4285,1,54.6856,True,False,False,False,False,False,False,False,False,False,False,False,False,False,False,False,False,False,False,False,False,False,False,False
UPRO,2021-10-04 04:00:00+00:00,56.70018770328063,57.05966352008105,54.06726352304915,54.9708137512207,16350600,2021,10,40,Monday,55.6995,57.20540237426758,-3.91,-0.88,-5.49,-3.91,5.49,56.6333,56.0613,55.4892,54.9172,54.3451,53.7731,53.201,52.629,52.0569,51.4849,50.9128,50.3408,49.7687,49.1966,48.6246,48.0525,46.9084,46.3364,45.7643,45.1923,44.6202,44.0482,43.4761,42.9041,5,277.4462,True,True,True,True,True,False,False,False,False,False,False,False,False,False,False,False,False,False,False,False,False,False,False,False
UPRO,2021-10-05 04:00:00+00:00,55.58289197411542,57.58430493741751,55.2525617511666,56.64189147949219,11374800,2021,10,40,Tuesday,56.2654,54.9708137512207,3.04,1.11,0.51,3.04,-0.51,54.4211,53.8714,53.3217,52.772,52.2223,51.6726,51.1229,50.5731,50.0234,49.4737,48.924,48.3743,47.8246,47.2749,46.7252,46.1755,45.0761,44.5264,43.9767,43.4269,42.8772,42.3275,41.7778,41.2281,0,0.0,False,False,False,False,False,False,False,False,False,False,False,False,False,False,False,False,False,False,False,False,False,False,False,False
UPRO,2021-10-06 04:00:00+00:00,55.16026723239791,57.45800233875656,54.480175147697175,57.380279541015625,14926000,2021,10,40,Wednesday,56.1197,56.64189147949219,1.3,-2.62,-3.82,1.3,3.82,56.0755,55.5091,54.9426,54.3762,53.8098,53.2434,52.677,52.1105,51.5441,50.9777,50.4113,49.8449,49.2784,48.712,48.1456,47.5792,46.4464,45.8799,45.3135,44.7471,44.1807,43.6143,43.0478,42.4814,3,166.5272,True,True,True,False,False,False,False,False,False,False,False,False,False,False,False,False,False,False,False,False,False,False,False,False
UPRO,2021-10-07 04:00:00+00:00,58.7598932753733,60.04720980992021,58.67245280908926,58.83761978149414,11065000,2021,10,40,Thursday,59.0793,57.380279541015625,2.54,2.4,2.25,2.54,-2.25,56.8065,56.2327,55.6589,55.0851,54.5113,53.9375,53.3637,52.7899,52.2161,51.6423,51.0684,50.4946,49.9208,49.347,48.7732,48.1994,47.0518,46.478,45.9042,45.3304,44.7566,44.1828,43.609,43.0352,0,0.0,False,False,False,False,False,False,False,False,False,False,False,False,False,False,False,False,False,False,False,False,False,False,False,False
UPRO,2021-10-08 04:00:00+00:00,59.20196030041948,59.34283682705611,58.25954670453507,58.49757766723633,9985200,2021,10,40,Friday,58.8255,58.83761978149414,-0.58,0.62,-0.98,-0.58,0.98,58.2492,57.6609,57.0725,56.4841,55.8957,55.3074,54.719,54.1306,53.5422,52.9539,52.3655,51.7771,51.1887,50.6004,50.012,49.4236,48.2468,47.6585,47.0701,46.4817,45.8933,45.305,44.7166,44.1282,0,0.0,False,False,False,False,False,False,False,False,False,False,False,False,False,False,False,False,False,False,False,False,False,False,False,False
UPRO,2021-10-11 04:00:00+00:00,58.244973348309664,59.483709074112,57.22969208206121,57.25398254394531,9545000,2021,10,41,Monday,58.0531,58.49757766723633,-2.13,-0.43,-2.17,-2.13,2.17,57.9126,57.3276,56.7427,56.1577,55.5727,54.9877,54.4027,53.8178,53.2328,52.6478,52.0628,51.4779,50.8929,50.3079,49.7229,49.138,47.968,47.383,46.7981,46.2131,45.6281,45.0431,44.4582,43.8732,2,115.2402,True,True,False,False,False,False,False,False,False,False,False,False,False,False,False,False,False,False,False,False,False,False,False,False
UPRO,2021-10-12 04:00:00+00:00,57.64745589579952,57.8077640300777,56.50587474232864,56.85563659667969,10140600,2021,10,41,Tuesday,57.2042,57.25398254394531,-0.7,0.69,-1.31,-0.7,1.31,56.6814,56.1089,55.5364,54.9638,54.3913,53.8187,53.2462,52.6737,52.1011,51.5286,50.956,50.3835,49.811,49.2384,48.6659,48.0933,46.9483,46.3757,45.8032,45.2306,44.6581,44.0856,43.513,42.9405,1,56.6814,True,False,False,False,False,False,False,False,False,False,False,False,False,False,False,False,False,False,False,False,False,False,False,False
UPRO,2021-10-13 04:00:00+00:00,57.24425512894869,57.79318834194029,56.01523357345981,57.41913604736328,9447800,2021,10,41,Wednesday,57.118,56.85563659667969,0.99,0.68,-1.48,0.99,1.48,56.2871,55.7185,55.15,54.5814,54.0129,53.4443,52.8757,52.3072,51.7386,51.1701,50.6015,50.033,49.4644,48.8958,48.3273,47.7587,46.6216,46.0531,45.4845,44.916,44.3474,43.7788,43.2103,42.6417,1,56.2871,True,False,False,False,False,False,False,False,False,False,False,False,False,False,False,False,False,False,False,False,False,False,False,False
UPRO,2021-10-14 04:00:00+00:00,58.99306362830071,60.39210725317377,58.78903342171642,60.31438446044922,9437600,2021,10,41,Thursday,59.6221,57.41913604736328,5.04,2.74,2.39,5.04,-2.39,56.8449,56.2708,55.6966,55.1224,54.5482,53.974,53.3998,52.8256,52.2514,51.6772,51.103,50.5288,49.9546,49.3805,48.8063,48.2321,47.0837,46.5095,45.9353,45.3611,44.7869,44.2127,43.6385,43.0644,0,0.0,False,False,False,False,False,False,False,False,False,False,False,False,False,False,False,False,False,False,False,False,False,False,False,False
UPRO,2021-10-15 04:00:00+00:00,61.28108286805308,61.864016768466506,60.97503942006318,61.70370864868164,7802600,2021,10,41,Friday,61.456,60.31438446044922,2.3,1.6,1.1,2.3,-1.1,59.7112,59.1081,58.505,57.9018,57.2987,56.6955,56.0924,55.4892,54.8861,54.2829,53.6798,53.0767,52.4735,51.8704,51.2672,50.6641,49.4578,48.8547,48.2515,47.6484,47.0452,46.4421,45.8389,45.2358,0,0.0,False,False,False,False,False,False,False,False,False,False,False,False,False,False,False,False,False,False,False,False,False,False,False,False
UPRO,2021-10-18 04:00:00+00:00,60.89246207223181,62.39352271580096,60.6155678941642,62.28179550170898,6398800,2021,10,42,Monday,61.5458,61.70370864868164,0.94,-1.31,-1.76,0.94,1.76,61.0867,60.4696,59.8526,59.2356,58.6185,58.0015,57.3844,56.7674,56.1504,55.5333,54.9163,54.2993,53.6822,53.0652,52.4482,51.8311,50.597,49.98,49.363,48.7459,48.1289,47.5119,46.8948,46.2778,1,61.0867,True,False,False,False,False,False,False,False,False,False,False,False,False,False,False,False,False,False,False,False,False,False,False,False
UPRO,2021-10-19 04:00:00+00:00,62.96188842204496,63.71484821480042,62.69957072379605,63.70027542114258,6880800,2021,10,42,Tuesday,63.2691,62.28179550170898,2.28,1.09,0.67,2.28,-0.67,61.659,61.0362,60.4133,59.7905,59.1677,58.5449,57.9221,57.2993,56.6764,56.0536,55.4308,54.808,54.1852,53.5623,52.9395,52.3167,51.0711,50.4483,49.8254,49.2026,48.5798,47.957,47.3342,46.7113,0,0.0,False,False,False,False,False,False,False,False,False,False,False,False,False,False,False,False,False,False,False,False,False,False,False,False
UPRO,2021-10-20 04:00:00+00:00,63.88486236260216,64.57466839535584,63.841143984536366,64.41436767578125,7339400,2021,10,42,Wednesday,64.1788,63.70027542114258,1.12,0.29,0.22,1.12,-0.22,63.0633,62.4263,61.7893,61.1523,60.5153,59.8783,59.2413,58.6043,57.9673,57.3302,56.6932,56.0562,55.4192,54.7822,54.1452,53.5082,52.2342,51.5972,50.9602,50.3232,49.6862,49.0492,48.4122,47.7752,0,0.0,False,False,False,False,False,False,False,False,False,False,False,False,False,False,False,False,False,False,False,False,False,False,False,False
UPRO,2021-10-21 04:00:00+00:00,64.15205287170308,65.0264576352982,63.96259912395817,64.93415832519531,6530600,2021,10,42,Thursday,64.5188,64.41436767578125,0.81,-0.41,-0.7,0.81,0.7,63.7702,63.1261,62.4819,61.8378,61.1936,60.5495,59.9054,59.2612,58.6171,57.9729,57.3288,56.6846,56.0405,55.3964,54.7522,54.1081,52.8198,52.1756,51.5315,50.8874,50.2432,49.5991,48.9549,48.3108,0,0.0,False,False,False,False,False,False,False,False,False,False,False,False,False,False,False,False,False,False,False,False,False,False,False,False
UPRO,2021-10-22 04:00:00+00:00,64.73498120454416,65.39078657254318,63.8314309305317,64.7155532836914,9910600,2021,10,42,Friday,64.6682,64.93415832519531,-0.34,-0.31,-1.7,-0.34,1.7,64.2848,63.6355,62.9861,62.3368,61.6875,61.0381,60.3888,59.7394,59.0901,58.4407,57.7914,57.1421,56.4927,55.8434,55.194,54.5447,53.246,52.5967,51.9473,51.298,50.6486,49.9993,49.35,48.7006,1,64.2848,True,False,False,False,False,False,False,False,False,False,False,False,False,False,False,False,False,False,False,False,False,False,False,False
UPRO,2021-10-25 04:00:00+00:00,65.20618107466703,65.90570474993326,64.40950298059316,65.69682312011719,6206400,2021,10,43,Monday,65.3046,64.7155532836914,1.52,0.76,-0.47,1.52,0.47,64.0684,63.4212,62.7741,62.1269,61.4798,60.8326,60.1855,59.5383,58.8912,58.244,57.5968,56.9497,56.3025,55.6554,55.0082,54.3611,53.0668,52.4196,51.7724,51.1253,50.4781,49.831,49.1838,48.5367,0,0.0,False,False,False,False,False,False,False,False,False,False,False,False,False,False,False,False,False,False,False,False,False,False,False,False
UPRO,2021-10-26 04:00:00+00:00,66.45949472040841,67.02785586739701,65.7745438205476,65.94942474365234,8000000,2021,10,43,Tuesday,66.3028,65.69682312011719,0.38,1.16,0.12,0.38,-0.12,65.0399,64.3829,63.7259,63.069,62.412,61.755,61.098,60.4411,59.7841,59.1271,58.4702,57.8132,57.1562,56.4993,55.8423,55.1853,53.8714,53.2144,52.5575,51.9005,51.2435,50.5866,49.9296,49.2726,0,0.0,False,False,False,False,False,False,False,False,False,False,False,False,False,False,False,False,False,False,False,False,False,False,False,False
UPRO,2021-10-27 04:00:00+00:00,66.143739362909,66.43520261927178,65.03616268143503,65.05073547363281,6128200,2021,10,43,Wednesday,65.6665,65.94942474365234,-1.36,0.29,-1.38,-1.36,1.38,65.2899,64.6304,63.9709,63.3114,62.652,61.9925,61.333,60.6735,60.014,59.3545,58.695,58.0355,57.376,56.7165,56.057,55.3975,54.0785,53.419,52.7595,52.1,51.4406,50.7811,50.1216,49.4621,1,65.2899,True,False,False,False,False,False,False,False,False,False,False,False,False,False,False,False,False,False,False,False,False,False,False,False
UPRO,2021-10-28 04:00:00+00:00,65.71140425996389,66.95985389567319,65.70654172034122,66.90641784667969,8521200,2021,10,43,Thursday,66.3211,65.05073547363281,2.85,1.02,1.01,2.85,-1.01,64.4002,63.7497,63.0992,62.4487,61.7982,61.1477,60.4972,59.8467,59.1962,58.5457,57.8952,57.2446,56.5941,55.9436,55.2931,54.6426,53.3416,52.6911,52.0406,51.3901,50.7396,50.0891,49.4386,48.7881,0,0.0,False,False,False,False,False,False,False,False,False,False,False,False,False,False,False,False,False,False,False,False,False,False,False,False
UPRO,2021-10-29 04:00:00+00:00,65.84740882587671,67.46505535500773,65.7356816229368,67.33389282226562,10592200,2021,10,43,Friday,66.5955,66.90641784667969,0.64,-1.58,-1.75,0.64,1.75,66.2374,65.5683,64.8992,64.2302,63.5611,62.892,62.223,61.5539,60.8848,60.2158,59.5467,58.8776,58.2086,57.5395,56.8705,56.2014,54.8633,54.1942,53.5251,52.8561,52.187,51.5179,50.8489,50.1798,1,66.2374,True,False,False,False,False,False,False,False,False,False,False,False,False,False,False,False,False,False,False,False,False,False,False,False
UPRO,2021-11-01 04:00:00+00:00,67.80024387840717,67.97997990952207,66.88211356836034,67.69822692871094,9087200,2021,11,44,Monday,67.5901,67.33389282226562,0.54,0.69,-0.67,0.54,0.67,66.6606,65.9872,65.3139,64.6405,63.9672,63.2939,62.6205,61.9472,61.2738,60.6005,59.9272,59.2538,58.5805,57.9071,57.2338,56.5605,55.2138,54.5405,53.8671,53.1938,52.5204,51.8471,51.1738,50.5004,0,0.0,False,False,False,False,False,False,False,False,False,False,False,False,False,False,False,False,False,False,False,False,False,False,False,False
UPRO,2021-11-02 04:00:00+00:00,67.7468140068066,68.64064652993301,67.69823309064245,68.49491119384766,8008600,2021,11,44,Tuesday,68.1452,67.69822692871094,1.18,0.07,0.0,1.18,-0.0,67.0212,66.3443,65.6673,64.9903,64.3133,63.6363,62.9594,62.2824,61.6054,60.9284,60.2514,59.5744,58.8975,58.2205,57.5435,56.8665,55.5125,54.8356,54.1586,53.4816,52.8046,52.1276,51.4507,50.7737,0,0.0,False,False,False,False,False,False,False,False,False,False,False,False,False,False,False,False,False,False,False,False,False,False,False,False
UPRO,2021-11-03 04:00:00+00:00,68.22772416549934,69.95224274339058,68.02855280648855,69.77250671386719,8535800,2021,11,44,Wednesday,68.9953,68.49491119384766,1.87,-0.39,-0.68,1.87,0.68,67.81,67.125,66.4401,65.7551,65.0702,64.3852,63.7003,63.0153,62.3304,61.6454,60.9605,60.2755,59.5906,58.9056,58.2207,57.5357,56.1658,55.4809,54.7959,54.111,53.426,52.7411,52.0561,51.3712,0,0.0,False,False,False,False,False,False,False,False,False,False,False,False,False,False,False,False,False,False,False,False,False,False,False,False
UPRO,2021-11-04 04:00:00+00:00,70.03968962045569,70.78293912653282,69.87452635795297,70.71006774902344,9553200,2021,11,44,Thursday,70.3518,69.77250671386719,1.34,0.38,0.15,1.34,-0.15,69.0748,68.3771,67.6793,66.9816,66.2839,65.5862,64.8884,64.1907,63.493,62.7953,62.0975,61.3998,60.7021,60.0044,59.3066,58.6089,57.2135,56.5157,55.818,55.1203,54.4226,53.7248,53.0271,52.3294,0,0.0,False,False,False,False,False,False,False,False,False,False,False,False,False,False,False,False,False,False,False,False,False,False,False,False
UPRO,2021-11-05 04:00:00+00:00,71.82250682710415,72.44430403555586,70.75378592594582,71.47760009765625,9937800,2021,11,44,Friday,71.6245,70.71006774902344,1.09,1.57,0.06,1.09,-0.06,70.003,69.2959,68.5888,67.8817,67.1746,66.4675,65.7604,65.0533,64.3462,63.6391,62.932,62.2249,61.5178,60.8107,60.1036,59.3965,57.9823,57.2752,56.5681,55.861,55.1539,54.4468,53.7397,53.0326,0,0.0,False,False,False,False,False,False,False,False,False,False,False,False,False,False,False,False,False,False,False,False,False,False,False,False
UPRO,2021-11-08 05:00:00+00:00,72.02166472985682,72.249981683818,71.32214848862989,71.67676544189453,7478600,2021,11,45,Monday,71.8176,71.47760009765625,0.28,0.76,-0.22,0.28,0.22,70.7628,70.048,69.3333,68.6185,67.9037,67.1889,66.4742,65.7594,65.0446,64.3298,63.6151,62.9003,62.1855,61.4707,60.756,60.0412,58.6116,57.8969,57.1821,56.4673,55.7525,55.0378,54.323,53.6082,0,0.0,False,False,False,False,False,False,False,False,False,False,False,False,False,False,False,False,False,False,False,False,False,False,False,False
UPRO,2021-11-09 05:00:00+00:00,71.84679809670486,71.94395994422669,70.24373138631027,70.93839263916016,9782600,2021,11,45,Tuesday,71.2432,71.67676544189453,-1.03,0.24,-2.0,-1.03,2.0,70.96,70.2432,69.5265,68.8097,68.0929,67.3762,66.6594,65.9426,65.2259,64.5091,63.7923,63.0756,62.3588,61.642,60.9253,60.2085,58.7749,58.0582,57.3414,56.6246,55.9079,55.1911,54.4743,53.7576,1,70.96,True,False,False,False,False,False,False,False,False,False,False,False,False,False,False,False,False,False,False,False,False,False,False,False
UPRO,2021-11-10 05:00:00+00:00,70.1174083920431,70.9286592344762,68.49490670717694,69.24300384521484,10143800,2021,11,45,Wednesday,69.696,70.93839263916016,-2.39,-1.16,-3.44,-2.39,3.44,70.229,69.5196,68.8102,68.1009,67.3915,66.6821,65.9727,65.2633,64.5539,63.8446,63.1352,62.4258,61.7164,61.007,60.2976,59.5882,58.1695,57.4601,56.7507,56.0413,55.3319,54.6226,53.9132,53.2038,3,208.5589,True,True,True,False,False,False,False,False,False,False,False,False,False,False,False,False,False,False,False,False,False,False,False,False
UPRO,2021-11-11 05:00:00+00:00,69.91338369070787,69.95224693960759,69.2818688677995,69.32073211669922,5655000,2021,11,45,Thursday,69.6171,69.24300384521484,0.11,0.97,0.06,0.11,-0.06,68.5506,67.8581,67.1657,66.4733,65.7809,65.0884,64.396,63.7036,63.0111,62.3187,61.6263,60.9338,60.2414,59.549,58.8566,58.1641,56.7793,56.0868,55.3944,54.702,54.0095,53.3171,52.6247,51.9323,0,0.0,False,False,False,False,False,False,False,False,False,False,False,False,False,False,False,False,False,False,False,False,False,False,False,False
UPRO,2021-11-12 05:00:00+00:00,69.89395270490814,71.11325650944482,69.43731881588612,70.86064910888672,7729200,2021,11,45,Friday,70.3263,69.32073211669922,2.22,0.83,0.17,2.22,-0.17,68.6275,67.9343,67.2411,66.5479,65.8547,65.1615,64.4683,63.7751,63.0819,62.3887,61.6955,61.0022,60.309,59.6158,58.9226,58.2294,56.843,56.1498,55.4566,54.7634,54.0702,53.377,52.6838,51.9905,0,0.0,False,False,False,False,False,False,False,False,False,False,False,False,False,False,False,False,False,False,False,False,False,False,False,False
UPRO,2021-11-15 05:00:00+00:00,71.48245262634374,71.5407512085472,70.37002079909006,70.88980102539062,6410200,2021,11,46,Monday,71.0708,70.86064910888672,0.04,0.88,-0.69,0.04,0.69,70.152,69.4434,68.7348,68.0262,67.3176,66.609,65.9004,65.1918,64.4832,63.7746,63.066,62.3574,61.6488,60.9402,60.2316,59.5229,58.1057,57.3971,56.6885,55.9799,55.2713,54.5627,53.8541,53.1455,0,0.0,False,False,False,False,False,False,False,False,False,False,False,False,False,False,False,False,False,False,False,False,False,False,False,False
UPRO,2021-11-16 05:00:00+00:00,70.78779025892342,72.30341994677822,70.7586446745273,71.73991394042969,7697400,2021,11,46,Tuesday,71.3974,70.88980102539062,1.2,-0.14,-0.19,1.2,0.19,70.1809,69.472,68.7631,68.0542,67.3453,66.6364,65.9275,65.2186,64.5097,63.8008,63.0919,62.383,61.6741,60.9652,60.2563,59.5474,58.1296,57.4207,56.7118,56.0029,55.294,54.5851,53.8762,53.1674,0,0.0,False,False,False,False,False,False,False,False,False,False,False,False,False,False,False,False,False,False,False,False,False,False,False,False
UPRO,2021-11-17 05:00:00+00:00,71.6233349149476,71.71077167217935,70.9092384145922,71.19584655761719,7756000,2021,11,46,Wednesday,71.3598,71.73991394042969,-0.76,-0.16,-1.16,-0.76,1.16,71.0225,70.3051,69.5877,68.8703,68.1529,67.4355,66.7181,66.0007,65.2833,64.5659,63.8485,63.1311,62.4137,61.6963,60.9789,60.2615,58.8267,58.1093,57.3919,56.6745,55.9571,55.2397,54.5223,53.8049,1,71.0225,True,False,False,False,False,False,False,False,False,False,False,False,False,False,False,False,False,False,False,False,False,False,False,False
UPRO,2021-11-18 05:00:00+00:00,71.71562617277439,72.07509823986581,70.4040156620582,71.9099349975586,8877600,2021,11,46,Thursday,71.5262,71.19584655761719,1.0,0.73,-1.11,1.0,1.11,70.4839,69.7719,69.06,68.348,67.6361,66.9241,66.2121,65.5002,64.7882,64.0763,63.3643,62.6523,61.9404,61.2284,60.5165,59.8045,58.3806,57.6686,56.9567,56.2447,55.5328,54.8208,54.1088,53.3969,1,70.4839,True,False,False,False,False,False,False,False,False,False,False,False,False,False,False,False,False,False,False,False,False,False,False,False
UPRO,2021-11-19 05:00:00+00:00,71.8710842996256,72.49288154239571,71.38530474043596,71.56504821777344,8783200,2021,11,46,Friday,71.8286,71.9099349975586,-0.48,-0.05,-0.73,-0.48,0.73,71.1908,70.4717,69.7526,69.0335,68.3144,67.5953,66.8762,66.1571,65.438,64.7189,63.9998,63.2807,62.5616,61.8425,61.1234,60.4043,58.9661,58.247,57.5279,56.8088,56.0897,55.3706,54.6516,53.9325,0,0.0,False,False,False,False,False,False,False,False,False,False,False,False,False,False,False,False,False,False,False,False,False,False,False,False
UPRO,2021-11-22 05:00:00+00:00,72.42972951378334,73.68789669363488,70.85094607123695,70.92866516113281,11923800,2021,11,47,Monday,71.9743,71.56504821777344,-0.89,1.21,-1.0,-0.89,1.0,70.8494,70.1337,69.4181,68.7024,67.9868,67.2711,66.5555,65.8398,65.1242,64.4085,63.6929,62.9772,62.2616,61.5459,60.8303,60.1146,58.6833,57.9677,57.252,56.5364,55.8207,55.1051,54.3894,53.6738,0,0.0,False,False,False,False,False,False,False,False,False,False,False,False,False,False,False,False,False,False,False,False,False,False,False,False
UPRO,2021-11-23 05:00:00+00:00,70.75865511020466,71.62819729336198,69.51506057651441,71.26386260986328,12857000,2021,11,47,Tuesday,70.7914,70.92866516113281,0.47,-0.24,-1.99,0.47,1.99,70.2194,69.5101,68.8008,68.0915,67.3822,66.6729,65.9637,65.2544,64.5451,63.8358,63.1265,62.4172,61.7079,60.9987,60.2894,59.5801,58.1615,57.4522,56.7429,56.0336,55.3244,54.6151,53.9058,53.1965,1,70.2194,True,False,False,False,False,False,False,False,False,False,False,False,False,False,False,False,False,False,False,False,False,False,False,False
UPRO,2021-11-24 05:00:00+00:00,70.26315241371834,71.83708079278443,69.8405265856204,71.74478149414062,9659400,2021,11,47,Wednesday,70.9214,71.26386260986328,0.67,-1.4,-2.0,0.67,2.0,70.5512,69.8386,69.1259,68.4133,67.7007,66.988,66.2754,65.5628,64.8501,64.1375,63.4248,62.7122,61.9996,61.2869,60.5743,59.8616,58.4364,57.7237,57.0111,56.2985,55.5858,54.8732,54.1605,53.4479,1,70.5512,True,False,False,False,False,False,False,False,False,False,False,False,False,False,False,False,False,False,False,False,False,False,False,False
UPRO,2021-11-26 05:00:00+00:00,68.51434506550017,69.2235864761184,66.42549891228735,67.07158660888672,16610400,2021,11,47,Friday,67.8088,71.74478149414062,-6.51,-4.5,-7.41,-6.51,7.41,71.0273,70.3099,69.5924,68.875,68.1575,67.4401,66.7226,66.0052,65.2878,64.5703,63.8529,63.1354,62.418,61.7005,60.9831,60.2656,58.8307,58.1133,57.3958,56.6784,55.9609,55.2435,54.526,53.8086,7,482.1249,True,True,True,True,True,True,True,False,False,False,False,False,False,False,False,False,False,False,False,False,False,False,False,False
UPRO,2021-11-29 05:00:00+00:00,69.18957440408899,70.2777232119573,68.16458671904577,69.4470443725586,11760000,2021,11,48,Monday,69.2697,67.07158660888672,3.54,3.16,1.63,3.54,-1.63,66.4009,65.7302,65.0594,64.3887,63.718,63.0473,62.3766,61.7059,61.0351,60.3644,59.6937,59.023,58.3523,57.6816,57.0108,56.3401,54.9987,54.328,53.6573,52.9866,52.3158,51.6451,50.9744,50.3037,0,0.0,False,False,False,False,False,False,False,False,False,False,False,False,False,False,False,False,False,False,False,False,False,False,False,False
UPRO,2021-11-30 05:00:00+00:00,68.24717408796982,69.14100671294868,65.24505250718465,65.50737762451172,20481600,2021,11,48,Tuesday,67.0352,69.4470443725586,-5.67,-1.73,-6.05,-5.67,6.05,68.7526,68.0581,67.3636,66.6692,65.9747,65.2802,64.5858,63.8913,63.1968,62.5023,61.8079,61.1134,60.4189,59.7245,59.03,58.3355,56.9466,56.2521,55.5576,54.8632,54.1687,53.4742,52.7798,52.0853,6,402.0984,True,True,True,True,True,True,False,False,False,False,False,False,False,False,False,False,False,False,False,False,False,False,False,False
UPRO,2021-12-01 05:00:00+00:00,67.96054773150692,69.2867310770271,63.07360724482236,63.1901969909668,19215000,2021,12,48,Wednesday,65.8778,65.50737762451172,-3.54,3.74,-3.72,-3.54,3.72,64.8523,64.1972,63.5422,62.8871,62.232,61.5769,60.9219,60.2668,59.6117,58.9566,58.3016,57.6465,56.9914,56.3363,55.6813,55.0262,53.716,53.061,52.4059,51.7508,51.0958,50.4407,49.7856,49.1305,3,192.5917,True,True,True,False,False,False,False,False,False,False,False,False,False,False,False,False,False,False,False,False,False,False,False,False
UPRO,2021-12-02 05:00:00+00:00,63.25821054675156,66.7606767825843,63.08818474747888,66.0417251586914,18059800,2021,12,48,Thursday,64.7872,63.1901969909668,4.51,0.11,-0.16,4.51,0.16,62.5583,61.9264,61.2945,60.6626,60.0307,59.3988,58.7669,58.135,57.5031,56.8712,56.2393,55.6074,54.9755,54.3436,53.7117,53.0798,51.816,51.1841,50.5522,49.9203,49.2884,48.6565,48.0245,47.3926,0,0.0,False,False,False,False,False,False,False,False,False,False,False,False,False,False,False,False,False,False,False,False,False,False,False,False
UPRO,2021-12-03 05:00:00+00:00,66.8481067823752,67.31931341628984,62.39836548293672,64.30261993408203,24006600,2021,12,48,Friday,65.2171,66.0417251586914,-2.63,1.22,-5.52,-2.63,5.52,65.3813,64.7209,64.0605,63.4001,62.7396,62.0792,61.4188,60.7584,60.098,59.4376,58.7771,58.1167,57.4563,56.7959,56.1355,55.475,54.1542,53.4938,52.8334,52.173,51.5125,50.8521,50.1917,49.5313,5,320.3024,True,True,True,True,True,False,False,False,False,False,False,False,False,False,False,False,False,False,False,False,False,False,False,False
UPRO,2021-12-06 05:00:00+00:00,65.48309298646403,67.46992981469135,64.39008886269578,66.60038757324219,16989400,2021,12,49,Monday,65.9859,64.30261993408203,3.57,1.84,0.14,3.57,-0.14,63.6596,63.0166,62.3735,61.7305,61.0875,60.4445,59.8014,59.1584,58.5154,57.8724,57.2293,56.5863,55.9433,55.3003,54.6572,54.0142,52.7281,52.0851,51.4421,50.7991,50.156,49.513,48.87,48.227,0,0.0,False,False,False,False,False,False,False,False,False,False,False,False,False,False,False,False,False,False,False,False,False,False,False,False
UPRO,2021-12-07 05:00:00+00:00,69.09242783093553,71.02097336331121,69.04870944755973,70.72464752197266,13949800,2021,12,49,Tuesday,69.9717,66.60038757324219,6.19,3.74,3.68,6.19,-3.68,65.9344,65.2684,64.6024,63.9364,63.2704,62.6044,61.9384,61.2724,60.6064,59.9403,59.2743,58.6083,57.9423,57.2763,56.6103,55.9443,54.6123,53.9463,53.2803,52.6143,51.9483,51.2823,50.6163,49.9503,0,0.0,False,False,False,False,False,False,False,False,False,False,False,False,False,False,False,False,False,False,False,False,False,False,False,False
UPRO,2021-12-08 05:00:00+00:00,70.96267298852149,71.5358892626913,70.09798603813867,71.346435546875,8183200,2021,12,49,Wednesday,70.9857,70.72464752197266,0.88,0.34,-0.89,0.88,0.89,70.0174,69.3102,68.6029,67.8957,67.1884,66.4812,65.7739,65.0667,64.3594,63.6522,62.9449,62.2377,61.5304,60.8232,60.116,59.4087,57.9942,57.287,56.5797,55.8725,55.1652,54.458,53.7507,53.0435,0,0.0,False,False,False,False,False,False,False,False,False,False,False,False,False,False,False,False,False,False,False,False,False,False,False,False
UPRO,2021-12-09 05:00:00+00:00,70.68577019866055,71.12297618263412,69.7773649336193,69.87451934814453,7923000,2021,12,49,Thursday,70.3652,71.346435546875,-2.06,-0.93,-2.2,-2.06,2.2,70.633,69.9195,69.206,68.4926,67.7791,67.0656,66.3522,65.6387,64.9253,64.2118,63.4983,62.7849,62.0714,61.3579,60.6445,59.931,58.5041,57.7906,57.0771,56.3637,55.6502,54.9368,54.2233,53.5098,2,140.5525,True,True,False,False,False,False,False,False,False,False,False,False,False,False,False,False,False,False,False,False,False,False,False,False
UPRO,2021-12-10 05:00:00+00:00,71.15699387644607,71.90509861290789,69.92797207895295,71.8905258178711,11845200,2021,12,49,Friday,71.2201,69.87451934814453,2.89,1.84,0.08,2.89,-0.08,69.1758,68.477,67.7783,67.0795,66.3808,65.682,64.9833,64.2846,63.5858,62.8871,62.1883,61.4896,60.7908,60.0921,59.3933,58.6946,57.2971,56.5984,55.8996,55.2009,54.5021,53.8034,53.1046,52.4059,0,0.0,False,False,False,False,False,False,False,False,False,False,False,False,False,False,False,False,False,False,False,False,False,False,False,False
UPRO,2021-12-13 05:00:00+00:00,71.59904406511923,71.73991686624817,69.79679876158393,69.9716796875,9221800,2021,12,50,Monday,70.7769,71.8905258178711,-2.67,-0.41,-2.91,-2.67,2.91,71.1716,70.4527,69.7338,69.0149,68.296,67.5771,66.8582,66.1393,65.4204,64.7015,63.9826,63.2637,62.5448,61.8259,61.1069,60.388,58.9502,58.2313,57.5124,56.7935,56.0746,55.3557,54.6368,53.9179,2,141.6243,True,True,False,False,False,False,False,False,False,False,False,False,False,False,False,False,False,False,False,False,False,False,False,False
UPRO,2021-12-14 05:00:00+00:00,68.32003245006293,69.53448126879444,67.06672037964314,68.50463104248047,9927000,2021,12,50,Tuesday,68.3565,69.9716796875,-2.1,-2.36,-4.15,-2.1,4.15,69.272,68.5722,67.8725,67.1728,66.4731,65.7734,65.0737,64.3739,63.6742,62.9745,62.2748,61.5751,60.8754,60.1756,59.4759,58.7762,57.3768,56.6771,55.9773,55.2776,54.5779,53.8782,53.1785,52.4788,4,272.8896,True,True,True,True,False,False,False,False,False,False,False,False,False,False,False,False,False,False,False,False,False,False,False,False
UPRO,2021-12-15 05:00:00+00:00,68.49005566261361,71.793350394864,67.32418039322489,71.67190551757812,11675800,2021,12,50,Wednesday,69.8199,68.50463104248047,4.62,-0.02,-1.72,4.62,1.72,67.8196,67.1345,66.4495,65.7644,65.0794,64.3944,63.7093,63.0243,62.3392,61.6542,60.9691,60.2841,59.599,58.914,58.2289,57.5439,56.1738,55.4888,54.8037,54.1187,53.4336,52.7486,52.0635,51.3785,1,67.8196,True,False,False,False,False,False,False,False,False,False,False,False,False,False,False,False,False,False,False,False,False,False,False,False
UPRO,2021-12-16 05:00:00+00:00,72.57546815109082,72.69691304921005,69.00013005396424,69.75308990478516,14363600,2021,12,50,Thursday,71.0064,71.67190551757812,-2.68,1.26,-3.73,-2.68,3.73,70.9552,70.2385,69.5217,68.805,68.0883,67.3716,66.6549,65.9382,65.2214,64.5047,63.788,63.0713,62.3546,61.6378,60.9211,60.2044,58.771,58.0542,57.3375,56.6208,55.9041,55.1874,54.4706,53.7539,3,210.7154,True,True,True,False,False,False,False,False,False,False,False,False,False,False,False,False,False,False,False,False,False,False,False,False
UPRO,2021-12-17 05:00:00+00:00,68.27144396357107,69.7142095932673,66.71695113041201,67.56221008300781,20049600,2021,12,50,Friday,68.0662,69.75308990478516,-3.14,-2.12,-4.35,-3.14,4.35,69.0556,68.358,67.6605,66.963,66.2654,65.5679,64.8704,64.1728,63.4753,62.7778,62.0803,61.3827,60.6852,59.9877,59.2901,58.5926,57.1975,56.5,55.8025,55.1049,54.4074,53.7099,53.0123,52.3148,4,272.0371,True,True,True,True,False,False,False,False,False,False,False,False,False,False,False,False,False,False,False,False,False,False,False,False
UPRO,2021-12-20 05:00:00+00:00,65.14302989533209,65.56080053604995,63.6759738203824,65.3956298828125,15880200,2021,12,51,Monday,64.9439,67.56221008300781,-3.21,-3.58,-5.75,-3.21,5.75,66.8866,66.211,65.5353,64.8597,64.1841,63.5085,62.8329,62.1572,61.4816,60.806,60.1304,59.4547,58.7791,58.1035,57.4279,56.7523,55.401,54.7254,54.0498,53.3741,52.6985,52.0229,51.3473,50.6717,5,327.6767,True,True,True,True,True,False,False,False,False,False,False,False,False,False,False,False,False,False,False,False,False,False,False,False
UPRO,2021-12-21 05:00:00+00:00,66.94526543430787,68.91752883346466,65.93970581800947,68.85923767089844,10337400,2021,12,51,Tuesday,67.6654,65.3956298828125,5.3,2.37,0.83,5.3,-0.83,64.7417,64.0877,63.4338,62.7798,62.1258,61.4719,60.8179,60.164,59.51,58.8561,58.2021,57.5482,56.8942,56.2402,55.5863,54.9323,53.6244,52.9705,52.3165,51.6625,51.0086,50.3546,49.7007,49.0467,0,0.0,False,False,False,False,False,False,False,False,False,False,False,False,False,False,False,False,False,False,False,False,False,False,False,False
UPRO,2021-12-22 05:00:00+00:00,68.70865723449386,70.95295626908539,68.63093073147934,70.91409301757812,8348000,2021,12,51,Wednesday,69.8017,68.85923767089844,2.98,-0.22,-0.33,2.98,0.33,68.1706,67.4821,66.7935,66.1049,65.4163,64.7277,64.0391,63.3505,62.6619,61.9733,61.2847,60.5961,59.9075,59.2189,58.5304,57.8418,56.4646,55.776,55.0874,54.3988,53.7102,53.0216,52.333,51.6444,0,0.0,False,False,False,False,False,False,False,False,False,False,False,False,False,False,False,False,False,False,False,False,False,False,False,False
UPRO,2021-12-23 05:00:00+00:00,71.3616961284922,72.92656097714308,71.32281662359006,72.21216583251953,7704000,2021,12,51,Thursday,71.9558,70.91409301757812,1.83,0.63,0.58,1.83,-0.58,70.205,69.4958,68.7867,68.0775,67.3684,66.6592,65.9501,65.241,64.5318,63.8227,63.1135,62.4044,61.6953,60.9861,60.277,59.5678,58.1496,57.4404,56.7313,56.0221,55.313,54.6039,53.8947,53.1856,0,0.0,False,False,False,False,False,False,False,False,False,False,False,False,False,False,False,False,False,False,False,False,False,False,False,False
UPRO,2021-12-27 05:00:00+00:00,72.8828270687413,75.29329713969167,72.8585264503209,75.25442504882812,6228400,2021,12,52,Monday,74.0723,72.21216583251953,4.21,0.93,0.9,4.21,-0.9,71.49,70.7679,70.0458,69.3237,68.6016,67.8794,67.1573,66.4352,65.7131,64.9909,64.2688,63.5467,62.8246,62.1025,61.3803,60.6582,59.214,58.4919,57.7697,57.0476,56.3255,55.6034,54.8812,54.1591,0,0.0,False,False,False,False,False,False,False,False,False,False,False,False,False,False,False,False,False,False,False,False,False,False,False,False
UPRO,2021-12-28 05:00:00+00:00,75.49739773317928,75.99795920373016,74.70038658842299,75.11833190917969,6149400,2021,12,52,Tuesday,75.3285,75.25442504882812,-0.18,0.32,-0.74,-0.18,0.74,74.5019,73.7493,72.9968,72.2442,71.4917,70.7392,69.9866,69.2341,68.4815,67.729,66.9764,66.2239,65.4713,64.7188,63.9663,63.2137,61.7086,60.9561,60.2035,59.451,58.6985,57.9459,57.1934,56.4408,0,0.0,False,False,False,False,False,False,False,False,False,False,False,False,False,False,False,False,False,False,False,False,False,False,False,False
UPRO,2021-12-29 05:00:00+00:00,75.13778223109199,75.87647797886791,74.63236350819722,75.39049530029297,6465000,2021,12,52,Wednesday,75.2593,75.11833190917969,0.36,0.03,-0.65,0.36,0.65,74.3671,73.616,72.8648,72.1136,71.3624,70.6112,69.86,69.1089,68.3577,67.6065,66.8553,66.1041,65.3529,64.6018,63.8506,63.0994,61.597,60.8458,60.0947,59.3435,58.5923,57.8411,57.0899,56.3387,0,0.0,False,False,False,False,False,False,False,False,False,False,False,False,False,False,False,False,False,False,False,False,False,False,False,False
UPRO,2021-12-30 05:00:00+00:00,75.52656535812386,76.070863552743,74.5108634001268,74.74413299560547,6001000,2021,12,52,Thursday,75.2131,75.39049530029297,-0.86,0.18,-1.17,-0.86,1.17,74.6366,73.8827,73.1288,72.3749,71.621,70.8671,70.1132,69.3593,68.6054,67.8514,67.0975,66.3436,65.5897,64.8358,64.0819,63.328,61.8202,61.0663,60.3124,59.5585,58.8046,58.0507,57.2968,56.5429,1,74.6366,True,False,False,False,False,False,False,False,False,False,False,False,False,False,False,False,False,False,False,False,False,False,False,False
UPRO,2021-12-31 05:00:00+00:00,74.46226033032046,75.0551597414649,74.02487892265954,74.14151000976562,5945200,2021,12,52,Friday,74.421,74.74413299560547,-0.81,-0.38,-0.96,-0.81,0.96,73.9967,73.2493,72.5018,71.7544,71.0069,70.2595,69.512,68.7646,68.0172,67.2697,66.5223,65.7748,65.0274,64.28,63.5325,62.7851,61.2902,60.5427,59.7953,59.0479,58.3004,57.553,56.8055,56.0581,0,0.0,False,False,False,False,False,False,False,False,False,False,False,False,False,False,False,False,False,False,False,False,False,False,False,False
