Symbol,Date,Open,High,Low,Close,Volume,Year,Month,Week,Weekday,avg_daily_price,Previous_Close,Daily_Gain_Loss_Pct,Open_vs_PrevClose_Pct,Low_vs_PrevClose_Pct,Close_vs_PrevClose_Pct,mx_percent_decline,BOD99-1,BOD98-2,BOD97-3,BOD96-4,BOD95-5,BOD94-6,BOD93-7,BOD92-8,BOD91-9,BOD90-10,BOD89-11,BOD88-12,BOD87-13,BOD86-14,BOD85-15,BOD84-16,BOD82-18,BOD81-19,BOD80-20,BOD79-21,BOD78-22,BOD77-23,BOD76-24,BOD75-25,Shares_Purchased,Total_Value_Purchased,BOD99-1_Executed,BOD98-2_Executed,BOD97-3_Executed,BOD96-4_Executed,BOD95-5_Executed,BOD94-6_Executed,BOD93-7_Executed,BOD92-8_Executed,BOD91-9_Executed,BOD90-10_Executed,BOD89-11_Executed,BOD88-12_Executed,BOD87-13_Executed,BOD86-14_Executed,BOD85-15_Executed,BOD84-16_Executed,BOD82-18_Executed,BOD81-19_Executed,BOD80-20_Executed,BOD79-21_Executed,BOD78-22_Executed,BOD77-23_Executed,BOD76-24_Executed,BOD75-25_Executed
SPLG,2007-01-03 05:00:00+00:00,11.585258727348478,11.585258727348478,11.48914623260498,11.48914623260498,4800,2007,1,1,Wednesday,11.5372,11.547881126403809,-0.51,0.32,-0.51,-0.51,0.51,11.4324,11.3169,11.2014,11.086,10.9705,10.855,10.7395,10.6241,10.5086,10.3931,10.2776,10.1621,10.0467,9.9312,9.8157,9.7002,9.4693,9.3538,9.2383,9.1228,9.0073,8.8919,8.7764,8.6609,0,0.0,False,False,False,False,False,False,False,False,False,False,False,False,False,False,False,False,False,False,False,False,False,False,False,False
SPLG,2007-01-04 05:00:00+00:00,11.519398049139442,11.544316291809082,11.519398049139442,11.544316291809082,2400,2007,1,1,Thursday,11.5319,11.48914623260498,0.48,0.26,0.26,0.48,-0.26,11.3743,11.2594,11.1445,11.0296,10.9147,10.7998,10.6849,10.57,10.4551,10.3402,10.2253,10.1104,9.9956,9.8807,9.7658,9.6509,9.4211,9.3062,9.1913,9.0764,8.9615,8.8466,8.7318,8.6169,0,0.0,False,False,False,False,False,False,False,False,False,False,False,False,False,False,False,False,False,False,False,False,False,False,False,False
SPLG,2007-01-05 05:00:00+00:00,11.478466033935549,11.478466033935549,11.478466033935549,11.478466033935549,2000,2007,1,1,Friday,11.4785,11.544316291809082,-0.57,-0.57,-0.57,-0.57,0.57,11.4289,11.3134,11.198,11.0825,10.9671,10.8517,10.7362,10.6208,10.5053,10.3899,10.2744,10.159,10.0436,9.9281,9.8127,9.6972,9.4663,9.3509,9.2355,9.12,9.0046,8.8891,8.7737,8.6582,0,0.0,False,False,False,False,False,False,False,False,False,False,False,False,False,False,False,False,False,False,False,False,False,False,False,False
SPLG,2007-01-08 05:00:00+00:00,11.503384263735844,11.515843391418455,11.50160535831195,11.515843391418455,14800,2007,1,2,Monday,11.5092,11.478466033935549,0.33,0.22,0.2,0.33,-0.2,11.3637,11.2489,11.1341,11.0193,10.9045,10.7898,10.675,10.5602,10.4454,10.3306,10.2158,10.1011,9.9863,9.8715,9.7567,9.6419,9.4123,9.2976,9.1828,9.068,8.9532,8.8384,8.7236,8.6088,0,0.0,False,False,False,False,False,False,False,False,False,False,False,False,False,False,False,False,False,False,False,False,False,False,False,False
SPLG,2007-01-09 05:00:00+00:00,11.469562904498884,11.517619132995604,11.469562904498884,11.517619132995604,1600,2007,1,2,Tuesday,11.4936,11.515843391418455,0.02,-0.4,-0.4,0.02,0.4,11.4007,11.2855,11.1704,11.0552,10.9401,10.8249,10.7097,10.5946,10.4794,10.3643,10.2491,10.1339,10.0188,9.9036,9.7885,9.6733,9.443,9.3278,9.2127,9.0975,8.9824,8.8672,8.752,8.6369,0,0.0,False,False,False,False,False,False,False,False,False,False,False,False,False,False,False,False,False,False,False,False,False,False,False,False
SPLG,2007-01-10 05:00:00+00:00,11.478466878301685,11.530083656311035,11.474907709241082,11.530083656311035,4400,2007,1,2,Wednesday,11.5034,11.517619132995604,0.11,-0.34,-0.37,0.11,0.37,11.4024,11.2873,11.1721,11.0569,10.9417,10.8266,10.7114,10.5962,10.481,10.3659,10.2507,10.1355,10.0203,9.9052,9.79,9.6748,9.4444,9.3293,9.2141,9.0989,8.9837,8.8686,8.7534,8.6382,0,0.0,False,False,False,False,False,False,False,False,False,False,False,False,False,False,False,False,False,False,False,False,False,False,False,False
SPLG,2007-01-11 05:00:00+00:00,11.608393496058593,11.608393496058593,11.592373847961426,11.592373847961426,1200,2007,1,2,Thursday,11.6004,11.530083656311035,0.54,0.68,0.54,0.54,-0.54,11.4148,11.2995,11.1842,11.0689,10.9536,10.8383,10.723,10.6077,10.4924,10.3771,10.2618,10.1465,10.0312,9.9159,9.8006,9.6853,9.4547,9.3394,9.2241,9.1088,8.9935,8.8782,8.7629,8.6476,0,0.0,False,False,False,False,False,False,False,False,False,False,False,False,False,False,False,False,False,False,False,False,False,False,False,False
SPLG,2007-01-12 05:00:00+00:00,11.617294653276726,11.676031112670898,11.615515748162602,11.676031112670898,6800,2007,1,2,Friday,11.6462,11.592373847961426,0.72,0.21,0.2,0.72,-0.2,11.4765,11.3605,11.2446,11.1287,11.0128,10.8968,10.7809,10.665,10.5491,10.4331,10.3172,10.2013,10.0854,9.9694,9.8535,9.7376,9.5057,9.3898,9.2739,9.158,9.0421,8.9261,8.8102,8.6943,0,0.0,False,False,False,False,False,False,False,False,False,False,False,False,False,False,False,False,False,False,False,False,False,False,False,False
SPLG,2007-01-16 05:00:00+00:00,11.667132130674364,11.686710949830376,11.66535186767578,11.66535186767578,102800,2007,1,3,Tuesday,11.6711,11.676031112670898,-0.09,-0.08,-0.09,-0.09,0.09,11.5593,11.4425,11.3258,11.209,11.0922,10.9755,10.8587,10.7419,10.6252,10.5084,10.3917,10.2749,10.1581,10.0414,9.9246,9.8079,9.5743,9.4576,9.3408,9.2241,9.1073,8.9905,8.8738,8.757,0,0.0,False,False,False,False,False,False,False,False,False,False,False,False,False,False,False,False,False,False,False,False,False,False,False,False
SPLG,2007-01-17 05:00:00+00:00,11.676033783645767,11.676033783645767,11.670694351196287,11.670694351196287,1600,2007,1,3,Wednesday,11.6734,11.66535186767578,0.05,0.09,0.05,0.05,-0.05,11.5487,11.432,11.3154,11.1987,11.0821,10.9654,10.8488,10.7321,10.6155,10.4988,10.3822,10.2655,10.1489,10.0322,9.9155,9.7989,9.5656,9.4489,9.3323,9.2156,9.099,8.9823,8.8657,8.749,0,0.0,False,False,False,False,False,False,False,False,False,False,False,False,False,False,False,False,False,False,False,False,False,False,False,False
SPLG,2007-01-18 05:00:00+00:00,11.658230739720702,11.658230739720702,11.571016874716191,11.624412536621094,17200,2007,1,3,Thursday,11.628,11.670694351196287,-0.4,-0.11,-0.85,-0.4,0.85,11.554,11.4373,11.3206,11.2039,11.0872,10.9705,10.8537,10.737,10.6203,10.5036,10.3869,10.2702,10.1535,10.0368,9.9201,9.8034,9.57,9.4533,9.3366,9.2198,9.1031,8.9864,8.8697,8.753,0,0.0,False,False,False,False,False,False,False,False,False,False,False,False,False,False,False,False,False,False,False,False,False,False,False,False
SPLG,2007-01-19 05:00:00+00:00,11.62975643917838,11.670694351196287,11.62975643917838,11.670694351196287,8400,2007,1,3,Friday,11.6502,11.624412536621094,0.4,0.05,0.05,0.4,-0.05,11.5082,11.3919,11.2757,11.1594,11.0432,10.9269,10.8107,10.6945,10.5782,10.462,10.3457,10.2295,10.1132,9.997,9.8808,9.7645,9.532,9.4158,9.2995,9.1833,9.067,8.9508,8.8346,8.7183,0,0.0,False,False,False,False,False,False,False,False,False,False,False,False,False,False,False,False,False,False,False,False,False,False,False,False
SPLG,2007-01-22 05:00:00+00:00,11.611952781677246,11.611952781677246,11.611952781677246,11.611952781677246,4000,2007,1,4,Monday,11.612,11.670694351196287,-0.5,-0.5,-0.5,-0.5,0.5,11.554,11.4373,11.3206,11.2039,11.0872,10.9705,10.8537,10.737,10.6203,10.5036,10.3869,10.2702,10.1535,10.0368,9.9201,9.8034,9.57,9.4533,9.3366,9.2198,9.1031,8.9864,8.8697,8.753,0,0.0,False,False,False,False,False,False,False,False,False,False,False,False,False,False,False,False,False,False,False,False,False,False,False,False
SPLG,2007-01-23 05:00:00+00:00,11.645771980285645,11.645771980285645,11.645771980285645,11.645771980285645,400,2007,1,4,Tuesday,11.6458,11.611952781677246,0.29,0.29,0.29,0.29,-0.29,11.4958,11.3797,11.2636,11.1475,11.0314,10.9152,10.7991,10.683,10.5669,10.4508,10.3346,10.2185,10.1024,9.9863,9.8702,9.754,9.5218,9.4057,9.2896,9.1734,9.0573,8.9412,8.8251,8.709,0,0.0,False,False,False,False,False,False,False,False,False,False,False,False,False,False,False,False,False,False,False,False,False,False,False,False
SPLG,2007-01-24 05:00:00+00:00,11.645771980285645,11.645771980285645,11.645771980285645,11.645771980285645,0,2007,1,4,Wednesday,11.6458,11.645771980285645,0.0,0.0,0.0,0.0,0.0,11.5293,11.4129,11.2964,11.1799,11.0635,10.947,10.8306,10.7141,10.5977,10.4812,10.3647,10.2483,10.1318,10.0154,9.8989,9.7824,9.5495,9.4331,9.3166,9.2002,9.0837,8.9672,8.8508,8.7343,0,0.0,False,False,False,False,False,False,False,False,False,False,False,False,False,False,False,False,False,False,False,False,False,False,False,False
SPLG,2007-01-25 05:00:00+00:00,11.747226988161476,11.747226988161476,11.629754066467283,11.629754066467283,3200,2007,1,4,Thursday,11.6885,11.645771980285645,-0.14,0.87,-0.14,-0.14,0.14,11.5293,11.4129,11.2964,11.1799,11.0635,10.947,10.8306,10.7141,10.5977,10.4812,10.3647,10.2483,10.1318,10.0154,9.8989,9.7824,9.5495,9.4331,9.3166,9.2002,9.0837,8.9672,8.8508,8.7343,0,0.0,False,False,False,False,False,False,False,False,False,False,False,False,False,False,False,False,False,False,False,False,False,False,False,False
SPLG,2007-01-26 05:00:00+00:00,11.629754066467283,11.629754066467283,11.629754066467283,11.629754066467283,0,2007,1,4,Friday,11.6298,11.629754066467283,0.0,0.0,0.0,0.0,0.0,11.5135,11.3972,11.2809,11.1646,11.0483,10.932,10.8157,10.6994,10.5831,10.4668,10.3505,10.2342,10.1179,10.0016,9.8853,9.769,9.5364,9.4201,9.3038,9.1875,9.0712,8.9549,8.8386,8.7223,0,0.0,False,False,False,False,False,False,False,False,False,False,False,False,False,False,False,False,False,False,False,False,False,False,False,False
SPLG,2007-01-29 05:00:00+00:00,11.633315299429407,11.633315299429407,11.601277351379396,11.601277351379396,2000,2007,1,5,Monday,11.6173,11.629754066467283,-0.24,0.03,-0.24,-0.24,0.24,11.5135,11.3972,11.2809,11.1646,11.0483,10.932,10.8157,10.6994,10.5831,10.4668,10.3505,10.2342,10.1179,10.0016,9.8853,9.769,9.5364,9.4201,9.3038,9.1875,9.0712,8.9549,8.8386,8.7223,0,0.0,False,False,False,False,False,False,False,False,False,False,False,False,False,False,False,False,False,False,False,False,False,False,False,False
SPLG,2007-01-30 05:00:00+00:00,11.624413775505056,11.661791150204806,11.624413775505056,11.660012245178224,2000,2007,1,5,Tuesday,11.6427,11.601277351379396,0.51,0.2,0.2,0.51,-0.2,11.4853,11.3693,11.2532,11.1372,11.0212,10.9052,10.7892,10.6732,10.5572,10.4411,10.3251,10.2091,10.0931,9.9771,9.8611,9.7451,9.513,9.397,9.281,9.165,9.049,8.933,8.817,8.701,0,0.0,False,False,False,False,False,False,False,False,False,False,False,False,False,False,False,False,False,False,False,False,False,False,False,False
SPLG,2007-01-31 05:00:00+00:00,11.677811393134162,11.74722671508789,11.677811393134162,11.74722671508789,800,2007,1,5,Wednesday,11.7125,11.660012245178224,0.75,0.15,0.15,0.75,-0.15,11.5434,11.4268,11.3102,11.1936,11.077,10.9604,10.8438,10.7272,10.6106,10.494,10.3774,10.2608,10.1442,10.0276,9.911,9.7944,9.5612,9.4446,9.328,9.2114,9.0948,8.9782,8.8616,8.745,0,0.0,False,False,False,False,False,False,False,False,False,False,False,False,False,False,False,False,False,False,False,False,False,False,False,False
SPLG,2007-02-01 05:00:00+00:00,11.79884433746338,11.79884433746338,11.79884433746338,11.79884433746338,1200,2007,2,5,Thursday,11.7988,11.74722671508789,0.44,0.44,0.44,0.44,-0.44,11.6298,11.5123,11.3948,11.2773,11.1599,11.0424,10.9249,10.8074,10.69,10.5725,10.455,10.3376,10.2201,10.1026,9.9851,9.8677,9.6327,9.5153,9.3978,9.2803,9.1628,9.0454,8.9279,8.8104,0,0.0,False,False,False,False,False,False,False,False,False,False,False,False,False,False,False,False,False,False,False,False,False,False,False,False
SPLG,2007-02-02 05:00:00+00:00,11.848683167412492,11.848683167412492,11.843343734741213,11.843343734741213,1200,2007,2,5,Friday,11.846,11.79884433746338,0.38,0.42,0.38,0.38,-0.38,11.6809,11.5629,11.4449,11.3269,11.2089,11.0909,10.9729,10.8549,10.7369,10.619,10.501,10.383,10.265,10.147,10.029,9.911,9.6751,9.5571,9.4391,9.3211,9.2031,9.0851,8.9671,8.8491,0,0.0,False,False,False,False,False,False,False,False,False,False,False,False,False,False,False,False,False,False,False,False,False,False,False,False
SPLG,2007-02-05 05:00:00+00:00,11.82732105255127,11.82732105255127,11.82732105255127,11.82732105255127,3200,2007,2,6,Monday,11.8273,11.843343734741213,-0.14,-0.14,-0.14,-0.14,0.14,11.7249,11.6065,11.488,11.3696,11.2512,11.1327,11.0143,10.8959,10.7774,10.659,10.5406,10.4221,10.3037,10.1853,10.0668,9.9484,9.7115,9.5931,9.4747,9.3562,9.2378,9.1194,9.0009,8.8825,0,0.0,False,False,False,False,False,False,False,False,False,False,False,False,False,False,False,False,False,False,False,False,False,False,False,False
SPLG,2007-02-06 05:00:00+00:00,11.825541189430531,11.825541189430531,11.800622940063477,11.800622940063477,4000,2007,2,6,Tuesday,11.8131,11.82732105255127,-0.23,-0.02,-0.23,-0.23,0.23,11.709,11.5908,11.4725,11.3542,11.236,11.1177,10.9994,10.8811,10.7629,10.6446,10.5263,10.408,10.2898,10.1715,10.0532,9.9349,9.6984,9.5801,9.4619,9.3436,9.2253,9.107,8.9888,8.8705,0,0.0,False,False,False,False,False,False,False,False,False,False,False,False,False,False,False,False,False,False,False,False,False,False,False,False
SPLG,2007-02-07 05:00:00+00:00,11.88250034565926,11.884279251098633,11.88250034565926,11.884279251098633,1200,2007,2,6,Wednesday,11.8834,11.800622940063477,0.71,0.69,0.69,0.71,-0.69,11.6826,11.5646,11.4466,11.3286,11.2106,11.0926,10.9746,10.8566,10.7386,10.6206,10.5026,10.3845,10.2665,10.1485,10.0305,9.9125,9.6765,9.5585,9.4405,9.3225,9.2045,9.0865,8.9685,8.8505,0,0.0,False,False,False,False,False,False,False,False,False,False,False,False,False,False,False,False,False,False,False,False,False,False,False,False
SPLG,2007-02-08 05:00:00+00:00,11.884279251098633,11.884279251098633,11.884279251098633,11.884279251098633,0,2007,2,6,Thursday,11.8843,11.884279251098633,0.0,0.0,0.0,0.0,0.0,11.7654,11.6466,11.5278,11.4089,11.2901,11.1712,11.0524,10.9335,10.8147,10.6959,10.577,10.4582,10.3393,10.2205,10.1016,9.9828,9.7451,9.6263,9.5074,9.3886,9.2697,9.1509,9.0321,8.9132,0,0.0,False,False,False,False,False,False,False,False,False,False,False,False,False,False,False,False,False,False,False,False,False,False,False,False
SPLG,2007-02-09 05:00:00+00:00,11.857585050097924,11.857585050097924,11.770369775845984,11.772150039672852,1600,2007,2,6,Friday,11.8144,11.884279251098633,-0.94,-0.22,-0.96,-0.94,0.96,11.7654,11.6466,11.5278,11.4089,11.2901,11.1712,11.0524,10.9335,10.8147,10.6959,10.577,10.4582,10.3393,10.2205,10.1016,9.9828,9.7451,9.6263,9.5074,9.3886,9.2697,9.1509,9.0321,8.9132,0,0.0,False,False,False,False,False,False,False,False,False,False,False,False,False,False,False,False,False,False,False,False,False,False,False,False
SPLG,2007-02-12 05:00:00+00:00,11.750789863559577,11.750789863559577,11.718751907348633,11.718751907348633,800,2007,2,7,Monday,11.7348,11.772150039672852,-0.45,-0.18,-0.45,-0.45,0.45,11.6544,11.5367,11.419,11.3013,11.1835,11.0658,10.9481,10.8304,10.7127,10.5949,10.4772,10.3595,10.2418,10.124,10.0063,9.8886,9.6532,9.5354,9.4177,9.3,9.1823,9.0646,8.9468,8.8291,0,0.0,False,False,False,False,False,False,False,False,False,False,False,False,False,False,False,False,False,False,False,False,False,False,False,False
SPLG,2007-02-13 05:00:00+00:00,11.718751907348633,11.718751907348633,11.718751907348633,11.718751907348633,0,2007,2,7,Tuesday,11.7188,11.718751907348633,0.0,0.0,0.0,0.0,0.0,11.6016,11.4844,11.3672,11.25,11.1328,11.0156,10.8984,10.7813,10.6641,10.5469,10.4297,10.3125,10.1953,10.0781,9.9609,9.8438,9.6094,9.4922,9.375,9.2578,9.1406,9.0234,8.9063,8.7891,0,0.0,False,False,False,False,False,False,False,False,False,False,False,False,False,False,False,False,False,False,False,False,False,False,False,False
SPLG,2007-02-14 05:00:00+00:00,11.909197807312012,11.909197807312012,11.909197807312012,11.909197807312012,800,2007,2,7,Wednesday,11.9092,11.718751907348633,1.63,1.63,1.63,1.63,-1.63,11.6016,11.4844,11.3672,11.25,11.1328,11.0156,10.8984,10.7813,10.6641,10.5469,10.4297,10.3125,10.1953,10.0781,9.9609,9.8438,9.6094,9.4922,9.375,9.2578,9.1406,9.0234,8.9063,8.7891,0,0.0,False,False,False,False,False,False,False,False,False,False,False,False,False,False,False,False,False,False,False,False,False,False,False,False
SPLG,2007-02-15 05:00:00+00:00,11.90742015838623,11.919879287806554,11.90742015838623,11.90742015838623,1200,2007,2,7,Thursday,11.9105,11.909197807312012,-0.01,-0.01,-0.01,-0.01,0.01,11.7901,11.671,11.5519,11.4328,11.3137,11.1946,11.0756,10.9565,10.8374,10.7183,10.5992,10.4801,10.361,10.2419,10.1228,10.0037,9.7655,9.6465,9.5274,9.4083,9.2892,9.1701,9.051,8.9319,0,0.0,False,False,False,False,False,False,False,False,False,False,False,False,False,False,False,False,False,False,False,False,False,False,False,False
SPLG,2007-02-16 05:00:00+00:00,11.900296211242676,11.900296211242676,11.900296211242676,11.900296211242676,400,2007,2,7,Friday,11.9003,11.90742015838623,-0.06,-0.06,-0.06,-0.06,0.06,11.7883,11.6693,11.5502,11.4311,11.312,11.193,11.0739,10.9548,10.8358,10.7167,10.5976,10.4785,10.3595,10.2404,10.1213,10.0022,9.7641,9.645,9.5259,9.4069,9.2878,9.1687,9.0496,8.9306,0,0.0,False,False,False,False,False,False,False,False,False,False,False,False,False,False,False,False,False,False,False,False,False,False,False,False
SPLG,2007-02-20 05:00:00+00:00,11.90742015838623,11.90742015838623,11.90742015838623,11.90742015838623,2000,2007,2,8,Tuesday,11.9074,11.900296211242676,0.06,0.06,0.06,0.06,-0.06,11.7813,11.6623,11.5433,11.4243,11.3053,11.1863,11.0673,10.9483,10.8293,10.7103,10.5913,10.4723,10.3533,10.2343,10.1153,9.9962,9.7582,9.6392,9.5202,9.4012,9.2822,9.1632,9.0442,8.9252,0,0.0,False,False,False,False,False,False,False,False,False,False,False,False,False,False,False,False,False,False,False,False,False,False,False,False
SPLG,2007-02-21 05:00:00+00:00,11.93589597605802,11.93589597605802,11.928776280500854,11.932336807250977,6000,2007,2,8,Wednesday,11.9332,11.90742015838623,0.21,0.24,0.18,0.21,-0.18,11.7883,11.6693,11.5502,11.4311,11.312,11.193,11.0739,10.9548,10.8358,10.7167,10.5976,10.4785,10.3595,10.2404,10.1213,10.0022,9.7641,9.645,9.5259,9.4069,9.2878,9.1687,9.0496,8.9306,0,0.0,False,False,False,False,False,False,False,False,False,False,False,False,False,False,False,False,False,False,False,False,False,False,False,False
SPLG,2007-02-22 05:00:00+00:00,11.912755012512209,11.912755012512209,11.912755012512209,11.912755012512209,800,2007,2,8,Thursday,11.9128,11.932336807250977,-0.16,-0.16,-0.16,-0.16,0.16,11.813,11.6937,11.5744,11.455,11.3357,11.2164,11.0971,10.9777,10.8584,10.7391,10.6198,10.5005,10.3811,10.2618,10.1425,10.0232,9.7845,9.6652,9.5459,9.4265,9.3072,9.1879,9.0686,8.9493,0,0.0,False,False,False,False,False,False,False,False,False,False,False,False,False,False,False,False,False,False,False,False,False,False,False,False
SPLG,2007-02-23 05:00:00+00:00,11.893178367805124,11.893178367805124,11.87716007232666,11.87716007232666,2800,2007,2,8,Friday,11.8852,11.912755012512209,-0.3,-0.16,-0.3,-0.3,0.3,11.7936,11.6745,11.5554,11.4362,11.3171,11.198,11.0789,10.9597,10.8406,10.7215,10.6024,10.4832,10.3641,10.245,10.1258,10.0067,9.7685,9.6493,9.5302,9.4111,9.2919,9.1728,9.0537,8.9346,0,0.0,False,False,False,False,False,False,False,False,False,False,False,False,False,False,False,False,False,False,False,False,False,False,False,False
SPLG,2007-02-26 05:00:00+00:00,11.905635833740234,11.905635833740234,11.905635833740234,11.905635833740234,1200,2007,2,9,Monday,11.9056,11.87716007232666,0.24,0.24,0.24,0.24,-0.24,11.7584,11.6396,11.5208,11.4021,11.2833,11.1645,11.0458,10.927,10.8082,10.6894,10.5707,10.4519,10.3331,10.2144,10.0956,9.9768,9.7393,9.6205,9.5017,9.383,9.2642,9.1454,9.0266,8.9079,0,0.0,False,False,False,False,False,False,False,False,False,False,False,False,False,False,False,False,False,False,False,False,False,False,False,False
SPLG,2007-02-27 05:00:00+00:00,11.695608514155564,11.695608514155564,11.213260487868622,11.451764106750488,7200,2007,2,9,Tuesday,11.5141,11.905635833740234,-3.81,-1.76,-5.82,-3.81,5.82,11.7866,11.6675,11.5485,11.4294,11.3104,11.1913,11.0722,10.9532,10.8341,10.7151,10.596,10.477,10.3579,10.2388,10.1198,10.0007,9.7626,9.6436,9.5245,9.4055,9.2864,9.1673,9.0483,8.9292,5,57.7423,True,True,True,True,True,False,False,False,False,False,False,False,False,False,False,False,False,False,False,False,False,False,False,False
SPLG,2007-02-28 05:00:00+00:00,11.558559764122624,11.558559764122624,11.498043040559978,11.535420417785645,2000,2007,2,9,Wednesday,11.5376,11.451764106750488,0.73,0.93,0.4,0.73,-0.4,11.3372,11.2227,11.1082,10.9937,10.8792,10.7647,10.6501,10.5356,10.4211,10.3066,10.1921,10.0776,9.963,9.8485,9.734,9.6195,9.3904,9.2759,9.1614,9.0469,8.9324,8.8179,8.7033,8.5888,0,0.0,False,False,False,False,False,False,False,False,False,False,False,False,False,False,False,False,False,False,False,False,False,False,False,False
SPLG,2007-03-01 05:00:00+00:00,11.430408343916442,11.471344890680008,11.428628080770183,11.448206901550291,3200,2007,3,9,Thursday,11.4446,11.535420417785645,-0.76,-0.91,-0.93,-0.76,0.93,11.4201,11.3047,11.1894,11.074,10.9586,10.8433,10.7279,10.6126,10.4972,10.3819,10.2665,10.1512,10.0358,9.9205,9.8051,9.6898,9.459,9.3437,9.2283,9.113,8.9976,8.8823,8.7669,8.6516,0,0.0,False,False,False,False,False,False,False,False,False,False,False,False,False,False,False,False,False,False,False,False,False,False,False,False
SPLG,2007-03-02 05:00:00+00:00,11.401926040649414,11.401926040649414,11.401926040649414,11.401926040649414,400,2007,3,9,Friday,11.4019,11.448206901550291,-0.4,-0.4,-0.4,-0.4,0.4,11.3337,11.2192,11.1048,10.9903,10.8758,10.7613,10.6468,10.5324,10.4179,10.3034,10.1889,10.0744,9.9599,9.8455,9.731,9.6165,9.3875,9.273,9.1586,9.0441,8.9296,8.8151,8.7006,8.5862,0,0.0,False,False,False,False,False,False,False,False,False,False,False,False,False,False,False,False,False,False,False,False,False,False,False,False
SPLG,2007-03-05 05:00:00+00:00,11.286239842370405,11.312938363137864,11.254201889038086,11.254201889038086,2000,2007,3,10,Monday,11.2769,11.401926040649414,-1.3,-1.01,-1.3,-1.3,1.3,11.2879,11.1739,11.0599,10.9458,10.8318,10.7178,10.6038,10.4898,10.3758,10.2617,10.1477,10.0337,9.9197,9.8057,9.6916,9.5776,9.3496,9.2356,9.1215,9.0075,8.8935,8.7795,8.6655,8.5514,1,11.2879,True,False,False,False,False,False,False,False,False,False,False,False,False,False,False,False,False,False,False,False,False,False,False,False
SPLG,2007-03-06 05:00:00+00:00,11.254201889038086,11.254201889038086,11.254201889038086,11.254201889038086,0,2007,3,10,Tuesday,11.2542,11.254201889038086,0.0,0.0,0.0,0.0,0.0,11.1417,11.0291,10.9166,10.804,10.6915,10.5789,10.4664,10.3539,10.2413,10.1288,10.0162,9.9037,9.7912,9.6786,9.5661,9.4535,9.2284,9.1159,9.0034,8.8908,8.7783,8.6657,8.5532,8.4407,0,0.0,False,False,False,False,False,False,False,False,False,False,False,False,False,False,False,False,False,False,False,False,False,False,False,False
SPLG,2007-03-07 05:00:00+00:00,11.435747451250194,11.471344565508849,11.410829199680563,11.460665702819824,10000,2007,3,10,Wednesday,11.4446,11.254201889038086,1.83,1.61,1.39,1.83,-1.39,11.1417,11.0291,10.9166,10.804,10.6915,10.5789,10.4664,10.3539,10.2413,10.1288,10.0162,9.9037,9.7912,9.6786,9.5661,9.4535,9.2284,9.1159,9.0034,8.8908,8.7783,8.6657,8.5532,8.4407,0,0.0,False,False,False,False,False,False,False,False,False,False,False,False,False,False,False,False,False,False,False,False,False,False,False,False
SPLG,2007-03-08 05:00:00+00:00,11.524744171154518,11.524744171154518,11.506945610046388,11.506945610046388,7600,2007,3,10,Thursday,11.5158,11.460665702819824,0.4,0.56,0.4,0.4,-0.4,11.3461,11.2315,11.1168,11.0022,10.8876,10.773,10.6584,10.5438,10.4292,10.3146,10.2,10.0854,9.9708,9.8562,9.7416,9.627,9.3977,9.2831,9.1685,9.0539,8.9393,8.8247,8.7101,8.5955,0,0.0,False,False,False,False,False,False,False,False,False,False,False,False,False,False,False,False,False,False,False,False,False,False,False,False
SPLG,2007-03-09 05:00:00+00:00,11.506945610046388,11.506945610046388,11.506945610046388,11.506945610046388,0,2007,3,10,Friday,11.5069,11.506945610046388,0.0,0.0,0.0,0.0,0.0,11.3919,11.2768,11.1617,11.0467,10.9316,10.8165,10.7015,10.5864,10.4713,10.3563,10.2412,10.1261,10.011,9.896,9.7809,9.6658,9.4357,9.3206,9.2056,9.0905,8.9754,8.8603,8.7453,8.6302,0,0.0,False,False,False,False,False,False,False,False,False,False,False,False,False,False,False,False,False,False,False,False,False,False,False,False
SPLG,2007-03-12 04:00:00+00:00,11.506945610046388,11.506945610046388,11.506945610046388,11.506945610046388,0,2007,3,11,Monday,11.5069,11.506945610046388,0.0,0.0,0.0,0.0,0.0,11.3919,11.2768,11.1617,11.0467,10.9316,10.8165,10.7015,10.5864,10.4713,10.3563,10.2412,10.1261,10.011,9.896,9.7809,9.6658,9.4357,9.3206,9.2056,9.0905,8.9754,8.8603,8.7453,8.6302,0,0.0,False,False,False,False,False,False,False,False,False,False,False,False,False,False,False,False,False,False,False,False,False,False,False,False
SPLG,2007-03-13 04:00:00+00:00,11.506945610046388,11.506945610046388,11.506945610046388,11.506945610046388,0,2007,3,11,Tuesday,11.5069,11.506945610046388,0.0,0.0,0.0,0.0,0.0,11.3919,11.2768,11.1617,11.0467,10.9316,10.8165,10.7015,10.5864,10.4713,10.3563,10.2412,10.1261,10.011,9.896,9.7809,9.6658,9.4357,9.3206,9.2056,9.0905,8.9754,8.8603,8.7453,8.6302,0,0.0,False,False,False,False,False,False,False,False,False,False,False,False,False,False,False,False,False,False,False,False,False,False,False,False
SPLG,2007-03-14 04:00:00+00:00,11.284460286176444,11.328957368252894,11.190126010473689,11.252422332763672,17600,2007,3,11,Wednesday,11.264,11.506945610046388,-2.21,-1.93,-2.75,-2.21,2.75,11.3919,11.2768,11.1617,11.0467,10.9316,10.8165,10.7015,10.5864,10.4713,10.3563,10.2412,10.1261,10.011,9.896,9.7809,9.6658,9.4357,9.3206,9.2056,9.0905,8.9754,8.8603,8.7453,8.6302,2,22.6687,True,True,False,False,False,False,False,False,False,False,False,False,False,False,False,False,False,False,False,False,False,False,False,False
SPLG,2007-03-15 04:00:00+00:00,11.403708457946776,11.403708457946776,11.403708457946776,11.403708457946776,800,2007,3,11,Thursday,11.4037,11.252422332763672,1.34,1.34,1.34,1.34,-1.34,11.1399,11.0274,10.9148,10.8023,10.6898,10.5773,10.4648,10.3522,10.2397,10.1272,10.0147,9.9021,9.7896,9.6771,9.5646,9.452,9.227,9.1145,9.0019,8.8894,8.7769,8.6644,8.5518,8.4393,0,0.0,False,False,False,False,False,False,False,False,False,False,False,False,False,False,False,False,False,False,False,False,False,False,False,False
SPLG,2007-03-16 04:00:00+00:00,11.43142981047853,11.467198558233898,11.377778053283691,11.377778053283691,14800,2007,3,11,Friday,11.4135,11.403708457946776,-0.23,0.24,-0.23,-0.23,0.23,11.2897,11.1756,11.0616,10.9476,10.8335,10.7195,10.6054,10.4914,10.3774,10.2633,10.1493,10.0353,9.9212,9.8072,9.6932,9.5791,9.351,9.237,9.123,9.0089,8.8949,8.7809,8.6668,8.5528,0,0.0,False,False,False,False,False,False,False,False,False,False,False,False,False,False,False,False,False,False,False,False,False,False,False,False
SPLG,2007-03-19 04:00:00+00:00,11.377778053283691,11.377778053283691,11.377778053283691,11.377778053283691,0,2007,3,12,Monday,11.3778,11.377778053283691,0.0,0.0,0.0,0.0,0.0,11.264,11.1502,11.0364,10.9227,10.8089,10.6951,10.5813,10.4676,10.3538,10.24,10.1262,10.0124,9.8987,9.7849,9.6711,9.5573,9.3298,9.216,9.1022,8.9884,8.8747,8.7609,8.6471,8.5333,0,0.0,False,False,False,False,False,False,False,False,False,False,False,False,False,False,False,False,False,False,False,False,False,False,False,False
SPLG,2007-03-20 04:00:00+00:00,11.569139406355792,11.569139406355792,11.56019687652588,11.56019687652588,2400,2007,3,12,Tuesday,11.5647,11.377778053283691,1.6,1.68,1.6,1.6,-1.6,11.264,11.1502,11.0364,10.9227,10.8089,10.6951,10.5813,10.4676,10.3538,10.24,10.1262,10.0124,9.8987,9.7849,9.6711,9.5573,9.3298,9.216,9.1022,8.9884,8.8747,8.7609,8.6471,8.5333,0,0.0,False,False,False,False,False,False,False,False,False,False,False,False,False,False,False,False,False,False,False,False,False,False,False,False
SPLG,2007-03-21 04:00:00+00:00,11.58880593150832,11.765856742858888,11.58880593150832,11.765856742858888,6400,2007,3,12,Wednesday,11.6773,11.56019687652588,1.78,0.25,0.25,1.78,-0.25,11.4446,11.329,11.2134,11.0978,10.9822,10.8666,10.751,10.6354,10.5198,10.4042,10.2886,10.173,10.0574,9.9418,9.8262,9.7106,9.4794,9.3638,9.2482,9.1326,9.017,8.9014,8.7857,8.6701,0,0.0,False,False,False,False,False,False,False,False,False,False,False,False,False,False,False,False,False,False,False,False,False,False,False,False
SPLG,2007-03-22 04:00:00+00:00,11.78731798477081,11.78731798477081,11.765856742858888,11.765856742858888,4000,2007,3,12,Thursday,11.7766,11.765856742858888,0.0,0.18,0.0,0.0,0.0,11.6482,11.5305,11.4129,11.2952,11.1776,11.0599,10.9422,10.8246,10.7069,10.5893,10.4716,10.354,10.2363,10.1186,10.001,9.8833,9.648,9.5303,9.4127,9.295,9.1774,9.0597,8.9421,8.8244,0,0.0,False,False,False,False,False,False,False,False,False,False,False,False,False,False,False,False,False,False,False,False,False,False,False,False
SPLG,2007-03-23 04:00:00+00:00,11.78911304473877,11.78911304473877,11.78911304473877,11.78911304473877,400,2007,3,12,Friday,11.7891,11.765856742858888,0.2,0.2,0.2,0.2,-0.2,11.6482,11.5305,11.4129,11.2952,11.1776,11.0599,10.9422,10.8246,10.7069,10.5893,10.4716,10.354,10.2363,10.1186,10.001,9.8833,9.648,9.5303,9.4127,9.295,9.1774,9.0597,8.9421,8.8244,0,0.0,False,False,False,False,False,False,False,False,False,False,False,False,False,False,False,False,False,False,False,False,False,False,False,False
SPLG,2007-03-26 04:00:00+00:00,11.771224975585938,11.771224975585938,11.771224975585938,11.771224975585938,4000,2007,3,13,Monday,11.7712,11.78911304473877,-0.15,-0.15,-0.15,-0.15,0.15,11.6712,11.5533,11.4354,11.3175,11.1997,11.0818,10.9639,10.846,10.7281,10.6102,10.4923,10.3744,10.2565,10.1386,10.0207,9.9029,9.6671,9.5492,9.4313,9.3134,9.1955,9.0776,8.9597,8.8418,0,0.0,False,False,False,False,False,False,False,False,False,False,False,False,False,False,False,False,False,False,False,False,False,False,False,False
SPLG,2007-03-27 04:00:00+00:00,11.726518545780708,11.726518545780708,11.722942352294922,11.722942352294922,800,2007,3,13,Tuesday,11.7247,11.771224975585938,-0.41,-0.38,-0.41,-0.41,0.41,11.6535,11.5358,11.4181,11.3004,11.1827,11.065,10.9472,10.8295,10.7118,10.5941,10.4764,10.3587,10.241,10.1233,10.0055,9.8878,9.6524,9.5347,9.417,9.2993,9.1816,9.0638,8.9461,8.8284,0,0.0,False,False,False,False,False,False,False,False,False,False,False,False,False,False,False,False,False,False,False,False,False,False,False,False
SPLG,2007-03-28 04:00:00+00:00,11.660341097190974,11.660341097190974,11.647822380065918,11.647822380065918,800,2007,3,13,Wednesday,11.6541,11.722942352294922,-0.64,-0.53,-0.64,-0.64,0.64,11.6057,11.4885,11.3713,11.254,11.1368,11.0196,10.9023,10.7851,10.6679,10.5506,10.4334,10.3162,10.199,10.0817,9.9645,9.8473,9.6128,9.4956,9.3784,9.2611,9.1439,9.0267,8.9094,8.7922,0,0.0,False,False,False,False,False,False,False,False,False,False,False,False,False,False,False,False,False,False,False,False,False,False,False,False
SPLG,2007-03-29 04:00:00+00:00,11.65677285491908,11.658561634139035,11.649619102478027,11.649619102478027,5200,2007,3,13,Thursday,11.6536,11.647822380065918,0.02,0.08,0.02,0.02,-0.02,11.5313,11.4149,11.2984,11.1819,11.0654,10.949,10.8325,10.716,10.5995,10.483,10.3666,10.2501,10.1336,10.0171,9.9006,9.7842,9.5512,9.4347,9.3183,9.2018,9.0853,8.9688,8.8523,8.7359,0,0.0,False,False,False,False,False,False,False,False,False,False,False,False,False,False,False,False,False,False,False,False,False,False,False,False
SPLG,2007-03-30 04:00:00+00:00,11.60669185148209,11.644248008728027,11.60311429492264,11.644248008728027,3600,2007,3,13,Friday,11.6246,11.649619102478027,-0.05,-0.37,-0.4,-0.05,0.4,11.5331,11.4166,11.3001,11.1836,11.0671,10.9506,10.8341,10.7176,10.6012,10.4847,10.3682,10.2517,10.1352,10.0187,9.9022,9.7857,9.5527,9.4362,9.3197,9.2032,9.0867,8.9702,8.8537,8.7372,0,0.0,False,False,False,False,False,False,False,False,False,False,False,False,False,False,False,False,False,False,False,False,False,False,False,False
SPLG,2007-04-02 04:00:00+00:00,11.644248008728027,11.644248008728027,11.644248008728027,11.644248008728027,0,2007,4,14,Monday,11.6442,11.644248008728027,0.0,0.0,0.0,0.0,0.0,11.5278,11.4114,11.2949,11.1785,11.062,10.9456,10.8292,10.7127,10.5963,10.4798,10.3634,10.2469,10.1305,10.0141,9.8976,9.7812,9.5483,9.4318,9.3154,9.199,9.0825,8.9661,8.8496,8.7332,0,0.0,False,False,False,False,False,False,False,False,False,False,False,False,False,False,False,False,False,False,False,False,False,False,False,False
SPLG,2007-04-03 04:00:00+00:00,11.644248008728027,11.644248008728027,11.644248008728027,11.644248008728027,0,2007,4,14,Tuesday,11.6442,11.644248008728027,0.0,0.0,0.0,0.0,0.0,11.5278,11.4114,11.2949,11.1785,11.062,10.9456,10.8292,10.7127,10.5963,10.4798,10.3634,10.2469,10.1305,10.0141,9.8976,9.7812,9.5483,9.4318,9.3154,9.199,9.0825,8.9661,8.8496,8.7332,0,0.0,False,False,False,False,False,False,False,False,False,False,False,False,False,False,False,False,False,False,False,False,False,False,False,False
SPLG,2007-04-04 04:00:00+00:00,11.781956117096946,11.815936088562012,11.781956117096946,11.815936088562012,1200,2007,4,14,Wednesday,11.7989,11.644248008728027,1.47,1.18,1.18,1.47,-1.18,11.5278,11.4114,11.2949,11.1785,11.062,10.9456,10.8292,10.7127,10.5963,10.4798,10.3634,10.2469,10.1305,10.0141,9.8976,9.7812,9.5483,9.4318,9.3154,9.199,9.0825,8.9661,8.8496,8.7332,0,0.0,False,False,False,False,False,False,False,False,False,False,False,False,False,False,False,False,False,False,False,False,False,False,False,False
SPLG,2007-04-05 04:00:00+00:00,11.828451950648908,11.855278165613468,11.828451950648908,11.844548225402832,24400,2007,4,14,Thursday,11.8392,11.815936088562012,0.24,0.11,0.11,0.24,-0.11,11.6978,11.5796,11.4615,11.3433,11.2251,11.107,10.9888,10.8707,10.7525,10.6343,10.5162,10.398,10.2799,10.1617,10.0435,9.9254,9.6891,9.5709,9.4527,9.3346,9.2164,9.0983,8.9801,8.862,0,0.0,False,False,False,False,False,False,False,False,False,False,False,False,False,False,False,False,False,False,False,False,False,False,False,False
SPLG,2007-04-09 04:00:00+00:00,11.874956130981444,11.874956130981444,11.874956130981444,11.874956130981444,400,2007,4,15,Monday,11.875,11.844548225402832,0.26,0.26,0.26,0.26,-0.26,11.7261,11.6077,11.4892,11.3708,11.2523,11.1339,11.0154,10.897,10.7785,10.6601,10.5416,10.4232,10.3048,10.1863,10.0679,9.9494,9.7125,9.5941,9.4756,9.3572,9.2387,9.1203,9.0019,8.8834,0,0.0,False,False,False,False,False,False,False,False,False,False,False,False,False,False,False,False,False,False,False,False,False,False,False,False
SPLG,2007-04-10 04:00:00+00:00,11.874956130981444,11.874956130981444,11.874956130981444,11.874956130981444,0,2007,4,15,Tuesday,11.875,11.874956130981444,0.0,0.0,0.0,0.0,0.0,11.7562,11.6375,11.5187,11.4,11.2812,11.1625,11.0437,10.925,10.8062,10.6875,10.5687,10.45,10.3312,10.2125,10.0937,9.975,9.7375,9.6187,9.5,9.3812,9.2625,9.1437,9.025,8.9062,0,0.0,False,False,False,False,False,False,False,False,False,False,False,False,False,False,False,False,False,False,False,False,False,False,False,False
SPLG,2007-04-11 04:00:00+00:00,11.833818664006431,11.833818664006431,11.83203125,11.83203125,3200,2007,4,15,Wednesday,11.8329,11.874956130981444,-0.36,-0.35,-0.36,-0.36,0.36,11.7562,11.6375,11.5187,11.4,11.2812,11.1625,11.0437,10.925,10.8062,10.6875,10.5687,10.45,10.3312,10.2125,10.0937,9.975,9.7375,9.6187,9.5,9.3812,9.2625,9.1437,9.025,8.9062,0,0.0,False,False,False,False,False,False,False,False,False,False,False,False,False,False,False,False,False,False,False,False,False,False,False,False
SPLG,2007-04-12 04:00:00+00:00,11.821301296411532,11.837397575378418,11.821301296411532,11.837397575378418,1200,2007,4,15,Thursday,11.8293,11.83203125,0.05,-0.09,-0.09,0.05,0.09,11.7137,11.5954,11.4771,11.3587,11.2404,11.1221,11.0038,10.8855,10.7671,10.6488,10.5305,10.4122,10.2939,10.1755,10.0572,9.9389,9.7023,9.5839,9.4656,9.3473,9.229,9.1107,8.9923,8.874,0,0.0,False,False,False,False,False,False,False,False,False,False,False,False,False,False,False,False,False,False,False,False,False,False,False,False
SPLG,2007-04-13 04:00:00+00:00,11.898202340052675,11.93218231201172,11.898202340052675,11.93218231201172,3200,2007,4,15,Friday,11.9152,11.837397575378418,0.8,0.51,0.51,0.8,-0.51,11.719,11.6006,11.4823,11.3639,11.2455,11.1272,11.0088,10.8904,10.772,10.6537,10.5353,10.4169,10.2985,10.1802,10.0618,9.9434,9.7067,9.5883,9.4699,9.3515,9.2332,9.1148,8.9964,8.878,0,0.0,False,False,False,False,False,False,False,False,False,False,False,False,False,False,False,False,False,False,False,False,False,False,False,False
SPLG,2007-04-16 04:00:00+00:00,12.016236400725823,12.043061256408691,12.016236400725823,12.043061256408691,800,2007,4,16,Monday,12.0296,11.93218231201172,0.93,0.7,0.7,0.93,-0.7,11.8129,11.6935,11.5742,11.4549,11.3356,11.2163,11.0969,10.9776,10.8583,10.739,10.6196,10.5003,10.381,10.2617,10.1424,10.023,9.7844,9.6651,9.5457,9.4264,9.3071,9.1878,9.0685,8.9491,0,0.0,False,False,False,False,False,False,False,False,False,False,False,False,False,False,False,False,False,False,False,False,False,False,False,False
SPLG,2007-04-17 04:00:00+00:00,12.046644281496285,12.089565434509252,12.046644281496285,12.078835487365724,2000,2007,4,16,Tuesday,12.0654,12.043061256408691,0.3,0.03,0.03,0.3,-0.03,11.9226,11.8022,11.6818,11.5613,11.4409,11.3205,11.2,11.0796,10.9592,10.8388,10.7183,10.5979,10.4775,10.357,10.2366,10.1162,9.8753,9.7549,9.6344,9.514,9.3936,9.2732,9.1527,9.0323,0,0.0,False,False,False,False,False,False,False,False,False,False,False,False,False,False,False,False,False,False,False,False,False,False,False,False
SPLG,2007-04-18 04:00:00+00:00,12.078835487365724,12.078835487365724,12.078835487365724,12.078835487365724,0,2007,4,16,Wednesday,12.0788,12.078835487365724,0.0,0.0,0.0,0.0,0.0,11.958,11.8373,11.7165,11.5957,11.4749,11.3541,11.2333,11.1125,10.9917,10.871,10.7502,10.6294,10.5086,10.3878,10.267,10.1462,9.9046,9.7839,9.6631,9.5423,9.4215,9.3007,9.1799,9.0591,0,0.0,False,False,False,False,False,False,False,False,False,False,False,False,False,False,False,False,False,False,False,False,False,False,False,False
SPLG,2007-04-19 04:00:00+00:00,12.078835487365724,12.078835487365724,12.078835487365724,12.078835487365724,0,2007,4,16,Thursday,12.0788,12.078835487365724,0.0,0.0,0.0,0.0,0.0,11.958,11.8373,11.7165,11.5957,11.4749,11.3541,11.2333,11.1125,10.9917,10.871,10.7502,10.6294,10.5086,10.3878,10.267,10.1462,9.9046,9.7839,9.6631,9.5423,9.4215,9.3007,9.1799,9.0591,0,0.0,False,False,False,False,False,False,False,False,False,False,False,False,False,False,False,False,False,False,False,False,False,False,False,False
SPLG,2007-04-20 04:00:00+00:00,12.148578643798826,12.148578643798826,12.148578643798826,12.148578643798828,800,2007,4,16,Friday,12.1486,12.078835487365724,0.58,0.58,0.58,0.58,-0.58,11.958,11.8373,11.7165,11.5957,11.4749,11.3541,11.2333,11.1125,10.9917,10.871,10.7502,10.6294,10.5086,10.3878,10.267,10.1462,9.9046,9.7839,9.6631,9.5423,9.4215,9.3007,9.1799,9.0591,0,0.0,False,False,False,False,False,False,False,False,False,False,False,False,False,False,False,False,False,False,False,False,False,False,False,False
SPLG,2007-04-23 04:00:00+00:00,12.17897891998291,12.17897891998291,12.17897891998291,12.17897891998291,800,2007,4,17,Monday,12.179,12.148578643798828,0.25,0.25,0.25,0.25,-0.25,12.0271,11.9056,11.7841,11.6626,11.5411,11.4197,11.2982,11.1767,11.0552,10.9337,10.8122,10.6907,10.5693,10.4478,10.3263,10.2048,9.9618,9.8403,9.7189,9.5974,9.4759,9.3544,9.2329,9.1114,0,0.0,False,False,False,False,False,False,False,False,False,False,False,False,False,False,False,False,False,False,False,False,False,False,False,False
SPLG,2007-04-24 04:00:00+00:00,12.134268760681152,12.134268760681152,12.134268760681152,12.134268760681152,20000,2007,4,17,Tuesday,12.1343,12.17897891998291,-0.37,-0.37,-0.37,-0.37,0.37,12.0572,11.9354,11.8136,11.6918,11.57,11.4482,11.3265,11.2047,11.0829,10.9611,10.8393,10.7175,10.5957,10.4739,10.3521,10.2303,9.9868,9.865,9.7432,9.6214,9.4996,9.3778,9.256,9.1342,0,0.0,False,False,False,False,False,False,False,False,False,False,False,False,False,False,False,False,False,False,False,False,False,False,False,False
SPLG,2007-04-25 04:00:00+00:00,12.204018986587329,12.204018986587329,12.166462818734177,12.186135292053224,4000,2007,4,17,Wednesday,12.1902,12.134268760681152,0.43,0.57,0.27,0.43,-0.27,12.0129,11.8916,11.7702,11.6489,11.5276,11.4062,11.2849,11.1635,11.0422,10.9208,10.7995,10.6782,10.5568,10.4355,10.3141,10.1928,9.9501,9.8288,9.7074,9.5861,9.4647,9.3434,9.222,9.1007,0,0.0,False,False,False,False,False,False,False,False,False,False,False,False,False,False,False,False,False,False,False,False,False,False,False,False
SPLG,2007-04-26 04:00:00+00:00,12.225476906764952,12.273763005291006,12.225476906764952,12.25230312347412,9200,2007,4,17,Thursday,12.2443,12.186135292053224,0.54,0.32,0.32,0.54,-0.32,12.0643,11.9424,11.8206,11.6987,11.5768,11.455,11.3331,11.2112,11.0894,10.9675,10.8457,10.7238,10.6019,10.4801,10.3582,10.2364,9.9926,9.8708,9.7489,9.627,9.5052,9.3833,9.2615,9.1396,0,0.0,False,False,False,False,False,False,False,False,False,False,False,False,False,False,False,False,False,False,False,False,False,False,False,False
SPLG,2007-04-27 04:00:00+00:00,12.236205658554242,12.263031872656429,12.236205658554242,12.259455680847168,4000,2007,4,17,Friday,12.2487,12.25230312347412,0.06,-0.13,-0.13,0.06,0.13,12.1298,12.0073,11.8847,11.7622,11.6397,11.5172,11.3946,11.2721,11.1496,11.0271,10.9045,10.782,10.6595,10.537,10.4145,10.2919,10.0469,9.9244,9.8018,9.6793,9.5568,9.4343,9.3118,9.1892,0,0.0,False,False,False,False,False,False,False,False,False,False,False,False,False,False,False,False,False,False,False,False,False,False,False,False
SPLG,2007-04-30 04:00:00+00:00,12.268396842589278,12.268396842589278,12.259455680847168,12.259455680847168,2000,2007,4,18,Monday,12.2639,12.259455680847168,0.0,0.07,0.0,0.0,0.0,12.1369,12.0143,11.8917,11.7691,11.6465,11.5239,11.4013,11.2787,11.1561,11.0335,10.9109,10.7883,10.6657,10.5431,10.4205,10.2979,10.0528,9.9302,9.8076,9.685,9.5624,9.4398,9.3172,9.1946,0,0.0,False,False,False,False,False,False,False,False,False,False,False,False,False,False,False,False,False,False,False,False,False,False,False,False
SPLG,2007-05-01 04:00:00+00:00,12.152152778015454,12.187921524047852,12.148576585631288,12.187921524047852,3200,2007,5,18,Tuesday,12.1691,12.259455680847168,-0.58,-0.88,-0.9,-0.58,0.9,12.1369,12.0143,11.8917,11.7691,11.6465,11.5239,11.4013,11.2787,11.1561,11.0335,10.9109,10.7883,10.6657,10.5431,10.4205,10.2979,10.0528,9.9302,9.8076,9.685,9.5624,9.4398,9.3172,9.1946,0,0.0,False,False,False,False,False,False,False,False,False,False,False,False,False,False,False,False,False,False,False,False,False,False,False,False
SPLG,2007-05-02 04:00:00+00:00,12.187921524047852,12.187921524047852,12.187921524047852,12.187921524047852,0,2007,5,18,Wednesday,12.1879,12.187921524047852,0.0,0.0,0.0,0.0,0.0,12.066,11.9442,11.8223,11.7004,11.5785,11.4566,11.3348,11.2129,11.091,10.9691,10.8473,10.7254,10.6035,10.4816,10.3597,10.2379,9.9941,9.8722,9.7503,9.6285,9.5066,9.3847,9.2628,9.1409,0,0.0,False,False,False,False,False,False,False,False,False,False,False,False,False,False,False,False,False,False,False,False,False,False,False,False
SPLG,2007-05-03 04:00:00+00:00,12.295227047132183,12.32384204864502,12.295227047132183,12.32384204864502,2400,2007,5,18,Thursday,12.3095,12.187921524047852,1.12,0.88,0.88,1.12,-0.88,12.066,11.9442,11.8223,11.7004,11.5785,11.4566,11.3348,11.2129,11.091,10.9691,10.8473,10.7254,10.6035,10.4816,10.3597,10.2379,9.9941,9.8722,9.7503,9.6285,9.5066,9.3847,9.2628,9.1409,0,0.0,False,False,False,False,False,False,False,False,False,False,False,False,False,False,False,False,False,False,False,False,False,False,False,False
SPLG,2007-05-04 04:00:00+00:00,12.363189710953284,12.370343463693407,12.311326026916504,12.311326026916504,4000,2007,5,18,Friday,12.339,12.32384204864502,-0.1,0.32,-0.1,-0.1,0.1,12.2006,12.0774,11.9541,11.8309,11.7076,11.5844,11.4612,11.3379,11.2147,11.0915,10.9682,10.845,10.7217,10.5985,10.4753,10.352,10.1056,9.9823,9.8591,9.7358,9.6126,9.4894,9.3661,9.2429,0,0.0,False,False,False,False,False,False,False,False,False,False,False,False,False,False,False,False,False,False,False,False,False,False,False,False
SPLG,2007-05-07 04:00:00+00:00,12.379283905029297,12.379283905029297,12.379283905029297,12.379283905029297,400,2007,5,19,Monday,12.3793,12.311326026916504,0.55,0.55,0.55,0.55,-0.55,12.1882,12.0651,11.942,11.8189,11.6958,11.5726,11.4495,11.3264,11.2033,11.0802,10.9571,10.834,10.7109,10.5877,10.4646,10.3415,10.0953,9.9722,9.8491,9.7259,9.6028,9.4797,9.3566,9.2335,0,0.0,False,False,False,False,False,False,False,False,False,False,False,False,False,False,False,False,False,False,False,False,False,False,False,False
SPLG,2007-05-08 04:00:00+00:00,12.345303140770126,12.363186836242676,12.345303140770126,12.363186836242676,8000,2007,5,19,Tuesday,12.3542,12.379283905029297,-0.13,-0.27,-0.27,-0.13,0.27,12.2555,12.1317,12.0079,11.8841,11.7603,11.6365,11.5127,11.3889,11.2651,11.1414,11.0176,10.8938,10.77,10.6462,10.5224,10.3986,10.151,10.0272,9.9034,9.7796,9.6558,9.532,9.4083,9.2845,0,0.0,False,False,False,False,False,False,False,False,False,False,False,False,False,False,False,False,False,False,False,False,False,False,False,False
SPLG,2007-05-09 04:00:00+00:00,12.422200202941896,12.422200202941896,12.422200202941896,12.422200202941896,800,2007,5,19,Wednesday,12.4222,12.363186836242676,0.48,0.48,0.48,0.48,-0.48,12.2396,12.1159,11.9923,11.8687,11.745,11.6214,11.4978,11.3741,11.2505,11.1269,11.0032,10.8796,10.756,10.6323,10.5087,10.3851,10.1378,10.0142,9.8905,9.7669,9.6433,9.5197,9.396,9.2724,0,0.0,False,False,False,False,False,False,False,False,False,False,False,False,False,False,False,False,False,False,False,False,False,False,False,False
SPLG,2007-05-10 04:00:00+00:00,12.422200202941896,12.422200202941896,12.422200202941896,12.422200202941896,0,2007,5,19,Thursday,12.4222,12.422200202941896,0.0,0.0,0.0,0.0,0.0,12.298,12.1738,12.0495,11.9253,11.8011,11.6769,11.5526,11.4284,11.3042,11.18,11.0558,10.9315,10.8073,10.6831,10.5589,10.4346,10.1862,10.062,9.9378,9.8135,9.6893,9.5651,9.4409,9.3167,0,0.0,False,False,False,False,False,False,False,False,False,False,False,False,False,False,False,False,False,False,False,False,False,False,False,False
SPLG,2007-05-11 04:00:00+00:00,12.422200202941896,12.422200202941896,12.422200202941896,12.422200202941896,0,2007,5,19,Friday,12.4222,12.422200202941896,0.0,0.0,0.0,0.0,0.0,12.298,12.1738,12.0495,11.9253,11.8011,11.6769,11.5526,11.4284,11.3042,11.18,11.0558,10.9315,10.8073,10.6831,10.5589,10.4346,10.1862,10.062,9.9378,9.8135,9.6893,9.5651,9.4409,9.3167,0,0.0,False,False,False,False,False,False,False,False,False,False,False,False,False,False,False,False,False,False,False,False,False,False,False,False
SPLG,2007-05-14 04:00:00+00:00,12.422200202941896,12.422200202941896,12.422200202941896,12.422200202941896,0,2007,5,20,Monday,12.4222,12.422200202941896,0.0,0.0,0.0,0.0,0.0,12.298,12.1738,12.0495,11.9253,11.8011,11.6769,11.5526,11.4284,11.3042,11.18,11.0558,10.9315,10.8073,10.6831,10.5589,10.4346,10.1862,10.062,9.9378,9.8135,9.6893,9.5651,9.4409,9.3167,0,0.0,False,False,False,False,False,False,False,False,False,False,False,False,False,False,False,False,False,False,False,False,False,False,False,False
SPLG,2007-05-15 04:00:00+00:00,12.40610694885254,12.40610694885254,12.40610694885254,12.40610694885254,400,2007,5,20,Tuesday,12.4061,12.422200202941896,-0.13,-0.13,-0.13,-0.13,0.13,12.298,12.1738,12.0495,11.9253,11.8011,11.6769,11.5526,11.4284,11.3042,11.18,11.0558,10.9315,10.8073,10.6831,10.5589,10.4346,10.1862,10.062,9.9378,9.8135,9.6893,9.5651,9.4409,9.3167,0,0.0,False,False,False,False,False,False,False,False,False,False,False,False,False,False,False,False,False,False,False,False,False,False,False,False
SPLG,2007-05-16 04:00:00+00:00,12.415045099463972,12.416833877563477,12.415045099463972,12.416833877563477,2400,2007,5,20,Wednesday,12.4159,12.40610694885254,0.09,0.07,0.07,0.09,-0.07,12.282,12.158,12.0339,11.9099,11.7858,11.6617,11.5377,11.4136,11.2896,11.1655,11.0414,10.9174,10.7933,10.6693,10.5452,10.4211,10.173,10.0489,9.9249,9.8008,9.6768,9.5527,9.4286,9.3046,0,0.0,False,False,False,False,False,False,False,False,False,False,False,False,False,False,False,False,False,False,False,False,False,False,False,False
SPLG,2007-05-17 04:00:00+00:00,12.413260621869645,12.425779342651367,12.413260621869645,12.425779342651367,800,2007,5,20,Thursday,12.4195,12.416833877563477,0.07,-0.03,-0.03,0.07,0.03,12.2927,12.1685,12.0443,11.9202,11.796,11.6718,11.5477,11.4235,11.2993,11.1752,11.051,10.9268,10.8026,10.6785,10.5543,10.4301,10.1818,10.0576,9.9335,9.8093,9.6851,9.561,9.4368,9.3126,0,0.0,False,False,False,False,False,False,False,False,False,False,False,False,False,False,False,False,False,False,False,False,False,False,False,False
SPLG,2007-05-18 04:00:00+00:00,12.468698501586914,12.468698501586914,12.468698501586914,12.468698501586914,800,2007,5,20,Friday,12.4687,12.425779342651367,0.35,0.35,0.35,0.35,-0.35,12.3015,12.1773,12.053,11.9287,11.8045,11.6802,11.556,11.4317,11.3075,11.1832,11.0589,10.9347,10.8104,10.6862,10.5619,10.4377,10.1891,10.0649,9.9406,9.8164,9.6921,9.5679,9.4436,9.3193,0,0.0,False,False,False,False,False,False,False,False,False,False,False,False,False,False,False,False,False,False,False,False,False,False,False,False
SPLG,2007-05-21 04:00:00+00:00,12.468698501586914,12.468698501586914,12.468698501586914,12.468698501586914,0,2007,5,21,Monday,12.4687,12.468698501586914,0.0,0.0,0.0,0.0,0.0,12.344,12.2193,12.0946,11.97,11.8453,11.7206,11.5959,11.4712,11.3465,11.2218,11.0971,10.9725,10.8478,10.7231,10.5984,10.4737,10.2243,10.0996,9.975,9.8503,9.7256,9.6009,9.4762,9.3515,0,0.0,False,False,False,False,False,False,False,False,False,False,False,False,False,False,False,False,False,False,False,False,False,False,False,False
SPLG,2007-05-22 04:00:00+00:00,12.5187757870495,12.55096697936516,12.5187757870495,12.529505729675291,6800,2007,5,21,Tuesday,12.5295,12.468698501586914,0.49,0.4,0.4,0.49,-0.4,12.344,12.2193,12.0946,11.97,11.8453,11.7206,11.5959,11.4712,11.3465,11.2218,11.0971,10.9725,10.8478,10.7231,10.5984,10.4737,10.2243,10.0996,9.975,9.8503,9.7256,9.6009,9.4762,9.3515,0,0.0,False,False,False,False,False,False,False,False,False,False,False,False,False,False,False,False,False,False,False,False,False,False,False,False
SPLG,2007-05-23 04:00:00+00:00,12.52414655147864,12.583163992095916,12.51520538330078,12.51520538330078,52000,2007,5,21,Wednesday,12.5344,12.529505729675291,-0.11,-0.04,-0.11,-0.11,0.11,12.4042,12.2789,12.1536,12.0283,11.903,11.7777,11.6524,11.5271,11.4019,11.2766,11.1513,11.026,10.9007,10.7754,10.6501,10.5248,10.2742,10.1489,10.0236,9.8983,9.773,9.6477,9.5224,9.3971,0,0.0,False,False,False,False,False,False,False,False,False,False,False,False,False,False,False,False,False,False,False,False,False,False,False,False
SPLG,2007-05-24 04:00:00+00:00,12.488372062415507,12.518774472956103,12.377490997314451,12.377490997314451,10800,2007,5,21,Thursday,12.4405,12.51520538330078,-1.1,-0.21,-1.1,-1.1,1.1,12.3901,12.2649,12.1397,12.0146,11.8894,11.7643,11.6391,11.514,11.3888,11.2637,11.1385,11.0134,10.8882,10.7631,10.6379,10.5128,10.2625,10.1373,10.0122,9.887,9.7619,9.6367,9.5116,9.3864,1,12.3901,True,False,False,False,False,False,False,False,False,False,False,False,False,False,False,False,False,False,False,False,False,False,False,False
SPLG,2007-05-25 04:00:00+00:00,12.377490997314451,12.377490997314451,12.377490997314451,12.377490997314451,0,2007,5,21,Friday,12.3775,12.377490997314451,0.0,0.0,0.0,0.0,0.0,12.2537,12.1299,12.0062,11.8824,11.7586,11.6348,11.5111,11.3873,11.2635,11.1397,11.016,10.8922,10.7684,10.6446,10.5209,10.3971,10.1495,10.0258,9.902,9.7782,9.6544,9.5307,9.4069,9.2831,0,0.0,False,False,False,False,False,False,False,False,False,False,False,False,False,False,False,False,False,False,False,False,False,False,False,False
SPLG,2007-05-29 04:00:00+00:00,12.484793412426816,12.484793412426816,12.45796856102698,12.468698501586914,4400,2007,5,22,Tuesday,12.4741,12.377490997314451,0.74,0.87,0.65,0.74,-0.65,12.2537,12.1299,12.0062,11.8824,11.7586,11.6348,11.5111,11.3873,11.2635,11.1397,11.016,10.8922,10.7684,10.6446,10.5209,10.3971,10.1495,10.0258,9.902,9.7782,9.6544,9.5307,9.4069,9.2831,0,0.0,False,False,False,False,False,False,False,False,False,False,False,False,False,False,False,False,False,False,False,False,False,False,False,False
SPLG,2007-05-30 04:00:00+00:00,12.438297230585416,12.556330680847168,12.438297230585416,12.556330680847168,800,2007,5,22,Wednesday,12.4973,12.468698501586914,0.7,-0.24,-0.24,0.7,0.24,12.344,12.2193,12.0946,11.97,11.8453,11.7206,11.5959,11.4712,11.3465,11.2218,11.0971,10.9725,10.8478,10.7231,10.5984,10.4737,10.2243,10.0996,9.975,9.8503,9.7256,9.6009,9.4762,9.3515,0,0.0,False,False,False,False,False,False,False,False,False,False,False,False,False,False,False,False,False,False,False,False,False,False,False,False
SPLG,2007-05-31 04:00:00+00:00,12.556330680847168,12.556330680847168,12.556330680847168,12.556330680847168,0,2007,5,22,Thursday,12.5563,12.556330680847168,0.0,0.0,0.0,0.0,0.0,12.4308,12.3052,12.1796,12.0541,11.9285,11.803,11.6774,11.5518,11.4263,11.3007,11.1751,11.0496,10.924,10.7984,10.6729,10.5473,10.2962,10.1706,10.0451,9.9195,9.7939,9.6684,9.5428,9.4172,0,0.0,False,False,False,False,False,False,False,False,False,False,False,False,False,False,False,False,False,False,False,False,False,False,False,False
SPLG,2007-06-01 04:00:00+00:00,12.556330680847168,12.556330680847168,12.556330680847168,12.556330680847168,0,2007,6,22,Friday,12.5563,12.556330680847168,0.0,0.0,0.0,0.0,0.0,12.4308,12.3052,12.1796,12.0541,11.9285,11.803,11.6774,11.5518,11.4263,11.3007,11.1751,11.0496,10.924,10.7984,10.6729,10.5473,10.2962,10.1706,10.0451,9.9195,9.7939,9.6684,9.5428,9.4172,0,0.0,False,False,False,False,False,False,False,False,False,False,False,False,False,False,False,False,False,False,False,False,False,False,False,False
SPLG,2007-06-04 04:00:00+00:00,12.66005516052246,12.66005516052246,12.66005516052246,12.66005516052246,10000,2007,6,23,Monday,12.6601,12.556330680847168,0.83,0.83,0.83,0.83,-0.83,12.4308,12.3052,12.1796,12.0541,11.9285,11.803,11.6774,11.5518,11.4263,11.3007,11.1751,11.0496,10.924,10.7984,10.6729,10.5473,10.2962,10.1706,10.0451,9.9195,9.7939,9.6684,9.5428,9.4172,0,0.0,False,False,False,False,False,False,False,False,False,False,False,False,False,False,False,False,False,False,False,False,False,False,False,False
SPLG,2007-06-05 04:00:00+00:00,12.606406756306312,12.606406756306312,12.57779312133789,12.57779312133789,13200,2007,6,23,Tuesday,12.5921,12.66005516052246,-0.65,-0.42,-0.65,-0.65,0.65,12.5335,12.4069,12.2803,12.1537,12.0271,11.9005,11.7739,11.6473,11.5207,11.394,11.2674,11.1408,11.0142,10.8876,10.761,10.6344,10.3812,10.2546,10.128,10.0014,9.8748,9.7482,9.6216,9.495,0,0.0,False,False,False,False,False,False,False,False,False,False,False,False,False,False,False,False,False,False,False,False,False,False,False,False
SPLG,2007-06-06 04:00:00+00:00,12.57779312133789,12.57779312133789,12.57779312133789,12.57779312133789,0,2007,6,23,Wednesday,12.5778,12.57779312133789,0.0,0.0,0.0,0.0,0.0,12.452,12.3262,12.2005,12.0747,11.9489,11.8231,11.6973,11.5716,11.4458,11.32,11.1942,11.0685,10.9427,10.8169,10.6911,10.5653,10.3138,10.188,10.0622,9.9365,9.8107,9.6849,9.5591,9.4333,0,0.0,False,False,False,False,False,False,False,False,False,False,False,False,False,False,False,False,False,False,False,False,False,False,False,False
SPLG,2007-06-07 04:00:00+00:00,12.33993408334585,12.34708783205427,12.27197551727295,12.27197551727295,3600,2007,6,23,Thursday,12.3077,12.57779312133789,-2.43,-1.89,-2.43,-2.43,2.43,12.452,12.3262,12.2005,12.0747,11.9489,11.8231,11.6973,11.5716,11.4458,11.32,11.1942,11.0685,10.9427,10.8169,10.6911,10.5653,10.3138,10.188,10.0622,9.9365,9.8107,9.6849,9.5591,9.4333,2,24.7783,True,True,False,False,False,False,False,False,False,False,False,False,False,False,False,False,False,False,False,False,False,False,False,False
SPLG,2007-06-08 04:00:00+00:00,12.24157657580682,12.379283905029297,12.24157657580682,12.379283905029297,2400,2007,6,23,Friday,12.3104,12.27197551727295,0.87,-0.25,-0.25,0.87,0.25,12.1493,12.0265,11.9038,11.7811,11.6584,11.5357,11.4129,11.2902,11.1675,11.0448,10.9221,10.7993,10.6766,10.5539,10.4312,10.3085,10.063,9.9403,9.8176,9.6949,9.5721,9.4494,9.3267,9.204,0,0.0,False,False,False,False,False,False,False,False,False,False,False,False,False,False,False,False,False,False,False,False,False,False,False,False
SPLG,2007-06-11 04:00:00+00:00,12.34887855340514,12.398953437805176,12.34887855340514,12.398953437805176,1200,2007,6,24,Monday,12.3739,12.379283905029297,0.16,-0.25,-0.25,0.16,0.25,12.2555,12.1317,12.0079,11.8841,11.7603,11.6365,11.5127,11.3889,11.2651,11.1414,11.0176,10.8938,10.77,10.6462,10.5224,10.3986,10.151,10.0272,9.9034,9.7796,9.6558,9.532,9.4083,9.2845,0,0.0,False,False,False,False,False,False,False,False,False,False,False,False,False,False,False,False,False,False,False,False,False,False,False,False
SPLG,2007-06-12 04:00:00+00:00,12.345298767089844,12.345298767089844,12.345298767089844,12.345298767089844,800,2007,6,24,Tuesday,12.3453,12.398953437805176,-0.43,-0.43,-0.43,-0.43,0.43,12.275,12.151,12.027,11.903,11.779,11.655,11.531,11.407,11.283,11.1591,11.0351,10.9111,10.7871,10.6631,10.5391,10.4151,10.1671,10.0432,9.9192,9.7952,9.6712,9.5472,9.4232,9.2992,0,0.0,False,False,False,False,False,False,False,False,False,False,False,False,False,False,False,False,False,False,False,False,False,False,False,False
SPLG,2007-06-13 04:00:00+00:00,12.35960643141797,12.386432647705078,12.35960643141797,12.386432647705078,44800,2007,6,24,Wednesday,12.373,12.345298767089844,0.33,0.12,0.12,0.33,-0.12,12.2218,12.0984,11.9749,11.8515,11.728,11.6046,11.4811,11.3577,11.2342,11.1108,10.9873,10.8639,10.7404,10.617,10.4935,10.3701,10.1231,9.9997,9.8762,9.7528,9.6293,9.5059,9.3824,9.259,0,0.0,False,False,False,False,False,False,False,False,False,False,False,False,False,False,False,False,False,False,False,False,False,False,False,False
SPLG,2007-06-14 04:00:00+00:00,12.386432647705078,12.386432647705078,12.386432647705078,12.386432647705078,0,2007,6,24,Thursday,12.3864,12.386432647705078,0.0,0.0,0.0,0.0,0.0,12.2626,12.1387,12.0148,11.891,11.7671,11.6432,11.5194,11.3955,11.2717,11.1478,11.0239,10.9001,10.7762,10.6523,10.5285,10.4046,10.1569,10.033,9.9091,9.7853,9.6614,9.5376,9.4137,9.2898,0,0.0,False,False,False,False,False,False,False,False,False,False,False,False,False,False,False,False,False,False,False,False,False,False,False,False
SPLG,2007-06-15 04:00:00+00:00,12.598477938240617,12.598477938240617,12.596683502197266,12.596683502197266,1200,2007,6,24,Friday,12.5976,12.386432647705078,1.7,1.71,1.7,1.7,-1.7,12.2626,12.1387,12.0148,11.891,11.7671,11.6432,11.5194,11.3955,11.2717,11.1478,11.0239,10.9001,10.7762,10.6523,10.5285,10.4046,10.1569,10.033,9.9091,9.7853,9.6614,9.5376,9.4137,9.2898,0,0.0,False,False,False,False,False,False,False,False,False,False,False,False,False,False,False,False,False,False,False,False,False,False,False,False
SPLG,2007-06-18 04:00:00+00:00,12.596683502197266,12.596683502197266,12.596683502197266,12.596683502197266,0,2007,6,25,Monday,12.5967,12.596683502197266,0.0,0.0,0.0,0.0,0.0,12.4707,12.3447,12.2188,12.0928,11.9668,11.8409,11.7149,11.5889,11.463,11.337,11.211,11.0851,10.9591,10.8331,10.7072,10.5812,10.3293,10.2033,10.0773,9.9514,9.8254,9.6994,9.5735,9.4475,0,0.0,False,False,False,False,False,False,False,False,False,False,False,False,False,False,False,False,False,False,False,False,False,False,False,False
SPLG,2007-06-19 04:00:00+00:00,12.57872486114502,12.57872486114502,12.57872486114502,12.57872486114502,400,2007,6,25,Tuesday,12.5787,12.596683502197266,-0.14,-0.14,-0.14,-0.14,0.14,12.4707,12.3447,12.2188,12.0928,11.9668,11.8409,11.7149,11.5889,11.463,11.337,11.211,11.0851,10.9591,10.8331,10.7072,10.5812,10.3293,10.2033,10.0773,9.9514,9.8254,9.6994,9.5735,9.4475,0,0.0,False,False,False,False,False,False,False,False,False,False,False,False,False,False,False,False,False,False,False,False,False,False,False,False
SPLG,2007-06-20 04:00:00+00:00,12.582310676574703,12.582310676574703,12.582310676574703,12.582310676574709,400,2007,6,25,Wednesday,12.5823,12.57872486114502,0.03,0.03,0.03,0.03,-0.03,12.4529,12.3272,12.2014,12.0756,11.9498,11.824,11.6982,11.5724,11.4466,11.3209,11.1951,11.0693,10.9435,10.8177,10.6919,10.5661,10.3146,10.1888,10.063,9.9372,9.8114,9.6856,9.5598,9.434,0,0.0,False,False,False,False,False,False,False,False,False,False,False,False,False,False,False,False,False,False,False,False,False,False,False,False
SPLG,2007-06-21 04:00:00+00:00,12.51767921447754,12.51767921447754,12.51767921447754,12.51767921447754,1600,2007,6,25,Thursday,12.5177,12.582310676574709,-0.51,-0.51,-0.51,-0.51,0.51,12.4565,12.3307,12.2048,12.079,11.9532,11.8274,11.7015,11.5757,11.4499,11.3241,11.1983,11.0724,10.9466,10.8208,10.695,10.5691,10.3175,10.1917,10.0658,9.94,9.8142,9.6884,9.5626,9.4367,0,0.0,False,False,False,False,False,False,False,False,False,False,False,False,False,False,False,False,False,False,False,False,False,False,False,False
SPLG,2007-06-22 04:00:00+00:00,12.460226377203522,12.460226377203522,12.388409238095544,12.40097713470459,7200,2007,6,25,Friday,12.4275,12.51767921447754,-0.93,-0.46,-1.03,-0.93,1.03,12.3925,12.2673,12.1421,12.017,11.8918,11.7666,11.6414,11.5163,11.3911,11.2659,11.1407,11.0156,10.8904,10.7652,10.64,10.5149,10.2645,10.1393,10.0141,9.889,9.7638,9.6386,9.5134,9.3883,1,12.3925,True,False,False,False,False,False,False,False,False,False,False,False,False,False,False,False,False,False,False,False,False,False,False,False
SPLG,2007-06-25 04:00:00+00:00,12.40097713470459,12.40097713470459,12.40097713470459,12.40097713470459,0,2007,6,26,Monday,12.401,12.40097713470459,0.0,0.0,0.0,0.0,0.0,12.277,12.153,12.0289,11.9049,11.7809,11.6569,11.5329,11.4089,11.2849,11.1609,11.0369,10.9129,10.7889,10.6648,10.5408,10.4168,10.1688,10.0448,9.9208,9.7968,9.6728,9.5488,9.4247,9.3007,0,0.0,False,False,False,False,False,False,False,False,False,False,False,False,False,False,False,False,False,False,False,False,False,False,False,False
SPLG,2007-06-26 04:00:00+00:00,12.365070162487507,12.365070162487507,12.289661407470703,12.289661407470703,800,2007,6,26,Tuesday,12.3274,12.40097713470459,-0.9,-0.29,-0.9,-0.9,0.9,12.277,12.153,12.0289,11.9049,11.7809,11.6569,11.5329,11.4089,11.2849,11.1609,11.0369,10.9129,10.7889,10.6648,10.5408,10.4168,10.1688,10.0448,9.9208,9.7968,9.6728,9.5488,9.4247,9.3007,0,0.0,False,False,False,False,False,False,False,False,False,False,False,False,False,False,False,False,False,False,False,False,False,False,False,False
SPLG,2007-06-27 04:00:00+00:00,12.357888221740724,12.357888221740724,12.357888221740724,12.357888221740724,400,2007,6,26,Wednesday,12.3579,12.289661407470703,0.56,0.56,0.56,0.56,-0.56,12.1668,12.0439,11.921,11.7981,11.6752,11.5523,11.4294,11.3065,11.1836,11.0607,10.9378,10.8149,10.692,10.5691,10.4462,10.3233,10.0775,9.9546,9.8317,9.7088,9.5859,9.463,9.3401,9.2172,0,0.0,False,False,False,False,False,False,False,False,False,False,False,False,False,False,False,False,False,False,False,False,False,False,False,False
SPLG,2007-06-28 04:00:00+00:00,12.357888221740724,12.357888221740724,12.357888221740724,12.357888221740724,0,2007,6,26,Thursday,12.3579,12.357888221740724,0.0,0.0,0.0,0.0,0.0,12.2343,12.1107,11.9872,11.8636,11.74,11.6164,11.4928,11.3693,11.2457,11.1221,10.9985,10.8749,10.7514,10.6278,10.5042,10.3806,10.1335,10.0099,9.8863,9.7627,9.6392,9.5156,9.392,9.2684,0,0.0,False,False,False,False,False,False,False,False,False,False,False,False,False,False,False,False,False,False,False,False,False,False,False,False
SPLG,2007-06-29 04:00:00+00:00,12.357888221740724,12.357888221740724,12.357888221740724,12.357888221740724,0,2007,6,26,Friday,12.3579,12.357888221740724,0.0,0.0,0.0,0.0,0.0,12.2343,12.1107,11.9872,11.8636,11.74,11.6164,11.4928,11.3693,11.2457,11.1221,10.9985,10.8749,10.7514,10.6278,10.5042,10.3806,10.1335,10.0099,9.8863,9.7627,9.6392,9.5156,9.392,9.2684,0,0.0,False,False,False,False,False,False,False,False,False,False,False,False,False,False,False,False,False,False,False,False,False,False,False,False
SPLG,2007-07-02 04:00:00+00:00,12.357888221740724,12.357888221740724,12.357888221740724,12.357888221740724,0,2007,7,27,Monday,12.3579,12.357888221740724,0.0,0.0,0.0,0.0,0.0,12.2343,12.1107,11.9872,11.8636,11.74,11.6164,11.4928,11.3693,11.2457,11.1221,10.9985,10.8749,10.7514,10.6278,10.5042,10.3806,10.1335,10.0099,9.8863,9.7627,9.6392,9.5156,9.392,9.2684,0,0.0,False,False,False,False,False,False,False,False,False,False,False,False,False,False,False,False,False,False,False,False,False,False,False,False
SPLG,2007-07-03 04:00:00+00:00,12.357888221740724,12.357888221740724,12.357888221740724,12.357888221740724,0,2007,7,27,Tuesday,12.3579,12.357888221740724,0.0,0.0,0.0,0.0,0.0,12.2343,12.1107,11.9872,11.8636,11.74,11.6164,11.4928,11.3693,11.2457,11.1221,10.9985,10.8749,10.7514,10.6278,10.5042,10.3806,10.1335,10.0099,9.8863,9.7627,9.6392,9.5156,9.392,9.2684,0,0.0,False,False,False,False,False,False,False,False,False,False,False,False,False,False,False,False,False,False,False,False,False,False,False,False
SPLG,2007-07-05 04:00:00+00:00,12.51767921447754,12.51767921447754,12.51767921447754,12.51767921447754,800,2007,7,27,Thursday,12.5177,12.357888221740724,1.29,1.29,1.29,1.29,-1.29,12.2343,12.1107,11.9872,11.8636,11.74,11.6164,11.4928,11.3693,11.2457,11.1221,10.9985,10.8749,10.7514,10.6278,10.5042,10.3806,10.1335,10.0099,9.8863,9.7627,9.6392,9.5156,9.392,9.2684,0,0.0,False,False,False,False,False,False,False,False,False,False,False,False,False,False,False,False,False,False,False,False,False,False,False,False
SPLG,2007-07-06 04:00:00+00:00,12.567952048967411,12.598473889477656,12.567952048967411,12.587701797485352,6000,2007,7,27,Friday,12.5805,12.51767921447754,0.56,0.4,0.4,0.56,-0.4,12.3925,12.2673,12.1421,12.017,11.8918,11.7666,11.6414,11.5163,11.3911,11.2659,11.1407,11.0156,10.8904,10.7652,10.64,10.5149,10.2645,10.1393,10.0141,9.889,9.7638,9.6386,9.5134,9.3883,0,0.0,False,False,False,False,False,False,False,False,False,False,False,False,False,False,False,False,False,False,False,False,False,False,False,False
SPLG,2007-07-09 04:00:00+00:00,12.641562093313736,12.641562093313736,12.603857040405272,12.603857040405272,4400,2007,7,28,Monday,12.6227,12.587701797485352,0.13,0.43,0.13,0.13,-0.13,12.4618,12.3359,12.2101,12.0842,11.9583,11.8324,11.7066,11.5807,11.4548,11.3289,11.2031,11.0772,10.9513,10.8254,10.6995,10.5737,10.3219,10.196,10.0702,9.9443,9.8184,9.6925,9.5667,9.4408,0,0.0,False,False,False,False,False,False,False,False,False,False,False,False,False,False,False,False,False,False,False,False,False,False,False,False
SPLG,2007-07-10 04:00:00+00:00,12.571541976068271,12.571541976068271,12.469202995300297,12.469202995300291,1200,2007,7,28,Tuesday,12.5204,12.603857040405272,-1.07,-0.26,-1.07,-1.07,1.07,12.4778,12.3518,12.2257,12.0997,11.9737,11.8476,11.7216,11.5955,11.4695,11.3435,11.2174,11.0914,10.9654,10.8393,10.7133,10.5872,10.3352,10.2091,10.0831,9.957,9.831,9.705,9.5789,9.4529,1,12.4778,True,False,False,False,False,False,False,False,False,False,False,False,False,False,False,False,False,False,False,False,False,False,False,False
SPLG,2007-07-11 04:00:00+00:00,12.469202995300297,12.469202995300297,12.469202995300297,12.469202995300291,0,2007,7,28,Wednesday,12.4692,12.469202995300291,0.0,0.0,0.0,0.0,-0.0,12.3445,12.2198,12.0951,11.9704,11.8457,11.7211,11.5964,11.4717,11.347,11.2223,11.0976,10.9729,10.8482,10.7235,10.5988,10.4741,10.2247,10.1001,9.9754,9.8507,9.726,9.6013,9.4766,9.3519,0,0.0,False,False,False,False,False,False,False,False,False,False,False,False,False,False,False,False,False,False,False,False,False,False,False,False
SPLG,2007-07-12 04:00:00+00:00,12.648746490478516,12.648746490478516,12.648746490478516,12.648746490478516,400,2007,7,28,Thursday,12.6487,12.469202995300291,1.44,1.44,1.44,1.44,-1.44,12.3445,12.2198,12.0951,11.9704,11.8457,11.7211,11.5964,11.4717,11.347,11.2223,11.0976,10.9729,10.8482,10.7235,10.5988,10.4741,10.2247,10.1001,9.9754,9.8507,9.726,9.6013,9.4766,9.3519,0,0.0,False,False,False,False,False,False,False,False,False,False,False,False,False,False,False,False,False,False,False,False,False,False,False,False
SPLG,2007-07-13 04:00:00+00:00,12.648746490478516,12.648746490478516,12.648746490478516,12.648746490478516,0,2007,7,28,Friday,12.6487,12.648746490478516,0.0,0.0,0.0,0.0,0.0,12.5223,12.3958,12.2693,12.1428,12.0163,11.8898,11.7633,11.6368,11.5104,11.3839,11.2574,11.1309,11.0044,10.8779,10.7514,10.6249,10.372,10.2455,10.119,9.9925,9.866,9.7395,9.613,9.4866,0,0.0,False,False,False,False,False,False,False,False,False,False,False,False,False,False,False,False,False,False,False,False,False,False,False,False
SPLG,2007-07-16 04:00:00+00:00,12.648746490478516,12.648746490478516,12.648746490478516,12.648746490478516,0,2007,7,29,Monday,12.6487,12.648746490478516,0.0,0.0,0.0,0.0,0.0,12.5223,12.3958,12.2693,12.1428,12.0163,11.8898,11.7633,11.6368,11.5104,11.3839,11.2574,11.1309,11.0044,10.8779,10.7514,10.6249,10.372,10.2455,10.119,9.9925,9.866,9.7395,9.613,9.4866,0,0.0,False,False,False,False,False,False,False,False,False,False,False,False,False,False,False,False,False,False,False,False,False,False,False,False
SPLG,2007-07-17 04:00:00+00:00,12.794179722917283,12.797769964814238,12.783406257629396,12.783406257629396,3200,2007,7,29,Tuesday,12.7897,12.648746490478516,1.06,1.15,1.06,1.06,-1.06,12.5223,12.3958,12.2693,12.1428,12.0163,11.8898,11.7633,11.6368,11.5104,11.3839,11.2574,11.1309,11.0044,10.8779,10.7514,10.6249,10.372,10.2455,10.119,9.9925,9.866,9.7395,9.613,9.4866,0,0.0,False,False,False,False,False,False,False,False,False,False,False,False,False,False,False,False,False,False,False,False,False,False,False,False
SPLG,2007-07-18 04:00:00+00:00,12.711579703347846,12.724147594048608,12.66848861826179,12.713374137878418,42000,2007,7,29,Wednesday,12.7044,12.783406257629396,-0.55,-0.56,-0.9,-0.55,0.9,12.6556,12.5277,12.3999,12.2721,12.1442,12.0164,11.8886,11.7607,11.6329,11.5051,11.3772,11.2494,11.1216,10.9937,10.8659,10.7381,10.4824,10.3546,10.2267,10.0989,9.9711,9.8432,9.7154,9.5876,0,0.0,False,False,False,False,False,False,False,False,False,False,False,False,False,False,False,False,False,False,False,False,False,False,False,False
SPLG,2007-07-19 04:00:00+00:00,12.77801192529652,12.77801192529652,12.709786415100098,12.709786415100098,16000,2007,7,29,Thursday,12.7439,12.713374137878418,-0.03,0.51,-0.03,-0.03,0.03,12.5862,12.4591,12.332,12.2048,12.0777,11.9506,11.8234,11.6963,11.5692,11.442,11.3149,11.1878,11.0606,10.9335,10.8064,10.6792,10.425,10.2978,10.1707,10.0436,9.9164,9.7893,9.6622,9.535,0,0.0,False,False,False,False,False,False,False,False,False,False,False,False,False,False,False,False,False,False,False,False,False,False,False,False
SPLG,2007-07-20 04:00:00+00:00,12.64336044405145,12.65054229588693,12.603860943855388,12.648746490478516,58400,2007,7,29,Friday,12.6366,12.709786415100098,-0.48,-0.52,-0.83,-0.48,0.83,12.5827,12.4556,12.3285,12.2014,12.0743,11.9472,11.8201,11.693,11.5659,11.4388,11.3117,11.1846,11.0575,10.9304,10.8033,10.6762,10.422,10.2949,10.1678,10.0407,9.9136,9.7865,9.6594,9.5323,0,0.0,False,False,False,False,False,False,False,False,False,False,False,False,False,False,False,False,False,False,False,False,False,False,False,False
SPLG,2007-07-23 04:00:00+00:00,12.702610553780069,12.716974258422852,12.702610553780069,12.716974258422852,2000,2007,7,30,Monday,12.7098,12.648746490478516,0.54,0.43,0.43,0.54,-0.43,12.5223,12.3958,12.2693,12.1428,12.0163,11.8898,11.7633,11.6368,11.5104,11.3839,11.2574,11.1309,11.0044,10.8779,10.7514,10.6249,10.372,10.2455,10.119,9.9925,9.866,9.7395,9.613,9.4866,0,0.0,False,False,False,False,False,False,False,False,False,False,False,False,False,False,False,False,False,False,False,False,False,False,False,False
SPLG,2007-07-24 04:00:00+00:00,12.594885569615728,12.594885569615728,12.4530470676267,12.46022891998291,43600,2007,7,30,Tuesday,12.5258,12.716974258422852,-2.02,-0.96,-2.08,-2.02,2.08,12.5898,12.4626,12.3355,12.2083,12.0811,11.954,11.8268,11.6996,11.5724,11.4453,11.3181,11.1909,11.0638,10.9366,10.8094,10.6823,10.4279,10.3007,10.1736,10.0464,9.9192,9.7921,9.6649,9.5377,2,25.0524,True,True,False,False,False,False,False,False,False,False,False,False,False,False,False,False,False,False,False,False,False,False,False,False
SPLG,2007-07-25 04:00:00+00:00,12.393795812099784,12.494338989257812,12.393795812099784,12.494338989257812,20800,2007,7,30,Wednesday,12.4441,12.46022891998291,0.27,-0.53,-0.53,0.27,0.53,12.3356,12.211,12.0864,11.9618,11.8372,11.7126,11.588,11.4634,11.3388,11.2142,11.0896,10.965,10.8404,10.7158,10.5912,10.4666,10.2174,10.0928,9.9682,9.8436,9.719,9.5944,9.4698,9.3452,0,0.0,False,False,False,False,False,False,False,False,False,False,False,False,False,False,False,False,False,False,False,False,False,False,False,False
SPLG,2007-07-26 04:00:00+00:00,12.388410367826369,12.402774070917426,12.17116449531707,12.235799789428713,30400,2007,7,30,Thursday,12.2995,12.494338989257812,-2.07,-0.85,-2.59,-2.07,2.59,12.3694,12.2445,12.1195,11.9946,11.8696,11.7447,11.6197,11.4948,11.3698,11.2449,11.12,10.995,10.8701,10.7451,10.6202,10.4952,10.2454,10.1204,9.9955,9.8705,9.7456,9.6206,9.4957,9.3708,2,24.6138,True,True,False,False,False,False,False,False,False,False,False,False,False,False,False,False,False,False,False,False,False,False,False,False
SPLG,2007-07-27 04:00:00+00:00,12.241183227672815,12.241183227672815,12.000596046447754,12.000596046447754,32800,2007,7,30,Friday,12.1209,12.235799789428713,-1.92,0.04,-1.92,-1.92,1.92,12.1134,11.9911,11.8687,11.7464,11.624,11.5017,11.3793,11.2569,11.1346,11.0122,10.8899,10.7675,10.6451,10.5228,10.4004,10.2781,10.0334,9.911,9.7886,9.6663,9.5439,9.4216,9.2992,9.1768,1,12.1134,True,False,False,False,False,False,False,False,False,False,False,False,False,False,False,False,False,False,False,False,False,False,False,False
SPLG,2007-07-30 04:00:00+00:00,12.12986946105957,12.12986946105957,12.12986946105957,12.12986946105957,400,2007,7,31,Monday,12.1299,12.000596046447754,1.08,1.08,1.08,1.08,-1.08,11.8806,11.7606,11.6406,11.5206,11.4006,11.2806,11.1606,11.0405,10.9205,10.8005,10.6805,10.5605,10.4405,10.3205,10.2005,10.0805,9.8405,9.7205,9.6005,9.4805,9.3605,9.2405,9.1205,9.0004,0,0.0,False,False,False,False,False,False,False,False,False,False,False,False,False,False,False,False,False,False,False,False,False,False,False,False
SPLG,2007-07-31 04:00:00+00:00,12.241184509995014,12.242980315136451,11.980848926203372,11.991621017456056,6000,2007,7,31,Tuesday,12.1142,12.12986946105957,-1.14,0.92,-1.23,-1.14,1.23,12.0086,11.8873,11.766,11.6447,11.5234,11.4021,11.2808,11.1595,11.0382,10.9169,10.7956,10.6743,10.553,10.4317,10.3104,10.1891,9.9465,9.8252,9.7039,9.5826,9.4613,9.34,9.2187,9.0974,1,12.0086,True,False,False,False,False,False,False,False,False,False,False,False,False,False,False,False,False,False,False,False,False,False,False,False
SPLG,2007-08-01 04:00:00+00:00,12.020350485662265,12.020350485662265,11.909035191447172,11.94135284423828,10800,2007,8,31,Wednesday,11.9728,11.991621017456056,-0.42,0.24,-0.69,-0.42,0.69,11.8717,11.7518,11.6319,11.512,11.392,11.2721,11.1522,11.0323,10.9124,10.7925,10.6725,10.5526,10.4327,10.3128,10.1929,10.073,9.8331,9.7132,9.5933,9.4734,9.3535,9.2335,9.1136,8.9937,0,0.0,False,False,False,False,False,False,False,False,False,False,False,False,False,False,False,False,False,False,False,False,False,False,False,False
SPLG,2007-08-02 04:00:00+00:00,12.12089729309082,12.12089729309082,12.12089729309082,12.12089729309082,20000,2007,8,31,Thursday,12.1209,11.94135284423828,1.5,1.5,1.5,1.5,-1.5,11.8219,11.7025,11.5831,11.4637,11.3443,11.2249,11.1055,10.986,10.8666,10.7472,10.6278,10.5084,10.389,10.2696,10.1501,10.0307,9.7919,9.6725,9.5531,9.4337,9.3143,9.1948,9.0754,8.956,0,0.0,False,False,False,False,False,False,False,False,False,False,False,False,False,False,False,False,False,False,False,False,False,False,False,False
SPLG,2007-08-03 04:00:00+00:00,11.88927936553955,11.88927936553955,11.88927936553955,11.88927936553955,400,2007,8,31,Friday,11.8893,12.12089729309082,-1.91,-1.91,-1.91,-1.91,1.91,11.9997,11.8785,11.7573,11.6361,11.5149,11.3936,11.2724,11.1512,11.03,10.9088,10.7876,10.6664,10.5452,10.424,10.3028,10.1816,9.9391,9.8179,9.6967,9.5755,9.4543,9.3331,9.2119,9.0907,1,11.9997,True,False,False,False,False,False,False,False,False,False,False,False,False,False,False,False,False,False,False,False,False,False,False,False
SPLG,2007-08-06 04:00:00+00:00,11.860558189396896,12.045486450195312,11.763605229699028,12.045486450195312,253600,2007,8,32,Monday,11.9288,11.88927936553955,1.31,-0.24,-1.06,1.31,1.06,11.7704,11.6515,11.5326,11.4137,11.2948,11.1759,11.057,10.9381,10.8192,10.7004,10.5815,10.4626,10.3437,10.2248,10.1059,9.987,9.7492,9.6303,9.5114,9.3925,9.2736,9.1547,9.0359,8.917,1,11.7704,True,False,False,False,False,False,False,False,False,False,False,False,False,False,False,False,False,False,False,False,False,False,False,False
SPLG,2007-08-07 04:00:00+00:00,12.056257841817713,12.194504719780404,12.056257841817713,12.131665229797363,2800,2007,8,32,Tuesday,12.1097,12.045486450195312,0.72,0.09,0.09,0.72,-0.09,11.925,11.8046,11.6841,11.5637,11.4432,11.3228,11.2023,11.0818,10.9614,10.8409,10.7205,10.6,10.4796,10.3591,10.2387,10.1182,9.8773,9.7568,9.6364,9.5159,9.3955,9.275,9.1546,9.0341,0,0.0,False,False,False,False,False,False,False,False,False,False,False,False,False,False,False,False,False,False,False,False,False,False,False,False
SPLG,2007-08-08 04:00:00+00:00,12.26990703416332,12.318384170532228,12.199885721450524,12.318384170532228,91600,2007,8,32,Wednesday,12.2766,12.131665229797363,1.54,1.14,0.56,1.54,-0.56,12.0103,11.889,11.7677,11.6464,11.5251,11.4038,11.2824,11.1611,11.0398,10.9185,10.7972,10.6759,10.5545,10.4332,10.3119,10.1906,9.948,9.8266,9.7053,9.584,9.4627,9.3414,9.2201,9.0987,0,0.0,False,False,False,False,False,False,False,False,False,False,False,False,False,False,False,False,False,False,False,False,False,False,False,False
SPLG,2007-08-09 04:00:00+00:00,12.138848536633056,12.23220988011416,12.138848536633056,12.147826194763184,32800,2007,8,32,Thursday,12.1644,12.318384170532228,-1.38,-1.46,-1.46,-1.38,1.46,12.1952,12.072,11.9488,11.8256,11.7025,11.5793,11.4561,11.3329,11.2097,11.0865,10.9634,10.8402,10.717,10.5938,10.4706,10.3474,10.1011,9.9779,9.8547,9.7315,9.6083,9.4852,9.362,9.2388,1,12.1952,True,False,False,False,False,False,False,False,False,False,False,False,False,False,False,False,False,False,False,False,False,False,False,False
SPLG,2007-08-10 04:00:00+00:00,11.995216369628906,11.995216369628906,11.995216369628906,11.995216369628906,6000,2007,8,32,Friday,11.9952,12.147826194763184,-1.26,-1.26,-1.26,-1.26,1.26,12.0263,11.9049,11.7834,11.6619,11.5404,11.419,11.2975,11.176,11.0545,10.933,10.8116,10.6901,10.5686,10.4471,10.3257,10.2042,9.9612,9.8397,9.7183,9.5968,9.4753,9.3538,9.2323,9.1109,1,12.0263,True,False,False,False,False,False,False,False,False,False,False,False,False,False,False,False,False,False,False,False,False,False,False,False
SPLG,2007-08-13 04:00:00+00:00,12.088571618438262,12.088571618438262,11.993414511250126,12.020344734191896,19200,2007,8,33,Monday,12.0477,11.995216369628906,0.21,0.78,-0.02,0.21,0.02,11.8753,11.7553,11.6354,11.5154,11.3955,11.2755,11.1556,11.0356,10.9156,10.7957,10.6757,10.5558,10.4358,10.3159,10.1959,10.076,9.8361,9.7161,9.5962,9.4762,9.3563,9.2363,9.1164,8.9964,0,0.0,False,False,False,False,False,False,False,False,False,False,False,False,False,False,False,False,False,False,False,False,False,False,False,False
SPLG,2007-08-14 04:00:00+00:00,11.939554492952338,11.939554492952338,11.754626274108888,11.754626274108888,15200,2007,8,33,Tuesday,11.8471,12.020344734191896,-2.21,-0.67,-2.21,-2.21,2.21,11.9001,11.7799,11.6597,11.5395,11.4193,11.2991,11.1789,11.0587,10.9385,10.8183,10.6981,10.5779,10.4577,10.3375,10.2173,10.0971,9.8567,9.7365,9.6163,9.4961,9.3759,9.2557,9.1355,9.0153,2,23.6801,True,True,False,False,False,False,False,False,False,False,False,False,False,False,False,False,False,False,False,False,False,False,False,False
SPLG,2007-08-15 04:00:00+00:00,11.729490280151367,11.729490280151367,11.729490280151367,11.729490280151367,2000,2007,8,33,Wednesday,11.7295,11.754626274108888,-0.21,-0.21,-0.21,-0.21,0.21,11.6371,11.5195,11.402,11.2844,11.1669,11.0493,10.9318,10.8143,10.6967,10.5792,10.4616,10.3441,10.2265,10.109,9.9914,9.8739,9.6388,9.5212,9.4037,9.2862,9.1686,9.0511,8.9335,8.816,0,0.0,False,False,False,False,False,False,False,False,False,False,False,False,False,False,False,False,False,False,False,False,False,False,False,False
SPLG,2007-08-16 04:00:00+00:00,11.499672945182256,11.641510009765623,11.32910711506949,11.641510009765623,28000,2007,8,33,Thursday,11.528,11.729490280151367,-0.75,-1.96,-3.41,-0.75,3.41,11.6122,11.4949,11.3776,11.2603,11.143,11.0257,10.9084,10.7911,10.6738,10.5565,10.4392,10.322,10.2047,10.0874,9.9701,9.8528,9.6182,9.5009,9.3836,9.2663,9.149,9.0317,8.9144,8.7971,3,34.4847,True,True,True,False,False,False,False,False,False,False,False,False,False,False,False,False,False,False,False,False,False,False,False,False
SPLG,2007-08-17 04:00:00+00:00,11.743854883321369,11.810284614562988,11.743854883321369,11.810284614562988,3600,2007,8,33,Friday,11.7771,11.641510009765623,1.45,0.88,0.88,1.45,-0.88,11.5251,11.4087,11.2923,11.1758,11.0594,10.943,10.8266,10.7102,10.5938,10.4774,10.3609,10.2445,10.1281,10.0117,9.8953,9.7789,9.546,9.4296,9.3132,9.1968,9.0804,8.964,8.8475,8.7311,0,0.0,False,False,False,False,False,False,False,False,False,False,False,False,False,False,False,False,False,False,False,False,False,False,False,False
SPLG,2007-08-20 04:00:00+00:00,11.935964837261224,11.935964837261224,11.89466953277588,11.89466953277588,4800,2007,8,34,Monday,11.9153,11.810284614562988,0.71,1.06,0.71,0.71,-0.71,11.6922,11.5741,11.456,11.3379,11.2198,11.1017,10.9836,10.8655,10.7474,10.6293,10.5112,10.3931,10.2749,10.1568,10.0387,9.9206,9.6844,9.5663,9.4482,9.3301,9.212,9.0939,8.9758,8.8577,0,0.0,False,False,False,False,False,False,False,False,False,False,False,False,False,False,False,False,False,False,False,False,False,False,False,False
SPLG,2007-08-21 04:00:00+00:00,11.887486457824709,11.887486457824709,11.887486457824709,11.887486457824709,1200,2007,8,34,Tuesday,11.8875,11.89466953277588,-0.06,-0.06,-0.06,-0.06,0.06,11.7757,11.6568,11.5378,11.4189,11.2999,11.181,11.062,10.9431,10.8241,10.7052,10.5863,10.4673,10.3484,10.2294,10.1105,9.9915,9.7536,9.6347,9.5157,9.3968,9.2778,9.1589,9.0399,8.921,0,0.0,False,False,False,False,False,False,False,False,False,False,False,False,False,False,False,False,False,False,False,False,False,False,False,False
SPLG,2007-08-22 04:00:00+00:00,12.004190426484062,12.074211768045751,12.004190426484062,12.068825721740724,23600,2007,8,34,Wednesday,12.0379,11.887486457824709,1.53,0.98,0.98,1.53,-0.98,11.7686,11.6497,11.5309,11.412,11.2931,11.1742,11.0554,10.9365,10.8176,10.6987,10.5799,10.461,10.3421,10.2232,10.1044,9.9855,9.7477,9.6289,9.51,9.3911,9.2722,9.1534,9.0345,8.9156,0,0.0,False,False,False,False,False,False,False,False,False,False,False,False,False,False,False,False,False,False,False,False,False,False,False,False
SPLG,2007-08-23 04:00:00+00:00,12.084980008847554,12.084980008847554,12.020344734191896,12.020344734191896,8400,2007,8,34,Thursday,12.0527,12.068825721740724,-0.4,0.13,-0.4,-0.4,0.4,11.9481,11.8274,11.7068,11.5861,11.4654,11.3447,11.224,11.1033,10.9826,10.8619,10.7413,10.6206,10.4999,10.3792,10.2585,10.1378,9.8964,9.7757,9.6551,9.5344,9.4137,9.293,9.1723,9.0516,0,0.0,False,False,False,False,False,False,False,False,False,False,False,False,False,False,False,False,False,False,False,False,False,False,False,False
SPLG,2007-08-24 04:00:00+00:00,12.119095454208466,12.19450283050537,12.119095454208466,12.194502830505373,17600,2007,8,34,Friday,12.1568,12.020344734191896,1.45,0.82,0.82,1.45,-0.82,11.9001,11.7799,11.6597,11.5395,11.4193,11.2991,11.1789,11.0587,10.9385,10.8183,10.6981,10.5779,10.4577,10.3375,10.2173,10.0971,9.8567,9.7365,9.6163,9.4961,9.3759,9.2557,9.1355,9.0153,0,0.0,False,False,False,False,False,False,False,False,False,False,False,False,False,False,False,False,False,False,False,False,False,False,False,False
SPLG,2007-08-27 04:00:00+00:00,12.122684478759766,12.122684478759766,12.122684478759766,12.122684478759766,2000,2007,8,35,Monday,12.1227,12.194502830505373,-0.59,-0.59,-0.59,-0.59,0.59,12.0726,11.9506,11.8287,11.7067,11.5848,11.4628,11.3409,11.2189,11.097,10.9751,10.8531,10.7312,10.6092,10.4873,10.3653,10.2434,9.9995,9.8775,9.7556,9.6337,9.5117,9.3898,9.2678,9.1459,0,0.0,False,False,False,False,False,False,False,False,False,False,False,False,False,False,False,False,False,False,False,False,False,False,False,False
SPLG,2007-08-28 04:00:00+00:00,12.002394676208496,12.002394676208496,12.002394676208496,12.002394676208496,400,2007,8,35,Tuesday,12.0024,12.122684478759766,-0.99,-0.99,-0.99,-0.99,0.99,12.0015,11.8802,11.759,11.6378,11.5166,11.3953,11.2741,11.1529,11.0316,10.9104,10.7892,10.668,10.5467,10.4255,10.3043,10.1831,9.9406,9.8194,9.6981,9.5769,9.4557,9.3345,9.2132,9.092,0,0.0,False,False,False,False,False,False,False,False,False,False,False,False,False,False,False,False,False,False,False,False,False,False,False,False
SPLG,2007-08-29 04:00:00+00:00,11.880303382873535,11.880303382873535,11.880303382873535,11.880303382873535,400,2007,8,35,Wednesday,11.8803,12.002394676208496,-1.02,-1.02,-1.02,-1.02,1.02,11.8824,11.7623,11.6423,11.5223,11.4023,11.2823,11.1622,11.0422,10.9222,10.8022,10.6821,10.5621,10.4421,10.3221,10.202,10.082,9.842,9.7219,9.6019,9.4819,9.3619,9.2418,9.1218,9.0018,1,11.8824,True,False,False,False,False,False,False,False,False,False,False,False,False,False,False,False,False,False,False,False,False,False,False,False
SPLG,2007-08-30 04:00:00+00:00,12.093958854675291,12.093958854675291,12.093958854675291,12.093958854675291,1600,2007,8,35,Thursday,12.094,11.880303382873535,1.8,1.8,1.8,1.8,-1.8,11.7615,11.6427,11.5239,11.4051,11.2863,11.1675,11.0487,10.9299,10.8111,10.6923,10.5735,10.4547,10.3359,10.2171,10.0983,9.9795,9.7418,9.623,9.5042,9.3854,9.2666,9.1478,9.029,8.9102,0,0.0,False,False,False,False,False,False,False,False,False,False,False,False,False,False,False,False,False,False,False,False,False,False,False,False
SPLG,2007-08-31 04:00:00+00:00,12.093958854675291,12.093958854675291,12.093958854675291,12.093958854675291,0,2007,8,35,Friday,12.094,12.093958854675291,0.0,0.0,0.0,0.0,0.0,11.973,11.8521,11.7311,11.6102,11.4893,11.3683,11.2474,11.1264,11.0055,10.8846,10.7636,10.6427,10.5217,10.4008,10.2799,10.1589,9.917,9.7961,9.6752,9.5542,9.4333,9.3123,9.1914,9.0705,0,0.0,False,False,False,False,False,False,False,False,False,False,False,False,False,False,False,False,False,False,False,False,False,False,False,False
SPLG,2007-09-04 04:00:00+00:00,12.27170467376709,12.27170467376709,12.27170467376709,12.27170467376709,400,2007,9,36,Tuesday,12.2717,12.093958854675291,1.47,1.47,1.47,1.47,-1.47,11.973,11.8521,11.7311,11.6102,11.4893,11.3683,11.2474,11.1264,11.0055,10.8846,10.7636,10.6427,10.5217,10.4008,10.2799,10.1589,9.917,9.7961,9.6752,9.5542,9.4333,9.3123,9.1914,9.0705,0,0.0,False,False,False,False,False,False,False,False,False,False,False,False,False,False,False,False,False,False,False,False,False,False,False,False
SPLG,2007-09-05 04:00:00+00:00,12.162187576293944,12.162187576293944,12.162187576293944,12.162187576293944,6000,2007,9,36,Wednesday,12.1622,12.27170467376709,-0.89,-0.89,-0.89,-0.89,0.89,12.149,12.0263,11.9036,11.7808,11.6581,11.5354,11.4127,11.29,11.1673,11.0445,10.9218,10.7991,10.6764,10.5537,10.4309,10.3082,10.0628,9.9401,9.8174,9.6946,9.5719,9.4492,9.3265,9.2038,0,0.0,False,False,False,False,False,False,False,False,False,False,False,False,False,False,False,False,False,False,False,False,False,False,False,False
SPLG,2007-09-06 04:00:00+00:00,12.219639398481926,12.219639398481926,12.21784496307373,12.21784496307373,20000,2007,9,36,Thursday,12.2187,12.162187576293944,0.46,0.47,0.46,0.46,-0.46,12.0406,11.9189,11.7973,11.6757,11.5541,11.4325,11.3108,11.1892,11.0676,10.946,10.8243,10.7027,10.5811,10.4595,10.3379,10.2162,9.973,9.8514,9.7298,9.6081,9.4865,9.3649,9.2433,9.1216,0,0.0,False,False,False,False,False,False,False,False,False,False,False,False,False,False,False,False,False,False,False,False,False,False,False,False
SPLG,2007-09-07 04:00:00+00:00,12.052666969263068,12.086780424399546,12.04369068145752,12.04369068145752,30800,2007,9,36,Friday,12.0567,12.21784496307373,-1.43,-1.35,-1.43,-1.43,1.43,12.0957,11.9735,11.8513,11.7291,11.607,11.4848,11.3626,11.2404,11.1182,10.9961,10.8739,10.7517,10.6295,10.5073,10.3852,10.263,10.0186,9.8965,9.7743,9.6521,9.5299,9.4077,9.2856,9.1634,1,12.0957,True,False,False,False,False,False,False,False,False,False,False,False,False,False,False,False,False,False,False,False,False,False,False,False
SPLG,2007-09-10 04:00:00+00:00,11.91083129939478,12.05626144227003,11.91083129939478,11.995216369628906,28800,2007,9,37,Monday,11.9683,12.04369068145752,-0.4,-1.1,-1.1,-0.4,1.1,11.9233,11.8028,11.6824,11.5619,11.4415,11.3211,11.2006,11.0802,10.9598,10.8393,10.7189,10.5984,10.478,10.3576,10.2371,10.1167,9.8758,9.7554,9.635,9.5145,9.3941,9.2736,9.1532,9.0328,1,11.9233,True,False,False,False,False,False,False,False,False,False,False,False,False,False,False,False,False,False,False,False,False,False,False,False
SPLG,2007-09-11 04:00:00+00:00,12.084985048256245,12.092166900634764,12.084985048256245,12.092166900634766,13600,2007,9,37,Tuesday,12.0886,11.995216369628906,0.81,0.75,0.75,0.81,-0.75,11.8753,11.7553,11.6354,11.5154,11.3955,11.2755,11.1556,11.0356,10.9156,10.7957,10.6757,10.5558,10.4358,10.3159,10.1959,10.076,9.8361,9.7161,9.5962,9.4762,9.3563,9.2363,9.1164,8.9964,0,0.0,False,False,False,False,False,False,False,False,False,False,False,False,False,False,False,False,False,False,False,False,False,False,False,False
SPLG,2007-09-12 04:00:00+00:00,12.092166900634764,12.092166900634764,12.092166900634764,12.092166900634766,0,2007,9,37,Wednesday,12.0922,12.092166900634766,0.0,-0.0,-0.0,0.0,0.0,11.9712,11.8503,11.7294,11.6085,11.4876,11.3666,11.2457,11.1248,11.0039,10.883,10.762,10.6411,10.5202,10.3993,10.2783,10.1574,9.9156,9.7947,9.6737,9.5528,9.4319,9.311,9.19,9.0691,0,0.0,False,False,False,False,False,False,False,False,False,False,False,False,False,False,False,False,False,False,False,False,False,False,False,False
SPLG,2007-09-13 04:00:00+00:00,12.225029451618203,12.257347106933594,12.225029451618203,12.257347106933594,17600,2007,9,37,Thursday,12.2412,12.092166900634766,1.37,1.1,1.1,1.37,-1.1,11.9712,11.8503,11.7294,11.6085,11.4876,11.3666,11.2457,11.1248,11.0039,10.883,10.762,10.6411,10.5202,10.3993,10.2783,10.1574,9.9156,9.7947,9.6737,9.5528,9.4319,9.311,9.19,9.0691,0,0.0,False,False,False,False,False,False,False,False,False,False,False,False,False,False,False,False,False,False,False,False,False,False,False,False
SPLG,2007-09-14 04:00:00+00:00,12.241188049316406,12.241188049316406,12.241188049316406,12.241188049316406,12000,2007,9,37,Friday,12.2412,12.257347106933594,-0.13,-0.13,-0.13,-0.13,0.13,12.1348,12.0122,11.8896,11.7671,11.6445,11.5219,11.3993,11.2768,11.1542,11.0316,10.909,10.7865,10.6639,10.5413,10.4187,10.2962,10.051,9.9285,9.8059,9.6833,9.5607,9.4382,9.3156,9.193,0,0.0,False,False,False,False,False,False,False,False,False,False,False,False,False,False,False,False,False,False,False,False,False,False,False,False
SPLG,2007-09-17 04:00:00+00:00,12.190909385681152,12.190909385681152,12.190909385681152,12.190909385681152,16000,2007,9,38,Monday,12.1909,12.241188049316406,-0.41,-0.41,-0.41,-0.41,0.41,12.1188,11.9964,11.874,11.7515,11.6291,11.5067,11.3843,11.2619,11.1395,11.0171,10.8947,10.7722,10.6498,10.5274,10.405,10.2826,10.0378,9.9154,9.793,9.6705,9.5481,9.4257,9.3033,9.1809,0,0.0,False,False,False,False,False,False,False,False,False,False,False,False,False,False,False,False,False,False,False,False,False,False,False,False
SPLG,2007-09-18 04:00:00+00:00,12.289665828228635,12.5230712890625,12.289665828228635,12.5230712890625,28400,2007,9,38,Tuesday,12.4064,12.190909385681152,2.72,0.81,0.81,2.72,-0.81,12.069,11.9471,11.8252,11.7033,11.5814,11.4595,11.3375,11.2156,11.0937,10.9718,10.8499,10.728,10.6061,10.4842,10.3623,10.2404,9.9965,9.8746,9.7527,9.6308,9.5089,9.387,9.2651,9.1432,0,0.0,False,False,False,False,False,False,False,False,False,False,False,False,False,False,False,False,False,False,False,False,False,False,False,False
SPLG,2007-09-19 04:00:00+00:00,12.641558647155762,12.641558647155762,12.641558647155762,12.641558647155762,2800,2007,9,38,Wednesday,12.6416,12.5230712890625,0.95,0.95,0.95,0.95,-0.95,12.3978,12.2726,12.1474,12.0221,11.8969,11.7717,11.6465,11.5212,11.396,11.2708,11.1455,11.0203,10.8951,10.7698,10.6446,10.5194,10.2689,10.1437,10.0185,9.8932,9.768,9.6428,9.5175,9.3923,0,0.0,False,False,False,False,False,False,False,False,False,False,False,False,False,False,False,False,False,False,False,False,False,False,False,False
SPLG,2007-09-20 04:00:00+00:00,12.62899752087656,12.62899752087656,12.55897617340088,12.55897617340088,15200,2007,9,38,Thursday,12.594,12.641558647155762,-0.65,-0.1,-0.65,-0.65,0.65,12.5151,12.3887,12.2623,12.1359,12.0095,11.8831,11.7566,11.6302,11.5038,11.3774,11.251,11.1246,10.9982,10.8717,10.7453,10.6189,10.3661,10.2397,10.1132,9.9868,9.8604,9.734,9.6076,9.4812,0,0.0,False,False,False,False,False,False,False,False,False,False,False,False,False,False,False,False,False,False,False,False,False,False,False,False
SPLG,2007-09-21 04:00:00+00:00,12.583495140075684,12.583495140075684,12.583495140075684,12.583495140075684,2000,2007,9,38,Friday,12.5835,12.55897617340088,0.2,0.2,0.2,0.2,-0.2,12.4334,12.3078,12.1822,12.0566,11.931,11.8054,11.6798,11.5543,11.4287,11.3031,11.1775,11.0519,10.9263,10.8007,10.6751,10.5495,10.2984,10.1728,10.0472,9.9216,9.796,9.6704,9.5448,9.4192,0,0.0,False,False,False,False,False,False,False,False,False,False,False,False,False,False,False,False,False,False,False,False,False,False,False,False
SPLG,2007-09-24 04:00:00+00:00,12.606931686401367,12.606931686401367,12.606931686401367,12.606931686401367,14000,2007,9,39,Monday,12.6069,12.583495140075684,0.19,0.19,0.19,0.19,-0.19,12.4577,12.3318,12.206,12.0802,11.9543,11.8285,11.7027,11.5768,11.451,11.3251,11.1993,11.0735,10.9476,10.8218,10.696,10.5701,10.3185,10.1926,10.0668,9.941,9.8151,9.6893,9.5635,9.4376,0,0.0,False,False,False,False,False,False,False,False,False,False,False,False,False,False,False,False,False,False,False,False,False,False,False,False
SPLG,2007-09-25 04:00:00+00:00,12.459096809206349,12.52940559387207,12.459096809206349,12.52940559387207,22800,2007,9,39,Tuesday,12.4943,12.606931686401367,-0.61,-1.17,-1.17,-0.61,1.17,12.4809,12.3548,12.2287,12.1027,11.9766,11.8505,11.7244,11.5984,11.4723,11.3462,11.2202,11.0941,10.968,10.842,10.7159,10.5898,10.3377,10.2116,10.0855,9.9595,9.8334,9.7073,9.5813,9.4552,1,12.4809,True,False,False,False,False,False,False,False,False,False,False,False,False,False,False,False,False,False,False,False,False,False,False,False
SPLG,2007-09-26 04:00:00+00:00,12.599717264928609,12.599717264928609,12.579886436462402,12.579886436462402,29600,2007,9,39,Wednesday,12.5898,12.52940559387207,0.4,0.56,0.4,0.4,-0.4,12.4041,12.2788,12.1535,12.0282,11.9029,11.7776,11.6523,11.5271,11.4018,11.2765,11.1512,11.0259,10.9006,10.7753,10.65,10.5247,10.2741,10.1488,10.0235,9.8982,9.7729,9.6476,9.5223,9.3971,0,0.0,False,False,False,False,False,False,False,False,False,False,False,False,False,False,False,False,False,False,False,False,False,False,False,False
SPLG,2007-09-27 04:00:00+00:00,12.579886436462402,12.579886436462402,12.579886436462402,12.579886436462402,0,2007,9,39,Thursday,12.5799,12.579886436462402,0.0,0.0,0.0,0.0,0.0,12.4541,12.3283,12.2025,12.0767,11.9509,11.8251,11.6993,11.5735,11.4477,11.3219,11.1961,11.0703,10.9445,10.8187,10.6929,10.5671,10.3155,10.1897,10.0639,9.9381,9.8123,9.6865,9.5607,9.4349,0,0.0,False,False,False,False,False,False,False,False,False,False,False,False,False,False,False,False,False,False,False,False,False,False,False,False
SPLG,2007-09-28 04:00:00+00:00,12.612338066101074,12.612338066101074,12.612338066101074,12.612338066101074,800,2007,9,39,Friday,12.6123,12.579886436462402,0.26,0.26,0.26,0.26,-0.26,12.4541,12.3283,12.2025,12.0767,11.9509,11.8251,11.6993,11.5735,11.4477,11.3219,11.1961,11.0703,10.9445,10.8187,10.6929,10.5671,10.3155,10.1897,10.0639,9.9381,9.8123,9.6865,9.5607,9.4349,0,0.0,False,False,False,False,False,False,False,False,False,False,False,False,False,False,False,False,False,False,False,False,False,False,False,False
SPLG,2007-10-01 04:00:00+00:00,12.612338066101074,12.612338066101074,12.612338066101074,12.612338066101074,0,2007,10,40,Monday,12.6123,12.612338066101074,0.0,0.0,0.0,0.0,0.0,12.4862,12.3601,12.234,12.1078,11.9817,11.8556,11.7295,11.6034,11.4772,11.3511,11.225,11.0989,10.9727,10.8466,10.7205,10.5944,10.3421,10.216,10.0899,9.9637,9.8376,9.7115,9.5854,9.4593,0,0.0,False,False,False,False,False,False,False,False,False,False,False,False,False,False,False,False,False,False,False,False,False,False,False,False
SPLG,2007-10-02 04:00:00+00:00,12.612338066101074,12.612338066101074,12.612338066101074,12.612338066101074,0,2007,10,40,Tuesday,12.6123,12.612338066101074,0.0,0.0,0.0,0.0,0.0,12.4862,12.3601,12.234,12.1078,11.9817,11.8556,11.7295,11.6034,11.4772,11.3511,11.225,11.0989,10.9727,10.8466,10.7205,10.5944,10.3421,10.216,10.0899,9.9637,9.8376,9.7115,9.5854,9.4593,0,0.0,False,False,False,False,False,False,False,False,False,False,False,False,False,False,False,False,False,False,False,False,False,False,False,False
SPLG,2007-10-03 04:00:00+00:00,12.769187854987186,12.769187854987186,12.722314834594728,12.722314834594728,2000,2007,10,40,Wednesday,12.7458,12.612338066101074,0.87,1.24,0.87,0.87,-0.87,12.4862,12.3601,12.234,12.1078,11.9817,11.8556,11.7295,11.6034,11.4772,11.3511,11.225,11.0989,10.9727,10.8466,10.7205,10.5944,10.3421,10.216,10.0899,9.9637,9.8376,9.7115,9.5854,9.4593,0,0.0,False,False,False,False,False,False,False,False,False,False,False,False,False,False,False,False,False,False,False,False,False,False,False,False
SPLG,2007-10-04 04:00:00+00:00,12.72591123776902,12.756559754723504,12.722306258056337,12.74754524230957,27200,2007,10,40,Thursday,12.7381,12.722314834594728,0.2,0.03,-0.0,0.2,0.0,12.5951,12.4679,12.3406,12.2134,12.0862,11.959,11.8318,11.7045,11.5773,11.4501,11.3229,11.1956,11.0684,10.9412,10.814,10.6867,10.4323,10.3051,10.1779,10.0506,9.9234,9.7962,9.669,9.5417,0,0.0,False,False,False,False,False,False,False,False,False,False,False,False,False,False,False,False,False,False,False,False,False,False,False,False
SPLG,2007-10-05 04:00:00+00:00,12.7998273069132,12.931431770324709,12.7998273069132,12.931431770324709,50000,2007,10,40,Friday,12.8656,12.74754524230957,1.44,0.41,0.41,1.44,-0.41,12.6201,12.4926,12.3651,12.2376,12.1102,11.9827,11.8552,11.7277,11.6003,11.4728,11.3453,11.2178,11.0904,10.9629,10.8354,10.7079,10.453,10.3255,10.198,10.0706,9.9431,9.8156,9.6881,9.5607,0,0.0,False,False,False,False,False,False,False,False,False,False,False,False,False,False,False,False,False,False,False,False,False,False,False,False
SPLG,2007-10-08 04:00:00+00:00,12.857515335083008,12.857515335083008,12.857515335083008,12.857515335083008,800,2007,10,41,Monday,12.8575,12.931431770324709,-0.57,-0.57,-0.57,-0.57,0.57,12.8021,12.6728,12.5435,12.4142,12.2849,12.1555,12.0262,11.8969,11.7676,11.6383,11.509,11.3797,11.2503,11.121,10.9917,10.8624,10.6038,10.4745,10.3451,10.2158,10.0865,9.9572,9.8279,9.6986,0,0.0,False,False,False,False,False,False,False,False,False,False,False,False,False,False,False,False,False,False,False,False,False,False,False,False
SPLG,2007-10-09 04:00:00+00:00,12.870140075683594,12.870140075683594,12.870140075683594,12.870140075683594,12000,2007,10,41,Tuesday,12.8701,12.857515335083008,0.1,0.1,0.1,0.1,-0.1,12.7289,12.6004,12.4718,12.3432,12.2146,12.0861,11.9575,11.8289,11.7003,11.5718,11.4432,11.3146,11.186,11.0575,10.9289,10.8003,10.5432,10.4146,10.286,10.1574,10.0289,9.9003,9.7717,9.6431,0,0.0,False,False,False,False,False,False,False,False,False,False,False,False,False,False,False,False,False,False,False,False,False,False,False,False
SPLG,2007-10-10 04:00:00+00:00,12.94224739074707,12.94224739074707,12.94224739074707,12.94224739074707,400,2007,10,41,Wednesday,12.9422,12.870140075683594,0.56,0.56,0.56,0.56,-0.56,12.7414,12.6127,12.484,12.3553,12.2266,12.0979,11.9692,11.8405,11.7118,11.5831,11.4544,11.3257,11.197,11.0683,10.9396,10.8109,10.5535,10.4248,10.2961,10.1674,10.0387,9.91,9.7813,9.6526,0,0.0,False,False,False,False,False,False,False,False,False,False,False,False,False,False,False,False,False,False,False,False,False,False,False,False
SPLG,2007-10-11 04:00:00+00:00,12.93323433088814,12.936840686492546,12.837686538696287,12.837686538696287,14400,2007,10,41,Thursday,12.8864,12.94224739074707,-0.81,-0.07,-0.81,-0.81,0.81,12.8128,12.6834,12.554,12.4246,12.2951,12.1657,12.0363,11.9069,11.7774,11.648,11.5186,11.3892,11.2598,11.1303,11.0009,10.8715,10.6126,10.4832,10.3538,10.2244,10.095,9.9655,9.8361,9.7067,0,0.0,False,False,False,False,False,False,False,False,False,False,False,False,False,False,False,False,False,False,False,False,False,False,False,False
SPLG,2007-10-12 04:00:00+00:00,12.907989501953123,12.907989501953123,12.907989501953123,12.907989501953123,800,2007,10,41,Friday,12.908,12.837686538696287,0.55,0.55,0.55,0.55,-0.55,12.7093,12.5809,12.4526,12.3242,12.1958,12.0674,11.939,11.8107,11.6823,11.5539,11.4255,11.2972,11.1688,11.0404,10.912,10.7837,10.5269,10.3985,10.2701,10.1418,10.0134,9.885,9.7566,9.6283,0,0.0,False,False,False,False,False,False,False,False,False,False,False,False,False,False,False,False,False,False,False,False,False,False,False,False
SPLG,2007-10-15 04:00:00+00:00,12.971090391193414,12.971090391193414,12.79982566833496,12.79982566833496,12800,2007,10,42,Monday,12.8855,12.907989501953123,-0.84,0.49,-0.84,-0.84,0.84,12.7789,12.6498,12.5207,12.3917,12.2626,12.1335,12.0044,11.8754,11.7463,11.6172,11.4881,11.359,11.23,11.1009,10.9718,10.8427,10.5846,10.4555,10.3264,10.1973,10.0682,9.9392,9.8101,9.681,0,0.0,False,False,False,False,False,False,False,False,False,False,False,False,False,False,False,False,False,False,False,False,False,False,False,False
SPLG,2007-10-16 04:00:00+00:00,12.799823146549477,12.799823146549477,12.781795501708984,12.781795501708984,3200,2007,10,42,Tuesday,12.7908,12.79982566833496,-0.14,-0.0,-0.14,-0.14,0.14,12.6718,12.5438,12.4158,12.2878,12.1598,12.0318,11.9038,11.7758,11.6478,11.5198,11.3918,11.2638,11.1358,11.0079,10.8799,10.7519,10.4959,10.3679,10.2399,10.1119,9.9839,9.8559,9.7279,9.5999,0,0.0,False,False,False,False,False,False,False,False,False,False,False,False,False,False,False,False,False,False,False,False,False,False,False,False
SPLG,2007-10-17 04:00:00+00:00,12.781795501708984,12.781795501708984,12.781795501708984,12.781795501708984,0,2007,10,42,Wednesday,12.7818,12.781795501708984,0.0,0.0,0.0,0.0,0.0,12.654,12.5262,12.3983,12.2705,12.1427,12.0149,11.8871,11.7593,11.6314,11.5036,11.3758,11.248,11.1202,10.9923,10.8645,10.7367,10.4811,10.3533,10.2254,10.0976,9.9698,9.842,9.7142,9.5863,0,0.0,False,False,False,False,False,False,False,False,False,False,False,False,False,False,False,False,False,False,False,False,False,False,False,False
SPLG,2007-10-18 04:00:00+00:00,12.73672866821289,12.73672866821289,12.73672866821289,12.73672866821289,400,2007,10,42,Thursday,12.7367,12.781795501708984,-0.35,-0.35,-0.35,-0.35,0.35,12.654,12.5262,12.3983,12.2705,12.1427,12.0149,11.8871,11.7593,11.6314,11.5036,11.3758,11.248,11.1202,10.9923,10.8645,10.7367,10.4811,10.3533,10.2254,10.0976,9.9698,9.842,9.7142,9.5863,0,0.0,False,False,False,False,False,False,False,False,False,False,False,False,False,False,False,False,False,False,False,False,False,False,False,False
SPLG,2007-10-19 04:00:00+00:00,12.498759897087142,12.498759897087142,12.45008373260498,12.45008373260498,1200,2007,10,42,Friday,12.4744,12.73672866821289,-2.25,-1.87,-2.25,-2.25,2.25,12.6094,12.482,12.3546,12.2273,12.0999,11.9725,11.8452,11.7178,11.5904,11.4631,11.3357,11.2083,11.081,10.9536,10.8262,10.6989,10.4441,10.3168,10.1894,10.062,9.9346,9.8073,9.6799,9.5525,2,25.0914,True,True,False,False,False,False,False,False,False,False,False,False,False,False,False,False,False,False,False,False,False,False,False,False
SPLG,2007-10-22 04:00:00+00:00,12.39419973342774,12.50236701965332,12.385185219816575,12.50236701965332,10000,2007,10,43,Monday,12.446,12.45008373260498,0.42,-0.45,-0.52,0.42,0.52,12.3256,12.2011,12.0766,11.9521,11.8276,11.7031,11.5786,11.4541,11.3296,11.2051,11.0806,10.9561,10.8316,10.7071,10.5826,10.4581,10.2091,10.0846,9.9601,9.8356,9.7111,9.5866,9.4621,9.3376,0,0.0,False,False,False,False,False,False,False,False,False,False,False,False,False,False,False,False,False,False,False,False,False,False,False,False
SPLG,2007-10-23 04:00:00+00:00,12.572675704956056,12.572675704956056,12.572675704956056,12.572675704956056,20000,2007,10,43,Tuesday,12.5727,12.50236701965332,0.56,0.56,0.56,0.56,-0.56,12.3773,12.2523,12.1273,12.0023,11.8772,11.7522,11.6272,11.5022,11.3772,11.2521,11.1271,11.0021,10.8771,10.752,10.627,10.502,10.2519,10.1269,10.0019,9.8769,9.7518,9.6268,9.5018,9.3768,0,0.0,False,False,False,False,False,False,False,False,False,False,False,False,False,False,False,False,False,False,False,False,False,False,False,False
SPLG,2007-10-24 04:00:00+00:00,12.560057125242963,12.560057125242963,12.40682001211083,12.538424491882324,117600,2007,10,43,Wednesday,12.5163,12.572675704956056,-0.27,-0.1,-1.32,-0.27,1.32,12.4469,12.3212,12.1955,12.0698,11.944,11.8183,11.6926,11.5669,11.4411,11.3154,11.1897,11.064,10.9382,10.8125,10.6868,10.561,10.3096,10.1839,10.0581,9.9324,9.8067,9.681,9.5552,9.4295,1,12.4469,True,False,False,False,False,False,False,False,False,False,False,False,False,False,False,False,False,False,False,False,False,False,False,False
SPLG,2007-10-25 04:00:00+00:00,12.583491357191292,12.583491357191292,12.529407035645832,12.567265510559082,66800,2007,10,43,Thursday,12.5659,12.538424491882324,0.23,0.36,-0.07,0.23,0.07,12.413,12.2877,12.1623,12.0369,11.9115,11.7861,11.6607,11.5354,11.41,11.2846,11.1592,11.0338,10.9084,10.783,10.6577,10.5323,10.2815,10.1561,10.0307,9.9054,9.78,9.6546,9.5292,9.4038,0,0.0,False,False,False,False,False,False,False,False,False,False,False,False,False,False,False,False,False,False,False,False,False,False,False,False
SPLG,2007-10-26 04:00:00+00:00,12.713293075561523,12.713293075561523,12.713293075561523,12.713293075561523,1600,2007,10,43,Friday,12.7133,12.567265510559082,1.16,1.16,1.16,1.16,-1.16,12.4416,12.3159,12.1902,12.0646,11.9389,11.8132,11.6876,11.5619,11.4362,11.3105,11.1849,11.0592,10.9335,10.8078,10.6822,10.5565,10.3052,10.1795,10.0538,9.9281,9.8025,9.6768,9.5511,9.4254,0,0.0,False,False,False,False,False,False,False,False,False,False,False,False,False,False,False,False,False,False,False,False,False,False,False,False
SPLG,2007-10-29 04:00:00+00:00,12.767372835668136,12.781795501708984,12.767372835668136,12.781795501708984,12400,2007,10,44,Monday,12.7746,12.713293075561523,0.54,0.43,0.43,0.54,-0.43,12.5862,12.459,12.3319,12.2048,12.0776,11.9505,11.8234,11.6962,11.5691,11.442,11.3148,11.1877,11.0606,10.9334,10.8063,10.6792,10.4249,10.2978,10.1706,10.0435,9.9164,9.7892,9.6621,9.535,0,0.0,False,False,False,False,False,False,False,False,False,False,False,False,False,False,False,False,False,False,False,False,False,False,False,False
SPLG,2007-10-30 04:00:00+00:00,12.733127906110765,12.733127906110765,12.73132610321045,12.73132610321045,2000,2007,10,44,Tuesday,12.7322,12.781795501708984,-0.39,-0.38,-0.39,-0.39,0.39,12.654,12.5262,12.3983,12.2705,12.1427,12.0149,11.8871,11.7593,11.6314,11.5036,11.3758,11.248,11.1202,10.9923,10.8645,10.7367,10.4811,10.3533,10.2254,10.0976,9.9698,9.842,9.7142,9.5863,0,0.0,False,False,False,False,False,False,False,False,False,False,False,False,False,False,False,False,False,False,False,False,False,False,False,False
SPLG,2007-10-31 04:00:00+00:00,12.73132610321045,12.73132610321045,12.73132610321045,12.73132610321045,0,2007,10,44,Wednesday,12.7313,12.73132610321045,0.0,0.0,0.0,0.0,0.0,12.604,12.4767,12.3494,12.2221,12.0948,11.9674,11.8401,11.7128,11.5855,11.4582,11.3309,11.2036,11.0763,10.9489,10.8216,10.6943,10.4397,10.3124,10.1851,10.0577,9.9304,9.8031,9.6758,9.5485,0,0.0,False,False,False,False,False,False,False,False,False,False,False,False,False,False,False,False,False,False,False,False,False,False,False,False
SPLG,2007-11-01 04:00:00+00:00,12.653804602061426,12.653804602061426,12.534819602966309,12.534819602966309,5600,2007,11,44,Thursday,12.5943,12.73132610321045,-1.54,-0.61,-1.54,-1.54,1.54,12.604,12.4767,12.3494,12.2221,12.0948,11.9674,11.8401,11.7128,11.5855,11.4582,11.3309,11.2036,11.0763,10.9489,10.8216,10.6943,10.4397,10.3124,10.1851,10.0577,9.9304,9.8031,9.6758,9.5485,1,12.604,True,False,False,False,False,False,False,False,False,False,False,False,False,False,False,False,False,False,False,False,False,False,False,False
SPLG,2007-11-02 04:00:00+00:00,12.50236806703321,12.549241065979004,12.50236806703321,12.549241065979004,2800,2007,11,44,Friday,12.5258,12.534819602966309,0.12,-0.26,-0.26,0.12,0.26,12.4095,12.2841,12.1588,12.0334,11.9081,11.7827,11.6574,11.532,11.4067,11.2813,11.156,11.0306,10.9053,10.7799,10.6546,10.5292,10.2786,10.1532,10.0279,9.9025,9.7772,9.6518,9.5265,9.4011,0,0.0,False,False,False,False,False,False,False,False,False,False,False,False,False,False,False,False,False,False,False,False,False,False,False,False
SPLG,2007-11-05 05:00:00+00:00,12.444674491882324,12.444674491882324,12.444674491882324,12.444674491882324,400,2007,11,45,Monday,12.4447,12.549241065979004,-0.83,-0.83,-0.83,-0.83,0.83,12.4237,12.2983,12.1728,12.0473,11.9218,11.7963,11.6708,11.5453,11.4198,11.2943,11.1688,11.0433,10.9178,10.7923,10.6669,10.5414,10.2904,10.1649,10.0394,9.9139,9.7884,9.6629,9.5374,9.4119,0,0.0,False,False,False,False,False,False,False,False,False,False,False,False,False,False,False,False,False,False,False,False,False,False,False,False
SPLG,2007-11-06 05:00:00+00:00,12.511378630283764,12.511378630283764,12.493350982666016,12.493350982666016,3600,2007,11,45,Tuesday,12.5024,12.444674491882324,0.39,0.54,0.39,0.39,-0.39,12.3202,12.1958,12.0713,11.9469,11.8224,11.698,11.5735,11.4491,11.3247,11.2002,11.0758,10.9513,10.8269,10.7024,10.578,10.4535,10.2046,10.0802,9.9557,9.8313,9.7068,9.5824,9.458,9.3335,0,0.0,False,False,False,False,False,False,False,False,False,False,False,False,False,False,False,False,False,False,False,False,False,False,False,False
SPLG,2007-11-07 05:00:00+00:00,12.50236971697042,12.50236971697042,12.282428741455078,12.282428741455078,41600,2007,11,45,Wednesday,12.3924,12.493350982666016,-1.69,0.07,-1.69,-1.69,1.69,12.3684,12.2435,12.1186,11.9936,11.8687,11.7437,11.6188,11.4939,11.3689,11.244,11.1191,10.9941,10.8692,10.7443,10.6193,10.4944,10.2445,10.1196,9.9947,9.8697,9.7448,9.6199,9.4949,9.37,1,12.3684,True,False,False,False,False,False,False,False,False,False,False,False,False,False,False,False,False,False,False,False,False,False,False,False
SPLG,2007-11-08 05:00:00+00:00,12.286033183270227,12.286033183270227,12.12738653690781,12.18147087097168,8400,2007,11,45,Thursday,12.2202,12.282428741455078,-0.82,0.03,-1.26,-0.82,1.26,12.1596,12.0368,11.914,11.7911,11.6683,11.5455,11.4227,11.2998,11.177,11.0542,10.9314,10.8085,10.6857,10.5629,10.4401,10.3172,10.0716,9.9488,9.8259,9.7031,9.5803,9.4575,9.3346,9.2118,1,12.1596,True,False,False,False,False,False,False,False,False,False,False,False,False,False,False,False,False,False,False,False,False,False,False,False
SPLG,2007-11-09 05:00:00+00:00,12.248171364918129,12.248171364918129,12.2445650100708,12.2445650100708,3200,2007,11,45,Friday,12.2464,12.18147087097168,0.52,0.55,0.52,0.52,-0.52,12.0597,11.9378,11.816,11.6942,11.5724,11.4506,11.3288,11.207,11.0851,10.9633,10.8415,10.7197,10.5979,10.4761,10.3543,10.2324,9.9888,9.867,9.7452,9.6234,9.5015,9.3797,9.2579,9.1361,0,0.0,False,False,False,False,False,False,False,False,False,False,False,False,False,False,False,False,False,False,False,False,False,False,False,False
SPLG,2007-11-12 05:00:00+00:00,12.06068449407641,12.071500811088512,11.95431900024414,11.95431900024414,26400,2007,11,46,Monday,12.0102,12.2445650100708,-2.37,-1.5,-2.37,-2.37,2.37,12.1221,11.9997,11.8772,11.7548,11.6323,11.5099,11.3874,11.265,11.1426,11.0201,10.8977,10.7752,10.6528,10.5303,10.4079,10.2854,10.0405,9.9181,9.7957,9.6732,9.5508,9.4283,9.3059,9.1834,2,24.1218,True,True,False,False,False,False,False,False,False,False,False,False,False,False,False,False,False,False,False,False,False,False,False,False
SPLG,2007-11-13 05:00:00+00:00,12.100346438157034,12.24637222290039,12.100346438157034,12.24637222290039,9600,2007,11,46,Tuesday,12.1734,11.95431900024414,2.44,1.22,1.22,2.44,-1.22,11.8348,11.7152,11.5957,11.4761,11.3566,11.2371,11.1175,10.998,10.8784,10.7589,10.6393,10.5198,10.4003,10.2807,10.1612,10.0416,9.8025,9.683,9.5635,9.4439,9.3244,9.2048,9.0853,8.9657,0,0.0,False,False,False,False,False,False,False,False,False,False,False,False,False,False,False,False,False,False,False,False,False,False,False,False
SPLG,2007-11-14 05:00:00+00:00,12.258990287780762,12.258990287780762,12.258990287780762,12.258990287780762,400,2007,11,46,Wednesday,12.259,12.24637222290039,0.1,0.1,0.1,0.1,-0.1,12.1239,12.0014,11.879,11.7565,11.6341,11.5116,11.3891,11.2667,11.1442,11.0217,10.8993,10.7768,10.6543,10.5319,10.4094,10.287,10.042,9.9196,9.7971,9.6746,9.5522,9.4297,9.3072,9.1848,0,0.0,False,False,False,False,False,False,False,False,False,False,False,False,False,False,False,False,False,False,False,False,False,False,False,False
SPLG,2007-11-15 05:00:00+00:00,12.222934897550443,12.222934897550443,12.01921844482422,12.01921844482422,6800,2007,11,46,Thursday,12.1211,12.258990287780762,-1.96,-0.29,-1.96,-1.96,1.96,12.1364,12.0138,11.8912,11.7686,11.646,11.5235,11.4009,11.2783,11.1557,11.0331,10.9105,10.7879,10.6653,10.5427,10.4201,10.2976,10.0524,9.9298,9.8072,9.6846,9.562,9.4394,9.3168,9.1942,1,12.1364,True,False,False,False,False,False,False,False,False,False,False,False,False,False,False,False,False,False,False,False,False,False,False,False
SPLG,2007-11-16 05:00:00+00:00,12.026434358951205,12.130996704101562,12.026434358951205,12.130996704101562,16400,2007,11,46,Friday,12.0787,12.01921844482422,0.93,0.06,0.06,0.93,-0.06,11.899,11.7788,11.6586,11.5384,11.4183,11.2981,11.1779,11.0577,10.9375,10.8173,10.6971,10.5769,10.4567,10.3365,10.2163,10.0961,9.8558,9.7356,9.6154,9.4952,9.375,9.2548,9.1346,9.0144,0,0.0,False,False,False,False,False,False,False,False,False,False,False,False,False,False,False,False,False,False,False,False,False,False,False,False
SPLG,2007-11-19 05:00:00+00:00,12.082317090748852,12.082317090748852,11.945305824279783,11.945305824279783,3600,2007,11,47,Monday,12.0138,12.130996704101562,-1.53,-0.4,-1.53,-1.53,1.53,12.0097,11.8884,11.7671,11.6458,11.5244,11.4031,11.2818,11.1605,11.0392,10.9179,10.7966,10.6753,10.554,10.4327,10.3113,10.19,9.9474,9.8261,9.7048,9.5835,9.4622,9.3409,9.2196,9.0982,1,12.0097,True,False,False,False,False,False,False,False,False,False,False,False,False,False,False,False,False,False,False,False,False,False,False,False
SPLG,2007-11-20 05:00:00+00:00,11.945305824279783,11.945305824279783,11.945305824279783,11.945305824279783,0,2007,11,47,Tuesday,11.9453,11.945305824279783,0.0,0.0,0.0,0.0,0.0,11.8259,11.7064,11.5869,11.4675,11.348,11.2286,11.1091,10.9897,10.8702,10.7508,10.6313,10.5119,10.3924,10.273,10.1535,10.0341,9.7952,9.6757,9.5562,9.4368,9.3173,9.1979,9.0784,8.959,0,0.0,False,False,False,False,False,False,False,False,False,False,False,False,False,False,False,False,False,False,False,False,False,False,False,False
SPLG,2007-11-21 05:00:00+00:00,11.844345092773438,11.844345092773438,11.844345092773438,11.844345092773438,1200,2007,11,47,Wednesday,11.8443,11.945305824279783,-0.85,-0.85,-0.85,-0.85,0.85,11.8259,11.7064,11.5869,11.4675,11.348,11.2286,11.1091,10.9897,10.8702,10.7508,10.6313,10.5119,10.3924,10.273,10.1535,10.0341,9.7952,9.6757,9.5562,9.4368,9.3173,9.1979,9.0784,8.959,0,0.0,False,False,False,False,False,False,False,False,False,False,False,False,False,False,False,False,False,False,False,False,False,False,False,False
SPLG,2007-11-23 05:00:00+00:00,11.844345092773438,11.844345092773438,11.844345092773438,11.844345092773438,0,2007,11,47,Friday,11.8443,11.844345092773438,0.0,0.0,0.0,0.0,0.0,11.7259,11.6075,11.489,11.3706,11.2521,11.1337,11.0152,10.8968,10.7784,10.6599,10.5415,10.423,10.3046,10.1861,10.0677,9.9492,9.7124,9.5939,9.4755,9.357,9.2386,9.1201,9.0017,8.8833,0,0.0,False,False,False,False,False,False,False,False,False,False,False,False,False,False,False,False,False,False,False,False,False,False,False,False
SPLG,2007-11-26 05:00:00+00:00,11.85696621585878,11.85696621585878,11.732574462890623,11.732574462890623,1600,2007,11,48,Monday,11.7948,11.844345092773438,-0.94,0.11,-0.94,-0.94,0.94,11.7259,11.6075,11.489,11.3706,11.2521,11.1337,11.0152,10.8968,10.7784,10.6599,10.5415,10.423,10.3046,10.1861,10.0677,9.9492,9.7124,9.5939,9.4755,9.357,9.2386,9.1201,9.0017,8.8833,0,0.0,False,False,False,False,False,False,False,False,False,False,False,False,False,False,False,False,False,False,False,False,False,False,False,False
SPLG,2007-11-27 05:00:00+00:00,11.840742492171051,11.840742492171051,11.728968849774494,11.806488990783691,9200,2007,11,48,Tuesday,11.8042,11.732574462890623,0.63,0.92,-0.03,0.63,0.03,11.6152,11.4979,11.3806,11.2633,11.1459,11.0286,10.9113,10.794,10.6766,10.5593,10.442,10.3247,10.2073,10.09,9.9727,9.8554,9.6207,9.5034,9.3861,9.2687,9.1514,9.0341,8.9168,8.7994,0,0.0,False,False,False,False,False,False,False,False,False,False,False,False,False,False,False,False,False,False,False,False,False,False,False,False
SPLG,2007-11-28 05:00:00+00:00,12.228341102600098,12.228341102600098,12.228341102600098,12.228341102600098,400,2007,11,48,Wednesday,12.2283,11.806488990783691,3.57,3.57,3.57,3.57,-3.57,11.6884,11.5704,11.4523,11.3342,11.2162,11.0981,10.98,10.862,10.7439,10.6258,10.5078,10.3897,10.2716,10.1536,10.0355,9.9175,9.6813,9.5633,9.4452,9.3271,9.2091,9.091,8.9729,8.8549,0,0.0,False,False,False,False,False,False,False,False,False,False,False,False,False,False,False,False,False,False,False,False,False,False,False,False
SPLG,2007-11-29 05:00:00+00:00,12.168852073195016,12.24637222290039,12.168852073195016,12.24637222290039,2000,2007,11,48,Thursday,12.2076,12.228341102600098,0.15,-0.49,-0.49,0.15,0.49,12.1061,11.9838,11.8615,11.7392,11.6169,11.4946,11.3724,11.2501,11.1278,11.0055,10.8832,10.7609,10.6387,10.5164,10.3941,10.2718,10.0272,9.905,9.7827,9.6604,9.5381,9.4158,9.2935,9.1713,0,0.0,False,False,False,False,False,False,False,False,False,False,False,False,False,False,False,False,False,False,False,False,False,False,False,False
SPLG,2007-11-30 05:00:00+00:00,12.410422057609482,12.410422057609482,12.374366760253906,12.374366760253906,8800,2007,11,48,Friday,12.3924,12.24637222290039,1.05,1.34,1.05,1.05,-1.05,12.1239,12.0014,11.879,11.7565,11.6341,11.5116,11.3891,11.2667,11.1442,11.0217,10.8993,10.7768,10.6543,10.5319,10.4094,10.287,10.042,9.9196,9.7971,9.6746,9.5522,9.4297,9.3072,9.1848,0,0.0,False,False,False,False,False,False,False,False,False,False,False,False,False,False,False,False,False,False,False,False,False,False,False,False
SPLG,2007-12-03 05:00:00+00:00,12.397800620432925,12.397800620432925,12.277013880282974,12.2986478805542,3600,2007,12,49,Monday,12.3428,12.374366760253906,-0.61,0.19,-0.79,-0.61,0.79,12.2506,12.1269,12.0031,11.8794,11.7556,11.6319,11.5082,11.3844,11.2607,11.1369,11.0132,10.8894,10.7657,10.642,10.5182,10.3945,10.147,10.0232,9.8995,9.7757,9.652,9.5283,9.4045,9.2808,0,0.0,False,False,False,False,False,False,False,False,False,False,False,False,False,False,False,False,False,False,False,False,False,False,False,False
SPLG,2007-12-04 05:00:00+00:00,12.2986478805542,12.2986478805542,12.2986478805542,12.2986478805542,0,2007,12,49,Tuesday,12.2986,12.2986478805542,0.0,0.0,0.0,0.0,0.0,12.1757,12.0527,11.9297,11.8067,11.6837,11.5607,11.4377,11.3148,11.1918,11.0688,10.9458,10.8228,10.6998,10.5768,10.4539,10.3309,10.0849,9.9619,9.8389,9.7159,9.5929,9.47,9.347,9.224,0,0.0,False,False,False,False,False,False,False,False,False,False,False,False,False,False,False,False,False,False,False,False,False,False,False,False
SPLG,2007-12-05 05:00:00+00:00,12.352738380432127,12.352738380432127,12.352738380432127,12.352738380432127,7200,2007,12,49,Wednesday,12.3527,12.2986478805542,0.44,0.44,0.44,0.44,-0.44,12.1757,12.0527,11.9297,11.8067,11.6837,11.5607,11.4377,11.3148,11.1918,11.0688,10.9458,10.8228,10.6998,10.5768,10.4539,10.3309,10.0849,9.9619,9.8389,9.7159,9.5929,9.47,9.347,9.224,0,0.0,False,False,False,False,False,False,False,False,False,False,False,False,False,False,False,False,False,False,False,False,False,False,False,False
SPLG,2007-12-06 05:00:00+00:00,12.352738380432127,12.352738380432127,12.352738380432127,12.352738380432127,0,2007,12,49,Thursday,12.3527,12.352738380432127,0.0,0.0,0.0,0.0,0.0,12.2292,12.1057,11.9822,11.8586,11.7351,11.6116,11.488,11.3645,11.241,11.1175,10.9939,10.8704,10.7469,10.6234,10.4998,10.3763,10.1292,10.0057,9.8822,9.7587,9.6351,9.5116,9.3881,9.2646,0,0.0,False,False,False,False,False,False,False,False,False,False,False,False,False,False,False,False,False,False,False,False,False,False,False,False
SPLG,2007-12-07 05:00:00+00:00,12.572671497524125,12.578079653660913,12.516785383549085,12.55644702911377,294400,2007,12,49,Friday,12.556,12.352738380432127,1.65,1.78,1.33,1.65,-1.33,12.2292,12.1057,11.9822,11.8586,11.7351,11.6116,11.488,11.3645,11.241,11.1175,10.9939,10.8704,10.7469,10.6234,10.4998,10.3763,10.1292,10.0057,9.8822,9.7587,9.6351,9.5116,9.3881,9.2646,0,0.0,False,False,False,False,False,False,False,False,False,False,False,False,False,False,False,False,False,False,False,False,False,False,False,False
SPLG,2007-12-10 05:00:00+00:00,12.6159459804177,12.630367279052734,12.6159459804177,12.630367279052734,3600,2007,12,50,Monday,12.6232,12.55644702911377,0.59,0.47,0.47,0.59,-0.47,12.4309,12.3053,12.1798,12.0542,11.9286,11.8031,11.6775,11.5519,11.4264,11.3008,11.1752,11.0497,10.9241,10.7985,10.673,10.5474,10.2963,10.1707,10.0452,9.9196,9.794,9.6685,9.5429,9.4173,0,0.0,False,False,False,False,False,False,False,False,False,False,False,False,False,False,False,False,False,False,False,False,False,False,False,False
SPLG,2007-12-11 05:00:00+00:00,12.648390987154649,12.65920730043512,12.349126815795898,12.349126815795898,82400,2007,12,50,Tuesday,12.5015,12.630367279052734,-2.23,0.14,-2.23,-2.23,2.23,12.5041,12.3778,12.2515,12.1252,11.9988,11.8725,11.7462,11.6199,11.4936,11.3673,11.241,11.1147,10.9884,10.8621,10.7358,10.6095,10.3569,10.2306,10.1043,9.978,9.8517,9.7254,9.5991,9.4728,2,24.8818,True,True,False,False,False,False,False,False,False,False,False,False,False,False,False,False,False,False,False,False,False,False,False,False
SPLG,2007-12-12 05:00:00+00:00,12.520396972122125,12.520396972122125,12.38158251478561,12.417637825012209,2800,2007,12,50,Wednesday,12.46,12.349126815795898,0.55,1.39,0.26,0.55,-0.26,12.2256,12.1021,11.9787,11.8552,11.7317,11.6082,11.4847,11.3612,11.2377,11.1142,10.9907,10.8672,10.7437,10.6202,10.4968,10.3733,10.1263,10.0028,9.8793,9.7558,9.6323,9.5088,9.3853,9.2618,0,0.0,False,False,False,False,False,False,False,False,False,False,False,False,False,False,False,False,False,False,False,False,False,False,False,False
SPLG,2007-12-13 05:00:00+00:00,12.314880443239124,12.4122314453125,12.28423328761106,12.4122314453125,56800,2007,12,50,Thursday,12.3559,12.417637825012209,-0.04,-0.83,-1.07,-0.04,1.07,12.2935,12.1693,12.0451,11.9209,11.7968,11.6726,11.5484,11.4242,11.3001,11.1759,11.0517,10.9275,10.8033,10.6792,10.555,10.4308,10.1825,10.0583,9.9341,9.8099,9.6858,9.5616,9.4374,9.3132,1,12.2935,True,False,False,False,False,False,False,False,False,False,False,False,False,False,False,False,False,False,False,False,False,False,False,False
SPLG,2007-12-14 05:00:00+00:00,12.314872690386416,12.327492180372296,12.280620574951172,12.280620574951172,23600,2007,12,50,Friday,12.3009,12.4122314453125,-1.06,-0.78,-1.06,-1.06,1.06,12.2881,12.164,12.0399,11.9157,11.7916,11.6675,11.5434,11.4193,11.2951,11.171,11.0469,10.9228,10.7986,10.6745,10.5504,10.4263,10.178,10.0539,9.9298,9.8057,9.6815,9.5574,9.4333,9.3092,1,12.2881,True,False,False,False,False,False,False,False,False,False,False,False,False,False,False,False,False,False,False,False,False,False,False,False
SPLG,2007-12-17 05:00:00+00:00,12.167044390106136,12.197692903374003,12.078707955845532,12.089524269104004,36400,2007,12,51,Monday,12.1332,12.280620574951172,-1.56,-0.92,-1.64,-1.56,1.64,12.1578,12.035,11.9122,11.7894,11.6666,11.5438,11.421,11.2982,11.1754,11.0526,10.9298,10.8069,10.6841,10.5613,10.4385,10.3157,10.0701,9.9473,9.8245,9.7017,9.5789,9.4561,9.3333,9.2105,1,12.1578,True,False,False,False,False,False,False,False,False,False,False,False,False,False,False,False,False,False,False,False,False,False,False,False
SPLG,2007-12-18 05:00:00+00:00,12.127383803310392,12.14541282754898,12.03363920420836,12.136398315429688,11600,2007,12,51,Tuesday,12.1107,12.089524269104004,0.39,0.31,-0.46,0.39,0.46,11.9686,11.8477,11.7268,11.6059,11.485,11.3642,11.2433,11.1224,11.0015,10.8806,10.7597,10.6388,10.5179,10.397,10.2761,10.1552,9.9134,9.7925,9.6716,9.5507,9.4298,9.3089,9.188,9.0671,0,0.0,False,False,False,False,False,False,False,False,False,False,False,False,False,False,False,False,False,False,False,False,False,False,False,False
SPLG,2007-12-19 05:00:00+00:00,12.168849108387548,12.197694447957897,12.073301328048387,12.123779296875,25600,2007,12,51,Wednesday,12.1409,12.136398315429688,-0.1,0.27,-0.52,-0.1,0.52,12.015,11.8937,11.7723,11.6509,11.5296,11.4082,11.2869,11.1655,11.0441,10.9228,10.8014,10.68,10.5587,10.4373,10.3159,10.1946,9.9518,9.8305,9.7091,9.5878,9.4664,9.345,9.2237,9.1023,0,0.0,False,False,False,False,False,False,False,False,False,False,False,False,False,False,False,False,False,False,False,False,False,False,False,False
SPLG,2007-12-20 05:00:00+00:00,12.105753209247371,12.167047500610352,12.105753209247371,12.167047500610352,2800,2007,12,51,Thursday,12.1364,12.123779296875,0.36,-0.15,-0.15,0.36,0.15,12.0025,11.8813,11.7601,11.6388,11.5176,11.3964,11.2751,11.1539,11.0326,10.9114,10.7902,10.6689,10.5477,10.4265,10.3052,10.184,9.9415,9.8203,9.699,9.5778,9.4565,9.3353,9.2141,9.0928,0,0.0,False,False,False,False,False,False,False,False,False,False,False,False,False,False,False,False,False,False,False,False,False,False,False,False
SPLG,2007-12-21 05:00:00+00:00,12.269365390560075,12.31826114654541,12.269365390560075,12.31826114654541,1200,2007,12,51,Friday,12.2938,12.167047500610352,1.24,0.84,0.84,1.24,-0.84,12.0454,11.9237,11.802,11.6804,11.5587,11.437,11.3154,11.1937,11.072,10.9503,10.8287,10.707,10.5853,10.4637,10.342,10.2203,9.977,9.8553,9.7336,9.612,9.4903,9.3686,9.247,9.1253,0,0.0,False,False,False,False,False,False,False,False,False,False,False,False,False,False,False,False,False,False,False,False,False,False,False,False
SPLG,2007-12-24 05:00:00+00:00,12.43415921371833,12.454078674316406,12.43415921371833,12.454078674316406,5600,2007,12,52,Monday,12.4441,12.31826114654541,1.1,0.94,0.94,1.1,-0.94,12.1951,12.0719,11.9487,11.8255,11.7023,11.5792,11.456,11.3328,11.2096,11.0864,10.9633,10.8401,10.7169,10.5937,10.4705,10.3473,10.101,9.9778,9.8546,9.7314,9.6082,9.4851,9.3619,9.2387,0,0.0,False,False,False,False,False,False,False,False,False,False,False,False,False,False,False,False,False,False,False,False,False,False,False,False
SPLG,2007-12-26 05:00:00+00:00,12.474010467529297,12.474010467529297,12.474010467529297,12.474010467529297,800,2007,12,52,Wednesday,12.474,12.454078674316406,0.16,0.16,0.16,0.16,-0.16,12.3295,12.205,12.0805,11.9559,11.8314,11.7068,11.5823,11.4578,11.3332,11.2087,11.0841,10.9596,10.835,10.7105,10.586,10.4614,10.2123,10.0878,9.9633,9.8387,9.7142,9.5896,9.4651,9.3406,0,0.0,False,False,False,False,False,False,False,False,False,False,False,False,False,False,False,False,False,False,False,False,False,False,False,False
SPLG,2007-12-27 05:00:00+00:00,12.42329592605426,12.42329592605426,12.381644248962402,12.381644248962402,8000,2007,12,52,Thursday,12.4025,12.474010467529297,-0.74,-0.41,-0.74,-0.74,0.74,12.3493,12.2245,12.0998,11.9751,11.8503,11.7256,11.6008,11.4761,11.3513,11.2266,11.1019,10.9771,10.8524,10.7276,10.6029,10.4782,10.2287,10.1039,9.9792,9.8545,9.7297,9.605,9.4802,9.3555,0,0.0,False,False,False,False,False,False,False,False,False,False,False,False,False,False,False,False,False,False,False,False,False,False,False,False
SPLG,2007-12-28 05:00:00+00:00,12.358108498197552,12.358108498197552,12.267559634737236,12.31645679473877,15600,2007,12,52,Friday,12.3251,12.381644248962402,-0.53,-0.19,-0.92,-0.53,0.92,12.2578,12.134,12.0102,11.8864,11.7626,11.6387,11.5149,11.3911,11.2673,11.1435,11.0197,10.8958,10.772,10.6482,10.5244,10.4006,10.1529,10.0291,9.9053,9.7815,9.6577,9.5339,9.41,9.2862,0,0.0,False,False,False,False,False,False,False,False,False,False,False,False,False,False,False,False,False,False,False,False,False,False,False,False
SPLG,2007-12-31 05:00:00+00:00,12.258502026734355,12.267556081458292,12.211416244506836,12.211416244506836,16400,2007,12,52,Monday,12.2372,12.31645679473877,-0.85,-0.47,-0.85,-0.85,0.85,12.1933,12.0701,11.947,11.8238,11.7006,11.5775,11.4543,11.3311,11.208,11.0848,10.9616,10.8385,10.7153,10.5922,10.469,10.3458,10.0995,9.9763,9.8532,9.73,9.6068,9.4837,9.3605,9.2373,0,0.0,False,False,False,False,False,False,False,False,False,False,False,False,False,False,False,False,False,False,False,False,False,False,False,False
