Symbol,Date,Open,High,Low,Close,Volume,Year,Month,Week,Weekday,avg_daily_price,Previous_Close,Daily_Gain_Loss_Pct,Open_vs_PrevClose_Pct,Low_vs_PrevClose_Pct,Close_vs_PrevClose_Pct,mx_percent_decline,BOD99-1,BOD98-2,BOD97-3,BOD96-4,BOD95-5,BOD94-6,BOD93-7,BOD92-8,BOD91-9,BOD90-10,BOD89-11,BOD88-12,BOD87-13,BOD86-14,BOD85-15,BOD84-16,BOD82-18,BOD81-19,BOD80-20,BOD79-21,BOD78-22,BOD77-23,BOD76-24,BOD75-25,Shares_Purchased,Total_Value_Purchased,BOD99-1_Executed,BOD98-2_Executed,BOD97-3_Executed,BOD96-4_Executed,BOD95-5_Executed,BOD94-6_Executed,BOD93-7_Executed,BOD92-8_Executed,BOD91-9_Executed,BOD90-10_Executed,BOD89-11_Executed,BOD88-12_Executed,BOD87-13_Executed,BOD86-14_Executed,BOD85-15_Executed,BOD84-16_Executed,BOD82-18_Executed,BOD81-19_Executed,BOD80-20_Executed,BOD79-21_Executed,BOD78-22_Executed,BOD77-23_Executed,BOD76-24_Executed,BOD75-25_Executed
SPLG,2019-01-02 05:00:00+00:00,25.903803968956904,26.42638498898096,25.89479374396213,26.31826400756836,2272400,2019,1,1,Wednesday,26.1358,26.31826400756836,0.0,-1.57,-1.61,0.0,1.61,26.0551,25.7919,25.5287,25.2655,25.0024,24.7392,24.476,24.2128,23.9496,23.6864,23.4233,23.1601,22.8969,22.6337,22.3705,22.1073,21.581,21.3178,21.0546,20.7914,20.5282,20.2651,20.0019,19.7387,1,26.0551,True,False,False,False,False,False,False,False,False,False,False,False,False,False,False,False,False,False,False,False,False,False,False,False
SPLG,2019-01-03 05:00:00+00:00,26.093014772163727,26.15608635010969,25.642513812269808,25.69657516479492,733600,2019,1,1,Thursday,25.897,26.31826400756836,-2.36,-0.86,-2.57,-2.36,2.57,26.0551,25.7919,25.5287,25.2655,25.0024,24.7392,24.476,24.2128,23.9496,23.6864,23.4233,23.1601,22.8969,22.6337,22.3705,22.1073,21.581,21.3178,21.0546,20.7914,20.5282,20.2651,20.0019,19.7387,2,51.847,True,True,False,False,False,False,False,False,False,False,False,False,False,False,False,False,False,False,False,False,False,False,False,False
SPLG,2019-01-04 05:00:00+00:00,26.074994938884384,26.651635593273213,26.0209335886419,26.57955551147461,1345000,2019,1,1,Friday,26.3318,25.69657516479492,3.44,1.47,1.26,3.44,-1.26,25.4396,25.1826,24.9257,24.6687,24.4117,24.1548,23.8978,23.6408,23.3839,23.1269,22.87,22.613,22.356,22.0991,21.8421,21.5851,21.0712,20.8142,20.5573,20.3003,20.0433,19.7864,19.5294,19.2724,0,0.0,False,False,False,False,False,False,False,False,False,False,False,False,False,False,False,False,False,False,False,False,False,False,False,False
SPLG,2019-01-07 05:00:00+00:00,26.62460108549541,26.98500316113265,26.534502285110563,26.82282257080078,772600,2019,1,1,Monday,26.7417,26.57955551147461,0.92,0.17,-0.17,0.92,0.17,26.3138,26.048,25.7822,25.5164,25.2506,24.9848,24.719,24.4532,24.1874,23.9216,23.6558,23.39,23.1242,22.8584,22.5926,22.3268,21.7952,21.5294,21.2636,20.9978,20.7321,20.4663,20.2005,19.9347,0,0.0,False,False,False,False,False,False,False,False,False,False,False,False,False,False,False,False,False,False,False,False,False,False,False,False
SPLG,2019-01-08 05:00:00+00:00,27.13817942208864,27.13817942208864,26.804807945273804,27.10213851928711,535700,2019,1,1,Tuesday,27.0458,26.82282257080078,1.04,1.18,-0.07,1.04,0.07,26.5546,26.2864,26.0181,25.7499,25.4817,25.2135,24.9452,24.677,24.4088,24.1405,23.8723,23.6041,23.3359,23.0676,22.7994,22.5312,21.9947,21.7265,21.4583,21.19,20.9218,20.6536,20.3853,20.1171,0,0.0,False,False,False,False,False,False,False,False,False,False,False,False,False,False,False,False,False,False,False,False,False,False,False,False
SPLG,2019-01-09 05:00:00+00:00,27.29134505141741,27.34540467764525,27.06609460385612,27.23728370666504,934500,2019,1,1,Wednesday,27.235,27.10213851928711,0.5,0.7,-0.13,0.5,0.13,26.8311,26.5601,26.2891,26.0181,25.747,25.476,25.205,24.934,24.6629,24.3919,24.1209,23.8499,23.5789,23.3078,23.0368,22.7658,22.2238,21.9527,21.6817,21.4107,21.1397,20.8686,20.5976,20.3266,0,0.0,False,False,False,False,False,False,False,False,False,False,False,False,False,False,False,False,False,False,False,False,False,False,False,False
SPLG,2019-01-10 05:00:00+00:00,27.102132964960056,27.3724328064768,26.98500349190933,27.36342430114746,371900,2019,1,1,Thursday,27.2057,27.23728370666504,0.46,-0.5,-0.93,0.46,0.93,26.9649,26.6925,26.4202,26.1478,25.8754,25.603,25.3307,25.0583,24.7859,24.5136,24.2412,23.9688,23.6964,23.4241,23.1517,22.8793,22.3346,22.0622,21.7898,21.5175,21.2451,20.9727,20.7003,20.428,0,0.0,False,False,False,False,False,False,False,False,False,False,False,False,False,False,False,False,False,False,False,False,False,False,False,False
SPLG,2019-01-11 05:00:00+00:00,27.23728288571843,27.36342430114746,27.17421303726616,27.36342430114746,399800,2019,1,1,Friday,27.2846,27.36342430114746,0.0,-0.46,-0.69,0.0,0.69,27.0898,26.8162,26.5425,26.2689,25.9953,25.7216,25.448,25.1744,24.9007,24.6271,24.3534,24.0798,23.8062,23.5325,23.2589,22.9853,22.438,22.1644,21.8907,21.6171,21.3435,21.0698,20.7962,20.5226,0,0.0,False,False,False,False,False,False,False,False,False,False,False,False,False,False,False,False,False,False,False,False,False,False,False,False
SPLG,2019-01-14 05:00:00+00:00,27.147184913400224,27.29134679006613,27.09312528372841,27.20124626159668,909200,2019,1,2,Monday,27.1832,27.36342430114746,-0.59,-0.79,-0.99,-0.59,0.99,27.0898,26.8162,26.5425,26.2689,25.9953,25.7216,25.448,25.1744,24.9007,24.6271,24.3534,24.0798,23.8062,23.5325,23.2589,22.9853,22.438,22.1644,21.8907,21.6171,21.3435,21.0698,20.7962,20.5226,0,0.0,False,False,False,False,False,False,False,False,False,False,False,False,False,False,False,False,False,False,False,False,False,False,False,False
SPLG,2019-01-15 05:00:00+00:00,27.26431840844478,27.52560807259921,27.26431840844478,27.50758934020996,802400,2019,1,2,Tuesday,27.3905,27.20124626159668,1.13,0.23,0.23,1.13,-0.23,26.9292,26.6572,26.3852,26.1132,25.8412,25.5692,25.2972,25.0251,24.7531,24.4811,24.2091,23.9371,23.6651,23.3931,23.1211,22.849,22.305,22.033,21.761,21.489,21.217,20.945,20.6729,20.4009,0,0.0,False,False,False,False,False,False,False,False,False,False,False,False,False,False,False,False,False,False,False,False,False,False,False,False
SPLG,2019-01-16 05:00:00+00:00,27.561641784949945,27.67877124828832,27.54362133873656,27.57065200805664,953700,2019,1,2,Wednesday,27.5887,27.50758934020996,0.23,0.2,0.13,0.23,-0.13,27.2325,26.9574,26.6824,26.4073,26.1322,25.8571,25.5821,25.307,25.0319,24.7568,24.4818,24.2067,23.9316,23.6565,23.3815,23.1064,22.5562,22.2811,22.0061,21.731,21.4559,21.1808,20.9058,20.6307,0,0.0,False,False,False,False,False,False,False,False,False,False,False,False,False,False,False,False,False,False,False,False,False,False,False,False
SPLG,2019-01-17 05:00:00+00:00,27.48055697670716,27.895017011136144,27.48055697670716,27.795907974243164,565200,2019,1,2,Thursday,27.663,27.57065200805664,0.82,-0.33,-0.33,0.82,0.33,27.2949,27.0192,26.7435,26.4678,26.1921,25.9164,25.6407,25.365,25.0893,24.8136,24.5379,24.2622,23.9865,23.7108,23.4351,23.1593,22.6079,22.3322,22.0565,21.7808,21.5051,21.2294,20.9537,20.678,0,0.0,False,False,False,False,False,False,False,False,False,False,False,False,False,False,False,False,False,False,False,False,False,False,False,False
SPLG,2019-01-18 05:00:00+00:00,28.012141463960536,28.21937143122169,27.922040955165688,28.16531181335449,730400,2019,1,2,Friday,28.0797,27.795907974243164,1.33,0.78,0.45,1.33,-0.45,27.5179,27.24,26.962,26.6841,26.4061,26.1282,25.8502,25.5722,25.2943,25.0163,24.7384,24.4604,24.1824,23.9045,23.6265,23.3486,22.7926,22.5147,22.2367,21.9588,21.6808,21.4028,21.1249,20.8469,0,0.0,False,False,False,False,False,False,False,False,False,False,False,False,False,False,False,False,False,False,False,False,False,False,False,False
SPLG,2019-01-22 05:00:00+00:00,27.994127585076875,28.003137809922315,27.58867777818014,27.77788734436035,1885000,2019,1,3,Tuesday,27.841,28.16531181335449,-1.38,-0.61,-2.05,-1.38,2.05,27.8837,27.602,27.3204,27.0387,26.757,26.4754,26.1937,25.9121,25.6304,25.3488,25.0671,24.7855,24.5038,24.2222,23.9405,23.6589,23.0956,22.8139,22.5322,22.2506,21.9689,21.6873,21.4056,21.124,2,55.4857,True,True,False,False,False,False,False,False,False,False,False,False,False,False,False,False,False,False,False,False,False,False,False,False
SPLG,2019-01-23 05:00:00+00:00,27.922040207571023,27.97609982399081,27.543619455584057,27.813920974731445,1162600,2019,1,3,Wednesday,27.8139,27.77788734436035,0.13,0.52,-0.84,0.13,0.84,27.5001,27.2223,26.9446,26.6668,26.389,26.1112,25.8334,25.5557,25.2779,25.0001,24.7223,24.4445,24.1668,23.889,23.6112,23.3334,22.7779,22.5001,22.2223,21.9445,21.6668,21.389,21.1112,20.8334,0,0.0,False,False,False,False,False,False,False,False,False,False,False,False,False,False,False,False,False,False,False,False,False,False,False,False
SPLG,2019-01-24 05:00:00+00:00,27.822933743439307,27.913034263632515,27.71481449402705,27.87699508666992,1016500,2019,1,3,Thursday,27.8319,27.813920974731445,0.23,0.03,-0.36,0.23,0.36,27.5358,27.2576,26.9795,26.7014,26.4232,26.1451,25.8669,25.5888,25.3107,25.0325,24.7544,24.4763,24.1981,23.92,23.6418,23.3637,22.8074,22.5293,22.2511,21.973,21.6949,21.4167,21.1386,20.8604,0,0.0,False,False,False,False,False,False,False,False,False,False,False,False,False,False,False,False,False,False,False,False,False,False,False,False
SPLG,2019-01-25 05:00:00+00:00,28.084224967632256,28.19234593513584,28.030165343142706,28.129274368286133,797500,2019,1,3,Friday,28.109,27.87699508666992,0.9,0.74,0.55,0.9,-0.55,27.5982,27.3195,27.0407,26.7619,26.4831,26.2044,25.9256,25.6468,25.3681,25.0893,24.8105,24.5318,24.253,23.9742,23.6954,23.4167,22.8591,22.5804,22.3016,22.0228,21.7441,21.4653,21.1865,20.9077,0,0.0,False,False,False,False,False,False,False,False,False,False,False,False,False,False,False,False,False,False,False,False,False,False,False,False
SPLG,2019-01-28 05:00:00+00:00,27.876993539914466,27.931053161621094,27.71481295627018,27.931053161621094,497500,2019,1,4,Monday,27.8635,28.129274368286133,-0.7,-0.9,-1.47,-0.7,1.47,27.848,27.5667,27.2854,27.0041,26.7228,26.4415,26.1602,25.8789,25.5976,25.3163,25.0351,24.7538,24.4725,24.1912,23.9099,23.6286,23.066,22.7847,22.5034,22.2221,21.9408,21.6595,21.3782,21.097,1,27.848,True,False,False,False,False,False,False,False,False,False,False,False,False,False,False,False,False,False,False,False,False,False,False,False
SPLG,2019-01-29 05:00:00+00:00,27.922044487504284,27.985114336082184,27.786894566476715,27.87699508666992,784100,2019,1,4,Tuesday,27.8928,27.931053161621094,-0.19,-0.03,-0.52,-0.19,0.52,27.6517,27.3724,27.0931,26.8138,26.5345,26.2552,25.9759,25.6966,25.4173,25.1379,24.8586,24.5793,24.3,24.0207,23.7414,23.4621,22.9035,22.6242,22.3448,22.0655,21.7862,21.5069,21.2276,20.9483,0,0.0,False,False,False,False,False,False,False,False,False,False,False,False,False,False,False,False,False,False,False,False,False,False,False,False
SPLG,2019-01-30 05:00:00+00:00,28.030167042355664,28.417598098153537,27.96709719020709,28.33650779724121,587700,2019,1,4,Wednesday,28.1878,27.87699508666992,1.65,0.55,0.32,1.65,-0.32,27.5982,27.3195,27.0407,26.7619,26.4831,26.2044,25.9256,25.6468,25.3681,25.0893,24.8105,24.5318,24.253,23.9742,23.6954,23.4167,22.8591,22.5804,22.3016,22.0228,21.7441,21.4653,21.1865,20.9077,0,0.0,False,False,False,False,False,False,False,False,False,False,False,False,False,False,False,False,False,False,False,False,False,False,False,False
SPLG,2019-01-31 05:00:00+00:00,28.30046660197572,28.60680735363838,28.30046660197572,28.55274772644043,1014800,2019,1,4,Thursday,28.4401,28.33650779724121,0.76,-0.13,-0.13,0.76,0.13,28.0531,27.7698,27.4864,27.203,26.9197,26.6363,26.353,26.0696,25.7862,25.5029,25.2195,24.9361,24.6528,24.3694,24.086,23.8027,23.2359,22.9526,22.6692,22.3858,22.1025,21.8191,21.5357,21.2524,0,0.0,False,False,False,False,False,False,False,False,False,False,False,False,False,False,False,False,False,False,False,False,False,False,False,False
SPLG,2019-02-01 05:00:00+00:00,28.597797484341303,28.69690823420496,28.489678228603296,28.606807708740234,723500,2019,2,4,Friday,28.5978,28.55274772644043,0.19,0.16,-0.22,0.19,0.22,28.2672,27.9817,27.6962,27.4106,27.1251,26.8396,26.5541,26.2685,25.983,25.6975,25.4119,25.1264,24.8409,24.5554,24.2698,23.9843,23.4133,23.1277,22.8422,22.5567,22.2711,21.9856,21.7001,21.4146,0,0.0,False,False,False,False,False,False,False,False,False,False,False,False,False,False,False,False,False,False,False,False,False,False,False,False
SPLG,2019-02-04 05:00:00+00:00,28.59779709593436,28.814037322998047,28.516706795969903,28.814037322998047,2500400,2019,2,5,Monday,28.6856,28.606807708740234,0.72,-0.03,-0.31,0.72,0.31,28.3207,28.0347,27.7486,27.4625,27.1765,26.8904,26.6043,26.3183,26.0322,25.7461,25.4601,25.174,24.8879,24.6019,24.3158,24.0297,23.4576,23.1715,22.8854,22.5994,22.3133,22.0272,21.7412,21.4551,0,0.0,False,False,False,False,False,False,False,False,False,False,False,False,False,False,False,False,False,False,False,False,False,False,False,False
SPLG,2019-02-05 05:00:00+00:00,28.868095752899983,28.949186044674093,28.796013965967987,28.940174102783203,490200,2019,2,5,Tuesday,28.8884,28.814037322998047,0.44,0.19,-0.06,0.44,0.06,28.5259,28.2378,27.9496,27.6615,27.3733,27.0852,26.7971,26.5089,26.2208,25.9326,25.6445,25.3564,25.0682,24.7801,24.4919,24.2038,23.6275,23.3394,23.0512,22.7631,22.4749,22.1868,21.8987,21.6105,0,0.0,False,False,False,False,False,False,False,False,False,False,False,False,False,False,False,False,False,False,False,False,False,False,False,False
SPLG,2019-02-06 05:00:00+00:00,28.904140193118792,28.93116914801056,28.80502772392546,28.89512825012207,1962600,2019,2,5,Wednesday,28.8839,28.940174102783203,-0.16,-0.12,-0.47,-0.16,0.47,28.6508,28.3614,28.072,27.7826,27.4932,27.2038,26.9144,26.625,26.3356,26.0462,25.7568,25.4674,25.178,24.8885,24.5991,24.3097,23.7309,23.4415,23.1521,22.8627,22.5733,22.2839,21.9945,21.7051,0,0.0,False,False,False,False,False,False,False,False,False,False,False,False,False,False,False,False,False,False,False,False,False,False,False,False
SPLG,2019-02-07 05:00:00+00:00,28.70591299446506,28.759972612043875,28.43561146952247,28.633832931518555,935200,2019,2,5,Thursday,28.6338,28.89512825012207,-0.9,-0.65,-1.59,-0.9,1.59,28.6062,28.3172,28.0283,27.7393,27.4504,27.1614,26.8725,26.5835,26.2946,26.0056,25.7167,25.4277,25.1388,24.8498,24.5609,24.2719,23.694,23.4051,23.1161,22.8272,22.5382,22.2492,21.9603,21.6713,1,28.6062,True,False,False,False,False,False,False,False,False,False,False,False,False,False,False,False,False,False,False,False,False,False,False,False
SPLG,2019-02-08 05:00:00+00:00,28.462642407983047,28.67888259887696,28.390562344351743,28.67888259887696,337200,2019,2,5,Friday,28.5527,28.633832931518555,0.16,-0.6,-0.85,0.16,0.85,28.3475,28.0612,27.7748,27.4885,27.2021,26.9158,26.6295,26.3431,26.0568,25.7704,25.4841,25.1978,24.9114,24.6251,24.3388,24.0524,23.4797,23.1934,22.9071,22.6207,22.3344,22.0481,21.7617,21.4754,0,0.0,False,False,False,False,False,False,False,False,False,False,False,False,False,False,False,False,False,False,False,False,False,False,False,False
SPLG,2019-02-11 05:00:00+00:00,28.759976893107947,28.77799734115807,28.633837193806112,28.69690704345703,1503900,2019,2,6,Monday,28.7172,28.67888259887696,0.06,0.28,-0.16,0.06,0.16,28.3921,28.1053,27.8185,27.5317,27.2449,26.9581,26.6714,26.3846,26.0978,25.811,25.5242,25.2374,24.9506,24.6638,24.3771,24.0903,23.5167,23.2299,22.9431,22.6563,22.3695,22.0827,21.796,21.5092,0,0.0,False,False,False,False,False,False,False,False,False,False,False,False,False,False,False,False,False,False,False,False,False,False,False,False
SPLG,2019-02-12 05:00:00+00:00,28.904137642735567,29.102355689533884,28.87710525317983,29.05730628967285,577300,2019,2,6,Tuesday,28.9852,28.69690704345703,1.26,0.72,0.63,1.26,-0.63,28.4099,28.123,27.836,27.549,27.2621,26.9751,26.6881,26.4012,26.1142,25.8272,25.5402,25.2533,24.9663,24.6793,24.3924,24.1054,23.5315,23.2445,22.9575,22.6706,22.3836,22.0966,21.8096,21.5227,0,0.0,False,False,False,False,False,False,False,False,False,False,False,False,False,False,False,False,False,False,False,False,False,False,False,False
SPLG,2019-02-13 05:00:00+00:00,29.17444211159264,29.24652047540591,29.10236031072992,29.15642166137696,997200,2019,2,6,Wednesday,29.1699,29.05730628967285,0.34,0.4,0.16,0.34,-0.16,28.7667,28.4762,28.1856,27.895,27.6044,27.3139,27.0233,26.7327,26.4421,26.1516,25.861,25.5704,25.2799,24.9893,24.6987,24.4081,23.827,23.5364,23.2458,22.9553,22.6647,22.3741,22.0836,21.793,0,0.0,False,False,False,False,False,False,False,False,False,False,False,False,False,False,False,False,False,False,False,False,False,False,False,False
SPLG,2019-02-14 05:00:00+00:00,29.039288110501943,29.21948916107,28.94017736083705,29.09334945678711,1039900,2019,2,6,Thursday,29.0731,29.15642166137696,-0.22,-0.4,-0.74,-0.22,0.74,28.8649,28.5733,28.2817,27.9902,27.6986,27.407,27.1155,26.8239,26.5323,26.2408,25.9492,25.6577,25.3661,25.0745,24.783,24.4914,23.9083,23.6167,23.3251,23.0336,22.742,22.4504,22.1589,21.8673,0,0.0,False,False,False,False,False,False,False,False,False,False,False,False,False,False,False,False,False,False,False,False,False,False,False,False
SPLG,2019-02-15 05:00:00+00:00,29.282559608001023,29.41771125793457,29.282559608001023,29.41771125793457,584400,2019,2,6,Friday,29.3501,29.09334945678711,1.11,0.65,0.65,1.11,-0.65,28.8024,28.5115,28.2205,27.9296,27.6387,27.3477,27.0568,26.7659,26.4749,26.184,25.8931,25.6021,25.3112,25.0203,24.7293,24.4384,23.8565,23.5656,23.2747,22.9837,22.6928,22.4019,22.1109,21.82,0,0.0,False,False,False,False,False,False,False,False,False,False,False,False,False,False,False,False,False,False,False,False,False,False,False,False
SPLG,2019-02-19 05:00:00+00:00,29.30958854710911,29.53483900550878,29.30958854710911,29.45374870300293,462100,2019,2,7,Tuesday,29.4019,29.41771125793457,0.12,-0.37,-0.37,0.12,0.37,29.1235,28.8294,28.5352,28.241,27.9468,27.6526,27.3585,27.0643,26.7701,26.4759,26.1818,25.8876,25.5934,25.2992,25.0051,24.7109,24.1225,23.8283,23.5342,23.24,22.9458,22.6516,22.3575,22.0633,0,0.0,False,False,False,False,False,False,False,False,False,False,False,False,False,False,False,False,False,False,False,False,False,False,False,False
SPLG,2019-02-20 05:00:00+00:00,29.4807778257994,29.552856177228232,29.390675590202285,29.5078067779541,614600,2019,2,7,Wednesday,29.483,29.45374870300293,0.18,0.09,-0.21,0.18,0.21,29.1592,28.8647,28.5701,28.2756,27.9811,27.6865,27.392,27.0974,26.8029,26.5084,26.2138,25.9193,25.6248,25.3302,25.0357,24.7411,24.1521,23.8575,23.563,23.2685,22.9739,22.6794,22.3848,22.0903,0,0.0,False,False,False,False,False,False,False,False,False,False,False,False,False,False,False,False,False,False,False,False,False,False,False,False
SPLG,2019-02-21 05:00:00+00:00,29.42671940190943,29.46276029972149,29.282559247710363,29.381669998168945,792600,2019,2,7,Thursday,29.3884,29.5078067779541,-0.43,-0.27,-0.76,-0.43,0.76,29.2127,28.9177,28.6226,28.3275,28.0324,27.7373,27.4423,27.1472,26.8521,26.557,26.2619,25.9669,25.6718,25.3767,25.0816,24.7866,24.1964,23.9013,23.6062,23.3112,23.0161,22.721,22.4259,22.1309,0,0.0,False,False,False,False,False,False,False,False,False,False,False,False,False,False,False,False,False,False,False,False,False,False,False,False
SPLG,2019-02-22 05:00:00+00:00,29.48979066580705,29.606921870777047,29.46276170967911,29.597909927368164,477500,2019,2,7,Friday,29.5393,29.381669998168945,0.74,0.37,0.28,0.74,-0.28,29.0879,28.794,28.5002,28.2064,27.9126,27.6188,27.325,27.0311,26.7373,26.4435,26.1497,25.8559,25.5621,25.2682,24.9744,24.6806,24.093,23.7992,23.5053,23.2115,22.9177,22.6239,22.3301,22.0363,0,0.0,False,False,False,False,False,False,False,False,False,False,False,False,False,False,False,False,False,False,False,False,False,False,False,False
SPLG,2019-02-25 05:00:00+00:00,29.778105784257228,29.82315518228116,29.63394564835138,29.651966094970703,494000,2019,2,8,Monday,29.7218,29.597909927368164,0.18,0.61,0.12,0.18,-0.12,29.3019,29.006,28.71,28.414,28.118,27.822,27.5261,27.2301,26.9341,26.6381,26.3421,26.0462,25.7502,25.4542,25.1582,24.8622,24.2703,23.9743,23.6783,23.3823,23.0864,22.7904,22.4944,22.1984,0,0.0,False,False,False,False,False,False,False,False,False,False,False,False,False,False,False,False,False,False,False,False,False,False,False,False
SPLG,2019-02-26 05:00:00+00:00,29.597908201184907,29.71503939932368,29.579891189516623,29.615928649902344,745500,2019,2,8,Tuesday,29.6272,29.651966094970703,-0.12,-0.18,-0.24,-0.12,0.24,29.3554,29.0589,28.7624,28.4659,28.1694,27.8728,27.5763,27.2798,26.9833,26.6868,26.3902,26.0937,25.7972,25.5007,25.2042,24.9077,24.3146,24.0181,23.7216,23.4251,23.1285,22.832,22.5355,22.239,0,0.0,False,False,False,False,False,False,False,False,False,False,False,False,False,False,False,False,False,False,False,False,False,False,False,False
SPLG,2019-02-27 05:00:00+00:00,29.534838627755395,29.660978332917992,29.44473982036759,29.624940872192383,622200,2019,2,8,Wednesday,29.5664,29.615928649902344,0.03,-0.27,-0.58,0.03,0.58,29.3198,29.0236,28.7275,28.4313,28.1351,27.839,27.5428,27.2467,26.9505,26.6543,26.3582,26.062,25.7659,25.4697,25.1735,24.8774,24.2851,23.9889,23.6927,23.3966,23.1004,22.8043,22.5081,22.2119,0,0.0,False,False,False,False,False,False,False,False,False,False,False,False,False,False,False,False,False,False,False,False,False,False,False,False
SPLG,2019-02-28 05:00:00+00:00,29.61592657291457,29.65196746782188,29.534836277897604,29.56186866760254,741700,2019,2,8,Thursday,29.5911,29.624940872192383,-0.21,-0.03,-0.3,-0.21,0.3,29.3287,29.0324,28.7362,28.4399,28.1437,27.8474,27.5512,27.2549,26.9587,26.6624,26.3662,26.0699,25.7737,25.4774,25.1812,24.885,24.2925,23.9962,23.7,23.4037,23.1075,22.8112,22.515,22.2187,0,0.0,False,False,False,False,False,False,False,False,False,False,False,False,False,False,False,False,False,False,False,False,False,False,False,False
SPLG,2019-03-01 05:00:00+00:00,29.76008424908468,29.77810469504486,29.56186621761996,29.751075744628903,1120500,2019,3,8,Friday,29.7128,29.56186866760254,0.64,0.67,-0.0,0.64,0.0,29.2662,28.9706,28.675,28.3794,28.0838,27.7882,27.4925,27.1969,26.9013,26.6057,26.3101,26.0144,25.7188,25.4232,25.1276,24.832,24.2407,23.9451,23.6495,23.3539,23.0583,22.7626,22.467,22.1714,0,0.0,False,False,False,False,False,False,False,False,False,False,False,False,False,False,False,False,False,False,False,False,False,False,False,False
SPLG,2019-03-04 05:00:00+00:00,29.86821149489733,29.90424895528305,29.34562879323908,29.615928649902344,1965500,2019,3,9,Monday,29.6835,29.751075744628903,-0.45,0.39,-1.36,-0.45,1.36,29.4536,29.1561,28.8585,28.561,28.2635,27.966,27.6685,27.371,27.0735,26.776,26.4785,26.1809,25.8834,25.5859,25.2884,24.9909,24.3959,24.0984,23.8009,23.5033,23.2058,22.9083,22.6108,22.3133,1,29.4536,True,False,False,False,False,False,False,False,False,False,False,False,False,False,False,False,False,False,False,False,False,False,False,False
SPLG,2019-03-05 05:00:00+00:00,29.63394501113375,29.63394501113375,29.49879681996803,29.57087516784668,543200,2019,3,9,Tuesday,29.5844,29.615928649902344,-0.15,0.06,-0.4,-0.15,0.4,29.3198,29.0236,28.7275,28.4313,28.1351,27.839,27.5428,27.2467,26.9505,26.6543,26.3582,26.062,25.7659,25.4697,25.1735,24.8774,24.2851,23.9889,23.6927,23.3966,23.1004,22.8043,22.5081,22.2119,0,0.0,False,False,False,False,False,False,False,False,False,False,False,False,False,False,False,False,False,False,False,False,False,False,False,False
SPLG,2019-03-06 05:00:00+00:00,29.5888997236458,29.5888997236458,29.33662031545872,29.372657775878903,399800,2019,3,9,Wednesday,29.4718,29.57087516784668,-0.67,0.06,-0.79,-0.67,0.79,29.2752,28.9795,28.6837,28.388,28.0923,27.7966,27.5009,27.2052,26.9095,26.6138,26.3181,26.0224,25.7267,25.431,25.1352,24.8395,24.2481,23.9524,23.6567,23.361,23.0653,22.7696,22.4739,22.1782,0,0.0,False,False,False,False,False,False,False,False,False,False,False,False,False,False,False,False,False,False,False,False,False,False,False,False
SPLG,2019-03-07 05:00:00+00:00,29.327610701625968,29.336622645233568,29.03929037307252,29.129392623901367,351000,2019,3,9,Thursday,29.2082,29.372657775878903,-0.83,-0.15,-1.13,-0.83,1.13,29.0789,28.7852,28.4915,28.1978,27.904,27.6103,27.3166,27.0228,26.7291,26.4354,26.1417,25.8479,25.5542,25.2605,24.9668,24.673,24.0856,23.7919,23.4981,23.2044,22.9107,22.6169,22.3232,22.0295,1,29.0789,True,False,False,False,False,False,False,False,False,False,False,False,False,False,False,False,False,False,False,False,False,False,False,False
SPLG,2019-03-08 05:00:00+00:00,28.922160526509423,29.07533264160156,28.841070215472307,29.07533264160156,520300,2019,3,9,Friday,28.9785,29.129392623901367,-0.19,-0.71,-0.99,-0.19,0.99,28.8381,28.5468,28.2555,27.9642,27.6729,27.3816,27.0903,26.799,26.5077,26.2165,25.9252,25.6339,25.3426,25.0513,24.76,24.4687,23.8861,23.5948,23.3035,23.0122,22.7209,22.4296,22.1383,21.847,0,0.0,False,False,False,False,False,False,False,False,False,False,False,False,False,False,False,False,False,False,False,False,False,False,False,False
SPLG,2019-03-11 04:00:00+00:00,29.15641835683703,29.5078085035932,29.15641835683703,29.48978805541992,288200,2019,3,10,Monday,29.3276,29.07533264160156,1.43,0.28,0.28,1.43,-0.28,28.7846,28.4938,28.2031,27.9123,27.6216,27.3308,27.0401,26.7493,26.4586,26.1678,25.877,25.5863,25.2955,25.0048,24.714,24.4233,23.8418,23.551,23.2603,22.9695,22.6788,22.388,22.0973,21.8065,0,0.0,False,False,False,False,False,False,False,False,False,False,False,False,False,False,False,False,False,False,False,False,False,False,False,False
SPLG,2019-03-12 04:00:00+00:00,29.561870657950926,29.633949015569524,29.525829760617054,29.58889961242676,320600,2019,3,10,Tuesday,29.5776,29.48978805541992,0.34,0.24,0.12,0.34,-0.12,29.1949,28.9,28.6051,28.3102,28.0153,27.7204,27.4255,27.1306,26.8357,26.5408,26.2459,25.951,25.6561,25.3612,25.0663,24.7714,24.1816,23.8867,23.5918,23.2969,23.002,22.7071,22.4122,22.1173,0,0.0,False,False,False,False,False,False,False,False,False,False,False,False,False,False,False,False,False,False,False,False,False,False,False,False
SPLG,2019-03-13 04:00:00+00:00,29.706026618415628,29.90424465168305,29.68800617229156,29.796125411987305,304800,2019,3,10,Wednesday,29.7736,29.58889961242676,0.7,0.4,0.33,0.7,-0.33,29.293,28.9971,28.7012,28.4053,28.1095,27.8136,27.5177,27.2218,26.9259,26.63,26.3341,26.0382,25.7423,25.4465,25.1506,24.8547,24.2629,23.967,23.6711,23.3752,23.0793,22.7835,22.4876,22.1917,0,0.0,False,False,False,False,False,False,False,False,False,False,False,False,False,False,False,False,False,False,False,False,False,False,False,False
SPLG,2019-03-14 04:00:00+00:00,29.769100189208984,29.841178545682727,29.715038844066864,29.769100189208984,507700,2019,3,10,Thursday,29.7736,29.796125411987305,-0.09,-0.09,-0.27,-0.09,0.27,29.4982,29.2002,28.9022,28.6043,28.3063,28.0084,27.7104,27.4124,27.1145,26.8165,26.5186,26.2206,25.9226,25.6247,25.3267,25.0287,24.4328,24.1349,23.8369,23.5389,23.241,22.943,22.6451,22.3471,0,0.0,False,False,False,False,False,False,False,False,False,False,False,False,False,False,False,False,False,False,False,False,False,False,False,False
SPLG,2019-03-15 04:00:00+00:00,29.83969503593997,29.993552886415603,29.803491970234752,29.92115020751953,485600,2019,3,10,Friday,29.8895,29.769100189208984,0.51,0.24,0.12,0.51,-0.12,29.4714,29.1737,28.876,28.5783,28.2806,27.983,27.6853,27.3876,27.0899,26.7922,26.4945,26.1968,25.8991,25.6014,25.3037,25.006,24.4107,24.113,23.8153,23.5176,23.2199,22.9222,22.6245,22.3268,0,0.0,False,False,False,False,False,False,False,False,False,False,False,False,False,False,False,False,False,False,False,False,False,False,False,False
SPLG,2019-03-18 04:00:00+00:00,29.93019524828585,30.06595500028244,29.921146209325908,30.04785346984864,316000,2019,3,11,Monday,29.9913,29.92115020751953,0.42,0.03,-0.0,0.42,0.0,29.6219,29.3227,29.0235,28.7243,28.4251,28.1259,27.8267,27.5275,27.2282,26.929,26.6298,26.3306,26.0314,25.7322,25.433,25.1338,24.5353,24.2361,23.9369,23.6377,23.3385,23.0393,22.7401,22.4409,0,0.0,False,False,False,False,False,False,False,False,False,False,False,False,False,False,False,False,False,False,False,False,False,False,False,False
SPLG,2019-03-19 04:00:00+00:00,30.1293086305438,30.23791436063272,29.93019524828585,30.04785346984864,839800,2019,3,11,Tuesday,30.0863,30.04785346984864,0.0,0.27,-0.39,0.0,0.39,29.7474,29.4469,29.1464,28.8459,28.5455,28.245,27.9445,27.644,27.3435,27.0431,26.7426,26.4421,26.1416,25.8412,25.5407,25.2402,24.6392,24.3388,24.0383,23.7378,23.4373,23.1368,22.8364,22.5359,0,0.0,False,False,False,False,False,False,False,False,False,False,False,False,False,False,False,False,False,False,False,False,False,False,False,False
SPLG,2019-03-20 04:00:00+00:00,30.02069905320141,30.13835727321712,29.79443510452484,29.930194854736328,498200,2019,3,11,Wednesday,29.9709,30.04785346984864,-0.39,-0.09,-0.84,-0.39,0.84,29.7474,29.4469,29.1464,28.8459,28.5455,28.245,27.9445,27.644,27.3435,27.0431,26.7426,26.4421,26.1416,25.8412,25.5407,25.2402,24.6392,24.3388,24.0383,23.7378,23.4373,23.1368,22.8364,22.5359,0,0.0,False,False,False,False,False,False,False,False,False,False,False,False,False,False,False,False,False,False,False,False,False,False,False,False
SPLG,2019-03-21 04:00:00+00:00,29.8668512279518,30.337480813118297,29.8668512279518,30.29222869873047,318600,2019,3,11,Thursday,30.0909,29.930194854736328,1.21,-0.21,-0.21,1.21,0.21,29.6309,29.3316,29.0323,28.733,28.4337,28.1344,27.8351,27.5358,27.2365,26.9372,26.6379,26.3386,26.0393,25.74,25.4407,25.1414,24.5428,24.2435,23.9442,23.6449,23.3456,23.0463,22.7469,22.4476,0,0.0,False,False,False,False,False,False,False,False,False,False,False,False,False,False,False,False,False,False,False,False,False,False,False,False
SPLG,2019-03-22 04:00:00+00:00,30.12930688475545,30.183608020396576,29.66772651672364,29.66772651672364,761200,2019,3,11,Friday,29.9121,30.29222869873047,-2.06,-0.54,-2.06,-2.06,2.06,29.9893,29.6864,29.3835,29.0805,28.7776,28.4747,28.1718,27.8689,27.5659,27.263,26.9601,26.6572,26.3542,26.0513,25.7484,25.4455,24.8396,24.5367,24.2338,23.9309,23.6279,23.325,23.0221,22.7192,2,59.6757,True,True,False,False,False,False,False,False,False,False,False,False,False,False,False,False,False,False,False,False,False,False,False,False
SPLG,2019-03-25 04:00:00+00:00,29.64962498733869,29.78538473146892,29.51386869572217,29.66772651672364,711600,2019,3,12,Monday,29.6542,29.66772651672364,0.0,-0.06,-0.52,0.0,0.52,29.371,29.0744,28.7777,28.481,28.1843,27.8877,27.591,27.2943,26.9976,26.701,26.4043,26.1076,25.8109,25.5142,25.2176,24.9209,24.3275,24.0309,23.7342,23.4375,23.1408,22.8441,22.5475,22.2508,0,0.0,False,False,False,False,False,False,False,False,False,False,False,False,False,False,False,False,False,False,False,False,False,False,False,False
SPLG,2019-03-26 04:00:00+00:00,29.88494110107422,30.002599314576365,29.731079829184694,29.88494110107422,341100,2019,3,12,Tuesday,29.8759,29.66772651672364,0.73,0.73,0.21,0.73,-0.21,29.371,29.0744,28.7777,28.481,28.1843,27.8877,27.591,27.2943,26.9976,26.701,26.4043,26.1076,25.8109,25.5142,25.2176,24.9209,24.3275,24.0309,23.7342,23.4375,23.1408,22.8441,22.5475,22.2508,0,0.0,False,False,False,False,False,False,False,False,False,False,False,False,False,False,False,False,False,False,False,False,False,False,False,False
SPLG,2019-03-27 04:00:00+00:00,29.903051272227497,29.957352422987885,29.541027488756445,29.740140914916992,723200,2019,3,12,Wednesday,29.7854,29.88494110107422,-0.48,0.06,-1.15,-0.48,1.15,29.5861,29.2872,28.9884,28.6895,28.3907,28.0918,27.793,27.4941,27.1953,26.8964,26.5976,26.2987,25.9999,25.701,25.4022,25.1034,24.5057,24.2068,23.908,23.6091,23.3103,23.0114,22.7126,22.4137,1,29.5861,True,False,False,False,False,False,False,False,False,False,False,False,False,False,False,False,False,False,False,False,False,False,False,False
SPLG,2019-03-28 04:00:00+00:00,29.794442432504344,29.90305164039165,29.68583667713175,29.857799530029297,2417400,2019,3,12,Thursday,29.8103,29.740140914916992,0.4,0.18,-0.18,0.4,0.18,29.4427,29.1453,28.8479,28.5505,28.2531,27.9557,27.6583,27.3609,27.0635,26.7661,26.4687,26.1713,25.8739,25.5765,25.2791,24.9817,24.3869,24.0895,23.7921,23.4947,23.1973,22.8999,22.6025,22.3051,0,0.0,False,False,False,False,False,False,False,False,False,False,False,False,False,False,False,False,False,False,False,False,False,False,False,False
SPLG,2019-03-29 04:00:00+00:00,30.04786353589068,30.093115650877703,29.93020527491235,30.075014114379883,745200,2019,3,12,Friday,30.0365,29.857799530029297,0.73,0.64,0.24,0.73,-0.24,29.5592,29.2606,28.9621,28.6635,28.3649,28.0663,27.7678,27.4692,27.1706,26.872,26.5734,26.2749,25.9763,25.6777,25.3791,25.0806,24.4834,24.1848,23.8862,23.5877,23.2891,22.9905,22.6919,22.3933,0,0.0,False,False,False,False,False,False,False,False,False,False,False,False,False,False,False,False,False,False,False,False,False,False,False,False
SPLG,2019-04-01 04:00:00+00:00,30.31032753390165,30.43703482390213,30.26507197103172,30.427982330322266,801600,2019,4,13,Monday,30.3601,30.075014114379883,1.17,0.78,0.63,1.17,-0.63,29.7743,29.4735,29.1728,28.872,28.5713,28.2705,27.9698,27.669,27.3683,27.0675,26.7668,26.466,26.1653,25.8645,25.5638,25.263,24.6615,24.3608,24.06,23.7593,23.4585,23.1578,22.857,22.5563,0,0.0,False,False,False,False,False,False,False,False,False,False,False,False,False,False,False,False,False,False,False,False,False,False,False,False
SPLG,2019-04-02 04:00:00+00:00,30.418933289257108,30.46418539961233,30.33747810961184,30.427982330322266,635900,2019,4,13,Tuesday,30.4121,30.427982330322266,0.0,-0.03,-0.3,0.0,0.3,30.1237,29.8194,29.5151,29.2109,28.9066,28.6023,28.298,27.9937,27.6895,27.3852,27.0809,26.7766,26.4723,26.1681,25.8638,25.5595,24.9509,24.6467,24.3424,24.0381,23.7338,23.4295,23.1253,22.821,0,0.0,False,False,False,False,False,False,False,False,False,False,False,False,False,False,False,False,False,False,False,False,False,False,False,False
SPLG,2019-04-03 04:00:00+00:00,30.58183201445363,30.62708410759382,30.418921717138232,30.518478393554688,539600,2019,4,13,Wednesday,30.5366,30.427982330322266,0.3,0.51,-0.03,0.3,0.03,30.1237,29.8194,29.5151,29.2109,28.9066,28.6023,28.298,27.9937,27.6895,27.3852,27.0809,26.7766,26.4723,26.1681,25.8638,25.5595,24.9509,24.6467,24.3424,24.0381,23.7338,23.4295,23.1253,22.821,0,0.0,False,False,False,False,False,False,False,False,False,False,False,False,False,False,False,False,False,False,False,False,False,False,False,False
SPLG,2019-04-04 04:00:00+00:00,30.509431583737403,30.590886747560617,30.418927380606736,30.55468368530273,1796200,2019,4,13,Thursday,30.5185,30.518478393554688,0.12,-0.03,-0.33,0.12,0.33,30.2133,29.9081,29.6029,29.2977,28.9926,28.6874,28.3822,28.077,27.7718,27.4666,27.1614,26.8563,26.5511,26.2459,25.9407,25.6355,25.0252,24.72,24.4148,24.1096,23.8044,23.4992,23.194,22.8889,0,0.0,False,False,False,False,False,False,False,False,False,False,False,False,False,False,False,False,False,False,False,False,False,False,False,False
SPLG,2019-04-05 04:00:00+00:00,30.636137080259715,30.717592239379883,30.608986511390945,30.717592239379883,447500,2019,4,13,Friday,30.6701,30.55468368530273,0.53,0.27,0.18,0.53,-0.18,30.2491,29.9436,29.638,29.3325,29.0269,28.7214,28.4159,28.1103,27.8048,27.4992,27.1937,26.8881,26.5826,26.277,25.9715,25.6659,25.0548,24.7493,24.4437,24.1382,23.8327,23.5271,23.2216,22.916,0,0.0,False,False,False,False,False,False,False,False,False,False,False,False,False,False,False,False,False,False,False,False,False,False,False,False
SPLG,2019-04-08 04:00:00+00:00,30.68139543439031,30.744749069213867,30.563737204354783,30.744749069213867,304700,2019,4,14,Monday,30.6837,30.717592239379883,0.09,-0.12,-0.5,0.09,0.5,30.4104,30.1032,29.7961,29.4889,29.1817,28.8745,28.5674,28.2602,27.953,27.6458,27.3387,27.0315,26.7243,26.4171,26.11,25.8028,25.1884,24.8812,24.5741,24.2669,23.9597,23.6525,23.3454,23.0382,0,0.0,False,False,False,False,False,False,False,False,False,False,False,False,False,False,False,False,False,False,False,False,False,False,False,False
SPLG,2019-04-09 04:00:00+00:00,30.61804379707824,30.65424341040038,30.509434599568664,30.57278823852539,326300,2019,4,14,Tuesday,30.5886,30.744749069213867,-0.56,-0.41,-0.77,-0.56,0.77,30.4373,30.1299,29.8224,29.515,29.2075,28.9001,28.5926,28.2852,27.9777,27.6703,27.3628,27.0554,26.7479,26.4405,26.133,25.8256,25.2107,24.9032,24.5958,24.2884,23.9809,23.6735,23.366,23.0586,0,0.0,False,False,False,False,False,False,False,False,False,False,False,False,False,False,False,False,False,False,False,False,False,False,False,False
SPLG,2019-04-10 04:00:00+00:00,30.62709263686688,30.69949531555176,30.581840531124524,30.69949531555176,360500,2019,4,14,Wednesday,30.652,30.57278823852539,0.41,0.18,0.03,0.41,-0.03,30.2671,29.9613,29.6556,29.3499,29.0441,28.7384,28.4327,28.127,27.8212,27.5155,27.2098,26.9041,26.5983,26.2926,25.9869,25.6811,25.0697,24.764,24.4582,24.1525,23.8468,23.541,23.2353,22.9296,0,0.0,False,False,False,False,False,False,False,False,False,False,False,False,False,False,False,False,False,False,False,False,False,False,False,False
SPLG,2019-04-11 04:00:00+00:00,30.7538029849872,30.7538029849872,30.618046654203688,30.681400299072266,326700,2019,4,14,Thursday,30.7018,30.69949531555176,-0.06,0.18,-0.27,-0.06,0.27,30.3925,30.0855,29.7785,29.4715,29.1645,28.8575,28.5505,28.2435,27.9365,27.6295,27.3226,27.0156,26.7086,26.4016,26.0946,25.7876,25.1736,24.8666,24.5596,24.2526,23.9456,23.6386,23.3316,23.0246,0,0.0,False,False,False,False,False,False,False,False,False,False,False,False,False,False,False,False,False,False,False,False,False,False,False,False
SPLG,2019-04-12 04:00:00+00:00,30.880510113297788,30.91671318232336,30.79000589324856,30.889562606811523,347500,2019,4,14,Friday,30.8692,30.681400299072266,0.68,0.65,0.35,0.68,-0.35,30.3746,30.0678,29.761,29.4541,29.1473,28.8405,28.5337,28.2269,27.9201,27.6133,27.3064,26.9996,26.6928,26.386,26.0792,25.7724,25.1587,24.8519,24.5451,24.2383,23.9315,23.6247,23.3179,23.0111,0,0.0,False,False,False,False,False,False,False,False,False,False,False,False,False,False,False,False,False,False,False,False,False,False,False,False
SPLG,2019-04-15 04:00:00+00:00,30.907659209489,30.907659209489,30.780948488118334,30.871456146240234,568800,2019,4,15,Monday,30.8669,30.889562606811523,-0.06,0.06,-0.35,-0.06,0.35,30.5807,30.2718,29.9629,29.654,29.3451,29.0362,28.7273,28.4184,28.1095,27.8006,27.4917,27.1828,26.8739,26.565,26.2561,25.9472,25.3294,25.0205,24.7117,24.4028,24.0939,23.785,23.4761,23.1672,0,0.0,False,False,False,False,False,False,False,False,False,False,False,False,False,False,False,False,False,False,False,False,False,False,False,False
SPLG,2019-04-16 04:00:00+00:00,30.98006682686076,30.98006682686076,30.808107427761342,30.889562606811523,843200,2019,4,15,Tuesday,30.9145,30.871456146240234,0.06,0.35,-0.21,0.06,0.21,30.5627,30.254,29.9453,29.6366,29.3279,29.0192,28.7105,28.4017,28.093,27.7843,27.4756,27.1669,26.8582,26.5495,26.2407,25.932,25.3146,25.0059,24.6972,24.3885,24.0797,23.771,23.4623,23.1536,0,0.0,False,False,False,False,False,False,False,False,False,False,False,False,False,False,False,False,False,False,False,False,False,False,False,False
SPLG,2019-04-17 04:00:00+00:00,31.016262960220725,31.016262960220725,30.73569441678362,30.78999900817871,567600,2019,4,15,Wednesday,30.8896,30.889562606811523,-0.32,0.41,-0.5,-0.32,0.5,30.5807,30.2718,29.9629,29.654,29.3451,29.0362,28.7273,28.4184,28.1095,27.8006,27.4917,27.1828,26.8739,26.565,26.2561,25.9472,25.3294,25.0205,24.7117,24.4028,24.0939,23.785,23.4761,23.1672,0,0.0,False,False,False,False,False,False,False,False,False,False,False,False,False,False,False,False,False,False,False,False,False,False,False,False
SPLG,2019-04-18 04:00:00+00:00,30.88050216153811,30.88050216153811,30.7085428067184,30.85335159301757,276100,2019,4,15,Thursday,30.8307,30.78999900817871,0.21,0.29,-0.26,0.21,0.26,30.4821,30.1742,29.8663,29.5584,29.2505,28.9426,28.6347,28.3268,28.0189,27.711,27.4031,27.0952,26.7873,26.4794,26.1715,25.8636,25.2478,24.9399,24.632,24.3241,24.0162,23.7083,23.4004,23.0925,0,0.0,False,False,False,False,False,False,False,False,False,False,False,False,False,False,False,False,False,False,False,False,False,False,False,False
SPLG,2019-04-22 04:00:00+00:00,30.76285474119601,30.898611068725582,30.753802247851933,30.898611068725582,1623700,2019,4,16,Monday,30.8285,30.85335159301757,0.15,-0.29,-0.32,0.15,0.32,30.5448,30.2363,29.9278,29.6192,29.3107,29.0022,28.6936,28.3851,28.0765,27.768,27.4595,27.1509,26.8424,26.5339,26.2253,25.9168,25.2997,24.9912,24.6827,24.3741,24.0656,23.7571,23.4485,23.14,0,0.0,False,False,False,False,False,False,False,False,False,False,False,False,False,False,False,False,False,False,False,False,False,False,False,False
SPLG,2019-04-23 04:00:00+00:00,30.943859864025868,31.19727786280139,30.925758331790885,31.179176330566406,658500,2019,4,16,Tuesday,31.0615,30.898611068725582,0.91,0.15,0.09,0.91,-0.09,30.5896,30.2806,29.9717,29.6627,29.3537,29.0447,28.7357,28.4267,28.1177,27.8087,27.4998,27.1908,26.8818,26.5728,26.2638,25.9548,25.3369,25.0279,24.7189,24.4099,24.1009,23.7919,23.4829,23.174,0,0.0,False,False,False,False,False,False,False,False,False,False,False,False,False,False,False,False,False,False,False,False,False,False,False,False
SPLG,2019-04-24 04:00:00+00:00,31.179174894496725,31.21537795729923,31.097719729448137,31.12487030029297,1598700,2019,4,16,Wednesday,31.1543,31.179176330566406,-0.17,-0.0,-0.26,-0.17,0.26,30.8674,30.5556,30.2438,29.932,29.6202,29.3084,28.9966,28.6848,28.3731,28.0613,27.7495,27.4377,27.1259,26.8141,26.5023,26.1905,25.5669,25.2551,24.9433,24.6315,24.3198,24.008,23.6962,23.3844,0,0.0,False,False,False,False,False,False,False,False,False,False,False,False,False,False,False,False,False,False,False,False,False,False,False,False
SPLG,2019-04-25 04:00:00+00:00,31.1339293611255,31.15202744383113,30.94386496756816,31.070575714111328,395100,2019,4,16,Thursday,31.0751,31.12487030029297,-0.17,0.03,-0.58,-0.17,0.58,30.8136,30.5024,30.1911,29.8799,29.5686,29.2574,28.9461,28.6349,28.3236,28.0124,27.7011,27.3899,27.0786,26.7674,26.4561,26.1449,25.5224,25.2111,24.8999,24.5886,24.2774,23.9662,23.6549,23.3437,0,0.0,False,False,False,False,False,False,False,False,False,False,False,False,False,False,False,False,False,False,False,False,False,False,False,False
SPLG,2019-04-26 04:00:00+00:00,31.088674686841,31.2244344786236,30.98912141905068,31.21538543701172,610900,2019,4,16,Friday,31.1294,31.070575714111328,0.47,0.06,-0.26,0.47,0.26,30.7599,30.4492,30.1385,29.8278,29.517,29.2063,28.8956,28.5849,28.2742,27.9635,27.6528,27.3421,27.0314,26.7207,26.41,26.0993,25.4779,25.1672,24.8565,24.5458,24.235,23.9243,23.6136,23.3029,0,0.0,False,False,False,False,False,False,False,False,False,False,False,False,False,False,False,False,False,False,False,False,False,False,False,False
SPLG,2019-04-29 04:00:00+00:00,31.242524310275925,31.33302850254966,31.224422781318456,31.2606258392334,344900,2019,4,17,Monday,31.2652,31.21538543701172,0.14,0.09,0.03,0.14,-0.03,30.9032,30.5911,30.2789,29.9668,29.6546,29.3425,29.0303,28.7182,28.406,28.0938,27.7817,27.4695,27.1574,26.8452,26.5331,26.2209,25.5966,25.2845,24.9723,24.6602,24.348,24.0358,23.7237,23.4115,0,0.0,False,False,False,False,False,False,False,False,False,False,False,False,False,False,False,False,False,False,False,False,False,False,False,False
SPLG,2019-04-30 04:00:00+00:00,31.2606261653402,31.33302882941176,31.088663364707138,31.29682922363281,889400,2019,4,17,Tuesday,31.2448,31.2606258392334,0.12,0.0,-0.55,0.12,0.55,30.948,30.6354,30.3228,30.0102,29.6976,29.385,29.0724,28.7598,28.4472,28.1346,27.822,27.5094,27.1967,26.8841,26.5715,26.2589,25.6337,25.3211,25.0085,24.6959,24.3833,24.0707,23.7581,23.4455,0,0.0,False,False,False,False,False,False,False,False,False,False,False,False,False,False,False,False,False,False,False,False,False,False,False,False
SPLG,2019-05-01 04:00:00+00:00,31.378285093274364,31.405439116856897,31.0705694144614,31.07961845397949,736000,2019,5,17,Wednesday,31.2335,31.29682922363281,-0.69,0.26,-0.72,-0.69,0.72,30.9839,30.6709,30.3579,30.045,29.732,29.419,29.1061,28.7931,28.4801,28.1671,27.8542,27.5412,27.2282,26.9153,26.6023,26.2893,25.6634,25.3504,25.0375,24.7245,24.4115,24.0986,23.7856,23.4726,0,0.0,False,False,False,False,False,False,False,False,False,False,False,False,False,False,False,False,False,False,False,False,False,False,False,False
SPLG,2019-05-02 04:00:00+00:00,31.06152201077341,31.15202623083681,30.826208967099767,31.00721740722656,634900,2019,5,17,Thursday,31.0117,31.07961845397949,-0.23,-0.06,-0.82,-0.23,0.82,30.7688,30.458,30.1472,29.8364,29.5256,29.2148,28.904,28.5932,28.2825,27.9717,27.6609,27.3501,27.0393,26.7285,26.4177,26.1069,25.4853,25.1745,24.8637,24.5529,24.2421,23.9313,23.6205,23.3097,0,0.0,False,False,False,False,False,False,False,False,False,False,False,False,False,False,False,False,False,False,False,False,False,False,False,False
SPLG,2019-05-03 04:00:00+00:00,31.21537213260336,31.35112841400989,31.17011658628773,31.333026885986328,561300,2019,5,17,Friday,31.2674,31.00721740722656,1.05,0.67,0.53,1.05,-0.53,30.6971,30.3871,30.077,29.7669,29.4569,29.1468,28.8367,28.5266,28.2166,27.9065,27.5964,27.2864,26.9763,26.6662,26.3561,26.0461,25.4259,25.1158,24.8058,24.4957,24.1856,23.8756,23.5655,23.2554,0,0.0,False,False,False,False,False,False,False,False,False,False,False,False,False,False,False,False,False,False,False,False,False,False,False,False
SPLG,2019-05-06 04:00:00+00:00,30.80810951417886,31.26063755010094,30.80810951417886,31.21538543701172,549900,2019,5,18,Monday,31.0231,31.333026885986328,-0.38,-1.68,-1.68,-0.38,1.68,31.0197,30.7064,30.393,30.0797,29.7664,29.453,29.1397,28.8264,28.5131,28.1997,27.8864,27.5731,27.2597,26.9464,26.6331,26.3197,25.6931,25.3798,25.0664,24.7531,24.4398,24.1264,23.8131,23.4998,1,31.0197,True,False,False,False,False,False,False,False,False,False,False,False,False,False,False,False,False,False,False,False,False,False,False,False
SPLG,2019-05-07 04:00:00+00:00,30.95290813442721,30.98911119395909,30.45512814966218,30.6904411315918,499100,2019,5,18,Tuesday,30.7719,31.21538543701172,-1.68,-0.84,-2.44,-1.68,2.44,30.9032,30.5911,30.2789,29.9668,29.6546,29.3425,29.0303,28.7182,28.406,28.0938,27.7817,27.4695,27.1574,26.8452,26.5331,26.2209,25.5966,25.2845,24.9723,24.6602,24.348,24.0358,23.7237,23.4115,2,61.4943,True,True,False,False,False,False,False,False,False,False,False,False,False,False,False,False,False,False,False,False,False,False,False,False
SPLG,2019-05-08 04:00:00+00:00,30.654240231890608,30.817150558748565,30.572785068461627,30.64519119262696,397900,2019,5,18,Wednesday,30.6723,30.6904411315918,-0.15,-0.12,-0.38,-0.15,0.38,30.3835,30.0766,29.7697,29.4628,29.1559,28.849,28.5421,28.2352,27.9283,27.6214,27.3145,27.0076,26.7007,26.3938,26.0869,25.78,25.1662,24.8593,24.5524,24.2454,23.9385,23.6316,23.3247,23.0178,0,0.0,False,False,False,False,False,False,False,False,False,False,False,False,False,False,False,False,False,False,False,False,False,False,False,False
SPLG,2019-05-09 04:00:00+00:00,30.391783077879467,30.608994591194293,30.20171868808555,30.54564094543457,622300,2019,5,18,Thursday,30.437,30.64519119262696,-0.32,-0.83,-1.45,-0.32,1.45,30.3387,30.0323,29.7258,29.4194,29.1129,28.8065,28.5,28.1936,27.8871,27.5807,27.2742,26.9678,26.6613,26.3549,26.0484,25.742,25.1291,24.8226,24.5162,24.2097,23.9032,23.5968,23.2903,22.9839,1,30.3387,True,False,False,False,False,False,False,False,False,False,False,False,False,False,False,False,False,False,False,False,False,False,False,False
SPLG,2019-05-10 04:00:00+00:00,30.43702661989624,30.771896289281624,30.093104459371,30.6904411315918,392000,2019,5,18,Friday,30.4981,30.54564094543457,0.47,-0.36,-1.48,0.47,1.48,30.2402,29.9347,29.6293,29.3238,29.0184,28.7129,28.4074,28.102,27.7965,27.4911,27.1856,26.8802,26.5747,26.2693,25.9638,25.6583,25.0474,24.742,24.4365,24.1311,23.8256,23.5201,23.2147,22.9092,1,30.2402,True,False,False,False,False,False,False,False,False,False,False,False,False,False,False,False,False,False,False,False,False,False,False,False
SPLG,2019-05-13 04:00:00+00:00,30.10215863101689,30.174564762427337,29.81254101040387,29.92115020751953,597100,2019,5,19,Monday,30.0026,30.6904411315918,-2.51,-1.92,-2.86,-2.51,2.86,30.3835,30.0766,29.7697,29.4628,29.1559,28.849,28.5421,28.2352,27.9283,27.6214,27.3145,27.0076,26.7007,26.3938,26.0869,25.78,25.1662,24.8593,24.5524,24.2454,23.9385,23.6316,23.3247,23.0178,2,60.4602,True,True,False,False,False,False,False,False,False,False,False,False,False,False,False,False,False,False,False,False,False,False,False,False
SPLG,2019-05-14 04:00:00+00:00,30.03880949608473,30.364630231254107,30.01165891899225,30.192670822143555,434300,2019,5,19,Tuesday,30.1519,29.92115020751953,0.91,0.39,0.3,0.91,-0.3,29.6219,29.3227,29.0235,28.7243,28.4251,28.1259,27.8267,27.5275,27.2282,26.929,26.6298,26.3306,26.0314,25.7322,25.433,25.1338,24.5353,24.2361,23.9369,23.6377,23.3385,23.0393,22.7401,22.4409,0,0.0,False,False,False,False,False,False,False,False,False,False,False,False,False,False,False,False,False,False,False,False,False,False,False,False
SPLG,2019-05-15 04:00:00+00:00,30.011658224173555,30.44608471017008,29.98450764770965,30.373682022094727,727800,2019,5,19,Wednesday,30.204,30.192670822143555,0.6,-0.6,-0.69,0.6,0.69,29.8907,29.5888,29.2869,28.985,28.683,28.3811,28.0792,27.7773,27.4753,27.1734,26.8715,26.5696,26.2676,25.9657,25.6638,25.3618,24.758,24.4561,24.1541,23.8522,23.5503,23.2484,22.9464,22.6445,0,0.0,False,False,False,False,False,False,False,False,False,False,False,False,False,False,False,False,False,False,False,False,False,False,False,False
SPLG,2019-05-16 04:00:00+00:00,30.464179334727664,30.78999998844358,30.464179334727664,30.64519119262696,506700,2019,5,19,Thursday,30.5909,30.373682022094727,0.89,0.3,0.3,0.89,-0.3,30.0699,29.7662,29.4625,29.1587,28.855,28.5513,28.2475,27.9438,27.6401,27.3363,27.0326,26.7288,26.4251,26.1214,25.8176,25.5139,24.9064,24.6027,24.2989,23.9952,23.6915,23.3877,23.084,22.7803,0,0.0,False,False,False,False,False,False,False,False,False,False,False,False,False,False,False,False,False,False,False,False,False,False,False,False
SPLG,2019-05-17 04:00:00+00:00,30.391788736353973,30.726658562362115,30.391788736353973,30.46419143676757,540300,2019,5,19,Friday,30.4936,30.64519119262696,-0.59,-0.83,-0.83,-0.59,0.83,30.3387,30.0323,29.7258,29.4194,29.1129,28.8065,28.5,28.1936,27.8871,27.5807,27.2742,26.9678,26.6613,26.3549,26.0484,25.742,25.1291,24.8226,24.5162,24.2097,23.9032,23.5968,23.2903,22.9839,0,0.0,False,False,False,False,False,False,False,False,False,False,False,False,False,False,False,False,False,False,False,False,False,False,False,False
SPLG,2019-05-20 04:00:00+00:00,30.26507054027116,30.3917812767962,30.16551728320188,30.25602149963379,333900,2019,5,20,Monday,30.2696,30.46419143676757,-0.68,-0.65,-0.98,-0.68,0.98,30.1595,29.8549,29.5503,29.2456,28.941,28.6363,28.3317,28.0271,27.7224,27.4178,27.1131,26.8085,26.5038,26.1992,25.8946,25.5899,24.9806,24.676,24.3714,24.0667,23.7621,23.4574,23.1528,22.8481,0,0.0,False,False,False,False,False,False,False,False,False,False,False,False,False,False,False,False,False,False,False,False,False,False,False,False
SPLG,2019-05-21 04:00:00+00:00,30.43703868049308,30.56374598654829,30.42798618576619,30.509441375732425,325100,2019,5,20,Tuesday,30.4846,30.25602149963379,0.84,0.6,0.57,0.84,-0.57,29.9535,29.6509,29.3483,29.0458,28.7432,28.4407,28.1381,27.8355,27.533,27.2304,26.9279,26.6253,26.3227,26.0202,25.7176,25.4151,24.8099,24.5074,24.2048,23.9023,23.5997,23.2971,22.9946,22.692,0,0.0,False,False,False,False,False,False,False,False,False,False,False,False,False,False,False,False,False,False,False,False,False,False,False,False
SPLG,2019-05-22 04:00:00+00:00,30.418933289257108,30.52753904461257,30.373681178901894,30.427982330322266,282500,2019,5,20,Wednesday,30.437,30.509441375732425,-0.27,-0.3,-0.44,-0.27,0.44,30.2043,29.8993,29.5942,29.2891,28.984,28.6789,28.3738,28.0687,27.7636,27.4585,27.1534,26.8483,26.5432,26.2381,25.933,25.6279,25.0177,24.7126,24.4076,24.1025,23.7974,23.4923,23.1872,22.8821,0,0.0,False,False,False,False,False,False,False,False,False,False,False,False,False,False,False,False,False,False,False,False,False,False,False,False
SPLG,2019-05-23 04:00:00+00:00,30.16551169141141,30.16551169141141,29.87589065698444,30.04785346984864,930300,2019,5,20,Thursday,30.0637,30.427982330322266,-1.25,-0.86,-1.81,-1.25,1.81,30.1237,29.8194,29.5151,29.2109,28.9066,28.6023,28.298,27.9937,27.6895,27.3852,27.0809,26.7766,26.4723,26.1681,25.8638,25.5595,24.9509,24.6467,24.3424,24.0381,23.7338,23.4295,23.1253,22.821,1,30.1237,True,False,False,False,False,False,False,False,False,False,False,False,False,False,False,False,False,False,False,False,False,False,False,False
SPLG,2019-05-24 04:00:00+00:00,30.201718121085424,30.246970231133563,30.029758721896616,30.102161407470703,416700,2019,5,20,Friday,30.1452,30.04785346984864,0.18,0.51,-0.06,0.18,0.06,29.7474,29.4469,29.1464,28.8459,28.5455,28.245,27.9445,27.644,27.3435,27.0431,26.7426,26.4421,26.1416,25.8412,25.5407,25.2402,24.6392,24.3388,24.0383,23.7378,23.4373,23.1368,22.8364,22.5359,0,0.0,False,False,False,False,False,False,False,False,False,False,False,False,False,False,False,False,False,False,False,False,False,False,False,False
SPLG,2019-05-28 04:00:00+00:00,30.165517005696,30.25602122129532,29.83969630551521,29.848745346069336,550400,2019,5,21,Tuesday,30.0275,30.102161407470703,-0.84,0.21,-0.87,-0.84,0.87,29.8011,29.5001,29.1991,28.8981,28.5971,28.296,27.995,27.694,27.393,27.0919,26.7909,26.4899,26.1889,25.8879,25.5868,25.2858,24.6838,24.3828,24.0817,23.7807,23.4797,23.1787,22.8776,22.5766,0,0.0,False,False,False,False,False,False,False,False,False,False,False,False,False,False,False,False,False,False,False,False,False,False,False,False
SPLG,2019-05-29 04:00:00+00:00,29.722036301197694,29.74013783374734,29.468621750531288,29.640581130981445,787600,2019,5,21,Wednesday,29.6428,29.848745346069336,-0.7,-0.42,-1.27,-0.7,1.27,29.5503,29.2518,28.9533,28.6548,28.3563,28.0578,27.7593,27.4608,27.1624,26.8639,26.5654,26.2669,25.9684,25.6699,25.3714,25.0729,24.476,24.1775,23.879,23.5805,23.282,22.9835,22.685,22.3866,1,29.5503,True,False,False,False,False,False,False,False,False,False,False,False,False,False,False,False,False,False,False,False,False,False,False,False
SPLG,2019-05-30 04:00:00+00:00,29.73108237833328,29.81253754043202,29.577224545765624,29.70393180847168,514100,2019,5,21,Thursday,29.7062,29.640581130981445,0.21,0.31,-0.21,0.21,0.21,29.3442,29.0478,28.7514,28.455,28.1586,27.8621,27.5657,27.2693,26.9729,26.6765,26.3801,26.0837,25.7873,25.4909,25.1945,24.8981,24.3053,24.0089,23.7125,23.4161,23.1197,22.8232,22.5268,22.2304,0,0.0,False,False,False,False,False,False,False,False,False,False,False,False,False,False,False,False,False,False,False,False,False,False,False,False
SPLG,2019-05-31 04:00:00+00:00,29.378111139882844,29.504818402501808,29.29665597784009,29.33285903930664,955300,2019,5,21,Friday,29.3781,29.70393180847168,-1.25,-1.1,-1.37,-1.25,1.37,29.4069,29.1099,28.8128,28.5158,28.2187,27.9217,27.6247,27.3276,27.0306,26.7335,26.4365,26.1395,25.8424,25.5454,25.2483,24.9513,24.3572,24.0602,23.7631,23.4661,23.1691,22.872,22.575,22.2779,1,29.4069,True,False,False,False,False,False,False,False,False,False,False,False,False,False,False,False,False,False,False,False,False,False,False,False
SPLG,2019-06-03 04:00:00+00:00,29.13375397824018,29.459574719509064,29.079452823038668,29.23331069946289,1392800,2019,6,22,Monday,29.2265,29.33285903930664,-0.34,-0.68,-0.86,-0.34,0.86,29.0395,28.7462,28.4529,28.1595,27.8662,27.5729,27.2796,26.9862,26.6929,26.3996,26.1062,25.8129,25.5196,25.2263,24.9329,24.6396,24.0529,23.7596,23.4663,23.173,22.8796,22.5863,22.293,21.9996,0,0.0,False,False,False,False,False,False,False,False,False,False,False,False,False,False,False,False,False,False,False,False,False,False,False,False
SPLG,2019-06-04 04:00:00+00:00,29.504820971665897,29.89399528503418,29.459568867149315,29.89399528503418,443700,2019,6,22,Tuesday,29.6881,29.23331069946289,2.26,0.93,0.77,2.26,-0.77,28.941,28.6486,28.3563,28.064,27.7716,27.4793,27.187,26.8946,26.6023,26.31,26.0176,25.7253,25.433,25.1406,24.8483,24.556,23.9713,23.679,23.3866,23.0943,22.802,22.5096,22.2173,21.925,0,0.0,False,False,False,False,False,False,False,False,False,False,False,False,False,False,False,False,False,False,False,False,False,False,False,False
SPLG,2019-06-05 04:00:00+00:00,30.07500654820779,30.16551420792729,29.88494564156813,30.15646171569824,562700,2019,6,22,Wednesday,30.0705,29.89399528503418,0.88,0.61,-0.03,0.88,0.03,29.5951,29.2961,28.9972,28.6982,28.3993,28.1004,27.8014,27.5025,27.2035,26.9046,26.6057,26.3067,26.0078,25.7088,25.4099,25.111,24.5131,24.2141,23.9152,23.6163,23.3173,23.0184,22.7194,22.4205,0,0.0,False,False,False,False,False,False,False,False,False,False,False,False,False,False,False,False,False,False,False,False,False,False,False,False
SPLG,2019-06-06 04:00:00+00:00,30.21982091578197,30.427983392695594,30.12931669191164,30.3646297454834,459900,2019,6,22,Thursday,30.2854,30.15646171569824,0.69,0.21,-0.09,0.69,0.09,29.8549,29.5533,29.2518,28.9502,28.6486,28.3471,28.0455,27.7439,27.4424,27.1408,26.8393,26.5377,26.2361,25.9346,25.633,25.3314,24.7283,24.4267,24.1252,23.8236,23.522,23.2205,22.9189,22.6173,0,0.0,False,False,False,False,False,False,False,False,False,False,False,False,False,False,False,False,False,False,False,False,False,False,False,False
SPLG,2019-06-07 04:00:00+00:00,30.500384827935523,30.780949950154383,30.48228329545136,30.672344207763672,2540900,2019,6,22,Friday,30.609,30.3646297454834,1.01,0.45,0.39,1.01,-0.39,30.061,29.7573,29.4537,29.15,28.8464,28.5428,28.2391,27.9355,27.6318,27.3282,27.0245,26.7209,26.4172,26.1136,25.8099,25.5063,24.899,24.5954,24.2917,23.9881,23.6844,23.3808,23.0771,22.7735,0,0.0,False,False,False,False,False,False,False,False,False,False,False,False,False,False,False,False,False,False,False,False,False,False,False,False
SPLG,2019-06-10 04:00:00+00:00,30.871460223404306,31.0253180837602,30.80810658060899,30.826208114624023,678600,2019,6,23,Monday,30.8828,30.672344207763672,0.5,0.65,0.44,0.5,-0.44,30.3656,30.0589,29.7522,29.4455,29.1387,28.832,28.5253,28.2186,27.9118,27.6051,27.2984,26.9917,26.6849,26.3782,26.0715,25.7648,25.1513,24.8446,24.5379,24.2312,23.9244,23.6177,23.311,23.0043,0,0.0,False,False,False,False,False,False,False,False,False,False,False,False,False,False,False,False,False,False,False,False,False,False,False,False
SPLG,2019-06-11 04:00:00+00:00,31.034367535643423,31.05246906788449,30.717595900195995,30.808103561401367,371500,2019,6,23,Tuesday,30.9031,30.826208114624023,-0.06,0.68,-0.35,-0.06,0.35,30.5179,30.2097,29.9014,29.5932,29.2849,28.9766,28.6684,28.3601,28.0518,27.7436,27.4353,27.1271,26.8188,26.5105,26.2023,25.894,25.2775,24.9692,24.661,24.3527,24.0444,23.7362,23.4279,23.1197,0,0.0,False,False,False,False,False,False,False,False,False,False,False,False,False,False,False,False,False,False,False,False,False,False,False,False
SPLG,2019-06-12 04:00:00+00:00,30.780950010999334,30.84430710107632,30.69949484091672,30.75379943847656,465100,2019,6,23,Wednesday,30.7696,30.808103561401367,-0.18,-0.09,-0.35,-0.18,0.35,30.5,30.1919,29.8839,29.5758,29.2677,28.9596,28.6515,28.3435,28.0354,27.7273,27.4192,27.1111,26.8031,26.495,26.1869,25.8788,25.2626,24.9546,24.6465,24.3384,24.0303,23.7222,23.4142,23.1061,0,0.0,False,False,False,False,False,False,False,False,False,False,False,False,False,False,False,False,False,False,False,False,False,False,False,False
SPLG,2019-06-13 04:00:00+00:00,30.84430991871961,30.91671260289912,30.780952822854925,30.898611068725582,1294400,2019,6,23,Thursday,30.8601,30.75379943847656,0.47,0.29,0.09,0.47,-0.09,30.4463,30.1387,29.8312,29.5236,29.2161,28.9086,28.601,28.2935,27.986,27.6784,27.3709,27.0633,26.7558,26.4483,26.1407,25.8332,25.2181,24.9106,24.603,24.2955,23.988,23.6804,23.3729,23.0653,0,0.0,False,False,False,False,False,False,False,False,False,False,False,False,False,False,False,False,False,False,False,False,False,False,False,False
SPLG,2019-06-14 04:00:00+00:00,30.871460223404306,30.89861079816956,30.74475293781367,30.826208114624023,420300,2019,6,23,Friday,30.8353,30.898611068725582,-0.23,-0.09,-0.5,-0.23,0.5,30.5896,30.2806,29.9717,29.6627,29.3537,29.0447,28.7357,28.4267,28.1177,27.8087,27.4998,27.1908,26.8818,26.5728,26.2638,25.9548,25.3369,25.0279,24.7189,24.4099,24.1009,23.7919,23.4829,23.174,0,0.0,False,False,False,False,False,False,False,False,False,False,False,False,False,False,False,False,False,False,False,False,False,False,False,False
SPLG,2019-06-17 04:00:00+00:00,30.85335159301757,30.943855789761887,30.835250063165955,30.85335159301757,383100,2019,6,24,Monday,30.8715,30.826208114624023,0.09,0.09,0.03,0.09,-0.03,30.5179,30.2097,29.9014,29.5932,29.2849,28.9766,28.6684,28.3601,28.0518,27.7436,27.4353,27.1271,26.8188,26.5105,26.2023,25.894,25.2775,24.9692,24.661,24.3527,24.0444,23.7362,23.4279,23.1197,0,0.0,False,False,False,False,False,False,False,False,False,False,False,False,False,False,False,False,False,False,False,False,False,False,False,False
SPLG,2019-06-18 04:00:00+00:00,31.0524749728321,31.296840525783853,31.0524749728321,31.170129776000977,1932900,2019,6,24,Tuesday,31.143,30.85335159301757,1.03,0.65,0.65,1.03,-0.65,30.5448,30.2363,29.9278,29.6192,29.3107,29.0022,28.6936,28.3851,28.0765,27.768,27.4595,27.1509,26.8424,26.5339,26.2253,25.9168,25.2997,24.9912,24.6827,24.3741,24.0656,23.7571,23.4485,23.14,0,0.0,False,False,False,False,False,False,False,False,False,False,False,False,False,False,False,False,False,False,False,False,False,False,False,False
SPLG,2019-06-19 04:00:00+00:00,31.179177502376387,31.323986313184367,31.09772233051475,31.27873420715332,390500,2019,6,24,Wednesday,31.2199,31.170129776000977,0.35,0.03,-0.23,0.35,0.23,30.8584,30.5467,30.235,29.9233,29.6116,29.2999,28.9882,28.6765,28.3648,28.0531,27.7414,27.4297,27.118,26.8063,26.4946,26.1829,25.5595,25.2478,24.9361,24.6244,24.3127,24.001,23.6893,23.3776,0,0.0,False,False,False,False,False,False,False,False,False,False,False,False,False,False,False,False,False,False,False,False,False,False,False,False
SPLG,2019-06-20 04:00:00+00:00,31.60455135882632,31.613603851517304,31.33303527084093,31.56835174560547,569500,2019,6,24,Thursday,31.5299,31.27873420715332,0.93,1.04,0.17,0.93,-0.17,30.9659,30.6532,30.3404,30.0276,29.7148,29.402,29.0892,28.7764,28.4636,28.1509,27.8381,27.5253,27.2125,26.8997,26.5869,26.2741,25.6486,25.3358,25.023,24.7102,24.3974,24.0846,23.7718,23.4591,0,0.0,False,False,False,False,False,False,False,False,False,False,False,False,False,False,False,False,False,False,False,False,False,False,False,False
SPLG,2019-06-21 04:00:00+00:00,31.54288186423741,31.652025811727835,31.47011691949478,31.52469062805176,319000,2019,6,24,Friday,31.5474,31.56835174560547,-0.14,-0.08,-0.31,-0.14,0.31,31.2527,30.937,30.6213,30.3056,29.9899,29.6743,29.3586,29.0429,28.7272,28.4115,28.0958,27.7801,27.4645,27.1488,26.8331,26.5174,25.886,25.5704,25.2547,24.939,24.6233,24.3076,23.9919,23.6763,0,0.0,False,False,False,False,False,False,False,False,False,False,False,False,False,False,False,False,False,False,False,False,False,False,False,False
SPLG,2019-06-24 04:00:00+00:00,31.54288301463562,31.54288301463562,31.43373906316462,31.442832946777344,1857600,2019,6,25,Monday,31.4906,31.52469062805176,-0.26,0.06,-0.29,-0.26,0.29,31.2094,30.8942,30.5789,30.2637,29.9485,29.6332,29.318,29.0027,28.6875,28.3722,28.057,27.7417,27.4265,27.1112,26.796,26.4807,25.8502,25.535,25.2198,24.9045,24.5893,24.274,23.9588,23.6435,0,0.0,False,False,False,False,False,False,False,False,False,False,False,False,False,False,False,False,False,False,False,False,False,False,False,False
SPLG,2019-06-25 04:00:00+00:00,31.45193073435999,31.45193073435999,31.09720681533916,31.10630416870117,591500,2019,6,25,Tuesday,31.2768,31.442832946777344,-1.07,0.03,-1.1,-1.07,1.1,31.1284,30.814,30.4995,30.1851,29.8707,29.5563,29.2418,28.9274,28.613,28.2985,27.9841,27.6697,27.3553,27.0408,26.7264,26.412,25.7831,25.4687,25.1543,24.8398,24.5254,24.211,23.8966,23.5821,1,31.1284,True,False,False,False,False,False,False,False,False,False,False,False,False,False,False,False,False,False,False,False,False,False,False,False
SPLG,2019-06-26 04:00:00+00:00,31.23364213223993,31.27002460967125,31.06992445342301,31.088115692138672,288400,2019,6,25,Wednesday,31.1654,31.10630416870117,-0.06,0.41,-0.12,-0.06,0.12,30.7952,30.4842,30.1731,29.8621,29.551,29.2399,28.9289,28.6178,28.3067,27.9957,27.6846,27.3735,27.0625,26.7514,26.4404,26.1293,25.5072,25.1961,24.885,24.574,24.2629,23.9519,23.6408,23.3297,0,0.0,False,False,False,False,False,False,False,False,False,False,False,False,False,False,False,False,False,False,False,False,False,False,False,False
SPLG,2019-06-27 04:00:00+00:00,31.188171577683697,31.27003043233476,31.151789093477745,31.22455406188965,307000,2019,6,25,Thursday,31.2086,31.088115692138672,0.44,0.32,0.2,0.44,-0.2,30.7772,30.4664,30.1555,29.8446,29.5337,29.2228,28.9119,28.6011,28.2902,27.9793,27.6684,27.3575,27.0467,26.7358,26.4249,26.114,25.4923,25.1814,24.8705,24.5596,24.2487,23.9378,23.627,23.3161,0,0.0,False,False,False,False,False,False,False,False,False,False,False,False,False,False,False,False,False,False,False,False,False,False,False,False
SPLG,2019-06-28 04:00:00+00:00,31.333681882762686,31.433731927910248,31.27910818460323,31.41554069519043,2153400,2019,6,25,Friday,31.3655,31.22455406188965,0.61,0.35,0.17,0.61,-0.17,30.9123,30.6001,30.2878,29.9756,29.6633,29.3511,29.0388,28.7266,28.4143,28.1021,27.7899,27.4776,27.1654,26.8531,26.5409,26.2286,25.6041,25.2919,24.9796,24.6674,24.3552,24.0429,23.7307,23.4184,0,0.0,False,False,False,False,False,False,False,False,False,False,False,False,False,False,False,False,False,False,False,False,False,False,False,False
SPLG,2019-07-01 04:00:00+00:00,31.78845845987984,31.815743579442323,31.52469073869731,31.66112327575684,982500,2019,7,26,Monday,31.6975,31.41554069519043,0.78,1.19,0.35,0.78,-0.35,31.1014,30.7872,30.4731,30.1589,29.8448,29.5306,29.2165,28.9023,28.5881,28.274,27.9598,27.6457,27.3315,27.0174,26.7032,26.3891,25.7607,25.4466,25.1324,24.8183,24.5041,24.19,23.8758,23.5617,0,0.0,False,False,False,False,False,False,False,False,False,False,False,False,False,False,False,False,False,False,False,False,False,False,False,False
SPLG,2019-07-02 04:00:00+00:00,31.6793202843789,31.733890533447266,31.57017284699382,31.733890533447266,1172800,2019,7,26,Tuesday,31.6793,31.66112327575684,0.23,0.06,-0.29,0.23,0.29,31.3445,31.0279,30.7113,30.3947,30.0781,29.7615,29.4448,29.1282,28.8116,28.495,28.1784,27.8618,27.5452,27.2286,26.912,26.5953,25.9621,25.6455,25.3289,25.0123,24.6957,24.3791,24.0625,23.7458,0,0.0,False,False,False,False,False,False,False,False,False,False,False,False,False,False,False,False,False,False,False,False,False,False,False,False
SPLG,2019-07-03 04:00:00+00:00,31.83393560070476,31.997653261363983,31.824841717167526,31.988555908203125,323600,2019,7,26,Wednesday,31.9112,31.733890533447266,0.8,0.32,0.29,0.8,-0.29,31.4166,31.0992,30.7819,30.4645,30.1472,29.8299,29.5125,29.1952,28.8778,28.5605,28.2432,27.9258,27.6085,27.2911,26.9738,26.6565,26.0218,25.7045,25.3871,25.0698,24.7524,24.4351,24.1178,23.8004,0,0.0,False,False,False,False,False,False,False,False,False,False,False,False,False,False,False,False,False,False,False,False,False,False,False,False
SPLG,2019-07-05 04:00:00+00:00,31.87031250964627,31.97945644115503,31.70659487757161,31.9521713256836,502700,2019,7,26,Friday,31.8771,31.988555908203125,-0.11,-0.37,-0.88,-0.11,0.88,31.6687,31.3488,31.0289,30.709,30.3891,30.0692,29.7494,29.4295,29.1096,28.7897,28.4698,28.1499,27.83,27.5102,27.1903,26.8704,26.2306,25.9107,25.5908,25.271,24.9511,24.6312,24.3113,23.9914,0,0.0,False,False,False,False,False,False,False,False,False,False,False,False,False,False,False,False,False,False,False,False,False,False,False,False
SPLG,2019-07-08 04:00:00+00:00,31.81574334488004,31.843028464241364,31.7247906339266,31.79755210876465,614000,2019,7,27,Monday,31.7953,31.9521713256836,-0.48,-0.43,-0.71,-0.48,0.71,31.6326,31.3131,30.9936,30.6741,30.3546,30.035,29.7155,29.396,29.0765,28.757,28.4374,28.1179,27.7984,27.4789,27.1593,26.8398,26.2008,25.8813,25.5617,25.2422,24.9227,24.6032,24.2837,23.9641,0,0.0,False,False,False,False,False,False,False,False,False,False,False,False,False,False,False,False,False,False,False,False,False,False,False,False
SPLG,2019-07-09 04:00:00+00:00,31.66112050105257,31.87940837766933,31.66112050105257,31.852123260498047,676700,2019,7,27,Tuesday,31.7634,31.79755210876465,0.17,-0.43,-0.43,0.17,0.43,31.4796,31.1616,30.8436,30.5257,30.2077,29.8897,29.5717,29.2537,28.9358,28.6178,28.2998,27.9818,27.6639,27.3459,27.0279,26.7099,26.074,25.756,25.438,25.1201,24.8021,24.4841,24.1661,23.8482,0,0.0,False,False,False,False,False,False,False,False,False,False,False,False,False,False,False,False,False,False,False,False,False,False,False,False
SPLG,2019-07-10 04:00:00+00:00,31.98855470101546,32.08860476426747,31.897601990580995,31.997652053833008,430600,2019,7,27,Wednesday,31.9931,31.852123260498047,0.46,0.43,0.14,0.46,-0.14,31.5336,31.2151,30.8966,30.578,30.2595,29.941,29.6225,29.304,28.9854,28.6669,28.3484,28.0299,27.7113,27.3928,27.0743,26.7558,26.1187,25.8002,25.4817,25.1632,24.8447,24.5261,24.2076,23.8891,0,0.0,False,False,False,False,False,False,False,False,False,False,False,False,False,False,False,False,False,False,False,False,False,False,False,False
SPLG,2019-07-11 04:00:00+00:00,32.04312620908501,32.0795086786103,31.93398227013238,32.061317443847656,573800,2019,7,27,Thursday,32.0295,31.997652053833008,0.2,0.14,-0.2,0.2,0.2,31.6777,31.3577,31.0377,30.7177,30.3978,30.0778,29.7578,29.4378,29.1179,28.7979,28.4779,28.1579,27.838,27.518,27.198,26.878,26.2381,25.9181,25.5981,25.2781,24.9582,24.6382,24.3182,23.9982,0,0.0,False,False,False,False,False,False,False,False,False,False,False,False,False,False,False,False,False,False,False,False,False,False,False,False
SPLG,2019-07-12 04:00:00+00:00,32.115886764381415,32.20683945615654,32.079504299822254,32.18864822387695,497500,2019,7,27,Friday,32.1477,32.061317443847656,0.4,0.17,0.06,0.4,-0.06,31.7407,31.4201,31.0995,30.7789,30.4583,30.1376,29.817,29.4964,29.1758,28.8552,28.5346,28.214,27.8933,27.5727,27.2521,26.9315,26.2903,25.9697,25.6491,25.3284,25.0078,24.6872,24.3666,24.046,0,0.0,False,False,False,False,False,False,False,False,False,False,False,False,False,False,False,False,False,False,False,False,False,False,False,False
SPLG,2019-07-15 04:00:00+00:00,32.26142532313205,32.26142532313205,32.143184003521405,32.197757720947266,2162700,2019,7,28,Monday,32.2159,32.18864822387695,0.03,0.23,-0.14,0.03,0.14,31.8668,31.5449,31.223,30.9011,30.5792,30.2573,29.9354,29.6136,29.2917,28.9698,28.6479,28.326,28.0041,27.6822,27.3604,27.0385,26.3947,26.0728,25.7509,25.429,25.1071,24.7853,24.4634,24.1415,0,0.0,False,False,False,False,False,False,False,False,False,False,False,False,False,False,False,False,False,False,False,False,False,False,False,False
SPLG,2019-07-16 04:00:00+00:00,32.17956015120487,32.20684526973802,32.06131885485552,32.08860397338867,566500,2019,7,28,Tuesday,32.1341,32.197757720947266,-0.34,-0.06,-0.42,-0.34,0.42,31.8758,31.5538,31.2318,30.9098,30.5879,30.2659,29.9439,29.6219,29.3,28.978,28.656,28.334,28.012,27.6901,27.3681,27.0461,26.4022,26.0802,25.7582,25.4362,25.1143,24.7923,24.4703,24.1483,0,0.0,False,False,False,False,False,False,False,False,False,False,False,False,False,False,False,False,False,False,False,False,False,False,False,False
SPLG,2019-07-17 04:00:00+00:00,32.1158925869404,32.1158925869404,31.91579246520996,31.91579246520996,590100,2019,7,28,Wednesday,32.0158,32.08860397338867,-0.54,0.09,-0.54,-0.54,0.54,31.7677,31.4468,31.1259,30.8051,30.4842,30.1633,29.8424,29.5215,29.2006,28.8797,28.5589,28.238,27.9171,27.5962,27.2753,26.9544,26.3127,25.9918,25.6709,25.35,25.0291,24.7082,24.3873,24.0665,0,0.0,False,False,False,False,False,False,False,False,False,False,False,False,False,False,False,False,False,False,False,False,False,False,False,False
SPLG,2019-07-18 04:00:00+00:00,31.87032086868617,32.061323666329024,31.79755591551331,32.03403854370117,724400,2019,7,28,Thursday,31.9408,31.91579246520996,0.37,-0.14,-0.37,0.37,0.37,31.5966,31.2775,30.9583,30.6392,30.32,30.0008,29.6817,29.3625,29.0434,28.7242,28.4051,28.0859,27.7667,27.4476,27.1284,26.8093,26.1709,25.8518,25.5326,25.2135,24.8943,24.5752,24.256,23.9368,0,0.0,False,False,False,False,False,False,False,False,False,False,False,False,False,False,False,False,False,False,False,False,False,False,False,False
SPLG,2019-07-19 04:00:00+00:00,32.161378161046244,32.161378161046244,31.82484888044308,31.843036651611328,306800,2019,7,28,Friday,31.9977,32.03403854370117,-0.6,0.4,-0.65,-0.6,0.65,31.7137,31.3934,31.073,30.7527,30.4323,30.112,29.7917,29.4713,29.151,28.8306,28.5103,28.19,27.8696,27.5493,27.2289,26.9086,26.2679,25.9476,25.6272,25.3069,24.9866,24.6662,24.3459,24.0255,0,0.0,False,False,False,False,False,False,False,False,False,False,False,False,False,False,False,False,False,False,False,False,False,False,False,False
SPLG,2019-07-22 04:00:00+00:00,31.906703801965044,31.997656525109026,31.852130086304264,31.94308280944824,419500,2019,7,29,Monday,31.9249,31.843036651611328,0.31,0.2,0.03,0.31,-0.03,31.5246,31.2062,30.8877,30.5693,30.2509,29.9325,29.614,29.2956,28.9772,28.6587,28.3403,28.0219,27.7034,27.385,27.0666,26.7482,26.1113,25.7929,25.4744,25.156,24.8376,24.5191,24.2007,23.8823,0,0.0,False,False,False,False,False,False,False,False,False,False,False,False,False,False,False,False,False,False,False,False,False,False,False,False
SPLG,2019-07-23 04:00:00+00:00,32.08861199268728,32.161376953125,31.970374136412403,32.161376953125,601300,2019,7,29,Tuesday,32.0954,31.94308280944824,0.68,0.46,0.09,0.68,-0.09,31.6237,31.3042,30.9848,30.6654,30.3459,30.0265,29.7071,29.3876,29.0682,28.7488,28.4293,28.1099,27.7905,27.4711,27.1516,26.8322,26.1933,25.8739,25.5545,25.235,24.9156,24.5962,24.2767,23.9573,0,0.0,False,False,False,False,False,False,False,False,False,False,False,False,False,False,False,False,False,False,False,False,False,False,False,False
SPLG,2019-07-24 04:00:00+00:00,32.08860210733284,32.3250846862793,32.07950822489176,32.3250846862793,277100,2019,7,29,Wednesday,32.2046,32.161376953125,0.51,-0.23,-0.25,0.51,0.25,31.8398,31.5181,31.1965,30.8749,30.5533,30.2317,29.9101,29.5885,29.2669,28.9452,28.6236,28.302,27.9804,27.6588,27.3372,27.0156,26.3723,26.0507,25.7291,25.4075,25.0859,24.7643,24.4426,24.121,0,0.0,False,False,False,False,False,False,False,False,False,False,False,False,False,False,False,False,False,False,False,False,False,False,False,False
SPLG,2019-07-25 04:00:00+00:00,32.297806049509305,32.315997289618736,32.08861199268728,32.161376953125,1718600,2019,7,29,Thursday,32.2159,32.3250846862793,-0.51,-0.08,-0.73,-0.51,0.73,32.0018,31.6786,31.3553,31.0321,30.7088,30.3856,30.0623,29.7391,29.4158,29.0926,28.7693,28.4461,28.1228,27.7996,27.4763,27.1531,26.5066,26.1833,25.8601,25.5368,25.2136,24.8903,24.5671,24.2438,0,0.0,False,False,False,False,False,False,False,False,False,False,False,False,False,False,False,False,False,False,False,False,False,False,False,False
SPLG,2019-07-26 04:00:00+00:00,32.24323487730185,32.37057008480438,32.21594628310547,32.352378845214844,438300,2019,7,29,Friday,32.2955,32.161376953125,0.59,0.25,0.17,0.59,-0.17,31.8398,31.5181,31.1965,30.8749,30.5533,30.2317,29.9101,29.5885,29.2669,28.9452,28.6236,28.302,27.9804,27.6588,27.3372,27.0156,26.3723,26.0507,25.7291,25.4075,25.0859,24.7643,24.4426,24.121,0,0.0,False,False,False,False,False,False,False,False,False,False,False,False,False,False,False,False,False,False,False,False,False,False,False,False
SPLG,2019-07-29 04:00:00+00:00,32.3523756848731,32.3523756848731,32.2068492519968,32.29780197143555,252200,2019,7,30,Monday,32.3024,32.352378845214844,-0.17,-0.0,-0.45,-0.17,0.45,32.0289,31.7053,31.3818,31.0583,30.7348,30.4112,30.0877,29.7642,29.4407,29.1171,28.7936,28.4701,28.1466,27.823,27.4995,27.176,26.529,26.2054,25.8819,25.5584,25.2349,24.9113,24.5878,24.2643,0,0.0,False,False,False,False,False,False,False,False,False,False,False,False,False,False,False,False,False,False,False,False,False,False,False,False
SPLG,2019-07-30 04:00:00+00:00,32.134088069607536,32.26142326585708,32.0886082398408,32.234134674072266,368700,2019,7,30,Tuesday,32.1796,32.29780197143555,-0.2,-0.51,-0.65,-0.2,0.65,31.9748,31.6518,31.3289,31.0059,30.6829,30.3599,30.037,29.714,29.391,29.068,28.745,28.4221,28.0991,27.7761,27.4531,27.1302,26.4842,26.1612,25.8382,25.5153,25.1923,24.8693,24.5463,24.2234,0,0.0,False,False,False,False,False,False,False,False,False,False,False,False,False,False,False,False,False,False,False,False,False,False,False,False
SPLG,2019-07-31 04:00:00+00:00,32.26141950410488,32.288704623084314,31.652025246450915,31.88850784301757,1184100,2019,7,30,Wednesday,32.0227,32.234134674072266,-1.07,0.08,-1.81,-1.07,1.81,31.9118,31.5895,31.2671,30.9448,30.6224,30.3001,29.9777,29.6554,29.3331,29.0107,28.6884,28.366,28.0437,27.7214,27.399,27.0767,26.432,26.1096,25.7873,25.465,25.1426,24.8203,24.4979,24.1756,1,31.9118,True,False,False,False,False,False,False,False,False,False,False,False,False,False,False,False,False,False,False,False,False,False,False,False
SPLG,2019-08-01 04:00:00+00:00,31.87940691257964,32.2432246497185,31.515592645063847,31.588354110717773,1049000,2019,8,30,Thursday,31.8066,31.88850784301757,-0.94,-0.03,-1.17,-0.94,1.17,31.5696,31.2507,30.9319,30.613,30.2941,29.9752,29.6563,29.3374,29.0185,28.6997,28.3808,28.0619,27.743,27.4241,27.1052,26.7863,26.1486,25.8297,25.5108,25.1919,24.873,24.5542,24.2353,23.9164,1,31.5696,True,False,False,False,False,False,False,False,False,False,False,False,False,False,False,False,False,False,False,False,False,False,False,False
SPLG,2019-08-02 04:00:00+00:00,31.50650361220677,31.50650361220677,31.16087701762915,31.36097717285156,1346000,2019,8,30,Friday,31.3837,31.588354110717773,-0.72,-0.26,-1.35,-0.72,1.35,31.2725,30.9566,30.6407,30.3248,30.0089,29.6931,29.3772,29.0613,28.7454,28.4295,28.1136,27.7978,27.4819,27.166,26.8501,26.5342,25.9025,25.5866,25.2707,24.9548,24.6389,24.323,24.0071,23.6913,1,31.2725,True,False,False,False,False,False,False,False,False,False,False,False,False,False,False,False,False,False,False,False,False,False,False,False
SPLG,2019-08-05 04:00:00+00:00,30.86072906901011,30.86072906901011,30.151288138107216,30.41505241394043,968600,2019,8,31,Monday,30.5719,31.36097717285156,-3.02,-1.6,-3.86,-3.02,3.86,31.0474,30.7338,30.4201,30.1065,29.7929,29.4793,29.1657,28.8521,28.5385,28.2249,27.9113,27.5977,27.2841,26.9704,26.6568,26.3432,25.716,25.4024,25.0888,24.7752,24.4616,24.148,23.8343,23.5207,3,92.2013,True,True,True,False,False,False,False,False,False,False,False,False,False,False,False,False,False,False,False,False,False,False,False,False
SPLG,2019-08-06 04:00:00+00:00,30.64243917753739,30.83344545023635,30.4423424898692,30.81525421142578,2084300,2019,8,31,Tuesday,30.6834,30.41505241394043,1.32,0.75,0.09,1.32,-0.09,30.1109,29.8068,29.5026,29.1985,28.8943,28.5901,28.286,27.9818,27.6777,27.3735,27.0694,26.7652,26.4611,26.1569,25.8528,25.5486,24.9403,24.6362,24.332,24.0279,23.7237,23.4196,23.1154,22.8113,0,0.0,False,False,False,False,False,False,False,False,False,False,False,False,False,False,False,False,False,False,False,False,False,False,False,False
SPLG,2019-08-07 04:00:00+00:00,30.47871262358781,30.93348305256756,30.22404229363853,30.86072158813477,649600,2019,8,31,Wednesday,30.6242,30.81525421142578,0.15,-1.09,-1.92,0.15,1.92,30.5071,30.1989,29.8908,29.5826,29.2745,28.9663,28.6582,28.35,28.0419,27.7337,27.4256,27.1174,26.8093,26.5011,26.193,25.8848,25.2685,24.9604,24.6522,24.3441,24.0359,23.7277,23.4196,23.1114,1,30.5071,True,False,False,False,False,False,False,False,False,False,False,False,False,False,False,False,False,False,False,False,False,False,False,False
SPLG,2019-08-08 04:00:00+00:00,31.006254361096406,31.45193099975586,30.97896924002753,31.45193099975586,884000,2019,8,31,Thursday,31.2223,30.86072158813477,1.92,0.47,0.38,1.92,-0.38,30.5521,30.2435,29.9349,29.6263,29.3177,29.0091,28.7005,28.3919,28.0833,27.7746,27.466,27.1574,26.8488,26.5402,26.2316,25.923,25.3058,24.9972,24.6886,24.38,24.0714,23.7628,23.4541,23.1455,0,0.0,False,False,False,False,False,False,False,False,False,False,False,False,False,False,False,False,False,False,False,False,False,False,False,False
SPLG,2019-08-09 04:00:00+00:00,31.324590622743933,31.397355567772543,31.051729018133724,31.251829147338867,1494400,2019,8,31,Friday,31.2564,31.45193099975586,-0.64,-0.4,-1.27,-0.64,1.27,31.1374,30.8229,30.5084,30.1939,29.8793,29.5648,29.2503,28.9358,28.6213,28.3067,27.9922,27.6777,27.3632,27.0487,26.7341,26.4196,25.7906,25.4761,25.1615,24.847,24.5325,24.218,23.9035,23.5889,1,31.1374,True,False,False,False,False,False,False,False,False,False,False,False,False,False,False,False,False,False,False,False,False,False,False,False
SPLG,2019-08-12 04:00:00+00:00,31.06992062527017,31.11539698164413,30.742485307979933,30.85162925720215,3455100,2019,8,32,Monday,30.9449,31.251829147338867,-1.28,-0.58,-1.63,-1.28,1.63,30.9393,30.6268,30.3143,30.0018,29.6892,29.3767,29.0642,28.7517,28.4392,28.1266,27.8141,27.5016,27.1891,26.8766,26.5641,26.2515,25.6265,25.314,25.0015,24.6889,24.3764,24.0639,23.7514,23.4389,1,30.9393,True,False,False,False,False,False,False,False,False,False,False,False,False,False,False,False,False,False,False,False,False,False,False,False
SPLG,2019-08-13 04:00:00+00:00,30.833440142560114,31.479213395863606,30.797057671201863,31.30639839172364,1362400,2019,8,32,Tuesday,31.104,30.85162925720215,1.47,-0.06,-0.18,1.47,0.18,30.5431,30.2346,29.9261,29.6176,29.309,29.0005,28.692,28.3835,28.075,27.7665,27.458,27.1494,26.8409,26.5324,26.2239,25.9154,25.2983,24.9898,24.6813,24.3728,24.0643,23.7558,23.4472,23.1387,0,0.0,False,False,False,False,False,False,False,False,False,False,False,False,False,False,False,False,False,False,False,False,False,False,False,False
SPLG,2019-08-14 04:00:00+00:00,30.878915361698983,30.888009244392496,30.378668542596373,30.3968563079834,1671500,2019,8,32,Wednesday,30.6356,31.30639839172364,-2.91,-1.37,-2.96,-2.91,2.96,30.9933,30.6803,30.3672,30.0541,29.7411,29.428,29.115,28.8019,28.4888,28.1758,27.8627,27.5496,27.2366,26.9235,26.6104,26.2974,25.6712,25.3582,25.0451,24.7321,24.419,24.1059,23.7929,23.4798,2,61.6736,True,True,False,False,False,False,False,False,False,False,False,False,False,False,False,False,False,False,False,False,False,False,False,False
SPLG,2019-08-15 04:00:00+00:00,30.478720211363463,30.55148516353434,30.214955933803747,30.451435089111328,672200,2019,8,32,Thursday,30.4241,30.3968563079834,0.18,0.27,-0.6,0.18,0.6,30.0929,29.7889,29.485,29.181,28.877,28.573,28.2691,27.9651,27.6611,27.3572,27.0532,26.7492,26.4453,26.1413,25.8373,25.5334,24.9254,24.6215,24.3175,24.0135,23.7095,23.4056,23.1016,22.7976,0,0.0,False,False,False,False,False,False,False,False,False,False,False,False,False,False,False,False,False,False,False,False,False,False,False,False
SPLG,2019-08-16 04:00:00+00:00,30.660628770732306,30.96987287466618,30.660628770732306,30.92439651489257,374500,2019,8,32,Friday,30.8039,30.451435089111328,1.55,0.69,0.69,1.55,-0.69,30.1469,29.8424,29.5379,29.2334,28.9289,28.6243,28.3198,28.0153,27.7108,27.4063,27.1018,26.7973,26.4927,26.1882,25.8837,25.5792,24.9702,24.6657,24.3611,24.0566,23.7521,23.4476,23.1431,22.8386,0,0.0,False,False,False,False,False,False,False,False,False,False,False,False,False,False,False,False,False,False,False,False,False,False,False,False
SPLG,2019-08-19 04:00:00+00:00,31.279115676879883,31.35188062518852,31.179065607767363,31.279115676879883,439200,2019,8,33,Monday,31.2723,30.92439651489257,1.15,1.15,0.82,1.15,-0.82,30.6152,30.3059,29.9967,29.6874,29.3782,29.0689,28.7597,28.4504,28.1412,27.832,27.5227,27.2135,26.9042,26.595,26.2857,25.9765,25.358,25.0488,24.7395,24.4303,24.121,23.8118,23.5025,23.1933,0,0.0,False,False,False,False,False,False,False,False,False,False,False,False,False,False,False,False,False,False,False,False,False,False,False,False
SPLG,2019-08-20 04:00:00+00:00,31.242737736910808,31.26092897662802,31.02444979955269,31.051734924316406,284000,2019,8,33,Tuesday,31.145,31.279115676879883,-0.73,-0.12,-0.81,-0.73,0.81,30.9663,30.6535,30.3407,30.028,29.7152,29.4024,29.0896,28.7768,28.464,28.1512,27.8384,27.5256,27.2128,26.9,26.5872,26.2745,25.6489,25.3361,25.0233,24.7105,24.3977,24.0849,23.7721,23.4593,0,0.0,False,False,False,False,False,False,False,False,False,False,False,False,False,False,False,False,False,False,False,False,False,False,False,False
SPLG,2019-08-21 04:00:00+00:00,31.297301396134905,31.35187509774485,31.23363381240151,31.315492630004883,341200,2019,8,33,Wednesday,31.2996,31.051734924316406,0.85,0.79,0.59,0.85,-0.59,30.7412,30.4307,30.1202,29.8097,29.4991,29.1886,28.8781,28.5676,28.2571,27.9466,27.636,27.3255,27.015,26.7045,26.394,26.0835,25.4624,25.1519,24.8414,24.5309,24.2204,23.9098,23.5993,23.2888,0,0.0,False,False,False,False,False,False,False,False,False,False,False,False,False,False,False,False,False,False,False,False,False,False,False,False
SPLG,2019-08-22 04:00:00+00:00,31.40645086679629,31.47011846175449,31.08811289200527,31.279115676879883,526700,2019,8,33,Thursday,31.3109,31.315492630004883,-0.12,0.29,-0.73,-0.12,0.73,31.0023,30.6892,30.376,30.0629,29.7497,29.4366,29.1234,28.8103,28.4971,28.1839,27.8708,27.5576,27.2445,26.9313,26.6182,26.305,25.6787,25.3655,25.0524,24.7392,24.4261,24.1129,23.7998,23.4866,0,0.0,False,False,False,False,False,False,False,False,False,False,False,False,False,False,False,False,False,False,False,False,False,False,False,False
SPLG,2019-08-23 04:00:00+00:00,31.142689534677967,31.33369233753155,30.360483614850114,30.506010055541992,910400,2019,8,33,Friday,30.8357,31.279115676879883,-2.47,-0.44,-2.94,-2.47,2.94,30.9663,30.6535,30.3407,30.028,29.7152,29.4024,29.0896,28.7768,28.464,28.1512,27.8384,27.5256,27.2128,26.9,26.5872,26.2745,25.6489,25.3361,25.0233,24.7105,24.3977,24.0849,23.7721,23.4593,2,61.6199,True,True,False,False,False,False,False,False,False,False,False,False,False,False,False,False,False,False,False,False,False,False,False,False
SPLG,2019-08-26 04:00:00+00:00,30.787965618397912,30.81525421142578,30.578771576512413,30.81525421142578,1221300,2019,8,34,Monday,30.7493,30.506010055541992,1.01,0.92,0.24,1.01,-0.24,30.2009,29.8959,29.5908,29.2858,28.9807,28.6756,28.3706,28.0655,27.7605,27.4554,27.1503,26.8453,26.5402,26.2352,25.9301,25.625,25.0149,24.7099,24.4048,24.0997,23.7947,23.4896,23.1846,22.8795,0,0.0,False,False,False,False,False,False,False,False,False,False,False,False,False,False,False,False,False,False,False,False,False,False,False,False
SPLG,2019-08-27 04:00:00+00:00,30.97896373516081,31.00624885138121,30.587860877760622,30.66971969604492,489900,2019,8,34,Tuesday,30.8107,30.81525421142578,-0.47,0.53,-0.74,-0.47,0.74,30.5071,30.1989,29.8908,29.5826,29.2745,28.9663,28.6582,28.35,28.0419,27.7337,27.4256,27.1174,26.8093,26.5011,26.193,25.8848,25.2685,24.9604,24.6522,24.3441,24.0359,23.7277,23.4196,23.1114,0,0.0,False,False,False,False,False,False,False,False,False,False,False,False,False,False,False,False,False,False,False,False,False,False,False,False
SPLG,2019-08-28 04:00:00+00:00,30.58786520264101,30.89710928548155,30.53329149286081,30.888011932373047,598900,2019,8,34,Wednesday,30.7266,30.66971969604492,0.71,-0.27,-0.44,0.71,0.44,30.363,30.0563,29.7496,29.4429,29.1362,28.8295,28.5228,28.2161,27.9094,27.6027,27.2961,26.9894,26.6827,26.376,26.0693,25.7626,25.1492,24.8425,24.5358,24.2291,23.9224,23.6157,23.309,23.0023,0,0.0,False,False,False,False,False,False,False,False,False,False,False,False,False,False,False,False,False,False,False,False,False,False,False,False
SPLG,2019-08-29 04:00:00+00:00,31.16087211668217,31.35187835736414,31.079013290568035,31.27001953125,2060300,2019,8,34,Thursday,31.2154,30.888011932373047,1.24,0.88,0.62,1.24,-0.62,30.5791,30.2703,29.9614,29.6525,29.3436,29.0347,28.7259,28.417,28.1081,27.7992,27.4903,27.1815,26.8726,26.5637,26.2548,25.9459,25.3282,25.0193,24.7104,24.4015,24.0926,23.7838,23.4749,23.166,0,0.0,False,False,False,False,False,False,False,False,False,False,False,False,False,False,False,False,False,False,False,False,False,False,False,False
SPLG,2019-08-30 04:00:00+00:00,31.46102911728671,31.46102911728671,31.16997622130589,31.288217544555664,887500,2019,8,34,Friday,31.3451,31.27001953125,0.06,0.61,-0.32,0.06,0.32,30.9573,30.6446,30.3319,30.0192,29.7065,29.3938,29.0811,28.7684,28.4557,28.143,27.8303,27.5176,27.2049,26.8922,26.5795,26.2668,25.6414,25.3287,25.016,24.7033,24.3906,24.0779,23.7652,23.4525,0,0.0,False,False,False,False,False,False,False,False,False,False,False,False,False,False,False,False,False,False,False,False,False,False,False,False
SPLG,2019-09-03 04:00:00+00:00,31.11539544394933,31.1790630336512,30.94258391041905,31.097204208374023,1121700,2019,9,35,Tuesday,31.0836,31.288217544555664,-0.61,-0.55,-1.1,-0.61,1.1,30.9753,30.6625,30.3496,30.0367,29.7238,29.4109,29.098,28.7852,28.4723,28.1594,27.8465,27.5336,27.2207,26.9079,26.595,26.2821,25.6563,25.3435,25.0306,24.7177,24.4048,24.0919,23.779,23.4662,1,30.9753,True,False,False,False,False,False,False,False,False,False,False,False,False,False,False,False,False,False,False,False,False,False,False,False
SPLG,2019-09-04 04:00:00+00:00,31.333690543044447,31.433740615844727,31.26092559205376,31.433740615844727,264800,2019,9,35,Wednesday,31.3655,31.097204208374023,1.08,0.76,0.53,1.08,-0.53,30.7862,30.4753,30.1643,29.8533,29.5423,29.2314,28.9204,28.6094,28.2985,27.9875,27.6765,27.3655,27.0546,26.7436,26.4326,26.1217,25.4997,25.1887,24.8778,24.5668,24.2558,23.9448,23.6339,23.3229,0,0.0,False,False,False,False,False,False,False,False,False,False,False,False,False,False,False,False,False,False,False,False,False,False,False,False
SPLG,2019-09-05 04:00:00+00:00,31.706607550103,31.943086741158748,31.706607550103,31.843036651611328,393800,2019,9,35,Thursday,31.7998,31.433740615844727,1.3,0.87,0.87,1.3,-0.87,31.1194,30.8051,30.4907,30.1764,29.8621,29.5477,29.2334,28.919,28.6047,28.2904,27.976,27.6617,27.3474,27.033,26.7187,26.4043,25.7757,25.4613,25.147,24.8327,24.5183,24.204,23.8896,23.5753,0,0.0,False,False,False,False,False,False,False,False,False,False,False,False,False,False,False,False,False,False,False,False,False,False,False,False
SPLG,2019-09-06 04:00:00+00:00,31.897596149442805,31.93397861480357,31.806643455663743,31.86121368408203,551300,2019,9,35,Friday,31.8749,31.843036651611328,0.06,0.17,-0.11,0.06,0.11,31.5246,31.2062,30.8877,30.5693,30.2509,29.9325,29.614,29.2956,28.9772,28.6587,28.3403,28.0219,27.7034,27.385,27.0666,26.7482,26.1113,25.7929,25.4744,25.156,24.8376,24.5191,24.2007,23.8823,0,0.0,False,False,False,False,False,False,False,False,False,False,False,False,False,False,False,False,False,False,False,False,False,False,False,False
SPLG,2019-09-09 04:00:00+00:00,31.988548843221867,31.988548843221867,31.742975876093823,31.86121368408203,1947800,2019,9,36,Monday,31.8953,31.86121368408203,0.0,0.4,-0.37,0.0,0.37,31.5426,31.224,30.9054,30.5868,30.2682,29.9495,29.6309,29.3123,28.9937,28.6751,28.3565,28.0379,27.7193,27.4006,27.082,26.7634,26.1262,25.8076,25.489,25.1704,24.8517,24.5331,24.2145,23.8959,0,0.0,False,False,False,False,False,False,False,False,False,False,False,False,False,False,False,False,False,False,False,False,False,False,False,False
SPLG,2019-09-10 04:00:00+00:00,31.779369043649226,31.843036651611328,31.60655746055558,31.843036651611328,1819100,2019,9,36,Tuesday,31.768,31.86121368408203,-0.06,-0.26,-0.8,-0.06,0.8,31.5426,31.224,30.9054,30.5868,30.2682,29.9495,29.6309,29.3123,28.9937,28.6751,28.3565,28.0379,27.7193,27.4006,27.082,26.7634,26.1262,25.8076,25.489,25.1704,24.8517,24.5331,24.2145,23.8959,0,0.0,False,False,False,False,False,False,False,False,False,False,False,False,False,False,False,False,False,False,False,False,False,False,False,False
SPLG,2019-09-11 04:00:00+00:00,31.861217331081782,32.07041132641735,31.79754974422415,32.061317443847656,442700,2019,9,36,Wednesday,31.9476,31.843036651611328,0.69,0.06,-0.14,0.69,0.14,31.5246,31.2062,30.8877,30.5693,30.2509,29.9325,29.614,29.2956,28.9772,28.6587,28.3403,28.0219,27.7034,27.385,27.0666,26.7482,26.1113,25.7929,25.4744,25.156,24.8376,24.5191,24.2007,23.8823,0,0.0,False,False,False,False,False,False,False,False,False,False,False,False,False,False,False,False,False,False,False,False,False,False,False,False
SPLG,2019-09-12 04:00:00+00:00,32.17956367659535,32.270516394752335,32.07951360484839,32.15227508544922,508100,2019,9,36,Thursday,32.1705,32.061317443847656,0.28,0.37,0.06,0.28,-0.06,31.7407,31.4201,31.0995,30.7789,30.4583,30.1376,29.817,29.4964,29.1758,28.8552,28.5346,28.214,27.8933,27.5727,27.2521,26.9315,26.2903,25.9697,25.6491,25.3284,25.0078,24.6872,24.3666,24.046,0,0.0,False,False,False,False,False,False,False,False,False,False,False,False,False,False,False,False,False,False,False,False,False,False,False,False
SPLG,2019-09-13 04:00:00+00:00,32.206847386511186,32.24322986002888,32.07951219882291,32.1249885559082,793400,2019,9,36,Friday,32.1636,32.15227508544922,-0.08,0.17,-0.23,-0.08,0.23,31.8308,31.5092,31.1877,30.8662,30.5447,30.2231,29.9016,29.5801,29.2586,28.937,28.6155,28.294,27.9725,27.651,27.3294,27.0079,26.3649,26.0433,25.7218,25.4003,25.0788,24.7573,24.4357,24.1142,0,0.0,False,False,False,False,False,False,False,False,False,False,False,False,False,False,False,False,False,False,False,False,False,False,False,False
SPLG,2019-09-16 04:00:00+00:00,32.01584906327149,32.10680179010748,31.979466584687444,32.07041931152344,303100,2019,9,37,Monday,32.0431,32.1249885559082,-0.17,-0.34,-0.45,-0.17,0.45,31.8037,31.4825,31.1612,30.84,30.5187,30.1975,29.8762,29.555,29.2337,28.9125,28.5912,28.27,27.9487,27.6275,27.3062,26.985,26.3425,26.0212,25.7,25.3787,25.0575,24.7362,24.415,24.0937,0,0.0,False,False,False,False,False,False,False,False,False,False,False,False,False,False,False,False,False,False,False,False,False,False,False,False
SPLG,2019-09-17 04:00:00+00:00,32.0522329820927,32.161376953125,32.02494438711641,32.161376953125,387600,2019,9,37,Tuesday,32.1,32.07041931152344,0.28,-0.06,-0.14,0.28,0.14,31.7497,31.429,31.1083,30.7876,30.4669,30.1462,29.8255,29.5048,29.1841,28.8634,28.5427,28.222,27.9013,27.5806,27.2599,26.9392,26.2977,25.977,25.6563,25.3356,25.0149,24.6942,24.3735,24.0528,0,0.0,False,False,False,False,False,False,False,False,False,False,False,False,False,False,False,False,False,False,False,False,False,False,False,False
SPLG,2019-09-18 04:00:00+00:00,32.08860473484636,32.17046356201172,31.87941072534009,32.17046356201172,275900,2019,9,37,Wednesday,32.0772,32.161376953125,0.03,-0.23,-0.88,0.03,0.88,31.8398,31.5181,31.1965,30.8749,30.5533,30.2317,29.9101,29.5885,29.2669,28.9452,28.6236,28.302,27.9804,27.6588,27.3372,27.0156,26.3723,26.0507,25.7291,25.4075,25.0859,24.7643,24.4426,24.121,0,0.0,False,False,False,False,False,False,False,False,False,False,False,False,False,False,False,False,False,False,False,False,False,False,False,False
SPLG,2019-09-19 04:00:00+00:00,32.22503726999646,32.31598998034753,32.12498720683618,32.17046356201172,1068700,2019,9,37,Thursday,32.2091,32.17046356201172,0.0,0.17,-0.14,0.0,0.14,31.8488,31.5271,31.2053,30.8836,30.5619,30.2402,29.9185,29.5968,29.2751,28.9534,28.6317,28.31,27.9883,27.6666,27.3449,27.0232,26.3798,26.0581,25.7364,25.4147,25.093,24.7713,24.4496,24.1278,0,0.0,False,False,False,False,False,False,False,False,False,False,False,False,False,False,False,False,False,False,False,False,False,False,False,False
SPLG,2019-09-20 04:00:00+00:00,32.23444198187736,32.2710001665684,31.951121280092337,32.005958557128906,314100,2019,9,37,Friday,32.1156,32.17046356201172,-0.51,0.2,-0.68,-0.51,0.68,31.8488,31.5271,31.2053,30.8836,30.5619,30.2402,29.9185,29.5968,29.2751,28.9534,28.6317,28.31,27.9883,27.6666,27.3449,27.0232,26.3798,26.0581,25.7364,25.4147,25.093,24.7713,24.4496,24.1278,0,0.0,False,False,False,False,False,False,False,False,False,False,False,False,False,False,False,False,False,False,False,False,False,False,False,False
SPLG,2019-09-23 04:00:00+00:00,31.914557694685293,32.08820729939185,31.914557694685293,32.01509094238281,260200,2019,9,38,Monday,31.9831,32.005958557128906,0.03,-0.29,-0.29,0.03,0.29,31.6859,31.3658,31.0458,30.7257,30.4057,30.0856,29.7655,29.4455,29.1254,28.8054,28.4853,28.1652,27.8452,27.5251,27.2051,26.885,26.2449,25.9248,25.6048,25.2847,24.9646,24.6446,24.3245,24.0045,0,0.0,False,False,False,False,False,False,False,False,False,False,False,False,False,False,False,False,False,False,False,False,False,False,False,False
SPLG,2019-09-24 04:00:00+00:00,32.15219643757423,32.17961334025967,31.640392173697776,31.75006675720215,389200,2019,9,38,Tuesday,31.9306,32.01509094238281,-0.83,0.43,-1.17,-0.83,1.17,31.6949,31.3748,31.0546,30.7345,30.4143,30.0942,29.774,29.4539,29.1337,28.8136,28.4934,28.1733,27.8531,27.533,27.2128,26.8927,26.2524,25.9322,25.6121,25.2919,24.9718,24.6516,24.3315,24.0113,1,31.6949,True,False,False,False,False,False,False,False,False,False,False,False,False,False,False,False,False,False,False,False,False,False,False,False
SPLG,2019-09-25 04:00:00+00:00,31.768334538740564,31.978542362127406,31.6403843759002,31.941984176635746,642500,2019,9,38,Wednesday,31.8323,31.75006675720215,0.6,0.06,-0.35,0.6,0.35,31.4326,31.1151,30.7976,30.4801,30.1626,29.8451,29.5276,29.2101,28.8926,28.5751,28.2576,27.9401,27.6226,27.3051,26.9876,26.6701,26.0351,25.7176,25.4001,25.0826,24.7651,24.4476,24.1301,23.8126,0,0.0,False,False,False,False,False,False,False,False,False,False,False,False,False,False,False,False,False,False,False,False,False,False,False,False
SPLG,2019-09-26 04:00:00+00:00,31.960263338071098,31.960263338071098,31.713500815042707,31.868867874145508,1898100,2019,9,38,Thursday,31.8757,31.941984176635746,-0.23,0.06,-0.72,-0.23,0.72,31.6226,31.3031,30.9837,30.6643,30.3449,30.0255,29.706,29.3866,29.0672,28.7478,28.4284,28.1089,27.7895,27.4701,27.1507,26.8313,26.1924,25.873,25.5536,25.2342,24.9147,24.5953,24.2759,23.9565,0,0.0,False,False,False,False,False,False,False,False,False,False,False,False,False,False,False,False,False,False,False,False,False,False,False,False
SPLG,2019-09-27 04:00:00+00:00,31.96026546007575,31.96026546007575,31.49415727905912,31.676944732666016,506300,2019,9,38,Friday,31.7729,31.868867874145508,-0.6,0.29,-1.18,-0.6,1.18,31.5502,31.2315,30.9128,30.5941,30.2754,29.9567,29.638,29.3194,29.0007,28.682,28.3633,28.0446,27.7259,27.4072,27.0885,26.7698,26.1325,25.8138,25.4951,25.1764,24.8577,24.539,24.2203,23.9017,1,31.5502,True,False,False,False,False,False,False,False,False,False,False,False,False,False,False,False,False,False,False,False,False,False,False,False
SPLG,2019-09-30 04:00:00+00:00,31.759203477493504,31.91457056924417,31.75006567237102,31.850595474243164,878500,2019,9,39,Monday,31.8186,31.676944732666016,0.55,0.26,0.23,0.55,-0.23,31.3602,31.0434,30.7266,30.4099,30.0931,29.7763,29.4596,29.1428,28.826,28.5093,28.1925,27.8757,27.5589,27.2422,26.9254,26.6086,25.9751,25.6583,25.3416,25.0248,24.708,24.3912,24.0745,23.7577,0,0.0,False,False,False,False,False,False,False,False,False,False,False,False,False,False,False,False,False,False,False,False,False,False,False,False
SPLG,2019-10-01 04:00:00+00:00,31.923711086501825,32.00596527613409,31.430185948708253,31.439327239990234,2627700,2019,10,39,Tuesday,31.6998,31.850595474243164,-1.29,0.23,-1.32,-1.29,1.32,31.5321,31.2136,30.8951,30.5766,30.2581,29.9396,29.6211,29.3025,28.984,28.6655,28.347,28.0285,27.71,27.3915,27.073,26.7545,26.1175,25.799,25.4805,25.162,24.8435,24.525,24.2065,23.8879,1,31.5321,True,False,False,False,False,False,False,False,False,False,False,False,False,False,False,False,False,False,False,False,False,False,False,False
SPLG,2019-10-02 04:00:00+00:00,31.28394733957748,31.28394733957748,30.76300545599803,30.900096893310547,1191300,2019,10,39,Wednesday,31.0577,31.439327239990234,-1.72,-0.49,-2.15,-1.72,2.15,31.1249,30.8105,30.4961,30.1818,29.8674,29.553,29.2386,28.9242,28.6098,28.2954,27.981,27.6666,27.3522,27.0378,26.7234,26.409,25.7802,25.4659,25.1515,24.8371,24.5227,24.2083,23.8939,23.5795,2,61.9355,True,True,False,False,False,False,False,False,False,False,False,False,False,False,False,False,False,False,False,False,False,False,False,False
SPLG,2019-10-03 04:00:00+00:00,30.863543520136407,31.16513984827813,30.571084995595072,31.15600204467773,1417100,2019,10,39,Thursday,30.9389,30.900096893310547,0.83,-0.12,-1.06,0.83,1.06,30.5911,30.2821,29.9731,29.6641,29.3551,29.0461,28.7371,28.4281,28.1191,27.8101,27.5011,27.1921,26.8831,26.5741,26.2651,25.9561,25.3381,25.0291,24.7201,24.4111,24.1021,23.7931,23.4841,23.1751,1,30.5911,True,False,False,False,False,False,False,False,False,False,False,False,False,False,False,False,False,False,False,False,False,False,False,False
SPLG,2019-10-04 04:00:00+00:00,31.25653580231217,31.61296941674168,31.25653580231217,31.594690322875977,581400,2019,10,39,Friday,31.4302,31.15600204467773,1.41,0.32,0.32,1.41,-0.32,30.8444,30.5329,30.2213,29.9098,29.5982,29.2866,28.9751,28.6635,28.352,28.0404,27.7288,27.4173,27.1057,26.7942,26.4826,26.171,25.5479,25.2364,24.9248,24.6132,24.3017,23.9901,23.6786,23.367,0,0.0,False,False,False,False,False,False,False,False,False,False,False,False,False,False,False,False,False,False,False,False,False,False,False,False
SPLG,2019-10-07 04:00:00+00:00,31.521574085591944,31.676941137376406,31.4301786259714,31.448457717895508,2644700,2019,10,40,Monday,31.5193,31.594690322875977,-0.46,-0.23,-0.52,-0.46,0.52,31.2787,30.9628,30.6468,30.3309,30.015,29.699,29.3831,29.0671,28.7512,28.4352,28.1193,27.8033,27.4874,27.1714,26.8555,26.5395,25.9076,25.5917,25.2758,24.9598,24.6439,24.3279,24.012,23.696,0,0.0,False,False,False,False,False,False,False,False,False,False,False,False,False,False,False,False,False,False,False,False,False,False,False,False
SPLG,2019-10-08 04:00:00+00:00,31.26568133392014,31.31137733668864,30.973222732543945,30.973222732543945,1037800,2019,10,40,Tuesday,31.1309,31.448457717895508,-1.51,-0.58,-1.51,-1.51,1.51,31.134,30.8195,30.505,30.1905,29.876,29.5616,29.2471,28.9326,28.6181,28.3036,27.9891,27.6746,27.3602,27.0457,26.7312,26.4167,25.7877,25.4733,25.1588,24.8443,24.5298,24.2153,23.9008,23.5863,1,31.134,True,False,False,False,False,False,False,False,False,False,False,False,False,False,False,False,False,False,False,False,False,False,False,False
SPLG,2019-10-09 04:00:00+00:00,31.2291164021813,31.366207867302727,31.137724416354203,31.265674591064453,949800,2019,10,40,Wednesday,31.2497,30.973222732543945,0.94,0.83,0.53,0.94,-0.53,30.6635,30.3538,30.044,29.7343,29.4246,29.1148,28.8051,28.4954,28.1856,27.8759,27.5662,27.2564,26.9467,26.637,26.3272,26.0175,25.398,25.0883,24.7786,24.4688,24.1591,23.8494,23.5396,23.2299,0,0.0,False,False,False,False,False,False,False,False,False,False,False,False,False,False,False,False,False,False,False,False,False,False,False,False
SPLG,2019-10-10 04:00:00+00:00,31.25653939768058,31.56727705637961,31.229119010537588,31.47588157653809,692800,2019,10,40,Thursday,31.3822,31.265674591064453,0.67,-0.03,-0.12,0.67,0.12,30.953,30.6404,30.3277,30.015,29.7024,29.3897,29.0771,28.7644,28.4518,28.1391,27.8265,27.5138,27.2011,26.8885,26.5758,26.2632,25.6379,25.3252,25.0125,24.6999,24.3872,24.0746,23.7619,23.4493,0,0.0,False,False,False,False,False,False,False,False,False,False,False,False,False,False,False,False,False,False,False,False,False,False,False,False
SPLG,2019-10-11 04:00:00+00:00,31.80488586425781,32.05164833353183,31.786606775454583,31.80488586425781,789200,2019,10,40,Friday,31.862,31.47588157653809,1.05,1.05,0.99,1.05,-0.99,31.1611,30.8464,30.5316,30.2168,29.9021,29.5873,29.2726,28.9578,28.6431,28.3283,28.0135,27.6988,27.384,27.0693,26.7545,26.4397,25.8102,25.4955,25.1807,24.8659,24.5512,24.2364,23.9217,23.6069,0,0.0,False,False,False,False,False,False,False,False,False,False,False,False,False,False,False,False,False,False,False,False,False,False,False,False
SPLG,2019-10-14 04:00:00+00:00,31.75005465012769,31.841446615150023,31.74091336179747,31.7774715423584,463000,2019,10,41,Monday,31.7775,31.80488586425781,-0.09,-0.17,-0.2,-0.09,0.2,31.4868,31.1688,30.8507,30.5327,30.2146,29.8966,29.5785,29.2605,28.9424,28.6244,28.3063,27.9883,27.6703,27.3522,27.0342,26.7161,26.08,25.762,25.4439,25.1259,24.8078,24.4898,24.1717,23.8537,0,0.0,False,False,False,False,False,False,False,False,False,False,False,False,False,False,False,False,False,False,False,False,False,False,False,False
SPLG,2019-10-15 04:00:00+00:00,31.90543028917476,32.16133064932823,31.88715119396652,32.06993865966797,539800,2019,10,41,Tuesday,32.006,31.7774715423584,0.92,0.4,0.35,0.92,-0.35,31.4597,31.1419,30.8241,30.5064,30.1886,29.8708,29.553,29.2353,28.9175,28.5997,28.2819,27.9642,27.6464,27.3286,27.0109,26.6931,26.0575,25.7398,25.422,25.1042,24.7864,24.4687,24.1509,23.8331,0,0.0,False,False,False,False,False,False,False,False,False,False,False,False,False,False,False,False,False,False,False,False,False,False,False,False
SPLG,2019-10-16 04:00:00+00:00,32.033375452456994,32.07907144013061,31.951121280092337,32.005958557128906,360400,2019,10,41,Wednesday,32.0174,32.06993865966797,-0.2,-0.11,-0.37,-0.2,0.37,31.7492,31.4285,31.1078,30.7871,30.4664,30.1457,29.825,29.5043,29.1836,28.8629,28.5422,28.2215,27.9008,27.5801,27.2594,26.9387,26.2973,25.9767,25.656,25.3353,25.0146,24.6939,24.3732,24.0525,0,0.0,False,False,False,False,False,False,False,False,False,False,False,False,False,False,False,False,False,False,False,False,False,False,False,False
SPLG,2019-10-17 04:00:00+00:00,32.11563940734148,32.207034896908425,32.024247404155965,32.08822250366211,1945400,2019,10,41,Thursday,32.1088,32.005958557128906,0.26,0.34,0.06,0.26,-0.06,31.6859,31.3658,31.0458,30.7257,30.4057,30.0856,29.7655,29.4455,29.1254,28.8054,28.4853,28.1652,27.8452,27.5251,27.2051,26.885,26.2449,25.9248,25.6048,25.2847,24.9646,24.6446,24.3245,24.0045,0,0.0,False,False,False,False,False,False,False,False,False,False,False,False,False,False,False,False,False,False,False,False,False,False,False,False
SPLG,2019-10-18 04:00:00+00:00,32.06994515077886,32.106503348594885,31.841461644001114,31.969411849975582,412600,2019,10,41,Friday,31.9968,32.08822250366211,-0.37,-0.06,-0.77,-0.37,0.77,31.7673,31.4465,31.1256,30.8047,30.4838,30.1629,29.842,29.5212,29.2003,28.8794,28.5585,28.2376,27.9168,27.5959,27.275,26.9541,26.3123,25.9915,25.6706,25.3497,25.0288,24.7079,24.387,24.0662,0,0.0,False,False,False,False,False,False,False,False,False,False,False,False,False,False,False,False,False,False,False,False,False,False,False,False
SPLG,2019-10-21 04:00:00+00:00,32.11563103341688,32.18874740600586,32.06079724035568,32.18874740600586,564200,2019,10,42,Monday,32.1385,31.969411849975582,0.69,0.46,0.29,0.69,-0.29,31.6497,31.33,31.0103,30.6906,30.3709,30.0512,29.7316,29.4119,29.0922,28.7725,28.4528,28.1331,27.8134,27.4937,27.174,26.8543,26.2149,25.8952,25.5755,25.2558,24.9361,24.6164,24.2968,23.9771,0,0.0,False,False,False,False,False,False,False,False,False,False,False,False,False,False,False,False,False,False,False,False,False,False,False,False
SPLG,2019-10-22 04:00:00+00:00,32.27100744403625,32.28928654050391,32.06080306422992,32.079078674316406,573400,2019,10,42,Tuesday,32.175,32.18874740600586,-0.34,0.26,-0.4,-0.34,0.4,31.8669,31.545,31.2231,30.9012,30.5793,30.2574,29.9355,29.6136,29.2918,28.9699,28.648,28.3261,28.0042,27.6823,27.3604,27.0385,26.3948,26.0729,25.751,25.4291,25.1072,24.7853,24.4634,24.1416,0,0.0,False,False,False,False,False,False,False,False,False,False,False,False,False,False,False,False,False,False,False,False,False,False,False,False
SPLG,2019-10-23 04:00:00+00:00,32.05165628840173,32.16132736206055,32.04251848492206,32.16132736206055,393700,2019,10,42,Wednesday,32.1042,32.079078674316406,0.26,-0.09,-0.11,0.26,0.11,31.7583,31.4375,31.1167,30.7959,30.4751,30.1543,29.8335,29.5128,29.192,28.8712,28.5504,28.2296,27.9088,27.588,27.2672,26.9464,26.3048,25.9841,25.6633,25.3425,25.0217,24.7009,24.3801,24.0593,0,0.0,False,False,False,False,False,False,False,False,False,False,False,False,False,False,False,False,False,False,False,False,False,False,False,False
SPLG,2019-10-24 04:00:00+00:00,32.27100278767784,32.27100278767784,32.1339113271418,32.252723693847656,630500,2019,10,42,Thursday,32.2322,32.16132736206055,0.28,0.34,-0.09,0.28,0.09,31.8397,31.5181,31.1965,30.8749,30.5533,30.2316,29.91,29.5884,29.2668,28.9452,28.6236,28.302,27.9804,27.6587,27.3371,27.0155,26.3723,26.0507,25.7291,25.4074,25.0858,24.7642,24.4426,24.121,0,0.0,False,False,False,False,False,False,False,False,False,False,False,False,False,False,False,False,False,False,False,False,False,False,False,False
SPLG,2019-10-25 04:00:00+00:00,32.17046432457396,32.43550591278009,32.143043945062225,32.38066864013672,710300,2019,10,42,Friday,32.2824,32.252723693847656,0.4,-0.26,-0.34,0.4,0.34,31.9302,31.6077,31.2851,30.9626,30.6401,30.3176,29.995,29.6725,29.35,29.0275,28.7049,28.3824,28.0599,27.7373,27.4148,27.0923,26.4472,26.1247,25.8022,25.4797,25.1571,24.8346,24.5121,24.1895,0,0.0,False,False,False,False,False,False,False,False,False,False,False,False,False,False,False,False,False,False,False,False,False,False,False,False
SPLG,2019-10-28 04:00:00+00:00,32.517765312343336,32.60915729507854,32.49948621852016,32.56346130371094,708200,2019,10,43,Monday,32.5475,32.38066864013672,0.56,0.42,0.37,0.56,-0.37,32.0569,31.7331,31.4092,31.0854,30.7616,30.4378,30.114,29.7902,29.4664,29.1426,28.8188,28.495,28.1712,27.8474,27.5236,27.1998,26.5521,26.2283,25.9045,25.5807,25.2569,24.9331,24.6093,24.2855,0,0.0,False,False,False,False,False,False,False,False,False,False,False,False,False,False,False,False,False,False,False,False,False,False,False,False
SPLG,2019-10-29 04:00:00+00:00,32.536033630371094,32.65484597041252,32.50861673896918,32.536033630371094,325800,2019,10,43,Tuesday,32.5589,32.56346130371094,-0.08,-0.08,-0.17,-0.08,0.17,32.2378,31.9122,31.5866,31.2609,30.9353,30.6097,30.284,29.9584,29.6327,29.3071,28.9815,28.6558,28.3302,28.0046,27.6789,27.3533,26.702,26.3764,26.0508,25.7251,25.3995,25.0739,24.7482,24.4226,0,0.0,False,False,False,False,False,False,False,False,False,False,False,False,False,False,False,False,False,False,False,False,False,False,False,False
SPLG,2019-10-30 04:00:00+00:00,32.581731109803734,32.66398526537036,32.42636059978693,32.64570617675781,768400,2019,10,43,Wednesday,32.5794,32.536033630371094,0.34,0.14,-0.34,0.34,0.34,32.2107,31.8853,31.56,31.2346,30.9092,30.5839,30.2585,29.9332,29.6078,29.2824,28.9571,28.6317,28.3063,27.981,27.6556,27.3303,26.6795,26.3542,26.0288,25.7035,25.3781,25.0527,24.7274,24.402,0,0.0,False,False,False,False,False,False,False,False,False,False,False,False,False,False,False,False,False,False,False,False,False,False,False,False
SPLG,2019-10-31 04:00:00+00:00,32.65484597041252,32.65484597041252,32.38980439892776,32.536033630371094,1145000,2019,10,43,Thursday,32.5589,32.64570617675781,-0.34,0.03,-0.78,-0.34,0.78,32.3192,31.9928,31.6663,31.3399,31.0134,30.687,30.3605,30.034,29.7076,29.3811,29.0547,28.7282,28.4018,28.0753,27.7489,27.4224,26.7695,26.443,26.1166,25.7901,25.4637,25.1372,24.8107,24.4843,0,0.0,False,False,False,False,False,False,False,False,False,False,False,False,False,False,False,False,False,False,False,False,False,False,False,False
SPLG,2019-11-01 04:00:00+00:00,32.71883342682533,32.86506271362305,32.70969562169225,32.86506271362305,783400,2019,11,43,Friday,32.7897,32.536033630371094,1.01,0.56,0.53,1.01,-0.53,32.2107,31.8853,31.56,31.2346,30.9092,30.5839,30.2585,29.9332,29.6078,29.2824,28.9571,28.6317,28.3063,27.981,27.6556,27.3303,26.6795,26.3542,26.0288,25.7035,25.3781,25.0527,24.7274,24.402,0,0.0,False,False,False,False,False,False,False,False,False,False,False,False,False,False,False,False,False,False,False,False,False,False,False,False
SPLG,2019-11-04 05:00:00+00:00,33.04783574351549,33.05697354465306,32.929023410449034,32.956443786621094,1093800,2019,11,44,Monday,32.9976,32.86506271362305,0.28,0.56,0.19,0.28,-0.19,32.5364,32.2078,31.8791,31.5505,31.2218,30.8932,30.5645,30.2359,29.9072,29.5786,29.2499,28.9213,28.5926,28.264,27.9353,27.6067,26.9494,26.6207,26.2921,25.9634,25.6347,25.3061,24.9774,24.6488,0,0.0,False,False,False,False,False,False,False,False,False,False,False,False,False,False,False,False,False,False,False,False,False,False,False,False
SPLG,2019-11-05 05:00:00+00:00,33.01128843498235,33.02042972550932,32.87420045450533,32.9107551574707,751800,2019,11,44,Tuesday,32.9542,32.956443786621094,-0.14,0.17,-0.25,-0.14,0.25,32.6269,32.2973,31.9678,31.6382,31.3086,30.9791,30.6495,30.3199,29.9904,29.6608,29.3312,29.0017,28.6721,28.3425,28.013,27.6834,27.0243,26.6947,26.3652,26.0356,25.706,25.3765,25.0469,24.7173,0,0.0,False,False,False,False,False,False,False,False,False,False,False,False,False,False,False,False,False,False,False,False,False,False,False,False
SPLG,2019-11-06 05:00:00+00:00,32.92902534439885,32.94730443412721,32.81021649073433,32.91988754272461,469900,2019,11,44,Wednesday,32.9016,32.9107551574707,0.03,0.06,-0.31,0.03,0.31,32.5816,32.2525,31.9234,31.5943,31.2652,30.9361,30.607,30.2779,29.9488,29.6197,29.2906,28.9615,28.6324,28.3032,27.9741,27.645,26.9868,26.6577,26.3286,25.9995,25.6704,25.3413,25.0122,24.6831,0,0.0,False,False,False,False,False,False,False,False,False,False,False,False,False,False,False,False,False,False,False,False,False,False,False,False
SPLG,2019-11-07 05:00:00+00:00,33.093537707960195,33.16665407580483,32.97472883978313,33.03870391845703,774600,2019,11,44,Thursday,33.0684,32.91988754272461,0.36,0.53,0.17,0.36,-0.17,32.5907,32.2615,31.9323,31.6031,31.2739,30.9447,30.6155,30.2863,29.9571,29.6279,29.2987,28.9695,28.6403,28.3111,27.9819,27.6527,26.9943,26.6651,26.3359,26.0067,25.6775,25.3483,25.0191,24.6899,0,0.0,False,False,False,False,False,False,False,False,False,False,False,False,False,False,False,False,False,False,False,False,False,False,False,False
SPLG,2019-11-08 05:00:00+00:00,33.020419360247374,33.12095260620117,32.910744826636105,33.12095260620117,388600,2019,11,44,Friday,33.0433,33.03870391845703,0.25,-0.06,-0.39,0.25,0.39,32.7083,32.3779,32.0475,31.7172,31.3868,31.0564,30.726,30.3956,30.0652,29.7348,29.4044,29.0741,28.7437,28.4133,28.0829,27.7525,27.0917,26.7614,26.431,26.1006,25.7702,25.4398,25.1094,24.779,0,0.0,False,False,False,False,False,False,False,False,False,False,False,False,False,False,False,False,False,False,False,False,False,False,False,False
SPLG,2019-11-11 05:00:00+00:00,32.98386217351755,33.09353322404462,32.94730399454858,33.06611633300781,258200,2019,11,45,Monday,33.0227,33.12095260620117,-0.17,-0.41,-0.52,-0.17,0.52,32.7897,32.4585,32.1273,31.7961,31.4649,31.1337,30.8025,30.4713,30.1401,29.8089,29.4776,29.1464,28.8152,28.484,28.1528,27.8216,27.1592,26.828,26.4968,26.1656,25.8343,25.5031,25.1719,24.8407,0,0.0,False,False,False,False,False,False,False,False,False,False,False,False,False,False,False,False,False,False,False,False,False,False,False,False
SPLG,2019-11-12 05:00:00+00:00,33.10267351726596,33.23976145471045,33.06611533939554,33.12095260620117,2124000,2019,11,45,Tuesday,33.1324,33.06611633300781,0.17,0.11,-0.0,0.17,0.0,32.7355,32.4048,32.0741,31.7435,31.4128,31.0821,30.7515,30.4208,30.0902,29.7595,29.4288,29.0982,28.7675,28.4369,28.1062,27.7755,27.1142,26.7836,26.4529,26.1222,25.7916,25.4609,25.1302,24.7996,0,0.0,False,False,False,False,False,False,False,False,False,False,False,False,False,False,False,False,False,False,False,False,False,False,False,False
SPLG,2019-11-13 05:00:00+00:00,33.047840329888146,33.20321086182653,32.9930030563134,33.16665267944336,531100,2019,11,45,Wednesday,33.1027,33.12095260620117,0.14,-0.22,-0.39,0.14,0.39,32.7897,32.4585,32.1273,31.7961,31.4649,31.1337,30.8025,30.4713,30.1401,29.8089,29.4776,29.1464,28.8152,28.484,28.1528,27.8216,27.1592,26.828,26.4968,26.1656,25.8343,25.5031,25.1719,24.8407,0,0.0,False,False,False,False,False,False,False,False,False,False,False,False,False,False,False,False,False,False,False,False,False,False,False,False
SPLG,2019-11-14 05:00:00+00:00,33.130097641336526,33.21235181631507,33.06612255928439,33.19407272338867,420800,2019,11,45,Thursday,33.1507,33.16665267944336,0.08,-0.11,-0.3,0.08,0.3,32.835,32.5033,32.1717,31.84,31.5083,31.1767,30.845,30.5133,30.1817,29.85,29.5183,29.1867,28.855,28.5233,28.1917,27.86,27.1967,26.865,26.5333,26.2017,25.87,25.5383,25.2067,24.875,0,0.0,False,False,False,False,False,False,False,False,False,False,False,False,False,False,False,False,False,False,False,False,False,False,False,False
SPLG,2019-11-15 05:00:00+00:00,33.349450608789994,33.45912170410156,33.28547202627854,33.45912170410156,518400,2019,11,45,Friday,33.3883,33.19407272338867,0.8,0.47,0.28,0.8,-0.28,32.8621,32.5302,32.1983,31.8663,31.5344,31.2024,30.8705,30.5385,30.2066,29.8747,29.5427,29.2108,28.8788,28.5469,28.215,27.883,27.2191,26.8872,26.5553,26.2233,25.8914,25.5594,25.2275,24.8956,0,0.0,False,False,False,False,False,False,False,False,False,False,False,False,False,False,False,False,False,False,False,False,False,False,False,False
SPLG,2019-11-18 05:00:00+00:00,33.42255301567887,33.5230862741397,33.37685703084581,33.47739028930664,347200,2019,11,46,Monday,33.45,33.45912170410156,0.05,-0.11,-0.25,0.05,0.25,33.1245,32.7899,32.4553,32.1208,31.7862,31.4516,31.117,30.7824,30.4478,30.1132,29.7786,29.444,29.1094,28.7748,28.4403,28.1057,27.4365,27.1019,26.7673,26.4327,26.0981,25.7635,25.4289,25.0943,0,0.0,False,False,False,False,False,False,False,False,False,False,False,False,False,False,False,False,False,False,False,False,False,False,False,False
SPLG,2019-11-19 05:00:00+00:00,33.56879466817945,33.56879466817945,33.404286272863324,33.49568176269531,275100,2019,11,46,Tuesday,33.5094,33.47739028930664,0.05,0.27,-0.22,0.05,0.22,33.1426,32.8078,32.4731,32.1383,31.8035,31.4687,31.134,30.7992,30.4644,30.1297,29.7949,29.4601,29.1253,28.7906,28.4558,28.121,27.4515,27.1167,26.7819,26.4471,26.1124,25.7776,25.4428,25.108,0,0.0,False,False,False,False,False,False,False,False,False,False,False,False,False,False,False,False,False,False,False,False,False,False,False,False
SPLG,2019-11-20 05:00:00+00:00,33.44083887163487,33.5048139606187,33.21235541486949,33.38600158691406,515200,2019,11,46,Wednesday,33.386,33.49568176269531,-0.33,-0.16,-0.85,-0.33,0.85,33.1607,32.8258,32.4908,32.1559,31.8209,31.4859,31.151,30.816,30.4811,30.1461,29.8112,29.4762,29.1412,28.8063,28.4713,28.1364,27.4665,27.1315,26.7965,26.4616,26.1266,25.7917,25.4567,25.1218,0,0.0,False,False,False,False,False,False,False,False,False,False,False,False,False,False,False,False,False,False,False,False,False,False,False,False
SPLG,2019-11-21 05:00:00+00:00,33.4042804168455,33.4042804168455,33.25805114513084,33.34030532836914,443900,2019,11,46,Thursday,33.3517,33.38600158691406,-0.14,0.05,-0.38,-0.14,0.38,33.0521,32.7183,32.3844,32.0506,31.7167,31.3828,31.049,30.7151,30.3813,30.0474,29.7135,29.3797,29.0458,28.712,28.3781,28.0442,27.3765,27.0427,26.7088,26.3749,26.0411,25.7072,25.3734,25.0395,0,0.0,False,False,False,False,False,False,False,False,False,False,False,False,False,False,False,False,False,False,False,False,False,False,False,False
SPLG,2019-11-22 05:00:00+00:00,33.404276526655295,33.42255561928849,33.28546416772975,33.41341781616211,513300,2019,11,46,Friday,33.3814,33.34030532836914,0.22,0.19,-0.16,0.22,0.16,33.0069,32.6735,32.3401,32.0067,31.6733,31.3399,31.0065,30.6731,30.3397,30.0063,29.6729,29.3395,29.0061,28.6727,28.3393,28.0059,27.3391,27.0056,26.6722,26.3388,26.0054,25.672,25.3386,25.0052,0,0.0,False,False,False,False,False,False,False,False,False,False,False,False,False,False,False,False,False,False,False,False,False,False,False,False
SPLG,2019-11-25 05:00:00+00:00,33.53222103473993,33.69672935432,33.53222103473993,33.687591552734375,295700,2019,11,47,Monday,33.6122,33.41341781616211,0.82,0.36,0.36,0.82,-0.36,33.0793,32.7451,32.411,32.0769,31.7427,31.4086,31.0745,30.7403,30.4062,30.0721,29.7379,29.4038,29.0697,28.7355,28.4014,28.0673,27.399,27.0649,26.7307,26.3966,26.0625,25.7283,25.3942,25.0601,0,0.0,False,False,False,False,False,False,False,False,False,False,False,False,False,False,False,False,False,False,False,False,False,False,False,False
SPLG,2019-11-26 05:00:00+00:00,33.71502329849521,33.78813968891423,33.66018949206233,33.760719299316406,2039700,2019,11,47,Tuesday,33.731,33.687591552734375,0.22,0.08,-0.08,0.22,0.08,33.3507,33.0138,32.677,32.3401,32.0032,31.6663,31.3295,30.9926,30.6557,30.3188,29.982,29.6451,29.3082,28.9713,28.6345,28.2976,27.6238,27.2869,26.9501,26.6132,26.2763,25.9394,25.6026,25.2657,0,0.0,False,False,False,False,False,False,False,False,False,False,False,False,False,False,False,False,False,False,False,False,False,False,False,False
SPLG,2019-11-27 05:00:00+00:00,33.84297078652613,33.916087171092855,33.79727478936248,33.89780807495117,282700,2019,11,47,Wednesday,33.8635,33.760719299316406,0.41,0.24,0.11,0.41,-0.11,33.4231,33.0855,32.7479,32.4103,32.0727,31.7351,31.3975,31.0599,30.7223,30.3846,30.047,29.7094,29.3718,29.0342,28.6966,28.359,27.6838,27.3462,27.0086,26.671,26.3334,25.9958,25.6581,25.3205,0,0.0,False,False,False,False,False,False,False,False,False,False,False,False,False,False,False,False,False,False,False,False,False,False,False,False
SPLG,2019-11-29 05:00:00+00:00,33.8521020349178,33.88866021635548,33.76070658132359,33.76984786987305,310200,2019,11,47,Friday,33.8178,33.89780807495117,-0.38,-0.13,-0.4,-0.38,0.4,33.5588,33.2199,32.8809,32.5419,32.2029,31.8639,31.525,31.186,30.847,30.508,30.169,29.8301,29.4911,29.1521,28.8131,28.4742,27.7962,27.4572,27.1182,26.7793,26.4403,26.1013,25.7623,25.4234,0,0.0,False,False,False,False,False,False,False,False,False,False,False,False,False,False,False,False,False,False,False,False,False,False,False,False
SPLG,2019-12-02 05:00:00+00:00,33.824683850857824,33.842962942762966,33.43169557722821,33.4682502746582,1356800,2019,12,48,Monday,33.6419,33.76984786987305,-0.89,0.16,-1.0,-0.89,1.0,33.4321,33.0945,32.7568,32.4191,32.0814,31.7437,31.406,31.0683,30.7306,30.3929,30.0552,29.7175,29.3798,29.0421,28.7044,28.3667,27.6913,27.3536,27.0159,26.6782,26.3405,26.0028,25.6651,25.3274,1,33.4321,True,False,False,False,False,False,False,False,False,False,False,False,False,False,False,False,False,False,False,False,False,False,False,False
SPLG,2019-12-03 05:00:00+00:00,33.14838046636801,33.26719284057617,33.00215119287369,33.26719284057617,668300,2019,12,48,Tuesday,33.1712,33.4682502746582,-0.6,-0.96,-1.39,-0.6,1.39,33.1336,32.7989,32.4642,32.1295,31.7948,31.4602,31.1255,30.7908,30.4561,30.1214,29.7867,29.4521,29.1174,28.7827,28.448,28.1133,27.444,27.1093,26.7746,26.4399,26.1052,25.7706,25.4359,25.1012,1,33.1336,True,False,False,False,False,False,False,False,False,False,False,False,False,False,False,False,False,False,False,False,False,False,False,False
SPLG,2019-12-04 05:00:00+00:00,33.41341554895573,33.53222441343927,33.35857827477704,33.44997024536133,302600,2019,12,48,Wednesday,33.4385,33.26719284057617,0.55,0.44,0.27,0.55,-0.27,32.9345,32.6018,32.2692,31.9365,31.6038,31.2712,30.9385,30.6058,30.2731,29.9405,29.6078,29.2751,28.9425,28.6098,28.2771,27.9444,27.2791,26.9464,26.6138,26.2811,25.9484,25.6157,25.2831,24.9504,0,0.0,False,False,False,False,False,False,False,False,False,False,False,False,False,False,False,False,False,False,False,False,False,False,False,False
SPLG,2019-12-05 05:00:00+00:00,33.54136470024828,33.54136470024828,33.358577278160425,33.50480651855469,432900,2019,12,48,Thursday,33.4865,33.44997024536133,0.16,0.27,-0.27,0.16,0.27,33.1155,32.781,32.4465,32.112,31.7775,31.443,31.1085,30.774,30.4395,30.105,29.7705,29.436,29.1015,28.767,28.4325,28.098,27.429,27.0945,26.76,26.4255,26.091,25.7565,25.422,25.0875,0,0.0,False,False,False,False,False,False,False,False,False,False,False,False,False,False,False,False,False,False,False,False,False,False,False,False
SPLG,2019-12-06 05:00:00+00:00,33.74243063654913,33.85210519108758,33.73329283352779,33.79726791381836,561000,2019,12,48,Friday,33.7813,33.50480651855469,0.87,0.71,0.68,0.87,-0.68,33.1698,32.8347,32.4997,32.1646,31.8296,31.4945,31.1595,30.8244,30.4894,30.1543,29.8193,29.4842,29.1492,28.8141,28.4791,28.144,27.4739,27.1389,26.8038,26.4688,26.1337,25.7987,25.4637,25.1286,0,0.0,False,False,False,False,False,False,False,False,False,False,False,False,False,False,False,False,False,False,False,False,False,False,False,False
SPLG,2019-12-09 05:00:00+00:00,33.77898861731253,33.824684604903936,33.6784553527832,33.6784553527832,350100,2019,12,49,Monday,33.7401,33.79726791381836,-0.35,-0.05,-0.35,-0.35,0.35,33.4593,33.1213,32.7833,32.4454,32.1074,31.7694,31.4315,31.0935,30.7555,30.4175,30.0796,29.7416,29.4036,29.0657,28.7277,28.3897,27.7138,27.3758,27.0378,26.6998,26.3619,26.0239,25.6859,25.348,0,0.0,False,False,False,False,False,False,False,False,False,False,False,False,False,False,False,False,False,False,False,False,False,False,False,False
SPLG,2019-12-10 05:00:00+00:00,33.71501038275591,33.7515685639605,33.60533932552217,33.65103530883789,732600,2019,12,49,Tuesday,33.6807,33.6784553527832,-0.08,0.11,-0.22,-0.08,0.22,33.3417,33.0049,32.6681,32.3313,31.9945,31.6577,31.321,30.9842,30.6474,30.3106,29.9738,29.637,29.3003,28.9635,28.6267,28.2899,27.6163,27.2795,26.9428,26.606,26.2692,25.9324,25.5956,25.2588,0,0.0,False,False,False,False,False,False,False,False,False,False,False,False,False,False,False,False,False,False,False,False,False,False,False,False
SPLG,2019-12-11 05:00:00+00:00,33.70587947730499,33.77899236829398,33.66018348463928,33.7515754699707,925200,2019,12,49,Wednesday,33.7242,33.65103530883789,0.3,0.16,0.03,0.3,-0.03,33.3145,32.978,32.6415,32.305,31.9685,31.632,31.2955,30.959,30.6224,30.2859,29.9494,29.6129,29.2764,28.9399,28.6034,28.2669,27.5938,27.2573,26.9208,26.5843,26.2478,25.9113,25.5748,25.2383,0,0.0,False,False,False,False,False,False,False,False,False,False,False,False,False,False,False,False,False,False,False,False,False,False,False,False
SPLG,2019-12-12 05:00:00+00:00,33.74242539480854,34.10800021371878,33.715008503623224,33.998329162597656,451100,2019,12,49,Thursday,33.8909,33.7515754699707,0.73,-0.03,-0.11,0.73,0.11,33.4141,33.0765,32.739,32.4015,32.064,31.7265,31.389,31.0514,30.7139,30.3764,30.0389,29.7014,29.3639,29.0264,28.6888,28.3513,27.6763,27.3388,27.0013,26.6637,26.3262,25.9887,25.6512,25.3137,0,0.0,False,False,False,False,False,False,False,False,False,False,False,False,False,False,False,False,False,False,False,False,False,False,False,False
SPLG,2019-12-13 05:00:00+00:00,33.98006244351026,34.16284991950946,33.90694605855814,34.01662063598633,310900,2019,12,49,Friday,34.0166,33.998329162597656,0.05,-0.05,-0.27,0.05,0.27,33.6583,33.3184,32.9784,32.6384,32.2984,31.9584,31.6184,31.2785,30.9385,30.5985,30.2585,29.9185,29.5785,29.2386,28.8986,28.5586,27.8786,27.5386,27.1987,26.8587,26.5187,26.1787,25.8387,25.4987,0,0.0,False,False,False,False,False,False,False,False,False,False,False,False,False,False,False,False,False,False,False,False,False,False,False,False
SPLG,2019-12-16 05:00:00+00:00,34.22681835474679,34.345630713989955,34.22681835474679,34.27251434326172,409900,2019,12,50,Monday,34.2679,34.01662063598633,0.75,0.62,0.62,0.75,-0.62,33.6765,33.3363,32.9961,32.656,32.3158,31.9756,31.6355,31.2953,30.9551,30.615,30.2748,29.9346,29.5945,29.2543,28.9141,28.574,27.8936,27.5535,27.2133,26.8731,26.533,26.1928,25.8526,25.5125,0,0.0,False,False,False,False,False,False,False,False,False,False,False,False,False,False,False,False,False,False,False,False,False,False,False,False
SPLG,2019-12-17 05:00:00+00:00,34.32735255892126,34.35476945550299,34.27251527937726,34.290794372558594,369500,2019,12,50,Tuesday,34.3114,34.27251434326172,0.05,0.16,0.0,0.05,-0.0,33.9298,33.5871,33.2443,32.9016,32.5589,32.2162,31.8734,31.5307,31.188,30.8453,30.5025,30.1598,29.8171,29.4744,29.1316,28.7889,28.1035,27.7607,27.418,27.0753,26.7326,26.3898,26.0471,25.7044,0,0.0,False,False,False,False,False,False,False,False,False,False,False,False,False,False,False,False,False,False,False,False,False,False,False,False
SPLG,2019-12-18 05:00:00+00:00,34.31820490810206,34.354763087688504,34.281646728515625,34.281646728515625,280200,2019,12,50,Wednesday,34.3091,34.290794372558594,-0.03,0.08,-0.03,-0.03,0.03,33.9479,33.605,33.2621,32.9192,32.5763,32.2333,31.8904,31.5475,31.2046,30.8617,30.5188,30.1759,29.833,29.4901,29.1472,28.8043,28.1185,27.7755,27.4326,27.0897,26.7468,26.4039,26.061,25.7181,0,0.0,False,False,False,False,False,False,False,False,False,False,False,False,False,False,False,False,False,False,False,False,False,False,False,False
SPLG,2019-12-19 05:00:00+00:00,34.33649209923506,34.45530446773358,34.32735429537243,34.446163177490234,848200,2019,12,50,Thursday,34.3913,34.281646728515625,0.48,0.16,0.13,0.48,-0.13,33.9388,33.596,33.2532,32.9104,32.5676,32.2247,31.8819,31.5391,31.1963,30.8535,30.5107,30.1678,29.825,29.4822,29.1394,28.7966,28.111,27.7681,27.4253,27.0825,26.7397,26.3969,26.0541,25.7112,0,0.0,False,False,False,False,False,False,False,False,False,False,False,False,False,False,False,False,False,False,False,False,False,False,False,False
SPLG,2019-12-20 05:00:00+00:00,34.582099993960234,34.664766505251784,34.55454215429135,34.62802505493164,438800,2019,12,50,Friday,34.6074,34.446163177490234,0.53,0.39,0.31,0.53,-0.31,34.1017,33.7572,33.4128,33.0683,32.7239,32.3794,32.0349,31.6905,31.346,31.0015,30.6571,30.3126,29.9682,29.6237,29.2792,28.9348,28.2459,27.9014,27.5569,27.2125,26.868,26.5235,26.1791,25.8346,0,0.0,False,False,False,False,False,False,False,False,False,False,False,False,False,False,False,False,False,False,False,False,False,False,False,False
SPLG,2019-12-23 05:00:00+00:00,34.719873072579524,34.78416885481418,34.64639368025021,34.664764404296875,438100,2019,12,51,Monday,34.7038,34.62802505493164,0.11,0.27,0.05,0.11,-0.05,34.2817,33.9355,33.5892,33.2429,32.8966,32.5503,32.2041,31.8578,31.5115,31.1652,30.8189,30.4727,30.1264,29.7801,29.4338,29.0875,28.395,28.0487,27.7024,27.3561,27.0099,26.6636,26.3173,25.971,0,0.0,False,False,False,False,False,False,False,False,False,False,False,False,False,False,False,False,False,False,False,False,False,False,False,False
SPLG,2019-12-24 05:00:00+00:00,34.6923255188239,34.6923255188239,34.61884260827549,34.64640045166016,245500,2019,12,51,Tuesday,34.6625,34.664764404296875,-0.05,0.08,-0.13,-0.05,0.13,34.3181,33.9715,33.6248,33.2782,32.9315,32.5849,32.2382,31.8916,31.5449,31.1983,30.8516,30.505,30.1583,29.8117,29.465,29.1184,28.4251,28.0785,27.7318,27.3852,27.0385,26.6919,26.3452,25.9986,0,0.0,False,False,False,False,False,False,False,False,False,False,False,False,False,False,False,False,False,False,False,False,False,False,False,False
SPLG,2019-12-26 05:00:00+00:00,34.72907191905637,34.84847640991211,34.710701188803526,34.84847640991211,369100,2019,12,51,Thursday,34.7842,34.64640045166016,0.58,0.24,0.19,0.58,-0.19,34.2999,33.9535,33.607,33.2605,32.9141,32.5676,32.2212,31.8747,31.5282,31.1818,30.8353,30.4888,30.1424,29.7959,29.4494,29.103,28.41,28.0636,27.7171,27.3707,27.0242,26.6777,26.3313,25.9848,0,0.0,False,False,False,False,False,False,False,False,False,False,False,False,False,False,False,False,False,False,False,False,False,False,False,False
SPLG,2019-12-27 05:00:00+00:00,34.94031936563312,34.9495029760191,34.78416995821189,34.8209114074707,2036100,2019,12,51,Friday,34.8737,34.84847640991211,-0.08,0.26,-0.18,-0.08,0.18,34.5,34.1515,33.803,33.4545,33.1061,32.7576,32.4091,32.0606,31.7121,31.3636,31.0151,30.6667,30.3182,29.9697,29.6212,29.2727,28.5758,28.2273,27.8788,27.5303,27.1818,26.8333,26.4848,26.1364,0,0.0,False,False,False,False,False,False,False,False,False,False,False,False,False,False,False,False,False,False,False,False,False,False,False,False
SPLG,2019-12-30 05:00:00+00:00,34.866848205950625,34.876035323287134,34.572923520637595,34.65559005737305,2905100,2019,12,52,Monday,34.7428,34.8209114074707,-0.47,0.13,-0.71,-0.47,0.71,34.4727,34.1245,33.7763,33.4281,33.0799,32.7317,32.3834,32.0352,31.687,31.3388,30.9906,30.6424,30.2942,29.946,29.5978,29.2496,28.5531,28.2049,27.8567,27.5085,27.1603,26.8121,26.4639,26.1157,0,0.0,False,False,False,False,False,False,False,False,False,False,False,False,False,False,False,False,False,False,False,False,False,False,False,False
SPLG,2019-12-31 05:00:00+00:00,34.58210860018582,34.75662527685102,34.52699641099018,34.73825454711914,719300,2019,12,52,Tuesday,34.651,34.65559005737305,0.24,-0.21,-0.37,0.24,0.37,34.309,33.9625,33.6159,33.2694,32.9228,32.5763,32.2297,31.8831,31.5366,31.19,30.8435,30.4969,30.1504,29.8038,29.4573,29.1107,28.4176,28.071,27.7245,27.3779,27.0314,26.6848,26.3382,25.9917,0,0.0,False,False,False,False,False,False,False,False,False,False,False,False,False,False,False,False,False,False,False,False,False,False,False,False
