Date,Open,High,Low,Close,Volume,Symbol,Year,Month,Week,Weekday,avg_daily_price,Previous_Close,Daily_Gain_Loss_Pct,Open_vs_PrevClose_Pct,Low_vs_PrevClose_Pct,Close_vs_PrevClose_Pct,mx_percent_decline
2005-09-06,38.98417428999049,39.41878890991211,38.98417428999049,39.41878890991211,533100,OEF,2005,9,36,Tuesday,39.2015,,,,,,
2005-09-07,39.34980028918984,39.591251373291016,39.32910260225299,39.591251373291016,134900,OEF,2005,9,36,Wednesday,39.4654,39.41878890991211,0.44,-0.18,-0.23,0.44,0.23
2005-09-08,39.39807868470407,39.480861512754316,39.27390312681936,39.33599090576172,493900,OEF,2005,9,36,Thursday,39.3722,39.591251373291016,-0.64,-0.49,-0.8,-0.64,0.8
2005-09-09,39.356694370208295,39.70162596439351,39.335999316675334,39.66713333129883,135400,OEF,2005,9,36,Friday,39.5154,39.33599090576172,0.84,0.05,0.0,0.84,-0.0
2005-09-12,39.49465160093721,39.70851005043836,39.49465160093721,39.6119270324707,115000,OEF,2005,9,37,Monday,39.5774,39.66713333129883,-0.14,-0.43,-0.43,-0.14,0.43
2005-09-13,39.56365549003009,39.584353176589346,39.308406829833984,39.308406829833984,414300,OEF,2005,9,37,Tuesday,39.4412,39.6119270324707,-0.77,-0.12,-0.77,-0.77,0.77
2005-09-14,39.31529944137226,39.46017006157398,39.18422376742118,39.27390670776367,287800,OEF,2005,9,37,Wednesday,39.3084,39.308406829833984,-0.09,0.02,-0.32,-0.09,0.32
2005-09-15,39.294597859984584,39.356685638427734,39.1704223030983,39.356685638427734,53800,OEF,2005,9,37,Thursday,39.2946,39.27390670776367,0.21,0.05,-0.26,0.21,0.26
2005-09-16,39.52914447303548,39.639522434086594,39.37737642135156,39.54294204711914,314000,OEF,2005,9,37,Friday,39.5222,39.356685638427734,0.47,0.44,0.05,0.47,-0.05
2005-09-19,39.59814001726534,39.59814001726534,39.30839616859471,39.4118766784668,163400,OEF,2005,9,38,Monday,39.4791,39.54294204711914,-0.33,0.14,-0.59,-0.33,0.59
2005-09-20,39.4188002287254,39.805124738654776,39.08076858520508,39.08076858520508,295900,OEF,2005,9,38,Tuesday,39.3464,39.4118766784668,-0.84,0.02,-0.84,-0.84,0.84
2005-09-21,39.08075154937643,39.08075154937643,38.76341247558594,38.76341247558594,174400,OEF,2005,9,38,Wednesday,38.9221,39.08076858520508,-0.81,-0.0,-0.81,-0.81,0.81
2005-09-22,38.70132948000003,38.97727584838867,38.64614178529406,38.97727584838867,167700,OEF,2005,9,38,Thursday,38.8255,38.76341247558594,0.55,-0.16,-0.3,0.55,0.3
2005-09-23,38.908293791300444,38.95658401502096,38.7565230129675,38.83930587768555,116500,OEF,2005,9,38,Friday,38.8652,38.97727584838867,-0.35,-0.18,-0.57,-0.35,0.57
2005-09-26,38.83929375670918,39.13593511362776,38.57024755662465,38.65303039550781,101000,OEF,2005,9,39,Monday,38.7996,38.83930587768555,-0.48,-0.0,-0.69,-0.48,0.69
2005-09-27,38.851264322136146,38.98296521729056,38.71263305342327,38.885921478271484,174200,OEF,2005,9,39,Tuesday,38.8582,38.65303039550781,0.6,0.51,0.15,0.6,-0.15
2005-09-28,39.01764455346546,39.03150795263471,38.7473148800976,38.98991775512695,141800,OEF,2005,9,39,Wednesday,38.9466,38.885921478271484,0.27,0.34,-0.36,0.27,0.36
2005-09-29,38.92057169645381,39.22555829719817,38.69182976276739,39.059200286865234,487100,OEF,2005,9,39,Thursday,38.9743,38.98991775512695,0.18,-0.18,-0.76,0.18,0.76
2005-09-30,39.17705856409409,39.30182647705078,38.95524952865381,39.30182647705078,23300,OEF,2005,9,39,Friday,39.184,39.059200286865234,0.62,0.3,-0.27,0.62,0.27
2005-10-03,39.267162078231536,39.50976483975429,39.06614685058594,39.06614685058594,94200,OEF,2005,10,40,Monday,39.2273,39.30182647705078,-0.6,-0.09,-0.6,-0.6,0.6
2005-10-04,39.190922659076065,39.190922659076065,38.71264476947844,38.71957778930664,382600,OEF,2005,10,40,Tuesday,38.9535,39.06614685058594,-0.89,0.32,-0.9,-0.89,0.9
2005-10-05,38.677989959973644,38.719580148960475,38.24130223021558,38.289825439453125,268100,OEF,2005,10,40,Wednesday,38.4822,38.71957778930664,-1.11,-0.11,-1.24,-1.11,1.24
2005-10-06,38.178924669106024,38.44925431368476,37.86700483144874,38.01949691772461,328200,OEF,2005,10,40,Thursday,38.1287,38.289825439453125,-0.71,-0.29,-1.1,-0.71,1.1
2005-10-07,38.407653622045046,38.407653622045046,38.178914233069754,38.296749114990234,397900,OEF,2005,10,40,Friday,38.3227,38.01949691772461,0.73,1.02,0.42,0.73,-0.42
2005-10-10,38.28289539254479,38.28289539254479,38.03335952758789,38.03335952758789,147100,OEF,2005,10,41,Monday,38.1581,38.296749114990234,-0.69,-0.04,-0.69,-0.69,0.69
2005-10-11,38.12347714264119,38.22745131979039,37.936325210276536,37.95711898803711,239300,OEF,2005,10,41,Tuesday,38.0611,38.03335952758789,-0.2,0.24,-0.26,-0.2,0.26
2005-10-12,38.12345458429764,38.192768898600455,37.76994735067875,37.8115348815918,454800,OEF,2005,10,41,Wednesday,37.9744,37.95711898803711,-0.38,0.44,-0.49,-0.38,0.49
2005-10-13,37.73530645545087,37.9848423426377,37.66599210642027,37.8808708190918,407400,OEF,2005,10,41,Thursday,37.8168,37.8115348815918,0.18,-0.2,-0.38,0.18,0.38
2005-10-14,37.92937207212743,38.1373176574707,37.7699470352252,38.1373176574707,361600,OEF,2005,10,41,Friday,37.9935,37.8808708190918,0.68,0.13,-0.29,0.68,0.29
2005-10-17,38.054136987237875,38.2274254022177,38.03334057940376,38.21356201171875,258700,OEF,2005,10,42,Monday,38.1321,38.1373176574707,0.2,-0.22,-0.27,0.2,0.27
2005-10-18,38.09571408077543,38.151167627583426,37.873905181884766,37.873905181884766,189300,OEF,2005,10,42,Tuesday,37.9987,38.21356201171875,-0.89,-0.31,-0.89,-0.89,0.89
2005-10-19,37.846211587586325,38.32448959350586,37.652129291951134,38.32448959350586,1044500,OEF,2005,10,42,Wednesday,38.0368,37.873905181884766,1.19,-0.07,-0.59,1.19,0.59
2005-10-20,38.2620964972157,38.331410830793835,37.6035997515341,37.80461502075195,853000,OEF,2005,10,42,Thursday,38.0004,38.32448959350586,-1.36,-0.16,-1.88,-1.36,1.88
2005-10-21,37.93632624647763,37.98484682535971,37.568955393749505,37.66599655151367,575800,OEF,2005,10,42,Friday,37.789,37.80461502075195,-0.37,0.35,-0.62,-0.37,0.62
2005-10-24,37.776888421896416,38.30368423461914,37.776888421896416,38.30368423461914,209600,OEF,2005,10,43,Monday,38.0403,37.66599655151367,1.69,0.29,0.29,1.69,-0.29
2005-10-25,38.269012299697465,38.35912301437188,38.04027297065789,38.24821853637695,75200,OEF,2005,10,43,Tuesday,38.2292,38.30368423461914,-0.14,-0.09,-0.69,-0.14,0.69
2005-10-26,38.27596951716219,38.46312143788884,38.08881759643555,38.08881759643555,352700,OEF,2005,10,43,Wednesday,38.2292,38.24821853637695,-0.42,0.07,-0.42,-0.42,0.42
2005-10-27,38.05415006172601,38.05415006172601,37.75609367402202,37.818477630615234,209600,OEF,2005,10,43,Thursday,37.9207,38.08881759643555,-0.71,-0.09,-0.87,-0.71,0.87
2005-10-28,37.88086256696507,38.366068192825864,37.83927238010314,38.30368423461914,360500,OEF,2005,10,43,Friday,38.0975,37.818477630615234,1.28,0.16,0.05,1.28,-0.05
2005-10-31,38.57402512809372,38.66413325356424,38.48391435845028,38.580955505371094,861900,OEF,2005,10,44,Monday,38.5758,38.30368423461914,0.72,0.71,0.47,0.72,-0.47
2005-11-01,38.41458511352539,38.511628873669686,38.34527078616585,38.41458511352539,140700,OEF,2005,11,44,Tuesday,38.4215,38.580955505371094,-0.43,-0.43,-0.61,-0.43,0.61
2005-11-02,38.4007231693452,38.75423045856213,38.4007231693452,38.664119720458984,323300,OEF,2005,11,44,Wednesday,38.5549,38.41458511352539,0.65,-0.04,-0.04,0.65,0.04
2005-11-03,38.81662368774414,39.13547389057774,38.726512928100675,38.81662368774414,916000,OEF,2005,11,44,Thursday,38.8738,38.664119720458984,0.39,0.39,0.16,0.39,-0.16
2005-11-04,38.85128023301851,38.97604816153953,38.29675757524317,38.94139099121094,1511600,OEF,2005,11,44,Friday,38.7664,38.81662368774414,0.32,0.09,-1.34,0.32,1.34
2005-11-07,38.913654180607814,39.045355095797305,38.81661307099783,38.892860412597656,246100,OEF,2005,11,45,Monday,38.9171,38.94139099121094,-0.12,-0.07,-0.32,-0.12,0.32
2005-11-08,38.78197205593422,39.003781154296206,38.78197205593422,38.98991775512695,148200,OEF,2005,11,45,Tuesday,38.8894,38.892860412597656,0.25,-0.29,-0.29,0.25,0.29
2005-11-09,38.81662936921119,39.163206417150576,38.81662936921119,39.010711669921875,144700,OEF,2005,11,45,Wednesday,38.9518,38.98991775512695,0.05,-0.44,-0.44,0.05,0.44
2005-11-10,39.0037700898956,39.350347038292576,38.88593255247105,39.30182647705078,601100,OEF,2005,11,45,Thursday,39.1355,39.010711669921875,0.75,-0.02,-0.32,0.75,0.32
2005-11-11,39.267175518184416,39.4820515678867,39.267175518184416,39.44046401977539,198000,OEF,2005,11,45,Friday,39.3642,39.30182647705078,0.35,-0.09,-0.09,0.35,0.09
2005-11-14,39.64841922551636,39.64841922551636,39.371156498639465,39.4543342590332,88300,OEF,2005,11,46,Monday,39.5306,39.44046401977539,0.04,0.53,-0.18,0.04,0.18
2005-11-15,39.35728137603725,39.54443326431341,39.218652698060126,39.32262420654297,352800,OEF,2005,11,46,Tuesday,39.3607,39.4543342590332,-0.33,-0.25,-0.6,-0.33,0.6
2005-11-16,39.405801011333445,39.405801011333445,39.211718751411986,39.31569290161133,92600,OEF,2005,11,46,Wednesday,39.3348,39.32262420654297,-0.02,0.21,-0.28,-0.02,0.28
2005-11-17,39.35727857566012,39.63454120023145,39.34341518001431,39.599884033203125,911000,OEF,2005,11,46,Thursday,39.4838,39.31569290161133,0.72,0.11,0.07,0.72,-0.07
2005-11-18,39.92566520930905,39.92566520930905,39.6068150369172,39.86328125,446200,OEF,2005,11,46,Friday,39.8304,39.599884033203125,0.67,0.82,0.02,0.67,-0.02
2005-11-21,39.78703879843706,40.07123181938993,39.78703879843706,39.98112106323242,173500,OEF,2005,11,47,Monday,39.9066,39.86328125,0.3,-0.19,-0.19,0.3,0.19
2005-11-22,39.89795187297561,40.244528931011345,39.89795187297561,40.16828155517578,2942500,OEF,2005,11,47,Tuesday,40.0522,39.98112106323242,0.47,-0.21,-0.21,0.47,0.21
2005-11-23,39.856347037998766,40.535637504997915,39.856347037998766,40.41086959838867,297000,OEF,2005,11,47,Wednesday,40.1648,40.16828155517578,0.6,-0.78,-0.78,0.6,0.78
2005-11-25,40.20985501568433,40.52870780688587,40.20985501568433,40.46632385253906,68400,OEF,2005,11,47,Friday,40.3537,40.41086959838867,0.14,-0.5,-0.5,0.14,0.5
2005-11-28,40.57723967303978,40.57723967303978,40.14748224815854,40.175209045410156,408200,OEF,2005,11,48,Monday,40.3693,40.46632385253906,-0.72,0.27,-0.79,-0.72,0.79
2005-11-29,40.33463878667039,40.38315936533588,40.16135025024414,40.16135025024414,96400,OEF,2005,11,48,Tuesday,40.2601,40.175209045410156,-0.03,0.4,-0.03,-0.03,0.03
2005-11-30,40.168272280192525,40.286107183513124,39.891009640115534,39.92566680908203,613800,OEF,2005,11,48,Wednesday,40.0678,40.16135025024414,-0.59,0.02,-0.67,-0.59,0.67
2005-12-01,40.029625507679754,40.35540858738362,40.029625507679754,40.2722282409668,274600,OEF,2005,12,48,Thursday,40.1717,39.92566680908203,0.87,0.26,0.26,0.87,-0.26
2005-12-02,40.29997251434734,40.313835911433884,40.14747779056794,40.209861755371094,80100,OEF,2005,12,48,Friday,40.2428,40.2722282409668,-0.15,0.07,-0.31,-0.15,0.31
2005-12-05,40.75052417726921,40.75052417726921,40.071233576525806,40.15441131591797,168900,OEF,2005,12,49,Monday,40.4317,40.209861755371094,-0.14,1.34,-0.34,-0.14,0.34
2005-12-06,40.23758312842763,40.480188578497604,40.1336116305453,40.1474723815918,421900,OEF,2005,12,49,Tuesday,40.2497,40.15441131591797,-0.02,0.21,-0.05,-0.02,0.05
2005-12-07,40.223720846889165,40.223720846889165,39.83555634670567,39.967254638671875,261200,OEF,2005,12,49,Wednesday,40.0626,40.1474723815918,-0.45,0.19,-0.78,-0.45,0.78
2005-12-08,39.946459906826384,40.11974838143361,39.69692408032441,39.87021255493164,734400,OEF,2005,12,49,Thursday,39.9083,39.967254638671875,-0.24,-0.05,-0.68,-0.24,0.68
2005-12-09,39.82169057020923,40.00884243339625,39.54442796307909,39.918731689453125,165900,OEF,2005,12,49,Friday,39.8234,39.87021255493164,0.12,-0.12,-0.82,0.12,0.82
2005-12-12,40.09895357557582,40.09895357557582,39.78010340410472,39.93259811401367,183100,OEF,2005,12,50,Monday,39.9777,39.918731689453125,0.03,0.45,-0.35,0.03,0.35
2005-12-13,39.75237250506067,40.279170915311866,39.75237250506067,40.09894943237305,366100,OEF,2005,12,50,Tuesday,39.9707,39.93259811401367,0.42,-0.45,-0.45,0.42,0.45
2005-12-14,40.20985352537407,40.44552593926361,40.18905975608655,40.33462142944336,573200,OEF,2005,12,50,Wednesday,40.2948,40.09894943237305,0.59,0.28,0.22,0.59,-0.22
2005-12-15,40.40392585105483,40.445513376712604,40.24450083296708,40.306884765625,300700,OEF,2005,12,50,Thursday,40.3502,40.33462142944336,-0.07,0.17,-0.22,-0.07,0.22
2005-12-16,40.68813861705595,40.68813861705595,40.18213653564453,40.18213653564453,480100,OEF,2005,12,50,Friday,40.4351,40.306884765625,-0.31,0.95,-0.31,-0.31,0.31
2005-12-19,40.34155777082681,40.40394172799885,40.05736477574805,40.09202194213867,292600,OEF,2005,12,51,Monday,40.2237,40.18213653564453,-0.22,0.4,-0.31,-0.22,0.31
2005-12-20,40.20293634588068,40.20293634588068,39.953400455838576,40.02964782714844,356600,OEF,2005,12,51,Tuesday,40.0972,40.09202194213867,-0.16,0.28,-0.35,-0.16,0.35
2005-12-21,40.18906227854475,40.27224000508755,40.00191041069427,40.10588455200195,520700,OEF,2005,12,51,Wednesday,40.1423,40.02964782714844,0.19,0.4,-0.07,0.19,0.07
2005-12-22,40.30690777908693,40.30690777908693,40.05737190598127,40.23759078979492,171300,OEF,2005,12,51,Thursday,40.2272,40.10588455200195,0.33,0.5,-0.12,0.33,0.12
2005-12-23,40.11974095031832,40.11974095031832,39.994973060177266,40.07122039794922,106700,OEF,2005,12,51,Friday,40.0764,40.23759078979492,-0.41,-0.29,-0.6,-0.41,0.6
2005-12-27,40.19599472782493,40.23065189304497,39.68305969238281,39.68305969238281,1610100,OEF,2005,12,52,Tuesday,39.9482,40.07122039794922,-0.97,0.31,-0.97,-0.97,0.97
2005-12-28,39.85634909610793,39.85634909610793,39.669197226529874,39.68999099731445,212000,OEF,2005,12,52,Wednesday,39.768,39.68305969238281,0.02,0.44,-0.03,0.02,0.03
2005-12-29,39.787035263321265,39.787035263321265,39.5998833913947,39.63454055786133,316200,OEF,2005,12,52,Thursday,39.7021,39.68999099731445,-0.14,0.24,-0.23,-0.14,0.23
2005-12-30,39.54443553422636,41.512993018066766,39.371147032635385,39.44046401977539,1911700,OEF,2005,12,52,Friday,39.9673,39.63454055786133,-0.49,-0.23,-0.66,-0.49,0.66
2006-01-03,39.44045443223165,40.08508771298058,39.3919338751148,40.00190734863281,727100,OEF,2006,1,1,Tuesday,39.7298,39.44046401977539,1.42,-0.0,-0.12,1.42,0.12
2006-01-04,40.112815215631024,40.23758312842763,40.04350088370947,40.1474723815918,71500,OEF,2006,1,1,Wednesday,40.1353,40.00190734863281,0.36,0.28,0.1,0.36,-0.1
2006-01-05,40.16827866818371,40.27918321301724,40.05044110195082,40.175209045410156,186400,OEF,2006,1,1,Thursday,40.1683,40.1474723815918,0.07,0.05,-0.24,0.07,0.24
2006-01-06,40.37622754537954,40.507925876457854,40.16828183792896,40.480201721191406,131700,OEF,2006,1,1,Friday,40.3832,40.175209045410156,0.76,0.5,-0.02,0.76,0.02
2006-01-09,40.44552381508233,40.611881893161694,40.44552381508233,40.57722473144531,113300,OEF,2006,1,2,Monday,40.52,40.480201721191406,0.24,-0.09,-0.09,0.24,0.09
2006-01-10,40.3762148506621,40.549503326416016,40.36928447506776,40.549503326416016,198300,OEF,2006,1,2,Tuesday,40.4611,40.57722473144531,-0.07,-0.5,-0.51,-0.07,0.51
2006-01-11,40.604963128404435,40.736661438251126,40.49405594852592,40.688140869140625,426200,OEF,2006,1,2,Wednesday,40.631,40.549503326416016,0.34,0.14,-0.14,0.34,0.14
2006-01-12,40.646550500855184,40.66041389828003,40.390084258927295,40.487125396728516,564100,OEF,2006,1,2,Thursday,40.546,40.688140869140625,-0.49,-0.1,-0.73,-0.49,0.73
2006-01-13,40.41779723647564,40.52870173378769,40.31382311342044,40.43859100341797,545700,OEF,2006,1,2,Friday,40.4247,40.487125396728516,-0.12,-0.17,-0.43,-0.12,0.43
2006-01-17,40.237588549544185,40.32769930852044,40.161341187654486,40.209861755371094,174600,OEF,2006,1,3,Tuesday,40.2341,40.43859100341797,-0.57,-0.5,-0.69,-0.57,0.69
2006-01-18,40.029651914462555,40.2029404508888,39.89795357868097,40.16135025024414,147000,OEF,2006,1,3,Wednesday,40.073,40.209861755371094,-0.12,-0.45,-0.78,-0.12,0.78
2006-01-19,40.34157325374316,40.403957234857884,40.12669450897613,40.293052673339844,128600,OEF,2006,1,3,Thursday,40.2913,40.16135025024414,0.33,0.45,-0.09,0.33,0.09
2006-01-20,40.20292169424452,40.272236018807185,39.53749465942383,39.53749465942383,487800,OEF,2006,1,3,Friday,39.8875,40.293052673339844,-1.88,-0.22,-1.88,-1.88,1.88
2006-01-23,39.537499434085845,39.76623884810344,39.537499434085845,39.63454055786133,139600,OEF,2006,1,4,Monday,39.6189,39.53749465942383,0.25,0.0,0.0,0.25,-0.0
2006-01-24,39.64839553833008,39.807820585578135,39.58601159426155,39.64839553833008,965600,OEF,2006,1,4,Tuesday,39.6727,39.63454055786133,0.03,0.03,-0.12,0.03,0.12
2006-01-25,39.80089551511934,39.83555532532335,39.48204535695183,39.68999099731445,229900,OEF,2006,1,4,Wednesday,39.7021,39.64839553833008,0.1,0.38,-0.42,0.1,0.42
2006-01-26,39.79396232374112,39.93952399727772,39.731578371629425,39.877140045166016,178200,OEF,2006,1,4,Thursday,39.8356,39.68999099731445,0.47,0.26,0.1,0.47,-0.1
2006-01-27,39.92566780345705,40.25145101703549,39.86328384009464,40.20293045043945,131100,OEF,2006,1,4,Friday,40.0608,39.877140045166016,0.82,0.12,-0.03,0.82,0.03
2006-01-30,40.18214444046773,40.32770616837801,40.18214444046773,40.223731994628906,119900,OEF,2006,1,5,Monday,40.2289,40.20293045043945,0.05,-0.05,-0.05,0.05,0.05
2006-01-31,40.23758508937508,40.23758508937508,39.97418585572654,40.13361358642578,82800,OEF,2006,1,5,Tuesday,40.1457,40.223731994628906,-0.22,0.03,-0.62,-0.22,0.62
2006-02-01,40.0712398890828,40.223731994628906,39.994992514223206,40.223731994628906,1196200,OEF,2006,2,5,Wednesday,40.1284,40.13361358642578,0.22,-0.16,-0.35,0.22,0.35
2006-02-02,40.07123230256646,40.16827343613426,39.74544908772665,39.8355598449707,225300,OEF,2006,2,5,Thursday,39.9551,40.223731994628906,-0.97,-0.38,-1.19,-0.97,1.19
2006-02-03,39.696924371118946,39.86327982722402,39.586019852324796,39.613746643066406,90100,OEF,2006,2,5,Friday,39.69,39.8355598449707,-0.56,-0.35,-0.63,-0.56,0.63
2006-02-06,39.68305362887003,39.72464380728248,39.579079504924785,39.65532684326172,44800,OEF,2006,2,6,Monday,39.6605,39.613746643066406,0.1,0.17,-0.09,0.1,0.09
2006-02-07,39.63454195947254,39.648405355383915,39.37807574554321,39.49591064453125,337200,OEF,2006,2,6,Tuesday,39.5392,39.65532684326172,-0.4,-0.05,-0.7,-0.4,0.7
2006-02-08,39.61373887116549,39.89099879166852,39.5236281410204,39.80088806152344,115600,OEF,2006,2,6,Wednesday,39.7073,39.49591064453125,0.77,0.3,0.07,0.77,-0.07
2006-02-09,39.84941721521225,40.11281378244107,39.828620801041005,39.8979377746582,265100,OEF,2006,2,6,Thursday,39.9222,39.80088806152344,0.24,0.12,0.07,0.24,-0.07
2006-02-10,39.884067881641954,40.05735632119288,39.59294192822709,40.01576614379883,91800,OEF,2006,2,6,Friday,39.8875,39.8979377746582,0.3,-0.03,-0.76,0.3,0.76
2006-02-13,39.98111256639146,39.98111256639146,39.70384998060299,39.814754486083984,327200,OEF,2006,2,7,Monday,39.8702,40.01576614379883,-0.5,-0.09,-0.78,-0.5,0.78
2006-02-14,39.83554694760892,40.313822084275344,39.82168355527735,40.25143814086914,219000,OEF,2006,2,7,Tuesday,40.0556,39.814754486083984,1.1,0.05,0.02,1.1,-0.02
2006-02-15,40.133603470302596,40.369275852758506,40.112807059616784,40.362342834472656,220800,OEF,2006,2,7,Wednesday,40.2445,40.25143814086914,0.28,-0.29,-0.34,0.28,0.34
2006-02-16,40.376214212291714,40.58415985107422,38.98990642817869,40.58415985107422,276600,OEF,2006,2,7,Thursday,40.1336,40.362342834472656,0.55,0.03,-3.4,0.55,3.4
2006-02-17,40.52870955546068,40.611887283454315,40.417805036745065,40.549503326416016,221200,OEF,2006,2,7,Friday,40.527,40.58415985107422,-0.09,-0.14,-0.41,-0.09,0.41
2006-02-21,41.00698010432305,41.00698010432305,40.376210230522965,40.47325134277344,210500,OEF,2006,2,8,Tuesday,40.7159,40.549503326416016,-0.19,1.13,-0.43,-0.19,0.43
2006-02-22,40.54950585347735,40.688137171554494,40.438601327850115,40.61882019042969,1173400,OEF,2006,2,8,Wednesday,40.5738,40.47325134277344,0.36,0.19,-0.09,0.36,0.09
2006-02-23,40.49405512697961,40.65348287273415,40.41781040861904,40.52178192138672,262800,OEF,2006,2,8,Thursday,40.5218,40.61882019042969,-0.24,-0.31,-0.49,-0.24,0.49
2006-02-24,40.45246156348549,40.58415985107422,40.41087137806009,40.58415985107422,136300,OEF,2006,2,8,Friday,40.5079,40.52178192138672,0.15,-0.17,-0.27,0.15,0.27
2006-02-27,40.639620300030124,40.77825163070557,40.54950953846518,40.688140869140625,115100,OEF,2006,2,9,Monday,40.6639,40.58415985107422,0.26,0.14,-0.09,0.26,0.09
2006-02-28,40.604941038971624,40.604941038971624,40.279157985738976,40.306884765625,452600,OEF,2006,2,9,Tuesday,40.449,40.688140869140625,-0.94,-0.2,-1.01,-0.94,1.01
2006-03-01,40.500985288776214,40.64654698287961,40.4108745354002,40.61882019042969,137500,OEF,2006,3,9,Wednesday,40.5443,40.306884765625,0.77,0.48,0.26,0.77,-0.26
2006-03-02,40.41087869527079,40.584167199662325,40.39008492087908,40.542579650878906,27700,OEF,2006,3,9,Thursday,40.4819,40.61882019042969,-0.19,-0.51,-0.56,-0.19,0.56
2006-03-03,40.34155466964985,40.80596648076247,40.34155466964985,40.53563690185547,66400,OEF,2006,3,9,Friday,40.5062,40.542579650878906,-0.02,-0.5,-0.5,-0.02,0.5
2006-03-06,40.632679120441864,40.63961213987852,40.25144502076307,40.35541915893555,70500,OEF,2006,3,10,Monday,40.4698,40.53563690185547,-0.44,0.24,-0.7,-0.44,0.7
2006-03-07,40.20985875342184,40.33462667371334,40.15440781338808,40.28610610961914,135000,OEF,2006,3,10,Tuesday,40.2462,40.35541915893555,-0.17,-0.36,-0.5,-0.17,0.5
2006-03-08,40.15440248598071,40.51484280298294,40.15440248598071,40.40393829345703,243600,OEF,2006,3,10,Wednesday,40.3069,40.28610610961914,0.29,-0.33,-0.33,0.29,0.33
2006-03-09,40.54950904406339,40.54950904406339,40.265316009521484,40.265316009521484,66700,OEF,2006,3,10,Thursday,40.4074,40.40393829345703,-0.34,0.36,-0.34,-0.34,0.34
2006-03-10,40.23758354122451,40.64654444977064,40.23758354122451,40.549503326416016,82400,OEF,2006,3,10,Friday,40.4178,40.265316009521484,0.71,-0.07,-0.07,0.71,0.07
2006-03-13,41.15253730141891,41.15253730141891,40.54949428068955,40.59801483154297,156000,OEF,2006,3,11,Monday,40.8631,40.549503326416016,0.12,1.49,-0.0,0.12,0.0
2006-03-14,40.63960312598718,40.97231659250199,40.61880671646203,40.95152282714844,187700,OEF,2006,3,11,Tuesday,40.7956,40.59801483154297,0.87,0.1,0.05,0.87,-0.05
2006-03-15,40.97925336573754,41.16640521566079,40.87528187856151,41.11095428466797,122300,OEF,2006,3,11,Wednesday,41.033,40.95152282714844,0.39,0.07,-0.19,0.39,0.19
2006-03-16,41.13175126336942,41.31197010837612,41.13175126336942,41.23572540283203,533500,OEF,2006,3,11,Thursday,41.2028,41.11095428466797,0.3,0.05,0.05,0.3,-0.05
2006-03-17,41.30504206518585,41.30504206518585,41.104026794433594,41.104026794433594,665300,OEF,2006,3,11,Friday,41.2045,41.23572540283203,-0.32,0.17,-0.32,-0.32,0.32
2006-03-20,41.3188940113079,41.32582438512926,41.15253595370735,41.19412612915039,954100,OEF,2006,3,12,Monday,41.2478,41.104026794433594,0.22,0.52,0.12,0.22,-0.12
2006-03-21,41.29812463778887,41.39516579363358,41.01392890399624,41.055519104003906,411100,OEF,2006,3,12,Tuesday,41.1907,41.19412612915039,-0.34,0.25,-0.44,-0.34,0.44
2006-03-22,40.9792522859349,41.33969258249259,40.9307317310302,41.29117202758789,111500,OEF,2006,3,12,Wednesday,41.1352,41.055519104003906,0.57,-0.19,-0.3,0.57,0.3
2006-03-23,41.27731515931956,41.34663213740677,41.08323290902007,41.173343658447266,48100,OEF,2006,3,12,Thursday,41.2201,41.29117202758789,-0.29,-0.03,-0.5,-0.29,0.5
2006-03-24,41.034705669943186,41.28424146211203,41.034705669943186,41.180267333984375,134000,OEF,2006,3,12,Friday,41.1335,41.173343658447266,0.02,-0.34,-0.34,0.02,0.34
2006-03-27,41.18096223341044,41.208801953582984,41.06960600766211,41.16008377075195,165700,OEF,2006,3,13,Monday,41.1549,41.180267333984375,-0.05,0.0,-0.27,-0.05,0.27
2006-03-28,41.06265615826846,41.229691859968284,40.756427135918265,40.777305603027344,410600,OEF,2006,3,13,Tuesday,40.9565,41.16008377075195,-0.93,-0.24,-0.98,-0.93,0.98
2006-03-29,40.923464159995795,41.16009654501892,40.83994762850018,41.09049987792969,78400,OEF,2006,3,13,Wednesday,41.0035,40.777305603027344,0.77,0.36,0.15,0.77,-0.15
2006-03-30,40.92346125144813,41.25753000863003,40.90258278379379,40.95825958251953,185500,OEF,2006,3,13,Thursday,41.0105,41.09049987792969,-0.32,-0.41,-0.46,-0.32,0.46
2006-03-31,41.02088549650321,41.18095989599682,40.86081109700961,41.00696563720703,127200,OEF,2006,3,13,Friday,41.0174,40.95825958251953,0.12,0.15,-0.24,0.12,0.24
2006-04-03,40.965206118148465,41.29231615352449,40.965206118148465,40.9791259765625,89000,OEF,2006,4,14,Monday,41.0505,41.00696563720703,-0.07,-0.1,-0.1,-0.07,0.1
2006-04-04,40.91648519136735,41.250553806028464,40.91648519136735,41.20183563232422,45600,OEF,2006,4,14,Tuesday,41.0713,40.9791259765625,0.54,-0.15,-0.15,0.54,0.15
2006-04-05,41.19490276340583,41.35497725230399,41.16010442320069,41.348018646240234,65100,OEF,2006,4,14,Wednesday,41.2645,41.20183563232422,0.35,-0.02,-0.1,0.35,0.1
2006-04-06,41.271446888125794,41.306245216681276,41.034814537029305,41.23664855957031,44000,OEF,2006,4,14,Thursday,41.2123,41.348018646240234,-0.27,-0.19,-0.76,-0.27,0.76
2006-04-07,41.354954343619674,41.40367517884964,40.75641632080078,40.75641632080078,720400,OEF,2006,4,14,Friday,41.0679,41.23664855957031,-1.16,0.29,-1.16,-1.16,1.16
2006-04-10,41.13224758224026,41.13224758224026,40.791220273142066,40.87473678588867,194900,OEF,2006,4,15,Monday,40.9826,40.75641632080078,0.29,0.92,0.09,0.29,-0.09
2006-04-11,40.92346932705777,40.97914879171346,40.485002835194656,40.65203857421875,249600,OEF,2006,4,15,Tuesday,40.7599,40.87473678588867,-0.54,0.12,-0.95,-0.54,0.95
2006-04-12,40.74249863212959,40.74249863212959,40.54066464307246,40.55458450317383,141000,OEF,2006,4,15,Wednesday,40.6451,40.65203857421875,-0.24,0.22,-0.27,-0.24,0.27
2006-04-13,40.54067095082164,40.73554371267754,40.51979248489201,40.62418746948242,116800,OEF,2006,4,15,Thursday,40.605,40.55458450317383,0.17,-0.03,-0.09,0.17,0.09
2006-04-17,40.71466286669753,40.73554133140667,40.38755275989644,40.49890899658203,354100,OEF,2006,4,16,Monday,40.5842,40.62418746948242,-0.31,0.22,-0.58,-0.31,0.58
2006-04-18,40.519786722040976,41.18792408618713,40.519786722040976,41.15312576293945,511400,OEF,2006,4,16,Tuesday,40.8452,40.49890899658203,1.62,0.05,0.05,1.62,-0.05
2006-04-19,41.19488140967604,41.22968238678496,41.04872686360907,41.20880126953125,100500,OEF,2006,4,16,Wednesday,41.1705,41.15312576293945,0.14,0.1,-0.25,0.14,0.25
2006-04-20,41.125287202827984,41.4802343578771,41.125287202827984,41.30624008178711,199800,OEF,2006,4,16,Thursday,41.2593,41.20880126953125,0.24,-0.2,-0.2,0.24,0.2
2006-04-21,41.473273296896586,41.473273296896586,41.13224336779851,41.20880126953125,162700,OEF,2006,4,16,Friday,41.3219,41.30624008178711,-0.24,0.4,-0.42,-0.24,0.42
2006-04-24,41.11136927420127,41.271443697133826,41.083529551532465,41.21576690673828,467400,OEF,2006,4,17,Monday,41.1705,41.20880126953125,0.02,-0.24,-0.3,0.02,0.3
2006-04-25,41.27841406500182,41.29929253414005,40.95826249354041,41.09049987792969,183500,OEF,2006,4,17,Tuesday,41.1566,41.21576690673828,-0.3,0.15,-0.62,-0.3,0.62
2006-04-26,41.20880126953125,41.36887567545344,41.17400294736413,41.20880126953125,204700,OEF,2006,4,17,Wednesday,41.2401,41.09049987792969,0.29,0.29,0.2,0.29,-0.2
2006-04-27,41.034807987040644,41.61247023763574,41.00000966403968,41.4454345703125,177300,OEF,2006,4,17,Thursday,41.2732,41.20880126953125,0.57,-0.42,-0.51,0.57,0.51
2006-04-28,41.31320673156085,41.612477137890046,41.31320673156085,41.52199935913086,1390300,OEF,2006,4,17,Friday,41.4402,41.4454345703125,0.18,-0.32,-0.32,0.18,0.32
2006-05-01,41.70295509027257,41.70295509027257,41.25057147567765,41.313209533691406,279500,OEF,2006,5,18,Monday,41.4924,41.52199935913086,-0.5,0.44,-0.65,-0.5,0.65
2006-05-02,41.50807949663389,41.54983908412481,41.35496366410947,41.52199935913086,254200,OEF,2006,5,18,Tuesday,41.4837,41.313209533691406,0.51,0.47,0.1,0.51,-0.1
2006-05-03,41.42455685264527,41.57767266253399,41.271441042756535,41.36887741088867,115400,OEF,2006,5,18,Wednesday,41.4106,41.52199935913086,-0.37,-0.23,-0.6,-0.37,0.6
2006-05-04,41.515032444615755,41.612468807646856,41.38279510483774,41.570709228515625,203600,OEF,2006,5,18,Thursday,41.5203,41.36887741088867,0.49,0.35,0.03,0.49,-0.03
2006-05-05,41.75862737815797,42.00917956721764,41.737748914050336,41.897823333740234,163400,OEF,2006,5,18,Friday,41.8508,41.570709228515625,0.79,0.45,0.4,0.79,-0.4
2006-05-08,41.869979088548796,42.03005349094634,41.869979088548796,41.96045684814453,89600,OEF,2006,5,19,Monday,41.9326,41.897823333740234,0.15,-0.07,-0.07,0.15,0.07
2006-05-09,41.97439001261087,42.05094528198242,41.89783208829674,42.05094528198242,132800,OEF,2006,5,19,Tuesday,41.9935,41.96045684814453,0.22,0.03,-0.15,0.22,0.15
2006-05-10,41.86998997850112,42.03006442253238,41.76559233220392,41.9395866394043,173000,OEF,2006,5,19,Wednesday,41.9013,42.05094528198242,-0.26,-0.43,-0.68,-0.26,0.68
2006-05-11,41.849116543318466,41.849116543318466,41.36193189358795,41.542884826660156,568500,OEF,2006,5,19,Thursday,41.6508,41.9395866394043,-0.95,-0.22,-1.38,-0.95,1.38
2006-05-12,41.250571904656105,41.43152482138736,40.98609980640964,40.99306106567383,706400,OEF,2006,5,19,Friday,41.1653,41.542884826660156,-1.32,-0.7,-1.34,-1.32,1.34
2006-05-15,41.0069724832881,41.1948866327462,40.90953610688956,41.097450256347656,772200,OEF,2006,5,20,Monday,41.0522,40.99306106567383,0.25,0.03,-0.2,0.25,0.2
2006-05-16,41.27840185058459,41.29232171087204,41.05568939586921,41.15312576293945,546600,OEF,2006,5,20,Tuesday,41.1949,41.097450256347656,0.14,0.44,-0.1,0.14,0.1
2006-05-17,40.99306005428312,41.03481698906797,40.380599346328275,40.4014778137207,497300,OEF,2006,5,20,Wednesday,40.7025,41.15312576293945,-1.83,-0.39,-1.88,-1.83,1.88
2006-05-18,40.63114594766458,40.63114594766458,40.241397795681294,40.26923751831055,451100,OEF,2006,5,20,Thursday,40.4432,40.4014778137207,-0.33,0.57,-0.4,-0.33,0.4
2006-05-19,40.36668462657274,40.48499949679533,40.0882926361365,40.331886291503906,552100,OEF,2006,5,20,Friday,40.318,40.26923751831055,0.16,0.24,-0.45,0.16,0.45
2006-05-22,40.12307918564428,40.47106772097531,40.01868156306824,40.255313873291016,254200,OEF,2006,5,21,Monday,40.217,40.331886291503906,-0.19,-0.52,-0.78,-0.19,0.78
2006-05-23,40.575463737493344,40.59634485551343,39.88644790649414,39.88644790649414,432600,OEF,2006,5,21,Tuesday,40.2362,40.255313873291016,-0.92,0.8,-0.92,-0.92,0.92
2006-05-24,40.053494473637215,40.38756327063435,39.93517960290487,40.26228713989258,146000,OEF,2006,5,21,Wednesday,40.1596,39.88644790649414,0.94,0.42,0.12,0.94,-0.12
2006-05-25,40.4919541101581,40.66594841188447,40.36667800051971,40.540672302246094,244100,OEF,2006,5,21,Thursday,40.5163,40.26228713989258,0.69,0.57,0.26,0.69,-0.26
2006-05-26,40.67986403783256,40.90953511162125,40.67986403783256,40.87473678588867,410000,OEF,2006,5,21,Friday,40.786,40.540672302246094,0.82,0.34,0.34,0.82,-0.34
2006-05-30,40.86082802819108,40.86082802819108,40.276206970214844,40.276206970214844,159100,OEF,2006,5,22,Tuesday,40.5685,40.87473678588867,-1.46,-0.03,-1.46,-1.46,1.46
2006-05-31,40.484985172949166,40.568504333496094,40.26227272137437,40.568504333496094,228100,OEF,2006,5,22,Wednesday,40.4711,40.276206970214844,0.73,0.52,-0.03,0.73,0.03
2006-06-01,40.63114889140472,40.958256363700194,40.60330916675847,40.951297760009766,90000,OEF,2006,6,22,Thursday,40.786,40.568504333496094,0.94,0.15,0.09,0.94,-0.09
2006-06-02,41.271452942449955,41.271452942449955,40.81906929498158,41.034820556640625,364000,OEF,2006,6,22,Friday,41.0992,40.951297760009766,0.2,0.78,-0.32,0.2,0.32
2006-06-05,40.88867467025231,40.96523261357476,40.34581311570143,40.36669158935547,217700,OEF,2006,6,23,Monday,40.6416,41.034820556640625,-1.63,-0.36,-1.68,-1.63,1.68
2006-06-06,40.51978770246334,40.51978770246334,40.08132138509616,40.387550354003906,286700,OEF,2006,6,23,Tuesday,40.3771,40.36669158935547,0.05,0.38,-0.71,0.05,0.71
2006-06-07,40.387546070797505,40.66593794387449,40.15091377516457,40.17179489135742,1010300,OEF,2006,6,23,Wednesday,40.344,40.387550354003906,-0.53,-0.0,-0.59,-0.53,0.59
2006-06-08,40.07436545563945,40.26227694924769,39.587180921057985,40.22052001953125,570300,OEF,2006,6,23,Thursday,40.0361,40.17179489135742,0.12,-0.24,-1.46,0.12,1.46
2006-06-09,40.22746943574371,40.30402732932917,39.93516037471724,39.96299743652344,425700,OEF,2006,6,23,Friday,40.1074,40.22052001953125,-0.64,0.02,-0.71,-0.64,0.71
2006-06-12,40.0186933591252,40.08829002472925,39.566307067871094,39.566307067871094,291400,OEF,2006,6,24,Monday,39.8099,39.96299743652344,-0.99,0.14,-0.99,-0.99,0.99
2006-06-13,39.39230308298849,39.85164786611373,39.13479229750939,39.148712158203125,1483000,OEF,2006,6,24,Tuesday,39.3819,39.566307067871094,-1.06,-0.44,-1.09,-1.06,1.09
2006-06-14,39.44102919143204,39.44102919143204,39.05824223775153,39.4340705871582,501500,OEF,2006,6,24,Wednesday,39.3436,39.148712158203125,0.73,0.75,-0.23,0.73,0.23
2006-06-15,39.566302590043044,40.16484340429269,39.545424123713225,39.99781036376953,558700,OEF,2006,6,24,Thursday,39.8186,39.4340705871582,1.43,0.34,0.28,1.43,-0.28
2006-06-16,39.98391362293701,40.11614841106446,39.823839093642576,39.91431427001953,388000,OEF,2006,6,24,Friday,39.9596,39.99781036376953,-0.21,-0.03,-0.43,-0.21,0.43
2006-06-19,40.15788460767819,40.15788460767819,39.60110338370388,39.68461990356445,450000,OEF,2006,6,25,Monday,39.9004,39.91431427001953,-0.58,0.61,-0.78,-0.58,0.78
2006-06-20,39.80294541485155,39.96998115426186,39.677669274029576,39.775108337402344,466100,OEF,2006,6,25,Tuesday,39.8064,39.68461990356445,0.23,0.3,-0.02,0.23,0.02
2006-06-21,39.851655680934364,40.24140389196167,39.851655680934364,40.03956985473633,329200,OEF,2006,6,25,Wednesday,39.9961,39.775108337402344,0.66,0.19,0.19,0.66,-0.19
2006-06-22,40.018682657888135,40.04652237866229,39.747252017694905,39.85860824584961,598100,OEF,2006,6,25,Thursday,39.9178,40.03956985473633,-0.45,-0.05,-0.73,-0.45,0.73
2006-06-23,39.787354541121935,40.0388199931813,39.73147480989724,39.83625030517578,391900,OEF,2006,6,25,Friday,39.8485,39.85860824584961,-0.06,-0.18,-0.32,-0.06,0.32
2006-06-26,39.79435912623997,39.98295830037149,39.73847670518448,39.95501708984375,114900,OEF,2006,6,26,Monday,39.8677,39.83625030517578,0.3,-0.11,-0.25,0.3,0.25
2006-06-27,39.94802394753321,40.05280213763406,39.661633247826934,39.68259048461914,491000,OEF,2006,6,26,Tuesday,39.8363,39.95501708984375,-0.68,-0.02,-0.73,-0.68,0.73
2006-06-28,39.80133377678565,39.92008256141241,39.654646452793656,39.885154724121094,243600,OEF,2006,6,26,Wednesday,39.8153,39.68259048461914,0.51,0.3,-0.07,0.51,0.07
2006-06-29,40.08075240661772,40.68147514784114,40.08075240661772,40.653533935546875,385800,OEF,2006,6,26,Thursday,40.3741,39.885154724121094,1.93,0.49,0.49,1.93,-0.49
2006-06-30,40.81417956690309,40.81417956690309,40.5417594909668,40.5417594909668,743700,OEF,2006,6,26,Friday,40.678,40.653533935546875,-0.27,0.4,-0.27,-0.27,0.27
2006-07-03,40.716386483940866,40.87704440306485,38.970101278741346,40.83513259887695,189900,OEF,2006,7,27,Monday,40.3497,40.5417594909668,0.72,0.43,-3.88,0.72,3.88
2006-07-05,40.7094010536481,40.765283460882955,40.513817957565784,40.6674919128418,543400,OEF,2006,7,27,Wednesday,40.664,40.83513259887695,-0.41,-0.31,-0.79,-0.41,0.79
2006-07-06,40.8351422969598,40.93293386533668,40.74433736325006,40.77926254272461,206100,OEF,2006,7,27,Thursday,40.8229,40.6674919128418,0.27,0.41,0.19,0.27,-0.19
2006-07-07,40.75131949454863,40.856097692864935,40.513824554369236,40.61860275268555,486400,OEF,2006,7,27,Friday,40.685,40.77926254272461,-0.39,-0.07,-0.65,-0.39,0.65
2006-07-10,40.7862380312861,40.84212043852096,40.55572976299192,40.6674919128418,238200,OEF,2006,7,28,Monday,40.7129,40.61860275268555,0.12,0.41,-0.15,0.12,0.15
2006-07-11,40.54875465320108,40.828161439539414,40.402067289452724,40.75830841064453,2324500,OEF,2006,7,28,Tuesday,40.6343,40.6674919128418,0.22,-0.29,-0.65,0.22,0.65
2006-07-12,40.82117588007115,40.82816251545505,40.2833195341995,40.653533935546875,254800,OEF,2006,7,28,Wednesday,40.6465,40.75830841064453,-0.26,0.15,-1.17,-0.26,1.17
2006-07-13,40.24838831636252,40.24838831636252,39.829280853271484,39.829280853271484,415800,OEF,2006,7,28,Thursday,40.0388,40.653533935546875,-2.03,-1.0,-2.03,-2.03,2.03
2006-07-14,39.92007966473104,39.92007966473104,39.459060490908776,39.67559814453125,131400,OEF,2006,7,28,Friday,39.7437,39.829280853271484,-0.39,0.23,-0.93,-0.39,0.93
2006-07-17,39.81530385885942,39.81530385885942,39.52891318330155,39.64765930175781,80900,OEF,2006,7,29,Monday,39.7018,39.67559814453125,-0.07,0.35,-0.37,-0.07,0.37
2006-07-18,39.64067046202128,39.7873577660725,39.36126378939271,39.76640319824219,338800,OEF,2006,7,29,Tuesday,39.6389,39.64765930175781,0.3,-0.02,-0.72,0.3,0.72
2006-07-19,40.02486341942637,40.54176510363482,40.0108928155699,40.443973541259766,195700,OEF,2006,7,29,Wednesday,40.2554,39.76640319824219,1.7,0.65,0.61,1.7,-0.61
2006-07-20,40.54174419592987,40.583653321266176,40.220428466796875,40.220428466796875,784800,OEF,2006,7,29,Thursday,40.3916,40.443973541259766,-0.55,0.24,-0.55,-0.55,0.55
2006-07-21,40.304275238550645,40.304275238550645,39.97597266816592,40.00391387939453,172600,OEF,2006,7,29,Friday,40.1471,40.220428466796875,-0.54,0.21,-0.61,-0.54,0.61
2006-07-24,40.29727240228255,40.72336637603964,40.19948086691918,40.63954544067383,390200,OEF,2006,7,30,Monday,40.4649,40.00391387939453,1.59,0.73,0.49,1.59,-0.49
2006-07-25,40.58367193865025,40.98182479970722,40.49985098490669,40.73036193847656,479800,OEF,2006,7,30,Tuesday,40.6989,40.63954544067383,0.22,-0.14,-0.34,0.22,0.34
2006-07-26,40.83513243609309,41.037702158597455,40.653519947909004,40.89799880981445,122700,OEF,2006,7,30,Wednesday,40.8561,40.73036193847656,0.41,0.26,-0.19,0.41,0.19
2006-07-27,41.11453205294087,41.11453205294087,40.77924567237632,40.814170837402344,189800,OEF,2006,7,30,Thursday,40.9556,40.89799880981445,-0.2,0.53,-0.29,-0.2,0.29
2006-07-28,41.03770776833813,41.34505304597819,40.86307922464307,41.2263069152832,1850300,OEF,2006,7,30,Friday,41.118,40.814170837402344,1.01,0.55,0.12,1.01,-0.12
2006-07-31,41.10056889748421,41.25424284897284,41.10056889748421,41.198360443115234,489700,OEF,2006,7,31,Monday,41.1634,41.2263069152832,-0.07,-0.3,-0.3,-0.07,0.3
2006-08-01,41.03769227966731,41.07261744230065,40.84210923722531,41.03070831298828,836800,OEF,2006,8,31,Tuesday,40.9958,41.198360443115234,-0.41,-0.39,-0.86,-0.41,0.86
2006-08-02,41.205345896279624,41.35901717874823,41.114538321671105,41.21232986450195,1085700,OEF,2006,8,31,Wednesday,41.2228,41.03070831298828,0.44,0.43,0.2,0.44,-0.2
2006-08-03,41.06564924262459,41.36601055290833,41.04469200530284,41.268218994140625,235100,OEF,2006,8,31,Thursday,41.1861,41.21232986450195,0.14,-0.36,-0.41,0.14,0.41
2006-08-04,41.568577368738254,41.596518575238285,41.051678371588146,41.2263069152832,628400,OEF,2006,8,31,Friday,41.3608,41.268218994140625,-0.1,0.73,-0.52,-0.1,0.52
2006-08-07,41.2123254614132,41.23328002846113,41.07262213031504,41.14247512817383,1400200,OEF,2006,8,32,Monday,41.1652,41.2263069152832,-0.2,-0.03,-0.37,-0.2,0.37
2006-08-08,41.317103062080555,41.34504159622341,40.94688884002944,41.058650970458984,266800,OEF,2006,8,32,Tuesday,41.1669,41.14247512817383,-0.2,0.42,-0.48,-0.2,0.48
2006-08-09,41.45680519850515,41.45680519850515,40.87005332676357,41.08659362792969,240200,OEF,2006,8,32,Wednesday,41.2176,41.058650970458984,0.07,0.97,-0.46,0.07,0.46
2006-08-10,40.932922319354944,41.14946263441004,40.81417620971223,41.10056686401367,282600,OEF,2006,8,32,Thursday,40.9993,41.08659362792969,0.03,-0.37,-0.66,0.03,0.66
2006-08-11,41.023743859924465,41.044698435909105,40.87006986371568,41.00977325439453,80800,OEF,2006,8,32,Friday,40.9871,41.10056686401367,-0.22,-0.19,-0.56,-0.22,0.56
2006-08-14,41.24027386841275,41.407915763334984,41.05167473816032,41.16343688964844,180300,OEF,2006,8,33,Monday,41.2158,41.00977325439453,0.37,0.56,0.1,0.37,-0.1
2006-08-15,41.526663553594524,41.59651389736926,41.35901899806743,41.54063415527344,154800,OEF,2006,8,33,Tuesday,41.5057,41.16343688964844,0.92,0.88,0.48,0.92,-0.48
2006-08-16,41.63143871765415,41.87592024804055,41.55460440599878,41.820037841796875,1194800,OEF,2006,8,33,Wednesday,41.7205,41.54063415527344,0.67,0.22,0.03,0.67,-0.03
2006-08-17,41.701307456182995,42.00865281260182,41.701307456182995,41.90387725830078,644300,OEF,2006,8,33,Thursday,41.8288,41.820037841796875,0.2,-0.28,-0.28,0.2,0.28
2006-08-18,42.02260424052931,42.22517395019531,41.840991763855385,42.22517395019531,143900,OEF,2006,8,33,Friday,42.0785,41.90387725830078,0.77,0.28,-0.15,0.77,0.15
2006-08-21,42.05055792931087,42.10643768310547,41.980704906292154,42.10643768310547,632100,OEF,2006,8,34,Monday,42.061,42.22517395019531,-0.28,-0.41,-0.58,-0.28,0.58
2006-08-22,42.050553109666204,42.1623152690661,41.91084974426132,42.05753707885742,513800,OEF,2006,8,34,Tuesday,42.0453,42.10643768310547,-0.12,-0.13,-0.46,-0.12,0.46
2006-08-23,42.12040525891301,42.1483464661113,41.81305997359239,41.959747314453125,363200,OEF,2006,8,34,Wednesday,42.0104,42.05753707885742,-0.23,0.15,-0.58,-0.23,0.58
2006-08-24,42.10643364134012,42.10643364134012,41.88989595231833,41.910850524902344,1113600,OEF,2006,8,34,Thursday,42.0034,41.959747314453125,-0.12,0.35,-0.17,-0.12,0.17
2006-08-25,41.92481670889209,42.11341583612843,41.92481670889209,41.994667053222656,272400,OEF,2006,8,34,Friday,41.9894,41.910850524902344,0.2,0.03,0.03,0.2,-0.03
2006-08-28,42.00164967215682,42.322965488759706,41.99466303961961,42.22517395019531,175400,OEF,2006,8,35,Monday,42.1361,41.994667053222656,0.55,0.02,-0.0,0.55,0.0
2006-08-29,42.20421510397876,42.31597990334546,42.015618666596154,42.26009750366211,2699100,OEF,2006,8,35,Tuesday,42.199,42.22517395019531,0.08,-0.05,-0.5,0.08,0.5
2006-08-30,42.32996285799598,42.371874672629474,42.21121671346505,42.21820068359375,218000,OEF,2006,8,35,Wednesday,42.2828,42.26009750366211,-0.1,0.17,-0.12,-0.1,0.12
2006-08-31,42.35090507083781,42.35090507083781,42.239142936090595,42.26009750366211,181600,OEF,2006,8,35,Thursday,42.3003,42.21820068359375,0.1,0.31,0.05,0.1,-0.05
2006-09-01,42.40679152066083,42.48362850008218,42.274074797327515,42.46965789794922,233300,OEF,2006,9,35,Friday,42.4085,42.26009750366211,0.5,0.35,0.03,0.5,-0.03
2006-09-05,42.504588339739435,42.56745472482059,42.39981280768432,42.49760437011719,251400,OEF,2006,9,36,Tuesday,42.4924,42.46965789794922,0.07,0.08,-0.16,0.07,0.16
2006-09-06,42.26708825402176,42.371866437932326,42.12738756163421,42.14834213256836,200000,OEF,2006,9,36,Wednesday,42.2287,42.49760437011719,-0.82,-0.54,-0.87,-0.82,0.87
2006-09-07,42.01561972837981,42.162307034326346,41.94576672701036,41.98767852783203,191200,OEF,2006,9,36,Thursday,42.0278,42.14834213256836,-0.38,-0.31,-0.48,-0.38,0.48
2006-09-08,42.13436815400278,42.1623093560892,42.00165144102179,42.127384185791016,296600,OEF,2006,9,36,Friday,42.1064,41.98767852783203,0.33,0.35,0.03,0.33,-0.03
2006-09-11,42.00165026527599,42.18326274451453,41.882901492042635,42.141353607177734,394400,OEF,2006,9,37,Monday,42.0523,42.127384185791016,0.03,-0.3,-0.58,0.03,0.58
2006-09-12,42.17628308205908,42.57443591512169,42.17628308205908,42.53252410888672,209300,OEF,2006,9,37,Tuesday,42.3649,42.141353607177734,0.93,0.08,0.08,0.93,-0.08
2006-09-13,42.504592355259376,42.74208731415605,42.4696671746082,42.69319152832031,1681300,OEF,2006,9,37,Wednesday,42.6024,42.53252410888672,0.38,-0.07,-0.15,0.38,0.15
2006-09-14,42.679199800735454,42.679199800735454,42.54648311409572,42.59537887573242,182700,OEF,2006,9,37,Thursday,42.6251,42.69319152832031,-0.23,-0.03,-0.34,-0.23,0.34
2006-09-15,42.79098336363981,42.93068675172575,42.71414903158202,42.735103607177734,507700,OEF,2006,9,37,Friday,42.7927,42.59537887573242,0.33,0.46,0.28,0.33,-0.28
2006-09-18,42.70714114475912,42.902724191981335,42.70714114475912,42.85382843017578,580600,OEF,2006,9,38,Monday,42.7927,42.735103607177734,0.28,-0.07,-0.07,0.28,0.07
2006-09-19,42.93068212730558,42.93068212730558,42.581425027022355,42.88178634643555,284100,OEF,2006,9,38,Tuesday,42.8311,42.85382843017578,0.07,0.18,-0.64,0.07,0.64
2006-09-20,43.028483862663684,43.168187268732375,42.94466288487081,43.063411712646484,487600,OEF,2006,9,38,Wednesday,43.0512,42.88178634643555,0.42,0.34,0.15,0.42,-0.15
2006-09-21,43.09831299269899,43.16117935732882,42.756039970910074,42.84684753417969,481600,OEF,2006,9,38,Thursday,42.9656,43.063411712646484,-0.5,0.08,-0.71,-0.5,0.71
2006-09-22,42.846854889871636,42.853838858420865,42.65825576360458,42.8049430847168,211500,OEF,2006,9,38,Friday,42.791,42.84684753417969,-0.1,0.0,-0.44,-0.1,0.44
2006-09-25,42.979564205780804,43.26595483012352,42.74905597868514,43.16816329956055,1068300,OEF,2006,9,39,Monday,43.0407,42.8049430847168,0.85,0.41,-0.13,0.85,0.13
2006-09-26,43.18212775112737,43.52440072398847,43.09830683180956,43.51741409301758,597200,OEF,2006,9,39,Tuesday,43.3306,43.16816329956055,0.81,0.03,-0.16,0.81,0.16
2006-09-27,43.69838753562767,43.69838753562767,43.45990505389563,43.551090240478516,367800,OEF,2006,9,39,Wednesday,43.6019,43.51741409301758,0.08,0.42,-0.13,0.08,0.13
2006-09-28,43.649292422854394,43.663321120201964,43.46692470873684,43.57213592529297,343900,OEF,2006,9,39,Thursday,43.5879,43.551090240478516,0.05,0.23,-0.19,0.05,0.19
2006-09-29,43.579151746350625,43.70540734716809,43.52303695678711,43.52303695678711,4327100,OEF,2006,9,39,Friday,43.5827,43.57213592529297,-0.11,0.02,-0.11,-0.11,0.11
2006-10-02,43.57916526775117,43.69840521901982,43.4529096277601,43.5090217590332,188500,OEF,2006,10,40,Monday,43.5599,43.52303695678711,-0.03,0.13,-0.16,-0.03,0.16
2006-10-03,43.6072151197198,43.775556846118995,43.36873524384746,43.64228820800781,1100200,OEF,2006,10,40,Tuesday,43.5984,43.5090217590332,0.31,0.23,-0.32,0.31,0.32
2006-10-04,43.656311707740386,44.16834716247917,43.56512650531547,44.13327407836914,3523300,OEF,2006,10,40,Wednesday,43.8808,43.64228820800781,1.13,0.03,-0.18,1.13,0.18
2006-10-05,44.3647373937065,44.42085217988448,44.04909841070609,44.17535400390625,1760900,OEF,2006,10,40,Thursday,44.2525,44.13327407836914,0.1,0.52,-0.19,0.1,0.19
2006-10-06,44.140300901526935,44.17537131878415,43.92286003341007,44.09120178222656,444100,OEF,2006,10,40,Friday,44.0824,44.17535400390625,-0.19,-0.08,-0.57,-0.19,0.57
2006-10-09,44.09819747916585,44.154312265303616,43.971941886056136,44.1052131652832,2085200,OEF,2006,10,41,Monday,44.0824,44.09120178222656,0.03,0.02,-0.27,0.03,0.27
2006-10-10,44.08415154195234,44.69438756189479,44.01401076241145,44.18936538696289,2852300,OEF,2006,10,41,Tuesday,44.2455,44.1052131652832,0.19,-0.05,-0.21,0.19,0.21
2006-10-11,44.10521182870614,44.168339623347954,43.845684964234145,44.0140266418457,774600,OEF,2006,10,41,Wednesday,44.0333,44.18936538696289,-0.4,-0.19,-0.78,-0.4,0.78
2006-10-12,44.25251873558658,44.49801428156868,43.747496268765374,44.44190216064453,1080400,OEF,2006,10,41,Thursday,44.235,44.0140266418457,0.97,0.54,-0.61,0.97,0.61
2006-10-13,44.469961490768,44.547115325927734,44.343705868578056,44.547115325927734,1316000,OEF,2006,10,41,Friday,44.477,44.44190216064453,0.24,0.06,-0.22,0.24,0.22
2006-10-16,44.53307564368295,44.63828684610597,44.441890461022936,44.54008865356445,338100,OEF,2006,10,42,Monday,44.5383,44.547115325927734,-0.02,-0.03,-0.24,-0.02,0.24
2006-10-17,44.44190216064453,44.62426989827398,44.21744832554639,44.44190216064453,710600,OEF,2006,10,42,Tuesday,44.4314,44.54008865356445,-0.22,-0.22,-0.72,-0.22,0.72
2006-10-18,44.76456321126968,44.84873274742335,44.39982498700205,44.60323715209961,670700,OEF,2006,10,42,Wednesday,44.6541,44.44190216064453,0.36,0.73,-0.09,0.36,0.09
2006-10-19,44.547101663445964,44.62425815064289,44.441890461022936,44.54008865356445,519400,OEF,2006,10,42,Thursday,44.5383,44.60323715209961,-0.14,-0.13,-0.36,-0.14,0.36
2006-10-20,44.610236688768644,44.70843757293359,44.46995506279116,44.68739318847656,485400,OEF,2006,10,42,Friday,44.619,44.54008865356445,0.33,0.16,-0.16,0.33,0.16
2006-10-23,44.64531181592161,45.01004727101022,44.58218401106,44.925880432128906,413900,OEF,2006,10,43,Monday,44.7909,44.68739318847656,0.53,-0.09,-0.24,0.53,0.24
2006-10-24,44.90483444826918,44.98199095336219,44.81365192015988,44.932891845703125,445500,OEF,2006,10,43,Tuesday,44.9083,44.925880432128906,0.02,-0.05,-0.25,0.02,0.25
2006-10-25,45.05213963332554,45.23450469970703,44.95393606113332,45.23450469970703,402200,OEF,2006,10,43,Wednesday,45.1188,44.932891845703125,0.67,0.27,0.05,0.67,-0.05
2006-10-26,45.36776397675505,45.45193615142742,45.08017972684133,45.360748291015625,550700,OEF,2006,10,43,Thursday,45.3152,45.23450469970703,0.28,0.29,-0.34,0.28,0.34
2006-10-27,45.27658462524414,45.27658462524414,44.95392727553204,45.27658462524414,322500,OEF,2006,10,43,Friday,45.1959,45.360748291015625,-0.19,-0.19,-0.9,-0.19,0.9
2006-10-30,44.96093552945226,45.10122247383261,44.8557243347168,44.8557243347168,1939600,OEF,2006,10,44,Monday,44.9434,45.27658462524414,-0.93,-0.7,-0.93,-0.93,0.93
2006-10-31,45.17138318448827,45.17138318448827,44.820673696023924,45.00304412841797,1404000,OEF,2006,10,44,Tuesday,45.0416,44.8557243347168,0.33,0.7,-0.08,0.33,0.08
2006-11-01,45.08720495431491,45.199434544295706,44.680383393437324,44.74351119995117,4025100,OEF,2006,11,44,Wednesday,44.9276,45.00304412841797,-0.58,0.19,-0.72,-0.58,0.72
2006-11-02,44.659356296002564,44.79262764784644,44.58921545081233,44.72949981689453,384400,OEF,2006,11,44,Thursday,44.6927,44.74351119995117,-0.03,-0.19,-0.34,-0.03,0.34
2006-11-03,44.9399080720678,44.9399080720678,44.603227325923235,44.66635513305664,282400,OEF,2006,11,44,Friday,44.7873,44.72949981689453,-0.14,0.47,-0.28,-0.14,0.28
2006-11-06,44.890799406928785,45.26255048329337,44.77857251543947,45.21345138549805,1142000,OEF,2006,11,45,Monday,45.0363,44.66635513305664,1.22,0.5,0.25,1.22,-0.25
2006-11-07,45.27659668638853,45.45195142901373,45.178398458630575,45.29062271118164,949600,OEF,2006,11,45,Tuesday,45.2994,45.21345138549805,0.17,0.14,-0.08,0.17,0.08
2006-11-08,45.11525980042272,45.47298490900445,45.066160695433155,45.4168701171875,719100,OEF,2006,11,45,Wednesday,45.2678,45.29062271118164,0.28,-0.39,-0.5,0.28,0.5
2006-11-09,45.57820382387562,45.57820382387562,45.171379565513824,45.23450469970703,406600,OEF,2006,11,45,Thursday,45.3906,45.4168701171875,-0.4,0.36,-0.54,-0.4,0.54
2006-11-10,45.31868025779096,45.31868025779096,45.115268113523854,45.24152374267578,172700,OEF,2006,11,45,Friday,45.2485,45.23450469970703,0.02,0.19,-0.26,0.02,0.26
2006-11-13,45.171382023671775,45.49403410259919,45.171382023671775,45.395835876464844,2085100,OEF,2006,11,46,Monday,45.3082,45.24152374267578,0.34,-0.16,-0.16,0.34,0.16
2006-11-14,45.3537363178918,45.7395133972168,45.15733458408628,45.7395133972168,683900,OEF,2006,11,46,Tuesday,45.4975,45.395835876464844,0.76,-0.09,-0.53,0.76,0.53
2006-11-15,45.683409587844906,45.844738284366926,45.65535219056276,45.74654006958008,1589200,OEF,2006,11,46,Wednesday,45.7325,45.7395133972168,0.02,-0.12,-0.18,0.02,0.18
2006-11-16,45.90084927838293,45.94994838171099,45.76056230358782,45.81667709350586,506000,OEF,2006,11,46,Thursday,45.857,45.74654006958008,0.15,0.34,0.03,0.15,-0.03
2006-11-17,45.71849319883742,45.94294707737307,45.71147751005121,45.90086364746094,479900,OEF,2006,11,46,Friday,45.8184,45.81667709350586,0.18,-0.21,-0.23,0.18,0.23
2006-11-20,45.872806243718664,46.04114531476975,45.83071746240395,45.90086364746094,668200,OEF,2006,11,47,Monday,45.9114,45.90086364746094,0.0,-0.06,-0.15,0.0,0.15
2006-11-21,45.99205429589059,45.99205429589059,45.87983001255986,45.96399688720703,680600,OEF,2006,11,47,Tuesday,45.957,45.90086364746094,0.14,0.2,-0.05,0.14,0.05
2006-11-22,46.048148948216905,46.1323157860064,45.91487765318197,46.02710723876953,2229200,OEF,2006,11,47,Wednesday,46.0306,45.96399688720703,0.14,0.18,-0.11,0.14,0.11
2006-11-24,45.73951711309547,45.9639709042792,45.73951711309547,45.85875701904297,156100,OEF,2006,11,47,Friday,45.8254,46.02710723876953,-0.37,-0.62,-0.62,-0.37,0.62
2006-11-27,45.69743913819224,45.79563734905955,45.199432396964866,45.26957321166992,474900,OEF,2006,11,48,Monday,45.4905,45.85875701904297,-1.28,-0.35,-1.44,-1.28,1.44
2006-11-28,44.9960154868059,45.47298046786485,44.9960154868059,45.40283966064453,402500,OEF,2006,11,48,Tuesday,45.217,45.26957321166992,0.29,-0.6,-0.6,0.29,0.6
2006-11-29,45.69043366657483,45.86578841824311,45.59223543375278,45.7816162109375,316300,OEF,2006,11,48,Wednesday,45.7325,45.40283966064453,0.83,0.63,0.42,0.83,-0.42
2006-11-30,45.80966140691588,45.96397440349005,45.61326499360363,45.81667709350586,788100,OEF,2006,11,48,Thursday,45.8009,45.7816162109375,0.08,0.06,-0.37,0.08,0.37
2006-12-01,45.823689522138054,45.865772935884095,45.32568283767456,45.6904182434082,445100,OEF,2006,12,48,Friday,45.6764,45.81667709350586,-0.28,0.02,-1.07,-0.28,1.07
2006-12-04,45.472997610260535,46.048161008532944,45.472997610260535,45.971004486083984,649700,OEF,2006,12,49,Monday,45.7413,45.6904182434082,0.61,-0.48,-0.48,0.61,0.48
2006-12-05,46.0481651353662,46.125321664729924,45.95697722717104,46.08323287963867,463500,OEF,2006,12,49,Tuesday,46.0534,45.971004486083984,0.24,0.17,-0.03,0.24,0.03
2006-12-06,46.188427832955085,46.188427832955085,45.94293231832816,46.034114837646484,491600,OEF,2006,12,49,Wednesday,46.0885,46.08323287963867,-0.11,0.23,-0.3,-0.11,0.3
2006-12-07,46.209458131237604,46.209458131237604,45.8306914230226,45.91486358642578,485900,OEF,2006,12,49,Thursday,46.0411,46.034114837646484,-0.26,0.38,-0.44,-0.26,0.44
2006-12-08,45.83774122383275,46.07622652194129,45.78162640646562,45.96399688720703,529000,OEF,2006,12,49,Friday,45.9149,45.91486358642578,0.11,-0.17,-0.29,0.11,0.29
2006-12-11,45.94294663345859,46.2024736020151,45.94294663345859,46.11830139160156,515600,OEF,2006,12,50,Monday,46.0517,45.96399688720703,0.34,-0.05,-0.05,0.34,0.05
2006-12-12,46.083209924226566,46.195439493360944,45.8868135296418,45.942928314208984,431700,OEF,2006,12,50,Tuesday,46.0271,46.11830139160156,-0.38,-0.08,-0.5,-0.38,0.5
2006-12-13,46.13932665973964,46.29363964812415,46.118284952487315,46.23051452636719,336000,OEF,2006,12,50,Wednesday,46.1954,45.942928314208984,0.63,0.43,0.38,0.63,-0.38
2006-12-14,46.027108335172656,46.707480146249864,46.027108335172656,46.67942810058594,524400,OEF,2006,12,50,Thursday,46.3603,46.23051452636719,0.97,-0.44,-0.44,0.97,0.44
2006-12-15,46.74957687205409,46.882842841537745,46.67943604315708,46.721519470214844,2444300,OEF,2006,12,50,Friday,46.7583,46.67942810058594,0.09,0.15,0.0,0.09,-0.0
2006-12-18,46.714500427246094,46.92492825022811,46.64435960338603,46.714500427246094,267800,OEF,2006,12,51,Monday,46.7496,46.721519470214844,-0.02,-0.02,-0.17,-0.02,0.17
2006-12-19,46.293629798494905,46.854766845703125,46.293629798494905,46.854766845703125,1004200,OEF,2006,12,51,Tuesday,46.5742,46.714500427246094,0.3,-0.9,-0.9,0.3,0.9
2006-12-20,46.777619160360715,46.91088508678705,46.70747300272523,46.74254608154297,302300,OEF,2006,12,51,Wednesday,46.7846,46.854766845703125,-0.24,-0.16,-0.31,-0.24,0.31
2006-12-21,46.908952673245025,46.908952673245025,46.46475438845483,46.5634651184082,1623000,OEF,2006,12,51,Thursday,46.7115,46.74254608154297,-0.38,0.36,-0.59,-0.38,0.59
2006-12-22,46.64103860725499,46.64103860725499,46.25324249267578,46.25324249267578,1040500,OEF,2006,12,51,Friday,46.4471,46.5634651184082,-0.67,0.17,-0.67,-0.67,0.67
2006-12-26,46.33785014785377,46.57757472276799,46.28849477188129,46.55642318725586,536300,OEF,2006,12,52,Tuesday,46.4401,46.25324249267578,0.66,0.18,0.08,0.66,-0.08
2006-12-27,46.74678832951835,46.901901351741365,46.739736025993665,46.88780212402344,289400,OEF,2006,12,52,Wednesday,46.8191,46.55642318725586,0.71,0.41,0.39,0.71,-0.39
2006-12-28,46.88779993028233,46.91600376373006,46.74678614237486,46.78908920288086,293300,OEF,2006,12,52,Thursday,46.8349,46.88780212402344,-0.21,-0.0,-0.3,-0.21,0.3
2006-12-29,46.78204616819628,46.88780921974637,46.57052544442836,46.69038772583008,222600,OEF,2006,12,52,Friday,46.7327,46.78908920288086,-0.21,-0.02,-0.47,-0.21,0.47
2007-01-03,46.85253456985316,47.049961365120176,46.31667797783309,46.57050704956055,1491300,OEF,2007,1,1,Wednesday,46.6974,46.69038772583008,-0.26,0.35,-0.8,-0.26,0.8
2007-01-04,46.514117766357344,46.76794693834466,46.32374319770073,46.69038772583008,1072300,OEF,2007,1,1,Thursday,46.574,46.57050704956055,0.26,-0.12,-0.53,0.26,0.53
2007-01-05,45.1251075765564,46.56347102607898,45.1251075765564,46.37309646606445,1131300,OEF,2007,1,1,Friday,45.7967,46.69038772583008,-0.68,-3.35,-3.35,-0.68,3.35
2007-01-08,46.25323838024036,46.605778315119224,46.22503453993015,46.50001525878906,581000,OEF,2007,1,2,Monday,46.396,46.37309646606445,0.27,-0.26,-0.32,0.27,0.32
2007-01-09,46.61283431079118,46.6269335423964,46.26029434799853,46.42951202392578,368500,OEF,2007,1,2,Tuesday,46.4824,46.50001525878906,-0.15,0.24,-0.52,-0.15,0.52
2007-01-10,46.302597156328964,46.641037885573446,46.01351718575169,46.28849792480469,883900,OEF,2007,1,2,Wednesday,46.3114,46.42951202392578,-0.3,-0.27,-0.9,-0.3,0.9
2007-01-11,46.584624674279986,46.8384538462673,46.584624674279986,46.69038772583008,753900,OEF,2007,1,2,Thursday,46.6745,46.28849792480469,0.87,0.64,0.64,0.87,-0.64
2007-01-12,46.78907457858239,47.014699796312094,46.73971923030806,46.98649597167969,765100,OEF,2007,1,2,Friday,46.8825,46.69038772583008,0.63,0.21,0.11,0.63,-0.11
2007-01-16,47.08522389304451,47.11342772799449,46.91600626267605,47.02881622314453,414600,OEF,2007,1,3,Tuesday,47.0359,46.98649597167969,0.09,0.21,-0.15,0.09,0.15
2007-01-17,47.000625360897914,47.42367219483179,46.90896153766847,46.944217681884766,237900,OEF,2007,1,3,Wednesday,47.0694,47.02881622314453,-0.18,-0.06,-0.25,-0.18,0.25
2007-01-18,47.07816432796717,47.09226893293236,46.796136780631194,46.8525390625,864300,OEF,2007,1,3,Thursday,46.9548,46.944217681884766,-0.2,0.29,-0.32,-0.2,0.32
2007-01-19,46.95123984605681,47.014699796312094,46.86663375148911,46.98649597167969,281500,OEF,2007,1,3,Friday,46.9548,46.8525390625,0.29,0.21,0.03,0.29,-0.03
2007-01-22,47.03586602138453,47.03586602138453,46.697430778674125,46.78908920288086,348200,OEF,2007,1,4,Monday,46.8896,46.98649597167969,-0.42,0.11,-0.62,-0.42,0.62
2007-01-23,46.803179365238115,47.01470538546278,46.73972478676881,46.95829772949219,583700,OEF,2007,1,4,Tuesday,46.879,46.78908920288086,0.36,0.03,-0.11,0.36,0.11
2007-01-24,47.02881147966508,47.31084442138672,46.98650842117266,47.31084442138672,248100,OEF,2007,1,4,Wednesday,47.1593,46.95829772949219,0.75,0.15,0.06,0.75,-0.06
2007-01-25,47.31085985063383,47.31085985063383,46.64808840767231,46.99357604980469,1695800,OEF,2007,1,4,Thursday,47.0658,47.31084442138672,-0.67,0.0,-1.4,-0.67,1.4
2007-01-26,46.82434767342776,46.82434767342776,46.464755503209716,46.65512466430664,810600,OEF,2007,1,4,Friday,46.6921,46.99357604980469,-0.72,-0.36,-1.13,-0.72,1.13
2007-01-29,46.676275075784346,46.79614271586888,46.53526128423133,46.5634651184082,938400,OEF,2007,1,5,Monday,46.6428,46.65512466430664,-0.2,0.05,-0.26,-0.2,0.26
2007-01-30,46.746788989698906,46.79614435640585,46.56346675078817,46.767940521240234,528600,OEF,2007,1,5,Tuesday,46.7186,46.5634651184082,0.44,0.39,0.0,0.44,-0.0
2007-01-31,46.80319507906281,47.219194957352144,46.697437412773276,47.071128845214844,501200,OEF,2007,1,5,Wednesday,46.9477,46.767940521240234,0.65,0.08,-0.15,0.65,0.15
2007-02-01,47.22624388765157,47.28264617919922,47.05702087501389,47.28264617919922,1182200,OEF,2007,2,5,Thursday,47.2121,47.071128845214844,0.45,0.33,-0.03,0.45,0.03
2007-02-02,47.38136945347345,47.4025263701512,47.205099469823125,47.289710998535156,292900,OEF,2007,2,5,Friday,47.3197,47.28264617919922,0.01,0.21,-0.16,0.01,0.16
2007-02-05,47.28264058928146,47.35315285921008,47.18392986657853,47.31084442138672,1026700,OEF,2007,2,6,Monday,47.2826,47.289710998535156,0.04,-0.01,-0.22,0.04,0.22
2007-02-06,47.296726916016446,47.388385300436696,47.16276011012397,47.261470794677734,334800,OEF,2007,2,6,Tuesday,47.2773,47.31084442138672,-0.1,-0.03,-0.31,-0.1,0.31
2007-02-07,47.381351311984396,47.423659749807754,47.16277833733232,47.31084442138672,310800,OEF,2007,2,6,Wednesday,47.3197,47.261470794677734,0.1,0.25,-0.21,0.1,0.21
2007-02-08,47.09228255460645,47.240348673585885,46.965367969862335,47.16984176635742,812200,OEF,2007,2,6,Thursday,47.117,47.31084442138672,-0.3,-0.46,-0.73,-0.3,0.73
2007-02-09,47.24034127867959,47.3179004782896,46.76793915693232,46.923057556152344,492800,OEF,2007,2,6,Friday,47.0623,47.16984176635742,-0.52,0.15,-0.85,-0.52,0.85
2007-02-12,46.88779885580927,46.90895038557757,46.68332510249729,46.78203582763672,764000,OEF,2007,2,7,Monday,46.8155,46.923057556152344,-0.3,-0.08,-0.51,-0.3,0.51
2007-02-13,46.92306369269687,47.09933364589358,46.8878075503247,47.092281341552734,642700,OEF,2007,2,7,Tuesday,47.0006,46.78203582763672,0.66,0.3,0.23,0.66,-0.23
2007-02-14,47.141623541444645,47.494163349335004,47.141623541444645,47.42365646362305,380300,OEF,2007,2,7,Wednesday,47.3003,47.092281341552734,0.7,0.1,0.1,0.7,-0.1
2007-02-15,47.40955530314715,47.44481143822974,47.29674535367858,47.381351470947266,349400,OEF,2007,2,7,Thursday,47.3831,47.42365646362305,-0.09,-0.03,-0.27,-0.09,0.27
2007-02-16,47.310854794639695,47.33200632852353,47.2121440502937,47.303802490234375,197800,OEF,2007,2,7,Friday,47.2897,47.381351470947266,-0.16,-0.15,-0.36,-0.16,0.36
2007-02-20,47.31085052889427,47.43776510008627,47.11342905800264,47.39546203613281,326800,OEF,2007,2,8,Tuesday,47.3144,47.303802490234375,0.19,0.01,-0.4,0.19,0.4
2007-02-21,47.24033753078905,47.36725208559724,47.16277833733232,47.31084442138672,235300,OEF,2007,2,8,Wednesday,47.2703,47.39546203613281,-0.18,-0.33,-0.49,-0.18,0.49
2007-02-22,47.31082613695462,47.40248990070373,47.06404942557021,47.261470794677734,1641600,OEF,2007,2,8,Thursday,47.2597,47.31084442138672,-0.1,-0.0,-0.52,-0.1,0.52
2007-02-23,47.162783094324105,47.169835397894474,46.35899262590961,47.02881622314453,481900,OEF,2007,2,8,Friday,46.9301,47.261470794677734,-0.49,-0.21,-1.91,-0.49,1.91
2007-02-26,47.20509679057989,47.2403529370421,46.85960914844751,46.99357604980469,3143500,OEF,2007,2,9,Monday,47.0747,47.02881622314453,-0.07,0.37,-0.36,-0.07,0.36
2007-02-27,46.57756358461395,46.648075858569406,44.8501204593301,45.16740417480469,1888200,OEF,2007,2,9,Tuesday,45.8108,46.99357604980469,-3.89,-0.89,-4.56,-3.89,4.56
2007-02-28,45.52699022048195,47.240333888630886,45.28726573506606,45.604549407958984,1277700,OEF,2007,2,9,Wednesday,45.9148,45.16740417480469,0.97,0.8,0.27,0.97,-0.27
2007-03-01,45.689175792494176,45.689175792494176,44.772569848585505,45.4776496887207,5100700,OEF,2007,3,9,Thursday,45.4071,45.604549407958984,-0.28,0.19,-1.82,-0.28,1.82
2007-03-02,45.26611842662943,45.505848342209674,44.969986218558255,45.02639389038086,916600,OEF,2007,3,9,Friday,45.1921,45.4776496887207,-0.99,-0.47,-1.12,-0.99,1.12
2007-03-05,44.73730072380609,45.24495620190749,44.561030825516596,44.977027893066406,896700,OEF,2007,3,10,Monday,44.8801,45.02639389038086,-0.11,-0.64,-1.03,-0.11,1.03
2007-03-06,45.11805667421351,45.42123850759751,44.913582890823385,45.31547546386719,924200,OEF,2007,3,10,Tuesday,45.1921,44.977027893066406,0.75,0.31,-0.14,0.75,0.14
2007-03-07,45.3366323368517,45.52700151193608,45.12510624957408,45.23086929321289,819600,OEF,2007,3,10,Wednesday,45.3049,45.31547546386719,-0.19,0.05,-0.42,-0.19,0.42
2007-03-08,45.5128926040783,45.69620943611294,45.3718734494393,45.50584030151367,947200,OEF,2007,3,10,Thursday,45.5217,45.23086929321289,0.61,0.62,0.31,0.61,-0.31
2007-03-09,45.7244258419836,45.79493274902826,45.336635163571856,45.51290512084961,1056500,OEF,2007,3,10,Friday,45.5922,45.50584030151367,0.02,0.48,-0.37,0.02,0.37
2007-03-12,45.42827950538946,45.75261548059771,45.37187184552789,45.604549407958984,549700,OEF,2007,3,11,Monday,45.5393,45.51290512084961,0.2,-0.19,-0.31,0.2,0.31
2007-03-13,45.37186310588153,45.548132974497484,44.73024089170603,44.74434280395508,2052700,OEF,2007,3,11,Tuesday,45.0986,45.604549407958984,-1.89,-0.51,-1.92,-1.89,1.92
2007-03-14,45.830195058141406,45.830195058141406,44.30722252994983,45.005252838134766,1236200,OEF,2007,3,11,Wednesday,45.2432,44.74434280395508,0.58,2.43,-0.98,0.58,0.98
2007-03-15,44.9699884499281,45.28022528101443,44.91358346497256,45.11805725097656,399300,OEF,2007,3,11,Thursday,45.0705,45.005252838134766,0.25,-0.08,-0.2,0.25,0.2
2007-03-16,44.06748827904442,45.28727872151448,44.06748827904442,44.906532287597656,336900,OEF,2007,3,11,Friday,44.5822,45.11805725097656,-0.47,-2.33,-2.33,-0.47,2.33
2007-03-19,45.21676902790452,45.44239436564918,45.139209813742376,45.42829513549805,452100,OEF,2007,3,12,Monday,45.3067,44.906532287597656,1.16,0.69,0.52,1.16,-0.52
2007-03-20,45.428299703347996,45.7173796748385,45.39304355542658,45.68212890625,745500,OEF,2007,3,12,Tuesday,45.5552,45.42829513549805,0.56,0.0,-0.08,0.56,0.08
2007-03-21,45.759670505070225,46.56346087825678,45.66800670750963,46.436546325683594,677900,OEF,2007,3,12,Wednesday,46.1069,45.68212890625,1.65,0.17,-0.03,1.65,0.03
2007-03-22,46.42244741814118,46.6128219600331,46.30963745719133,46.394248962402344,1011300,OEF,2007,3,12,Thursday,46.4348,46.436546325683594,-0.09,-0.03,-0.27,-0.09,0.27
2007-03-23,46.43656172130125,46.612831692797435,46.408357880341946,46.5070686340332,1377800,OEF,2007,3,12,Friday,46.4912,46.394248962402344,0.24,0.09,0.03,0.24,-0.03
2007-03-26,46.49217176003085,46.555920692770265,46.095530947699515,46.541751861572266,2565200,OEF,2007,3,13,Monday,46.4213,46.5070686340332,0.07,-0.03,-0.88,0.07,0.88
2007-03-27,46.37887294256674,46.40719981246622,46.23012715453677,46.300960540771484,885400,OEF,2007,3,13,Tuesday,46.3293,46.541751861572266,-0.52,-0.35,-0.67,-0.52,0.67
2007-03-28,46.13095620234725,46.20178957215834,45.82639108517279,45.939720153808594,2464200,OEF,2007,3,13,Wednesday,46.0247,46.300960540771484,-0.78,-0.37,-1.02,-0.78,1.02
2007-03-29,46.223034382224895,46.244282230240124,45.84055690646956,46.15220642089844,672000,OEF,2007,3,13,Thursday,46.115,45.939720153808594,0.46,0.62,-0.22,0.46,0.22
2007-03-30,46.2655311147503,46.32928006405124,45.67056974168658,46.116790771484375,830500,OEF,2007,3,13,Friday,46.0955,46.15220642089844,-0.08,0.25,-1.04,-0.08,1.04
2007-04-02,46.16637904993862,46.187626902187326,45.89014616304916,46.10971450805664,513400,OEF,2007,4,14,Monday,46.0885,46.116790771484375,-0.02,0.11,-0.49,-0.02,0.49
2007-04-03,46.32929893138019,46.66219103302338,46.32221451105562,46.534698486328125,569600,OEF,2007,4,14,Tuesday,46.4621,46.10971450805664,0.92,0.48,0.46,0.92,-0.46
2007-04-04,46.54884619872137,46.669254270439524,46.478018239112274,46.62675857543945,1322300,OEF,2007,4,14,Wednesday,46.5807,46.534698486328125,0.2,0.03,-0.12,0.2,0.12
2007-04-05,46.60552068393563,46.8605057160605,46.54177172399037,46.8180046081543,273300,OEF,2007,4,14,Thursday,46.7065,46.62675857543945,0.41,-0.05,-0.18,0.41,0.18
2007-04-09,46.980893728896895,47.00214157185238,46.803821165833504,46.938392639160156,154500,OEF,2007,4,15,Monday,46.9313,46.8180046081543,0.26,0.35,-0.03,0.26,0.03
2007-04-10,46.563025645778595,46.98799895344165,46.563025645778595,46.96675109863281,591100,OEF,2007,4,15,Tuesday,46.7702,46.938392639160156,0.06,-0.8,-0.8,0.06,0.8
2007-04-11,46.938398366185226,46.95965161555963,46.60550644622306,46.69758224487305,289800,OEF,2007,4,15,Wednesday,46.8003,46.96675109863281,-0.57,-0.06,-0.77,-0.57,0.77
2007-04-12,46.7117654911724,47.00925166653008,46.57010952487158,46.931339263916016,254100,OEF,2007,4,15,Thursday,46.8056,46.69758224487305,0.5,0.03,-0.27,0.5,0.27
2007-04-13,47.05880924984957,47.25712966918945,46.92423236365774,47.25712966918945,455000,OEF,2007,4,15,Friday,47.1243,46.931339263916016,0.69,0.27,-0.02,0.69,0.02
2007-04-16,47.42712005546452,47.73876953125,47.42712005546452,47.73876953125,3021200,OEF,2007,4,16,Monday,47.5829,47.25712966918945,1.02,0.36,0.36,1.02,-0.36
2007-04-17,47.72459402785411,48.057491302490234,47.56877471556704,48.057491302490234,2193700,OEF,2007,4,16,Tuesday,47.8521,47.73876953125,0.67,-0.03,-0.36,0.67,0.36
2007-04-18,47.57587233157177,47.94418642347108,47.57587233157177,47.774192810058594,1027100,OEF,2007,4,16,Wednesday,47.7175,48.057491302490234,-0.59,-1.0,-1.0,-0.59,1.0
2007-04-19,47.66794116723266,47.91584170091013,47.575859966276504,47.87334060668945,1494000,OEF,2007,4,16,Thursday,47.7582,47.774192810058594,0.21,-0.22,-0.42,0.21,0.42
2007-04-20,48.121256844107606,48.34790958110085,48.06459230890242,48.3054084777832,496800,OEF,2007,4,16,Friday,48.2098,47.87334060668945,0.9,0.52,0.4,0.9,-0.4
2007-04-23,48.23457864932981,48.36207114670783,48.06459045410156,48.06459045410156,1425700,OEF,2007,4,17,Monday,48.1815,48.3054084777832,-0.5,-0.15,-0.5,-0.5,0.5
2007-04-24,48.1070861519518,48.16375068497032,47.859185574779914,48.06459045410156,5036400,OEF,2007,4,17,Tuesday,48.0487,48.06459045410156,0.0,0.09,-0.43,0.0,0.43
2007-04-25,48.31251214168479,48.872062491129746,48.135439451499536,48.54624938964844,1188700,OEF,2007,4,17,Wednesday,48.4666,48.06459045410156,1.0,0.52,0.15,1.0,-0.15
2007-04-26,48.46833369161687,48.64540636981161,48.16376846896875,48.539161682128906,415200,OEF,2007,4,17,Thursday,48.4542,48.54624938964844,-0.01,-0.16,-0.79,-0.01,0.79
2007-04-27,48.41874595771518,48.66664658750967,48.39749810427972,48.560401916503906,1021900,OEF,2007,4,17,Friday,48.5108,48.539161682128906,0.04,-0.25,-0.29,0.04,0.29
2007-04-30,48.62414468881932,48.730389346295844,48.31957955276143,48.326663970947266,1946500,OEF,2007,4,18,Monday,48.5002,48.560401916503906,-0.48,0.13,-0.5,-0.48,0.5
2007-05-01,48.43289408831885,48.50372744915984,48.199162370554454,48.45414733886719,539000,OEF,2007,5,18,Tuesday,48.3975,48.326663970947266,0.26,0.22,-0.26,0.26,0.26
2007-05-02,48.595816045514255,48.843716662236204,48.595816045514255,48.72330856323242,868600,OEF,2007,5,18,Wednesday,48.6897,48.45414733886719,0.56,0.29,0.29,0.56,-0.29
2007-05-03,48.83662645491306,48.98537221114354,48.77288290552358,48.96411895751953,897600,OEF,2007,5,18,Thursday,48.8898,48.72330856323242,0.49,0.23,0.1,0.49,-0.1
2007-05-04,49.07035060776615,49.16951081642619,48.928694710773556,49.027854919433594,730100,OEF,2007,5,18,Friday,49.0491,48.96411895751953,0.13,0.22,-0.07,0.13,0.07
2007-05-07,49.18369623370028,49.22619193636286,49.12703169426491,49.21202850341797,1291100,OEF,2007,5,19,Monday,49.1872,49.027854919433594,0.38,0.32,0.2,0.38,-0.2
2007-05-08,49.04913659236605,49.169544728236815,48.921644035611756,49.07746887207031,351700,OEF,2007,5,19,Tuesday,49.0544,49.21202850341797,-0.27,-0.33,-0.59,-0.27,0.59
2007-05-09,49.03494070455098,49.31117349407759,48.98536059883662,49.25450897216797,2228600,OEF,2007,5,19,Wednesday,49.1465,49.07746887207031,0.36,-0.09,-0.19,0.36,0.19
2007-05-10,49.10576014201769,49.1482558241697,48.602874755859375,48.602874755859375,589200,OEF,2007,5,19,Thursday,48.8649,49.25450897216797,-1.32,-0.3,-1.32,-1.32,1.32
2007-05-11,48.779955903470984,49.070352122417276,48.73037579761058,48.9428596496582,590800,OEF,2007,5,19,Friday,48.8809,48.602874755859375,0.7,0.36,0.26,0.7,-0.26
2007-05-14,49.13410387422039,49.183683982919845,48.80829095936305,48.99952697753906,471600,OEF,2007,5,20,Monday,49.0314,48.9428596496582,0.12,0.39,-0.27,0.12,0.27
2007-05-15,49.09869587800067,49.396176582806596,48.942871107723036,48.96411895751953,1509200,OEF,2007,5,20,Tuesday,49.1005,48.99952697753906,-0.07,0.2,-0.12,-0.07,0.12
2007-05-16,49.24742210177678,49.48115919013623,49.070349532503116,49.45991134643555,881800,OEF,2007,5,20,Wednesday,49.3147,48.96411895751953,1.01,0.58,0.22,1.01,-0.22
2007-05-17,49.43158772714165,49.57324364579051,49.32534308624154,49.403255462646484,856200,OEF,2007,5,20,Thursday,49.4334,49.45991134643555,-0.11,-0.06,-0.27,-0.11,0.27
2007-05-18,49.59448426039394,49.80697351120493,49.53782514349365,49.750308990478516,4919500,OEF,2007,5,20,Friday,49.6724,49.403255462646484,0.7,0.39,0.27,0.7,-0.27
2007-05-21,49.806987735680295,49.95572809219659,49.707827498002764,49.76449203491211,1915400,OEF,2007,5,21,Monday,49.8088,49.750308990478516,0.03,0.11,-0.09,0.03,0.09
2007-05-22,49.77866031254283,49.9061528310848,49.67950006521332,49.70783233642578,810400,OEF,2007,5,21,Tuesday,49.768,49.76449203491211,-0.11,0.03,-0.17,-0.11,0.17
2007-05-23,49.86364894644812,50.01238929304272,49.686576333288734,49.714908599853516,834000,OEF,2007,5,21,Wednesday,49.8194,49.70783233642578,0.01,0.31,-0.04,0.01,0.04
2007-05-24,49.714908762549186,49.94864050577573,49.24743446844146,49.339515686035156,833500,OEF,2007,5,21,Thursday,49.5626,49.714908599853516,-0.76,0.0,-0.94,-0.76,0.94
2007-05-25,49.43868211495288,49.6228337655705,49.38201757453454,49.59450149536133,3923300,OEF,2007,5,21,Friday,49.5095,49.339515686035156,0.52,0.2,0.09,0.52,-0.09
2007-05-29,49.679485810121776,50.28861595683463,49.431585262930874,49.629905700683594,646600,OEF,2007,5,22,Tuesday,49.7574,49.59450149536133,0.07,0.17,-0.33,0.07,0.33
2007-05-30,49.46701477213786,50.01240158081055,49.438687902440634,50.01240158081055,706400,OEF,2007,5,22,Wednesday,49.7326,49.629905700683594,0.77,-0.33,-0.39,0.77,0.39
2007-05-31,50.1398683666905,50.16111620996856,49.913215698681455,49.976959228515625,463700,OEF,2007,5,22,Thursday,50.0478,50.01240158081055,-0.07,0.25,-0.2,-0.07,0.2
2007-06-01,50.16113663903515,50.28154473586651,49.99822743451243,50.1823844909668,1870000,OEF,2007,6,22,Friday,50.1558,49.976959228515625,0.41,0.37,0.04,0.41,-0.04
2007-06-04,50.04072422823465,50.26029255103693,50.012391960158936,50.21071243286133,364600,OEF,2007,6,23,Monday,50.131,50.1823844909668,0.06,-0.28,-0.34,0.06,0.34
2007-06-05,50.04071527674746,50.11154323235296,49.79281473021493,49.98405075073242,557400,OEF,2007,6,23,Tuesday,49.9823,50.21071243286133,-0.45,-0.34,-0.83,-0.45,0.83
2007-06-06,49.7857347829571,49.814067048508115,49.46700084837852,49.60157775878906,285000,OEF,2007,6,23,Wednesday,49.6671,49.98405075073242,-0.77,-0.4,-1.03,-0.77,1.03
2007-06-07,49.466994958440715,49.601571852827455,48.74454118630588,48.76578903198242,1780900,OEF,2007,6,23,Thursday,49.1447,49.60157775878906,-1.69,-0.27,-1.73,-1.69,1.73
2007-06-08,48.87912358919613,49.339513444769274,48.716214414272564,49.318260192871094,1605700,OEF,2007,6,23,Friday,49.0633,48.76578903198242,1.13,0.23,-0.1,1.13,0.1
2007-06-11,49.21202599907558,49.60158252925691,49.204941581049695,49.43867874145508,1083800,OEF,2007,6,24,Monday,49.3643,49.318260192871094,0.24,-0.22,-0.23,0.24,0.23
2007-06-12,49.26158246842628,49.44573401807187,48.850772881386064,48.87202072143555,3946100,OEF,2007,6,24,Tuesday,49.1075,49.43867874145508,-1.15,-0.36,-1.19,-1.15,1.19
2007-06-13,49.10577232598144,49.60865783691406,48.97119542734221,49.60865783691406,1771100,OEF,2007,6,24,Wednesday,49.3236,48.87202072143555,1.51,0.48,0.2,1.51,-0.2
2007-06-14,49.651155398824784,49.92030920623608,49.62990755167691,49.82822799682617,758100,OEF,2007,6,24,Thursday,49.7574,49.60865783691406,0.44,0.09,0.04,0.44,-0.04
2007-06-15,50.23903803376222,50.324034826709514,50.09029769897461,50.09029769897461,1529200,OEF,2007,6,24,Friday,50.1859,49.82822799682617,0.53,0.82,0.53,0.53,-0.53
2007-06-18,50.35944234173561,50.35944234173561,50.076125123572275,50.17528533935547,804600,OEF,2007,6,25,Monday,50.2426,50.09029769897461,0.17,0.54,-0.03,0.17,0.03
2007-06-19,50.01947764014686,50.37362289428711,50.01947764014686,50.37362289428711,1029800,OEF,2007,6,25,Tuesday,50.1966,50.17528533935547,0.4,-0.31,-0.31,0.4,0.31
2007-06-20,50.36654435939934,50.380707793535166,49.566177936930345,49.64408493041992,1014600,OEF,2007,6,25,Wednesday,49.9894,50.37362289428711,-1.45,-0.01,-1.6,-1.45,1.6
2007-06-21,49.622822107951166,49.92738718636495,49.37492155664384,49.863643646240234,1107900,OEF,2007,6,25,Thursday,49.6972,49.64408493041992,0.44,-0.04,-0.54,0.44,0.54
2007-06-22,49.71490650423093,49.79281888304302,49.155356421774606,49.318260192871094,702500,OEF,2007,6,25,Friday,49.4953,49.863643646240234,-1.09,-0.3,-1.42,-1.09,1.42
2007-06-25,49.339500098908715,49.65114412603327,48.95702272560411,49.11992645263672,1807600,OEF,2007,6,26,Monday,49.2669,49.318260192871094,-0.4,0.04,-0.73,-0.4,0.73
2007-06-26,49.33244117656988,49.45284928117707,48.80830764770508,48.80830764770508,1389600,OEF,2007,6,26,Tuesday,49.1005,49.11992645263672,-0.63,0.43,-0.63,-0.63,0.63
2007-06-27,48.76579628332742,49.452838882771594,48.652472621592764,49.43159103393555,1403900,OEF,2007,6,26,Wednesday,49.0757,48.80830764770508,1.28,-0.09,-0.32,1.28,0.32
2007-06-28,49.46701274451946,49.736166630068375,49.353689058889714,49.50951385498047,736200,OEF,2007,6,26,Thursday,49.5166,49.43159103393555,0.16,0.07,-0.16,0.16,0.16
2007-06-29,49.5863655790273,49.799943215200265,49.00257801619234,49.30158996582031,3224900,OEF,2007,6,26,Friday,49.4226,49.50951385498047,-0.42,0.16,-1.02,-0.42,1.02
2007-07-02,49.643341873272526,49.87827682495117,49.54366575142538,49.87827682495117,1402100,OEF,2007,7,27,Monday,49.7359,49.30158996582031,1.17,0.69,0.49,1.17,-0.49
2007-07-03,49.935250008257206,50.10611333065621,49.91389277191322,50.09187698364258,884300,OEF,2007,7,27,Tuesday,50.0118,49.87827682495117,0.43,0.11,0.07,0.43,-0.07
2007-07-05,50.05626919377099,50.113225435135256,49.82844965996007,50.084747314453125,1607800,OEF,2007,7,27,Thursday,50.0207,50.09187698364258,-0.01,-0.07,-0.53,-0.01,0.53
2007-07-06,50.01353149828512,50.27694991850764,49.94945983024493,50.234230041503906,1734000,OEF,2007,7,27,Friday,50.1185,50.084747314453125,0.3,-0.14,-0.27,0.3,0.27
2007-07-09,50.2769560467168,50.3623849478499,50.113208266804584,50.248477935791016,1669500,OEF,2007,7,28,Monday,50.2503,50.234230041503906,0.03,0.09,-0.24,0.03,0.24
2007-07-10,50.02777435669406,50.18440125228705,49.629091663653234,49.643333435058594,757600,OEF,2007,7,28,Tuesday,49.8712,50.248477935791016,-1.2,-0.44,-1.23,-1.2,1.23
2007-07-11,49.64336043888707,49.970850747974566,49.52232704268193,49.96372985839844,1013300,OEF,2007,7,28,Wednesday,49.7751,49.643333435058594,0.65,0.0,-0.24,0.65,0.24
2007-07-12,50.205768658096005,50.953304290771484,50.17729597280046,50.953304290771484,785600,OEF,2007,7,28,Thursday,50.5724,49.96372985839844,1.98,0.48,0.43,1.98,-0.43
2007-07-13,50.939048634510954,51.21670337985542,50.9034496439208,51.052955627441406,1808900,OEF,2007,7,28,Friday,51.028,50.953304290771484,0.2,-0.03,-0.1,0.2,0.1
2007-07-16,51.081455087118194,51.28791736923294,50.99602073297379,51.131290435791016,928900,OEF,2007,7,29,Monday,51.1242,51.052955627441406,0.15,0.06,-0.11,0.15,0.11
2007-07-17,51.13841899989676,51.344881313004755,51.06722640991211,51.06722640991211,934700,OEF,2007,7,29,Tuesday,51.1544,51.131290435791016,-0.13,0.01,-0.13,-0.13,0.13
2007-07-18,50.95330404174072,51.074331964414256,50.547500382694764,50.9889030456543,741100,OEF,2007,7,29,Wednesday,50.891,51.06722640991211,-0.15,-0.22,-1.02,-0.15,1.02
2007-07-19,51.07430982950034,51.309250117561064,51.045831725040586,51.20957946777344,360900,OEF,2007,7,29,Thursday,51.1597,50.9889030456543,0.43,0.17,0.11,0.43,-0.11
2007-07-20,50.99603228585552,51.19537915735344,50.44072243722847,50.66142654418945,649400,OEF,2007,7,29,Friday,50.8234,51.20957946777344,-1.07,-0.42,-1.5,-1.07,1.5
2007-07-23,50.9746858343729,51.12419194589005,50.69703085131991,50.92485046386719,1777000,OEF,2007,7,30,Monday,50.9302,50.66142654418945,0.52,0.62,0.07,0.52,-0.07
2007-07-24,50.66853790372873,50.7824503925148,49.921007564744265,50.07762908935547,1628400,OEF,2007,7,30,Tuesday,50.3624,50.92485046386719,-1.66,-0.5,-1.97,-1.66,1.97
2007-07-25,50.4549540399673,50.47631127112321,49.84980352177234,50.341041564941406,3873800,OEF,2007,7,30,Wednesday,50.2805,50.07762908935547,0.53,0.75,-0.45,0.53,0.45
2007-07-26,49.40841747604338,50.02068358917966,48.62528804322746,49.22331237792969,4404200,OEF,2007,7,30,Thursday,49.3194,50.341041564941406,-2.22,-1.85,-3.41,-2.22,3.41
2007-07-27,49.01684011851483,49.36568757645389,48.255068075952295,48.31914520263672,2089800,OEF,2007,7,30,Friday,48.7392,49.22331237792969,-1.84,-0.42,-1.97,-1.84,1.97
2007-07-30,48.6608742246195,49.00972170013552,48.233713274568785,48.83173751831055,1523200,OEF,2007,7,31,Monday,48.684,48.31914520263672,1.06,0.71,-0.18,1.06,0.18
2007-07-31,49.23755872724477,49.322987679191726,48.141175246862865,48.262203216552734,2967400,OEF,2007,7,31,Tuesday,48.741,48.83173751831055,-1.17,0.83,-1.41,-1.17,1.41
2007-08-01,48.17675891118602,48.753431376302615,47.756718832892005,48.589683532714844,3548200,OEF,2007,8,31,Wednesday,48.3191,48.262203216552734,0.68,-0.18,-1.05,0.68,1.05
2007-08-02,48.68221589349908,48.99546969148947,48.45439643086364,48.853084564208984,1213400,OEF,2007,8,31,Thursday,48.7463,48.589683532714844,0.54,0.19,-0.28,0.54,0.28
2007-08-03,48.83885144133714,48.88157133240208,47.63568223730855,47.77094650268555,4933400,OEF,2007,8,31,Friday,48.2818,48.853084564208984,-2.22,-0.03,-2.49,-2.22,2.49
2007-08-06,47.842147767245294,48.78190406665612,47.48617938971625,48.589683532714844,1730400,OEF,2007,8,32,Monday,48.175,47.77094650268555,1.71,0.15,-0.6,1.71,0.6
2007-08-07,48.41169760883718,49.50808082412898,48.3476259103686,49.123634338378906,1358200,OEF,2007,8,32,Tuesday,48.8478,48.589683532714844,1.1,-0.37,-0.5,1.1,0.5
2007-08-08,49.365670290785694,49.970820611919734,49.152092617130144,49.81419372558594,2197900,OEF,2007,8,32,Wednesday,49.5757,49.123634338378906,1.41,0.49,0.06,1.41,-0.06
2007-08-09,48.90294020001751,49.4867281548109,48.176761627197266,48.176761627197266,4194800,OEF,2007,8,32,Thursday,48.6858,49.81419372558594,-3.29,-1.83,-3.29,-3.29,3.29
2007-08-10,47.7353652279435,48.539851866920095,47.54313924774363,48.29779052734375,2037700,OEF,2007,8,32,Friday,48.029,48.176761627197266,0.25,-0.92,-1.32,0.25,1.32
2007-08-13,48.6395102193737,48.66086744915556,48.126914978027344,48.126914978027344,1824500,OEF,2007,8,33,Monday,48.3886,48.29779052734375,-0.35,0.71,-0.35,-0.35,0.35
2007-08-14,48.31915740726147,48.411707245131204,47.40075819154881,47.43635177612305,2089000,OEF,2007,8,33,Tuesday,47.892,48.126914978027344,-1.43,0.4,-1.51,-1.43,1.51
2007-08-15,46.97356983891979,47.9702765337469,46.75286584365598,46.87389373779297,3646900,OEF,2007,8,33,Wednesday,47.1427,47.43635177612305,-1.19,-0.98,-1.44,-1.19,1.44
2007-08-16,46.52506452496097,47.22276491487099,45.77753421253547,47.04478073120117,7983300,OEF,2007,8,33,Thursday,46.6425,46.87389373779297,0.36,-0.74,-2.34,0.36,2.34
2007-08-17,47.58586359943409,49.33011240310016,47.44347838069103,48.32627868652344,2958300,OEF,2007,8,33,Friday,48.1714,47.04478073120117,2.72,1.15,0.85,2.72,-0.85
2007-08-20,48.44729073624321,48.44729073624321,47.678397858090285,48.18387222290039,733400,OEF,2007,8,34,Monday,48.1892,48.32627868652344,-0.29,0.25,-1.34,-0.29,1.34
2007-08-21,48.08419646119042,48.47575831465779,47.93469043368707,48.16250991821289,639300,OEF,2007,8,34,Tuesday,48.1643,48.18387222290039,-0.04,-0.21,-0.52,-0.04,0.52
2007-08-22,48.70358161018157,48.70358161018157,48.2550581109515,48.69646072387695,3559200,OEF,2007,8,34,Wednesday,48.5897,48.16250991821289,1.11,1.12,0.19,1.11,-0.19
2007-08-23,49.002620362038826,49.002620362038826,48.41171140453507,48.74632263183594,1070100,OEF,2007,8,34,Thursday,48.7908,48.69646072387695,0.1,0.63,-0.58,0.1,0.58
2007-08-24,48.73917598340047,49.294485628147605,48.63950530006867,49.25889205932617,921600,OEF,2007,8,34,Friday,48.983,48.74632263183594,1.05,-0.01,-0.22,1.05,0.22
2007-08-27,49.19482136976744,49.19482136976744,48.8815729376615,48.9100456237793,773000,OEF,2007,8,35,Monday,49.0453,49.25889205932617,-0.71,-0.13,-0.77,-0.71,0.77
2007-08-28,48.63950318799676,48.67510218691725,47.7922969848198,47.87773132324219,1014200,OEF,2007,8,35,Tuesday,48.2462,48.9100456237793,-2.11,-0.55,-2.29,-2.11,2.29
2007-08-29,48.20522599554026,48.89580535888672,47.97028561657072,48.89580535888672,2499100,OEF,2007,8,35,Wednesday,48.4918,47.87773132324219,2.13,0.68,0.19,2.13,-0.19
2007-08-30,48.39033297595692,48.98835713012937,48.3618548593327,48.66798782348633,685000,OEF,2007,8,35,Thursday,48.6021,48.89580535888672,-0.47,-1.03,-1.09,-0.47,1.09
2007-08-31,49.20195445790835,49.4012959000378,48.88870051647811,49.06668472290039,1047900,OEF,2007,8,35,Friday,49.1397,48.66798782348633,0.82,1.1,0.45,0.82,-0.45
2007-09-04,49.10938016881578,49.856910204521,49.038182176386904,49.60061264038086,2447600,OEF,2007,9,36,Tuesday,49.4013,49.06668472290039,1.09,0.09,-0.06,1.09,0.06
2007-09-05,49.26602323262665,49.3656939477588,48.91005484096997,49.10940170288086,1443700,OEF,2007,9,36,Wednesday,49.1628,49.60061264038086,-0.99,-0.67,-1.39,-0.99,1.39
2007-09-06,49.21618115889691,49.40840710588198,48.988361636591314,49.29449462890625,638600,OEF,2007,9,36,Thursday,49.2269,49.10940170288086,0.38,0.22,-0.25,0.38,0.25
2007-09-07,48.61817343086654,48.860229379026116,48.31916122491141,48.49002456665039,1031600,OEF,2007,9,36,Friday,48.5719,49.29449462890625,-1.63,-1.37,-1.98,-1.63,1.98
2007-09-10,48.917173788244,48.917173788244,48.09132997683273,48.589683532714844,532700,OEF,2007,9,37,Monday,48.6288,48.49002456665039,0.21,0.88,-0.82,0.21,0.82
2007-09-11,48.732050311636925,49.244645450805095,48.68933586058769,49.20193099975586,679800,OEF,2007,9,37,Tuesday,48.967,48.589683532714844,1.26,0.29,0.21,1.26,-0.21
2007-09-12,49.095153080892985,49.51519854894348,49.038196842573285,49.344329833984375,644400,OEF,2007,9,37,Wednesday,49.2482,49.20193099975586,0.29,-0.22,-0.33,0.29,0.33
2007-09-13,49.565049089396965,49.92101754051736,49.52232918174221,49.75014877319336,3093200,OEF,2007,9,37,Thursday,49.6896,49.344329833984375,0.82,0.45,0.36,0.82,-0.36
2007-09-14,49.39417050676731,49.750138887151856,49.34433515077933,49.67182540893555,1372200,OEF,2007,9,37,Friday,49.5401,49.75014877319336,-0.16,-0.72,-0.82,-0.16,0.82
2007-09-17,49.45825054431207,49.63623474495713,49.308744467567834,49.48672866821289,440100,OEF,2007,9,38,Monday,49.4725,49.67182540893555,-0.37,-0.43,-0.73,-0.37,0.73
2007-09-18,49.68608198355941,50.82518005371094,49.52233408989011,50.82518005371094,1131200,OEF,2007,9,38,Tuesday,50.2147,49.48672866821289,2.7,0.4,0.07,2.7,-0.07
2007-09-19,51.20961054066435,51.34488026101619,50.882120288127645,51.0743408203125,2685400,OEF,2007,9,38,Wednesday,51.1277,50.82518005371094,0.49,0.76,0.11,0.49,-0.11
2007-09-20,50.988899754082794,51.25943369876741,50.73260215105736,50.85363006591797,826600,OEF,2007,9,38,Thursday,50.9586,51.0743408203125,-0.43,-0.17,-0.67,-0.43,0.67
2007-09-21,51.117055534359494,51.27367704057333,51.0173848342026,51.03874206542969,1472300,OEF,2007,9,38,Friday,51.1117,50.85363006591797,0.36,0.52,0.32,0.36,-0.32
2007-09-24,51.095693521938394,51.2452050057228,50.796681417661276,50.91770935058594,534900,OEF,2007,9,39,Monday,51.0138,51.03874206542969,-0.24,0.11,-0.47,-0.24,0.47
2007-09-25,50.561737113096186,50.939068089879996,50.519022653388575,50.90346908569336,1305200,OEF,2007,9,39,Tuesday,50.7308,50.91770935058594,-0.03,-0.7,-0.78,-0.03,0.78
2007-09-26,51.18880013625483,51.38188205642586,50.90990099823728,51.160194396972656,2288100,OEF,2007,9,39,Wednesday,51.1602,50.90346908569336,0.5,0.56,0.01,0.5,-0.01
2007-09-27,51.281780665853404,51.32468656014392,51.10299883165813,51.31753921508789,482000,OEF,2007,9,39,Thursday,51.2568,51.160194396972656,0.31,0.24,-0.11,0.31,0.11
2007-09-28,51.26032728920475,51.33899173207064,50.99572821265689,51.15305709838867,1088500,OEF,2007,9,39,Friday,51.187,51.31753921508789,-0.32,-0.11,-0.63,-0.32,0.63
2007-10-01,51.27464436213216,51.90396011281096,51.203132696643294,51.839595794677734,400100,OEF,2007,10,40,Monday,51.5553,51.15305709838867,1.34,0.24,0.1,1.34,-0.1
2007-10-02,51.80382877207981,51.87534041835603,51.63219427383022,51.768070220947266,2008300,OEF,2007,10,40,Tuesday,51.7699,51.839595794677734,-0.14,-0.07,-0.4,-0.14,0.4
2007-10-03,51.5964048220759,51.73227521746507,51.43192324115,51.55349349975586,756300,OEF,2007,10,40,Wednesday,51.5785,51.768070220947266,-0.41,-0.33,-0.65,-0.41,0.65
2007-10-04,51.753764425103384,51.753764425103384,51.4891653611749,51.596435546875,549700,OEF,2007,10,40,Thursday,51.6483,51.55349349975586,0.08,0.39,-0.12,0.08,0.12
2007-10-05,51.925382055757815,52.15422252224728,51.78235881019705,51.98259353637695,1214700,OEF,2007,10,40,Friday,51.9611,51.596435546875,0.75,0.64,0.36,0.75,-0.36
2007-10-08,51.86102313586701,51.92538742221232,51.73945281897744,51.903934478759766,328800,OEF,2007,10,41,Monday,51.8574,51.98259353637695,-0.15,-0.23,-0.47,-0.15,0.47
2007-10-09,52.011216118102304,52.29011535644531,51.8467344220593,52.29011535644531,844800,OEF,2007,10,41,Tuesday,52.1095,51.903934478759766,0.74,0.21,-0.11,0.74,0.11
2007-10-10,52.24006704534178,52.261519997789115,51.92540919347433,52.09703826904297,965700,OEF,2007,10,41,Wednesday,52.131,52.29011535644531,-0.37,-0.1,-0.7,-0.37,0.7
2007-10-11,52.433136389085874,52.611918224217234,51.65365020678768,51.954002380371094,1232300,OEF,2007,10,41,Thursday,52.1632,52.09703826904297,-0.27,0.65,-0.85,-0.27,0.85
2007-10-12,51.99689776763246,52.17567956663655,51.87532745374668,52.10416793823242,427000,OEF,2007,10,41,Friday,52.038,51.954002380371094,0.29,0.08,-0.15,0.29,0.15
2007-10-15,52.111333091590694,52.18999753828001,51.46056457006799,51.739463806152344,691200,OEF,2007,10,42,Monday,51.8753,52.10416793823242,-0.7,0.01,-1.24,-0.7,1.24
2007-10-16,51.610737922638215,51.660796617329886,51.353291648227206,51.41765594482422,1302400,OEF,2007,10,42,Tuesday,51.5106,51.739463806152344,-0.62,-0.25,-0.75,-0.62,0.75
2007-10-17,51.88960397004042,51.88960397004042,51.052906841113156,51.60355758666992,1147500,OEF,2007,10,42,Wednesday,51.6089,51.41765594482422,0.36,0.92,-0.71,0.36,0.71
2007-10-18,51.4104876945232,51.539210793046166,51.24601151395805,51.37472915649414,752000,OEF,2007,10,42,Thursday,51.3926,51.60355758666992,-0.44,-0.37,-0.69,-0.44,0.69
2007-10-19,51.22458444925707,51.231737252435295,50.16619873046875,50.16619873046875,1703800,OEF,2007,10,42,Friday,50.6972,51.37472915649414,-2.35,-0.29,-2.35,-2.35,2.35
2007-10-22,49.830060362831794,50.43791735319152,49.808607421146554,50.3592529296875,1613000,OEF,2007,10,43,Monday,50.109,50.16619873046875,0.38,-0.67,-0.71,0.38,0.71
2007-10-23,50.66674094275137,50.83122253417969,50.30202468766101,50.83122253417969,739800,OEF,2007,10,43,Tuesday,50.6578,50.3592529296875,0.94,0.61,-0.11,0.94,0.11
2007-10-24,50.55949711803736,50.80264323325799,49.8515226300503,50.709678649902344,1238700,OEF,2007,10,43,Wednesday,50.4808,50.83122253417969,-0.24,-0.53,-1.93,-0.24,1.93
2007-10-25,50.7525740044769,50.92420299041986,50.1733227669275,50.73112106323242,1048300,OEF,2007,10,43,Thursday,50.6453,50.709678649902344,0.04,0.08,-1.06,0.04,1.06
2007-10-26,50.25914332684414,51.41049866033061,50.25914332684414,51.38904571533203,752100,OEF,2007,10,43,Friday,50.8295,50.73112106323242,1.3,-0.93,-0.93,1.3,0.93
2007-10-29,51.489155285687175,51.768054440339,51.48200248644329,51.65363693237305,598500,OEF,2007,10,44,Monday,51.5982,51.38904571533203,0.51,0.19,0.18,0.51,-0.18
2007-10-30,51.460552857750855,51.55351742995749,51.27461825735001,51.360435485839844,579200,OEF,2007,10,44,Tuesday,51.4123,51.65363693237305,-0.57,-0.37,-0.73,-0.57,0.73
2007-10-31,51.68225586540976,52.082730927758384,51.267486111389985,51.875343322753906,2366500,OEF,2007,10,44,Wednesday,51.727,51.360435485839844,1.0,0.63,-0.18,1.0,0.18
2007-11-01,51.30322626911985,51.32467921319419,50.48798165836792,50.58095169067383,3573600,OEF,2007,11,44,Thursday,50.9242,51.875343322753906,-2.5,-1.1,-2.67,-2.5,2.67
2007-11-02,50.80978525182879,50.85269113412076,49.965935012168735,50.559486389160156,2209800,OEF,2007,11,44,Friday,50.547,50.58095169067383,-0.04,0.45,-1.22,-0.04,1.22
2007-11-05,50.08037208390486,50.6167176460589,49.930195981220436,50.330665588378906,1437900,OEF,2007,11,45,Monday,50.2395,50.559486389160156,-0.45,-0.95,-1.24,-0.45,1.24
2007-11-06,50.273441980330645,50.90275192260742,50.273441980330645,50.90275192260742,1057300,OEF,2007,11,45,Tuesday,50.5881,50.330665588378906,1.14,-0.11,-0.11,1.14,0.11
2007-11-07,50.387853382152535,50.616693829422566,49.400979976298046,49.572608947753906,2197400,OEF,2007,11,45,Wednesday,49.9945,50.90275192260742,-2.61,-1.01,-2.95,-2.61,2.95
2007-11-08,48.893243130148726,49.594064651988866,48.4284094112214,49.16498947143555,2200300,OEF,2007,11,45,Thursday,49.0202,49.572608947753906,-0.82,-1.37,-2.31,-0.82,2.31
2007-11-09,48.70015417042268,49.18644081418199,48.349743420886135,48.46416091918945,1997500,OEF,2007,11,45,Friday,48.6751,49.16498947143555,-1.43,-0.95,-1.66,-1.43,1.66
2007-11-12,48.33543335706287,48.957595837552645,48.07083984769424,48.09229278564453,1193500,OEF,2007,11,46,Monday,48.364,48.46416091918945,-0.77,-0.27,-0.81,-0.77,0.81
2007-11-13,48.592895414862255,49.62983322143555,48.5714424698966,49.62983322143555,1035100,OEF,2007,11,46,Tuesday,49.106,48.09229278564453,3.2,1.04,1.0,3.2,-1.0
2007-11-14,49.90873050973565,50.0231480305071,49.06488015209335,49.20075607299805,914800,OEF,2007,11,46,Wednesday,49.5494,49.62983322143555,-0.86,0.56,-1.14,-0.86,1.14
2007-11-15,48.743080372920815,49.336631897376925,48.33545256592594,48.60720443725586,1658100,OEF,2007,11,46,Thursday,48.7556,49.20075607299805,-1.21,-0.93,-1.76,-1.21,1.76
2007-11-16,49.52971068690385,49.52971068690385,48.39265561815347,48.84318923950195,1867600,OEF,2007,11,46,Friday,49.0738,48.60720443725586,0.49,1.9,-0.44,0.49,0.44
2007-11-19,48.32114355311427,48.67155434522414,47.949279818465264,48.0780029296875,1630900,OEF,2007,11,47,Monday,48.255,48.84318923950195,-1.57,-1.07,-1.83,-1.57,1.83
2007-11-20,48.52852059124661,48.80026689792581,47.77763502891539,48.35689163208008,3600000,OEF,2007,11,47,Tuesday,48.3658,48.0780029296875,0.58,0.94,-0.62,0.58,0.62
2007-11-21,48.020795839056134,48.271089284891325,47.49160320272061,47.59172058105469,1678000,OEF,2007,11,47,Wednesday,47.8438,48.35689163208008,-1.58,-0.7,-1.79,-1.58,1.79
2007-11-23,48.26393082713176,48.406959533691406,47.913520044038364,48.406959533691406,452100,OEF,2007,11,47,Friday,48.2478,47.59172058105469,1.71,1.41,0.68,1.71,-0.68
2007-11-26,48.34974999351173,48.55713753436452,47.198394775390625,47.198394775390625,2074200,OEF,2007,11,48,Monday,47.8259,48.406959533691406,-2.5,-0.12,-2.5,-2.5,2.5
2007-11-27,47.877768741115695,48.07800896056965,47.27706445071815,47.899227142333984,3421900,OEF,2007,11,48,Tuesday,47.783,47.198394775390625,1.48,1.44,0.17,1.48,-0.17
2007-11-28,48.44271906899171,49.465351269121335,48.39981317930409,49.379539489746094,2889800,OEF,2007,11,48,Wednesday,48.9219,47.899227142333984,3.09,1.13,1.05,3.09,-1.05
2007-11-29,49.880125525952444,49.880125525952444,48.97906366619411,49.308021545410156,2556000,OEF,2007,11,48,Thursday,49.5118,49.379539489746094,-0.14,1.01,-0.81,-0.14,0.81
2007-11-30,50.302042860388894,50.302042860388894,47.548804328396685,49.76569747924805,2417500,OEF,2007,11,48,Friday,49.4796,49.308021545410156,0.93,2.02,-3.57,0.93,3.57
2007-12-03,49.94448321337015,49.94448321337015,49.2794201260327,49.42244338989258,1252000,OEF,2007,12,49,Monday,49.6477,49.76569747924805,-0.69,0.36,-0.98,-0.69,0.98
2007-12-04,49.28657098547085,49.28657098547085,48.99337163684889,49.04343032836914,1336500,OEF,2007,12,49,Tuesday,49.1525,49.42244338989258,-0.77,-0.27,-0.87,-0.77,0.87
2007-12-05,49.687032243427204,49.880114155653665,49.42958605646748,49.82290267944336,1136600,OEF,2007,12,49,Wednesday,49.7049,49.04343032836914,1.59,1.31,0.79,1.59,-0.79
2007-12-06,49.49396050634944,50.55235132655348,49.49396050634944,50.50229263305664,1560800,OEF,2007,12,49,Thursday,50.0106,49.82290267944336,1.36,-0.66,-0.66,1.36,0.66
2007-12-07,50.68822630281434,50.70968470706409,50.35926836550696,50.40217971801758,2228400,OEF,2007,12,49,Friday,50.5398,50.50229263305664,-0.2,0.37,-0.28,-0.2,0.28
2007-12-10,50.84552628615914,50.895584955633,50.45220972771761,50.78831481933594,1058900,OEF,2007,12,50,Monday,50.7454,50.40217971801758,0.77,0.88,0.1,0.77,-0.1
2007-12-11,51.117302742679335,51.20311452842153,49.622683821137926,49.722801208496094,1330000,OEF,2007,12,50,Tuesday,50.4165,50.78831481933594,-2.1,0.65,-2.3,-2.1,2.3
2007-12-12,50.88131282697604,50.88131282697604,49.336635108322355,49.99455642700195,1408200,OEF,2007,12,50,Wednesday,50.2735,49.722801208496094,0.55,2.33,-0.78,0.55,0.78
2007-12-13,49.92303023194224,50.15902352752303,49.43674349680051,50.15187072753906,1788400,OEF,2007,12,50,Thursday,49.9177,49.99455642700195,0.31,-0.14,-1.12,0.31,1.12
2007-12-14,50.13757313290584,50.13757313290584,49.365234375,49.365234375,2435100,OEF,2007,12,50,Friday,49.7514,50.15187072753906,-1.57,-0.03,-1.57,-1.57,1.57
2007-12-17,49.322320669238664,49.322320669238664,48.70015808129374,48.72161102294922,1212200,OEF,2007,12,51,Monday,49.0166,49.365234375,-1.3,-0.09,-1.35,-1.3,1.35
2007-12-18,50.1804920482494,50.1804920482494,48.32831456456757,49.03628921508789,2919000,OEF,2007,12,51,Tuesday,49.4314,48.72161102294922,0.65,2.99,-0.81,0.65,0.81
2007-12-19,48.55713999682622,49.31517311453261,48.55713999682622,48.90755081176758,2159100,OEF,2007,12,51,Wednesday,48.8343,49.03628921508789,-0.26,-0.98,-0.98,-0.26,0.98
2007-12-20,49.40813347331672,49.40813347331672,48.73591764471883,49.129234313964844,1602600,OEF,2007,12,51,Thursday,49.1704,48.90755081176758,0.45,1.02,-0.35,0.45,0.35
2007-12-21,49.44388399645981,50.03028796154418,49.44388399645981,49.87295913696289,5596100,OEF,2007,12,51,Friday,49.6978,49.129234313964844,1.51,0.64,0.64,1.51,-0.64
2007-12-24,50.316349944042166,50.344955686598965,50.0875094595753,50.33780288696289,612500,OEF,2007,12,52,Monday,50.2717,49.87295913696289,0.93,0.89,0.43,0.93,-0.43
2007-12-26,50.35212102007925,50.40217971801758,50.05891617787703,50.40217971801758,1193100,OEF,2007,12,52,Wednesday,50.3038,50.33780288696289,0.13,0.03,-0.55,0.13,0.55
2007-12-27,50.09102649417403,50.205999206599024,49.645515456828186,49.68863296508789,2322600,OEF,2007,12,52,Thursday,49.9078,50.40217971801758,-1.42,-0.62,-1.5,-1.42,1.5
2007-12-28,50.18443771136884,50.18443771136884,49.4802490354681,49.68863296508789,1639700,OEF,2007,12,52,Friday,49.8844,49.68863296508789,0.0,1.0,-0.42,0.0,0.42
2007-12-31,49.48744061407873,49.58803900532212,49.22157030453481,49.43714141845703,1983700,OEF,2007,12,1,Monday,49.4335,49.68863296508789,-0.51,-0.4,-0.94,-0.51,0.94
2008-01-02,49.42277132494822,49.48744485755101,48.481455376653855,48.82636260986328,2175600,OEF,2008,1,1,Wednesday,49.0545,49.43714141845703,-1.24,-0.03,-1.93,-1.24,1.93
2008-01-03,48.7401261524803,48.99162208822163,48.56048541520788,48.68982696533203,909300,OEF,2008,1,1,Thursday,48.7455,48.82636260986328,-0.28,-0.18,-0.54,-0.28,0.54
2008-01-04,48.39521828694399,48.39521828694399,47.55450086950871,47.590431213378906,2480800,OEF,2008,1,1,Friday,47.9838,48.68982696533203,-2.26,-0.61,-2.33,-2.26,2.33
2008-01-07,47.777249792677424,48.01437688578765,47.346113112059044,47.82754898071289,2477800,OEF,2008,1,2,Monday,47.7413,47.590431213378906,0.5,0.39,-0.51,0.5,0.51
2008-01-08,48.09341898514756,48.21557337224626,46.81437779740748,46.95090103149414,1881100,OEF,2008,1,2,Tuesday,47.5186,47.82754898071289,-1.83,0.56,-2.12,-1.83,2.12
2008-01-09,46.864674055940824,47.70539134829598,46.67065899942812,47.5760498046875,3806600,OEF,2008,1,2,Wednesday,47.2042,46.95090103149414,1.33,-0.18,-0.6,1.33,0.6
2008-01-10,47.28145262981848,48.22995567157539,47.20241025282197,47.87067413330078,2306800,OEF,2008,1,2,Thursday,47.6461,47.5760498046875,0.62,-0.62,-0.79,0.62,0.79
2008-01-11,47.72695889910023,47.798814111324276,47.058695009234185,47.29582214355469,2403800,OEF,2008,1,2,Friday,47.4701,47.87067413330078,-1.2,-0.3,-1.7,-1.2,1.7
2008-01-14,47.50420431057975,47.86348584039372,47.453905115693836,47.81318664550781,1359500,OEF,2008,1,3,Monday,47.6587,47.29582214355469,1.09,0.44,0.33,1.09,-0.33
2008-01-15,47.15212443465928,47.33176525476392,46.59164047088248,46.63475799560547,2739900,OEF,2008,1,3,Tuesday,46.9276,47.81318664550781,-2.46,-1.38,-2.55,-2.46,2.55
2008-01-16,46.34731263591154,46.92934690075604,46.03114316750194,46.31138229370117,3292900,OEF,2008,1,3,Wednesday,46.4048,46.63475799560547,-0.69,-0.62,-1.29,-0.69,1.29
2008-01-17,46.57007949698397,46.57007949698397,44.91738467600246,45.1473274230957,6819100,OEF,2008,1,3,Thursday,45.8012,46.31138229370117,-2.51,0.56,-3.01,-2.51,3.01
2008-01-18,45.485034245729025,45.600004208234026,44.335334620679056,44.737728118896484,3805700,OEF,2008,1,3,Friday,45.0395,45.1473274230957,-0.91,0.75,-1.8,-0.91,1.8
2008-01-22,43.00601434998281,44.60122582514801,42.32338137704783,44.206016540527344,3868600,OEF,2008,1,4,Tuesday,43.5342,44.737728118896484,-1.19,-3.87,-5.4,-1.19,5.4
2008-01-23,43.29342497079676,45.233545808164614,42.847916634871,45.18324661254883,6680100,OEF,2008,1,4,Wednesday,44.1395,44.206016540527344,2.21,-2.06,-3.07,2.21,3.07
2008-01-24,45.42756633601006,45.65750634049348,44.967686327043225,45.549720764160156,3073500,OEF,2008,1,4,Thursday,45.4006,45.18324661254883,0.81,0.54,-0.48,0.81,0.48
2008-01-25,46.35449758295312,46.35449758295312,44.687429011982516,44.83832931518555,5236900,OEF,2008,1,4,Friday,45.5587,45.549720764160156,-1.56,1.77,-1.89,-1.56,1.89
2008-01-28,44.95330365590912,45.72216587037989,44.47905217089817,45.48503875732422,2477100,OEF,2008,1,5,Monday,45.1599,44.83832931518555,1.44,0.26,-0.8,1.44,0.8
2008-01-29,45.858689351935936,45.87306094052676,45.35569471565796,45.75809097290039,2089600,OEF,2008,1,5,Tuesday,45.7114,45.48503875732422,0.6,0.82,-0.28,0.6,0.28
2008-01-30,45.60719492194071,46.55569787169508,45.26946943156896,45.305397033691406,2915800,OEF,2008,1,5,Wednesday,45.6844,45.75809097290039,-0.99,-0.33,-1.07,-0.99,1.07
2008-01-31,44.809603020010776,46.79283905029297,44.809603020010776,46.79283905029297,3736400,OEF,2008,1,5,Thursday,45.8012,45.305397033691406,3.28,-1.09,-1.09,3.28,1.09
2008-02-01,46.34012138294453,46.713777173046935,46.074256609964,46.59880447387695,2494100,OEF,2008,2,5,Friday,46.4317,46.79283905029297,-0.41,-0.97,-1.54,-0.41,1.54
2008-02-04,46.5341551500128,46.5341551500128,45.980861147770796,46.00960159301758,1553000,OEF,2008,2,6,Monday,46.2647,46.59880447387695,-1.26,-0.14,-1.33,-1.26,1.33
2008-02-05,45.30539624004273,45.420366209480754,44.59402041073883,44.72336196899414,4562700,OEF,2008,2,6,Tuesday,45.0108,46.00960159301758,-2.8,-1.53,-3.08,-2.8,3.08
2008-02-06,44.87426641199678,45.111390811044686,44.24911727876061,44.378456115722656,3102000,OEF,2008,2,6,Wednesday,44.6533,44.72336196899414,-0.77,0.34,-1.06,-0.77,1.06
2008-02-07,44.13412990125817,44.9748498796075,43.976047934731646,44.629940032958984,3409800,OEF,2008,2,6,Thursday,44.4287,44.378456115722656,0.57,-0.55,-0.91,0.57,0.91
2008-02-08,44.3784454511445,44.68024330779949,44.01197956209921,44.3425178527832,5779300,OEF,2008,2,6,Friday,44.3533,44.629940032958984,-0.64,-0.56,-1.38,-0.64,1.38
2008-02-11,44.42874378514559,44.65868368538233,43.98323282997456,44.558082580566406,2119600,OEF,2008,2,7,Monday,44.4072,44.3425178527832,0.49,0.19,-0.81,0.49,0.81
2008-02-12,44.9533045665069,45.34851368850486,44.651506665695436,44.94611740112305,4401500,OEF,2008,2,7,Tuesday,44.9749,44.558082580566406,0.87,0.89,0.21,0.87,-0.21
2008-02-13,45.36287492803843,45.67904160527913,45.06107709608608,45.56407165527344,2408800,OEF,2008,2,7,Wednesday,45.4168,44.94611740112305,1.37,0.93,0.26,1.37,-0.26
2008-02-14,45.69341844947926,45.69341844947926,44.924556306389164,45.053897857666016,3744400,OEF,2008,2,7,Thursday,45.3413,45.56407165527344,-1.12,0.28,-1.4,-1.12,1.4
2008-02-15,44.7592855432455,45.08263940978982,44.69461476993663,45.068267822265625,2813700,OEF,2008,2,7,Friday,44.9012,45.053897857666016,0.03,-0.65,-0.8,0.03,0.8
2008-02-19,45.54970351955387,45.6000027051731,44.78084140668856,44.91018295288086,2124300,OEF,2008,2,8,Tuesday,45.2102,45.068267822265625,-0.35,1.07,-0.64,-0.35,0.64
2008-02-20,44.55091056378904,45.35570043872352,44.493424202171994,45.11857604980469,3791500,OEF,2008,2,8,Wednesday,44.8797,44.91018295288086,0.46,-0.8,-0.93,0.46,0.93
2008-02-21,45.362884243284604,45.485038641018825,44.58683486555992,44.70899200439453,1757400,OEF,2008,2,8,Thursday,45.0359,45.11857604980469,-0.91,0.54,-1.18,-0.91,1.18
2008-02-22,44.95328652666928,45.12574005126953,44.191609026570035,45.12574005126953,4351400,OEF,2008,2,8,Friday,44.8491,44.70899200439453,0.93,0.55,-1.16,0.93,1.16
2008-02-25,45.068274189430156,45.65030849033866,44.8024038943209,45.5137825012207,1577100,OEF,2008,2,9,Monday,45.2587,45.12574005126953,0.86,-0.13,-0.72,0.86,0.72
2008-02-26,45.26228949157818,46.059892205673734,45.26228949157818,45.829952239990234,4044500,OEF,2008,2,9,Tuesday,45.6036,45.5137825012207,0.69,-0.55,-0.55,0.69,0.55
2008-02-27,45.62874280992521,46.13173463227285,45.5209572816508,45.93772506713867,2732600,OEF,2008,2,9,Wednesday,45.8048,45.829952239990234,0.24,-0.44,-0.67,0.24,0.67
2008-02-28,45.621558778992465,45.829939932426015,45.40598772059244,45.52814483642578,1876600,OEF,2008,2,9,Thursday,45.5964,45.93772506713867,-0.89,-0.69,-1.16,-0.89,1.16
2008-02-29,45.010782751666554,45.132939878544704,44.19162142720176,44.40000534057617,3944800,OEF,2008,2,9,Friday,44.6838,45.52814483642578,-2.48,-1.14,-2.94,-2.48,2.94
2008-03-03,44.35689382239264,44.471863793166776,44.00479948612826,44.37126541137695,3686500,OEF,2008,3,10,Monday,44.3012,44.40000534057617,-0.06,-0.1,-0.89,-0.06,0.89
2008-03-04,43.94014832526593,44.30661441413957,43.552123472739815,44.17727279663086,2474400,OEF,2008,3,10,Tuesday,43.994,44.37126541137695,-0.44,-0.97,-1.85,-0.44,1.85
2008-03-05,44.414379179424685,44.744917495328764,43.97605531911262,44.47186279296875,3278200,OEF,2008,3,10,Wednesday,44.4018,44.17727279663086,0.67,0.54,-0.46,0.67,0.46
2008-03-06,44.20601009058938,44.23475327755747,43.38684844970703,43.38684844970703,1189100,OEF,2008,3,10,Thursday,43.8036,44.47186279296875,-2.44,-0.6,-2.44,-2.44,2.44
2008-03-07,43.20719309132947,43.84671370993289,42.826352845016004,43.19282150268555,3012800,OEF,2008,3,10,Friday,43.2683,43.38684844970703,-0.45,-0.41,-1.29,-0.45,1.29
2008-03-10,43.20717997123937,43.31496274168964,42.5892155526999,42.704185485839844,1604600,OEF,2008,3,11,Monday,42.9539,43.19282150268555,-1.13,0.03,-1.4,-1.13,1.4
2008-03-11,43.76767197665319,44.249110609344655,43.14252293764217,44.220367431640625,4000700,OEF,2008,3,11,Tuesday,43.8449,42.704185485839844,3.55,2.49,1.03,3.55,-1.03
2008-03-12,44.24191705506204,44.67305369395763,43.82515200294295,43.83233642578125,1670400,OEF,2008,3,11,Wednesday,44.1431,44.220367431640625,-0.88,0.05,-0.89,-0.88,0.89
2008-03-13,43.279045249754084,44.270662867645406,42.998806143656545,43.99760818481445,5504600,OEF,2008,3,11,Thursday,43.6365,43.83233642578125,0.38,-1.26,-1.9,0.38,1.9
2008-03-14,44.34971087957153,44.34971087957153,42.68982930130441,43.200008392333984,2371500,OEF,2008,3,11,Friday,43.6473,43.99760818481445,-1.81,0.8,-2.97,-1.81,2.97
2008-03-17,42.40958523693075,43.32216050373396,42.05030376532791,43.08503341674805,2471100,OEF,2008,3,12,Monday,42.7168,43.200008392333984,-0.27,-1.83,-2.66,-0.27,2.66
2008-03-18,43.85389068927991,44.75209426879883,43.63113795586308,44.75209426879883,1690400,OEF,2008,3,12,Tuesday,44.2473,43.08503341674805,3.87,1.78,1.27,3.87,-1.27
2008-03-19,45.03951879972384,45.06826197104049,43.7029914855957,43.7029914855957,2169600,OEF,2008,3,12,Wednesday,44.3784,44.75209426879883,-2.34,0.64,-2.34,-2.34,2.34
2008-03-20,43.97606718428308,44.96768514064376,43.73894001904642,44.938941955566406,1148700,OEF,2008,3,12,Thursday,44.4054,43.7029914855957,2.83,0.62,0.08,2.83,-0.08
2008-03-24,45.154500985657265,45.80839323433871,45.068274189430156,45.5137825012207,1476500,OEF,2008,3,13,Monday,45.3862,44.938941955566406,1.28,0.48,0.29,1.28,-0.29
2008-03-25,45.604131700765116,45.8137566795742,45.09814141852516,45.38727951049805,2863000,OEF,2008,3,13,Tuesday,45.4758,45.5137825012207,-0.28,0.2,-0.91,-0.28,0.91
2008-03-26,45.24995001314247,45.24995001314247,44.801788330078125,44.801788330078125,1071200,OEF,2008,3,13,Wednesday,45.0259,45.38727951049805,-1.29,-0.3,-1.29,-1.29,1.29
2008-03-27,45.184884987884836,45.184884987884836,44.49818679563136,44.59938430786133,1060200,OEF,2008,3,13,Thursday,44.8668,44.801788330078125,-0.45,0.86,-0.68,-0.45,0.68
2008-03-28,44.73671902520872,44.830689316283255,44.11507407374277,44.18013000488281,1923100,OEF,2008,3,13,Friday,44.4657,44.59938430786133,-0.94,0.31,-1.09,-0.94,1.09
2008-03-31,44.12953375884191,44.6861228107641,44.12953375884191,44.34638595581055,4635300,OEF,2008,3,14,Monday,44.3229,44.18013000488281,0.38,-0.11,-0.11,0.38,0.11
2008-04-01,45.0258740673276,45.99448343052929,44.9463609262741,45.98002624511719,1334200,OEF,2008,4,14,Tuesday,45.4867,44.34638595581055,3.68,1.53,1.35,3.68,-1.35
2008-04-02,46.14627612021152,46.24747365272932,45.66197009790011,45.849910736083984,1139000,OEF,2008,4,14,Wednesday,45.9764,45.98002624511719,-0.28,0.36,-0.69,-0.28,0.69
2008-04-03,45.625818773490586,46.08843754189005,45.55353562496268,45.828216552734375,1139000,OEF,2008,4,14,Thursday,45.774,45.849910736083984,-0.05,-0.49,-0.65,-0.05,0.65
2008-04-04,45.98726360835725,46.16074711416362,45.58247335718702,45.80655288696289,902900,OEF,2008,4,14,Friday,45.8843,45.828216552734375,-0.05,0.35,-0.54,-0.05,0.54
2008-04-07,46.218532830795716,46.37756176682928,45.828200108410826,45.92939758300781,961400,OEF,2008,4,15,Monday,46.0884,45.80655288696289,0.27,0.9,0.05,0.27,-0.05
2008-04-08,45.62582708747934,45.82822490360428,45.5246295581298,45.71257019042969,982200,OEF,2008,4,15,Tuesday,45.6728,45.92939758300781,-0.47,-0.66,-0.88,-0.47,0.88
2008-04-09,45.777620513899755,45.81376209030849,45.192117049346386,45.45956802368164,1525700,OEF,2008,4,15,Wednesday,45.5608,45.71257019042969,-0.55,0.14,-1.14,-0.55,1.14
2008-04-10,45.38728754465986,45.828221972128524,45.271632838883306,45.49571228027344,843200,OEF,2008,4,15,Thursday,45.4957,45.45956802368164,0.08,-0.16,-0.41,0.08,0.41
2008-04-11,44.99695431862939,45.13429342749086,44.483736706255335,44.58493423461914,751400,OEF,2008,4,15,Friday,44.8,45.49571228027344,-2.0,-1.1,-2.22,-2.0,2.22
2008-04-14,44.556009207890874,44.56323917671625,44.26687387565501,44.404212951660156,443100,OEF,2008,4,16,Monday,44.4476,44.58493423461914,-0.41,-0.06,-0.71,-0.41,0.71
2008-04-15,44.57769983546122,44.6499857467011,44.230735733786496,44.635528564453125,841100,OEF,2008,4,16,Tuesday,44.5235,44.404212951660156,0.52,0.39,-0.39,0.52,0.39
2008-04-16,45.004167026295285,45.647499084472656,44.92465667779803,45.647499084472656,1524500,OEF,2008,4,16,Wednesday,45.306,44.635528564453125,2.27,0.83,0.65,2.27,-0.65
2008-04-17,45.36559753332014,45.654735658257124,45.27162998652731,45.58967971801758,920900,OEF,2008,4,16,Thursday,45.4704,45.647499084472656,-0.13,-0.62,-0.82,-0.13,0.82
2008-04-18,46.35589529735404,46.623349052458885,46.21132897910098,46.4426383972168,1122700,OEF,2008,4,16,Friday,46.4083,45.58967971801758,1.87,1.68,1.36,1.87,-1.36
2008-04-21,46.16073136710834,46.44986952567479,46.10290263242471,46.377586364746094,537900,OEF,2008,4,17,Monday,46.2728,46.4426383972168,-0.14,-0.61,-0.73,-0.14,0.73
2008-04-22,46.22577136399219,46.27636735324267,45.87880734789328,46.11734390258789,1385800,OEF,2008,4,17,Tuesday,46.1246,46.377586364746094,-0.56,-0.33,-1.08,-0.56,1.08
2008-04-23,46.290829390417116,46.47153999600985,45.98000692820361,46.175174713134766,630800,OEF,2008,4,17,Wednesday,46.2294,46.11734390258789,0.13,0.38,-0.3,0.13,0.3
2008-04-24,46.363123956771695,46.93417027297214,46.04507420521198,46.579978942871094,930900,OEF,2008,4,17,Thursday,46.4806,46.175174713134766,0.88,0.41,-0.28,0.88,0.28
2008-04-25,46.76067410665063,46.80404288356695,46.21131236802927,46.76789855957031,981400,OEF,2008,4,17,Friday,46.636,46.579978942871094,0.4,0.39,-0.79,0.4,0.79
2008-04-28,46.832975339352274,46.89802852986788,46.58720597386163,46.68117904663086,814100,OEF,2008,4,18,Monday,46.7498,46.76789855957031,-0.19,0.14,-0.39,-0.19,0.39
2008-04-29,46.57999356886052,46.789618650617925,46.449881639316374,46.630592346191406,613300,OEF,2008,4,18,Tuesday,46.6125,46.68117904663086,-0.11,-0.22,-0.5,-0.11,0.5
2008-04-30,46.659480162884726,47.17269761650832,46.41371087370091,46.50045394897461,1769600,OEF,2008,4,18,Wednesday,46.6866,46.630592346191406,-0.28,0.06,-0.47,-0.28,0.47
2008-05-01,46.46432366722005,47.31727819659638,46.40649493289076,47.2811393737793,1201000,OEF,2008,5,18,Thursday,46.8673,46.50045394897461,1.68,-0.08,-0.2,1.68,0.2
2008-05-02,47.736528127893145,47.758212524499065,47.12933744866919,47.37510681152344,1196900,OEF,2008,5,18,Friday,47.4998,47.2811393737793,0.2,0.96,-0.32,0.2,0.32
2008-05-05,47.25222794985968,47.46907744482418,47.06428730900886,47.17993927001953,769600,OEF,2008,5,19,Monday,47.2414,47.37510681152344,-0.41,-0.26,-0.66,-0.41,0.66
2008-05-06,46.869108248570825,47.50521322144707,46.76068627805873,47.396785736083984,1130100,OEF,2008,5,19,Tuesday,47.1329,47.17993927001953,0.46,-0.66,-0.89,0.46,0.89
2008-05-07,47.353426459639536,47.46907842303348,46.51492628691202,46.56552505493164,1293300,OEF,2008,5,19,Wednesday,46.9757,47.396785736083984,-1.75,-0.09,-1.86,-1.75,1.86
2008-05-08,46.67393918623117,46.88356416933861,46.46431420312374,46.75345230102539,1085800,OEF,2008,5,19,Thursday,46.6938,46.56552505493164,0.4,0.23,-0.22,0.4,0.22
2008-05-09,46.26194459980963,46.57276726068375,46.24748741123098,46.42097091674805,864300,OEF,2008,5,19,Friday,46.3758,46.75345230102539,-0.71,-1.05,-1.08,-0.71,1.08
2008-05-12,46.44986132017104,46.89079569325091,46.36311823346902,46.82573699951172,926300,OEF,2008,5,20,Monday,46.6324,46.42097091674805,0.87,0.06,-0.12,0.87,0.12
2008-05-13,46.82573822348809,46.89079691892785,46.572744440890915,46.72454071044922,1520700,OEF,2008,5,20,Tuesday,46.7535,46.82573699951172,-0.22,0.0,-0.54,-0.22,0.54
2008-05-14,46.89079396436593,47.27389959885251,46.87633402635672,46.88356399536133,626200,OEF,2008,5,20,Wednesday,46.9811,46.72454071044922,0.34,0.36,0.32,0.34,-0.32
2008-05-15,46.92694239387841,47.40402117861521,46.81129044036295,47.37510681152344,640400,OEF,2008,5,20,Thursday,47.1293,46.88356399536133,1.05,0.09,-0.15,1.05,0.15
2008-05-16,47.541368066905335,47.541368066905335,47.057064719182115,47.31005859375,767300,OEF,2008,5,20,Friday,47.3625,47.37510681152344,-0.14,0.35,-0.67,-0.14,0.67
2008-05-19,47.33896020263359,47.837723360045764,47.273907015937056,47.4473876953125,663000,OEF,2008,5,21,Monday,47.4745,47.31005859375,0.29,0.06,-0.08,0.29,0.08
2008-05-20,47.187157565567624,47.23052635085949,46.73176877545115,46.912479400634766,1297000,OEF,2008,5,21,Tuesday,47.0155,47.4473876953125,-1.13,-0.55,-1.51,-1.13,1.51
2008-05-21,47.02815460161372,47.049839004988655,46.066775033826836,46.139060974121094,1210700,OEF,2008,5,21,Wednesday,46.571,46.912479400634766,-1.65,0.25,-1.8,-1.65,1.8
2008-05-22,46.160730950021666,46.46432353209007,46.15350097953862,46.298072814941406,1024900,OEF,2008,5,21,Thursday,46.2692,46.139060974121094,0.34,0.05,0.03,0.34,-0.03
2008-05-23,46.139043788581844,46.16072818387994,45.611366271972656,45.611366271972656,960000,OEF,2008,5,21,Friday,45.8806,46.298072814941406,-1.48,-0.34,-1.48,-1.48,1.48
2008-05-27,45.63305181980738,46.088440649605424,45.59691024310642,45.97278594970703,1777300,OEF,2008,5,22,Tuesday,45.8228,45.611366271972656,0.79,0.05,-0.03,0.79,0.03
2008-05-28,46.20410600319948,46.20410600319948,45.705345511901264,46.153507232666016,500600,OEF,2008,5,22,Wednesday,46.0668,45.97278594970703,0.39,0.5,-0.58,0.39,0.58
2008-05-29,45.95831577655324,46.71729689947195,45.95831577655324,46.39925003051758,737600,OEF,2008,5,22,Thursday,46.2583,46.153507232666016,0.53,-0.42,-0.42,0.53,0.42
2008-05-30,46.529378908611946,46.65949079374208,46.34143829345703,46.34143829345703,1093400,OEF,2008,5,22,Friday,46.4679,46.39925003051758,-0.12,0.28,-0.12,-0.12,0.12
2008-06-02,46.2257902782307,46.26193186101191,45.66920107963678,45.907737731933594,668900,OEF,2008,6,23,Monday,46.0162,46.34143829345703,-0.94,-0.25,-1.45,-0.94,1.45
2008-06-03,46.12457776074985,46.13903494065139,45.380048161658785,45.618587493896484,1292300,OEF,2008,6,23,Tuesday,45.8156,45.907737731933594,-0.63,0.47,-1.15,-0.63,1.15
2008-06-04,45.546320121616496,45.92219867968015,45.40898099282306,45.604148864746094,1215600,OEF,2008,6,23,Wednesday,45.6204,45.618587493896484,-0.03,-0.16,-0.46,-0.03,0.46
2008-06-05,45.75594376889614,46.543842446479374,45.69088781359381,46.44987487792969,1075900,OEF,2008,6,23,Thursday,46.1101,45.604148864746094,1.85,0.33,0.19,1.85,-0.19
2008-06-06,46.12457186956427,46.14625625793442,44.9969367980957,44.9969367980957,1684800,OEF,2008,6,23,Friday,45.5662,46.44987487792969,-3.13,-0.7,-3.13,-3.13,3.13
2008-06-09,45.11261430354327,45.358380940049344,44.70059417137516,45.062015533447266,987700,OEF,2008,6,24,Monday,45.0584,44.9969367980957,0.14,0.26,-0.66,0.14,0.66
2008-06-10,44.69334767990804,45.32221980658401,44.628291752498455,44.91742706298828,1141900,OEF,2008,6,24,Tuesday,44.8903,45.062015533447266,-0.32,-0.82,-0.96,-0.32,0.96
2008-06-11,44.888526176099695,44.9969536734639,44.28133825719688,44.29579544067383,1436900,OEF,2008,6,24,Wednesday,44.6157,44.91742706298828,-1.38,-0.06,-1.42,-1.38,1.42
2008-06-12,44.45481986217552,44.837925557473326,44.129540140967144,44.418678283691406,1403900,OEF,2008,6,24,Thursday,44.4602,44.29579544067383,0.28,0.36,-0.38,0.28,0.38
2008-06-13,44.75839958084915,45.05476760864258,44.42589274237224,45.05476760864258,1196100,OEF,2008,6,24,Friday,44.8235,44.418678283691406,1.43,0.76,0.02,1.43,-0.02
2008-06-16,44.83792424675091,45.155976745935284,44.67890075458433,44.95357894897461,899000,OEF,2008,6,25,Monday,44.9066,45.05476760864258,-0.22,-0.48,-0.83,-0.22,0.83
2008-06-17,45.16319777601139,45.184882168014425,44.64275030853656,44.65720748901367,1081100,OEF,2008,6,25,Tuesday,44.912,44.95357894897461,-0.66,0.47,-0.69,-0.66,0.69
2008-06-18,44.40421859215416,44.490958927100685,44.057254494942526,44.281333923339844,1346400,OEF,2008,6,25,Wednesday,44.3084,44.65720748901367,-0.84,-0.57,-1.34,-0.84,1.34
2008-06-19,44.180140730284045,44.47650609799698,43.934374126027535,44.29579544067383,1822800,OEF,2008,6,25,Thursday,44.2217,44.281333923339844,0.03,-0.23,-0.78,0.03,0.78
2008-06-20,43.95606032799479,44.01388630322444,43.37778403114387,43.46452713012695,1413300,OEF,2008,6,25,Friday,43.7031,44.29579544067383,-1.88,-0.77,-2.07,-1.88,2.07
2008-06-23,43.58017253177568,43.65245567473362,43.3633203454767,43.486202239990234,686500,OEF,2008,6,26,Monday,43.5205,43.46452713012695,0.05,0.27,-0.23,0.05,0.23
2008-06-24,43.03081978190589,43.62355050276507,42.85010912902381,43.18984603881836,1079500,OEF,2008,6,26,Tuesday,43.1736,43.486202239990234,-0.68,-1.05,-1.46,-0.68,1.46
2008-06-25,43.56726503240858,44.25084322309855,43.56726503240858,43.792701721191406,1439800,OEF,2008,6,26,Wednesday,43.7945,43.18984603881836,1.4,0.87,0.87,1.4,-0.87
2008-06-26,43.18910554514148,43.38545305124407,42.476438360450246,42.50552749633789,1240800,OEF,2008,6,26,Thursday,42.8891,43.792701721191406,-2.94,-1.38,-3.01,-2.94,3.01
2008-06-27,42.49099861006048,42.6728016153152,42.04012793377502,42.29465103149414,2825600,OEF,2008,6,26,Friday,42.3746,42.50552749633789,-0.5,-0.03,-1.09,-0.5,1.09
2008-06-30,42.20010801881441,42.62189227586234,42.09102789219724,42.28010177612305,1152200,OEF,2008,6,27,Monday,42.2983,42.29465103149414,-0.03,-0.22,-0.48,-0.03,0.48
2008-07-01,41.90922741397854,42.570990208443945,41.74923988979123,42.4764518737793,2036700,OEF,2008,7,27,Tuesday,42.1765,42.28010177612305,0.46,-0.88,-1.26,0.46,1.26
2008-07-02,42.54918247920085,42.80370840096266,41.92378234863281,41.92378234863281,2081000,OEF,2008,7,27,Wednesday,42.3001,42.4764518737793,-1.3,0.17,-1.3,-1.3,1.3
2008-07-03,42.2364725562926,42.360097259648576,41.69106357870056,42.16374969482422,1757300,OEF,2008,7,27,Thursday,42.1128,41.92378234863281,0.57,0.75,-0.56,0.57,0.56
2008-07-07,42.27282747346457,42.469175014477436,41.37835719157915,41.77104949951172,2227500,OEF,2008,7,28,Monday,41.9729,42.16374969482422,-0.93,0.26,-1.86,-0.93,1.86
2008-07-08,41.712878223727316,42.52008393842708,41.58197984977095,42.44009017944336,2825600,OEF,2008,7,28,Tuesday,42.0638,41.77104949951172,1.6,-0.14,-0.45,1.6,0.45
2008-07-09,42.46190351501918,42.658251066079515,41.53834404481388,41.58924865722656,1813400,OEF,2008,7,28,Wednesday,42.0619,42.44009017944336,-2.0,0.05,-2.12,-2.0,2.12
2008-07-10,41.42925005342272,41.9528405735576,41.261991700898434,41.83648681640625,1827600,OEF,2008,7,28,Thursday,41.6201,41.58924865722656,0.59,-0.38,-0.79,0.59,0.79
2008-07-11,41.291088642254195,41.938306755667135,40.927482711204846,41.36381149291992,2645900,OEF,2008,7,28,Friday,41.3802,41.83648681640625,-1.13,-1.3,-2.17,-1.13,2.17
2008-07-14,41.741973113941235,41.851053257858545,40.84022894411805,40.992942810058594,1967100,OEF,2008,7,29,Monday,41.3565,41.36381149291992,-0.9,0.91,-1.27,-0.9,1.27
2008-07-15,40.54205147451644,41.203813997486556,40.07663643956064,40.512962341308594,2925400,OEF,2008,7,29,Tuesday,40.5839,40.992942810058594,-1.17,-1.1,-2.24,-1.17,2.24
2008-07-16,40.491163177167124,41.661974906186174,40.47661860470865,41.654701232910156,2383900,OEF,2008,7,29,Wednesday,41.0711,40.512962341308594,2.82,-0.05,-0.09,2.82,0.09
2008-07-17,41.894701395953426,42.36738773043535,41.64017542437566,42.2437629699707,2522400,OEF,2008,7,29,Thursday,42.0365,41.654701232910156,1.41,0.58,-0.03,1.41,0.03
2008-07-18,42.389174952336184,42.389174952336184,41.99647992877833,42.309181213378906,1253700,OEF,2008,7,29,Friday,42.271,42.2437629699707,0.15,0.34,-0.59,0.15,0.59
2008-07-21,42.48372449808899,42.62189655607714,42.08375844547346,42.214656829833984,1975200,OEF,2008,7,30,Monday,42.351,42.309181213378906,-0.22,0.41,-0.53,-0.22,0.53
2008-07-22,41.7855961685489,42.97095237237404,41.7855961685489,42.920047760009766,1587000,OEF,2008,7,30,Tuesday,42.3655,42.214656829833984,1.67,-1.02,-1.02,1.67,1.02
2008-07-23,42.94186913569035,43.48727814954101,42.89823819000226,43.18185043334961,2088600,OEF,2008,7,30,Wednesday,43.1273,42.920047760009766,0.61,0.05,-0.05,0.61,0.05
2008-07-24,43.10912513871315,43.290928133089096,42.09830093383789,42.09830093383789,2139000,OEF,2008,7,30,Thursday,42.6492,43.18185043334961,-2.51,-0.17,-2.51,-2.51,2.51
2008-07-25,42.316475866924364,42.54191264199178,42.09831276716891,42.32374954223633,1317500,OEF,2008,7,30,Friday,42.3201,42.09830093383789,0.54,0.52,0.0,0.54,-0.0
2008-07-28,42.18556324379809,42.381910799674785,41.43653583641522,41.443809509277344,1248700,OEF,2008,7,31,Monday,41.862,42.32374954223633,-2.08,-0.33,-2.1,-2.08,2.1
2008-07-29,41.57471246524197,42.447367498916236,41.56017066513032,42.338287353515625,1229600,OEF,2008,7,31,Tuesday,41.9801,41.443809509277344,2.16,0.32,0.28,2.16,-0.28
2008-07-30,42.665526509917676,43.24729832648567,42.58553552052851,43.23275375366211,2114100,OEF,2008,7,31,Wednesday,42.9328,42.338287353515625,2.11,0.77,0.58,2.11,-0.58
2008-07-31,42.88369063420701,43.232752045903176,42.50554007801278,42.614620208740234,1725700,OEF,2008,7,31,Thursday,42.8092,43.23275375366211,-1.43,-0.81,-1.68,-1.43,1.68
2008-08-01,42.75278473412225,42.86186484565302,42.22919132167691,42.454627990722656,1596400,OEF,2008,8,31,Friday,42.5746,42.614620208740234,-0.38,0.32,-0.9,-0.38,0.9
2008-08-04,42.50555637121972,42.64372569940823,42.09831651442447,42.18558120727539,1408300,OEF,2008,8,32,Monday,42.3583,42.454627990722656,-0.63,0.12,-0.84,-0.63,0.84
2008-08-05,42.68734723874056,43.46546389844502,42.578264323266794,43.42910385131836,3622400,OEF,2008,8,32,Tuesday,43.04,42.18558120727539,2.95,1.19,0.93,2.95,-0.93
2008-08-06,43.341819007224444,43.69815398381955,43.14547427675564,43.618160247802734,1119500,OEF,2008,8,32,Wednesday,43.4509,43.42910385131836,0.44,-0.2,-0.65,0.44,0.65
2008-08-07,43.29820721326794,43.40001645897704,42.7600690621134,42.87642288208008,1224900,OEF,2008,8,32,Thursday,43.0837,43.618160247802734,-1.7,-0.73,-1.97,-1.7,1.97
2008-08-08,42.77460725610607,43.96723442639554,42.738247212932556,43.858154296875,1298000,OEF,2008,8,32,Friday,43.3346,42.87642288208008,2.29,-0.24,-0.32,2.29,0.32
2008-08-11,43.712720054486766,44.46902130910741,43.67636000407297,44.11268615722656,2392600,OEF,2008,8,33,Monday,43.9927,43.858154296875,0.58,-0.33,-0.41,0.58,0.41
2008-08-12,44.025399824755326,44.025399824755326,43.450901878900595,43.618160247802734,1245500,OEF,2008,8,33,Tuesday,43.78,44.11268615722656,-1.12,-0.2,-1.5,-1.12,1.5
2008-08-13,43.39272951078986,43.669070788962,43.03639725981148,43.436363220214844,1257700,OEF,2008,8,33,Wednesday,43.3836,43.618160247802734,-0.42,-0.52,-1.33,-0.42,1.33
2008-08-14,43.15276035511454,43.89451693082738,43.058222018008706,43.610904693603516,2025400,OEF,2008,8,33,Thursday,43.4291,43.436363220214844,0.4,-0.65,-0.87,0.4,0.87
2008-08-15,43.71270925809485,43.916327709396576,43.53090627683449,43.741798400878906,889500,OEF,2008,8,33,Friday,43.7254,43.610904693603516,0.3,0.23,-0.18,0.3,0.18
2008-08-18,43.8727054011581,43.92361002399889,42.95641664183613,43.16730880737305,892000,OEF,2008,8,34,Monday,43.48,43.741798400878906,-1.31,0.3,-1.8,-1.31,1.8
2008-08-19,42.89822981850366,42.96367899835722,42.57825481740041,42.716426849365234,875900,OEF,2008,8,34,Tuesday,42.7891,43.16730880737305,-1.04,-0.62,-1.36,-1.04,1.36
2008-08-20,42.89096866349477,43.03641163607004,42.476457994816315,42.978233337402344,808800,OEF,2008,8,34,Wednesday,42.8455,42.716426849365234,0.61,0.41,-0.56,0.61,0.56
2008-08-21,42.6146222236486,43.18184947180639,42.57099127893206,43.02913284301758,1126300,OEF,2008,8,34,Thursday,42.8491,42.978233337402344,0.12,-0.85,-0.95,0.12,0.95
2008-08-22,43.218206541736436,43.669077175360144,43.218206541736436,43.63271713256836,1284500,OEF,2008,8,34,Friday,43.4346,43.02913284301758,1.4,0.44,0.44,1.4,-0.44
2008-08-25,43.35636226203627,43.39272229346296,42.694599703337246,42.7673225402832,1159500,OEF,2008,8,35,Monday,43.0528,43.63271713256836,-1.98,-0.63,-2.15,-1.98,2.15
2008-08-26,42.76733383764076,43.03640147018587,42.600075429621185,42.92731857299805,1125900,OEF,2008,8,35,Tuesday,42.8328,42.7673225402832,0.37,0.0,-0.39,0.37,0.39
2008-08-27,42.869154812310306,43.32002554768686,42.77461646044142,43.160037994384766,721200,OEF,2008,8,35,Wednesday,43.031,42.92731857299805,0.54,-0.14,-0.36,0.54,0.36
2008-08-28,43.40001496153785,43.84361475175952,43.40001496153785,43.81452560424805,814600,OEF,2008,8,35,Thursday,43.6145,43.160037994384766,1.52,0.56,0.56,1.52,-0.56
2008-08-29,43.603626717457125,43.727254188257035,43.210931608930395,43.240020751953125,942000,OEF,2008,8,35,Friday,43.4455,43.81452560424805,-1.31,-0.48,-1.38,-1.31,1.38
2008-09-02,43.74907228095563,44.00359536242812,42.97822658920626,43.138214111328125,925200,OEF,2008,9,36,Tuesday,43.4673,43.240020751953125,-0.24,1.18,-0.61,-0.24,0.61
2008-09-03,42.9927707359858,43.29820120482273,42.81096774413561,43.20366287231445,1304600,OEF,2008,9,36,Wednesday,43.0764,43.138214111328125,0.15,-0.34,-0.76,0.15,0.76
2008-09-04,42.77461314822152,42.92732701504239,41.80014887683615,41.814693450927734,2218900,OEF,2008,9,36,Thursday,42.3292,43.20366287231445,-3.21,-0.99,-3.25,-3.21,3.25
2008-09-05,41.545630307855774,42.06922116193033,41.225655191044154,41.981956481933594,1304000,OEF,2008,9,36,Friday,41.7056,41.814693450927734,0.4,-0.64,-1.41,0.4,1.41
2008-09-08,42.920039636146214,43.47271936895904,42.22191699235334,42.992759704589844,2010800,OEF,2008,9,37,Monday,42.9019,41.981956481933594,2.41,2.23,0.57,2.41,-0.57
2008-09-09,42.767353998181214,43.1236864519958,41.66926193237305,41.66926193237305,2670000,OEF,2008,9,37,Tuesday,42.3074,42.992759704589844,-3.08,-0.52,-3.08,-3.08,3.08
2008-09-10,42.01830306187359,42.28009979201875,41.596521598712265,41.85831832885742,1404400,OEF,2008,9,37,Wednesday,41.9383,41.66926193237305,0.45,0.84,-0.17,0.45,0.17
2008-09-11,41.30563768411462,42.454633882185,41.16019474113069,42.42554473876953,2370200,OEF,2008,9,37,Thursday,41.8365,41.85831832885742,1.36,-1.32,-1.67,1.36,1.67
2008-09-12,42.040113633871236,42.46189502006493,41.778316951499335,42.309181213378906,1776500,OEF,2008,9,37,Friday,42.1474,42.42554473876953,-0.27,-0.91,-1.53,-0.27,1.53
2008-09-15,40.9565735393338,41.78559465243624,40.360260009765625,40.360260009765625,4593900,OEF,2008,9,38,Monday,40.8657,42.309181213378906,-4.61,-3.2,-4.61,-4.61,4.61
2008-09-16,39.10219381772704,41.02930416247311,39.094920143444995,40.942039489746094,3634400,OEF,2008,9,38,Tuesday,40.0421,40.360260009765625,1.44,-3.12,-3.14,1.44,3.14
2008-09-17,40.134822042982144,40.63660000790605,38.90583498330455,38.927650451660156,4747200,OEF,2008,9,38,Wednesday,39.6512,40.942039489746094,-4.92,-1.97,-4.97,-4.92,4.97
2008-09-18,39.70577689768264,40.92749336598923,38.32407566444831,40.31663513183594,6408400,OEF,2008,9,38,Thursday,39.8185,38.927650451660156,3.57,2.0,-1.55,3.57,1.55
2008-09-19,41.45107650756836,41.45107650756836,37.72047884514113,41.45107650756836,3564100,OEF,2008,9,38,Friday,40.5184,40.31663513183594,2.81,2.81,-6.44,2.81,6.44
2008-09-22,41.611062352859314,42.178286700081685,40.76022305793275,40.81840133666992,2167500,OEF,2008,9,39,Monday,41.342,41.45107650756836,-1.53,0.39,-1.67,-1.53,1.67
2008-09-23,40.8547630657291,41.349267359101646,40.163911234626894,40.25844955444336,3270800,OEF,2008,9,39,Tuesday,40.6566,40.81840133666992,-1.37,0.09,-1.6,-1.37,1.6
2008-09-24,40.636599266531384,40.71659301450003,39.960292018914956,40.23663330078125,2342400,OEF,2008,9,39,Wednesday,40.3875,40.25844955444336,-0.05,0.94,-0.74,-0.05,0.74
2008-09-25,40.25716016399962,41.524352118431985,40.25716016399962,41.158111572265625,3200500,OEF,2008,9,39,Thursday,40.7992,40.23663330078125,2.29,0.05,0.05,2.29,-0.05
2008-09-26,39.83962127550203,41.75139617919922,39.5832541710258,41.75139617919922,3465300,OEF,2008,9,39,Friday,40.7314,41.158111572265625,1.44,-3.2,-3.83,1.44,3.83
2008-09-29,40.76255583281465,40.916376123397676,37.905879721624004,38.05970001220703,4220900,OEF,2008,9,40,Monday,39.4111,41.75139617919922,-8.84,-2.37,-9.21,-8.84,9.21
2008-09-30,38.15493069348459,40.044729987304606,38.15493069348459,38.85078811645508,3290700,OEF,2008,9,40,Tuesday,38.8013,38.05970001220703,2.08,0.25,0.25,2.08,-0.25
2008-10-01,38.55777759620823,40.35235559057152,38.55777759620823,40.01541519165039,3342900,OEF,2008,10,40,Wednesday,39.3708,38.85078811645508,3.0,-0.75,-0.75,3.0,0.75
2008-10-02,39.905561376333,39.905561376333,38.63836968224683,38.73359298706055,3557800,OEF,2008,10,40,Thursday,39.2958,40.01541519165039,-3.2,-0.27,-3.44,-3.2,3.44
2008-10-03,39.531990190051665,40.125297857571425,38.18422538855866,38.25014877319336,4373300,OEF,2008,10,40,Friday,39.0229,38.73359298706055,-1.25,2.06,-1.42,-1.25,1.42
2008-10-06,36.85110505924376,37.52498596269598,35.22499700949896,37.06352233886719,4511300,OEF,2008,10,41,Monday,36.6662,38.25014877319336,-3.1,-3.66,-7.91,-3.1,7.91
2008-10-07,37.07086392028881,37.49570144803279,34.7488976933486,34.7708740234375,3501200,OEF,2008,10,41,Tuesday,36.0216,37.06352233886719,-6.19,0.02,-6.25,-6.19,6.25
2008-10-08,33.23265629910763,35.66449256467335,33.23265629910763,34.24348068237305,5047700,OEF,2008,10,41,Wednesday,34.0933,34.7708740234375,-1.52,-4.42,-4.42,-1.52,4.42
2008-10-09,34.95398363579725,35.093153977769674,31.672470084205592,31.8189640045166,5393400,OEF,2008,10,41,Thursday,33.3846,34.24348068237305,-7.08,2.07,-7.51,-7.08,7.51
2008-10-10,29.299239564144287,32.844447663173476,29.189366298101454,31.584579467773438,6117700,OEF,2008,10,41,Friday,30.7294,31.8189640045166,-0.74,-7.92,-8.26,-0.74,8.26
2008-10-13,33.54029410269309,35.25429916381836,32.45622293156488,35.25429916381836,2867100,OEF,2008,10,42,Monday,34.1263,31.584579467773438,11.62,6.19,2.76,11.62,-2.76
2008-10-14,37.04156691161403,37.52500429854509,33.88457254298943,34.8953971862793,4415300,OEF,2008,10,42,Tuesday,35.8366,35.25429916381836,-1.02,5.07,-3.89,-1.02,3.89
2008-10-15,33.85526381663712,34.21417784756266,31.738394730042582,31.811641693115234,5605800,OEF,2008,10,42,Wednesday,32.9049,34.8953971862793,-8.84,-2.98,-9.05,-8.84,9.05
2008-10-16,31.818964892596053,33.35717624652548,30.40527672743737,33.2473030090332,5930000,OEF,2008,10,42,Thursday,32.2072,31.811641693115234,4.51,0.02,-4.42,4.51,4.42
2008-10-17,32.53679933703143,34.52914822407776,32.28775852034345,32.859092712402344,4898400,OEF,2008,10,42,Friday,33.0532,33.2473030090332,-1.17,-2.14,-2.89,-1.17,2.89
2008-10-20,33.63551852551621,34.55844594026579,33.086157900515204,34.485198974609375,3083000,OEF,2008,10,43,Monday,33.9413,32.859092712402344,4.95,2.36,0.69,4.95,-0.69
2008-10-21,34.419273670753405,34.543794064272284,33.43774929698626,33.5256462097168,3462700,OEF,2008,10,43,Tuesday,33.9816,34.485198974609375,-2.78,-0.19,-3.04,-2.78,3.04
2008-10-22,33.25461872065809,33.25461872065809,30.91068035720433,31.789657592773438,7326000,OEF,2008,10,43,Wednesday,32.3024,33.5256462097168,-5.18,-0.81,-7.8,-5.18,7.8
2008-10-23,31.906872617907265,32.69062704599801,30.507834052473072,32.251136779785156,4159800,OEF,2008,10,43,Thursday,31.8391,31.789657592773438,1.45,0.37,-4.03,1.45,4.03
2008-10-24,30.7788538872201,31.862925499961555,30.017072928798502,31.108470916748047,4847300,OEF,2008,10,43,Friday,30.9418,32.251136779785156,-3.54,-4.57,-6.93,-3.54,6.93
2008-10-27,30.515154398309797,31.796995982386505,30.1122904592957,30.13426399230957,3397700,OEF,2008,10,44,Monday,30.6397,31.108470916748047,-3.13,-1.91,-3.2,-3.13,3.2
2008-10-28,31.130418859236592,33.569580078125,30.214818304553162,33.569580078125,2976600,OEF,2008,10,44,Tuesday,32.1211,30.13426399230957,11.4,3.31,0.27,11.4,-0.27
2008-10-29,33.49634977505885,34.42660081318638,32.61004859494266,32.67597198486328,4077200,OEF,2008,10,44,Wednesday,33.3022,33.569580078125,-2.66,-0.22,-2.86,-2.66,2.86
2008-10-30,34.00175990216004,34.05303613259838,32.86641513727546,33.723419189453125,3441500,OEF,2008,10,44,Thursday,33.6612,32.67597198486328,3.21,4.06,0.58,3.21,-0.58
2008-10-31,33.75272983302499,34.68297835470323,33.21801618057944,34.15559387207031,2262100,OEF,2008,10,44,Friday,33.9523,33.723419189453125,1.28,0.09,-1.5,1.28,1.5
2008-11-03,34.11895903420555,34.36799983859076,33.833289158095575,34.10430908203125,1612500,OEF,2008,11,45,Monday,34.1061,34.15559387207031,-0.15,-0.11,-0.94,-0.15,0.94
2008-11-04,35.10047892466953,35.45939574948741,34.55844469232318,35.32754898071289,2915800,OEF,2008,11,45,Tuesday,35.1115,34.10430908203125,3.59,2.92,1.33,3.59,-1.33
2008-11-05,35.06385569995785,35.16640256660182,33.36450043907693,33.379150390625,3002700,OEF,2008,11,45,Wednesday,34.2435,35.32754898071289,-5.52,-0.75,-5.56,-5.52,5.56
2008-11-06,33.32054269445932,33.510986415133786,31.66513502483325,31.9727783203125,4195800,OEF,2008,11,45,Thursday,32.6174,33.379150390625,-4.21,-0.18,-5.13,-4.21,5.13
2008-11-07,32.236490951864816,32.99827194213867,31.98744727405196,32.99827194213867,3414500,OEF,2008,11,45,Friday,32.5551,31.9727783203125,3.21,0.82,0.05,3.21,-0.05
2008-11-10,33.58425304120937,33.58425304120937,32.04604404473921,32.566104888916016,2027100,OEF,2008,11,46,Monday,32.9452,32.99827194213867,-1.31,1.78,-2.89,-1.31,2.89
2008-11-11,32.02407960263338,32.47821717339866,31.357521808986526,31.870256423950195,4881700,OEF,2008,11,46,Tuesday,31.9325,32.566104888916016,-2.14,-1.66,-3.71,-2.14,3.71
2008-11-12,31.15240459502947,31.489347854872772,30.192856625710483,30.368650436401367,3036900,OEF,2008,11,46,Wednesday,30.8008,31.870256423950195,-4.71,-2.25,-5.26,-4.71,5.26
2008-11-13,30.3393522871986,32.37565073691101,29.042863777418496,32.31705093383789,6235300,OEF,2008,11,46,Thursday,31.0187,30.368650436401367,6.42,-0.1,-4.37,6.42,4.37
2008-11-14,31.657815445464248,32.54411638538803,30.859411403549835,31.027881622314453,4150900,OEF,2008,11,46,Friday,31.5223,32.31705093383789,-3.99,-2.04,-4.51,-3.99,4.51
2008-11-17,30.632354653983107,31.328212150498526,30.134267359268488,30.244140625,3977000,OEF,2008,11,47,Monday,30.5847,31.027881622314453,-2.53,-1.27,-2.88,-2.53,2.88
2008-11-18,30.251453991931015,30.874064297215245,29.50432330210531,30.778841018676758,3023800,OEF,2008,11,47,Tuesday,30.3522,30.244140625,1.77,0.02,-2.45,1.77,2.45
2008-11-19,30.55911366050476,30.932677807637763,28.830457745346123,28.99892807006836,6533600,OEF,2008,11,47,Wednesday,29.8303,30.778841018676758,-5.78,-0.71,-6.33,-5.78,6.33
2008-11-20,28.58873135640203,29.53363247802559,26.896702104492043,26.96262550354004,6282700,OEF,2008,11,47,Thursday,27.9954,28.99892807006836,-7.02,-1.41,-7.25,-7.02,7.25
2008-11-21,27.673115385092174,28.823109670778564,26.61834435706533,28.574066162109375,5469700,OEF,2008,11,47,Friday,27.9222,26.96262550354004,5.98,2.64,-1.28,5.98,1.28
2008-11-24,29.29190997841172,31.02056241117391,29.064839912432852,30.22948455810547,3975500,OEF,2008,11,48,Monday,29.9017,28.574066162109375,5.79,2.51,1.72,5.79,-1.72
2008-11-25,30.969283513150607,31.115780213934602,29.87788882040377,30.515146255493164,3179000,OEF,2008,11,48,Tuesday,30.6195,30.22948455810547,0.94,2.45,-1.16,0.94,1.16
2008-11-26,30.16355064917152,31.555264875364674,29.914507139037745,31.518638610839844,3419300,OEF,2008,11,48,Wednesday,30.788,30.515146255493164,3.29,-1.15,-1.97,3.29,1.97
2008-11-28,31.44538505367437,31.906848506511135,31.357488184531068,31.89219856262207,1044500,OEF,2008,11,48,Friday,31.6505,31.518638610839844,1.19,-0.23,-0.51,1.19,0.51
2008-12-01,30.961958214846344,31.152401959347483,29.16738001690501,29.299226760864258,2687900,OEF,2008,12,49,Monday,30.1452,31.89219856262207,-8.13,-2.92,-8.54,-8.13,8.54
2008-12-02,29.636174523287586,30.47120224529829,29.240634193642716,30.33935546875,2131200,OEF,2008,12,49,Tuesday,29.9218,29.299226760864258,3.55,1.15,-0.2,3.55,0.2
2008-12-03,29.731386441276193,31.33551788330078,29.65081313152394,31.33551788330078,3294000,OEF,2008,12,49,Wednesday,30.5133,30.33935546875,3.28,-2.0,-2.27,3.28,2.27
2008-12-04,30.53711922881678,31.313549772955962,29.88521185605288,30.3320255279541,3491000,OEF,2008,12,49,Thursday,30.517,31.33551788330078,-3.2,-2.55,-4.63,-3.2,4.63
2008-12-05,29.892547007260344,31.525979104768084,29.40910971738896,31.328208923339844,2568400,OEF,2008,12,49,Friday,30.539,30.3320255279541,3.28,-1.45,-3.04,3.28,3.04
2008-12-08,32.14858649267825,32.90304093113942,31.98011621973026,32.48552703857422,7325800,OEF,2008,12,50,Monday,32.3793,31.328208923339844,3.69,2.62,2.08,3.69,-2.08
2008-12-09,32.21450429541813,32.661318017267,31.606546702388673,31.8189640045166,4172100,OEF,2008,12,50,Tuesday,32.0753,32.48552703857422,-2.05,-0.83,-2.71,-2.05,2.71
2008-12-10,32.08998412937301,32.33170133493535,31.518647218221904,31.936161041259766,2768300,OEF,2008,12,50,Wednesday,31.9691,31.8189640045166,0.37,0.85,-0.94,0.37,0.94
2008-12-11,31.59922626916031,32.13393700253701,31.020565674914163,31.225662231445312,2250300,OEF,2008,12,50,Thursday,31.4948,31.936161041259766,-2.22,-1.06,-2.87,-2.22,2.87
2008-12-12,30.346681435454407,31.54794956640789,30.19286112960631,31.503999710083008,4964400,OEF,2008,12,50,Friday,30.8979,31.225662231445312,0.89,-2.81,-3.31,0.89,3.31
2008-12-15,31.54062493911093,31.555274890732292,30.654321028270193,31.137758255004883,1688500,OEF,2008,12,51,Monday,31.222,31.503999710083008,-1.16,0.12,-2.7,-1.16,2.7
2008-12-16,32.53679275512695,32.58074260493036,31.276927796877285,32.53679275512695,3388600,OEF,2008,12,51,Tuesday,32.2328,31.137758255004883,4.49,4.49,0.45,4.49,-0.45
2008-12-17,32.01672895850388,32.54411592752427,31.78966174232497,32.002079010009766,5140000,OEF,2008,12,51,Wednesday,32.0881,32.53679275512695,-1.64,-1.6,-2.3,-1.64,2.3
2008-12-18,32.21450840935491,32.27310822031671,31.02789017930629,31.445404052734375,4033500,OEF,2008,12,51,Thursday,31.7402,32.002079010009766,-1.74,0.66,-3.04,-1.74,3.04
2008-12-19,31.496677766673407,32.03138847252542,31.174387186133135,31.291584014892578,3593000,OEF,2008,12,51,Friday,31.4985,31.445404052734375,-0.49,0.16,-0.86,-0.49,0.86
2008-12-22,31.232976847835673,31.438070551315523,30.3906257126919,30.888710021972656,2906200,OEF,2008,12,52,Monday,30.9876,31.291584014892578,-1.29,-0.19,-2.88,-1.29,2.88
2008-12-23,31.013240770078053,31.21833452365309,30.50050359194763,30.573753356933594,2131500,OEF,2008,12,52,Tuesday,30.8265,30.888710021972656,-1.02,0.4,-1.26,-1.02,1.26
2008-12-24,30.668992569679325,30.87571573512262,30.587779092857488,30.79450225830078,1622200,OEF,2008,12,52,Wednesday,30.7317,30.573753356933594,0.72,0.31,0.05,0.72,-0.05
2008-12-26,31.119352222118202,31.119352222118202,30.757583912044115,30.912626266479492,3341700,OEF,2008,12,52,Friday,30.9772,30.79450225830078,0.38,1.05,-0.12,0.38,0.12
2008-12-29,31.052908576262944,31.08243844489915,30.410585350665873,30.897863388061523,1479000,OEF,2008,12,1,Monday,30.8609,30.912626266479492,-0.05,0.45,-1.62,-0.05,1.62
2008-12-30,31.082435599737124,31.569713592529297,30.942159583281903,31.569713592529297,1980300,OEF,2008,12,1,Tuesday,31.291,30.897863388061523,2.17,0.6,0.14,2.17,-0.14
2008-12-31,31.52542683582218,32.17513195977128,31.503275909242618,31.894577026367188,2107100,OEF,2008,12,1,Wednesday,31.7746,31.569713592529297,1.03,-0.14,-0.21,1.03,0.21
2009-01-02,31.968393102142464,32.97248166789145,31.79120265900518,32.787906646728516,3597300,OEF,2009,1,1,Friday,32.38,31.894577026367188,2.8,0.23,-0.32,2.8,0.32
2009-01-05,32.706698669377936,32.93557274788673,32.381847591577646,32.67716598510742,3438300,OEF,2009,1,2,Monday,32.6753,32.787906646728516,-0.34,-0.25,-1.24,-0.34,1.24
2009-01-06,32.94294788978827,33.134907482574214,32.54426799783134,32.721458435058594,4354600,OEF,2009,1,2,Tuesday,32.8359,32.67716598510742,0.14,0.81,-0.41,0.14,0.41
2009-01-07,32.278487035179396,32.35970051129918,31.650930148321308,31.8428897857666,2463000,OEF,2009,1,2,Wednesday,32.033,32.721458435058594,-2.68,-1.35,-3.27,-2.68,3.27
2009-01-08,31.547576167294906,31.887193679809574,31.47374725288478,31.88719367980957,2422200,OEF,2009,1,2,Thursday,31.6989,31.8428897857666,0.14,-0.93,-1.16,0.14,1.16
2009-01-09,31.953620491541106,31.961005068117526,31.11195901083793,31.193172454833984,3057200,OEF,2009,1,2,Friday,31.5549,31.88719367980957,-2.18,0.21,-2.43,-2.18,2.43
2009-01-12,31.163653656729046,31.193186343402445,30.38105717462806,30.60254669189453,3997200,OEF,2009,1,3,Monday,30.8351,31.193172454833984,-1.89,-0.09,-2.6,-1.89,2.6
2009-01-13,30.4991897906783,30.82404094481822,30.34414457001856,30.580400466918945,4298400,OEF,2009,1,3,Tuesday,30.5619,30.60254669189453,-0.07,-0.34,-0.84,-0.07,0.84
2009-01-14,30.0266560254105,30.189082907058783,29.472931092217518,29.679656982421875,4598700,OEF,2009,1,3,Wednesday,29.8421,30.580400466918945,-2.95,-1.81,-3.62,-2.95,3.62
2009-01-15,29.561530745797523,29.81993460236938,28.727251011679975,29.568912506103516,4773300,OEF,2009,1,3,Thursday,29.4194,29.679656982421875,-0.37,-0.4,-3.21,-0.37,3.21
2009-01-16,30.041431300916457,30.09311208474835,29.037345489045798,29.65013313293457,5385800,OEF,2009,1,3,Friday,29.7055,29.568912506103516,0.27,1.6,-1.8,0.27,1.8
2009-01-20,29.347432903214997,29.50985984820142,28.203068158317667,28.23998260498047,5855500,OEF,2009,1,4,Tuesday,28.8251,29.65013313293457,-4.76,-1.02,-4.88,-4.76,4.88
2009-01-21,28.7567781155172,29.509844258446392,28.225201351945945,29.428630828857422,2993500,OEF,2009,1,4,Wednesday,28.9801,28.23998260498047,4.21,1.83,-0.05,4.21,0.05
2009-01-22,28.904446392757773,29.47293491956931,28.483615614193326,29.11855125427246,4509700,OEF,2009,1,4,Thursday,28.9949,29.428630828857422,-1.05,-1.78,-3.21,-1.05,3.21
2009-01-23,28.498380208466045,29.428639829223528,28.37287055445415,29.184999465942383,3571400,OEF,2009,1,4,Friday,28.8712,29.11855125427246,0.23,-2.13,-2.56,0.23,2.56
2009-01-26,29.362196321270126,29.901155074774394,29.074259723024564,29.376962661743164,3713100,OEF,2009,1,5,Monday,29.4286,29.184999465942383,0.66,0.61,-0.38,0.66,0.38
2009-01-27,29.502480111081717,29.827334054370706,29.310523267095487,29.627992630004883,5905700,OEF,2009,1,5,Tuesday,29.5671,29.376962661743164,0.85,0.43,-0.23,0.85,0.23
2009-01-28,30.314608944631434,30.69114082876708,30.085734855754055,30.51395034790039,2526200,OEF,2009,1,5,Wednesday,30.4014,29.627992630004883,2.99,2.32,1.54,2.99,-1.54
2009-01-29,30.04144056469807,30.166953090130473,29.554162440885946,29.591079711914062,4231600,OEF,2009,1,5,Thursday,29.8384,30.51395034790039,-3.02,-1.55,-3.15,-3.02,3.15
2009-01-30,29.753497549020416,29.797796574999314,28.86015498138418,28.956134796142578,2059300,OEF,2009,1,5,Friday,29.3419,29.591079711914062,-2.15,0.55,-2.47,-2.15,2.47
2009-02-02,28.675567453954415,29.192377933270347,28.579587680958042,29.007802963256836,2715600,OEF,2009,2,6,Monday,28.8638,28.956134796142578,0.18,-0.97,-1.3,0.18,1.3
2009-02-03,29.118559735871848,29.576307901221114,28.867537547787098,29.39911460876465,1501600,OEF,2009,2,6,Tuesday,29.2404,29.007802963256836,1.35,0.38,-0.48,1.35,0.48
2009-02-04,29.568921233977466,29.879008769783205,29.044728789410797,29.148090362548828,1798900,OEF,2009,2,6,Wednesday,29.4102,29.39911460876465,-0.85,0.58,-1.21,-0.85,1.21
2009-02-05,28.882315664851067,29.72397781026405,28.660826071278123,29.54678726196289,3690200,OEF,2009,2,6,Thursday,29.2035,29.148090362548828,1.37,-0.91,-1.67,1.37,1.67
2009-02-06,29.664909816054696,30.477039116322437,29.554163631294337,30.344144821166992,3016300,OEF,2009,2,6,Friday,30.0101,29.54678726196289,2.7,0.4,0.02,2.7,-0.02
2009-02-09,30.292439156390408,30.587760195767675,30.14478145309193,30.417951583862305,1818400,OEF,2009,2,7,Monday,30.3607,30.344144821166992,0.24,-0.17,-0.66,0.24,0.66
2009-02-10,30.122658855755,30.366299364689258,28.801100327858222,28.948760986328125,2312000,OEF,2009,2,7,Tuesday,29.5597,30.417951583862305,-4.83,-0.97,-5.32,-4.83,5.32
2009-02-11,29.192390090496712,29.362198795659435,28.815855417681874,29.177623748779297,2272000,OEF,2009,2,7,Wednesday,29.137,28.948760986328125,0.79,0.84,-0.46,0.79,0.46
2009-02-12,28.705108673898604,29.229301068915532,28.299044182214942,29.192386627197266,2713800,OEF,2009,2,7,Thursday,28.8565,29.177623748779297,0.05,-1.62,-3.01,0.05,3.01
2009-02-13,29.133338870472883,29.347446704756386,28.86016845703125,28.86016845703125,3341800,OEF,2009,2,7,Friday,29.0503,29.192386627197266,-1.14,-0.2,-1.14,-1.14,1.14
2009-02-17,27.937278253320674,28.195682183561935,27.6862560854899,27.69363784790039,2939300,OEF,2009,2,8,Tuesday,27.8782,28.86016845703125,-4.04,-3.2,-4.07,-4.04,4.07
2009-02-18,27.878212475556793,27.988958624815098,27.449999852300586,27.63457489013672,2245800,OEF,2009,2,8,Wednesday,27.7379,27.69363784790039,-0.21,0.67,-0.88,-0.21,0.88
2009-02-19,27.97419835669162,28.003731045090575,27.376176906769718,27.4426212310791,3507400,OEF,2009,2,8,Thursday,27.6992,27.63457489013672,-0.69,1.23,-0.94,-0.69,0.94
2009-02-20,26.962725787203865,27.40570481589193,26.541894865032614,27.051321029663086,4120400,OEF,2009,2,8,Friday,26.9904,27.4426212310791,-1.43,-1.75,-3.28,-1.43,3.28
2009-02-23,27.420471907549057,27.420471907549057,26.150594526603665,26.20227813720703,2491800,OEF,2009,2,9,Monday,26.7985,27.051321029663086,-3.14,1.36,-3.33,-3.14,3.33
2009-02-24,26.342558207827768,27.280200043490936,26.253962949391262,27.117773056030273,2007300,OEF,2009,2,9,Tuesday,26.7486,26.20227813720703,3.49,0.54,0.2,3.49,-0.2
2009-02-25,27.021789501064198,27.486919472588447,26.51974507829976,26.977493286132812,2282200,OEF,2009,2,9,Wednesday,27.0015,27.117773056030273,-0.52,-0.35,-2.21,-0.52,2.21
2009-02-26,27.317115511683532,27.501690616492205,26.541900634765625,26.541900634765625,1365100,OEF,2009,2,9,Thursday,26.9757,26.977493286132812,-1.61,1.26,-1.61,-1.61,1.61
2009-02-27,25.995540675875226,26.49020310903554,25.877412796020508,25.877412796020508,2955300,OEF,2009,2,9,Friday,26.0601,26.541900634765625,-2.5,-2.06,-2.5,-2.5,2.5
2009-03-02,25.360609386400075,25.60424979123095,24.821650607206706,24.865949630737305,3388100,OEF,2009,3,10,Monday,25.1631,25.877412796020508,-3.91,-2.0,-4.08,-3.91,4.08
2009-03-03,25.220338606523494,25.249871295009353,24.585399886038505,24.740442276000977,2424100,OEF,2009,3,10,Tuesday,24.949,24.865949630737305,-0.5,1.43,-1.13,-0.5,1.13
2009-03-04,25.08744154225283,25.56733781954951,24.75520587461604,25.13174057006836,2400100,OEF,2009,3,10,Wednesday,25.1354,24.740442276000977,1.58,1.4,0.06,1.58,-0.06
2009-03-05,24.637079703855523,24.902868256884016,23.98737748133262,24.186716079711914,2293400,OEF,2009,3,10,Thursday,24.4285,25.13174057006836,-3.76,-1.97,-4.55,-3.76,4.55
2009-03-06,24.43773552693755,24.755204838684012,23.6403727743684,24.25316047668457,2840200,OEF,2009,3,10,Friday,24.2716,24.186716079711914,0.27,1.04,-2.26,0.27,2.26
2009-03-09,23.89878068266262,24.65923193100025,23.869250810181256,23.994760513305664,2871800,OEF,2009,3,11,Monday,24.1055,24.25316047668457,-1.07,-1.46,-1.58,-1.07,1.58
2009-03-10,24.54109774284277,25.478736436488358,24.422969833820304,25.397525787353516,6294000,OEF,2009,3,11,Tuesday,24.9601,23.994760513305664,5.85,2.28,1.78,5.85,-1.78
2009-03-11,25.781449278803134,25.94387627222367,25.301555696303737,25.53042984008789,1554800,OEF,2009,3,11,Wednesday,25.6393,25.397525787353516,0.52,1.51,-0.38,0.52,0.38
2009-03-12,25.537796623162286,26.64524660193534,25.367987964384,26.549266815185547,1539400,OEF,2009,3,11,Thursday,26.0251,25.53042984008789,3.99,0.03,-0.64,3.99,0.64
2009-03-13,26.859361446981623,26.888891313844873,26.32778441395942,26.770763397216797,1692800,OEF,2009,3,11,Friday,26.7117,26.549266815185547,0.83,1.17,-0.83,0.83,0.83
2009-03-16,27.073467879614867,27.398321780874465,26.674787898856398,26.711702346801758,1344400,OEF,2009,3,12,Monday,26.9646,26.770763397216797,-0.22,1.13,-0.36,-0.22,0.36
2009-03-17,26.87412603366109,27.509061783829306,26.593571193843452,27.486913681030273,1177600,OEF,2009,3,12,Tuesday,27.1159,26.711702346801758,2.9,0.61,-0.44,2.9,0.44
2009-03-18,27.383550253826634,28.358106140306802,27.102995433054673,27.97418975830078,2479400,OEF,2009,3,12,Wednesday,27.7047,27.486913681030273,1.77,-0.38,-1.4,1.77,1.4
2009-03-19,28.535304465984723,28.535304465984723,27.48691669507061,27.575511932373047,1736700,OEF,2009,3,12,Thursday,28.0333,27.97418975830078,-1.43,2.01,-1.74,-1.43,1.74
2009-03-20,27.619813254979743,27.745325766616624,26.99964090953032,27.058706283569336,2053100,OEF,2009,3,12,Friday,27.3559,27.575511932373047,-1.87,0.16,-2.09,-1.87,2.09
2009-03-23,27.75271500386825,28.970911915753934,27.66411973534343,28.948760986328125,1535700,OEF,2009,3,13,Monday,28.3341,27.058706283569336,6.99,2.56,2.24,6.99,-2.24
2009-03-24,28.70511896347854,29.02997010999269,28.38026500057201,28.43194580078125,1294800,OEF,2009,3,13,Tuesday,28.6368,28.948760986328125,-1.79,-0.84,-1.96,-1.79,1.96
2009-03-25,28.682064442599053,29.12871133745549,27.937655790865314,28.734172821044922,2093000,OEF,2009,3,13,Wednesday,28.6207,28.43194580078125,1.06,0.88,-1.74,1.06,1.74
2009-03-26,29.084050720937498,29.299929948022132,28.696957815725295,29.232933044433594,1727400,OEF,2009,3,13,Thursday,29.0785,28.734172821044922,1.74,1.22,-0.13,1.74,0.13
2009-03-27,28.875613033686005,29.0542695245227,28.63740248610793,28.778839111328125,1290000,OEF,2009,3,13,Friday,28.8365,29.232933044433594,-1.55,-1.22,-2.04,-1.55,2.04
2009-03-30,28.026984285740934,28.108866844528237,27.520786222127022,27.803659439086914,2819600,OEF,2009,3,14,Monday,27.8651,28.778839111328125,-3.39,-2.61,-4.37,-3.39,4.37
2009-03-31,28.168416069881175,28.592728662343355,27.93764842638531,28.086530685424805,2033900,OEF,2009,3,14,Tuesday,28.1963,27.803659439086914,1.02,1.31,0.48,1.02,-0.48
2009-04-01,27.78132631070936,28.74161400278963,27.669663894535116,28.607620239257812,1583000,OEF,2009,4,14,Wednesday,28.2001,28.086530685424805,1.86,-1.09,-1.48,1.86,1.48
2009-04-02,29.32969347811003,29.746560384352573,29.151034204225496,29.255250930786133,2731600,OEF,2009,4,14,Thursday,29.3706,28.607620239257812,2.26,2.52,1.9,2.26,-1.9
2009-04-03,29.285024770719065,29.54556655883789,29.02448298260024,29.54556655883789,2627600,OEF,2009,4,14,Friday,29.3502,29.255250930786133,0.99,0.1,-0.79,0.99,0.79
2009-04-06,29.285034819302666,29.411582919899296,28.87561065190473,29.352031707763672,1692200,OEF,2009,4,15,Monday,29.2311,29.54556655883789,-0.66,-0.88,-2.27,-0.66,2.27
2009-04-07,28.92771283230652,29.031929560995128,28.689502355391735,28.696945190429688,1615100,OEF,2009,4,15,Tuesday,28.8365,29.352031707763672,-2.23,-1.45,-2.26,-2.23,2.26
2009-04-08,28.823502640296457,29.165929923556515,28.68206318526339,29.002159118652344,930100,OEF,2009,4,15,Wednesday,28.9184,28.696945190429688,1.06,0.44,-0.05,1.06,0.05
2009-04-09,29.709349583036563,30.051776885986328,29.605132824720865,30.051776885986328,870500,OEF,2009,4,15,Thursday,29.8545,29.002159118652344,3.62,2.44,2.08,3.62,-2.08
2009-04-13,29.754010709670858,30.267651587873367,29.672125314661777,29.98477554321289,1062200,OEF,2009,4,16,Monday,29.9196,30.051776885986328,-0.22,-0.99,-1.26,-0.22,1.26
2009-04-14,29.813571840402567,29.969897006709957,29.433924602271162,29.575361251831055,2344400,OEF,2009,4,16,Tuesday,29.6982,29.98477554321289,-1.37,-0.57,-1.84,-1.37,1.84
2009-04-15,29.322255714208257,29.902893541517383,29.299924363832858,29.873119354248047,1661400,OEF,2009,4,16,Wednesday,29.5995,29.575361251831055,1.01,-0.86,-0.93,1.01,0.93
2009-04-16,30.014554628643054,30.43886730493525,29.67212735298505,30.22298812866211,2532300,OEF,2009,4,16,Thursday,30.0871,29.873119354248047,1.17,0.47,-0.67,1.17,0.67
2009-04-17,30.364423390662676,30.550525515626738,30.103878711897146,30.37186622619629,1358700,OEF,2009,4,16,Friday,30.3477,30.22298812866211,0.49,0.47,-0.39,0.49,0.39
2009-04-20,29.746563971727813,29.86566922211708,29.017043958131907,29.03937530517578,1535100,OEF,2009,4,17,Monday,29.4172,30.37186622619629,-4.39,-2.06,-4.46,-4.39,4.46
2009-04-21,28.927717692356815,29.67956910399277,28.89794066781651,29.642349243164062,1002800,OEF,2009,4,17,Tuesday,29.2869,29.03937530517578,2.08,-0.38,-0.49,2.08,0.49
2009-04-22,29.448807422242076,29.962448372044552,29.292479446481618,29.374364852905273,2721800,OEF,2009,4,17,Wednesday,29.5195,29.642349243164062,-0.9,-0.65,-1.18,-0.9,1.18
2009-04-23,29.471135971520404,29.67212663008209,29.076600330469716,29.634906768798828,1960900,OEF,2009,4,17,Thursday,29.4637,29.374364852905273,0.89,0.33,-1.01,0.89,1.01
2009-04-24,29.84333589990188,30.26020566852051,29.776339023511262,30.029438018798828,1644700,OEF,2009,4,17,Friday,29.9773,29.634906768798828,1.33,0.7,0.48,1.33,-0.48
2009-04-27,29.68701315393416,30.23043104341016,29.68701315393416,29.858226776123047,1931200,OEF,2009,4,18,Monday,29.8657,30.029438018798828,-0.57,-1.14,-1.14,-0.57,1.14
2009-04-28,29.52323983687269,30.10387753536608,29.508351326694275,29.791227340698242,1845200,OEF,2009,4,18,Tuesday,29.7317,29.858226776123047,-0.22,-1.12,-1.17,-0.22,1.17
2009-04-29,30.111325245562625,30.669631636371474,29.984774320338847,30.394201278686523,1100000,OEF,2009,4,18,Wednesday,30.29,29.791227340698242,2.02,1.07,0.65,2.02,-0.65
2009-04-30,30.840853673210844,30.85574218845929,30.178330362971685,30.319766998291016,866100,OEF,2009,4,18,Thursday,30.5487,30.394201278686523,-0.24,1.47,-0.71,-0.24,0.71
2009-05-01,30.46119359089253,30.5654131632716,30.11132353683112,30.490970611572266,1204300,OEF,2009,5,18,Friday,30.4072,30.319766998291016,0.56,0.47,-0.69,0.56,0.69
2009-05-04,30.885499507699475,31.45124852760729,30.69195177268662,31.443805694580078,1570400,OEF,2009,5,19,Monday,31.1181,30.490970611572266,3.12,1.29,0.66,3.12,-0.66
2009-05-05,31.414050182204853,31.481047084069484,31.138619736625387,31.332164764404297,1755300,OEF,2009,5,19,Tuesday,31.3415,31.443805694580078,-0.36,-0.09,-0.97,-0.36,0.97
2009-05-06,31.793688575306913,31.97979071331226,31.428929975044664,31.838354110717773,2275400,OEF,2009,5,19,Wednesday,31.7602,31.332164764404297,1.62,1.47,0.31,1.62,-0.31
2009-05-07,32.35198246944808,32.37431664835705,31.369363788218347,31.59268569946289,1793300,OEF,2009,5,19,Thursday,31.9221,31.838354110717773,-0.77,1.61,-1.47,-0.77,1.47
2009-05-08,32.00212495925115,32.27010965312543,31.704360402022026,32.09889602661133,1186800,OEF,2009,5,19,Friday,32.0189,31.59268569946289,1.6,1.3,0.35,1.6,-0.35
2009-05-11,31.77136369548094,31.957465871373074,31.615038549258067,31.682035446166992,2205800,OEF,2009,5,20,Monday,31.7565,32.09889602661133,-1.3,-1.02,-1.51,-1.3,1.51
2009-05-12,31.734137986101484,31.91279445183937,31.339599514851443,31.704360961914062,1183100,OEF,2009,5,20,Tuesday,31.6727,31.682035446166992,0.07,0.16,-1.08,0.07,1.08
2009-05-13,31.287483503120466,31.428922913629776,30.989721853028627,31.079050064086914,1383600,OEF,2009,5,20,Wednesday,31.1963,31.704360961914062,-1.97,-1.31,-2.25,-1.97,2.25
2009-05-14,31.034394183329233,31.458706867336353,31.004619996851908,31.257719039916992,1359100,OEF,2009,5,20,Thursday,31.1889,31.079050064086914,0.57,-0.14,-0.24,0.57,0.24
2009-05-15,31.22049136754017,31.436370513373863,30.863175629449778,31.019500732421875,2250600,OEF,2009,5,20,Friday,31.1349,31.257719039916992,-0.76,-0.12,-1.26,-0.76,1.26
2009-05-18,31.34704457997139,31.875573970380188,31.294936208505355,31.838354110717773,1133000,OEF,2009,5,21,Monday,31.589,31.019500732421875,2.64,1.06,0.89,2.64,-0.89
2009-05-19,31.890461472150783,32.039343745778325,31.741579198523244,31.778799057006836,918100,OEF,2009,5,21,Tuesday,31.8625,31.838354110717773,-0.19,0.16,-0.3,-0.19,0.3
2009-05-20,32.00955545239513,32.26265437653663,31.51824611020186,31.570354461669922,1534400,OEF,2009,5,21,Wednesday,31.8402,31.778799057006836,-0.66,0.73,-0.82,-0.66,0.82
2009-05-21,31.265162032120756,31.324716084758638,30.8259608328437,31.153499603271484,1032800,OEF,2009,5,21,Thursday,31.1423,31.570354461669922,-1.32,-0.97,-2.36,-1.32,2.36
2009-05-22,31.19816244565623,31.36937607264837,30.974840446957494,31.049280166625977,1221700,OEF,2009,5,21,Friday,31.1479,31.153499603271484,-0.33,0.14,-0.57,-0.33,0.57
2009-05-26,30.892952181347813,31.845794135106896,30.773846937127928,31.756465911865234,1023000,OEF,2009,5,22,Tuesday,31.3173,31.049280166625977,2.28,-0.5,-0.89,2.28,0.89
2009-05-27,31.77137291179553,31.890478225329094,31.13862646609123,31.19073486328125,1223600,OEF,2009,5,22,Wednesday,31.4978,31.756465911865234,-1.78,0.05,-1.95,-1.78,1.95
2009-05-28,31.473580490819657,31.76389925940678,31.01204816228864,31.59268569946289,1159600,OEF,2009,5,22,Thursday,31.4606,31.19073486328125,1.29,0.91,-0.57,1.29,0.57
2009-05-29,31.853254895408245,32.18079376220703,31.525713188915095,32.18079376220703,922700,OEF,2009,5,22,Friday,31.9351,31.59268569946289,1.86,0.82,-0.21,1.86,0.21
2009-06-01,32.43387434324742,32.865632586053096,32.35198896342615,32.67208480834961,934800,OEF,2009,6,23,Monday,32.5809,32.18079376220703,1.53,0.79,0.53,1.53,-0.53
2009-06-02,32.575315117894895,32.940076536921254,32.53065242473995,32.72419738769531,910400,OEF,2009,6,23,Tuesday,32.6926,32.67208480834961,0.16,-0.3,-0.43,0.16,0.43
2009-06-03,32.47110074867372,32.59765168112451,32.18822753908877,32.55298614501953,1551000,OEF,2009,6,23,Wednesday,32.4525,32.72419738769531,-0.52,-0.77,-1.64,-0.52,1.64
2009-06-04,32.627423135299956,32.82096807932779,32.38920982309925,32.73163986206055,867200,OEF,2009,6,23,Thursday,32.6423,32.55298614501953,0.55,0.23,-0.5,0.55,0.5
2009-06-05,33.170845728462695,33.178288564434425,32.590205133404524,32.81352996826172,1514800,OEF,2009,6,23,Friday,32.9382,32.73163986206055,0.25,1.34,-0.43,0.25,0.43
2009-06-08,32.59020362884425,33.02196192729613,32.33710462209148,32.72419738769531,875500,OEF,2009,6,24,Monday,32.6684,32.81352996826172,-0.27,-0.68,-1.45,-0.27,1.45
2009-06-09,32.96240864540757,32.97729715670106,32.642312751830424,32.768863677978516,1324900,OEF,2009,6,24,Tuesday,32.8377,32.72419738769531,0.14,0.73,-0.25,0.14,0.25
2009-06-10,33.11130274411813,33.11130274411813,32.32222840190973,32.84331512451172,3138200,OEF,2009,6,24,Wednesday,32.847,32.768863677978516,0.23,1.05,-1.36,0.23,1.36
2009-06-11,32.84330062589092,33.3197215883452,32.7837494254306,32.88796615600586,1546700,OEF,2009,6,24,Thursday,32.9587,32.84331512451172,0.14,-0.0,-0.18,0.14,0.18
2009-06-12,32.73910397764427,33.036868681675,32.694438420131256,32.98476028442383,3470900,OEF,2009,6,24,Friday,32.8638,32.88796615600586,0.29,-0.45,-0.59,0.29,0.59
2009-06-15,32.5976535514705,32.649761926736126,32.1510066838735,32.29244613647461,1016800,OEF,2009,6,25,Monday,32.4227,32.98476028442383,-2.1,-1.17,-2.53,-2.1,2.53
2009-06-16,32.45620861742065,32.45620861742065,31.883016586303707,31.88301658630371,1008500,OEF,2009,6,25,Tuesday,32.1696,32.29244613647461,-1.27,0.51,-1.27,-1.27,1.27
2009-06-17,31.93512891444342,32.136116730203554,31.67458421010298,31.92024040222168,1159900,OEF,2009,6,25,Wednesday,31.9165,31.88301658630371,0.12,0.16,-0.65,0.12,0.65
2009-06-18,31.99467928348912,32.299886676787,31.808577145144234,32.09889602661133,1438000,OEF,2009,6,25,Thursday,32.0505,31.92024040222168,0.56,0.23,-0.35,0.56,0.35
2009-06-19,32.37433089464099,32.47110196695924,32.08400915860598,32.22544860839844,707400,OEF,2009,6,25,Friday,32.2887,32.09889602661133,0.39,0.86,-0.05,0.39,0.05
2009-06-22,31.92767181944771,31.99466868063722,31.36936558943258,31.39169692993164,815000,OEF,2009,6,26,Monday,31.6709,32.22544860839844,-2.59,-0.92,-2.66,-2.59,2.66
2009-06-23,31.45836850357639,31.56322927476297,31.256135791755824,31.443387985229492,1220600,OEF,2009,6,26,Tuesday,31.4303,31.39169692993164,0.16,0.21,-0.43,0.16,0.43
2009-06-24,31.735515996857192,31.945240495910117,31.420933534142417,31.570735931396484,1844600,OEF,2009,6,26,Wednesday,31.6681,31.443387985229492,0.41,0.93,-0.07,0.41,0.07
2009-06-25,31.458365296169436,32.274784890764444,31.4059349159218,32.21486282348633,2012400,OEF,2009,6,26,Thursday,31.8385,31.570735931396484,2.04,-0.36,-0.52,2.04,0.52
2009-06-26,32.17740786334522,32.2747797786283,31.98266689002004,32.132469177246094,826900,OEF,2009,6,26,Friday,32.1418,32.21486282348633,-0.26,-0.12,-0.72,-0.26,0.72
2009-06-29,32.222360754015654,32.514473745493554,32.12498880444236,32.49200439453125,487400,OEF,2009,6,27,Monday,32.3385,32.132469177246094,1.12,0.28,-0.02,1.12,0.02
2009-06-30,32.56689762288581,32.611839173064595,32.02761044970601,32.22984313964844,1777200,OEF,2009,6,27,Tuesday,32.359,32.49200439453125,-0.81,0.23,-1.43,-0.81,1.43
2009-07-01,32.41709656820325,32.6717596479286,32.334705151638936,32.34968566894531,1034900,OEF,2009,7,27,Wednesday,32.4433,32.22984313964844,0.37,0.58,0.33,0.37,-0.33
2009-07-02,31.945217738160938,32.03509796958554,31.540752410888672,31.540752410888672,1026500,OEF,2009,7,27,Thursday,31.7655,32.34968566894531,-2.5,-1.25,-2.5,-2.5,2.5
2009-07-06,31.263627905674046,31.64562112838055,31.218686350020793,31.623151779174805,703700,OEF,2009,7,28,Monday,31.4378,31.540752410888672,0.26,-0.88,-1.02,0.26,1.02
2009-07-07,31.57073390959035,31.58571157683781,31.01646593241883,31.03144645690918,621500,OEF,2009,7,28,Tuesday,31.3011,31.623151779174805,-1.87,-0.17,-1.92,-1.87,1.92
2009-07-08,31.218697017075964,31.286107944968474,30.701881808061884,31.016464233398438,1255400,OEF,2009,7,28,Wednesday,31.0558,31.03144645690918,-0.05,0.6,-1.06,-0.05,1.06
2009-07-09,31.32356430257097,31.32356430257097,30.97902075865061,31.06890106201172,1094400,OEF,2009,7,28,Thursday,31.1738,31.016464233398438,0.17,0.99,-0.12,0.17,0.12
2009-07-10,30.89661781409259,31.128811606878443,30.544582708923585,30.97151756286621,969100,OEF,2009,7,28,Friday,30.8854,31.06890106201172,-0.31,-0.55,-1.69,-0.31,1.69
2009-07-13,31.061383530428444,31.742981153796432,30.926561771323506,31.72800064086914,980200,OEF,2009,7,29,Monday,31.3647,30.97151756286621,2.44,0.29,-0.15,2.44,0.15
2009-07-14,31.78043930039488,31.89279174804687,31.615656472436346,31.892791748046875,1513900,OEF,2009,7,29,Tuesday,31.7954,31.72800064086914,0.52,0.17,-0.35,0.52,0.35
2009-07-15,32.364678999336924,32.88898588366564,32.25232936092248,32.83655548095703,1002500,OEF,2009,7,29,Wednesday,32.5856,31.892791748046875,2.96,1.48,1.13,2.96,-1.13
2009-07-16,32.75415370124458,33.21853834615973,32.679253965924694,33.143638610839844,1013500,OEF,2009,7,29,Thursday,32.9489,32.83655548095703,0.94,-0.25,-0.48,0.94,0.48
2009-07-17,33.12865809232752,33.1735996478645,32.93391706615076,33.143638610839844,906300,OEF,2009,7,29,Friday,33.095,33.143638610839844,0.0,-0.05,-0.63,0.0,0.63
2009-07-20,33.315916566741684,33.443249569473366,33.098703293238536,33.38332748413086,711900,OEF,2009,7,30,Monday,33.3103,33.143638610839844,0.72,0.52,-0.14,0.72,0.14
2009-07-21,33.682932215450336,33.682932215450336,33.21105579345866,33.555599212646484,806800,OEF,2009,7,30,Tuesday,33.5331,33.38332748413086,0.52,0.9,-0.52,0.52,0.52
2009-07-22,33.4432467717226,33.74284860164456,33.353363651228165,33.51814651489258,689000,OEF,2009,7,30,Wednesday,33.5144,33.555599212646484,-0.11,-0.33,-0.6,-0.11,0.6
2009-07-23,33.58554632182722,34.364515965099415,33.5406047764396,34.20722198486328,795800,OEF,2009,7,30,Thursday,33.9245,33.51814651489258,2.06,0.2,0.07,2.06,-0.07
2009-07-24,34.04245779708749,34.327082001862195,33.87018607918878,34.19974899291992,777700,OEF,2009,7,30,Friday,34.1099,34.20722198486328,-0.02,-0.48,-0.99,-0.02,0.99
2009-07-27,34.31209465604973,34.38699439424324,34.049939857888745,34.349544525146484,506100,OEF,2009,7,31,Monday,34.2746,34.19974899291992,0.44,0.33,-0.44,0.44,0.44
2009-07-28,34.21473452433985,34.37951743395238,33.960071326412695,34.31959533691406,1518700,OEF,2009,7,31,Tuesday,34.2185,34.349544525146484,-0.09,-0.39,-1.13,-0.09,1.13
2009-07-29,34.102381620304875,34.27465336140155,33.96755976079569,34.177284240722656,2068900,OEF,2009,7,31,Wednesday,34.1305,34.31959533691406,-0.41,-0.63,-1.03,-0.41,1.03
2009-07-30,34.59671981492674,34.94875490972618,34.521820068359375,34.521820068359375,2130000,OEF,2009,7,31,Thursday,34.6473,34.177284240722656,1.01,1.23,1.01,1.01,-1.01
2009-07-31,34.55924987792969,34.776463017008886,34.44690032330428,34.55924987792969,1465700,OEF,2009,7,31,Friday,34.5855,34.521820068359375,0.11,0.11,-0.22,0.11,0.22
2009-08-03,34.90381400292739,35.09106623010456,34.731542296793464,35.03114700317383,1351100,OEF,2009,8,32,Monday,34.9394,34.55924987792969,1.37,1.0,0.5,1.37,-0.5
2009-08-04,34.92627343137409,35.14348376390446,34.84388202440962,35.09854507446289,720900,OEF,2009,8,32,Tuesday,35.003,35.03114700317383,0.19,-0.3,-0.53,0.19,0.53
2009-08-05,35.091062002035414,35.18094511746498,34.791460188995856,35.06110382080078,1180800,OEF,2009,8,32,Wednesday,35.0311,35.09854507446289,-0.11,-0.02,-0.87,-0.11,0.87
2009-08-06,35.17346232869374,35.21840389777949,34.671627664828,34.79895782470703,923400,OEF,2009,8,32,Thursday,34.9656,35.06110382080078,-0.75,0.32,-1.11,-0.75,1.11
2009-08-07,35.1809343280368,35.503008249779796,35.00117100955008,35.18842315673828,842600,OEF,2009,8,32,Friday,35.2184,34.79895782470703,1.12,1.1,0.58,1.12,-0.58
2009-08-10,35.00868286902038,35.21840448040477,34.92629141962147,35.13601303100586,574100,OEF,2009,8,33,Monday,35.0723,35.18842315673828,-0.15,-0.51,-0.74,-0.15,0.74
2009-08-11,34.96374314499457,35.06111512281034,34.67163006879005,34.69409942626953,557800,OEF,2009,8,33,Tuesday,34.8476,35.13601303100586,-1.26,-0.49,-1.32,-1.26,1.32
2009-08-12,34.60420384623555,35.315762710130784,34.60420384623555,35.05360794067383,1181500,OEF,2009,8,33,Wednesday,34.8944,34.69409942626953,1.04,-0.26,-0.26,1.04,0.26
2009-08-13,35.21840046724309,35.32326126098633,34.90381522877106,35.32326126098633,1200700,OEF,2009,8,33,Thursday,35.1922,35.05360794067383,0.77,0.47,-0.43,0.77,0.43
2009-08-14,35.31575904737577,35.3232478767017,34.73153035650911,35.07607650756836,896400,OEF,2009,8,33,Friday,35.1117,35.32326126098633,-0.7,-0.02,-1.68,-0.7,1.68
2009-08-17,34.43943363737711,34.514336252071175,34.244692553657714,34.297122955322266,705500,OEF,2009,8,34,Monday,34.3739,35.07607650756836,-2.22,-1.82,-2.37,-2.22,2.37
2009-08-18,34.37200894537598,34.66412188257316,34.31957856471194,34.574241638183594,887300,OEF,2009,8,34,Tuesday,34.4825,34.297122955322266,0.81,0.22,0.07,0.81,-0.07
2009-08-19,34.237181522691515,34.97120958857912,34.22969269407391,34.85886001586914,706100,OEF,2009,8,34,Wednesday,34.5742,34.574241638183594,0.82,-0.97,-1.0,0.82,1.0
2009-08-20,34.82890275694221,35.293287327007214,34.82890275694221,35.218387603759766,545300,OEF,2009,8,34,Thursday,35.0424,34.85886001586914,1.03,-0.09,-0.09,1.03,0.09
2009-08-21,35.562941307817304,35.91497639601479,35.43561116959224,35.825096130371094,1287900,OEF,2009,8,34,Friday,35.6847,35.218387603759766,1.72,0.98,0.62,1.72,-0.62
2009-08-24,35.98986995412336,36.22955252613056,35.78763724825947,35.89249801635742,671000,OEF,2009,8,35,Monday,35.9749,35.825096130371094,0.19,0.46,-0.1,0.19,0.1
2009-08-25,36.02733430218905,36.334427899593415,35.907492968012775,35.95243453979492,883400,OEF,2009,8,35,Tuesday,36.0554,35.89249801635742,0.17,0.38,0.04,0.17,-0.04
2009-08-26,35.89999590430344,36.13967851770679,35.77266290873421,35.99736785888672,795300,OEF,2009,8,35,Wednesday,35.9524,35.95243453979492,0.12,-0.15,-0.5,0.12,0.5
2009-08-27,35.99736167443365,36.16963334464289,35.61536561059615,36.10222244262695,767800,OEF,2009,8,35,Thursday,35.9711,35.99736785888672,0.29,-0.0,-1.06,0.29,1.06
2009-08-28,36.39433335250024,36.39433335250024,35.832576819702176,36.00484848022461,607300,OEF,2009,8,35,Friday,36.1565,36.10222244262695,-0.27,0.81,-0.75,-0.27,0.75
2009-08-31,35.697771151070654,35.795143127441406,35.54047993656289,35.795143127441406,835700,OEF,2009,8,36,Monday,35.7071,36.00484848022461,-0.58,-0.85,-1.29,-0.58,1.29
2009-09-01,35.52548236015369,35.98986694746694,34.92627598019443,34.97870635986328,3476600,OEF,2009,9,36,Tuesday,35.3551,35.795143127441406,-2.28,-0.75,-2.43,-2.28,2.43
2009-09-02,34.79893795796436,35.07607318991248,34.79893795796436,34.85886001586914,1648900,OEF,2009,9,36,Wednesday,34.8832,34.97870635986328,-0.34,-0.51,-0.51,-0.34,0.51
2009-09-03,35.04612251905678,35.13600277523762,34.81392876191096,35.08357238769531,968400,OEF,2009,9,36,Thursday,35.0199,34.85886001586914,0.64,0.54,-0.13,0.64,0.13
2009-09-04,35.19591841510492,35.585400406417136,35.10603531811782,35.562931060791016,727300,OEF,2009,9,36,Friday,35.3626,35.08357238769531,1.37,0.32,0.06,1.37,-0.06
2009-09-08,35.95990185380267,35.95990185380267,35.71273050002155,35.88500213623047,2403600,OEF,2009,9,37,Tuesday,35.8794,35.562931060791016,0.91,1.12,0.42,0.91,-0.42
2009-09-09,35.914962484660315,36.214564206505166,35.83257108254965,36.079742431640625,1117100,OEF,2009,9,37,Wednesday,36.0105,35.88500213623047,0.54,0.08,-0.15,0.54,0.15
2009-09-10,36.0947507539649,36.42431661630739,35.95244004074451,36.40933609008789,779300,OEF,2009,9,37,Thursday,36.2202,36.079742431640625,0.91,0.04,-0.35,0.91,0.35
2009-09-11,36.44675984523292,36.529151251745134,36.2220578275349,36.3643684387207,1187600,OEF,2009,9,37,Friday,36.3906,36.40933609008789,-0.12,0.1,-0.51,-0.12,0.51
2009-09-14,35.989883979356165,36.55164076214708,35.989883979356165,36.499210357666016,817300,OEF,2009,9,38,Monday,36.2577,36.3643684387207,0.37,-1.03,-1.03,0.37,1.03
2009-09-15,36.49918610143785,36.70141875171416,36.31193396494951,36.56659698486328,887800,OEF,2009,9,38,Tuesday,36.5198,36.499210357666016,0.18,-0.0,-0.51,0.18,0.51
2009-09-16,36.746388267148525,37.08344008362364,36.58160534727676,37.031009674072266,1010000,OEF,2009,9,38,Wednesday,36.8606,36.56659698486328,1.27,0.49,0.04,1.27,-0.04
2009-09-17,36.956091247675936,37.31561509905148,36.9036608645946,37.038482666015625,994800,OEF,2009,9,38,Thursday,37.0535,37.031009674072266,0.02,-0.2,-0.34,0.02,0.34
2009-09-18,37.21825246337606,37.26319402749383,37.038491921389564,37.12837219238281,855600,OEF,2009,9,38,Friday,37.1621,37.038482666015625,0.24,0.49,0.0,0.24,-0.0
2009-09-21,36.806307510674515,37.11340113400815,36.806307510674515,37.031009674072266,1058400,OEF,2009,9,39,Monday,36.9393,37.12837219238281,-0.26,-0.87,-0.87,-0.26,0.87
2009-09-22,37.300637857307485,37.34557941414196,37.09091630656359,37.255699157714844,815800,OEF,2009,9,39,Tuesday,37.2482,37.031009674072266,0.61,0.73,0.16,0.61,-0.16
2009-09-23,37.4876971781241,37.62327678170731,36.937847840615085,37.02070236206055,1059100,OEF,2009,9,39,Wednesday,37.2674,37.255699157714844,-0.63,0.62,-0.85,-0.63,0.85
2009-09-24,37.028207584993545,37.171318012423995,36.54614838385994,36.69679260253906,765400,OEF,2009,9,39,Thursday,36.8606,37.02070236206055,-0.87,0.02,-1.28,-0.87,1.28
2009-09-25,36.64407032973673,36.80224547833365,36.40304071093198,36.516021728515625,874400,OEF,2009,9,39,Friday,36.5913,36.69679260253906,-0.49,-0.14,-0.8,-0.49,0.8
2009-09-28,36.64409039076674,37.163810252094585,36.64409039076674,37.0884895324707,627700,OEF,2009,9,40,Monday,36.8851,36.516021728515625,1.57,0.35,0.35,1.57,-0.35
2009-09-29,37.19393729751443,37.299387447527415,36.922778127023264,36.95290756225586,977500,OEF,2009,9,40,Tuesday,37.0923,37.0884895324707,-0.37,0.28,-0.45,-0.37,0.45
2009-09-30,37.10356391747239,37.10356391747239,36.49345841174114,36.757083892822266,1391100,OEF,2009,9,40,Wednesday,36.8644,36.95290756225586,-0.53,0.41,-1.24,-0.53,1.24
2009-10-01,36.73447150500548,36.73447150500548,35.92852783203125,35.92852783203125,1050900,OEF,2009,10,40,Thursday,36.3315,36.757083892822266,-2.25,-0.06,-2.25,-2.25,2.25
2009-10-02,35.62723923301109,36.01891325011141,35.589578877642026,35.83814239501953,993100,OEF,2009,10,40,Friday,35.7685,35.92852783203125,-0.25,-0.84,-0.94,-0.25,0.94
2009-10-05,35.9963285098291,36.43319393631767,35.90594018161618,36.33527755737305,1044700,OEF,2009,10,41,Monday,36.1677,35.83814239501953,1.39,0.44,0.19,1.39,-0.19
2009-10-06,36.62901288221409,37.013153015445454,36.56122310890264,36.83238220214844,1759300,OEF,2009,10,41,Tuesday,36.7589,36.33527755737305,1.37,0.81,0.62,1.37,-0.62
2009-10-07,36.75706910654509,36.98303412418736,36.7043440315386,36.95290756225586,629400,OEF,2009,10,41,Wednesday,36.8493,36.83238220214844,0.33,-0.2,-0.35,0.33,0.35
2009-10-08,37.23158977232,37.38223404328783,37.080945501352176,37.15626907348633,1044300,OEF,2009,10,41,Thursday,37.2128,36.95290756225586,0.55,0.75,0.35,0.55,-0.35
2009-10-09,37.22405887965221,37.374703162361065,37.10354402814527,37.36717224121094,1077300,OEF,2009,10,41,Friday,37.2674,37.15626907348633,0.57,0.18,-0.14,0.57,0.14
2009-10-12,37.57807493186685,37.653398514720095,37.419899717826375,37.5931396484375,647600,OEF,2009,10,42,Monday,37.5611,37.36717224121094,0.6,0.56,0.14,0.6,-0.14
2009-10-13,37.404831660139266,37.56300686005104,37.25418738118968,37.48768615722656,880900,OEF,2009,10,42,Tuesday,37.4274,37.5931396484375,-0.28,-0.5,-0.9,-0.28,0.9
2009-10-14,38.01493409856337,38.15804456217471,37.79650006991959,38.120384216308594,1371900,OEF,2009,10,42,Wednesday,38.0225,37.48768615722656,1.69,1.41,0.82,1.69,-0.82
2009-10-15,37.90196015046101,38.263504737750665,35.44646875096423,38.25597381591797,655100,OEF,2009,10,42,Thursday,37.467,38.120384216308594,0.36,-0.57,-7.01,0.36,7.01
2009-10-16,37.924552198084044,38.082730274602,37.773910789287044,37.962215423583984,710700,OEF,2009,10,42,Friday,37.9359,38.25597381591797,-0.77,-0.87,-1.26,-0.77,1.26
2009-10-19,37.99987914363334,38.34635901185534,37.92455555925837,38.24843978881836,679100,OEF,2009,10,43,Monday,38.1298,37.962215423583984,0.75,0.1,-0.1,0.75,0.1
2009-10-20,38.278564178172935,38.316224528747014,37.94714907050022,38.09025955200195,722600,OEF,2009,10,43,Tuesday,38.158,38.24843978881836,-0.41,0.08,-0.79,-0.41,0.79
2009-10-21,38.037535859294195,38.44427455609465,37.73624729722704,37.77391052246094,856700,OEF,2009,10,43,Wednesday,37.998,38.09025955200195,-0.83,-0.14,-0.93,-0.83,0.93
2009-10-22,37.70612787922832,38.20325208945796,37.532887928892364,38.06013870239258,944500,OEF,2009,10,43,Thursday,37.8756,37.77391052246094,0.76,-0.18,-0.64,0.76,0.64
2009-10-23,38.23337165963177,38.28609960063878,37.59313705274043,37.751312255859375,526800,OEF,2009,10,43,Friday,37.966,38.06013870239258,-0.81,0.46,-1.23,-0.81,1.23
2009-10-26,37.834152911342684,38.105311945074405,37.24664358712371,37.321964263916016,631100,OEF,2009,10,44,Monday,37.627,37.751312255859375,-1.14,0.22,-1.34,-1.14,1.34
2009-10-27,37.41235943505478,37.57053749496582,37.15626791766634,37.269248962402344,626600,OEF,2009,10,44,Tuesday,37.3521,37.321964263916016,-0.14,0.24,-0.44,-0.14,0.44
2009-10-28,37.14118909130385,37.321959843514804,36.72691679811353,36.741981506347656,814800,OEF,2009,10,44,Wednesday,36.983,37.269248962402344,-1.41,-0.34,-1.46,-1.41,1.46
2009-10-29,37.035759451345825,37.49522328521725,36.83992386760283,37.41236877441406,697100,OEF,2009,10,44,Thursday,37.1958,36.741981506347656,1.82,0.8,0.27,1.82,-0.27
2009-10-30,37.32952717222698,37.419912629537414,36.30514907836914,36.30514907836914,2008900,OEF,2009,10,44,Friday,36.8399,37.41236877441406,-2.96,-0.22,-2.96,-2.96,2.96
2009-11-02,36.53111336423178,36.96044786875139,36.16956866954694,36.61396789550781,975800,OEF,2009,11,45,Monday,36.5688,36.30514907836914,0.85,0.62,-0.37,0.85,0.37
2009-11-03,36.365392704724435,36.66668129086485,36.3051367114769,36.606422424316406,774400,OEF,2009,11,45,Tuesday,36.4859,36.61396789550781,-0.02,-0.68,-0.84,-0.02,0.84
2009-11-04,36.862517104211605,37.193935125816964,36.644085894781895,36.704341888427734,1302700,OEF,2009,11,45,Wednesday,36.8512,36.606422424316406,0.27,0.7,0.1,0.27,-0.1
2009-11-05,37.0282228518509,37.3897674017671,36.92277271728793,37.38223648071289,790100,OEF,2009,11,45,Thursday,37.1807,36.704341888427734,1.85,0.88,0.6,1.85,-0.6
2009-11-06,37.148737247915165,37.51781558767661,37.141206326952975,37.48768615722656,382400,OEF,2009,11,45,Friday,37.3239,37.38223648071289,0.28,-0.62,-0.64,0.28,0.64
2009-11-09,37.82664485744804,38.3087043762207,37.758855058039295,38.3087043762207,341200,OEF,2009,11,46,Monday,38.0507,37.48768615722656,2.19,0.9,0.72,2.19,-0.72
2009-11-10,38.18064264313888,38.46686646201415,38.15051608849443,38.346351623535156,764400,OEF,2009,11,46,Tuesday,38.2861,38.3087043762207,0.1,-0.33,-0.41,0.1,0.41
2009-11-11,38.64765789398317,38.76063899067919,38.40662810640295,38.57233428955078,506800,OEF,2009,11,46,Wednesday,38.5968,38.346351623535156,0.59,0.79,0.16,0.59,-0.16
2009-11-12,38.47440814902483,38.715437875432265,38.12039448129473,38.233375549316406,615400,OEF,2009,11,46,Thursday,38.3859,38.57233428955078,-0.88,-0.25,-1.17,-0.88,1.17
2009-11-13,38.37648821881446,38.56479286868764,38.075199629696996,38.45180892944336,686000,OEF,2009,11,46,Friday,38.3671,38.233375549316406,0.57,0.37,-0.41,0.57,0.41
2009-11-16,38.700376027048335,39.10711192469721,38.65518187250904,38.95647048950195,777700,OEF,2009,11,47,Monday,38.8548,38.45180892944336,1.31,0.65,0.53,1.31,-0.53
2009-11-17,38.88868069557293,39.04685592651367,38.76063202769148,39.04685592651367,3568500,OEF,2009,11,47,Tuesday,38.9358,38.95647048950195,0.23,-0.17,-0.5,0.23,0.5
2009-11-18,39.031786441798666,39.084511512340164,38.79075672695158,39.07698059082031,900600,OEF,2009,11,47,Wednesday,38.996,39.04685592651367,0.08,-0.04,-0.66,0.08,0.66
2009-11-19,38.82088203880507,38.866073309728826,38.399078645946574,38.58738327026367,1094400,OEF,2009,11,47,Thursday,38.6684,39.07698059082031,-1.25,-0.66,-1.73,-1.25,1.73
2009-11-20,38.37648964150698,38.60245465507158,38.361424924162534,38.52713394165039,986000,OEF,2009,11,47,Friday,38.4669,38.58738327026367,-0.16,-0.55,-0.59,-0.16,0.59
2009-11-23,39.00165867030808,39.2050280396163,38.903742319875256,39.03932189941406,1325300,OEF,2009,11,48,Monday,39.0374,38.52713394165039,1.33,1.23,0.98,1.33,-0.98
2009-11-24,39.14477515803464,39.14477515803464,38.76063202769148,39.04685592651367,913400,OEF,2009,11,48,Tuesday,39.0243,39.03932189941406,0.02,0.27,-0.71,0.02,0.71
2009-11-25,39.17489838181211,39.17489838181211,38.99412752566058,39.12217330932617,569600,OEF,2009,11,48,Wednesday,39.1165,39.04685592651367,0.19,0.33,-0.14,0.19,0.14
2009-11-27,38.06767271358061,39.09205057640782,38.030012354303395,38.54973220825195,1034300,OEF,2009,11,48,Friday,38.4349,39.12217330932617,-1.46,-2.7,-2.79,-1.46,2.79
2009-11-30,38.564792167287365,38.75309681373574,38.36895372593256,38.67024230957031,1348800,OEF,2009,11,49,Monday,38.5893,38.54973220825195,0.31,0.04,-0.47,0.31,0.47
2009-12-01,38.979056386017085,39.20502135562376,38.90373568724836,39.099571228027344,822500,OEF,2009,12,49,Tuesday,39.0468,38.67024230957031,1.11,0.8,0.6,1.11,-0.6
2009-12-02,39.129700632952265,39.26528018929354,38.90373566348362,39.009185791015625,796100,OEF,2009,12,49,Wednesday,39.077,39.099571228027344,-0.23,0.08,-0.5,-0.23,0.5
2009-12-03,39.09957235738827,39.32553733352176,38.72296310606559,38.77568817138672,466500,OEF,2009,12,49,Thursday,38.9809,39.009185791015625,-0.6,0.23,-0.73,-0.6,0.73
2009-12-04,39.3104839633894,39.370742840175566,38.61752412015683,38.8886833190918,994200,OEF,2009,12,49,Friday,39.0469,38.77568817138672,0.29,1.38,-0.41,0.29,0.41
2009-12-07,38.8736214836505,39.04686145731008,38.730508077317495,38.79829788208008,407600,OEF,2009,12,50,Monday,38.8623,38.8886833190918,-0.23,-0.04,-0.41,-0.23,0.41
2009-12-08,38.557273429967026,38.58740287475728,38.30117889585383,38.39156723022461,597700,OEF,2009,12,50,Tuesday,38.4594,38.79829788208008,-1.05,-0.62,-1.28,-1.05,1.28
2009-12-09,38.39156338551647,38.60246373132374,38.21832340527454,38.57233428955078,274100,OEF,2009,12,50,Wednesday,38.4462,38.39156723022461,0.47,-0.0,-0.45,0.47,0.45
2009-12-10,38.82842565799901,38.926344899191626,38.68531513110325,38.74557113647461,348400,OEF,2009,12,50,Thursday,38.7964,38.57233428955078,0.45,0.66,0.29,0.45,-0.29
2009-12-11,38.8660788508567,38.99412750776448,38.74556398904401,38.941402435302734,321100,OEF,2009,12,50,Friday,38.8868,38.74557113647461,0.51,0.31,-0.0,0.51,0.0
2009-12-14,39.11464261102408,39.18243240079349,38.91880416355648,39.03932189941406,391000,OEF,2009,12,51,Monday,39.0638,38.941402435302734,0.25,0.44,-0.06,0.25,0.06
2009-12-15,38.91881277129115,39.02426581348975,38.692847713183085,38.79829788208008,612700,OEF,2009,12,51,Tuesday,38.8586,39.03932189941406,-0.62,-0.31,-0.89,-0.62,0.89
2009-12-16,38.99412822488152,39.03932237638028,38.7530984968235,38.8133544921875,409600,OEF,2009,12,51,Wednesday,38.9,38.79829788208008,0.04,0.5,-0.12,0.04,0.12
2009-12-17,38.56479430016922,38.602454656881584,38.31623077392578,38.31623077392578,356800,OEF,2009,12,51,Thursday,38.4499,38.8133544921875,-1.28,-0.64,-1.28,-1.28,1.28
2009-12-18,38.57984161376953,38.58737253239432,38.26348843883345,38.57984161376953,1177000,OEF,2009,12,51,Friday,38.5026,38.31623077392578,0.69,0.69,-0.14,0.69,0.14
2009-12-21,38.73802144988378,39.08450121452488,38.73048765704806,38.93385696411133,922400,OEF,2009,12,52,Monday,38.8717,38.57984161376953,0.92,0.41,0.39,0.92,-0.39
2009-12-22,38.99413966083523,39.1598487249611,38.94894549608222,39.024269104003906,1406900,OEF,2009,12,52,Tuesday,39.0318,38.93385696411133,0.23,0.15,0.04,0.23,-0.04
2009-12-23,39.12971750595801,39.54398727416992,38.933879007551255,39.54398727416992,633700,OEF,2009,12,52,Wednesday,39.2879,39.024269104003906,1.33,0.27,-0.23,1.33,0.23
2009-12-24,39.177549681927076,39.25325393676758,39.12455612595228,39.25325393676758,198100,OEF,2009,12,52,Thursday,39.2022,39.54398727416992,-0.74,-0.93,-1.06,-0.74,1.06
2009-12-28,39.328973877421454,39.40467815689658,39.185131703312315,39.359256744384766,235400,OEF,2009,12,53,Monday,39.3195,39.25325393676758,0.27,0.19,-0.17,0.27,0.17
2009-12-29,39.389547061404095,39.472823523442955,39.29870132460439,39.306270599365234,365400,OEF,2009,12,53,Tuesday,39.3668,39.359256744384766,-0.13,0.08,-0.15,-0.13,0.15
2009-12-30,39.17000906619746,39.344131290054435,39.17000906619746,39.2911376953125,395000,OEF,2009,12,53,Wednesday,39.2438,39.306270599365234,-0.04,-0.35,-0.35,-0.04,0.35
2009-12-31,39.359257126695674,39.37439567239123,38.95044708251953,38.95044708251953,294800,OEF,2009,12,53,Thursday,39.1586,39.2911376953125,-0.87,0.17,-0.87,-0.87,0.87
2010-01-04,39.26840914043565,39.66964991805327,39.25326770656959,39.62422561645508,358600,OEF,2010,1,1,Monday,39.4539,38.95044708251953,1.73,0.82,0.78,1.73,-0.78
2010-01-05,39.63179819393027,39.76806822215384,39.4803896185116,39.745357513427734,642700,OEF,2010,1,1,Tuesday,39.6564,39.62422561645508,0.31,0.02,-0.36,0.31,0.36
2010-01-06,39.74535659937926,39.843774481484786,39.66965231341094,39.752925872802734,747300,OEF,2010,1,1,Wednesday,39.7529,39.745357513427734,0.02,-0.0,-0.19,0.02,0.19
2010-01-07,39.71507144316696,39.96490077075824,39.57123215293555,39.91190719604492,1662000,OEF,2010,1,1,Thursday,39.7908,39.752925872802734,0.4,-0.1,-0.46,0.4,0.46
2010-01-08,39.760517970749724,40.04819959995783,39.760517970749724,40.02548599243164,671800,OEF,2010,1,1,Friday,39.8987,39.91190719604492,0.28,-0.38,-0.38,0.28,0.38
2010-01-11,40.17685947419992,40.21471160031167,39.911891703485594,40.08601379394531,1441600,OEF,2010,1,2,Monday,40.0974,40.02548599243164,0.15,0.38,-0.28,0.15,0.28
2010-01-12,39.82106762237462,39.93462695847274,39.61666543809221,39.76807403564453,506200,OEF,2010,1,2,Tuesday,39.7851,40.08601379394531,-0.79,-0.66,-1.17,-0.79,1.17
2010-01-13,39.83620332384702,40.16930912154075,39.66208115138597,40.03303909301758,522500,OEF,2010,1,2,Wednesday,39.9252,39.76807403564453,0.67,0.17,-0.27,0.67,0.27
2010-01-14,40.02546082650685,40.26014870381906,40.01789155404718,40.184444427490234,382400,OEF,2010,1,2,Thursday,40.122,40.03303909301758,0.38,-0.02,-0.04,0.38,0.04
2010-01-15,40.07089022732313,40.16930810942866,39.6015173008661,39.752925872802734,575900,OEF,2010,1,2,Friday,39.8987,40.184444427490234,-1.07,-0.28,-1.45,-1.07,1.45
2010-01-19,39.74535261498149,40.24500836090965,39.41224974700709,40.214725494384766,1061700,OEF,2010,1,3,Tuesday,39.9043,39.752925872802734,1.16,-0.02,-0.86,1.16,0.86
2010-01-20,39.92704822933662,39.97246964267331,39.525807454618985,39.8059196472168,418900,OEF,2010,1,3,Wednesday,39.8078,40.214725494384766,-1.02,-0.72,-1.71,-1.02,1.71
2010-01-21,39.83619743648461,39.92704603402925,38.92016240407394,38.9731559753418,453400,OEF,2010,1,3,Thursday,39.4141,39.8059196472168,-2.09,0.08,-2.23,-2.09,2.23
2010-01-22,38.8671645596587,38.995862393464705,38.0571167588423,38.117679595947266,850100,OEF,2010,1,3,Friday,38.5095,38.9731559753418,-2.2,-0.27,-2.35,-2.2,2.35
2010-01-25,38.43565308503304,38.53407096783211,38.19339590270718,38.269100189208984,826000,OEF,2010,1,4,Monday,38.3581,38.117679595947266,0.4,0.83,0.2,0.4,-0.2
2010-01-26,38.14038847335756,38.56433694449832,38.06468132641645,38.132816314697266,648000,OEF,2010,1,4,Tuesday,38.2256,38.269100189208984,-0.36,-0.34,-0.53,-0.36,0.53
2010-01-27,38.04955590590614,38.450796733680214,37.85272301690899,38.352378845214844,1033600,OEF,2010,1,4,Wednesday,38.1764,38.132816314697266,0.58,-0.22,-0.73,0.58,0.73
2010-01-28,38.51136279823691,38.51136279823691,37.68617325218141,37.90571975708008,881800,OEF,2010,1,4,Thursday,38.1537,38.352378845214844,-1.16,0.41,-1.74,-1.16,1.74
2010-01-29,38.110116840489724,38.32966329939111,37.48933249237306,37.56503677368164,710900,OEF,2010,1,4,Friday,37.8735,37.90571975708008,-0.9,0.54,-1.1,-0.9,1.1
2010-02-01,37.852717157620106,38.05712217682323,37.77701287847812,38.0419807434082,630200,OEF,2010,2,5,Monday,37.9322,37.56503677368164,1.27,0.77,0.56,1.27,-0.56
2010-02-02,38.16310913591526,38.5794884450235,38.011697690439604,38.496212005615234,500100,OEF,2010,2,5,Tuesday,38.3126,38.0419807434082,1.19,0.32,-0.08,1.19,0.08
2010-02-03,38.36752500170843,38.54164720245816,38.231254951046225,38.337242126464844,1472800,OEF,2010,2,5,Wednesday,38.3694,38.496212005615234,-0.41,-0.33,-0.69,-0.41,0.69
2010-02-04,38.07985206779649,38.07985206779649,37.19409942626953,37.19409942626953,971900,OEF,2010,2,5,Thursday,37.637,38.337242126464844,-2.98,-0.67,-2.98,-2.98,2.98
2010-02-05,37.21678765546304,37.36062692655754,36.58086195557584,37.30006408691406,754700,OEF,2010,2,5,Friday,37.1146,37.19409942626953,0.28,0.06,-1.65,0.28,1.65
2010-02-08,37.330345683962214,37.46661567845202,36.95938783497714,36.97452926635742,454300,OEF,2010,2,6,Monday,37.1827,37.30006408691406,-0.87,0.08,-0.91,-0.87,0.91
2010-02-09,37.39091130689673,37.77701061602364,37.141084890343706,37.443904876708984,1074300,OEF,2010,2,6,Tuesday,37.4382,36.97452926635742,1.27,1.13,0.45,1.27,-0.45
2010-02-10,37.42876031953858,37.595313175291594,37.11836819886516,37.37576675415039,416100,OEF,2010,2,6,Wednesday,37.3796,37.443904876708984,-0.18,-0.04,-0.87,-0.18,0.87
2010-02-11,37.3757673279745,37.82242944877015,37.14865163169071,37.76943588256836,549100,OEF,2010,2,6,Thursday,37.5291,37.37576675415039,1.05,0.0,-0.61,1.05,0.61
2010-02-12,37.39091413284417,37.72401989733444,37.20922270487964,37.6937370300293,582600,OEF,2010,2,6,Friday,37.5045,37.76943588256836,-0.2,-1.0,-1.48,-0.2,1.48
2010-02-16,38.02682116758559,38.306930332292005,37.837557672094164,38.26150894165039,368000,OEF,2010,2,7,Tuesday,38.1082,37.6937370300293,1.51,0.88,0.38,1.51,-0.38
2010-02-17,38.47351911126154,38.48109127540414,38.27668616257062,38.41295623779297,464500,OEF,2010,2,7,Wednesday,38.4111,38.26150894165039,0.4,0.55,0.04,0.4,-0.04
2010-02-18,38.39779942439372,38.715760880656305,38.359944394705344,38.632484436035156,307600,OEF,2010,2,7,Thursday,38.5265,38.41295623779297,0.57,-0.04,-0.14,0.57,0.14
2010-02-19,38.49621351805809,38.79146714790549,38.42050923631254,38.64762496948242,380000,OEF,2010,2,7,Friday,38.589,38.632484436035156,0.04,-0.35,-0.55,0.04,0.55
2010-02-22,38.753612119099486,38.79903642090676,38.541637819865365,38.64762496948242,231600,OEF,2010,2,8,Monday,38.6855,38.64762496948242,0.0,0.27,-0.27,0.0,0.27
2010-02-23,38.55677470163297,38.71575540728866,38.1328232652849,38.20853042602539,569400,OEF,2010,2,8,Tuesday,38.4035,38.64762496948242,-1.14,-0.24,-1.33,-1.14,1.33
2010-02-24,38.34480944267825,38.66277092874559,38.276674425959015,38.57949447631836,547500,OEF,2010,2,8,Wednesday,38.4659,38.20853042602539,0.97,0.36,0.18,0.97,-0.18
2010-02-25,38.01926966493701,38.46593183854018,37.92842106533653,38.45079040527344,666500,OEF,2010,2,8,Thursday,38.2161,38.57949447631836,-0.33,-1.45,-1.69,-0.33,1.69
2010-02-26,38.5113572678412,38.60977515037527,38.29181368240375,38.503787994384766,323600,OEF,2010,2,8,Friday,38.4792,38.45079040527344,0.14,0.16,-0.41,0.14,0.41
2010-03-01,38.647617088604186,38.852022073155545,38.59462352460191,38.82931137084961,344200,OEF,2010,3,9,Monday,38.7309,38.503787994384766,0.85,0.37,0.24,0.85,-0.24
2010-03-02,38.973167231593024,39.09429584203727,38.83689718385151,38.92017364501953,931100,OEF,2010,3,9,Tuesday,38.9561,38.82931137084961,0.23,0.37,0.02,0.23,-0.02
2010-03-03,39.00343210342536,39.169984948885826,38.86716211858181,38.9580078125,349400,OEF,2010,3,9,Wednesday,38.9996,38.92017364501953,0.1,0.21,-0.14,0.1,0.14
2010-03-04,39.01099241192192,39.13969309600881,38.912577469426395,39.10184097290039,583700,OEF,2010,3,9,Thursday,39.0413,38.9580078125,0.37,0.14,-0.12,0.37,0.12
2010-03-05,39.359258638371614,39.63179579035657,39.253268598899744,39.60908508300781,485200,OEF,2010,3,9,Friday,39.4634,39.10184097290039,1.3,0.66,0.39,1.3,-0.39
2010-03-08,39.654499739499165,39.68477971262067,39.54851261374243,39.58636474609375,343500,OEF,2010,3,10,Monday,39.6185,39.60908508300781,-0.06,0.11,-0.15,-0.06,0.15
2010-03-09,39.48795399405164,39.88162259476342,39.48795399405164,39.699928283691406,737100,OEF,2010,3,10,Tuesday,39.6394,39.58636474609375,0.29,-0.25,-0.25,0.29,0.25
2010-03-10,39.73020887563963,39.95732458552746,39.67721530626357,39.858909606933594,378200,OEF,2010,3,10,Wednesday,39.8059,39.699928283691406,0.4,0.08,-0.06,0.4,0.06
2010-03-11,39.73020659066706,40.02545728533401,39.65450232103601,40.00274658203125,477600,OEF,2010,3,10,Thursday,39.8532,39.858909606933594,0.36,-0.32,-0.51,0.36,0.51
2010-03-12,40.19201014404163,40.19201014404163,39.904328721164674,40.00274658203125,525300,OEF,2010,3,10,Friday,40.0728,40.00274658203125,0.0,0.47,-0.25,0.0,0.25
2010-03-15,39.911908690223534,40.093600128061674,39.76806650667389,40.055747985839844,426200,OEF,2010,3,11,Monday,39.9573,40.00274658203125,0.13,-0.23,-0.59,0.13,0.59
2010-03-16,40.16173523920593,40.38885098103562,40.086030954573815,40.34342956542969,346600,OEF,2010,3,11,Tuesday,40.245,40.055747985839844,0.72,0.26,0.08,0.72,-0.08
2010-03-17,40.46455134395766,40.67652561560182,40.426699208011605,40.56296920776367,501900,OEF,2010,3,11,Wednesday,40.5327,40.34342956542969,0.54,0.3,0.21,0.54,-0.21
2010-03-18,40.54783739974755,40.62354168960791,40.41913664146469,40.585689544677734,400500,OEF,2010,3,11,Thursday,40.5441,40.56296920776367,0.06,-0.04,-0.35,0.06,0.35
2010-03-19,40.328269958496094,40.706796986954366,40.222282852596905,40.328269958496094,487000,OEF,2010,3,11,Friday,40.3964,40.585689544677734,-0.63,-0.63,-0.9,-0.63,0.9
2010-03-22,40.09360478046314,40.65382636932691,40.09360478046314,40.5554084777832,546300,OEF,2010,3,12,Monday,40.3491,40.328269958496094,0.56,-0.58,-0.58,0.56,0.58
2010-03-23,40.608387165968004,40.91877927504979,40.52511074120147,40.89606857299805,731300,OEF,2010,3,12,Tuesday,40.7371,40.5554084777832,0.84,0.13,-0.07,0.84,0.07
2010-03-24,40.72195524620443,40.8885052437722,40.631106642513025,40.70681381225586,2788900,OEF,2010,3,12,Wednesday,40.7371,40.89606857299805,-0.46,-0.43,-0.65,-0.46,0.65
2010-03-25,41.03001990802998,41.220149747361766,40.68018169993576,40.72581100463867,904000,OEF,2010,3,12,Thursday,40.914,40.70681381225586,0.05,0.79,-0.07,0.05,0.07
2010-03-26,40.83989161086697,40.99199606830629,40.57370808506036,40.710601806640625,642300,OEF,2010,3,12,Friday,40.779,40.72581100463867,-0.04,0.28,-0.37,-0.04,0.37
2010-03-29,40.900727543298835,40.984385131541806,40.80186212187617,40.893123626708984,644000,OEF,2010,3,13,Monday,40.895,40.710601806640625,0.45,0.47,0.22,0.45,-0.22
2010-03-30,40.953979990254666,41.0680590926395,40.75624616742665,40.91595458984375,1201100,OEF,2010,3,13,Tuesday,40.9236,40.893123626708984,0.06,0.15,-0.33,0.06,0.33
2010-03-31,40.75625351816075,40.91596196938261,40.634570474208004,40.74864959716797,459000,OEF,2010,3,13,Wednesday,40.7639,40.91595458984375,-0.41,-0.39,-0.69,-0.41,0.69
2010-04-01,41.00721863566195,41.136508486338215,40.763852576785496,40.99961471557617,968800,OEF,2010,4,13,Thursday,40.9768,40.74864959716797,0.62,0.63,0.04,0.62,-0.04
2010-04-05,41.121300190822375,41.28861545418359,41.02243181691325,41.25819396972656,294500,OEF,2010,4,14,Monday,41.1726,40.99961471557617,0.63,0.3,0.06,0.63,-0.06
2010-04-06,41.12890447657837,41.417899857643896,41.12129765535692,41.34945297241211,527400,OEF,2010,4,14,Tuesday,41.2544,41.25819396972656,0.22,-0.31,-0.33,0.22,0.33
2010-04-07,41.22775396861913,41.36464768604015,40.946362616654206,41.14409637451172,1527500,OEF,2010,4,14,Wednesday,41.1707,41.34945297241211,-0.5,-0.29,-0.97,-0.5,0.97
2010-04-08,41.030041113844625,41.41030098904031,40.915961990824876,41.341854095458984,486000,OEF,2010,4,14,Thursday,41.1745,41.14409637451172,0.48,-0.28,-0.55,0.48,0.55
2010-04-09,41.41789262203545,41.592811764591545,41.34944574876118,41.56239318847656,874900,OEF,2010,4,14,Friday,41.4806,41.341854095458984,0.53,0.18,0.02,0.53,-0.02
2010-04-12,41.653662406760105,41.760134695692535,41.60803018243808,41.6612663269043,384000,OEF,2010,4,15,Monday,41.6708,41.56239318847656,0.24,0.22,0.11,0.24,-0.11
2010-04-13,41.70691422573631,41.76015039021002,41.43312657921245,41.699310302734375,241100,OEF,2010,4,15,Tuesday,41.6499,41.6612663269043,0.09,0.11,-0.55,0.09,0.55
2010-04-14,41.843786326065576,42.155599228030226,41.79815410828348,42.14038848876953,512200,OEF,2010,4,15,Wednesday,41.9845,41.699310302734375,1.06,0.35,0.24,1.06,-0.24
2010-04-15,42.064346256516586,42.28489476781337,42.064346256516586,42.23926544189453,335700,OEF,2010,4,15,Thursday,42.1632,42.14038848876953,0.23,-0.18,-0.18,0.23,0.18
2010-04-16,42.079546697404034,42.155597489419115,41.341841830020364,41.56239318847656,911400,OEF,2010,4,15,Friday,41.7848,42.23926544189453,-1.6,-0.38,-2.12,-1.6,2.12
2010-04-19,41.38747320488855,41.79055054585714,41.29621166969743,41.78294372558594,468300,OEF,2010,4,16,Monday,41.5643,41.56239318847656,0.53,-0.42,-0.64,0.53,0.64
2010-04-20,42.05673908089378,42.08716056535201,41.85139841252938,42.02631759643555,450100,OEF,2010,4,16,Tuesday,42.0054,41.78294372558594,0.58,0.66,0.16,0.58,-0.16
2010-04-21,42.07955154745157,42.163206267849425,41.68408100085774,41.93505096435547,497000,OEF,2010,4,16,Wednesday,41.9655,42.02631759643555,-0.22,0.13,-0.81,-0.22,0.81
2010-04-22,41.615630825319144,41.94265446486175,41.37226480070398,41.89702224731445,201400,OEF,2010,4,16,Thursday,41.7069,41.93505096435547,-0.09,-0.76,-1.34,-0.09,1.34
2010-04-23,41.881816735708334,42.140393531780795,41.75252978824822,42.132789611816406,400100,OEF,2010,4,16,Friday,41.9769,41.89702224731445,0.56,-0.04,-0.34,0.56,0.34
2010-04-26,42.155593624131136,42.17840827941341,41.90462081142015,41.912227630615234,2023500,OEF,2010,4,17,Monday,42.0377,42.132789611816406,-0.52,0.05,-0.54,-0.52,0.54
2010-04-27,41.70689823079595,41.93505354834859,40.93116783019516,40.99961471557617,846200,OEF,2010,4,17,Tuesday,41.3932,41.912227630615234,-2.18,-0.49,-2.34,-2.18,2.34
2010-04-28,41.26579122543153,41.46352794131334,40.96918905276077,41.3570556640625,757700,OEF,2010,4,17,Wednesday,41.2639,40.99961471557617,0.87,0.65,-0.07,0.87,0.07
2010-04-29,41.59281786095632,41.94265909849738,41.57760712009348,41.85139465332031,556400,OEF,2010,4,17,Thursday,41.7411,41.3570556640625,1.2,0.57,0.53,1.2,-0.53
2010-04-30,41.897024218112556,41.91983887738345,41.174530029296875,41.174530029296875,722500,OEF,2010,4,17,Friday,41.5415,41.85139465332031,-1.62,0.11,-1.62,-1.62,1.62
2010-05-03,41.41788583060534,41.836170920404186,41.35704578719977,41.691673278808594,483200,OEF,2010,5,18,Monday,41.5757,41.174530029296875,1.26,0.59,0.44,1.26,-0.44
2010-05-04,41.242976729439214,41.28860894893514,40.58132550308405,40.75624465942383,1122500,OEF,2010,5,18,Tuesday,40.9673,41.691673278808594,-2.24,-1.08,-2.66,-2.24,2.66
2010-05-05,40.38358170959563,40.832288301975645,40.28471626974093,40.54329299926758,630500,OEF,2010,5,18,Wednesday,40.511,40.75624465942383,-0.52,-0.91,-1.16,-0.52,1.16
2010-05-06,40.383594375943645,40.5585164576465,36.51254903804634,39.19718551635742,2609900,OEF,2010,5,18,Thursday,39.163,40.54329299926758,-3.32,-0.39,-9.94,-3.32,9.94
2010-05-07,39.181960283828325,39.455747735140804,38.04878508837419,38.62678146362305,1020500,OEF,2010,5,18,Friday,38.8283,39.19718551635742,-1.46,-0.04,-2.93,-1.46,2.93
2010-05-10,40.37597866089615,40.48245092220218,39.851221272537174,40.24668884277344,1991400,OEF,2010,5,19,Monday,40.2391,38.62678146362305,4.19,4.53,3.17,4.19,-3.17
2010-05-11,39.89686342452606,40.64217239469479,39.843627276739184,40.132625579833984,860800,OEF,2010,5,19,Tuesday,40.1288,40.24668884277344,-0.28,-0.87,-1.0,-0.28,1.0
2010-05-12,40.2847115145497,40.66497119537074,40.19344710232384,40.61933898925781,1414000,OEF,2010,5,19,Wednesday,40.4406,40.132625579833984,1.21,0.38,0.15,1.21,-0.15
2010-05-13,40.467248309634684,40.6725889553034,40.06417383914726,40.109806060791016,1639400,OEF,2010,5,19,Thursday,40.3285,40.61933898925781,-1.25,-0.37,-1.37,-1.25,1.37
2010-05-14,39.76757472473971,39.851232353642594,39.0831058529455,39.41012954711914,1161300,OEF,2010,5,19,Friday,39.528,40.109806060791016,-1.74,-0.85,-2.56,-1.74,2.56
2010-05-17,39.547028192563275,39.547028192563275,38.71045760279706,39.43294906616211,605500,OEF,2010,5,20,Monday,39.3094,39.41012954711914,0.06,0.35,-1.78,0.06,1.78
2010-05-18,39.721927064732434,39.79798074379741,38.76367391772342,38.88535690307617,537700,OEF,2010,5,20,Tuesday,39.2922,39.43294906616211,-1.39,0.73,-1.7,-1.39,1.7
2010-05-19,38.619191884696704,38.976637094714626,38.29216816088299,38.74848175048828,3054900,OEF,2010,5,20,Wednesday,38.6591,38.88535690307617,-0.35,-0.68,-1.53,-0.35,1.53
2010-05-20,38.04119785333711,38.0944340031994,37.26546736814757,37.2730712890625,1154800,OEF,2010,5,20,Thursday,37.6685,38.74848175048828,-3.81,-1.83,-3.83,-3.81,3.83
2010-05-21,36.74832364501042,37.89671039081576,36.573404405157646,37.7750244140625,1507700,OEF,2010,5,20,Friday,37.2484,37.2730712890625,1.35,-1.41,-1.88,1.35,1.88
2010-05-24,37.60768922803228,37.85105523188144,37.250244140625,37.250244140625,2552500,OEF,2010,5,21,Monday,37.4898,37.7750244140625,-1.39,-0.44,-1.39,-1.39,1.39
2010-05-25,36.41367830885395,37.31869556479164,36.19312693434035,37.280670166015625,1340400,OEF,2010,5,21,Tuesday,36.8015,37.250244140625,0.08,-2.25,-2.84,0.08,2.84
2010-05-26,37.53164847104108,37.820646788125124,36.900418587661775,36.99168014526367,1408300,OEF,2010,5,21,Wednesday,37.3111,37.280670166015625,-0.78,0.67,-1.02,-0.78,1.02
2010-05-27,37.744588164029146,38.19329483936411,37.54685144546011,38.18568801879883,3127300,OEF,2010,5,21,Thursday,37.9176,36.99168014526367,3.23,2.04,1.5,3.23,-1.5
2010-05-28,38.14766887296058,38.14766887296058,37.56967516478575,37.6761474609375,484400,OEF,2010,5,21,Friday,37.8853,38.18568801879883,-1.33,-0.1,-1.61,-1.33,1.61
2010-06-01,37.37193735359645,37.949933946526556,37.12857128325295,37.158992767333984,507800,OEF,2010,6,22,Tuesday,37.4024,37.6761474609375,-1.37,-0.81,-1.45,-1.37,1.45
2010-06-02,37.40996868917342,38.117252349853516,37.23504947970401,38.117252349853516,728900,OEF,2010,6,22,Wednesday,37.7199,37.158992767333984,2.58,0.68,0.2,2.58,-0.2
2010-06-03,38.170477278820286,38.30737103747516,37.82824578333513,38.18568801879883,251000,OEF,2010,6,22,Thursday,38.1229,38.117252349853516,0.18,0.14,-0.76,0.18,0.76
2010-06-04,37.44039358664215,37.69136654122038,36.793952844918486,36.9688720703125,800000,OEF,2010,6,22,Friday,37.2236,38.18568801879883,-3.19,-1.95,-3.64,-3.19,3.64
2010-06-07,37.08294033294043,37.15138722390143,36.44410365102198,36.48213195800781,1236600,OEF,2010,6,23,Monday,36.7901,36.9688720703125,-1.32,0.31,-1.42,-1.32,1.42
2010-06-08,36.48212001868594,36.93082662343926,36.22354328202891,36.8699836730957,920900,OEF,2010,6,23,Tuesday,36.6266,36.48213195800781,1.06,-0.0,-0.71,1.06,0.71
2010-06-09,37.03730791582841,37.31869937689738,36.49733965505619,36.61141586303711,1154700,OEF,2010,6,23,Wednesday,36.8662,36.8699836730957,-0.7,0.45,-1.01,-0.7,1.01
2010-06-10,37.280672134780794,37.62290654414196,37.128567630492256,37.577274322509766,2241400,OEF,2010,6,23,Thursday,37.4024,36.61141586303711,2.64,1.83,1.41,2.64,-1.41
2010-06-11,37.23503884708557,37.7445884866906,37.23503884708557,37.72937774658203,352300,OEF,2010,6,23,Friday,37.486,37.577274322509766,0.4,-0.91,-0.91,0.4,0.91
2010-06-14,37.995562883220686,38.16287814280421,37.57727763541426,37.61530303955078,895600,OEF,2010,6,24,Monday,37.8378,37.72937774658203,-0.3,0.71,-0.4,-0.3,0.4
2010-06-15,37.9118931761218,38.47467884197791,37.797817000052646,38.429046630859375,983300,OEF,2010,6,24,Tuesday,38.1534,37.61530303955078,2.16,0.79,0.49,2.16,-0.49
2010-06-16,38.29216276451629,38.58876786147899,38.21611196087592,38.44426727294922,528900,OEF,2010,6,24,Wednesday,38.3853,38.429046630859375,0.04,-0.36,-0.55,0.04,0.55
2010-06-17,38.54314145142023,38.58877368117772,38.19330306007076,38.565956115722656,771800,OEF,2010,6,24,Thursday,38.4728,38.44426727294922,0.32,0.26,-0.65,0.32,0.65
2010-06-18,38.657225121278316,38.733275945331634,38.49751374892159,38.59638214111328,334300,OEF,2010,6,24,Friday,38.6211,38.565956115722656,0.08,0.24,-0.18,0.08,0.18
2010-06-21,39.12111402234432,39.136324757366886,38.330176109228674,38.512699127197266,572900,OEF,2010,6,25,Monday,38.7751,38.59638214111328,-0.22,1.36,-0.69,-0.22,0.69
2010-06-22,38.51269206565606,38.67240040238282,37.95751339430788,38.01835632324219,928700,OEF,2010,6,25,Tuesday,38.2902,38.512699127197266,-1.28,-0.0,-1.44,-1.28,1.44
2010-06-23,38.055818718337385,38.11697852658186,37.673578665589886,37.83412170410156,501700,OEF,2010,6,25,Wednesday,37.9201,38.01835632324219,-0.48,0.1,-0.91,-0.48,0.91
2010-06-24,37.650669760018516,37.69653964612872,37.1690461627786,37.25313949584961,546800,OEF,2010,6,25,Thursday,37.4423,37.83412170410156,-1.54,-0.48,-1.76,-1.54,1.76
2010-06-25,37.36779037964156,37.54362046339553,37.04670720163756,37.329566955566406,999900,OEF,2010,6,25,Friday,37.3219,37.25313949584961,0.21,0.31,-0.55,0.21,0.55
2010-06-28,37.40602601670648,37.47482936901003,37.11552264961798,37.22254943847656,448700,OEF,2010,6,26,Monday,37.3047,37.329566955566406,-0.29,0.2,-0.57,-0.29,0.57
2010-06-29,36.73329483151688,36.76387475757155,35.96117065434101,36.17522430419922,2280400,OEF,2010,6,26,Tuesday,36.4084,37.22254943847656,-2.81,-1.31,-3.39,-2.81,3.39
2010-06-30,36.1293311838754,36.37396751874883,35.7318040658245,35.83118438720703,1817700,OEF,2010,6,26,Wednesday,36.0166,36.17522430419922,-0.95,-0.13,-1.23,-0.95,1.23
2010-07-01,35.8158995501354,35.9229292377951,35.1660924859216,35.66300582885742,1448500,OEF,2010,7,26,Thursday,35.642,35.83118438720703,-0.47,-0.04,-1.86,-0.47,1.86
2010-07-02,35.76238223799713,35.85412196020455,35.28076181958034,35.47188186645508,674400,OEF,2010,7,26,Friday,35.5923,35.66300582885742,-0.54,0.28,-1.07,-0.54,1.07
2010-07-06,36.01467978093149,36.205799921635844,35.441319358818404,35.77004623413086,906700,OEF,2010,7,27,Tuesday,35.858,35.47188186645508,0.84,1.53,-0.09,0.84,0.09
2010-07-07,35.90764377692872,36.90146767093522,35.81590403316603,36.870887756347656,462100,OEF,2010,7,27,Wednesday,36.374,35.77004623413086,3.08,0.38,0.13,3.08,-0.13
2010-07-08,37.092591194380425,37.23019790649414,36.81737777015299,37.23019790649414,451100,OEF,2010,7,27,Thursday,37.0926,36.870887756347656,0.97,0.6,-0.15,0.97,0.15
2010-07-09,37.25314281715431,37.46719647222842,37.153759513186046,37.421329498291016,724600,OEF,2010,7,27,Friday,37.3239,37.23019790649414,0.51,0.06,-0.21,0.51,0.21
2010-07-12,37.35251490695743,37.589501977850766,37.276065112910025,37.574214935302734,863000,OEF,2010,7,28,Monday,37.4481,37.421329498291016,0.41,-0.18,-0.39,0.41,0.39
2010-07-13,37.979386246077766,38.239309696954145,37.857069499563075,38.11699295043945,1021100,OEF,2010,7,28,Tuesday,38.0482,37.574214935302734,1.44,1.08,0.75,1.44,-0.75
2010-07-14,37.987027094381816,38.269886920259374,37.85706683621731,38.1246337890625,945600,OEF,2010,7,28,Wednesday,38.0597,38.11699295043945,0.02,-0.34,-0.68,0.02,0.68
2010-07-15,38.09405800303858,38.26988813710779,37.635368034097866,38.185794830322266,1193800,OEF,2010,7,28,Thursday,38.0463,38.1246337890625,0.16,-0.08,-1.28,0.16,1.28
2010-07-16,37.91058786827558,37.95645774783531,37.077304011974554,37.13081741333008,903600,OEF,2010,7,28,Friday,37.5188,38.185794830322266,-2.76,-0.72,-2.9,-2.76,2.9
2010-07-19,37.245467194416335,37.43658719780926,37.01612085733697,37.33720397949219,531200,OEF,2010,7,29,Monday,37.2588,37.13081741333008,0.56,0.31,-0.31,0.56,0.31
2010-07-20,36.8326694514025,37.71946668412933,36.817379491979096,37.696533203125,736500,OEF,2010,7,29,Tuesday,37.2665,37.33720397949219,0.96,-1.35,-1.39,0.96,1.39
2010-07-21,37.91822449455324,37.9411608882929,37.10787718352647,37.26841735839844,1191100,OEF,2010,7,29,Wednesday,37.5589,37.696533203125,-1.14,0.59,-1.56,-1.14,1.56
2010-07-22,37.65830313182282,38.23930986755567,37.65830313182282,38.07876968383789,787400,OEF,2010,7,29,Thursday,37.9087,37.26841735839844,2.17,1.05,1.05,2.17,-1.05
2010-07-23,38.00232154319415,38.369271800297426,37.88765122824642,38.30046844482422,667200,OEF,2010,7,29,Friday,38.1399,38.07876968383789,0.58,-0.2,-0.5,0.58,0.5
2010-07-26,38.407492195909725,38.7132825712547,38.292818982492264,38.667415618896484,601800,OEF,2010,7,30,Monday,38.5203,38.30046844482422,0.96,0.28,-0.02,0.96,0.02
2010-07-27,38.88911805607074,38.98850132698683,38.644484555555266,38.789737701416016,549900,OEF,2010,7,30,Tuesday,38.828,38.667415618896484,0.32,0.57,-0.06,0.32,0.06
2010-07-28,38.69799473581383,38.83560143295166,38.461007692279544,38.58332443237305,1161600,OEF,2010,7,30,Wednesday,38.6445,38.789737701416016,-0.53,-0.24,-0.85,-0.53,0.85
2010-07-29,38.78974375161355,38.90441408246877,38.11700006213467,38.42279052734375,1740600,OEF,2010,7,30,Thursday,38.5585,38.58332443237305,-0.42,0.53,-1.21,-0.42,1.21
2010-07-30,38.00996651884174,38.568036862323936,37.98703012372515,38.36927032470703,799000,OEF,2010,7,30,Friday,38.2336,38.42279052734375,-0.14,-1.07,-1.13,-0.14,1.13
2010-08-02,38.95792890647602,39.30194574410184,38.805032210168775,39.210208892822266,673500,OEF,2010,8,31,Monday,39.0688,38.36927032470703,2.19,1.53,1.14,2.19,-1.14
2010-08-03,39.126105780265824,39.2560660440592,38.97320912219153,39.103172302246094,1131900,OEF,2010,8,31,Tuesday,39.1146,39.210208892822266,-0.27,-0.21,-0.6,-0.27,0.6
2010-08-04,39.179624636448736,39.347811275408915,39.049664354533405,39.32487487792969,834300,OEF,2010,8,31,Wednesday,39.2255,39.103172302246094,0.57,0.2,-0.14,0.57,0.14
2010-08-05,39.06496580845869,39.24844247466693,39.01145238836934,39.24079895019531,582100,OEF,2010,8,31,Thursday,39.1414,39.32487487792969,-0.21,-0.66,-0.8,-0.21,0.8
2010-08-06,38.90440577187115,39.133749300852,38.613902413156104,39.103172302246094,1134200,OEF,2010,8,31,Friday,38.9388,39.24079895019531,-0.35,-0.86,-1.6,-0.35,1.6
2010-08-09,39.248423227894605,39.34016005788118,39.034369652505525,39.27900314331055,450200,OEF,2010,8,32,Monday,39.2255,39.103172302246094,0.45,0.37,-0.18,0.45,0.18
2010-08-10,38.912043237720695,39.27134694765906,38.74385666098752,39.08022689819336,1133400,OEF,2010,8,32,Tuesday,39.0019,39.27900314331055,-0.51,-0.93,-1.36,-0.51,1.36
2010-08-11,38.47628762411682,38.51451104863776,38.00995426268444,38.09404754638672,830200,OEF,2010,8,32,Wednesday,38.2737,39.08022689819336,-2.52,-1.55,-2.74,-2.52,2.74
2010-08-12,37.47484021056152,37.94881737674126,37.47484021056152,37.81121063232422,721000,OEF,2010,8,32,Thursday,37.6774,38.09404754638672,-0.74,-1.63,-1.63,-0.74,1.63
2010-08-13,37.68123245239258,37.90293242614831,37.658296061695296,37.68123245239258,715000,OEF,2010,8,32,Friday,37.7309,37.81121063232422,-0.34,-0.34,-0.4,-0.34,0.4
2010-08-16,37.451899684873574,37.803560002827304,37.34486996890969,37.696533203125,521900,OEF,2010,8,33,Monday,37.5742,37.68123245239258,0.04,-0.61,-0.89,0.04,0.89
2010-08-17,38.032887734144936,38.376904387354095,37.87999111980082,38.09404754638672,1235900,OEF,2010,8,33,Tuesday,38.096,37.696533203125,1.05,0.89,0.49,1.05,-0.49
2010-08-18,38.078774280765344,38.36163124569045,37.86471776037246,38.162864685058594,1003700,OEF,2010,8,33,Wednesday,38.117,38.09404754638672,0.18,-0.04,-0.6,0.18,0.6
2010-08-19,37.94115125565907,38.03288805854386,37.344854746257,37.50539779663086,1236100,OEF,2010,8,33,Thursday,37.7061,38.162864685058594,-1.72,-0.58,-2.14,-1.72,2.14
2010-08-20,37.39072181363956,37.42130171773769,37.115508509276644,37.32191848754883,677100,OEF,2010,8,33,Friday,37.3124,37.50539779663086,-0.49,-0.31,-1.04,-0.49,1.04
2010-08-23,37.52069924263283,37.696529383794974,37.207259480602296,37.22254943847656,371700,OEF,2010,8,34,Monday,37.4118,37.32191848754883,-0.27,0.53,-0.31,-0.27,0.31
2010-08-24,36.932055211082364,36.970278654078434,36.519235027696546,36.67977523803711,2502600,OEF,2010,8,34,Tuesday,36.7753,37.22254943847656,-1.46,-0.78,-1.89,-1.46,1.89
2010-08-25,36.47336598510067,36.932056060387055,36.282245849463465,36.8173828125,1190300,OEF,2010,8,34,Wednesday,36.6263,36.67977523803711,0.38,-0.56,-1.08,0.38,1.08
2010-08-26,36.93968516233968,36.96261863645971,36.42748479858771,36.53451156616211,886500,OEF,2010,8,34,Thursday,36.7161,36.8173828125,-0.77,0.33,-1.06,-0.77,1.06
2010-08-27,36.71799622782354,37.077302983756425,36.236375628979985,37.03143310546875,1531000,OEF,2010,8,34,Friday,36.7658,36.53451156616211,1.36,0.5,-0.82,1.36,0.82
2010-08-30,36.96263341207734,37.06201670009324,36.53452617064613,36.5498161315918,704400,OEF,2010,8,35,Monday,36.7772,37.03143310546875,-1.3,-0.19,-1.34,-1.3,1.34
2010-08-31,36.42749110776309,36.7638614235786,36.2822379698168,36.56509780883789,1201200,OEF,2010,8,35,Tuesday,36.5097,36.5498161315918,0.04,-0.33,-0.73,0.04,0.73
2010-09-01,37.054364714150296,37.635368516069015,37.00085132119441,37.597145080566406,1085900,OEF,2010,9,35,Wednesday,37.3219,36.56509780883789,2.82,1.34,1.19,2.82,-1.19
2010-09-02,37.64302160575306,37.880008697509766,37.58950528707779,37.880008697509766,647100,OEF,2010,9,35,Thursday,37.7481,37.597145080566406,0.75,0.12,-0.02,0.75,0.02
2010-09-03,38.208739758147345,38.37692642211914,38.04819953322629,38.37692642211914,947400,OEF,2010,9,35,Friday,38.2527,37.880008697509766,1.31,0.87,0.44,1.31,-0.44
2010-09-07,38.22402654193856,38.24696002465995,37.93352312366652,37.979393005371094,846200,OEF,2010,9,36,Tuesday,38.096,38.37692642211914,-1.04,-0.4,-1.16,-1.04,1.16
2010-09-08,38.040530780872224,38.35396752407412,38.00230735682523,38.208717346191406,611100,OEF,2010,9,36,Wednesday,38.1514,37.979393005371094,0.6,0.16,0.06,0.6,-0.06
2010-09-09,38.62918397973696,38.63683041492341,38.36161707342248,38.45335388183594,532700,OEF,2010,9,36,Thursday,38.5202,38.208717346191406,0.64,1.1,0.4,0.64,-0.4
2010-09-10,38.50687115956356,38.6750577555573,38.43042429752687,38.64447784423828,732500,OEF,2010,9,36,Friday,38.5642,38.45335388183594,0.5,0.14,-0.06,0.5,0.06
2010-09-13,39.003797476173084,39.126114245845535,38.85090078501707,39.04966735839844,517100,OEF,2010,9,37,Monday,39.0076,38.64447784423828,1.05,0.93,0.53,1.05,-0.53
2010-09-14,38.98085403442383,39.217841074721846,38.83560090261683,38.98085403442383,677300,OEF,2010,9,37,Tuesday,39.0038,39.04966735839844,-0.18,-0.18,-0.55,-0.18,0.55
2010-09-15,38.89676208348858,39.187262524689245,38.774445340809045,39.141395568847656,1053100,OEF,2010,9,37,Wednesday,39.0,38.98085403442383,0.41,-0.22,-0.53,0.41,0.53
2010-09-16,39.01143714668929,39.1872673034668,38.90441034832572,39.1872673034668,796000,OEF,2010,9,37,Thursday,39.0726,39.141395568847656,0.12,-0.33,-0.61,0.12,0.61
2010-09-17,39.370735746617726,39.416605614817236,39.10316880610625,39.16432571411133,729800,OEF,2010,9,37,Friday,39.2637,39.1872673034668,-0.06,0.47,-0.21,-0.06,0.21
2010-09-20,39.29429110271117,39.821781493635044,39.217841318059165,39.74533462524414,778800,OEF,2010,9,38,Monday,39.5198,39.16432571411133,1.48,0.33,0.14,1.48,-0.14
2010-09-21,39.75297310862555,39.98996303662698,39.54656309061024,39.68416976928711,1936200,OEF,2010,9,38,Tuesday,39.7434,39.74533462524414,-0.15,0.02,-0.5,-0.15,0.5
2010-09-22,39.6077110448545,39.85234441893453,39.44716802365335,39.56948471069336,793000,OEF,2010,9,38,Wednesday,39.6192,39.68416976928711,-0.29,-0.19,-0.6,-0.29,0.6
2010-09-23,39.240778496035446,39.60772872091735,39.118458838146985,39.21784210205078,1074000,OEF,2010,9,38,Thursday,39.2962,39.56948471069336,-0.89,-0.83,-1.14,-0.89,1.14
2010-09-24,39.657105896584554,39.98790255789003,39.60325555029052,39.96482467651367,759100,OEF,2010,9,38,Friday,39.8033,39.21784210205078,1.9,1.12,0.98,1.9,-0.98
2010-09-27,39.98790306776446,40.041753414745116,39.74172921453178,39.78019332885742,645200,OEF,2010,9,39,Monday,39.8879,39.96482467651367,-0.46,0.06,-0.56,-0.46,0.56
2010-09-28,39.88019302050266,39.97250746015799,39.41861788760286,39.872501373291016,507800,OEF,2010,9,39,Tuesday,39.786,39.78019332885742,0.23,0.25,-0.91,0.23,0.91
2010-09-29,39.78018899246147,39.88788967468245,39.61094632095285,39.71864700317383,488800,OEF,2010,9,39,Wednesday,39.7494,39.872501373291016,-0.39,-0.23,-0.66,-0.39,0.66
2010-09-30,39.9648276337358,40.180229034850676,39.45709366351931,39.61864471435547,2143700,OEF,2010,9,39,Thursday,39.8052,39.71864700317383,-0.25,0.62,-0.66,-0.25,0.66
2010-10-01,39.91865831646527,39.94173619341167,39.587861718658566,39.81864929199219,840300,OEF,2010,10,39,Friday,39.8167,39.61864471435547,0.5,0.76,-0.08,0.5,0.08
2010-10-04,39.70326509477308,39.887894017360416,39.372468429294976,39.534019470214844,694500,OEF,2010,10,40,Monday,39.6244,39.81864929199219,-0.71,-0.29,-1.12,-0.71,1.12
2010-10-05,39.903292287297226,40.387948490882735,39.834055686785014,40.30332565307617,583500,OEF,2010,10,40,Tuesday,40.1072,39.534019470214844,1.95,0.93,0.76,1.95,-0.76
2010-10-06,40.26483885447298,40.44947066341635,40.226374750208166,40.37253952026367,1341900,OEF,2010,10,40,Wednesday,40.3283,40.30332565307617,0.17,-0.1,-0.19,0.17,0.19
2010-10-07,40.57256854165174,40.57256854165174,40.110990361646294,40.31100845336914,774700,OEF,2010,10,40,Thursday,40.3918,40.37253952026367,-0.15,0.5,-0.65,-0.15,0.65
2010-10-08,40.411018015338314,40.62642235825062,40.24177530937933,40.51871871948242,1872900,OEF,2010,10,40,Friday,40.4495,40.31100845336914,0.52,0.25,-0.17,0.52,0.17
2010-10-11,40.611026578452545,40.6571823353087,40.418703099222846,40.54179000854492,538200,OEF,2010,10,41,Monday,40.5572,40.51871871948242,0.06,0.23,-0.25,0.06,0.25
2010-10-12,40.40333220343653,40.818751780550905,40.24947277473218,40.7110481262207,701400,OEF,2010,10,41,Tuesday,40.5457,40.54179000854492,0.42,-0.34,-0.72,0.42,0.72
2010-10-13,40.941835562212304,41.20339569034258,40.84182650111489,40.98799133300781,2805600,OEF,2010,10,41,Wednesday,40.9938,40.7110481262207,0.68,0.57,0.32,0.68,-0.32
2010-10-14,40.926441353582646,40.98029169876888,40.57256681818064,40.849510192871094,698100,OEF,2010,10,41,Thursday,40.8322,40.98799133300781,-0.34,-0.15,-1.01,-0.34,1.01
2010-10-15,41.14953906427198,41.14953906427198,40.595646422134074,40.90336227416992,853300,OEF,2010,10,41,Friday,40.9495,40.849510192871094,0.13,0.73,-0.62,0.13,0.62
2010-10-18,40.87259034602459,41.26492898811237,40.83412623360401,41.21107864379883,714400,OEF,2010,10,42,Monday,41.0457,40.90336227416992,0.75,-0.08,-0.17,0.75,0.17
2010-10-19,40.74949990436365,40.980287493568575,40.38023917471109,40.611026763916016,1141200,OEF,2010,10,42,Tuesday,40.6803,41.21107864379883,-1.46,-1.12,-2.02,-1.46,2.02
2010-10-20,40.72643189250372,41.21108803640953,40.6879677713166,41.01876449584961,1009600,OEF,2010,10,42,Wednesday,40.9111,40.611026763916016,1.0,0.28,0.19,1.0,-0.19
2010-10-21,41.18031260191064,41.42648648134055,40.79566554847341,41.118770599365234,1149100,OEF,2010,10,42,Thursday,41.1303,41.01876449584961,0.24,0.39,-0.54,0.24,0.54
2010-10-22,41.14953369602283,41.21877026725767,41.04952466321174,41.1649169921875,414900,OEF,2010,10,42,Friday,41.1457,41.118770599365234,0.11,0.07,-0.17,0.11,0.17
2010-10-25,41.39571536352985,41.595730532429776,41.203391844169765,41.234161376953125,703200,OEF,2010,10,43,Monday,41.3572,41.1649169921875,0.17,0.56,0.09,0.17,-0.09
2010-10-26,41.02644766462616,41.303391020884284,41.00336685063701,41.26492691040039,582900,OEF,2010,10,43,Tuesday,41.1495,41.234161376953125,0.07,-0.5,-0.56,0.07,0.56
2010-10-27,40.995678640816756,41.164921328065454,40.76489102393306,41.12645721435547,620300,OEF,2010,10,43,Wednesday,41.013,41.26492691040039,-0.34,-0.65,-1.21,-0.34,1.21
2010-10-28,41.32647094815108,41.34954882702154,40.964901861188785,41.1649169921875,2448900,OEF,2010,10,43,Thursday,41.2015,41.12645721435547,0.09,0.49,-0.39,0.09,0.39
2010-10-29,41.11876712409113,41.203389938235034,40.99568019477923,41.1110725402832,657600,OEF,2010,10,43,Friday,41.1072,41.1649169921875,-0.13,-0.11,-0.41,-0.13,0.41
2010-11-01,41.29570283622793,41.54956833441287,40.926442062289276,41.12645721435547,719300,OEF,2010,11,44,Monday,41.2245,41.1110725402832,0.04,0.45,-0.45,0.04,0.45
2010-11-02,41.44186835020699,41.526491162589,41.349553888801076,41.403404235839844,594000,OEF,2010,11,44,Tuesday,41.4303,41.12645721435547,0.67,0.77,0.54,0.67,-0.54
2010-11-03,41.52649082951927,41.664963987829395,41.14184381968531,41.65727233886719,1774800,OEF,2010,11,44,Wednesday,41.4976,41.403404235839844,0.61,0.3,-0.63,0.61,0.63
2010-11-04,42.111175038322976,42.480435983182986,42.05732173265317,42.465049743652344,391300,OEF,2010,11,44,Thursday,42.2785,41.65727233886719,1.94,1.09,0.96,1.94,-0.96
2010-11-05,42.488101630957324,42.649652645214694,42.41886506275798,42.595802307128906,519300,OEF,2010,11,44,Friday,42.5381,42.465049743652344,0.31,0.05,-0.11,0.31,0.11
2010-11-08,42.495803311140456,42.595809421647,42.35733015161343,42.53426742553711,319800,OEF,2010,11,45,Monday,42.4958,42.595802307128906,-0.14,-0.23,-0.56,-0.14,0.56
2010-11-09,42.65737008450519,42.66506173637169,42.1111718286117,42.28041458129883,1041200,OEF,2010,11,45,Tuesday,42.4285,42.53426742553711,-0.6,0.29,-0.99,-0.6,0.99
2010-11-10,42.280391029308674,42.434250392556535,41.94190277786198,42.39578628540039,802700,OEF,2010,11,45,Wednesday,42.2631,42.28041458129883,0.27,-0.0,-0.8,0.27,0.8
2010-11-11,42.03423186124362,42.23424998351323,41.91114491470243,42.18809127807617,740700,OEF,2010,11,45,Thursday,42.0919,42.39578628540039,-0.49,-0.85,-1.14,-0.49,1.14
2010-11-12,41.91883607541767,42.080387129314516,41.51110821392329,41.688045501708984,1207200,OEF,2010,11,45,Friday,41.7996,42.18809127807617,-1.19,-0.64,-1.6,-1.19,1.6
2010-11-15,41.86499762272463,41.965006711124445,41.618823662528996,41.62651824951172,604800,OEF,2010,11,46,Monday,41.7688,41.688045501708984,-0.15,0.42,-0.17,-0.15,0.17
2010-11-16,41.40341000159182,41.4418741213154,40.841825636679765,41.034149169921875,851900,OEF,2010,11,46,Tuesday,41.1803,41.62651824951172,-1.42,-0.54,-1.89,-1.42,1.89
2010-11-17,41.03414396098552,41.17261712211178,40.90336244897789,40.972599029541016,692300,OEF,2010,11,46,Wednesday,41.0207,41.034149169921875,-0.15,-0.0,-0.32,-0.15,0.32
2010-11-18,41.39571948667095,41.718821622758334,41.38802490174069,41.618812561035156,533300,OEF,2010,11,46,Thursday,41.5303,40.972599029541016,1.58,1.03,1.01,1.58,-1.01
2010-11-19,41.59573069394345,41.71112597985718,41.35724847254628,41.69573974609375,597300,OEF,2010,11,46,Friday,41.59,41.618812561035156,0.18,-0.06,-0.63,0.18,0.63
2010-11-22,41.48804366428388,41.618822292434096,41.09570191058326,41.564971923828125,913000,OEF,2010,11,47,Monday,41.4419,41.69573974609375,-0.31,-0.5,-1.44,-0.31,1.44
2010-11-23,41.126458423528405,41.17261712211178,40.8341288030386,40.972599029541016,1374900,OEF,2010,11,47,Tuesday,41.0265,41.564971923828125,-1.43,-1.06,-1.76,-1.43,1.76
2010-11-24,41.249557769304744,41.549582063854494,41.241866117870664,41.53419876098633,535000,OEF,2010,11,47,Wednesday,41.3938,40.972599029541016,1.37,0.68,0.66,1.37,-0.66
2010-11-26,41.18031121083763,41.38032931525788,41.14184709371805,41.203392028808594,241700,OEF,2010,11,47,Friday,41.2265,41.53419876098633,-0.8,-0.85,-0.94,-0.8,0.94
2010-11-29,40.96490980726877,41.311092730593025,40.726427585728935,41.203392028808594,926100,OEF,2010,11,48,Monday,41.0515,41.203392028808594,0.0,-0.58,-1.16,0.0,1.16
2010-11-30,40.80334511426576,41.18799202612433,40.75718642837844,40.94181823730469,924600,OEF,2010,11,48,Tuesday,40.9226,41.203392028808594,-0.63,-0.97,-1.08,-0.63,1.08
2010-12-01,41.54187999147765,41.88806291166477,41.51880210833985,41.80344009399414,553200,OEF,2010,12,48,Wednesday,41.688,40.94181823730469,2.1,1.47,1.41,2.1,-1.41
2010-12-02,41.89573531476308,42.34961872724995,41.88034908819812,42.303462982177734,2311000,OEF,2010,12,48,Thursday,42.1073,41.80344009399414,1.2,0.22,0.18,1.2,-0.18
2010-12-03,42.12654527716741,42.44195575315433,42.11885362710031,42.41118621826172,606500,OEF,2010,12,48,Friday,42.2746,42.303462982177734,0.25,-0.42,-0.44,0.25,0.44
2010-12-06,42.35732650756836,42.47271884083101,42.311167813489156,42.35732650756836,562200,OEF,2010,12,49,Monday,42.3746,42.41118621826172,-0.13,-0.13,-0.24,-0.13,0.24
2010-12-07,42.81121409399018,42.81121409399018,42.39579461201872,42.42656707763672,2280900,OEF,2010,12,49,Tuesday,42.6112,42.35732650756836,0.16,1.07,0.09,0.16,-0.09
2010-12-08,42.48810872051988,42.64965976173364,42.30347979759667,42.634273529052734,489000,OEF,2010,12,49,Wednesday,42.5189,42.42656707763672,0.49,0.15,-0.29,0.49,0.29
2010-12-09,42.89582806248866,42.89582806248866,42.588112252576046,42.82659149169922,507100,OEF,2010,12,49,Thursday,42.8016,42.634273529052734,0.45,0.61,-0.11,0.45,0.11
2010-12-10,42.94198541700696,43.08815020206598,42.81120686215784,43.05738067626953,1272800,OEF,2010,12,49,Friday,42.9747,42.82659149169922,0.54,0.27,-0.04,0.54,0.04
2010-12-13,43.21894108722269,43.34971967050273,43.11124038696289,43.11124038696289,707500,OEF,2010,12,50,Monday,43.1978,43.05738067626953,0.13,0.38,0.13,0.13,-0.13
2010-12-14,43.16510459820405,43.37281441595768,43.065095515294914,43.19587707519531,319100,OEF,2010,12,50,Tuesday,43.1997,43.11124038696289,0.2,0.12,-0.11,0.2,0.11
2010-12-15,43.080471566119684,43.26510344978057,42.94969297177074,43.04200744628906,613200,OEF,2010,12,50,Wednesday,43.0843,43.19587707519531,-0.36,-0.27,-0.57,-0.36,0.57
2010-12-16,43.09585449555927,43.280483430435034,42.91891721020999,43.24971389770508,637400,OEF,2010,12,50,Thursday,43.1362,43.04200744628906,0.48,0.13,-0.29,0.48,0.29
2010-12-17,43.22663289552184,43.311255713072335,43.118932194866304,43.28048324584961,915100,OEF,2010,12,50,Friday,43.2343,43.24971389770508,0.07,-0.05,-0.3,0.07,0.3
2010-12-20,43.40356011298866,43.465105033159226,43.165080883886,43.342018127441406,425300,OEF,2010,12,51,Monday,43.3439,43.28048324584961,0.14,0.28,-0.27,0.14,0.27
2010-12-21,43.44974166564483,43.64206524044033,43.44205001388794,43.58821487426758,449600,OEF,2010,12,51,Tuesday,43.5305,43.342018127441406,0.57,0.25,0.23,0.57,-0.23
2010-12-22,43.62666079142701,43.788211822509766,43.62666079142701,43.788211822509766,1004500,OEF,2010,12,51,Wednesday,43.7074,43.58821487426758,0.46,0.09,0.09,0.46,-0.09
2010-12-23,43.74879837036133,43.77971695755591,43.632858091219774,43.74879837036133,455000,OEF,2010,12,51,Thursday,43.7275,43.788211822509766,-0.09,-0.09,-0.35,-0.09,0.35
2010-12-27,43.5710209168306,43.78744807863394,43.5710209168306,43.74879837036133,332100,OEF,2010,12,52,Monday,43.6696,43.74879837036133,0.0,-0.41,-0.41,0.0,0.41
2010-12-28,43.81063033615902,43.872464554638036,43.74879316912159,43.841548919677734,325500,OEF,2010,12,52,Tuesday,43.8184,43.74879837036133,0.21,0.14,-0.0,0.21,0.0
2010-12-29,43.85702173446386,43.95750273904473,43.85702173446386,43.864749908447266,1493700,OEF,2010,12,52,Wednesday,43.8841,43.841548919677734,0.05,0.04,0.04,0.05,-0.04
2010-12-30,43.84154984534501,43.880196601280176,43.68695987304584,43.77971267700195,427200,OEF,2010,12,52,Thursday,43.7971,43.864749908447266,-0.19,-0.05,-0.41,-0.19,0.41
2010-12-31,43.70241743524005,43.82608881847235,43.63285209788698,43.80289840698242,292700,OEF,2010,12,52,Friday,43.7411,43.77971267700195,0.05,-0.18,-0.34,0.05,0.34
2011-01-03,44.096636634308275,44.405816689974124,44.096636634308275,44.23576736450195,472900,OEF,2011,1,1,Monday,44.2087,43.80289840698242,0.99,0.67,0.67,0.99,-0.67
2011-01-04,44.30531097362386,44.37487630456088,44.0811556907648,44.320770263671875,684300,OEF,2011,1,1,Tuesday,44.2705,44.23576736450195,0.19,0.16,-0.35,0.19,0.35
2011-01-05,44.16620307513173,44.62224204663855,44.16620307513173,44.583595275878906,403700,OEF,2011,1,1,Wednesday,44.3846,44.320770263671875,0.59,-0.35,-0.35,0.59,0.35
2011-01-06,44.62223118702288,44.62996230842906,44.35170090898415,44.475372314453125,417900,OEF,2011,1,1,Thursday,44.5198,44.583595275878906,-0.24,0.09,-0.52,-0.24,0.52
2011-01-07,44.552655348913206,44.57584281055537,44.05796984349243,44.3748779296875,419700,OEF,2011,1,1,Friday,44.3903,44.475372314453125,-0.23,0.17,-0.94,-0.23,0.94
2011-01-10,44.25122190454897,44.33624655814378,44.06571330138218,44.29759979248047,1406800,OEF,2011,1,2,Monday,44.2377,44.3748779296875,-0.17,-0.28,-0.7,-0.17,0.7
2011-01-11,44.49855434700901,44.52174181127794,44.25121156627869,44.421260833740234,340000,OEF,2011,1,2,Tuesday,44.4232,44.29759979248047,0.28,0.45,-0.1,0.28,0.1
2011-01-12,44.699537227596785,44.86958360367096,44.61451256527994,44.83866500854492,394400,OEF,2011,1,2,Wednesday,44.7556,44.421260833740234,0.94,0.63,0.44,0.94,-0.44
2011-01-13,44.846377220859544,44.846377220859544,44.59130334146814,44.72270584106445,2233800,OEF,2011,1,2,Thursday,44.7517,44.83866500854492,-0.26,0.02,-0.55,-0.26,0.55
2011-01-14,44.645411467548925,45.07826279129367,44.645411467548925,45.04734420776367,471100,OEF,2011,1,2,Friday,44.8541,44.72270584106445,0.73,-0.17,-0.17,0.73,0.17
2011-01-18,45.000993333695504,45.14012408538635,44.931427957850076,45.093746185302734,427000,OEF,2011,1,3,Tuesday,45.0416,45.04734420776367,0.1,-0.1,-0.26,0.1,0.26
2011-01-19,45.0859922178466,45.116907851656876,44.606763036808616,44.73043441772461,460200,OEF,2011,1,3,Wednesday,44.885,45.093746185302734,-0.81,-0.02,-1.08,-0.81,1.08
2011-01-20,44.637681214600654,44.823189758572425,44.39806662625342,44.72270584106445,5754900,OEF,2011,1,3,Thursday,44.6454,44.73043441772461,-0.02,-0.21,-0.74,-0.02,0.74
2011-01-21,45.03188131872848,45.116905942364774,44.83864460993989,44.89275360107422,536100,OEF,2011,1,3,Friday,44.97,44.72270584106445,0.38,0.69,0.26,0.38,-0.26
2011-01-24,44.82320429585918,45.17875925951565,44.82320429585918,45.17102813720703,973300,OEF,2011,1,4,Monday,44.999,44.89275360107422,0.62,-0.15,-0.15,0.62,0.15
2011-01-25,44.97776983635402,45.201925099092485,44.79999243959663,45.17873764038086,1507500,OEF,2011,1,4,Tuesday,45.0396,45.17102813720703,0.02,-0.43,-0.82,0.02,0.82
2011-01-26,45.26378243461608,45.418369493026745,45.18648595685161,45.30242919921875,946500,OEF,2011,1,4,Wednesday,45.2928,45.17873764038086,0.27,0.19,0.02,0.27,-0.02
2011-01-27,45.31789431253878,45.426106446741834,45.19422288079823,45.3642692565918,1261300,OEF,2011,1,4,Thursday,45.3256,45.30242919921875,0.14,0.03,-0.24,0.14,0.24
2011-01-28,45.41062865707326,45.464734702141705,44.52173857627744,44.61449432373047,2230400,OEF,2011,1,4,Friday,45.0029,45.3642692565918,-1.65,0.1,-1.86,-1.65,1.86
2011-01-31,44.71497749468409,44.86956746615588,44.52174076748397,44.861839294433594,1512700,OEF,2011,1,5,Monday,44.742,44.61449432373047,0.55,0.23,-0.21,0.55,0.21
2011-02-01,45.12464993418648,45.704360225920674,45.11691881243697,45.6270637512207,3749000,OEF,2011,2,5,Tuesday,45.3932,44.861839294433594,1.71,0.59,0.57,1.71,-0.57
2011-02-02,45.52657572504757,45.627056703799006,45.480197847390976,45.51884460449219,1265600,OEF,2011,2,5,Wednesday,45.5382,45.6270637512207,-0.24,-0.22,-0.32,-0.24,0.32
2011-02-03,45.48020273812583,45.69662696001274,45.232859927809685,45.642520904541016,1085800,OEF,2011,2,5,Thursday,45.5131,45.51884460449219,0.27,-0.08,-0.63,0.27,0.63
2011-02-04,45.62706114370935,45.68889831993543,45.39517762997923,45.673439025878906,1067100,OEF,2011,2,5,Friday,45.5961,45.642520904541016,0.07,-0.03,-0.54,0.07,0.54
2011-02-07,45.820291519141676,46.10628399654356,45.7816447636588,45.98261260986328,623800,OEF,2011,2,6,Monday,45.9227,45.673439025878906,0.68,0.32,0.24,0.68,-0.24
2011-02-08,46.044435946253614,46.23767262655468,45.897577130705585,46.21448516845703,807000,OEF,2011,2,6,Tuesday,46.0985,45.98261260986328,0.5,0.13,-0.18,0.5,0.18
2011-02-09,46.09082661200454,46.21449800380269,45.87439946493887,46.121742248535156,860100,OEF,2011,2,6,Wednesday,46.0754,46.21448516845703,-0.2,-0.27,-0.74,-0.2,0.74
2011-02-10,45.874388635610494,46.052168983626295,45.727529813942944,46.013519287109375,747900,OEF,2011,2,6,Thursday,45.9169,46.121742248535156,-0.23,-0.54,-0.85,-0.23,0.85
2011-02-11,45.83575670989555,46.322714147612636,45.82802853722777,46.26860809326172,1233900,OEF,2011,2,6,Friday,46.0638,46.013519287109375,0.55,-0.39,-0.4,0.55,0.4
2011-02-14,46.21448964093069,46.41545451052705,46.19129923203101,46.36907958984375,451300,OEF,2011,2,7,Monday,46.2976,46.26860809326172,0.22,-0.12,-0.17,0.22,0.17
2011-02-15,46.27631973148604,46.32269759659845,46.10627345652273,46.260860443115234,434100,OEF,2011,2,7,Tuesday,46.2415,46.36907958984375,-0.23,-0.2,-0.57,-0.23,0.57
2011-02-16,46.41545943295962,46.5545901068806,46.2840598790111,46.49275588989258,783800,OEF,2011,2,7,Wednesday,46.4367,46.260860443115234,0.5,0.33,0.05,0.5,-0.05
2011-02-17,46.37681417883519,46.69372229111489,46.33816742339784,46.6241569519043,1117500,OEF,2011,2,7,Thursday,46.5082,46.49275588989258,0.28,-0.25,-0.33,0.28,0.33
2011-02-18,46.70917932992939,46.76328537464349,46.58550794936027,46.7169075012207,711900,OEF,2011,2,7,Friday,46.6937,46.6241569519043,0.2,0.18,-0.08,0.2,0.08
2011-02-22,46.191310508633656,46.50049048193935,45.72754349723387,45.88213348388672,954700,OEF,2011,2,8,Tuesday,46.0754,46.7169075012207,-1.79,-1.13,-2.12,-1.79,2.12
2011-02-23,45.866675778747144,45.9439693004709,45.426096218092276,45.673439025878906,3299300,OEF,2011,2,8,Wednesday,45.7275,45.88213348388672,-0.45,-0.03,-0.99,-0.45,0.99
2011-02-24,45.580679170819444,45.72753801883788,45.171015312985446,45.56521987915039,1482700,OEF,2011,2,8,Thursday,45.5111,45.673439025878906,-0.24,-0.2,-1.1,-0.24,1.1
2011-02-25,45.773918721579946,46.02898967848068,45.72754084370773,45.96715545654297,522500,OEF,2011,2,8,Friday,45.8744,45.56521987915039,0.88,0.46,0.36,0.88,-0.36
2011-02-28,46.121755947394846,46.33818315874268,46.052193533120956,46.291805267333984,831000,OEF,2011,2,9,Monday,46.201,45.96715545654297,0.71,0.34,0.18,0.71,-0.18
2011-03-01,46.50048750704094,46.50048750704094,45.557491302490234,45.557491302490234,780600,OEF,2011,3,9,Tuesday,46.029,46.291805267333984,-1.59,0.45,-1.59,-1.59,1.59
2011-03-02,45.472478834025964,45.828033788663284,45.44928841624759,45.61160659790039,623300,OEF,2011,3,9,Wednesday,45.5904,45.557491302490234,0.12,-0.19,-0.24,0.12,0.24
2011-03-03,45.99807090422061,46.430922250240236,45.99807090422061,46.384544372558594,309000,OEF,2011,3,9,Thursday,46.2029,45.61160659790039,1.69,0.85,0.85,1.69,-0.85
2011-03-04,46.322708186094445,46.376814233482165,45.70435125269304,45.98261260986328,641800,OEF,2011,3,9,Friday,46.0966,46.384544372558594,-0.87,-0.13,-1.47,-0.87,1.47
2011-03-07,46.19131637397748,46.20677566946165,45.45701900411366,45.68117141723633,487400,OEF,2011,3,10,Monday,45.8841,45.98261260986328,-0.66,0.45,-1.14,-0.66,1.14
2011-03-08,45.7507294530228,46.19904010466162,45.58841129924681,46.052181243896484,515200,OEF,2011,3,10,Tuesday,45.8976,45.68117141723633,0.81,0.15,-0.2,0.81,0.2
2011-03-09,46.02900106902771,46.168131788515694,45.78165822295113,46.00581359863281,664500,OEF,2011,3,10,Wednesday,45.9962,46.052181243896484,-0.1,-0.05,-0.59,-0.1,0.59
2011-03-10,45.58068610193882,45.58068610193882,45.11691612702023,45.18648147583008,5359000,OEF,2011,3,10,Thursday,45.3662,46.00581359863281,-1.78,-0.92,-1.93,-1.78,1.93
2011-03-11,44.97005516181847,45.627058909982544,44.97005516181847,45.46474075317383,919100,OEF,2011,3,10,Friday,45.258,45.18648147583008,0.62,-0.48,-0.48,0.62,0.48
2011-03-14,45.140090843719335,45.30240895163913,44.830910967965416,45.217384338378906,535300,OEF,2011,3,11,Monday,45.1227,45.46474075317383,-0.54,-0.71,-1.39,-0.54,1.39
2011-03-15,44.04252898514835,44.915960104761176,43.96523544828751,44.668617248535156,1143400,OEF,2011,3,11,Tuesday,44.3981,45.217384338378906,-1.21,-2.6,-2.77,-1.21,2.77
2011-03-16,44.52947000850431,44.552657471251045,43.439615031032716,43.75652313232422,4058800,OEF,2011,3,11,Wednesday,44.0696,44.668617248535156,-2.04,-0.31,-2.75,-2.04,2.75
2011-03-17,44.39034746114635,44.498559571851885,44.05798000765999,44.32851028442383,1083800,OEF,2011,3,11,Thursday,44.3188,43.75652313232422,1.31,1.45,0.69,1.31,-0.69
2011-03-18,44.83864725242666,44.87729695530867,44.42125817774942,44.506282806396484,567500,OEF,2011,3,11,Friday,44.6609,44.32851028442383,0.4,1.15,0.21,0.4,-0.21
2011-03-21,45.13235977439978,45.29467788249681,45.00868841367474,45.17873764038086,432500,OEF,2011,3,12,Monday,45.1536,44.506282806396484,1.51,1.41,1.13,1.51,-1.13
2011-03-22,45.17876034031996,45.225135281044174,45.000982854238785,45.031898498535156,447500,OEF,2011,3,12,Tuesday,45.1092,45.17873764038086,-0.33,0.0,-0.39,-0.33,0.39
2011-03-23,44.915951201880034,45.28696541267959,44.72271444947033,45.18648147583008,375200,OEF,2011,3,12,Wednesday,45.028,45.031898498535156,0.34,-0.26,-0.69,0.34,0.69
2011-03-24,45.426098943910326,45.62706388158641,45.19421541626591,45.54977035522461,377500,OEF,2011,3,12,Thursday,45.4493,45.18648147583008,0.8,0.53,0.02,0.8,-0.02
2011-03-25,45.66931915283203,45.85562781669991,45.591688075118064,45.66931915283203,679600,OEF,2011,3,12,Friday,45.6965,45.54977035522461,0.26,0.26,0.09,0.26,-0.09
2011-03-28,45.79351731072052,45.93324730170313,45.607205720539916,45.614967346191406,252900,OEF,2011,3,13,Monday,45.7372,45.66931915283203,-0.12,0.27,-0.14,-0.12,0.14
2011-03-29,45.58392049622421,45.90996209608394,45.45194916200306,45.89443588256836,1022000,OEF,2011,3,13,Tuesday,45.7101,45.614967346191406,0.61,-0.07,-0.36,0.61,0.36
2011-03-30,46.18166137612669,46.33691757177952,46.08074247989466,46.17389678955078,511800,OEF,2011,3,13,Wednesday,46.1933,45.89443588256836,0.61,0.63,0.41,0.61,-0.41
2011-03-31,46.06522497606218,46.243772003872486,46.049698761297456,46.0729866027832,480100,OEF,2011,3,13,Thursday,46.1079,46.17389678955078,-0.22,-0.24,-0.27,-0.22,0.27
2011-04-01,46.39124301245962,46.437821633068815,46.127303418316515,46.21269607543945,896600,OEF,2011,4,13,Friday,46.2923,46.0729866027832,0.3,0.69,0.12,0.3,-0.12
2011-04-04,46.30587466316172,46.39126439832723,46.158377110565084,46.27482223510742,697000,OEF,2011,4,14,Monday,46.2826,46.21269607543945,0.13,0.2,-0.12,0.13,0.12
2011-04-05,46.11180261528075,46.43008260771351,46.11180261528075,46.22824478149414,707800,OEF,2011,4,14,Tuesday,46.2205,46.27482223510742,-0.1,-0.35,-0.35,-0.1,0.35
2011-04-06,46.48443382130109,46.507721667761864,46.267069729481726,46.42232894897461,1082700,OEF,2011,4,14,Wednesday,46.4204,46.22824478149414,0.42,0.55,0.08,0.42,-0.08
2011-04-07,46.399022330468505,46.53099068878575,46.11179481547288,46.35244369506836,591200,OEF,2011,4,14,Thursday,46.3486,46.42232894897461,-0.15,-0.05,-0.67,-0.15,0.67
2011-04-08,46.56979291080095,46.56979291080095,46.057439929384465,46.21269607543945,341800,OEF,2011,4,14,Friday,46.3524,46.35244369506836,-0.3,0.47,-0.64,-0.3,0.64
2011-04-11,46.23601683212191,46.43009010179134,46.003126539460126,46.119571685791016,453900,OEF,2011,4,15,Monday,46.1972,46.21269607543945,-0.2,0.05,-0.45,-0.2,0.45
2011-04-12,45.77799685664689,45.90220361195087,45.56839740182342,45.746944427490234,369600,OEF,2011,4,15,Tuesday,45.7489,46.119571685791016,-0.81,-0.74,-1.2,-0.81,1.2
2011-04-13,45.925494794776654,45.972073441900775,45.55287450175219,45.708133697509766,425400,OEF,2011,4,15,Wednesday,45.7896,45.746944427490234,-0.08,0.39,-0.42,-0.08,0.42
2011-04-14,45.4364293646033,45.785761814727124,45.30446097306922,45.708133697509766,437500,OEF,2011,4,15,Thursday,45.5587,45.708133697509766,0.0,-0.59,-0.88,0.0,0.88
2011-04-15,45.78575347930437,45.90996022103368,45.63049431181216,45.79351806640625,273300,OEF,2011,4,15,Friday,45.7799,45.708133697509766,0.19,0.17,-0.17,0.19,0.17
2011-04-18,45.28118261556629,45.36657237786349,44.916323873304655,45.288944244384766,607500,OEF,2011,4,16,Monday,45.2133,45.79351806640625,-1.1,-1.12,-1.92,-1.1,1.92
2011-04-19,45.397617596558895,45.58392923313301,45.27341082595048,45.560638427734375,380700,OEF,2011,4,16,Tuesday,45.4539,45.288944244384766,0.6,0.24,-0.03,0.6,0.03
2011-04-20,46.142852783203125,46.22824548318266,46.041936829884264,46.142852783203125,1428500,OEF,2011,4,16,Wednesday,46.139,45.560638427734375,1.28,1.28,1.06,1.28,-1.06
2011-04-21,46.34468881171494,46.35245043808302,46.1894296324506,46.32916259765625,405700,OEF,2011,4,16,Thursday,46.3039,46.142852783203125,0.4,0.44,0.1,0.4,-0.1
2011-04-25,46.29810928330763,46.34468792459209,46.17390253453821,46.30587387084961,271000,OEF,2011,4,17,Monday,46.2806,46.32916259765625,-0.05,-0.07,-0.34,-0.05,0.34
2011-04-26,46.4145517650765,46.794933615962236,46.39902555219839,46.725067138671875,419000,OEF,2011,4,17,Tuesday,46.5834,46.30587387084961,0.91,0.23,0.2,0.91,-0.2
2011-04-27,46.79494810350522,47.12099275224323,46.65521510566367,47.04336166381836,854000,OEF,2011,4,17,Wednesday,46.9036,46.725067138671875,0.68,0.15,-0.15,0.68,0.15
2011-04-28,46.9657219054225,47.24518783189446,46.95019569158267,47.16755676269531,518500,OEF,2011,4,17,Thursday,47.0822,47.04336166381836,0.26,-0.17,-0.2,0.26,0.2
2011-04-29,47.21412551491662,47.35385844888465,47.15978525852037,47.31504440307617,429000,OEF,2011,4,17,Friday,47.2607,47.16755676269531,0.31,0.1,-0.02,0.31,0.02
2011-05-02,47.501360073429126,47.563464925018444,47.12097822207265,47.22189712524414,472000,OEF,2011,5,18,Monday,47.3519,47.31504440307617,-0.2,0.39,-0.41,-0.2,0.41
2011-05-03,47.167563110457515,47.284008249266066,46.92691416686009,47.1598014831543,540400,OEF,2011,5,18,Tuesday,47.1346,47.22189712524414,-0.13,-0.12,-0.62,-0.13,0.62
2011-05-04,47.15204445774063,47.15204445774063,46.67074060092626,46.84152603149414,947400,OEF,2011,5,18,Wednesday,46.9541,47.1598014831543,-0.67,-0.02,-1.04,-0.67,1.04
2011-05-05,46.60862637888077,46.779408803006255,46.104034809869695,46.32139587402344,1600000,OEF,2011,5,18,Thursday,46.4534,46.84152603149414,-1.11,-0.5,-1.57,-1.11,1.57
2011-05-06,46.802689231963356,46.965709993952416,46.34467640447855,46.48440933227539,956900,OEF,2011,5,18,Friday,46.6494,46.32139587402344,0.35,1.04,0.05,0.35,-0.05
2011-05-09,46.46889524163708,46.756122796430944,46.39126417188027,46.63191604614258,333200,OEF,2011,5,19,Monday,46.562,46.48440933227539,0.32,-0.03,-0.2,0.32,0.2
2011-05-10,46.77166309829586,47.04336452097651,46.68627037650382,46.965736389160156,311300,OEF,2011,5,19,Tuesday,46.8668,46.63191604614258,0.72,0.3,0.12,0.72,-0.12
2011-05-11,46.89585547492816,46.89585547492816,46.28258335353751,46.468894958496094,551000,OEF,2011,5,19,Wednesday,46.6358,46.965736389160156,-1.06,-0.15,-1.45,-1.06,1.45
2011-05-12,46.3602177082263,46.73283798322741,46.072987173504906,46.66297149658203,557000,OEF,2011,5,19,Thursday,46.4573,46.468894958496094,0.42,-0.23,-0.85,0.42,0.85
2011-05-13,46.6396702258838,46.66295806095277,46.13507874969573,46.298099517822266,454100,OEF,2011,5,19,Friday,46.434,46.66297149658203,-0.78,-0.05,-1.13,-0.78,1.13
2011-05-16,46.142855935506056,46.43784811159101,45.909968622311766,45.995361328125,429400,OEF,2011,5,20,Monday,46.1215,46.298099517822266,-0.65,-0.34,-0.84,-0.65,0.84
2011-05-17,45.754708635402025,46.05746539477569,45.64602808854507,46.02641296386719,595400,OEF,2011,5,20,Tuesday,45.8712,45.995361328125,0.07,-0.52,-0.76,0.07,0.76
2011-05-18,46.04971190954989,46.42233228632692,45.91774348835373,46.38351821899414,365500,OEF,2011,5,20,Wednesday,46.1933,46.02641296386719,0.78,0.05,-0.24,0.78,0.24
2011-05-19,46.562053500848215,46.59310593137642,46.23601186427036,46.453372955322266,432900,OEF,2011,5,20,Thursday,46.4611,46.38351821899414,0.15,0.38,-0.32,0.15,0.32
2011-05-20,46.383496897771444,46.406784735201626,46.034164529707894,46.088504791259766,221900,OEF,2011,5,20,Friday,46.2282,46.453372955322266,-0.79,-0.15,-0.9,-0.79,0.9
2011-05-23,45.52182991040727,45.715903198198106,45.41314934305613,45.58393478393555,431100,OEF,2011,5,21,Monday,45.5587,46.088504791259766,-1.09,-1.23,-1.47,-1.09,1.47
2011-05-24,45.73917702150491,45.79352024984223,45.50628973982368,45.59168243408203,3972400,OEF,2011,5,21,Tuesday,45.6577,45.58393478393555,0.02,0.34,-0.17,0.02,0.17
2011-05-25,45.42866355205421,45.90996434936972,45.397611123499,45.723655700683594,773000,OEF,2011,5,21,Wednesday,45.615,45.59168243408203,0.29,-0.36,-0.43,0.29,0.43
2011-05-26,45.61497666647957,45.97207370717944,45.49853448998161,45.87115478515625,319300,OEF,2011,5,21,Thursday,45.7392,45.723655700683594,0.32,-0.24,-0.49,0.32,0.49
2011-05-27,46.00310612501111,46.189417684197856,45.95653045620575,46.05744934082031,739300,OEF,2011,5,21,Friday,46.0516,45.87115478515625,0.41,0.29,0.19,0.41,-0.19
2011-05-31,46.43785032614348,46.57758331298828,46.228250845876275,46.57758331298828,1126000,OEF,2011,5,22,Tuesday,46.4553,46.05744934082031,1.13,0.83,0.37,1.13,-0.37
2011-06-01,46.42233155942862,46.46891021629272,45.5451194370906,45.576171875,492800,OEF,2011,6,22,Wednesday,46.0031,46.57758331298828,-2.15,-0.33,-2.22,-2.15,2.22
2011-06-02,45.568403330305955,45.67708388517103,45.250123293348366,45.49077224731445,657200,OEF,2011,6,22,Thursday,45.4966,45.576171875,-0.19,-0.02,-0.72,-0.19,0.72
2011-06-03,44.916304658934024,45.42865782015934,44.916304658934024,45.12590408325195,329400,OEF,2011,6,22,Friday,45.0968,45.49077224731445,-0.8,-1.26,-1.26,-0.8,1.26
2011-06-06,44.978424078192305,45.04829058019691,44.629094529492605,44.69119644165039,1142900,OEF,2011,6,23,Monday,44.8368,45.12590408325195,-0.96,-0.33,-1.1,-0.96,1.1
2011-06-07,44.86973263283837,44.96288695915268,44.53592642211259,44.55145263671875,289900,OEF,2011,6,23,Tuesday,44.73,44.69119644165039,-0.31,0.4,-0.35,-0.31,0.35
2011-06-08,44.458303224076474,44.691190546262995,44.380672142465656,44.450538635253906,588900,OEF,2011,6,23,Wednesday,44.4952,44.55145263671875,-0.23,-0.21,-0.38,-0.23,0.38
2011-06-09,44.59026499285706,44.978411459247496,44.48158445607935,44.7921028137207,447900,OEF,2011,6,23,Thursday,44.7106,44.450538635253906,0.77,0.31,0.07,0.77,-0.07
2011-06-10,44.57474241479955,44.621321060641925,44.07015374412626,44.18659591674805,629000,OEF,2011,6,23,Friday,44.3632,44.7921028137207,-1.35,-0.49,-1.61,-1.35,1.61
2011-06-13,44.27975003138321,44.4738232664843,44.101203010448906,44.3108024597168,491300,OEF,2011,6,24,Monday,44.2914,44.18659591674805,0.28,0.21,-0.19,0.28,0.19
2011-06-14,44.71446199352478,44.97064002691688,44.67564794761376,44.78432846069336,352700,OEF,2011,6,24,Tuesday,44.7863,44.3108024597168,1.07,0.91,0.82,1.07,-0.82
2011-06-15,44.403955450940146,44.53592382541401,43.914890083990734,44.03909683227539,557200,OEF,2011,6,24,Wednesday,44.2235,44.78432846069336,-1.66,-0.85,-1.94,-1.66,1.94
2011-06-16,44.023561137055026,44.34960563190736,43.83725253541526,44.171058654785156,502000,OEF,2011,6,24,Thursday,44.0954,44.03909683227539,0.3,-0.04,-0.46,0.3,0.46
2011-06-17,44.54368455992416,44.58249861015776,44.124485710227965,44.27198028564453,668600,OEF,2011,6,24,Friday,44.3807,44.171058654785156,0.23,0.84,-0.11,0.23,0.11
2011-06-20,44.108965308724784,44.5514520545893,44.108965308724784,44.45829772949219,198100,OEF,2011,6,25,Monday,44.3069,44.27198028564453,0.42,-0.37,-0.37,0.42,0.37
2011-06-21,44.64461193133888,45.08710169355053,44.590271654831355,45.001708984375,172100,OEF,2011,6,25,Tuesday,44.8309,44.45829772949219,1.22,0.42,0.3,1.22,-0.3
2011-06-22,44.86975036183995,45.08711449088874,44.67567704456441,44.72225570678711,329000,OEF,2011,6,25,Wednesday,44.8387,45.001708984375,-0.62,-0.29,-0.72,-0.62,0.72
2011-06-23,44.21116272672026,44.59350554354699,43.891244441851164,44.58570098876953,690200,OEF,2011,6,25,Thursday,44.3204,44.72225570678711,-0.31,-1.14,-1.86,-0.31,1.86
2011-06-24,44.56227696245984,44.56227696245984,43.977060584160824,44.03948211669922,350700,OEF,2011,6,25,Friday,44.2853,44.58570098876953,-1.23,-0.05,-1.37,-1.23,1.37
2011-06-27,44.016078088126115,44.648112901008716,44.016078088126115,44.44523620605469,222200,OEF,2011,6,26,Monday,44.2814,44.03948211669922,0.92,-0.05,-0.05,0.92,0.05
2011-06-28,44.63250778359591,44.99143981933594,44.58568939680014,44.99143981933594,225900,OEF,2011,6,26,Tuesday,44.8003,44.44523620605469,1.23,0.42,0.32,1.23,-0.32
2011-06-29,45.22551013242851,45.443992885220354,45.03824260325117,45.38936996459961,410400,OEF,2011,6,26,Wednesday,45.2743,44.99143981933594,0.88,0.52,0.1,0.88,-0.1
2011-06-30,45.553240275692104,45.90437067143342,45.48301419654384,45.834144592285156,421300,OEF,2011,6,26,Thursday,45.6937,45.38936996459961,0.98,0.36,0.21,0.98,-0.21
2011-07-01,45.873157186469,46.53640115660674,45.77952043241154,46.4661750793457,2175200,OEF,2011,7,26,Friday,46.1638,45.834144592285156,1.38,0.09,-0.12,1.38,0.12
2011-07-05,46.42716125343715,46.55980885683905,46.341329050499866,46.4661750793457,956400,OEF,2011,7,27,Tuesday,46.4486,46.4661750793457,0.0,-0.08,-0.27,0.0,0.27
2011-07-06,46.38035276942315,46.606637175149395,46.247705137727266,46.55201721191406,327300,OEF,2011,7,27,Wednesday,46.4467,46.4661750793457,0.18,-0.18,-0.47,0.18,0.47
2011-07-07,46.903149798899605,47.16064349774157,46.84852983318874,47.043601989746094,362800,OEF,2011,7,27,Thursday,46.989,46.55201721191406,1.06,0.75,0.64,1.06,-0.64
2011-07-08,46.55201775639181,46.747089906389526,46.41156557026827,46.739288330078125,380800,OEF,2011,7,27,Friday,46.6125,47.043601989746094,-0.65,-1.04,-1.34,-0.65,1.34
2011-07-11,46.20089413345916,46.310134077386,45.849763616147705,45.98241424560547,313600,OEF,2011,7,28,Monday,46.0858,46.739288330078125,-1.62,-1.15,-1.9,-1.62,1.9
2011-07-12,45.896571266861,46.21648944628608,45.74831751717385,45.76392364501953,330000,OEF,2011,7,28,Tuesday,45.9063,45.98241424560547,-0.48,-0.19,-0.51,-0.48,0.51
2011-07-13,46.01361618176228,46.38034977170131,45.82634562237025,45.92778396606445,320000,OEF,2011,7,28,Wednesday,46.037,45.76392364501953,0.36,0.55,0.14,0.36,-0.14
2011-07-14,46.09944106880278,46.27890704738374,45.63907078407281,45.70149230957031,413100,OEF,2011,7,28,Thursday,45.9297,45.92778396606445,-0.49,0.37,-0.63,-0.49,0.63
2011-07-15,45.99020911838177,46.05263363527667,45.662489334377916,45.94339370727539,460200,OEF,2011,7,28,Friday,45.9122,45.70149230957031,0.53,0.63,-0.09,0.53,0.09
2011-07-18,45.70150415975876,45.80294251362931,45.295753720841425,45.670291900634766,280100,OEF,2011,7,29,Monday,45.6176,45.94339370727539,-0.59,-0.53,-1.41,-0.59,1.41
2011-07-19,45.92778670788278,46.442777056249305,45.904379002773084,46.37255096435547,317700,OEF,2011,7,29,Tuesday,46.1619,45.670291900634766,1.54,0.56,0.51,1.54,-0.51
2011-07-20,46.56762218289608,46.5910298875392,46.349142335387796,46.411563873291016,334400,OEF,2011,7,29,Wednesday,46.4798,46.37255096435547,0.08,0.42,-0.05,0.08,0.05
2011-07-21,46.63003474154,47.16063110608473,46.57541479018076,47.082603454589844,616900,OEF,2011,7,29,Thursday,46.8622,46.411563873291016,1.45,0.47,0.35,1.45,-0.35
2011-07-22,47.11382293701172,47.137230640740064,46.83291858601335,47.11382293701172,260200,OEF,2011,7,29,Friday,47.0494,47.082603454589844,0.07,0.07,-0.53,0.07,0.53
2011-07-25,46.598829905251904,47.09040951430627,46.598829905251904,46.86412811279297,374900,OEF,2011,7,30,Monday,46.788,47.11382293701172,-0.53,-1.09,-1.09,-0.53,1.09
2011-07-26,46.87192560627909,46.926545558084186,46.606627421841175,46.68465805053711,262200,OEF,2011,7,30,Tuesday,46.7724,46.86412811279297,-0.38,0.02,-0.55,-0.38,0.55
2011-07-27,46.41155198760122,46.43495968624979,45.78732188560683,45.841941833496094,1044700,OEF,2011,7,30,Wednesday,46.1189,46.68465805053711,-1.81,-0.59,-1.92,-1.81,1.92
2011-07-28,45.818536762653764,46.216482545322144,45.63126623303306,45.70149230957031,337600,OEF,2011,7,30,Thursday,45.8419,45.841941833496094,-0.31,-0.05,-0.46,-0.31,0.46
2011-07-29,45.27234103842047,45.76392364761133,45.08507048082625,45.33476257324219,937300,OEF,2011,7,30,Friday,45.364,45.70149230957031,-0.8,-0.94,-1.35,-0.8,1.35
2011-08-01,45.94338398306864,45.966791683667445,44.78075290278004,45.24112319946289,945200,OEF,2011,8,31,Monday,45.483,45.33476257324219,-0.21,1.34,-1.22,-0.21,1.22
2011-08-02,44.92121361659141,45.100679634018626,44.18774341798911,44.211151123046875,347300,OEF,2011,8,31,Tuesday,44.6052,45.24112319946289,-2.28,-0.71,-2.33,-2.28,2.33
2011-08-03,44.3203792587722,44.453029830796616,43.57130313054329,44.43742370605469,1768300,OEF,2011,8,31,Wednesday,44.1955,44.211151123046875,0.51,0.25,-1.45,0.51,1.45
2011-08-04,43.82878959793592,43.89901565953722,42.354045280872256,42.40086364746094,1616500,OEF,2011,8,31,Thursday,43.1207,44.43742370605469,-4.58,-1.37,-4.69,-4.58,4.69
2011-08-05,42.90807088780122,43.025112390400594,41.30847689652703,42.44770050048828,1664600,OEF,2011,8,31,Friday,42.4223,42.40086364746094,0.11,1.2,-2.58,0.11,2.58
2011-08-08,41.285073202836344,41.893697409872125,39.80252354667247,39.88055419921875,2125000,OEF,2011,8,32,Monday,40.7155,42.44770050048828,-6.05,-2.74,-6.23,-6.05,6.23
2011-08-09,40.629616750070305,41.55815887451172,39.069039950062795,41.55815887451172,1589300,OEF,2011,8,32,Tuesday,40.7037,39.88055419921875,4.21,1.88,-2.03,4.21,2.03
2011-08-10,40.910538387160884,41.02758288738752,39.5528346861061,39.69328689575195,1909200,OEF,2011,8,32,Wednesday,40.2961,41.55815887451172,-4.49,-1.56,-4.83,-4.49,4.83
2011-08-11,40.052217413377114,41.846880694250366,39.91956679645393,41.3162841796875,2038500,OEF,2011,8,32,Thursday,40.7837,39.69328689575195,4.09,0.9,0.57,4.09,-0.57
2011-08-12,41.815650324398376,41.99511627710488,41.378687802658405,41.628379821777344,1338100,OEF,2011,8,32,Friday,41.7045,41.3162841796875,0.76,1.21,0.15,0.76,-0.15
2011-08-15,42.05755895293935,42.494518687026755,41.940514466128825,42.46330642700195,438800,OEF,2011,8,33,Monday,42.239,41.628379821777344,2.01,1.03,0.75,2.01,-0.75
2011-08-16,42.10437280260171,42.50232166172521,41.71422849647701,42.158992767333984,2424200,OEF,2011,8,33,Tuesday,42.12,42.46330642700195,-0.72,-0.85,-1.76,-0.72,1.76
2011-08-17,42.424289472918566,42.70519383937103,41.95611751320762,42.24482345581055,359900,OEF,2011,8,33,Wednesday,42.3326,42.158992767333984,0.2,0.63,-0.48,0.2,0.48
2011-08-18,41.129008002460914,41.20703864196981,40.16145188506695,40.598411560058594,1044100,OEF,2011,8,33,Thursday,40.774,42.24482345581055,-3.9,-2.64,-4.93,-3.9,4.93
2011-08-19,39.950772336213866,40.97294838005208,39.85713854838418,39.87274169921875,1848900,OEF,2011,8,33,Friday,40.1634,40.598411560058594,-1.79,-1.6,-1.83,-1.79,1.83
2011-08-22,40.82470277079093,40.82470277079093,39.77911583919111,39.88055419921875,1337900,OEF,2011,8,34,Monday,40.3273,39.87274169921875,0.02,2.39,-0.23,0.02,0.23
2011-08-23,40.07562088238426,41.17582763194801,39.8727441900876,41.12900924682617,1537500,OEF,2011,8,34,Tuesday,40.5633,39.88055419921875,3.13,0.49,-0.02,3.13,0.02
2011-08-24,41.05877970118353,41.73763283376486,40.980752042446646,41.69861602783203,552700,OEF,2011,8,34,Wednesday,41.3689,41.12900924682617,1.38,-0.17,-0.36,1.38,0.36
2011-08-25,41.90929015483526,42.182392886672496,40.97294345929804,41.15241241455078,918500,OEF,2011,8,34,Thursday,41.5543,41.69861602783203,-1.31,0.51,-1.74,-1.31,1.74
2011-08-26,40.871509290076744,41.84686983934743,40.37992673980635,41.65959930419922,836100,OEF,2011,8,34,Friday,41.1895,41.15241241455078,1.23,-0.68,-1.88,1.23,1.88
2011-08-29,42.2682339901892,42.744210534476395,42.14338792747165,42.7130012512207,349100,OEF,2011,8,35,Monday,42.4672,41.65959930419922,2.53,1.46,1.16,2.53,-1.16
2011-08-30,42.51010773332464,43.04850560784197,42.24480958286021,42.77540588378906,613200,OEF,2011,8,35,Tuesday,42.6447,42.7130012512207,0.15,-0.48,-1.1,0.15,1.1
2011-08-31,43.03292279096786,43.38405032304581,42.64277844282333,42.91587829589844,707300,OEF,2011,8,35,Wednesday,42.9939,42.77540588378906,0.33,0.6,-0.31,0.33,0.31
2011-09-01,42.97047951692219,43.337215996658365,42.47889701931725,42.517913818359375,629200,OEF,2011,9,35,Thursday,42.8261,42.91587829589844,-0.93,0.13,-1.02,-0.93,1.02
2011-09-02,41.72203069365228,41.86248287405176,41.33968798555043,41.48794174194336,611500,OEF,2011,9,35,Friday,41.603,42.517913818359375,-2.42,-1.87,-2.77,-2.42,2.77
2011-09-06,40.37993254819753,41.238248764393276,40.325312587706776,41.160221099853516,785400,OEF,2011,9,36,Tuesday,40.7759,41.48794174194336,-0.79,-2.67,-2.8,-0.79,2.8
2011-09-07,41.80786375383092,42.25262800852574,41.636199312873366,42.24482345581055,387700,OEF,2011,9,36,Wednesday,41.9854,41.160221099853516,2.64,1.57,1.16,2.64,-1.16
2011-09-08,41.971724310707856,42.47110853610562,41.77665216162656,41.83127212524414,392100,OEF,2011,9,36,Thursday,42.0127,42.24482345581055,-0.98,-0.65,-1.11,-0.98,1.11
2011-09-09,41.4021146882525,41.4645362291937,40.5594015613102,40.793487548828125,835000,OEF,2011,9,36,Friday,41.0549,41.83127212524414,-2.48,-1.03,-3.04,-2.48,3.04
2011-09-12,40.270691092341686,41.05097961425781,40.12243436817634,41.05097961425781,592400,OEF,2011,9,37,Monday,40.6238,40.793487548828125,0.63,-1.28,-1.65,0.63,1.65
2011-09-13,41.14461192857134,41.495742346159794,40.88711827338272,41.33188247680664,556700,OEF,2011,9,37,Tuesday,41.2148,41.05097961425781,0.68,0.23,-0.4,0.68,0.4
2011-09-14,41.628397891062036,42.369672696826825,41.02757825565194,41.9015007019043,678600,OEF,2011,9,37,Wednesday,41.7318,41.33188247680664,1.38,0.72,-0.74,1.38,0.74
2011-09-15,42.3462467055086,42.634952545166016,42.0107224959485,42.634952545166016,803200,OEF,2011,9,37,Thursday,42.4067,41.9015007019043,1.75,1.06,0.26,1.75,-0.26
2011-09-16,42.8300355610103,42.97829228195395,42.47110356310411,42.876853942871094,436600,OEF,2011,9,37,Friday,42.7891,42.634952545166016,0.57,0.46,-0.38,0.57,0.38
2011-09-19,42.17460794476231,42.67399228748774,41.93272032807275,42.5023307800293,942100,OEF,2011,9,38,Monday,42.3209,42.876853942871094,-0.87,-1.64,-2.2,-0.87,2.2
2011-09-20,42.72860468408285,43.017313624464826,42.4164910135297,42.46330642700195,527700,OEF,2011,9,38,Tuesday,42.6564,42.5023307800293,-0.09,0.53,-0.2,-0.09,0.2
2011-09-21,42.533529253617324,42.62716602649253,41.26946258544922,41.26946258544922,1009800,OEF,2011,9,38,Wednesday,41.9249,42.46330642700195,-2.81,0.17,-2.81,-2.81,2.81
2011-09-22,40.16925748822899,40.442360289045446,39.435787262692656,40.02100372314453,1923900,OEF,2011,9,38,Thursday,40.0171,41.26946258544922,-3.03,-2.67,-4.44,-3.03,4.44
2011-09-23,39.80252845849398,40.411155717202305,39.70109306251376,40.21608352661133,1050000,OEF,2011,9,38,Friday,40.0327,40.02100372314453,0.49,-0.55,-0.8,0.49,0.8
2011-09-26,40.57386489239677,41.264351163428124,40.12661888551278,41.19373321533203,1321700,OEF,2011,9,39,Monday,40.7896,40.21608352661133,2.43,0.89,-0.22,2.43,0.22
2011-09-27,41.94697020271509,42.30005978216671,41.38987497356497,41.625267028808594,647300,OEF,2011,9,39,Tuesday,41.8155,41.19373321533203,1.05,1.83,0.48,1.05,-0.48
2011-09-28,41.73513956690837,41.99407306628783,40.848495568050645,40.879878997802734,499100,OEF,2011,9,39,Wednesday,41.3644,41.625267028808594,-1.79,0.26,-1.87,-1.79,1.87
2011-09-29,41.648836487613664,41.782224311603045,40.589567033105,41.2722053527832,712200,OEF,2011,9,39,Thursday,41.3232,40.879878997802734,0.96,1.88,-0.71,0.96,0.71
2011-09-30,40.76218243708595,41.12311730381926,40.314936408052525,40.35416793823242,1404000,OEF,2011,9,39,Friday,40.6386,41.2722053527832,-2.22,-1.24,-2.32,-2.22,2.32
2011-10-03,40.06385394613942,40.58956307388823,39.26351810074684,39.30274963378906,1588400,OEF,2011,10,40,Monday,39.8049,40.35416793823242,-2.61,-0.72,-2.7,-2.61,2.7
2011-10-04,38.792720249502665,40.13446106535901,38.36901561661607,40.02460861206055,2359200,OEF,2011,10,40,Tuesday,39.3302,39.30274963378906,1.84,-1.3,-2.38,1.84,2.38
2011-10-05,40.110930508093624,40.81711007413408,39.773533936893635,40.72295379638672,1981600,OEF,2011,10,40,Wednesday,40.3561,40.02460861206055,1.74,0.22,-0.63,1.74,0.63
2011-10-06,40.644482038565144,41.44481777013873,40.409089880613784,41.40558624267578,1179500,OEF,2011,10,40,Thursday,40.976,40.72295379638672,1.68,-0.19,-0.77,1.68,0.77
2011-10-07,41.59391160215229,41.64883934935228,40.96619798959462,41.20943832397461,841900,OEF,2011,10,40,Friday,41.3546,41.40558624267578,-0.47,0.45,-1.06,-0.47,1.06
2011-10-10,41.84497991233969,42.511924743652344,41.84497991233969,42.511924743652344,515400,OEF,2011,10,41,Monday,42.1785,41.20943832397461,3.16,1.54,1.54,3.16,-1.54
2011-10-11,42.331473528801226,42.7081016590824,42.26870067716721,42.574710845947266,380900,OEF,2011,10,41,Tuesday,42.4707,42.511924743652344,0.15,-0.42,-0.57,0.15,0.57
2011-10-12,42.8885495511849,43.41426146766979,42.825779721362,42.95916748046875,1149100,OEF,2011,10,41,Wednesday,43.0219,42.574710845947266,0.9,0.74,0.59,0.9,-0.59
2011-10-13,42.69240514018082,42.98272207357096,42.44131973943679,42.833641052246094,640700,OEF,2011,10,41,Thursday,42.7375,42.95916748046875,-0.29,-0.62,-1.21,-0.29,1.21
2011-10-14,43.39073434280463,43.602588199891265,43.1631872748404,43.58689498901367,423400,OEF,2011,10,41,Friday,43.4359,42.833641052246094,1.76,1.3,0.77,1.76,-0.77
2011-10-17,43.39856784544915,43.39856784544915,42.70023366560015,42.78654479980469,274500,OEF,2011,10,42,Monday,43.071,43.58689498901367,-1.84,-0.43,-2.03,-1.84,2.03
2011-10-18,42.81009836675082,43.916444236352746,42.49624015123199,43.5633544921875,654500,OEF,2011,10,42,Tuesday,43.1965,42.78654479980469,1.82,0.06,-0.68,1.82,0.68
2011-10-19,43.53981590365878,43.7281284372634,42.91209947651336,43.04549026489258,568100,OEF,2011,10,42,Wednesday,43.3064,43.5633544921875,-1.19,-0.05,-1.49,-1.19,1.49
2011-10-20,43.194575078245514,43.39858383300587,42.64532465265674,43.23380661010742,656600,OEF,2011,10,42,Thursday,43.1181,43.04549026489258,0.44,0.35,-0.93,0.44,0.93
2011-10-21,43.68889753639538,43.99490765277865,43.53196842735494,43.92428970336914,472600,OEF,2011,10,42,Friday,43.785,43.23380661010742,1.6,1.05,0.69,1.6,-0.69
2011-10-24,43.97921749635696,44.47354317654817,43.95567917597728,44.37938690185547,678300,OEF,2011,10,43,Monday,44.197,43.92428970336914,1.04,0.13,0.07,1.04,-0.07
2011-10-25,44.151845048825166,44.230308121485486,43.48489695851505,43.594749450683594,3545000,OEF,2011,10,43,Tuesday,43.8654,44.37938690185547,-1.77,-0.51,-2.02,-1.77,2.02
2011-10-26,44.01059504781282,44.12044451167441,43.3044156470263,43.987056732177734,764900,OEF,2011,10,43,Wednesday,43.8556,43.594749450683594,0.9,0.95,-0.67,0.9,0.67
2011-10-27,45.101260452973804,45.66620413495016,44.75601875464061,45.3994255065918,548800,OEF,2011,10,43,Thursday,45.2307,43.987056732177734,3.21,2.53,1.75,3.21,-1.75
2011-10-28,45.226803160838074,45.47788857656663,45.1247987753314,45.3994255065918,537000,OEF,2011,10,43,Friday,45.3072,45.3994255065918,0.0,-0.38,-0.6,0.0,0.6
2011-10-31,44.92078130810529,44.944319624337695,44.293067932128906,44.293067932128906,813100,OEF,2011,10,44,Monday,44.6128,45.3994255065918,-2.44,-1.05,-2.44,-2.44,2.44
2011-11-01,43.11610966427408,43.6339736388751,42.982718871405865,43.12395477294922,883500,OEF,2011,11,44,Tuesday,43.2142,44.293067932128906,-2.64,-2.66,-2.96,-2.64,2.96
2011-11-02,43.743827367321536,43.88506328258027,43.36719925768962,43.72813415527344,699900,OEF,2011,11,44,Wednesday,43.6811,43.12395477294922,1.4,1.44,0.56,1.4,-0.56
2011-11-03,44.245997710841245,44.63047391900609,43.696747267680365,44.54416275024414,816600,OEF,2011,11,44,Thursday,44.2793,43.72813415527344,1.87,1.18,-0.07,1.87,0.07
2011-11-04,44.19891911218486,44.30092049513989,43.78305649866226,44.206764221191406,573800,OEF,2011,11,44,Friday,44.1224,44.54416275024414,-0.76,-0.78,-1.71,-0.76,1.71
2011-11-07,44.198926482765344,44.58339974485428,43.83798855162078,44.5206298828125,293900,OEF,2011,11,45,Monday,44.2852,44.206764221191406,0.71,-0.02,-0.83,0.71,0.83
2011-11-08,44.76385318669911,45.17971573925654,44.434304779604,45.10124969482422,456600,OEF,2011,11,45,Tuesday,44.8698,44.5206298828125,1.3,0.55,-0.19,1.3,0.19
2011-11-09,44.198916031684945,44.31661061762418,43.429963702981176,43.5633544921875,689700,OEF,2011,11,45,Wednesday,43.8772,45.10124969482422,-3.41,-2.0,-3.71,-3.41,3.71
2011-11-10,44.11260523285243,44.15183676181909,43.5084301086097,43.92428970336914,453700,OEF,2011,11,45,Thursday,43.9243,43.5633544921875,0.83,1.26,-0.13,0.83,0.13
2011-11-11,44.4107567712562,44.834464367762685,44.40291166458301,44.732460021972656,367700,OEF,2011,11,45,Friday,44.5951,43.92428970336914,1.84,1.11,1.09,1.84,-1.09
2011-11-14,44.567698084302165,44.59908450596175,44.14399037141954,44.332305908203125,466600,OEF,2011,11,46,Monday,44.4108,44.732460021972656,-0.89,-0.37,-1.32,-0.89,1.32
2011-11-15,44.19107801137422,44.779560054842285,44.1126149361816,44.536319732666016,395500,OEF,2011,11,46,Tuesday,44.4049,44.332305908203125,0.46,-0.32,-0.5,0.46,0.5
2011-11-16,44.13613614845118,44.62261361102114,43.77520135342099,43.85366439819336,348700,OEF,2011,11,46,Wednesday,44.0969,44.536319732666016,-1.53,-0.9,-1.71,-1.53,1.71
2011-11-17,43.75166721238027,43.92428953096458,42.93564123628575,43.24949645996094,492800,OEF,2011,11,46,Thursday,43.4653,43.85366439819336,-1.38,-0.23,-2.09,-1.38,2.09
2011-11-18,43.3671986001654,43.45350976853424,43.037647138500226,43.194576263427734,317900,OEF,2011,11,46,Friday,43.2632,43.24949645996094,-0.13,0.27,-0.49,-0.13,0.49
2011-11-21,42.527625214319535,42.61393637049163,42.01760637867008,42.33930969238281,589400,OEF,2011,11,47,Monday,42.3746,43.194576263427734,-1.98,-1.54,-2.72,-1.98,2.72
2011-11-22,42.25299735198212,42.488392496098996,41.978373674743885,42.19022750854492,347500,OEF,2011,11,47,Tuesday,42.2275,42.33930969238281,-0.35,-0.2,-0.85,-0.35,0.85
2011-11-23,41.852829937145835,41.86067504493715,41.3035796033744,41.327117919921875,436800,OEF,2011,11,47,Wednesday,41.5861,42.19022750854492,-2.05,-0.8,-2.1,-2.05,2.1
2011-11-25,41.209424789394454,41.71944062257708,41.209424789394454,41.21726989746094,299900,OEF,2011,11,47,Friday,41.3389,41.327117919921875,-0.27,-0.28,-0.28,-0.27,0.28
2011-11-28,42.25300324770042,42.5119367450895,42.07253580702349,42.37070083618164,463300,OEF,2011,11,48,Monday,42.302,41.21726989746094,2.8,2.51,2.08,2.8,-2.08
2011-11-29,42.511936640990925,42.80225356717995,42.3785458414939,42.52762985229492,454900,OEF,2011,11,48,Tuesday,42.5551,42.37070083618164,0.37,0.33,0.02,0.37,-0.02
2011-11-30,43.59474957304804,44.34015774493637,43.59474957304804,44.300926208496094,758300,OEF,2011,11,48,Wednesday,43.9576,42.52762985229492,4.17,2.51,2.51,4.17,-2.51
2011-12-01,44.23814655452096,44.45000039620334,44.06552424059301,44.27737808227539,434600,OEF,2011,12,48,Thursday,44.2578,44.300926208496094,-0.05,-0.14,-0.53,-0.05,0.53
2011-12-02,44.66969595771474,44.81093184145611,44.285219831269124,44.293067932128906,485600,OEF,2011,12,48,Friday,44.5147,44.27737808227539,0.04,0.89,0.02,0.04,-0.02
2011-12-05,44.912954734910834,45.069880898784454,44.504940123855036,44.779563903808594,611800,OEF,2011,12,49,Monday,44.8168,44.293067932128906,1.1,1.4,0.48,1.1,-0.48
2011-12-06,44.76384963562045,45.11693932462172,44.63046186042737,44.842315673828125,564800,OEF,2011,12,49,Tuesday,44.8384,44.779563903808594,0.14,-0.04,-0.33,0.14,0.33
2011-12-07,44.63047196913845,45.19541260632508,44.42646321676424,45.03848648071289,3328600,OEF,2011,12,49,Wednesday,44.8227,44.842315673828125,0.44,-0.47,-0.93,0.44,0.93
2011-12-08,44.76385229307537,44.842318335941265,44.002751132903825,44.136138916015625,629100,OEF,2011,12,49,Thursday,44.4363,45.03848648071289,-2.0,-0.61,-2.3,-2.0,2.3
2011-12-09,44.34799091192791,44.94431784723325,44.285218080225576,44.81877517700195,419400,OEF,2011,12,49,Friday,44.5991,44.136138916015625,1.55,0.48,0.34,1.55,-0.34
2011-12-12,44.395056312958445,44.44213292848001,43.84580618421854,44.19104766845703,305300,OEF,2011,12,50,Monday,44.2185,44.81877517700195,-1.4,-0.95,-2.17,-1.4,2.17
2011-12-13,44.4970728877261,44.685388393850616,43.681044016475546,43.94782257080078,724100,OEF,2011,12,50,Tuesday,44.2028,44.19104766845703,-0.55,0.69,-1.15,-0.55,1.15
2011-12-14,43.69674713218188,43.88506268100348,43.320119027712785,43.43781661987305,3224500,OEF,2011,12,50,Wednesday,43.5849,43.94782257080078,-1.16,-0.57,-1.43,-1.16,1.43
2011-12-15,43.877211450454915,43.95567750402588,43.51627658355016,43.57120132446289,761000,OEF,2011,12,50,Thursday,43.7301,43.43781661987305,0.31,1.01,0.18,0.31,-0.18
2011-12-16,43.89289333432377,44.0655156144597,43.54765176722503,43.657501220703125,556600,OEF,2011,12,50,Friday,43.7909,43.57120132446289,0.2,0.74,-0.05,0.2,0.05
2011-12-19,43.79090679834176,43.85367665306598,43.09257233475617,43.210269927978516,493600,OEF,2011,12,51,Monday,43.4869,43.657501220703125,-1.02,0.31,-1.29,-1.02,1.29
2011-12-20,43.85367577734929,44.51277570124974,43.85367577734929,44.44215774536133,595100,OEF,2011,12,51,Tuesday,44.1656,43.210269927978516,2.85,1.49,1.49,2.85,-1.49
2011-12-21,44.395077472546504,44.58339001073109,44.04198772198313,44.528465270996094,368200,OEF,2011,12,51,Wednesday,44.3872,44.44215774536133,0.19,-0.11,-0.9,0.19,0.9
2011-12-22,44.667410965537556,44.9200365826282,44.58846357798741,44.8963508605957,1743800,OEF,2011,12,51,Thursday,44.7681,44.528465270996094,0.83,0.31,0.13,0.83,-0.13
2011-12-23,45.08582239495249,45.33844801661408,44.943720106325976,45.32265853881836,193600,OEF,2011,12,51,Friday,45.1727,44.8963508605957,0.95,0.42,0.11,0.95,-0.11
2011-12-27,45.18056430288649,45.48055841140426,45.18056430288649,45.30687713623047,1252800,OEF,2011,12,52,Tuesday,45.2871,45.32265853881836,-0.03,-0.31,-0.31,-0.03,0.31
2011-12-28,45.314764143529324,45.314764143529324,44.73056552621012,44.80161666870117,287100,OEF,2011,12,52,Wednesday,45.0404,45.30687713623047,-1.12,0.02,-1.27,-1.12,1.27
2011-12-29,44.943711131457576,45.28317730743969,44.86476676977844,45.2515983581543,346400,OEF,2011,12,52,Thursday,45.0858,44.80161666870117,1.0,0.32,0.14,1.0,-0.14
2011-12-30,45.18845495125197,45.2910820452004,45.022666931152344,45.022666931152344,1126100,OEF,2011,12,52,Friday,45.1312,45.2515983581543,-0.51,-0.14,-0.51,-0.51,0.51
2012-01-03,45.788443175828036,46.02527934856836,45.788443175828036,45.835811614990234,843900,OEF,2012,1,1,Tuesday,45.8595,45.022666931152344,1.81,1.7,1.7,1.81,-1.7
2012-01-04,45.73316327430231,45.969999352644784,45.55948207813524,45.914737701416016,527700,OEF,2012,1,1,Wednesday,45.7943,45.835811614990234,0.17,-0.22,-0.6,0.17,0.6
2012-01-05,45.693695245390366,46.09631631397629,45.5121208017901,46.00947570800781,6298900,OEF,2012,1,1,Thursday,45.8279,45.914737701416016,0.21,-0.48,-0.88,0.21,0.88
2012-01-06,46.0252888517055,46.03318509896392,45.733190945398945,45.891082763671875,897700,OEF,2012,1,1,Friday,45.9207,46.00947570800781,-0.26,0.03,-0.6,-0.26,0.6
2012-01-09,46.00159943278322,46.04896787482659,45.79633919546417,45.9779167175293,2192200,OEF,2012,1,2,Monday,45.9562,45.891082763671875,0.19,0.24,-0.21,0.19,0.21
2012-01-10,46.49894565329617,46.51473211840831,46.24632005001558,46.30947494506836,671100,OEF,2012,1,2,Tuesday,46.3924,45.9779167175293,0.72,1.13,0.58,0.72,-0.58
2012-01-11,46.08053919776449,46.372640043732474,46.06474971866877,46.32527160644531,361200,OEF,2012,1,2,Wednesday,46.2108,46.30947494506836,0.03,-0.49,-0.53,0.03,0.53
2012-01-12,46.45946316138853,46.48314887840736,46.09631429013192,46.40420150756836,667800,OEF,2012,1,2,Thursday,46.3608,46.32527160644531,0.17,0.29,-0.49,0.17,0.49
2012-01-13,46.06475301518706,46.2226448059082,45.77265515985097,46.2226448059082,630800,OEF,2012,1,2,Friday,46.0707,46.40420150756836,-0.39,-0.73,-1.36,-0.39,1.36
2012-01-17,46.56999973226057,46.67262681964171,46.24632296940367,46.34105682373047,606900,OEF,2012,1,3,Tuesday,46.4575,46.2226448059082,0.26,0.75,0.05,0.26,-0.05
2012-01-18,46.341058847692885,46.85420334161513,46.270007700960875,46.83052062988281,397600,OEF,2012,1,3,Wednesday,46.5739,46.34105682373047,1.06,0.0,-0.15,1.06,0.15
2012-01-19,47.00420272485374,47.0752538728628,46.838417716677625,47.02788543701172,785500,OEF,2012,1,3,Thursday,46.9864,46.83052062988281,0.42,0.37,0.02,0.42,-0.02
2012-01-20,46.97263930851021,47.12263488769531,46.85421968547095,47.12263488769531,253100,OEF,2012,1,3,Friday,47.018,47.02788543701172,0.2,-0.12,-0.37,0.2,0.37
2012-01-23,47.122612178968275,47.32787235844848,46.90945876713944,47.13050842285156,826300,OEF,2012,1,4,Monday,47.1226,47.12263488769531,0.02,-0.0,-0.45,0.02,0.45
2012-01-24,46.79894384909274,47.00420406543308,46.759471657191966,46.98051834106445,1077600,OEF,2012,1,4,Tuesday,46.8858,47.13050842285156,-0.32,-0.7,-0.79,-0.32,0.79
2012-01-25,46.98050460771939,47.50154521849049,46.830509117729065,47.39891815185547,1089500,OEF,2012,1,4,Wednesday,47.1779,46.98051834106445,0.89,-0.0,-0.32,0.89,0.32
2012-01-26,47.635761492098105,47.65155096895183,47.004197475623,47.18577194213867,454700,OEF,2012,1,4,Thursday,47.3693,47.39891815185547,-0.45,0.5,-0.83,-0.45,0.83
2012-01-27,46.95682870373044,47.217350552620985,46.92524975025253,47.09103775024414,552300,OEF,2012,1,4,Friday,47.0476,47.18577194213867,-0.2,-0.49,-0.55,-0.2,0.55
2012-01-30,46.6489404765109,47.02787887584604,46.546310385586374,47.00419616699219,478000,OEF,2012,1,5,Monday,46.8068,47.09103775024414,-0.18,-0.94,-1.16,-0.18,1.16
2012-01-31,47.256823108362134,47.2726125852246,46.751571894902476,46.95682907104492,1157600,OEF,2012,1,5,Tuesday,47.0595,47.00419616699219,-0.1,0.54,-0.54,-0.1,0.54
2012-02-01,47.30419602932577,47.556824687654434,47.24104112339506,47.296302795410156,466800,OEF,2012,2,5,Wednesday,47.3496,46.95682907104492,0.72,0.74,0.61,0.72,-0.61
2012-02-02,47.40682754049485,47.48577493966052,47.20946355988369,47.36735534667969,271100,OEF,2012,2,5,Thursday,47.3674,47.296302795410156,0.15,0.23,-0.18,0.15,0.18
2012-02-03,47.85679637036545,48.030477561489384,47.75416931336862,47.975215911865234,504000,OEF,2012,2,5,Friday,47.9042,47.36735534667969,1.28,1.03,0.82,1.28,-0.82
2012-02-06,47.82522883176702,48.077854420550324,47.7857536366478,48.054168701171875,262700,OEF,2012,2,6,Monday,47.9358,47.975215911865234,0.16,-0.31,-0.39,0.16,0.39
2012-02-07,47.94365350449253,48.259437049734764,47.78576173187142,48.15680694580078,661500,OEF,2012,2,6,Tuesday,48.0364,48.054168701171875,0.21,-0.23,-0.56,0.21,0.56
2012-02-08,48.21206335818296,48.322586683507446,47.9989099401137,48.314693450927734,414900,OEF,2012,2,6,Wednesday,48.2121,48.15680694580078,0.33,0.11,-0.33,0.33,0.33
2012-02-09,48.377842572458,48.47257942131658,48.14890271655241,48.36994934082031,320600,OEF,2012,2,6,Thursday,48.3423,48.314693450927734,0.11,0.13,-0.34,0.11,0.34
2012-02-10,47.97523257465324,48.06207320037675,47.8568129920239,48.04628372192383,457600,OEF,2012,2,6,Friday,47.9851,48.36994934082031,-0.67,-0.82,-1.06,-0.67,1.06
2012-02-13,48.393638789907435,48.472586174955914,48.2199605658704,48.40153503417969,166500,OEF,2012,2,7,Monday,48.3719,48.04628372192383,0.74,0.72,0.36,0.74,-0.36
2012-02-14,48.2989094591583,48.362064361572266,48.00681163598167,48.362064361572266,446000,OEF,2012,2,7,Tuesday,48.2575,48.40153503417969,-0.08,-0.21,-0.82,-0.08,0.82
2012-02-15,48.51994339683421,48.55152234551823,47.98311331534313,48.06995391845703,364200,OEF,2012,2,7,Wednesday,48.2811,48.362064361572266,-0.6,0.33,-0.78,-0.6,0.78
2012-02-16,48.03838859196374,48.62258726214139,47.96733744304396,48.567325592041016,778900,OEF,2012,2,7,Thursday,48.2989,48.06995391845703,1.03,-0.07,-0.21,1.03,0.21
2012-02-17,48.74101257324219,48.78048476916003,48.57522453193042,48.74101257324219,872100,OEF,2012,2,7,Friday,48.7094,48.567325592041016,0.36,0.36,0.02,0.36,-0.02
2012-02-21,48.85152754315236,49.01731254447871,48.701529008255655,48.85942077636719,327600,OEF,2012,2,8,Tuesday,48.8574,48.74101257324219,0.24,0.23,-0.08,0.24,0.08
2012-02-22,48.74099145245785,48.835725283917064,48.61467867333417,48.677833557128906,451900,OEF,2012,2,8,Wednesday,48.7173,48.85942077636719,-0.37,-0.24,-0.5,-0.37,0.5
2012-02-23,48.66995306386134,48.906789210261145,48.480482339820504,48.85942077636719,542400,OEF,2012,2,8,Thursday,48.7292,48.677833557128906,0.37,-0.02,-0.41,0.37,0.41
2012-02-24,48.96204376220703,49.048884372625444,48.867309919720824,48.96204376220703,476000,OEF,2012,2,8,Friday,48.9601,48.85942077636719,0.21,0.21,0.02,0.21,-0.02
2012-02-27,48.669967976188794,49.21469158096346,48.58312732654299,49.080482482910156,380600,OEF,2012,2,9,Monday,48.8871,48.96204376220703,0.24,-0.6,-0.77,0.24,0.77
2012-02-28,49.11204658326655,49.33309626405826,49.02520595990569,49.29362106323242,387400,OEF,2012,2,9,Tuesday,49.191,49.080482482910156,0.43,0.06,-0.11,0.43,0.11
2012-02-29,49.39625432743775,49.5699355852802,49.033105344253734,49.104156494140625,866900,OEF,2012,2,9,Wednesday,49.2759,49.29362106323242,-0.38,0.21,-0.53,-0.38,0.53
2012-03-01,49.246256330895385,49.49098571484954,49.1909946628067,49.40414810180664,476100,OEF,2012,3,9,Thursday,49.3331,49.104156494140625,0.61,0.29,0.18,0.61,-0.18
2012-03-02,49.3488827305466,49.41993387588411,49.18309772860406,49.29362106323242,365000,OEF,2012,3,9,Friday,49.3114,49.40414810180664,-0.22,-0.11,-0.45,-0.22,0.45
2012-03-05,49.167311398742754,49.2699415066983,48.922582002548616,49.104156494140625,669000,OEF,2012,3,10,Monday,49.116,49.29362106323242,-0.38,-0.26,-0.75,-0.38,0.75
2012-03-06,48.606787935842334,48.606787935842334,48.26732173883691,48.417320251464844,374500,OEF,2012,3,10,Tuesday,48.4746,49.104156494140625,-1.4,-1.01,-1.7,-1.4,1.7
2012-03-07,48.56731211212872,48.81204444860115,48.48836473994359,48.733097076416016,698600,OEF,2012,3,10,Wednesday,48.6502,48.417320251464844,0.65,0.31,0.15,0.65,-0.15
2012-03-08,49.06468614719487,49.28573283891665,48.93047707612428,49.159420013427734,310200,OEF,2012,3,10,Thursday,49.1101,48.733097076416016,0.87,0.68,0.41,0.87,-0.41
2012-03-09,49.24625608645252,49.45151327954379,49.21467713012,49.27783203125,220600,OEF,2012,3,10,Friday,49.2976,49.159420013427734,0.24,0.18,0.11,0.24,-0.11
2012-03-12,49.30940095680925,49.39624156329057,49.175194936999496,49.348873138427734,444600,OEF,2012,3,11,Monday,49.3074,49.27783203125,0.14,0.06,-0.21,0.14,0.21
2012-03-13,49.6330877373488,50.30412700718523,49.54624711324355,50.28044128417969,534600,OEF,2012,3,11,Tuesday,49.941,49.348873138427734,1.89,0.58,0.4,1.89,-0.4
2012-03-14,50.31200071470666,50.44620972120224,50.1304263036523,50.29621124267578,729500,OEF,2012,3,11,Wednesday,50.2962,50.28044128417969,0.03,0.06,-0.3,0.03,0.3
2012-03-15,50.422550876876066,50.57254642379924,50.256765849508014,50.533077239990234,374200,OEF,2012,3,11,Thursday,50.4462,50.29621124267578,0.47,0.25,-0.08,0.47,0.08
2012-03-16,50.69885264578926,50.69885264578926,50.509381927943686,50.58832931518555,426500,OEF,2012,3,11,Friday,50.6239,50.533077239990234,0.11,0.33,-0.05,0.11,0.05
2012-03-19,50.59622514008309,51.02253204379748,50.57254242705515,50.87253952026367,306100,OEF,2012,3,12,Monday,50.766,50.58832931518555,0.56,0.02,-0.03,0.56,0.03
2012-03-20,50.5725385672098,50.83306043677431,50.47780471079316,50.75411605834961,850700,OEF,2012,3,12,Tuesday,50.6594,50.87253952026367,-0.23,-0.59,-0.78,-0.23,0.78
2012-03-21,50.84884902721441,50.84884902721441,50.564644468222276,50.63569259643555,375300,OEF,2012,3,12,Wednesday,50.7245,50.75411605834961,-0.23,0.19,-0.37,-0.23,0.37
2012-03-22,50.304115295410156,50.43042807973653,50.146223562118614,50.304115295410156,693500,OEF,2012,3,12,Thursday,50.2962,50.63569259643555,-0.65,-0.65,-0.97,-0.65,0.97
2012-03-23,50.35148735324659,50.51727535142905,50.10675799530033,50.446224212646484,585200,OEF,2012,3,12,Friday,50.3554,50.304115295410156,0.28,0.09,-0.39,0.28,0.39
2012-03-26,50.79516851781944,51.14410855776044,50.779304031600624,51.12825012207031,748200,OEF,2012,3,13,Monday,50.9617,50.446224212646484,1.35,0.69,0.66,1.35,-0.66
2012-03-27,51.22340327821337,51.2313355198425,50.96962600082916,51.009281158447266,1192900,OEF,2012,3,13,Tuesday,51.1084,51.12825012207031,-0.23,0.19,-0.31,-0.23,0.31
2012-03-28,50.97757205986634,51.04895015282036,50.50966951062783,50.7793083190918,442400,OEF,2012,3,13,Wednesday,50.8289,51.009281158447266,-0.45,-0.06,-0.98,-0.45,0.98
2012-03-29,50.501731599793565,50.715856766006766,50.287606433580365,50.660343170166016,1158700,OEF,2012,3,13,Thursday,50.5414,50.7793083190918,-0.23,-0.55,-0.97,-0.23,0.97
2012-03-30,50.90619852579186,50.92998920590302,50.60483680157094,50.78723907470703,403900,OEF,2012,3,13,Friday,50.8071,50.660343170166016,0.25,0.49,-0.11,0.25,0.11
2012-04-02,50.79517176807622,51.33444937397792,50.692070752642806,51.207557678222656,438600,OEF,2012,4,14,Monday,51.0073,50.78723907470703,0.83,0.02,-0.19,0.83,0.19
2012-04-03,51.175821929493694,51.2313355198425,50.72378096507408,51.009281158447266,1490800,OEF,2012,4,14,Tuesday,51.0351,51.207557678222656,-0.39,-0.06,-0.94,-0.39,0.94
2012-04-04,50.652428092437525,50.67622180247806,50.31934640452101,50.52553939819336,471400,OEF,2012,4,14,Wednesday,50.5434,51.009281158447266,-0.95,-0.7,-1.35,-0.95,1.35
2012-04-05,50.327264125733116,50.612764378868505,50.303473446393305,50.493804931640625,462600,OEF,2012,4,14,Thursday,50.4343,50.52553939819336,-0.06,-0.39,-0.44,-0.06,0.44
2012-04-09,49.8276455825098,50.20037936396234,49.8276455825098,49.99418640136719,469700,OEF,2012,4,15,Monday,49.9625,50.493804931640625,-0.99,-1.32,-1.32,-0.99,1.32
2012-04-10,49.91487750456699,50.03383695726972,49.13768401596561,49.18526840209961,7740200,OEF,2012,4,15,Tuesday,49.5679,49.99418640136719,-1.62,-0.16,-1.71,-1.62,1.71
2012-04-11,49.64524347006259,49.74834147062591,49.46284117692123,49.51042556762695,394300,OEF,2012,4,15,Wednesday,49.5917,49.18526840209961,0.66,0.94,0.56,0.66,-0.56
2012-04-12,49.637308405765516,50.18451522075212,49.565933340744266,50.12900161743164,568600,OEF,2012,4,15,Thursday,49.8792,49.51042556762695,1.25,0.26,0.11,1.25,-0.11
2012-04-13,50.04177634475725,50.04970859002379,49.44698501090388,49.502498626708984,418500,OEF,2012,4,15,Friday,49.7602,50.12900161743164,-1.25,-0.17,-1.36,-1.25,1.36
2012-04-16,49.75625667358853,49.811770264432795,49.312144921570635,49.45489501953125,377700,OEF,2012,4,16,Monday,49.5838,49.502498626708984,-0.1,0.51,-0.38,-0.1,0.38
2012-04-17,49.79592333967376,50.319339509871696,49.72454826986202,50.24003219604492,783000,OEF,2012,4,16,Tuesday,50.02,49.45489501953125,1.59,0.69,0.55,1.59,-0.55
2012-04-18,50.041763355743676,50.24002708223278,49.978320536404645,50.05762481689453,254500,OEF,2012,4,16,Wednesday,50.0794,50.24003219604492,-0.36,-0.39,-0.52,-0.36,0.52
2012-04-19,50.081417452572204,50.200373870768644,49.431112685585866,49.700748443603516,501900,OEF,2012,4,16,Thursday,49.8534,50.05762481689453,-0.71,0.05,-1.25,-0.71,1.25
2012-04-20,49.97831738614302,50.113135259530786,49.748330751848854,49.77212142944336,246000,OEF,2012,4,16,Friday,49.903,49.700748443603516,0.14,0.56,0.1,0.14,-0.1
2012-04-23,49.24870653515652,49.44697025393777,49.11388865851212,49.407318115234375,315600,OEF,2012,4,17,Monday,49.3042,49.77212142944336,-0.73,-1.05,-1.32,-0.73,1.32
2012-04-24,49.45490009781712,49.73246808054055,49.43903863805233,49.62144088745117,334400,OEF,2012,4,17,Tuesday,49.562,49.407318115234375,0.43,0.1,0.06,0.43,-0.06
2012-04-25,50.16072434637162,50.34312661732669,50.11313996145376,50.3193359375,590500,OEF,2012,4,17,Wednesday,50.2341,49.62144088745117,1.41,1.09,0.99,1.41,-0.99
2012-04-26,50.20036755954426,50.69999292389615,50.20036755954426,50.63654708862305,425000,OEF,2012,4,17,Thursday,50.4343,50.3193359375,0.63,-0.24,-0.24,0.63,0.24
2012-04-27,50.82688262959731,50.842747114954776,50.54931766638941,50.715858459472656,228400,OEF,2012,4,17,Friday,50.7337,50.63654708862305,0.16,0.38,-0.17,0.16,0.17
2012-04-30,50.60483739398426,50.62069885599889,50.36691848902937,50.47001647949219,369900,OEF,2012,4,18,Monday,50.5156,50.715858459472656,-0.48,-0.22,-0.69,-0.48,0.69
2012-05-01,50.45415590523213,51.1361866828035,50.43829444293841,50.7793083190918,879400,OEF,2012,5,18,Tuesday,50.702,50.47001647949219,0.61,-0.03,-0.06,0.61,0.06
2012-05-02,50.50174676405194,50.68414906590813,50.36692582990998,50.64449691772461,2282100,OEF,2012,5,18,Wednesday,50.5493,50.7793083190918,-0.27,-0.55,-0.81,-0.27,0.81
2012-05-03,50.66827906769019,50.70793120919524,50.21623799895087,50.33519744873047,419800,OEF,2012,5,18,Thursday,50.4819,50.64449691772461,-0.61,0.05,-0.85,-0.61,0.85
2012-05-04,49.99418961804158,50.06556469146775,49.49456410405838,49.51042556762695,307000,OEF,2012,5,18,Friday,49.7662,50.33519744873047,-1.64,-0.68,-1.67,-1.64,1.67
2012-05-07,49.320069980691564,49.72452956590831,49.31214076492382,49.58177947998047,253600,OEF,2012,5,19,Monday,49.4846,49.51042556762695,0.14,-0.38,-0.4,0.14,0.4
2012-05-08,49.24078714444835,49.45491236649653,48.86012109145098,49.38353729248047,846600,OEF,2012,5,19,Tuesday,49.2348,49.58177947998047,-0.4,-0.69,-1.46,-0.4,1.46
2012-05-09,48.86805306657376,49.35181714826831,48.66186007737963,49.01080322265625,872700,OEF,2012,5,19,Wednesday,48.9731,49.38353729248047,-0.75,-1.04,-1.46,-0.75,1.46
2012-05-10,49.399389719849665,49.43111264144611,49.066305093615576,49.169403076171875,453000,OEF,2012,5,19,Thursday,49.2666,49.01080322265625,0.32,0.79,0.11,0.32,-0.11
2012-05-11,48.90769750401344,49.43904589571132,48.87597760509151,48.97907257080078,318300,OEF,2012,5,19,Friday,49.0504,49.169403076171875,-0.39,-0.53,-0.6,-0.39,0.6
2012-05-14,48.50324849287662,48.76495812097805,48.392221265899664,48.46359634399414,936100,OEF,2012,5,20,Monday,48.531,48.97907257080078,-1.05,-0.97,-1.2,-1.05,1.2
2012-05-15,48.39222355120596,48.717376027821565,48.13051391074538,48.18602752685547,1666900,OEF,2012,5,20,Tuesday,48.3565,48.46359634399414,-0.57,-0.15,-0.69,-0.57,0.69
2012-05-16,48.42392629738125,48.645980669262734,48.051189580068254,48.09877395629883,1453300,OEF,2012,5,20,Wednesday,48.305,48.18602752685547,-0.18,0.49,-0.28,-0.18,0.28
2012-05-17,48.106735261163564,48.146387421839165,47.48022083658477,47.4960823059082,1338100,OEF,2012,5,20,Thursday,47.8074,48.09877395629883,-1.25,0.02,-1.29,-1.25,1.29
2012-05-18,47.630875363551475,47.71810885579927,47.01229052358669,47.12331771850586,589800,OEF,2012,5,20,Friday,47.3711,47.4960823059082,-0.78,0.28,-1.02,-0.78,1.02
2012-05-21,47.23436129068963,47.80535888671875,47.147124748518024,47.80535888671875,305700,OEF,2012,5,21,Monday,47.4981,47.12331771850586,1.45,0.24,0.05,1.45,-0.05
2012-05-22,47.95603988785967,48.217746481474435,47.55951236247704,47.84501266479492,958700,OEF,2012,5,21,Tuesday,47.8946,47.80535888671875,0.08,0.32,-0.51,0.08,0.51
2012-05-23,47.488123668945974,47.90051254011683,47.06780255539379,47.852928161621094,389000,OEF,2012,5,21,Wednesday,47.5773,47.84501266479492,0.02,-0.75,-1.62,0.02,1.62
2012-05-24,47.98775164688746,48.05912671035417,47.575365752706965,47.94017028808594,750000,OEF,2012,5,21,Thursday,47.8906,47.852928161621094,0.18,0.28,-0.58,0.18,0.58
2012-05-25,47.90845203089084,47.98775632012596,47.607090286320904,47.7022590637207,181800,OEF,2012,5,21,Friday,47.8014,47.94017028808594,-0.5,-0.07,-0.69,-0.5,0.69
2012-05-29,48.13050272735705,48.3446279219993,47.95603269952092,48.265323638916016,255500,OEF,2012,5,22,Tuesday,48.1741,47.7022590637207,1.18,0.9,0.53,1.18,-0.53
2012-05-30,47.86086530783797,47.90052047578611,47.567435821662016,47.6943244934082,398000,OEF,2012,5,22,Wednesday,47.7558,48.265323638916016,-1.18,-0.84,-1.45,-1.18,1.45
2012-05-31,47.71018659850987,47.97189618922467,47.25021629170528,47.64674377441406,382600,OEF,2012,5,22,Thursday,47.6448,47.6943244934082,-0.1,0.03,-0.93,-0.1,0.93
2012-06-01,46.89333767867624,47.05987848372451,46.51267168488116,46.52853012084961,980900,OEF,2012,6,22,Friday,46.7486,47.64674377441406,-2.35,-1.58,-2.38,-2.35,2.38
2012-06-04,46.56819301727052,46.69508170293345,46.19545617958225,46.56026077270508,1295000,OEF,2012,6,23,Monday,46.5047,46.52853012084961,0.07,0.09,-0.72,0.07,0.72
2012-06-05,46.41749525361812,46.82195488511544,46.40956603694307,46.750579833984375,1076400,OEF,2012,6,23,Tuesday,46.5999,46.56026077270508,0.41,-0.31,-0.32,0.41,0.32
2012-06-06,47.12331985782703,47.83707046508789,47.05194782236524,47.83707046508789,862500,OEF,2012,6,23,Wednesday,47.4624,46.750579833984375,2.32,0.8,0.64,2.32,-0.64
2012-06-07,48.392217353470706,48.392217353470706,47.79742609252628,47.88466262817383,408000,OEF,2012,6,23,Thursday,48.1166,47.83707046508789,0.1,1.16,-0.08,0.1,0.08
2012-06-08,47.7577803355983,48.28912581432842,47.63882085738981,48.28119659423828,259800,OEF,2012,6,23,Friday,47.9917,47.88466262817383,0.83,-0.26,-0.51,0.83,0.51
2012-06-11,48.65392041269425,48.67771411858946,47.67846317839847,47.74190902709961,1452200,OEF,2012,6,24,Monday,48.188,48.28119659423828,-1.12,0.77,-1.25,-1.12,1.25
2012-06-12,47.86879249034123,48.30497206427222,47.6705287726213,48.29704284667969,582100,OEF,2012,6,24,Tuesday,48.0353,47.74190902709961,1.16,0.27,-0.15,1.16,0.15
2012-06-13,48.1304921491056,48.47150593689085,47.88464711042121,48.04325866699219,674700,OEF,2012,6,24,Wednesday,48.1325,48.29704284667969,-0.53,-0.34,-0.85,-0.53,0.85
2012-06-14,48.13843738615823,48.757019295985614,48.03533939276546,48.58254623413086,1596700,OEF,2012,6,24,Thursday,48.3783,48.04325866699219,1.12,0.2,-0.02,1.12,0.02
2012-06-15,48.83634085284862,49.06632456251675,48.70151989520061,49.04253387451172,331300,OEF,2012,6,24,Friday,48.9117,48.58254623413086,0.95,0.52,0.24,0.95,-0.24
2012-06-18,48.83632353926112,49.21698953871436,48.76494847528461,49.09803009033203,329700,OEF,2012,6,25,Monday,48.9791,49.04253387451172,0.11,-0.42,-0.57,0.11,0.57
2012-06-19,49.36826025571935,49.73495417478495,49.304485813656065,49.53566360473633,4091100,OEF,2012,6,25,Tuesday,49.4858,49.09803009033203,0.89,0.55,0.42,0.89,-0.42
2012-06-20,49.55161640378601,49.6632186571588,49.10520434936151,49.49581527709961,3051300,OEF,2012,6,25,Wednesday,49.454,49.53566360473633,-0.08,0.03,-0.87,-0.08,0.87
2012-06-21,49.519741764385564,49.59945985201082,48.41168619433445,48.46748733520508,3786700,OEF,2012,6,25,Thursday,48.9996,49.49581527709961,-2.08,0.05,-2.19,-2.08,2.19
2012-06-22,48.75445245652458,48.92185583136728,48.555161855730915,48.83416748046875,735600,OEF,2012,6,25,Friday,48.7664,48.46748733520508,0.76,0.59,0.18,0.76,-0.18
2012-06-25,48.339922495669526,48.339922495669526,47.89351354361391,48.060916900634766,500200,OEF,2012,6,26,Monday,48.1586,48.83416748046875,-1.58,-1.01,-1.93,-1.58,1.93
2012-06-26,48.22034388524363,48.41963443966268,47.95727889376287,48.30802917480469,651100,OEF,2012,6,26,Tuesday,48.2263,48.060916900634766,0.51,0.33,-0.22,0.51,0.22
2012-06-27,48.491392161614684,48.84214253669399,48.46747522083806,48.76242446899414,388400,OEF,2012,6,26,Wednesday,48.6409,48.30802917480469,0.94,0.38,0.33,0.94,-0.33
2012-06-28,48.37978564033521,48.634877368641085,48.04497888728372,48.57110595703125,645000,OEF,2012,6,26,Thursday,48.4077,48.76242446899414,-0.39,-0.78,-1.47,-0.39,1.47
2012-06-29,49.42406548162521,49.79873275756836,49.272605730530316,49.79873275756836,416100,OEF,2012,6,26,Friday,49.5735,48.57110595703125,2.53,1.76,1.44,2.53,-1.44
2012-07-02,49.846561262190875,49.93424960810178,49.54364175568619,49.878448486328125,645500,OEF,2012,7,27,Monday,49.8007,49.79873275756836,0.16,0.1,-0.51,0.16,0.51
2012-07-03,49.92628429050065,50.21326325442591,49.85453954951933,50.18934631347656,322900,OEF,2012,7,27,Tuesday,50.0459,49.878448486328125,0.62,0.1,-0.05,0.62,0.05
2012-07-05,50.01397496892415,50.165434744284894,49.78279712158393,49.942230224609375,1040000,OEF,2012,7,27,Thursday,49.9761,50.18934631347656,-0.49,-0.35,-0.81,-0.49,0.81
2012-07-06,49.50377638370468,49.59146472107532,49.320429424171884,49.53566360473633,660500,OEF,2012,7,27,Friday,49.4878,49.942230224609375,-0.81,-0.88,-1.25,-0.81,1.25
2012-07-09,49.48783581412163,49.5755211105595,49.304485813656065,49.53566360473633,5239000,OEF,2012,7,28,Monday,49.4759,49.53566360473633,0.0,-0.1,-0.47,0.0,0.47
2012-07-10,49.81469066626046,49.85454818683689,49.0095547623208,49.161014556884766,8730000,OEF,2012,7,28,Tuesday,49.46,49.53566360473633,-0.76,0.56,-1.06,-0.76,1.06
2012-07-11,49.14506054947954,49.304490588211124,48.889968838389315,49.176944732666016,739500,OEF,2012,7,28,Wednesday,49.1291,49.161014556884766,0.03,-0.03,-0.55,0.03,0.55
2012-07-12,48.905919764045336,49.15304124189361,48.65880132713077,48.95375061035156,396900,OEF,2012,7,28,Thursday,48.9179,49.176944732666016,-0.45,-0.55,-1.05,-0.45,1.05
2012-07-13,49.09723690691201,49.79076740799469,49.05737939138928,49.73496627807617,455100,OEF,2012,7,28,Friday,49.4201,48.95375061035156,1.6,0.29,0.21,1.6,-0.21
2012-07-16,49.671198413870705,49.80671458452669,49.51973558674493,49.679168701171875,473200,OEF,2012,7,29,Monday,49.6692,49.73496627807617,-0.11,-0.13,-0.43,-0.11,0.43
2012-07-17,49.894401458301395,50.0936920851454,49.37624461213354,50.01397705078125,717400,OEF,2012,7,29,Tuesday,49.8446,49.679168701171875,0.67,0.43,-0.61,0.67,0.61
2012-07-18,49.89438968615201,50.42051669524771,49.87047578967177,50.364715576171875,740300,OEF,2012,7,29,Wednesday,50.1375,50.01397705078125,0.7,-0.24,-0.29,0.7,0.29
2012-07-19,50.53211931047705,50.65966516087829,50.364715952000346,50.50820541381836,1697800,OEF,2012,7,29,Thursday,50.5162,50.364715576171875,0.28,0.33,0.0,0.28,-0.0
2012-07-20,50.27702813854574,50.340802584883676,50.05382365822888,50.12556838989258,466600,OEF,2012,7,29,Friday,50.1993,50.50820541381836,-0.76,-0.46,-0.9,-0.76,0.9
2012-07-23,49.38421941608895,49.78280068168945,49.1769554550538,49.679168701171875,807000,OEF,2012,7,30,Monday,49.5058,50.12556838989258,-0.89,-1.48,-1.89,-0.89,1.89
2012-07-24,49.71103916952779,49.71103916952779,48.9298205172922,49.31245803833008,1672900,OEF,2012,7,30,Tuesday,49.4161,49.679168701171875,-0.74,0.06,-1.51,-0.74,1.51
2012-07-25,49.33637929788913,49.4479815447349,48.99359923061531,49.25666427612305,1125400,OEF,2012,7,30,Wednesday,49.2587,49.31245803833008,-0.11,0.05,-0.65,-0.11,0.65
2012-07-26,49.92628531629677,50.141519543662966,49.75887888994522,50.03788757324219,4090000,OEF,2012,7,30,Thursday,49.9661,49.25666427612305,1.59,1.36,1.02,1.59,-1.02
2012-07-27,50.25313364211207,51.03434962481345,50.18935917115367,50.93869400024414,437600,OEF,2012,7,30,Friday,50.6039,50.03788757324219,1.8,0.43,0.3,1.8,-0.3
2012-07-30,50.858965530048096,51.161888123398654,50.81113772752621,50.95462417602539,1015900,OEF,2012,7,31,Monday,50.9467,50.93869400024414,0.03,-0.16,-0.25,0.03,0.25
2012-07-31,50.9227545012905,51.074214320666,50.77926497096237,50.787235260009766,1607400,OEF,2012,7,31,Tuesday,50.8909,50.95462417602539,-0.33,-0.06,-0.34,-0.33,0.34
2012-08-01,51.08216932396912,51.08216932396912,50.57995614799902,50.66764450073242,774700,OEF,2012,8,31,Wednesday,50.853,50.787235260009766,-0.24,0.58,-0.41,-0.24,0.41
2012-08-02,50.26108196991788,50.643719505679854,49.95018916216958,50.3168830871582,837600,OEF,2012,8,31,Thursday,50.293,50.66764450073242,-0.69,-0.8,-1.42,-0.69,1.42
2012-08-03,51.05028716511126,51.34523947920957,50.96259880367304,51.2336311340332,572400,OEF,2012,8,31,Friday,51.1479,50.3168830871582,1.82,1.46,1.28,1.82,-1.28
2012-08-06,51.37710847790357,51.5763990555244,51.31334011528289,51.361167907714844,1052500,OEF,2012,8,32,Monday,51.407,51.2336311340332,0.25,0.28,0.16,0.25,-0.16
2012-08-07,51.552503837624315,51.71990725365492,51.48872937003133,51.54453659057617,1333200,OEF,2012,8,32,Tuesday,51.5764,51.361167907714844,0.36,0.37,0.25,0.36,-0.25
2012-08-08,51.35317668135304,51.648128822891174,51.28940225909663,51.584354400634766,727800,OEF,2012,8,32,Wednesday,51.4688,51.54453659057617,0.08,-0.37,-0.49,0.08,0.49
2012-08-09,51.488722618781175,51.703959898218386,51.4488681431623,51.59235763549805,506500,OEF,2012,8,32,Thursday,51.5585,51.584354400634766,0.02,-0.19,-0.26,0.02,0.26
2012-08-10,51.41695987790144,51.719879312517016,51.33724487740942,51.687992095947266,895600,OEF,2012,8,32,Friday,51.5405,51.59235763549805,0.19,-0.34,-0.49,0.19,0.49
2012-08-13,51.64815989688006,51.71193435750621,51.44089594077872,51.695987701416016,800800,OEF,2012,8,33,Monday,51.6242,51.687992095947266,0.02,-0.08,-0.48,0.02,0.48
2012-08-14,51.90323112356775,51.95105890918209,51.60031167823544,51.74380111694336,1579700,OEF,2012,8,33,Tuesday,51.7996,51.695987701416016,0.09,0.4,-0.19,0.09,0.19
2012-08-15,51.64816396244052,51.84745460618422,51.64816396244052,51.751792907714844,1118600,OEF,2012,8,33,Wednesday,51.7239,51.74380111694336,0.02,-0.18,-0.18,0.02,0.18
2012-08-16,51.8155676766743,52.19820839092389,51.72787930636434,52.10254669189453,1288100,OEF,2012,8,33,Thursday,51.9611,51.751792907714844,0.68,0.12,-0.05,0.68,0.05
2012-08-17,52.20616166905785,52.21413499564384,52.070645526426965,52.17427444458008,511900,OEF,2012,8,33,Friday,52.1663,52.10254669189453,0.14,0.2,-0.06,0.14,0.06
2012-08-20,52.1264575527695,52.26994705200195,52.04674251583313,52.26994705200195,592600,OEF,2012,8,34,Monday,52.1783,52.17427444458008,0.18,-0.09,-0.24,0.18,0.24
2012-08-21,52.381548898055925,52.55692562702343,51.94311315750458,52.03876876831055,715900,OEF,2012,8,34,Tuesday,52.2301,52.26994705200195,-0.44,0.21,-0.63,-0.44,0.63
2012-08-22,51.92715430525456,52.158332113519116,51.82352539059776,52.078617095947266,868800,OEF,2012,8,34,Wednesday,51.9969,52.03876876831055,0.08,-0.21,-0.41,0.08,0.41
2012-08-23,51.95903595260694,51.95903595260694,51.59234204563586,51.6561164855957,992500,OEF,2012,8,34,Thursday,51.7916,52.078617095947266,-0.81,-0.23,-0.93,-0.81,0.93
2012-08-24,51.536546193265806,52.08658406895126,51.512632296305476,52.0228157043457,672200,OEF,2012,8,34,Friday,51.7896,51.6561164855957,0.71,-0.23,-0.28,0.71,0.28
2012-08-27,52.134426813811494,52.198201271132284,51.951076769480984,52.00687789916992,591500,OEF,2012,8,35,Monday,52.0726,52.0228157043457,-0.03,0.21,-0.14,-0.03,0.14
2012-08-28,51.89527901266046,52.13443020222324,51.79962340232926,51.982967376708984,1172000,OEF,2012,8,35,Tuesday,51.9531,52.00687789916992,-0.05,-0.21,-0.4,-0.05,0.4
2012-08-29,52.03079457054141,52.12645626161603,51.87933782867408,51.99094009399414,359400,OEF,2012,8,35,Wednesday,52.0069,51.982967376708984,0.02,0.09,-0.2,0.02,0.2
2012-08-30,51.743790456275775,51.75175769766009,51.496666090498124,51.584354400634766,451400,OEF,2012,8,35,Thursday,51.6441,51.99094009399414,-0.78,-0.48,-0.95,-0.78,0.95
2012-08-31,51.87932559459879,52.054702279278295,51.55248612190227,51.823524475097656,1579200,OEF,2012,8,35,Friday,51.8275,51.584354400634766,0.46,0.57,-0.06,0.46,0.06
2012-09-04,51.77568241623213,51.89525796251038,51.44087575214498,51.7119140625,1022900,OEF,2012,9,36,Tuesday,51.7059,51.823524475097656,-0.22,-0.09,-0.74,-0.22,0.74
2012-09-05,51.78367206943836,51.90324765342086,51.64815591246272,51.72787094116211,1306600,OEF,2012,9,36,Wednesday,51.7657,51.7119140625,0.03,0.14,-0.12,0.03,0.12
2012-09-06,52.07065451260428,52.7721553265793,52.07065451260428,52.74824142456055,671500,OEF,2012,9,36,Thursday,52.4154,51.72787094116211,1.97,0.66,0.66,1.97,-0.66
2012-09-07,52.83593038853799,52.947532653808594,52.788102583955535,52.947532653808594,911800,OEF,2012,9,36,Friday,52.8798,52.74824142456055,0.38,0.17,0.08,0.38,-0.08
2012-09-10,52.891730572998846,52.94753170463382,52.58881101296145,52.60475158691406,527700,OEF,2012,9,37,Monday,52.7582,52.947532653808594,-0.65,-0.11,-0.68,-0.65,0.68
2012-09-11,52.67648724181296,52.907665043017424,52.65257334545832,52.7322883605957,529000,OEF,2012,9,37,Tuesday,52.7423,52.60475158691406,0.24,0.14,0.09,0.24,-0.09
2012-09-12,52.92361024854676,52.96347080053948,52.716346325543974,52.899696350097656,414300,OEF,2012,9,37,Wednesday,52.8758,52.7322883605957,0.32,0.36,-0.03,0.32,0.03
2012-09-13,52.93159512601018,53.95196222827784,52.87579399016328,53.82441329956055,567200,OEF,2012,9,37,Thursday,53.3959,52.899696350097656,1.75,0.06,-0.05,1.75,0.05
2012-09-14,53.93602094238821,54.26285442465105,53.800498686945,53.951961517333984,1307600,OEF,2012,9,37,Friday,53.9878,53.82441329956055,0.24,0.21,-0.04,0.24,0.04
2012-09-17,53.84832591581893,53.97586874521401,53.74469090495192,53.88020706176758,352600,OEF,2012,9,38,Monday,53.8623,53.951961517333984,-0.13,-0.19,-0.38,-0.13,0.38
2012-09-18,53.77658072143776,53.94398411412727,53.71280626273686,53.896156311035156,237000,OEF,2012,9,38,Tuesday,53.8324,53.88020706176758,0.03,-0.19,-0.31,0.03,0.31
2012-09-19,53.93600098949413,54.10340433290029,53.84033932960547,53.90411376953125,514400,OEF,2012,9,38,Wednesday,53.946,53.896156311035156,0.01,0.07,-0.1,0.01,0.1
2012-09-20,53.633098465781664,53.99979252998077,53.55338342258498,53.959938049316406,783100,OEF,2012,9,38,Thursday,53.7866,53.90411376953125,0.1,-0.5,-0.65,0.1,0.65
2012-09-21,54.2548768219931,54.2548768219931,53.88818280845295,53.928043365478516,346900,OEF,2012,9,38,Friday,54.0815,53.959938049316406,-0.06,0.55,-0.13,-0.06,0.13
2012-09-24,53.57729302805519,53.96790096568223,53.57729302805519,53.848331451416016,295600,OEF,2012,9,39,Monday,53.7427,53.928043365478516,-0.15,-0.65,-0.65,-0.15,0.65
2012-09-25,53.97572002701682,54.09589262954522,53.326757410646664,53.350791931152344,554100,OEF,2012,9,39,Tuesday,53.6873,53.848331451416016,-0.92,0.24,-0.97,-0.92,0.97
2012-09-26,53.3107378491379,53.3107378491379,52.92616717321202,53.054359436035156,532700,OEF,2012,9,39,Wednesday,53.1505,53.350791931152344,-0.56,-0.08,-0.8,-0.56,0.8
2012-09-27,53.278677924987285,53.655234972539056,53.13446471768112,53.56710433959961,582000,OEF,2012,9,39,Thursday,53.4089,53.054359436035156,0.97,0.42,0.15,0.97,-0.15
2012-09-28,53.30272947339114,53.470977250254,53.10243362771476,53.246646881103516,470100,OEF,2012,9,39,Friday,53.2807,53.56710433959961,-0.6,-0.49,-0.87,-0.6,0.87
2012-10-01,53.47097098821507,53.87156263265414,53.29470968665493,53.39085388183594,1078600,OEF,2012,10,40,Monday,53.507,53.246646881103516,0.27,0.42,0.09,0.27,-0.09
2012-10-02,53.63921332539392,53.719336536220396,53.17453171033139,53.4549446105957,490200,OEF,2012,10,40,Tuesday,53.497,53.39085388183594,0.12,0.47,-0.41,0.12,0.41
2012-10-03,53.58313438261164,53.79144374232369,53.318748551582985,53.66325759887695,418800,OEF,2012,10,40,Wednesday,53.5891,53.4549446105957,0.39,0.24,-0.25,0.39,0.25
2012-10-04,53.895590468205796,54.09588626558102,53.799452397492985,54.04781723022461,781600,OEF,2012,10,40,Thursday,53.9597,53.66325759887695,0.72,0.43,0.25,0.72,-0.25
2012-10-05,54.320215053824725,54.36027054014095,53.85552740225557,53.99974060058594,307900,OEF,2012,10,40,Friday,54.1339,54.04781723022461,-0.09,0.5,-0.36,-0.09,0.36
2012-10-08,53.7834255129594,53.895590670907964,53.67927389844792,53.791439056396484,166200,OEF,2012,10,41,Monday,53.7874,53.99974060058594,-0.39,-0.4,-0.59,-0.39,0.59
2012-10-09,53.73537113398839,53.79946727388227,53.25466230987292,53.27068328857422,1351500,OEF,2012,10,41,Tuesday,53.515,53.791439056396484,-0.97,-0.1,-1.0,-0.97,1.0
2012-10-10,53.25463733384559,53.310719901814345,52.862059358064265,52.9501838684082,11539800,OEF,2012,10,41,Wednesday,53.0944,53.27068328857422,-0.6,-0.03,-0.77,-0.6,0.77
2012-10-11,53.31875155013516,53.334772526763295,52.87809828606718,52.89411926269531,639300,OEF,2012,10,41,Thursday,53.1064,52.9501838684082,-0.11,0.7,-0.14,-0.11,0.14
2012-10-12,52.89410373606918,53.10241304634871,52.66176602417256,52.709835052490234,644700,OEF,2012,10,41,Friday,52.842,52.89411926269531,-0.35,-0.0,-0.44,-0.35,0.44
2012-10-15,52.89410685217874,53.25464292342657,52.733872673318885,53.182533264160156,520000,OEF,2012,10,42,Monday,53.0163,52.709835052490234,0.9,0.35,0.05,0.9,-0.05
2012-10-16,53.44693239659015,53.73535884762078,53.39084981514213,53.69529724121094,539400,OEF,2012,10,42,Tuesday,53.5671,53.182533264160156,0.96,0.5,0.39,0.96,-0.39
2012-10-17,53.719345299331906,53.96771017828937,53.655249165231986,53.90361404418945,663800,OEF,2012,10,42,Wednesday,53.8115,53.69529724121094,0.39,0.04,-0.07,0.39,0.07
2012-10-18,53.75939336644951,54.02378529865141,53.527049496866894,53.69529724121094,2648300,OEF,2012,10,42,Thursday,53.7514,53.90361404418945,-0.39,-0.27,-0.7,-0.39,0.7
2012-10-19,53.60716809638725,53.60716809638725,52.66977915493558,52.7338752746582,1409900,OEF,2012,10,42,Friday,53.1545,53.69529724121094,-1.79,-0.16,-1.91,-1.79,1.91
2012-10-22,52.70183400832337,52.86207432828568,52.389373025075855,52.81399917602539,2143700,OEF,2012,10,43,Monday,52.6918,52.7338752746582,0.15,-0.06,-0.65,0.15,0.65
2012-10-23,52.23715657416228,52.29323916909827,51.8686129342194,51.97277069091797,1045800,OEF,2012,10,43,Tuesday,52.0929,52.81399917602539,-1.59,-1.09,-1.79,-1.59,1.79
2012-10-24,52.19708504914538,52.22913310963537,51.820527979066135,51.89263153076172,2308200,OEF,2012,10,43,Wednesday,52.0348,51.97277069091797,-0.15,0.43,-0.29,-0.15,0.29
2012-10-25,52.29323453021712,52.349317120178085,51.740422175614455,52.00481414794922,667500,OEF,2012,10,43,Thursday,52.0969,51.89263153076172,0.22,0.77,-0.29,0.22,0.29
2012-10-26,51.932676305986085,52.17303362550317,51.63623642692042,51.95671081542969,1488400,OEF,2012,10,43,Friday,51.9247,52.00481414794922,-0.09,-0.14,-0.71,-0.09,0.71
2012-10-31,52.237147422148084,52.25317451077578,51.732404156155795,51.924686431884766,373200,OEF,2012,10,44,Wednesday,52.0369,51.95671081542969,-0.06,0.54,-0.43,-0.06,0.43
2012-11-01,52.068890849624374,52.51755756707384,52.0448563332961,52.469482421875,925000,OEF,2012,11,44,Thursday,52.2752,51.924686431884766,1.05,0.28,0.23,1.05,-0.23
2012-11-02,52.78195264419692,52.79797973292999,51.92468677327906,51.96474838256836,526300,OEF,2012,11,44,Friday,52.3673,52.469482421875,-0.96,0.6,-1.04,-0.96,1.04
2012-11-05,51.908652767971105,52.19707916733728,51.76443956828801,52.076900482177734,410700,OEF,2012,11,45,Monday,51.9868,51.96474838256836,0.22,-0.11,-0.39,0.22,0.39
2012-11-06,52.269191566793396,52.70183123914411,52.205101554719235,52.477500915527344,1115100,OEF,2012,11,45,Tuesday,52.4134,52.076900482177734,0.77,0.37,0.25,0.77,-0.25
2012-11-07,51.940717290869294,51.9727653579077,50.995320707139506,51.18760299682617,1319200,OEF,2012,11,45,Wednesday,51.5241,52.477500915527344,-2.46,-1.02,-2.82,-2.46,2.82
2012-11-08,51.2516989581632,51.476029314132184,50.578704833984375,50.578704833984375,1003800,OEF,2012,11,45,Thursday,50.9713,51.18760299682617,-1.19,0.13,-1.19,-1.19,1.19
2012-11-09,50.378407791867595,51.123508520634346,50.378407791867595,50.65081024169922,1321900,OEF,2012,11,45,Friday,50.6328,50.578704833984375,0.14,-0.4,-0.4,0.14,0.4
2012-11-12,50.835075483351325,50.923206125797314,50.57869709965649,50.706886291503906,642100,OEF,2012,11,46,Monday,50.761,50.65081024169922,0.11,0.36,-0.14,0.11,0.14
2012-11-13,50.37038792563249,51.0273579181395,50.37038792563249,50.49857711791992,1046700,OEF,2012,11,46,Tuesday,50.5667,50.706886291503906,-0.41,-0.66,-0.66,-0.41,0.66
2012-11-14,50.658817671144114,50.690865735370735,49.67336261821281,49.801551818847656,1260500,OEF,2012,11,46,Wednesday,50.2061,50.49857711791992,-1.38,0.32,-1.63,-1.38,1.63
2012-11-15,49.785522182990995,49.953769916835725,49.48107171964962,49.649322509765625,1090000,OEF,2012,11,46,Thursday,49.7174,49.801551818847656,-0.31,-0.03,-0.64,-0.31,0.64
2012-11-16,49.713410474174914,49.9537647916174,49.23270183928995,49.849613189697266,1118400,OEF,2012,11,46,Friday,49.6874,49.649322509765625,0.4,0.13,-0.84,0.4,0.84
2012-11-19,50.47454678191849,50.93923455263545,50.410450652327874,50.93122100830078,585500,OEF,2012,11,47,Monday,50.6889,49.849613189697266,2.17,1.25,1.13,2.17,-1.13
2012-11-20,50.883140878753515,51.05139166423317,50.55465590713504,50.97127151489258,523400,OEF,2012,11,47,Tuesday,50.8651,50.93122100830078,0.08,-0.09,-0.74,0.08,0.74
2012-11-21,51.03537629165364,51.12350694274257,50.91519757539205,51.10748291015625,1340800,OEF,2012,11,47,Wednesday,51.0454,50.97127151489258,0.27,0.13,-0.11,0.27,0.11
2012-11-23,51.35584565271529,51.820533409704275,51.307776613214074,51.78047180175781,282400,OEF,2012,11,47,Friday,51.5662,51.10748291015625,1.32,0.49,0.39,1.32,-0.39
2012-11-26,51.48403110576696,51.748416900634766,51.37186595338853,51.748416900634766,682100,OEF,2012,11,48,Monday,51.5882,51.78047180175781,-0.06,-0.57,-0.79,-0.06,0.79
2012-11-27,51.652280956249264,51.82854223509699,51.40391612471435,51.4680061340332,617100,OEF,2012,11,48,Tuesday,51.5882,51.748416900634766,-0.54,-0.19,-0.67,-0.54,0.67
2012-11-28,51.219640631906586,51.892631565013026,50.92320371285666,51.84456253051758,971400,OEF,2012,11,48,Wednesday,51.47,51.4680061340332,0.73,-0.48,-1.06,0.73,1.06
2012-11-29,52.09291953289162,52.26918078295196,51.84455474192021,52.10093307495117,3897000,OEF,2012,11,48,Thursday,52.0769,51.84456253051758,0.49,0.48,-0.0,0.49,0.0
2012-11-30,52.100938464214586,52.20509618413781,51.92467719592197,52.036842346191406,1004000,OEF,2012,11,48,Friday,52.0669,52.10093307495117,-0.12,0.0,-0.34,-0.12,0.34
2012-12-03,52.3573281240181,52.39738973456462,51.81252322832067,51.85258483886719,767100,OEF,2012,12,49,Monday,52.105,52.036842346191406,-0.35,0.62,-0.43,-0.35,0.43
2012-12-04,51.7804642045677,51.972752559446505,51.62824356429983,51.73239517211914,1226600,OEF,2012,12,49,Tuesday,51.7785,51.85258483886719,-0.23,-0.14,-0.43,-0.23,0.43
2012-12-05,51.76445388793945,52.05288036709333,51.38789675612502,51.76445388793945,1432100,OEF,2012,12,49,Wednesday,51.7424,51.73239517211914,0.06,0.06,-0.67,0.06,0.67
2012-12-06,51.70035455318041,51.98076747038843,51.6442719697388,51.940711975097656,1178600,OEF,2012,12,49,Thursday,51.8165,51.76445388793945,0.34,-0.12,-0.23,0.34,0.23
2012-12-07,52.165031110458614,52.21310013950569,51.820522139690226,52.076900482177734,906000,OEF,2012,12,49,Friday,52.0689,51.940711975097656,0.26,0.43,-0.23,0.26,0.23
2012-12-10,52.00480150191885,52.23713923772812,51.988774415802254,52.092926025390625,1398900,OEF,2012,12,50,Monday,52.0809,52.076900482177734,0.03,-0.14,-0.17,0.03,0.17
2012-12-11,52.30926236506685,52.733888568323835,52.277214297126555,52.413414001464844,1974200,OEF,2012,12,50,Tuesday,52.4334,52.092926025390625,0.62,0.42,0.35,0.62,-0.35
2012-12-12,52.70984402565629,52.854057247701505,52.40539660691318,52.46147918701172,1940300,OEF,2012,12,50,Wednesday,52.6077,52.413414001464844,0.09,0.57,-0.02,0.09,0.02
2012-12-13,52.43744419142557,52.56563645259434,52.0048105913396,52.14101028442383,890900,OEF,2012,12,50,Thursday,52.2872,52.46147918701172,-0.61,-0.05,-0.87,-0.61,0.87
2012-12-14,51.97276355796319,52.02884614520218,51.74041966438921,51.85258483886719,2026700,OEF,2012,12,50,Friday,51.8987,52.14101028442383,-0.55,-0.32,-0.77,-0.55,0.77
2012-12-17,51.980763246706765,52.46948548236254,51.972755815825145,52.45346450805664,1217400,OEF,2012,12,51,Monday,52.2191,51.85258483886719,1.16,0.25,0.23,1.16,-0.23
2012-12-18,52.6056976162717,53.086406366491474,52.421422770540026,53.04634475708008,3091700,OEF,2012,12,51,Tuesday,52.79,52.45346450805664,1.13,0.29,-0.06,1.13,0.06
2012-12-19,53.101205255525,53.101205255525,52.601009368896484,52.601009368896484,2534300,OEF,2012,12,51,Wednesday,52.8511,53.04634475708008,-0.84,0.1,-0.84,-0.84,0.84
2012-12-20,52.59294263003035,52.891441345214844,52.49612874246979,52.891441345214844,1012500,OEF,2012,12,51,Thursday,52.718,52.601009368896484,0.55,-0.02,-0.2,0.55,0.2
2012-12-21,52.14114708610777,52.50419452335236,52.06047192953783,52.3831787109375,1615700,OEF,2012,12,51,Friday,52.2722,52.891441345214844,-0.96,-1.42,-1.57,-0.96,1.57
2012-12-24,52.302503617360465,52.310566824443235,52.149216511109024,52.22182846069336,479100,OEF,2012,12,52,Monday,52.246,52.3831787109375,-0.31,-0.15,-0.45,-0.31,0.45
2012-12-26,52.294438170032244,52.31057074052542,51.84265233477886,52.03627395629883,474800,OEF,2012,12,52,Wednesday,52.121,52.22182846069336,-0.36,0.14,-0.73,-0.36,0.73
2012-12-27,52.05241379717121,52.1330951262673,51.358599299329796,51.93140411376953,1589800,OEF,2012,12,52,Thursday,51.8689,52.03627395629883,-0.2,0.03,-1.3,-0.2,1.3
2012-12-28,51.57641729170833,51.866852793290185,51.310183722738266,51.334388732910156,1960900,OEF,2012,12,52,Friday,51.522,51.93140411376953,-1.15,-0.68,-1.2,-1.15,1.2
2012-12-31,51.21336576802335,52.237956165597836,51.16495883199475,52.189552307128906,2802500,OEF,2012,12,1,Monday,51.7015,51.334388732910156,1.67,-0.24,-0.33,1.67,0.33
2013-01-02,53.29481011647162,53.60944747924805,53.09311918366013,53.60944747924805,2644600,OEF,2013,1,1,Wednesday,53.4017,52.189552307128906,2.72,2.12,1.73,2.72,-1.73
2013-01-03,53.60139300769519,53.67399880088105,53.319020731652934,53.480377197265625,1250500,OEF,2013,1,1,Thursday,53.5187,53.60944747924805,-0.24,-0.02,-0.54,-0.24,0.54
2013-01-04,53.52879622592824,53.73048724875022,53.41584974555766,53.64174270629883,1149600,OEF,2013,1,1,Friday,53.5792,53.480377197265625,0.3,0.09,-0.12,0.3,0.12
2013-01-07,53.45617228703242,53.569118729106776,53.32708712173633,53.528778076171875,633900,OEF,2013,1,2,Monday,53.4703,53.64174270629883,-0.21,-0.35,-0.59,-0.21,0.59
2013-01-08,53.46426101312381,53.53687299204193,53.20609671442391,53.37552261352539,612900,OEF,2013,1,2,Tuesday,53.3957,53.528778076171875,-0.29,-0.12,-0.6,-0.29,0.6
2013-01-09,53.536852745939726,53.65786856162362,53.39163499814307,53.504581451416016,671300,OEF,2013,1,2,Wednesday,53.5227,53.37552261352539,0.24,0.3,0.03,0.24,-0.03
2013-01-10,53.8514766559353,53.94022115481898,53.5207005864382,53.932151794433594,1187600,OEF,2013,1,2,Thursday,53.8111,53.504581451416016,0.8,0.65,0.03,0.8,-0.03
2013-01-11,53.899889392785354,53.988633906297544,53.795012310961646,53.948299407958984,1262000,OEF,2013,1,2,Friday,53.908,53.932151794433594,0.03,-0.06,-0.25,0.03,0.25
2013-01-14,53.851505060115905,53.90797830236359,53.68208533337285,53.867637634277344,1327600,OEF,2013,1,3,Monday,53.8273,53.948299407958984,-0.15,-0.18,-0.49,-0.15,0.49
2013-01-15,53.55299193186542,53.85149682674857,53.55299193186542,53.80309295654297,903600,OEF,2013,1,3,Tuesday,53.6901,53.867637634277344,-0.12,-0.58,-0.58,-0.12,0.58
2013-01-16,53.698207989613756,53.948309006336295,53.682075418431964,53.84342575073242,1480100,OEF,2013,1,3,Wednesday,53.793,53.80309295654297,0.07,-0.19,-0.22,0.07,0.22
2013-01-17,54.05319467365582,54.25488569855752,53.91604625395185,54.06126403808594,2252800,OEF,2013,1,3,Thursday,54.0713,53.84342575073242,0.4,0.39,0.13,0.4,-0.13
2013-01-18,54.04511126654214,54.24680223903795,53.86762222592663,54.21453094482422,1080400,OEF,2013,1,3,Friday,54.0935,54.06126403808594,0.28,-0.03,-0.36,0.28,0.36
2013-01-22,54.17419234832702,54.42428716567854,54.02897461290236,54.41621780395508,777500,OEF,2013,1,4,Tuesday,54.2609,54.21453094482422,0.37,-0.07,-0.34,0.37,0.34
2013-01-23,54.44849431881099,54.658254657905964,54.424292386438516,54.577579498291016,861300,OEF,2013,1,4,Wednesday,54.5272,54.41621780395508,0.3,0.06,0.01,0.3,-0.01
2013-01-24,54.383943544518374,54.7792560309818,54.35167225815749,54.46461868286133,2512300,OEF,2013,1,4,Thursday,54.4949,54.577579498291016,-0.21,-0.35,-0.41,-0.21,0.41
2013-01-25,54.65823575289625,54.74698024431409,54.488816129767116,54.7227783203125,1012100,OEF,2013,1,4,Friday,54.6542,54.46461868286133,0.47,0.36,0.04,0.47,-0.04
2013-01-28,54.73086510749444,54.76313640510771,54.513041542505675,54.6259880065918,685700,OEF,2013,1,5,Monday,54.6583,54.7227783203125,-0.18,0.01,-0.38,-0.18,0.38
2013-01-29,54.577565447896674,55.00514922338728,54.56949608747651,54.916404724121094,815000,OEF,2013,1,5,Tuesday,54.7672,54.6259880065918,0.53,-0.09,-0.1,0.53,0.1
2013-01-30,54.89220071315662,55.00514713427502,54.66630787091982,54.69050979614258,890900,OEF,2013,1,5,Wednesday,54.8135,54.916404724121094,-0.41,-0.04,-0.46,-0.41,0.46
2013-01-31,54.658254657905964,54.85187627200587,54.54530820342101,54.577579498291016,808900,OEF,2013,1,5,Thursday,54.6583,54.69050979614258,-0.21,-0.06,-0.27,-0.21,0.27
2013-02-01,54.89220507641566,55.158438585264896,54.76311992480918,55.12616729736328,775200,OEF,2013,2,5,Friday,54.985,54.577579498291016,1.01,0.58,0.34,1.01,-0.34
2013-02-04,54.77118667061195,54.81152731734268,54.43234739650045,54.46461868286133,888700,OEF,2013,2,6,Monday,54.6199,55.12616729736328,-1.2,-0.64,-1.26,-1.2,1.26
2013-02-05,54.80346354869294,55.2229780039514,54.771192259039346,55.053558349609375,771100,OEF,2013,2,6,Tuesday,54.9628,54.46461868286133,1.08,0.62,0.56,1.08,-0.56
2013-02-06,54.85188491797279,55.11811852627502,54.82768298178552,55.07777786254883,759500,OEF,2013,2,6,Wednesday,54.9689,55.053558349609375,0.04,-0.37,-0.41,0.04,0.41
2013-02-07,55.06970664702439,55.11811051236125,54.60178209836743,54.97289276123047,932200,OEF,2013,2,6,Thursday,54.9406,55.07777786254883,-0.19,-0.01,-0.86,-0.19,0.86
2013-02-08,55.085840778926595,55.31980305988853,55.085840778926595,55.2552604675293,749800,OEF,2013,2,6,Friday,55.1867,54.97289276123047,0.51,0.21,0.21,0.51,-0.21
2013-02-11,55.2552604675293,55.29560112653392,55.126181437931216,55.2552604675293,670100,OEF,2013,2,7,Monday,55.2331,55.2552604675293,0.0,0.0,-0.23,0.0,0.23
2013-02-12,55.23911982699837,55.43274142066909,55.16650788242217,55.31172561645508,516900,OEF,2013,2,7,Tuesday,55.2875,55.2552604675293,0.1,-0.03,-0.16,0.1,0.16
2013-02-13,55.47308566678857,55.537622098779195,55.20685211129762,55.35206985473633,741700,OEF,2013,2,7,Wednesday,55.3924,55.31172561645508,0.07,0.29,-0.19,0.07,0.19
2013-02-14,55.247193363621314,55.52955949137914,55.16651205130198,55.44081497192383,612100,OEF,2013,2,7,Thursday,55.346,55.35206985473633,0.16,-0.19,-0.34,0.16,0.34
2013-02-15,55.55374528706474,55.569877851770826,55.17456538773105,55.39239501953125,561100,OEF,2013,2,7,Friday,55.4226,55.44081497192383,-0.09,0.2,-0.48,-0.09,0.48
2013-02-19,55.456961075051716,55.82807181283085,55.456961075051716,55.81193923950195,737300,OEF,2013,2,8,Tuesday,55.6385,55.39239501953125,0.76,0.12,0.12,0.76,-0.12
2013-02-20,55.77963558590772,55.811906868969835,55.19876480102539,55.19876480102539,1147700,OEF,2013,2,8,Wednesday,55.4973,55.81193923950195,-1.1,-0.06,-1.1,-1.1,1.1
2013-02-21,55.061632415427155,55.118105638366394,54.77119693884829,54.940616607666016,1234700,OEF,2013,2,8,Thursday,54.9729,55.19876480102539,-0.47,-0.25,-0.77,-0.47,0.77
2013-02-22,55.190711497812636,55.40853500366211,55.00515312569576,55.40853500366211,861600,OEF,2013,2,8,Friday,55.2532,54.940616607666016,0.85,0.46,0.12,0.85,-0.12
2013-02-25,55.68283936565333,55.80385517666985,54.42428970336914,54.42428970336914,1481500,OEF,2013,2,9,Monday,55.0838,55.40853500366211,-1.78,0.5,-1.78,-1.78,1.78
2013-02-26,54.71472736800303,54.868014478406714,54.35974928290823,54.79540252685547,1381100,OEF,2013,2,9,Tuesday,54.6845,54.42428970336914,0.68,0.53,-0.12,0.68,0.12
2013-02-27,54.7308698986924,55.577974608615406,54.666333452936925,55.45695877075195,1438600,OEF,2013,2,9,Wednesday,55.108,54.79540252685547,1.21,-0.12,-0.24,1.21,0.24
2013-02-28,55.42467992016181,55.715115429421445,55.23912766181948,55.29560089111328,1224100,OEF,2013,2,9,Thursday,55.4186,55.45695877075195,-0.29,-0.06,-0.39,-0.29,0.39
2013-03-01,55.02130039439706,55.50536370139484,54.851880698996084,55.465023040771484,1852600,OEF,2013,3,9,Friday,55.2109,55.29560089111328,0.31,-0.5,-0.8,0.31,0.8
2013-03-04,55.27138320077969,55.69896697998047,55.19877126660523,55.69896697998047,1158500,OEF,2013,3,10,Monday,55.467,55.465023040771484,0.42,-0.35,-0.48,0.42,0.48
2013-03-05,56.0055414156063,56.33631752745427,55.95713755733365,56.19916915893555,901400,OEF,2013,3,10,Tuesday,56.1245,55.69896697998047,0.9,0.55,0.46,0.9,-0.46
2013-03-06,56.400877287856794,56.408940496612026,56.12657431214936,56.27986145019531,1270800,OEF,2013,3,10,Wednesday,56.3041,56.19916915893555,0.14,0.36,-0.13,0.14,0.13
2013-03-07,56.3282591041129,56.47347686224922,56.27178587345548,56.4170036315918,879500,OEF,2013,3,10,Thursday,56.3726,56.27986145019531,0.24,0.09,-0.01,0.24,0.01
2013-03-08,56.65096095454534,56.68323224853981,56.31212160028332,56.57028579711914,771100,OEF,2013,3,10,Friday,56.5542,56.4170036315918,0.27,0.41,-0.19,0.27,0.19
2013-03-11,56.594476024153536,56.820368880276476,56.48152959609207,56.77196502685547,500400,OEF,2013,3,11,Monday,56.6671,56.57028579711914,0.36,0.04,-0.16,0.36,0.16
2013-03-12,56.763904199447765,56.82844678379079,56.465399363201,56.63481903076172,705200,OEF,2013,3,11,Tuesday,56.6731,56.77196502685547,-0.24,-0.01,-0.54,-0.24,0.54
2013-03-13,56.64288181269705,56.75582824461717,56.48153152570227,56.667083740234375,649700,OEF,2013,3,11,Wednesday,56.6368,56.63481903076172,0.06,0.01,-0.27,0.06,0.27
2013-03-14,56.81229398022053,56.997852325439446,56.79616141569276,56.99785232543945,807800,OEF,2013,3,11,Thursday,56.901,56.667083740234375,0.58,0.26,0.23,0.58,-0.23
2013-03-15,56.90104293823242,56.973654872100866,56.707421373114194,56.90104293823242,799700,OEF,2013,3,11,Friday,56.8708,56.99785232543945,-0.17,-0.17,-0.51,-0.17,0.51
2013-03-18,56.344383981966736,56.86071850549172,56.31211884467112,56.60255432128906,1081900,OEF,2013,3,12,Monday,56.5299,56.90104293823242,-0.52,-0.98,-1.03,-0.52,1.03
2013-03-19,56.79619938359143,56.84460326465053,56.15885494411699,56.52189636230469,2050900,OEF,2013,3,12,Tuesday,56.5804,56.60255432128906,-0.14,0.34,-0.78,-0.14,0.78
2013-03-20,56.876851850848695,56.941394436560664,56.723564748562694,56.81230926513672,1386000,OEF,2013,3,12,Wednesday,56.8385,56.52189636230469,0.51,0.63,0.36,0.51,-0.36
2013-03-21,56.44925883389768,56.683221052806815,56.27176982954464,56.34437561035156,1522200,OEF,2013,3,12,Thursday,56.4372,56.81230926513672,-0.82,-0.64,-0.95,-0.82,0.95
2013-03-22,56.554149913282274,56.84458541870117,56.53801734303468,56.84458541870117,646700,OEF,2013,3,12,Friday,56.6953,56.34437561035156,0.89,0.37,0.34,0.89,-0.34
2013-03-25,57.02455879019871,57.105633629923055,56.43275204511901,56.65163803100586,1029600,OEF,2013,3,13,Monday,56.8036,56.84458541870117,-0.34,0.32,-0.72,-0.34,0.72
2013-03-26,56.886748214354164,57.11374294819808,56.82999953089318,57.10564041137695,1076700,OEF,2013,3,13,Tuesday,56.984,56.65163803100586,0.8,0.42,0.31,0.8,-0.31
2013-03-27,56.74083461481839,57.06511552806755,56.66787465653792,57.02457809448242,759300,OEF,2013,3,13,Wednesday,56.8746,57.10564041137695,-0.14,-0.64,-0.77,-0.14,0.77
2013-03-28,57.02454900000474,57.202903720550665,56.92726910526391,57.09751510620117,844200,OEF,2013,3,13,Thursday,57.0631,57.02457809448242,0.13,-0.0,-0.17,0.13,0.17
2013-04-01,57.09754562226736,57.24347172751034,56.838122122406965,56.9597282409668,665800,OEF,2013,4,14,Monday,57.0347,57.09751510620117,-0.24,0.0,-0.45,-0.24,0.45
2013-04-02,57.146159074800615,57.446119870020866,57.129947819583336,57.33262252807617,780200,OEF,2013,4,14,Tuesday,57.2637,56.9597282409668,0.65,0.33,0.3,0.65,-0.3
2013-04-03,57.365059805993916,57.42991102170661,56.70838944633713,56.838104248046875,1605200,OEF,2013,4,14,Wednesday,57.0854,57.33262252807617,-0.86,0.06,-1.09,-0.86,1.09
2013-04-04,56.92727281676773,57.17047875461697,56.7813467800017,57.03266143798828,1500400,OEF,2013,4,14,Thursday,56.9779,56.838104248046875,0.34,0.16,-0.1,0.34,0.1
2013-04-05,56.335475000740416,56.82189319153668,56.294943759507404,56.78947067260742,1046600,OEF,2013,4,14,Friday,56.5604,57.03266143798828,-0.43,-1.22,-1.29,-0.43,1.29
2013-04-08,56.79756060248469,57.089412689208984,56.61920586224857,57.089412689208984,525300,OEF,2013,4,15,Monday,56.8989,56.78947067260742,0.53,0.01,-0.3,0.53,0.3
2013-04-09,57.22723401365936,57.5190861207913,57.048885446093784,57.324520111083984,661600,OEF,2013,4,15,Tuesday,57.2799,57.089412689208984,0.41,0.24,-0.07,0.41,0.07
2013-04-10,57.52717634542822,58.11898909048028,57.47042768646212,58.03791427612305,1309600,OEF,2013,4,15,Wednesday,57.7886,57.324520111083984,1.24,0.35,0.25,1.24,-0.25
2013-04-11,57.9811937644653,58.34601205075616,57.91634254069304,58.17576599121094,669100,OEF,2013,4,15,Thursday,58.1048,58.03791427612305,0.24,-0.1,-0.21,0.24,0.21
2013-04-12,57.964964681707315,58.13521068890519,57.76228998002302,58.086570739746094,969300,OEF,2013,4,15,Friday,57.9873,58.17576599121094,-0.15,-0.36,-0.71,-0.15,0.71
2013-04-15,57.75418026059292,57.86767759676059,56.870521545410156,56.870521545410156,1620000,OEF,2013,4,16,Monday,57.3407,58.086570739746094,-2.09,-0.57,-2.09,-2.09,2.09
2013-04-16,57.33263292788477,57.70555371694031,57.170489420593846,57.65691375732422,1288000,OEF,2013,4,16,Tuesday,57.4664,56.870521545410156,1.38,0.81,0.53,1.38,-0.53
2013-04-17,57.25967133538453,57.25967133538453,56.343583640967,56.83000183105469,1258200,OEF,2013,4,16,Wednesday,56.9232,57.65691375732422,-1.43,-0.69,-2.28,-1.43,2.28
2013-04-18,56.951602728598154,56.951602728598154,56.26250984008486,56.47329330444336,1175100,OEF,2013,4,16,Thursday,56.6598,56.83000183105469,-0.63,0.21,-1.0,-0.63,1.0
2013-04-19,56.58678072686861,56.9434840056608,56.48138592062945,56.89484405517578,1026700,OEF,2013,4,16,Friday,56.7266,56.47329330444336,0.75,0.2,0.01,0.75,-0.01
2013-04-22,57.02457828353196,57.30832794928065,56.70030355435173,57.21915054321289,650300,OEF,2013,4,17,Monday,57.0631,56.89484405517578,0.57,0.23,-0.34,0.57,0.34
2013-04-23,57.470442723883465,57.859580905142245,57.17859063422477,57.79472351074219,1390900,OEF,2013,4,17,Tuesday,57.5758,57.21915054321289,1.01,0.44,-0.07,1.01,0.07
2013-04-24,57.737977237987785,57.883903288885534,57.62447988563863,57.72175979614258,685500,OEF,2013,4,17,Wednesday,57.742,57.79472351074219,-0.13,-0.1,-0.29,-0.13,0.29
2013-04-25,57.84336359662503,58.14332440755704,57.770403666613824,57.89200973510742,807100,OEF,2013,4,17,Thursday,57.9123,57.72175979614258,0.29,0.21,0.08,0.29,-0.08
2013-04-26,57.76228600964616,58.00549810900618,57.65689739866515,57.88389205932617,545500,OEF,2013,4,17,Friday,57.8271,57.89200973510742,-0.01,-0.22,-0.41,-0.01,0.41
2013-04-29,58.07035473866128,58.39463550641861,57.932537422535304,58.26492691040039,539600,OEF,2013,4,18,Monday,58.1656,57.88389205932617,0.66,0.32,0.08,0.66,-0.08
2013-04-30,58.21630226925074,58.410874512828926,57.99741622665463,58.32979965209961,1615400,OEF,2013,4,18,Tuesday,58.2386,58.26492691040039,0.11,-0.08,-0.46,0.11,0.46
2013-05-01,58.2162752626065,58.29735008572505,57.827143326256156,57.92442321777344,962500,OEF,2013,5,18,Wednesday,58.0663,58.32979965209961,-0.69,-0.19,-0.86,-0.69,0.86
2013-05-02,58.06226496413938,58.46761446663511,57.98929883741602,58.410865783691406,970400,OEF,2013,5,18,Thursday,58.2325,57.92442321777344,0.84,0.24,0.11,0.84,-0.11
2013-05-03,58.95403285903546,59.14049016721982,58.8972841758738,58.92160415649414,797200,OEF,2013,5,18,Friday,58.9784,58.410865783691406,0.87,0.93,0.83,0.87,-0.83
2013-05-06,59.01076886409716,59.16480362178936,58.94591147294874,59.0837287902832,508100,OEF,2013,5,19,Monday,59.0513,58.92160415649414,0.28,0.15,0.04,0.28,-0.04
2013-05-07,59.18101380274262,59.3431510925293,59.0026590728926,59.3431510925293,529600,OEF,2013,5,19,Tuesday,59.2175,59.0837287902832,0.44,0.16,-0.14,0.44,0.14
2013-05-08,59.2620978695655,59.62691614423483,59.21345790700002,59.61069869995117,495400,OEF,2013,5,19,Wednesday,59.4283,59.3431510925293,0.45,-0.14,-0.22,0.45,0.22
2013-05-09,59.594486162775596,59.74851476931064,59.28641657942028,59.42424011230469,701300,OEF,2013,5,19,Thursday,59.5134,59.61069869995117,-0.31,-0.03,-0.54,-0.31,0.54
2013-05-10,59.45663352735968,59.602559525642285,59.27017630936165,59.57013702392578,489500,OEF,2013,5,19,Friday,59.4749,59.42424011230469,0.25,0.05,-0.26,0.25,0.26
2013-05-13,59.48097621454297,59.73229087610798,59.391798847186095,59.651222229003906,398000,OEF,2013,5,20,Monday,59.5641,59.57013702392578,0.14,-0.15,-0.3,0.14,0.3
2013-05-14,59.659338946506224,60.234940703603854,59.659338946506224,60.18629455566406,954900,OEF,2013,5,20,Tuesday,59.935,59.651222229003906,0.9,0.01,0.01,0.9,-0.01
2013-05-15,60.12142200563363,60.624051269942946,60.08088459425488,60.502445220947266,677400,OEF,2013,5,20,Wednesday,60.3322,60.18629455566406,0.53,-0.11,-0.18,0.53,0.18
2013-05-16,60.38895917289699,60.656491293638744,60.22682186737324,60.299781799316406,1021100,OEF,2013,5,20,Thursday,60.393,60.502445220947266,-0.33,-0.19,-0.46,-0.33,0.46
2013-05-17,60.52677554896234,60.87537009621814,60.42138074617244,60.8348388671875,567800,OEF,2013,5,20,Friday,60.6646,60.299781799316406,0.89,0.38,0.2,0.89,-0.2
2013-05-20,60.74566651891454,61.061838583103466,60.7132378219283,60.85105514526367,845300,OEF,2013,5,21,Monday,60.8429,60.8348388671875,0.03,-0.15,-0.2,0.03,0.2
2013-05-21,60.93213264524519,61.17533860556662,60.713240477299934,60.97266387939453,744700,OEF,2013,5,21,Tuesday,60.9483,60.85105514526367,0.2,0.13,-0.23,0.2,0.23
2013-05-22,61.045651606049375,61.68609852453401,60.380878516294004,60.583553314208984,1627000,OEF,2013,5,21,Wednesday,60.924,60.97266387939453,-0.64,0.12,-0.97,-0.64,0.97
2013-05-23,59.91066381469996,60.63218550790105,59.91066381469996,60.45383071899414,692100,OEF,2013,5,21,Thursday,60.2268,60.583553314208984,-0.21,-1.11,-1.11,-0.21,1.11
2013-05-24,60.06466343335871,60.47812150026525,60.007914772029594,60.461910247802734,646000,OEF,2013,5,21,Friday,60.2532,60.45383071899414,0.01,-0.64,-0.74,0.01,0.74
2013-05-28,61.126690930828595,61.34557688598891,60.66459286092036,60.8348388671875,456300,OEF,2013,5,22,Tuesday,60.9929,60.461910247802734,0.62,1.1,0.34,0.62,-0.34
2013-05-29,60.478153228759766,60.656508025118285,60.14576980520898,60.478153228759766,851600,OEF,2013,5,22,Wednesday,60.4396,60.8348388671875,-0.59,-0.59,-1.13,-0.59,1.13
2013-05-30,60.534886740496134,60.94023619961579,60.453818085700576,60.64838409423828,587400,OEF,2013,5,22,Thursday,60.6443,60.478153228759766,0.28,0.09,-0.04,0.28,0.04
2013-05-31,60.518695587694765,60.80243906630875,59.69988767642817,59.74042510986328,823000,OEF,2013,5,22,Friday,60.1904,60.64838409423828,-1.5,-0.21,-1.56,-1.5,1.56
2013-06-03,59.94306586074459,60.25923786950091,59.60256769465742,60.251129150390625,867700,OEF,2013,6,23,Monday,60.014,59.74042510986328,0.85,0.34,-0.23,0.85,0.23
2013-06-04,60.24303042654816,60.542991231992566,59.68365241793759,59.9673957824707,876800,OEF,2013,6,23,Tuesday,60.1093,60.251129150390625,-0.47,-0.01,-0.94,-0.47,0.94
2013-06-05,59.77284192153408,59.92687053061076,59.12428022653494,59.1404914855957,516500,OEF,2013,6,23,Wednesday,59.4911,59.9673957824707,-1.38,-0.32,-1.41,-1.38,1.41
2013-06-06,59.10806165281467,59.59447977129812,58.718923446942746,59.57826232910156,388000,OEF,2013,6,23,Thursday,59.2499,59.1404914855957,0.74,-0.05,-0.71,0.74,0.71
2013-06-07,60.04036483567814,60.388965646551526,59.772838871399536,60.31600570678711,433700,OEF,2013,6,23,Friday,60.1295,59.57826232910156,1.24,0.78,0.33,1.24,-0.33
2013-06-10,60.56732548950844,60.56732548950844,60.24304463137572,60.36465072631836,437800,OEF,2013,6,24,Monday,60.4356,60.31600570678711,0.08,0.42,-0.12,0.08,0.12
2013-06-11,59.75662865605285,60.283584296946295,59.65934253945704,59.780948638916016,488400,OEF,2013,6,24,Tuesday,59.8701,60.36465072631836,-0.97,-1.01,-1.17,-0.97,1.17
2013-06-12,60.18628894913738,60.24303762882852,59.229663930670895,59.29452133178711,496800,OEF,2013,6,24,Wednesday,59.7384,59.780948638916016,-0.81,0.68,-0.92,-0.81,0.92
2013-06-13,59.20536078154473,60.21062604403891,59.116183375945475,60.113346099853516,830200,OEF,2013,6,24,Thursday,59.6614,59.29452133178711,1.38,-0.15,-0.3,1.38,0.3
2013-06-14,60.05657164966557,60.21870894387371,59.61068481288122,59.651222229003906,425800,OEF,2013,6,24,Friday,59.8843,60.113346099853516,-0.77,-0.09,-0.84,-0.77,0.84
2013-06-17,60.040379956570504,60.42951828874398,59.8052764495492,60.113346099853516,695700,OEF,2013,6,25,Monday,60.0971,59.651222229003906,0.77,0.65,0.26,0.77,-0.26
2013-06-18,60.178180865583975,60.6645989588328,60.178180865583975,60.59163284301758,732400,OEF,2013,6,25,Tuesday,60.4031,60.113346099853516,0.8,0.11,0.11,0.8,-0.11
2013-06-19,60.502447212323055,60.64027070446279,59.77282326461528,59.8133544921875,742600,OEF,2013,6,25,Wednesday,60.1822,60.59163284301758,-1.28,-0.15,-1.35,-1.28,1.35
2013-06-20,59.27019561816592,59.375584245926596,58.20818206449379,58.37031936645508,1158000,OEF,2013,6,25,Thursday,58.8061,59.8133544921875,-2.41,-0.91,-2.68,-2.41,2.68
2013-06-21,58.75946031304764,58.799991547872814,57.997401350688406,58.556785583496094,823900,OEF,2013,6,25,Friday,58.5284,58.37031936645508,0.32,0.67,-0.64,0.32,0.64
2013-06-24,57.90820684778455,58.28112749764634,57.34072024693836,57.770389556884766,1089100,OEF,2013,6,26,Monday,57.8251,58.556785583496094,-1.34,-1.11,-2.08,-1.34,2.08
2013-06-25,58.345995556054426,58.48381287218041,57.91632616746097,58.26492691040039,806000,OEF,2013,6,26,Tuesday,58.2528,57.770389556884766,0.86,1.0,0.25,0.86,-0.25
2013-06-26,58.77525295117417,58.94644226560703,58.506238505888824,58.807861328125,707500,OEF,2013,6,26,Wednesday,58.7589,58.26492691040039,0.93,0.88,0.41,0.93,-0.41
2013-06-27,59.133911462418794,59.394772137672604,59.07684838406356,59.10130310058594,458700,OEF,2013,6,26,Thursday,59.1767,58.807861328125,0.5,0.55,0.46,0.5,-0.46
2013-06-28,58.897548215230586,59.14210799662328,58.604078965324796,58.65298843383789,840900,OEF,2013,6,26,Friday,58.8242,59.10130310058594,-0.76,-0.34,-0.84,-0.76,0.84
2013-07-01,59.142069257180566,59.54151083369234,58.98718108245968,59.06869888305664,418100,OEF,2013,7,27,Monday,59.1849,58.65298843383789,0.71,0.83,0.57,0.71,-0.57
2013-07-02,59.068711966780384,59.50076200311196,58.84045958678717,59.0605583190918,626600,OEF,2013,7,27,Tuesday,59.1176,59.06869888305664,-0.01,0.0,-0.39,-0.01,0.39
2013-07-03,58.856748264846445,59.33771386658542,58.79968518186822,59.15837097167969,191400,OEF,2013,7,27,Wednesday,59.0381,59.0605583190918,0.17,-0.35,-0.44,0.17,0.44
2013-07-05,59.59856969750494,59.818668365478516,59.207275575163045,59.818668365478516,355800,OEF,2013,7,27,Friday,59.6108,59.15837097167969,1.12,0.74,0.08,1.12,-0.08
2013-07-08,60.11214577447168,60.29148867971423,60.00617324837833,60.136600494384766,331000,OEF,2013,7,28,Monday,60.1366,59.818668365478516,0.53,0.49,0.31,0.53,-0.31
2013-07-09,60.46268111210636,60.6583313205003,60.27519076999167,60.5849609375,706900,OEF,2013,7,28,Tuesday,60.4953,60.136600494384766,0.75,0.54,0.23,0.75,-0.23
2013-07-10,60.503439650992775,60.78060143451193,60.3893134790249,60.55234909057617,1222000,OEF,2013,7,28,Wednesday,60.5564,60.5849609375,-0.05,-0.13,-0.32,-0.05,0.32
2013-07-11,61.23710315843927,61.40829239071888,61.000697203555326,61.32677459716797,613600,OEF,2013,7,28,Thursday,61.2432,60.55234909057617,1.28,1.13,0.74,1.28,-0.74
2013-07-12,61.31862487091695,61.44905210505233,61.18819141737219,61.400142669677734,195500,OEF,2013,7,28,Friday,61.339,61.32677459716797,0.12,-0.01,-0.23,0.12,0.23
2013-07-15,61.48168712135669,61.63657535973434,61.39201563802354,61.555057525634766,273800,OEF,2013,7,29,Monday,61.5163,61.400142669677734,0.25,0.13,-0.01,0.25,0.01
2013-07-16,61.571336612478504,61.61209862467484,61.25341281945857,61.383846282958984,515200,OEF,2013,7,29,Tuesday,61.4552,61.555057525634766,-0.28,0.03,-0.49,-0.28,0.49
2013-07-17,61.612095543185696,61.726221708335686,61.47351465970493,61.546878814697266,1458200,OEF,2013,7,29,Wednesday,61.5897,61.383846282958984,0.27,0.37,0.15,0.27,-0.15
2013-07-18,61.644696047394355,61.995228144063,61.58763297209522,61.80773162841797,2158100,OEF,2013,7,29,Thursday,61.7588,61.546878814697266,0.42,0.16,0.07,0.42,-0.07
2013-07-19,61.644694415110095,61.86479306560487,61.587631341321924,61.81588363647461,581400,OEF,2013,7,29,Friday,61.7283,61.80773162841797,0.01,-0.26,-0.36,0.01,0.36
2013-07-22,61.93002546493191,62.08491365560738,61.82404671577073,62.01154327392578,694900,OEF,2013,7,30,Monday,61.9626,61.81588363647461,0.32,0.18,0.01,0.32,-0.01
2013-07-23,62.14199019892224,62.14199019892224,61.91373157714226,61.970794677734375,622200,OEF,2013,7,30,Tuesday,62.0421,62.01154327392578,-0.07,0.21,-0.16,-0.07,0.16
2013-07-24,62.29685578918933,62.29685578918933,61.72622493362308,61.84035110473633,334700,OEF,2013,7,30,Wednesday,62.0401,61.970794677734375,-0.21,0.53,-0.39,-0.21,0.39
2013-07-25,61.69366532379261,61.930071499188905,61.530629584616086,61.905616760253906,681700,OEF,2013,7,30,Thursday,61.765,61.84035110473633,0.11,-0.24,-0.5,0.11,0.5
2013-07-26,61.67733174569742,62.00340305227437,61.4001636718132,61.970794677734375,510500,OEF,2013,7,30,Friday,61.7629,61.905616760253906,0.11,-0.37,-0.82,0.11,0.82
2013-07-29,61.82403106172393,61.946310853958174,61.66099548501732,61.81588363647461,1835300,OEF,2013,7,31,Monday,61.8118,61.970794677734375,-0.25,-0.24,-0.5,-0.25,0.5
2013-07-30,62.044142277262935,62.08490428531286,61.66100179146683,61.79143524169922,538900,OEF,2013,7,31,Tuesday,61.8954,61.81588363647461,-0.04,0.37,-0.25,-0.04,0.25
2013-07-31,61.88926460354484,62.18273369691738,61.66916589322057,61.73438262939453,655000,OEF,2013,7,31,Wednesday,61.8689,61.79143524169922,-0.09,0.16,-0.2,-0.09,0.2
2013-08-01,62.23166898203241,62.411011971280686,62.1746058690364,62.36210250854492,745600,OEF,2013,8,31,Thursday,62.2948,61.73438262939453,1.02,0.81,0.71,1.02,-0.71
2013-08-02,62.24794579194056,62.53326121716592,62.16642798750614,62.51696014404297,847800,OEF,2013,8,31,Friday,62.3661,62.36210250854492,0.25,-0.18,-0.31,0.25,0.31
2013-08-05,62.41914966603296,62.51697478591141,62.321324546154514,62.427303314208984,297500,OEF,2013,8,32,Monday,62.4212,62.51696014404297,-0.14,-0.16,-0.31,-0.14,0.31
2013-08-06,62.28054001775309,62.32129580101242,61.93816158521443,62.084896087646484,325200,OEF,2013,8,32,Tuesday,62.1562,62.427303314208984,-0.55,-0.24,-0.78,-0.55,0.78
2013-08-07,61.83222604642153,62.027870113155686,61.68549144151774,61.954505920410156,3345300,OEF,2013,8,32,Wednesday,61.875,62.084896087646484,-0.21,-0.41,-0.64,-0.21,0.64
2013-08-08,62.272416186044076,62.272416186044076,61.79960409413824,62.174591064453125,1027300,OEF,2013,8,32,Thursday,62.1298,61.954505920410156,0.36,0.51,-0.25,0.36,0.25
2013-08-09,62.044182289199995,62.18276325488506,61.644740474231725,61.856685638427734,616600,OEF,2013,8,32,Friday,61.9321,62.174591064453125,-0.51,-0.21,-0.85,-0.51,0.85
2013-08-12,61.56317387895941,61.889251270169055,61.52241809218879,61.84849548339844,567400,OEF,2013,8,33,Monday,61.7058,61.856685638427734,-0.01,-0.47,-0.54,-0.01,0.54
2013-08-13,61.95449040443008,62.15828807023413,61.61211181853797,62.060462951660156,597800,OEF,2013,8,33,Tuesday,61.9463,61.84849548339844,0.34,0.17,-0.38,0.34,0.38
2013-08-14,62.0360012280942,62.150127410516085,61.72623105000772,61.76698684692383,521500,OEF,2013,8,33,Wednesday,61.9198,62.060462951660156,-0.47,-0.04,-0.54,-0.47,0.54
2013-08-15,61.21268244670449,61.261598130505476,60.81324064223935,60.90291213989258,3413400,OEF,2013,8,33,Thursday,61.0476,61.76698684692383,-1.4,-0.9,-1.54,-1.4,1.54
2013-08-16,60.796907489057496,61.041460901403575,60.63386566141699,60.75614547729492,902500,OEF,2013,8,33,Friday,60.8071,60.90291213989258,-0.24,-0.17,-0.44,-0.24,0.44
2013-08-19,60.690964689993535,60.902916081747875,60.43010383068568,60.4464111328125,582200,OEF,2013,8,34,Monday,60.6176,60.75614547729492,-0.51,-0.11,-0.54,-0.51,0.54
2013-08-20,60.4871323581917,60.79690872731301,60.421921845217135,60.55234909057617,311700,OEF,2013,8,34,Tuesday,60.5646,60.4464111328125,0.18,0.07,-0.04,0.18,0.04
2013-08-21,60.438218718046286,60.72353412813606,60.07138550784651,60.201812744140625,1411400,OEF,2013,8,34,Wednesday,60.3587,60.55234909057617,-0.58,-0.19,-0.79,-0.58,0.79
2013-08-22,60.3240977124848,60.7235393207678,60.3240977124848,60.609413146972656,1054000,OEF,2013,8,34,Thursday,60.4953,60.201812744140625,0.68,0.2,0.2,0.68,-0.2
2013-08-23,60.9028879500199,60.959951042278746,60.593117766244866,60.87843322753906,2023600,OEF,2013,8,34,Friday,60.8336,60.609413146972656,0.44,0.48,-0.03,0.44,0.03
2013-08-26,60.92732948910743,61.131127091564416,60.63386044401662,60.658321380615234,697400,OEF,2013,8,35,Monday,60.8377,60.87843322753906,-0.36,0.08,-0.4,-0.36,0.4
2013-08-27,60.04694542123614,60.35671562489886,59.6638048260098,59.7290153503418,1562500,OEF,2013,8,35,Tuesday,59.9491,60.658321380615234,-1.53,-1.01,-1.64,-1.53,1.64
2013-08-28,59.72087391422383,60.177378727407714,59.67195824180297,59.96542739868164,1491300,OEF,2013,8,35,Wednesday,59.8839,59.7290153503418,0.4,-0.01,-0.1,0.4,0.1
2013-08-29,59.86757769925461,60.37299170548364,59.83496934088363,59.99800491333008,417500,OEF,2013,8,35,Thursday,60.0184,59.96542739868164,0.05,-0.16,-0.22,0.05,0.22
2013-08-30,60.10398997648633,60.10398997648633,59.67193384702644,59.818668365478516,1104300,OEF,2013,8,35,Friday,59.9246,59.99800491333008,-0.3,0.18,-0.54,-0.3,0.54
2013-09-03,60.32409892992635,60.45453239941603,59.83498585816032,60.02247619628906,3788300,OEF,2013,9,36,Tuesday,60.159,59.818668365478516,0.34,0.84,0.03,0.34,-0.03
2013-09-04,60.09585609826549,60.64203234460732,60.02248570520149,60.519752502441406,449300,OEF,2013,9,36,Wednesday,60.32,60.02247619628906,0.83,0.12,0.0,0.83,-0.0
2013-09-05,60.65017767363132,60.73984913095931,60.544198922565364,60.5849609375,409600,OEF,2013,9,36,Thursday,60.6298,60.519752502441406,0.11,0.22,0.04,0.11,-0.04
2013-09-06,60.78059126068547,60.92732577428427,60.038771267064625,60.5767936706543,1790000,OEF,2013,9,36,Friday,60.5809,60.5849609375,-0.01,0.32,-0.9,-0.01,0.9
2013-09-09,60.77243471532955,61.18002983422671,60.77243471532955,61.12296676635742,616000,OEF,2013,9,37,Monday,60.962,60.5767936706543,0.9,0.32,0.32,0.9,-0.32
2013-09-10,61.55506140865058,61.62842559814453,61.38387208041889,61.62842559814453,535500,OEF,2013,9,37,Tuesday,61.5489,61.12296676635742,0.83,0.71,0.43,0.83,-0.43
2013-09-11,61.48166053654323,61.78328323364257,61.42459745540653,61.78328323364258,739000,OEF,2013,9,37,Wednesday,61.6182,61.62842559814453,0.25,-0.24,-0.33,0.25,0.33
2013-09-12,61.79147097071993,61.84853408333928,61.58767325144897,61.66103744506836,252000,OEF,2013,9,37,Thursday,61.7222,61.78328323364258,-0.2,0.01,-0.32,-0.2,0.32
2013-09-13,61.71805855880549,61.87294671026278,61.628387125794276,61.81588363647461,255900,OEF,2013,9,37,Friday,61.7588,61.66103744506836,0.25,0.09,-0.05,0.25,0.05
2013-09-16,62.410983340557166,62.427290633596776,61.995240659197314,62.09305953979492,1485800,OEF,2013,9,38,Monday,62.2316,61.81588363647461,0.45,0.96,0.29,0.45,-0.29
2013-09-17,62.11754275604039,62.411011971280686,62.11754275604039,62.36210250854492,1396600,OEF,2013,9,38,Tuesday,62.252,62.09305953979492,0.43,0.04,0.04,0.43,-0.04
2013-09-18,62.32945865082554,63.27508252158146,62.23163356162031,63.1038932800293,746800,OEF,2013,9,38,Wednesday,62.735,62.36210250854492,1.19,-0.05,-0.21,1.19,0.21
2013-09-19,63.29956287947926,63.30771652840145,62.9408769598449,62.99794006347656,2531000,OEF,2013,9,38,Thursday,63.1365,63.1038932800293,-0.17,0.31,-0.26,-0.17,0.26
2013-09-20,63.13649536765572,63.13649536765572,62.52510255433661,62.56586456298828,319100,OEF,2013,9,38,Friday,62.841,62.99794006347656,-0.69,0.22,-0.75,-0.69,0.75
2013-09-23,62.5006663348669,62.57403672827304,62.13383302606965,62.32132339477539,1113700,OEF,2013,9,39,Monday,62.3825,62.56586456298828,-0.39,-0.1,-0.69,-0.39,0.69
2013-09-24,62.24836402715722,62.43687401089859,62.0024887801776,62.068058013916016,779000,OEF,2013,9,39,Tuesday,62.1889,62.32132339477539,-0.41,-0.12,-0.51,-0.41,0.51
2013-09-25,62.12544499094407,62.15822336294432,61.797604993690825,61.83858108520508,663100,OEF,2013,9,39,Wednesday,61.98,62.068058013916016,-0.37,0.09,-0.44,-0.37,0.44
2013-09-26,61.953313645121426,62.25656668545876,61.822181420263924,62.0352783203125,478800,OEF,2013,9,39,Thursday,62.0168,61.83858108520508,0.32,0.19,-0.03,0.32,0.03
2013-09-27,61.74023694222673,61.83039310287739,61.59270924780094,61.75662612915039,601000,OEF,2013,9,39,Friday,61.73,62.0352783203125,-0.45,-0.48,-0.71,-0.45,0.71
2013-09-30,61.23206628708286,61.59269082180147,61.1009340718383,61.3386116027832,1088500,OEF,2013,9,40,Monday,61.3161,61.75662612915039,-0.68,-0.85,-1.06,-0.68,1.06
2013-10-01,61.45338469677156,61.87957237770922,61.38781543723384,61.83039855957031,956400,OEF,2013,10,40,Tuesday,61.6378,61.3386116027832,0.8,0.19,0.08,0.8,-0.08
2013-10-02,61.45338300568085,61.756629879897645,61.281262140873615,61.74843215942383,809900,OEF,2013,10,40,Wednesday,61.5599,61.83039855957031,-0.13,-0.61,-0.89,-0.13,0.89
2013-10-03,61.62549168719582,61.65827631290761,60.95342249267395,61.24028015136719,2893000,OEF,2013,10,40,Thursday,61.3694,61.74843215942383,-0.82,-0.2,-1.29,-0.82,1.29
2013-10-04,61.33042760676269,61.62548294327605,61.15831303596775,61.568111419677734,788500,OEF,2013,10,40,Friday,61.4206,61.24028015136719,0.54,0.15,-0.13,0.54,0.13
2013-10-07,61.03535996379948,61.43696054801367,60.994377632480834,61.09273147583008,694000,OEF,2013,10,41,Monday,61.1399,61.568111419677734,-0.77,-0.87,-0.93,-0.77,0.93
2013-10-08,61.07635732588865,61.11733967148876,60.387898941608526,60.43707275390625,2312100,OEF,2013,10,41,Tuesday,60.7547,61.09273147583008,-1.07,-0.03,-1.15,-1.07,1.15
2013-10-09,60.568196385830504,60.740310939640494,60.15020032484824,60.52721405029297,932900,OEF,2013,10,41,Wednesday,60.4965,60.43707275390625,0.15,0.22,-0.47,0.15,0.47
2013-10-10,61.15831516093069,61.80579738005267,61.13372200451084,61.78120422363281,1450800,OEF,2013,10,41,Thursday,61.4698,60.52721405029297,2.07,1.04,1.0,2.07,-1.0
2013-10-11,61.715640638734,62.2073974609375,61.67465829812235,62.2073974609375,836600,OEF,2013,10,41,Friday,61.9513,61.78120422363281,0.69,-0.11,-0.17,0.69,0.17
2013-10-14,61.805801770902,62.527044751440634,61.76481942698472,62.47787094116211,568700,OEF,2013,10,42,Monday,62.1439,62.2073974609375,0.43,-0.65,-0.71,0.43,0.71
2013-10-15,62.33853799941178,62.56802413014089,62.01070424295767,62.07626724243164,1085300,OEF,2013,10,42,Tuesday,62.2484,62.47787094116211,-0.64,-0.22,-0.75,-0.64,0.75
2013-10-16,62.420486132152185,62.95321897157656,62.41228841450716,62.9122428894043,880800,OEF,2013,10,42,Wednesday,62.6746,62.07626724243164,1.35,0.55,0.54,1.35,-0.54
2013-10-17,62.68277464529619,63.24829226309625,62.62540311151855,63.231903076171875,980700,OEF,2013,10,42,Thursday,62.9471,62.9122428894043,0.51,-0.36,-0.46,0.51,0.46
2013-10-18,63.59250689020307,63.748232268918954,63.371218525788656,63.690860748291016,2099600,OEF,2013,10,42,Friday,63.6007,63.231903076171875,0.73,0.57,0.22,0.73,-0.22
2013-10-21,63.740053766842735,63.87939000439705,63.608921502885835,63.707275390625,447500,OEF,2013,10,43,Monday,63.7339,63.690860748291016,0.03,0.08,-0.13,0.03,0.13
2013-10-22,63.92854877142053,64.231801830785,63.80560800394697,64.06787872314453,709400,OEF,2013,10,43,Tuesday,64.0085,63.707275390625,0.57,0.35,0.15,0.57,-0.15
2013-10-23,63.91218260251712,63.91218260251712,63.576144800614344,63.789241790771484,2687400,OEF,2013,10,43,Wednesday,63.7974,64.06787872314453,-0.43,-0.24,-0.77,-0.43,0.77
2013-10-24,63.90396034860775,64.12524872237516,63.797408767918924,64.01050567626953,384800,OEF,2013,10,43,Thursday,63.9593,63.789241790771484,0.35,0.18,0.01,0.35,-0.01
2013-10-25,64.17440606282553,64.33012513997308,64.07605223539696,64.31373596191406,276400,OEF,2013,10,43,Friday,64.2236,64.01050567626953,0.47,0.26,0.1,0.47,-0.1
2013-10-28,64.28917650494421,64.57603414108516,64.26458960085034,64.48587799072266,312600,OEF,2013,10,44,Monday,64.4039,64.31373596191406,0.27,-0.04,-0.08,0.27,0.08
2013-10-29,64.70719196074302,64.8383305051222,64.52688584176659,64.8137435913086,366100,OEF,2013,10,44,Tuesday,64.7215,64.48587799072266,0.51,0.34,0.06,0.51,-0.06
2013-10-30,65.00223624525158,65.00223624525158,64.39573621445545,64.59243774414062,806200,OEF,2013,10,44,Wednesday,64.7482,64.8137435913086,-0.34,0.29,-0.64,-0.34,0.64
2013-10-31,64.50226288324617,64.78092903482936,64.3465437500054,64.38751983642578,3745000,OEF,2013,10,44,Thursday,64.5043,64.59243774414062,-0.32,-0.14,-0.38,-0.32,0.38
2013-11-01,64.42029115655802,64.64977720281698,64.19900282710141,64.5350341796875,500500,OEF,2013,11,44,Friday,64.451,64.38751983642578,0.23,0.05,-0.29,0.23,0.29
2013-11-04,64.64979441761399,64.72356138242588,64.44489521417617,64.68257904052734,628000,OEF,2013,11,45,Monday,64.6252,64.5350341796875,0.23,0.18,-0.14,0.23,0.14
2013-11-05,64.44489828035051,64.65799521291233,64.30556831611031,64.51046752929688,673700,OEF,2013,11,45,Tuesday,64.4797,64.68257904052734,-0.27,-0.37,-0.58,-0.27,0.58
2013-11-06,64.78092374915462,64.9776252057934,64.690767612148,64.91205596923828,306000,OEF,2013,11,45,Wednesday,64.8403,64.51046752929688,0.62,0.42,0.28,0.62,-0.28
2013-11-07,64.98582991448761,65.10877068299719,64.1416462253636,64.17443084716797,473800,OEF,2013,11,45,Thursday,64.6027,64.91205596923828,-1.14,0.11,-1.19,-1.14,1.19
2013-11-08,64.1088601741815,65.02680455212834,64.1088601741815,64.99402618408203,688300,OEF,2013,11,45,Friday,64.5596,64.17443084716797,1.28,-0.1,-0.1,1.28,0.1
2013-11-11,64.87929338026113,65.08419260454994,64.87929338026113,65.01862335205078,245400,OEF,2013,11,46,Monday,64.9654,64.99402618408203,0.04,-0.18,-0.18,0.04,0.18
2013-11-12,64.92025118150468,65.0759765490563,64.70715429743821,64.90386199951172,302400,OEF,2013,11,46,Tuesday,64.9018,65.01862335205078,-0.18,-0.15,-0.48,-0.18,0.48
2013-11-13,64.56782782531664,65.40381997136696,64.55963010736765,65.39562225341797,721100,OEF,2013,11,46,Wednesday,64.9817,64.90386199951172,0.76,-0.52,-0.53,0.76,0.53
2013-11-14,65.23990060793726,65.71526822773353,65.23990060793726,65.67428588867188,336100,OEF,2013,11,46,Thursday,65.4673,65.39562225341797,0.43,-0.24,-0.24,0.43,0.24
2013-11-15,65.7316738520176,65.95296853345639,65.69069775573422,65.94477081298828,443000,OEF,2013,11,46,Friday,65.83,65.67428588867188,0.41,0.09,0.02,0.41,-0.02
2013-11-18,66.12508777586159,66.14147696491695,65.66611544596306,65.83003234863281,317200,OEF,2013,11,47,Monday,65.9407,65.94477081298828,-0.17,0.27,-0.42,-0.17,0.42
2013-11-19,65.75625097840566,65.99392853676456,65.62511249500912,65.76444244384766,282800,OEF,2013,11,47,Tuesday,65.7849,65.83003234863281,-0.1,-0.11,-0.31,-0.1,0.31
2013-11-20,65.8791831318487,66.01032161055053,65.33005482159518,65.5267562866211,669800,OEF,2013,11,47,Wednesday,65.6866,65.76444244384766,-0.36,0.17,-0.66,-0.36,0.66
2013-11-21,65.6414987661926,66.00212332650396,65.6414987661926,65.95294952392578,300500,OEF,2013,11,47,Thursday,65.8095,65.5267562866211,0.65,0.18,0.18,0.65,-0.18
2013-11-22,66.00210425457438,66.23978798673258,65.9037566778365,66.2315902709961,1479500,OEF,2013,11,47,Friday,66.0943,65.95294952392578,0.42,0.07,-0.07,0.42,0.07
2013-11-25,66.35455141646972,66.37913831822115,66.10047842766907,66.22341918945312,1413100,OEF,2013,11,48,Monday,66.2644,66.2315902709961,-0.01,0.19,-0.2,-0.01,0.2
2013-11-26,66.21521606053132,66.38733061175418,66.10047302638274,66.15784454345703,536600,OEF,2013,11,48,Tuesday,66.2152,66.22341918945312,-0.1,-0.01,-0.19,-0.1,0.19
2013-11-27,66.24800415221658,66.40372327642692,66.18243491411395,66.36274719238281,180200,OEF,2013,11,48,Wednesday,66.2992,66.15784454345703,0.31,0.14,0.04,0.31,-0.04
2013-11-29,66.52664498293635,66.6577834215866,66.30535668399519,66.37092590332031,293700,OEF,2013,11,48,Friday,66.4652,66.36274719238281,0.01,0.25,-0.09,0.01,0.09
2013-12-02,66.46110287323707,66.47749831126853,66.04311299884647,66.16605377197266,348700,OEF,2013,12,49,Monday,66.2869,66.37092590332031,-0.31,0.14,-0.49,-0.31,0.49
2013-12-03,65.95296741333091,66.11688430173763,65.68249891973419,65.97755432128906,274200,OEF,2013,12,49,Tuesday,65.9325,66.16605377197266,-0.28,-0.32,-0.73,-0.28,0.73
2013-12-04,65.72346841778631,66.19063833673351,65.4857845989497,65.9283676147461,407200,OEF,2013,12,49,Wednesday,65.8321,65.97755432128906,-0.07,-0.39,-0.75,-0.07,0.75
2013-12-05,65.92838936735498,65.92838936735498,65.56776466075146,65.65792083740234,304800,OEF,2013,12,49,Thursday,65.7706,65.9283676147461,-0.41,0.0,-0.55,-0.41,0.55
2013-12-06,66.22344245935983,66.38735936398518,66.03493239131447,66.3135986328125,713300,OEF,2013,12,49,Friday,66.2398,65.65792083740234,1.0,0.86,0.57,1.0,-0.57
2013-12-09,66.47747802734375,66.60041876295769,66.3791241882475,66.47747802734375,1701900,OEF,2013,12,50,Monday,66.4836,66.3135986328125,0.25,0.25,0.1,0.25,-0.1
2013-12-10,66.34633327920695,66.39551332060087,66.17421876689066,66.2315902709961,181300,OEF,2013,12,50,Tuesday,66.2869,66.47747802734375,-0.37,-0.2,-0.46,-0.37,0.46
2013-12-11,66.22342522810966,66.24801213210307,65.47758912416293,65.57594299316406,734700,OEF,2013,12,50,Wednesday,65.8812,66.2315902709961,-0.99,-0.01,-1.14,-0.99,1.14
2013-12-12,65.53496054990626,65.58413435781712,65.1415575805645,65.27268981933594,183300,OEF,2013,12,50,Thursday,65.3833,65.57594299316406,-0.46,-0.06,-0.66,-0.46,0.66
2013-12-13,65.3382460095405,65.3710306259393,65.11695141210517,65.20710754394531,453100,OEF,2013,12,50,Friday,65.2583,65.27268981933594,-0.1,0.1,-0.24,-0.1,0.24
2013-12-16,65.55135484441541,65.83821247393722,65.502174784335,65.59233093261719,782500,OEF,2013,12,51,Monday,65.621,65.20710754394531,0.59,0.53,0.45,0.59,-0.45
2013-12-17,65.65791064716433,65.65791064716433,65.23991446147767,65.34646606445312,2765000,OEF,2013,12,51,Tuesday,65.4756,65.59233093261719,-0.37,0.1,-0.54,-0.37,0.54
2013-12-18,65.46939922350631,66.52667999267578,64.8710969781258,66.52667999267578,641000,OEF,2013,12,51,Wednesday,65.8485,65.34646606445312,1.81,0.19,-0.73,1.81,0.73
2013-12-19,66.3381644490077,66.5184767385774,66.1660498779713,66.44470977783203,954600,OEF,2013,12,51,Thursday,66.3669,66.52667999267578,-0.12,-0.28,-0.54,-0.12,0.54
2013-12-20,66.55944146435182,66.94465288031334,66.51026766759963,66.73975372314453,917000,OEF,2013,12,51,Friday,66.6885,66.44470977783203,0.44,0.17,0.1,0.44,-0.1
2013-12-23,67.09751798027537,67.18819080327967,66.98211734897222,67.12224578857422,265600,OEF,2013,12,52,Monday,67.0975,66.73975372314453,0.57,0.54,0.36,0.57,-0.36
2013-12-24,67.13874422612562,67.31185150146484,67.13874422612562,67.31185150146484,855700,OEF,2013,12,52,Tuesday,67.2253,67.12224578857422,0.28,0.02,0.02,0.28,-0.02
2013-12-26,67.42724562495215,67.70750254098222,67.4107562246777,67.67453002929688,4261300,OEF,2013,12,52,Thursday,67.555,67.31185150146484,0.54,0.17,0.15,0.54,-0.15
2013-12-27,67.85587569913447,67.85587569913447,67.60034659465252,67.67453002929688,178500,OEF,2013,12,52,Friday,67.7467,67.67453002929688,0.0,0.27,-0.11,0.0,0.11
2013-12-30,67.71573385214693,67.74046165880578,67.5261435196585,67.62506103515625,300700,OEF,2013,12,1,Monday,67.6519,67.67453002929688,-0.07,0.06,-0.22,-0.07,0.22
2013-12-31,67.70749901490034,67.92181718526199,67.64155399496394,67.88059997558594,236700,OEF,2013,12,1,Tuesday,67.7879,67.62506103515625,0.38,0.12,0.02,0.38,-0.02
2014-01-02,67.64977622455413,67.71572122258665,67.22114631506504,67.36127471923828,447600,OEF,2014,1,1,Thursday,67.487,67.88059997558594,-0.77,-0.34,-0.97,-0.77,0.97
2014-01-03,67.48494712376575,67.56737525998321,67.21292861427082,67.29535675048828,1508600,OEF,2014,1,1,Friday,67.3902,67.36127471923828,-0.1,0.18,-0.22,-0.1,0.22
2014-01-06,67.52615282925007,67.52615282925007,67.03157776130071,67.1964340209961,378300,OEF,2014,1,2,Monday,67.3201,67.29535675048828,-0.15,0.34,-0.39,-0.15,0.39
2014-01-07,67.5096443674154,67.67450056520354,67.42721626852135,67.56734466552734,261900,OEF,2014,1,2,Tuesday,67.5447,67.1964340209961,0.55,0.47,0.34,0.55,-0.34
2014-01-08,67.49314303177822,67.58381581117588,67.2540971850807,67.44368743896484,551000,OEF,2014,1,2,Wednesday,67.4437,67.56734466552734,-0.18,-0.11,-0.46,-0.18,0.46
2014-01-09,67.64977434918511,67.64977434918511,67.14695475863317,67.41072845458984,407800,OEF,2014,1,2,Thursday,67.4643,67.44368743896484,-0.05,0.31,-0.44,-0.05,0.44
2014-01-10,67.56735738282035,67.61681299369297,67.1057549110437,67.4766845703125,373600,OEF,2014,1,2,Friday,67.4417,67.41072845458984,0.1,0.23,-0.45,0.1,0.45
2014-01-13,67.30359851303838,67.52615509999754,66.58646055263505,66.7101058959961,487500,OEF,2014,1,3,Monday,67.0316,67.4766845703125,-1.14,-0.26,-1.32,-1.14,1.32
2014-01-14,66.89143027327424,67.38600520045946,66.77602966655974,67.36952209472656,398800,OEF,2014,1,3,Tuesday,67.1057,66.7101058959961,0.99,0.27,0.1,0.99,-0.1
2014-01-15,67.5096721201891,67.93006377288809,67.5096721201891,67.83114624023438,923200,OEF,2014,1,3,Wednesday,67.6951,67.36952209472656,0.69,0.21,0.21,0.69,-0.21
2014-01-16,67.67451824494843,67.75694636537658,67.55087291987499,67.74046325683594,230800,OEF,2014,1,3,Thursday,67.6807,67.83114624023438,-0.13,-0.23,-0.41,-0.13,0.41
2014-01-17,67.60031699563612,67.69922819852,67.27059831201466,67.37775421142578,255900,OEF,2014,1,3,Friday,67.487,67.74046325683594,-0.54,-0.21,-0.69,-0.54,0.69
2014-01-21,67.87235453975313,67.87235453975313,67.10576727454394,67.5508804321289,728800,OEF,2014,1,4,Tuesday,67.6003,67.37775421142578,0.26,0.73,-0.4,0.26,0.4
2014-01-22,67.60855557054396,67.63328966018692,67.42721626852135,67.56734466552734,291100,OEF,2014,1,4,Wednesday,67.5591,67.5508804321289,0.02,0.09,-0.18,0.02,0.18
2014-01-23,67.18820450868402,67.18820450868402,66.66889527302568,67.0068588256836,397500,OEF,2014,1,4,Thursday,67.013,67.56734466552734,-0.83,-0.56,-1.33,-0.83,1.33
2014-01-24,66.66062621504399,66.68535401701877,65.69619791600003,65.72093200683594,947500,OEF,2014,1,4,Friday,66.1908,67.0068588256836,-1.92,-0.52,-1.96,-1.92,1.96
2014-01-27,65.86929387354611,65.90226007798267,65.09445600322577,65.3829574584961,5523800,OEF,2014,1,5,Monday,65.5622,65.72093200683594,-0.51,0.23,-0.95,-0.51,0.95
2014-01-28,65.40771400931567,65.70446029057405,65.35825839206021,65.62203216552734,1670200,OEF,2014,1,5,Tuesday,65.5231,65.3829574584961,0.37,0.04,-0.04,0.37,0.04
2014-01-29,65.1027237835102,65.35825283609184,64.77300502248927,64.94610595703125,1445200,OEF,2014,1,5,Wednesday,65.045,65.62203216552734,-1.03,-0.79,-1.29,-1.03,1.29
2014-01-30,65.57255862442281,65.79511513010075,65.21811212363119,65.61376953125,581600,OEF,2014,1,5,Thursday,65.5499,64.94610595703125,1.03,0.96,0.42,1.03,-0.42
2014-01-31,64.8554091381677,65.58078511286926,64.76473635522251,65.13566589355469,1894000,OEF,2014,1,5,Friday,65.0841,65.61376953125,-0.73,-1.16,-1.29,-0.73,1.29
2014-02-03,65.17693274457613,65.27585029830485,63.627262136014956,63.726173400878906,940900,OEF,2014,2,6,Monday,64.4516,65.13566589355469,-2.16,0.06,-2.32,-2.16,2.32
2014-02-04,64.0311550632684,64.3031735793911,63.86629878681672,64.15480041503906,1137300,OEF,2014,2,6,Tuesday,64.0889,63.726173400878906,0.67,0.48,0.22,0.67,-0.22
2014-02-05,64.01464656729958,64.23720308114488,63.635465961863154,64.06410217285156,411900,OEF,2014,2,6,Wednesday,63.9879,64.15480041503906,-0.14,-0.22,-0.81,-0.14,0.81
2014-02-06,64.36086226323066,64.89665449807846,64.2949172490328,64.88016510009766,446900,OEF,2014,2,6,Thursday,64.6081,64.06410217285156,1.27,0.46,0.36,1.27,-0.36
2014-02-07,65.19337033884936,65.72092396818165,64.98729696245063,65.6961898803711,382600,OEF,2014,2,6,Friday,65.3994,64.88016510009766,1.26,0.48,0.17,1.26,-0.17
2014-02-10,65.63026896109429,65.78688049316406,65.52310675146217,65.78688049316406,314000,OEF,2014,2,7,Monday,65.6818,65.6961898803711,0.14,-0.1,-0.26,0.14,0.26
2014-02-11,65.91051703638578,66.70183815615223,65.87754453695452,66.52049255371094,427400,OEF,2014,2,7,Tuesday,66.2526,65.78688049316406,1.12,0.19,0.14,1.12,-0.14
2014-02-12,66.58643755257346,66.80075565444601,66.38036414777403,66.52049255371094,1013600,OEF,2014,2,7,Wednesday,66.572,66.52049255371094,0.0,0.1,-0.21,0.0,0.21
2014-02-13,66.04239462518082,66.83371559626329,66.04239462518082,66.80074310302734,1011900,OEF,2014,2,7,Thursday,66.4298,66.52049255371094,0.42,-0.72,-0.72,0.42,0.72
2014-02-14,66.72656004530366,67.30356930092512,66.66062134114577,67.17992401123047,1431900,OEF,2014,2,7,Friday,66.9677,66.80074310302734,0.57,-0.11,-0.21,0.57,0.21
2014-02-18,67.22940092368053,67.22940092368053,66.9656271568491,67.06454467773438,610500,OEF,2014,2,8,Tuesday,67.1222,67.17992401123047,-0.17,0.07,-0.32,-0.17,0.32
2014-02-19,66.98212589049469,67.31184471720469,66.56173422921783,66.63591766357422,614200,OEF,2014,2,8,Wednesday,66.8729,67.06454467773438,-0.64,-0.12,-0.75,-0.64,0.75
2014-02-20,66.62767237457126,67.09751961025155,66.45457142341147,66.96562957763672,369300,OEF,2014,2,8,Thursday,66.7863,66.63591766357422,0.49,-0.01,-0.27,0.49,0.27
2014-02-21,67.08925450183347,67.20465510083409,66.7595358094627,66.78426361083984,472000,OEF,2014,2,8,Friday,66.9594,66.96562957763672,-0.27,0.18,-0.31,-0.27,0.31
2014-02-24,66.85846428383756,67.5756020858532,66.85846428383756,67.20466613769531,618900,OEF,2014,2,9,Monday,67.1243,66.78426361083984,0.63,0.11,0.11,0.63,-0.11
2014-02-25,67.22114359850404,67.3530273003782,66.91615271157488,67.08100891113281,495200,OEF,2014,2,9,Tuesday,67.1428,67.20466613769531,-0.18,0.02,-0.43,-0.18,0.43
2014-02-26,67.17992815137949,67.32830125038483,66.89967134706998,67.11398315429688,841800,OEF,2014,2,9,Wednesday,67.1305,67.08100891113281,0.05,0.15,-0.27,0.05,0.27
2014-02-27,66.94911836965981,67.50139349950481,66.93262897807206,67.49314880371094,628000,OEF,2014,2,9,Thursday,67.2191,67.11398315429688,0.56,-0.25,-0.27,0.56,0.27
2014-02-28,67.46845654791116,68.02897666883484,67.2541383663882,67.67453002929688,1362500,OEF,2014,2,9,Friday,67.6065,67.49314880371094,0.27,-0.04,-0.35,0.27,0.35
2014-03-03,67.05630745360796,67.39427097099214,66.75956114673617,67.14698028564453,937400,OEF,2014,3,10,Monday,67.0893,67.67453002929688,-0.78,-0.91,-1.35,-0.78,1.35
2014-03-04,67.88885221741137,68.29275450388265,67.82290719014881,68.15262603759766,1069600,OEF,2014,3,10,Tuesday,68.0393,67.14698028564453,1.5,1.1,1.01,1.5,-1.01
2014-03-05,68.24328077871031,68.35043670294463,68.11963545760162,68.22679138183594,968400,OEF,2014,3,10,Wednesday,68.235,68.15262603759766,0.11,0.13,-0.05,0.11,0.05
2014-03-06,68.45759234230766,68.53177575453196,68.284485136061,68.39164733886719,365800,OEF,2014,3,10,Thursday,68.4164,68.22679138183594,0.24,0.34,0.08,0.24,-0.08
2014-03-07,68.71313306602579,68.71313306602579,68.1526130190924,68.40814208984375,558600,OEF,2014,3,10,Friday,68.4968,68.39164733886719,0.02,0.47,-0.35,0.02,0.35
2014-03-10,68.30097933994317,68.48232496774092,68.05368870406221,68.46583557128906,691900,OEF,2014,3,11,Monday,68.3257,68.40814208984375,0.08,-0.16,-0.52,0.08,0.52
2014-03-11,68.54826513968807,68.61420385425714,67.96301109531744,68.11962890625,661100,OEF,2014,3,11,Tuesday,68.3113,68.46583557128906,-0.51,0.12,-0.73,-0.51,0.73
2014-03-12,67.81463891457047,68.16908545180766,67.66626579924183,68.09490203857422,1352700,OEF,2014,3,11,Wednesday,67.9362,68.11962890625,-0.04,-0.45,-0.67,-0.04,0.67
2014-03-13,68.30096798312967,68.39988547880687,67.20465598926974,67.38600158691406,1240000,OEF,2014,3,11,Thursday,67.8229,68.09490203857422,-1.04,0.3,-1.31,-1.04,1.31
2014-03-14,67.25410980732691,67.53437289320847,66.99858081135385,67.08100891113281,1530800,OEF,2014,3,11,Friday,67.217,67.38600158691406,-0.45,-0.2,-0.57,-0.45,0.57
2014-03-17,67.46019343616224,67.86410187742307,67.4107378265637,67.71572875976562,673800,OEF,2014,3,12,Monday,67.6127,67.08100891113281,0.95,0.57,0.49,0.95,-0.49
2014-03-18,67.86411345537624,68.3339606933061,67.83938564635828,68.27626037597656,1181500,OEF,2014,3,12,Tuesday,68.0784,67.71572875976562,0.83,0.22,0.18,0.83,-0.18
2014-03-19,68.2515214611961,68.37516048616754,67.48492806206366,67.93828582763672,1513200,OEF,2014,3,12,Wednesday,68.0125,68.27626037597656,-0.5,-0.04,-1.16,-0.5,1.16
2014-03-20,67.83114080037367,68.42463337097273,67.6910123569997,68.35868835449219,1230700,OEF,2014,3,12,Thursday,68.0764,67.93828582763672,0.62,-0.16,-0.36,0.62,0.36
2014-03-21,68.75436340585661,68.86151935851032,68.05370849670382,68.15262603759766,925200,OEF,2014,3,12,Friday,68.4556,68.35868835449219,-0.3,0.58,-0.45,-0.3,0.45
2014-03-24,68.37517434705656,68.4328746666941,67.69925362178971,68.01248931884766,1074800,OEF,2014,3,13,Monday,68.1299,68.15262603759766,-0.21,0.33,-0.67,-0.21,0.67
2014-03-25,68.30480525530578,68.53668281729898,68.03151827801821,68.44558715820312,697600,OEF,2014,3,13,Tuesday,68.3296,68.01248931884766,0.64,0.43,0.03,0.64,-0.03
2014-03-26,68.73543170966765,68.80996107276646,67.96526336669922,67.96526336669922,612200,OEF,2014,3,13,Wednesday,68.369,68.44558715820312,-0.7,0.42,-0.7,-0.7,0.7
2014-03-27,67.94871879686744,68.08121757847866,67.60917921726764,67.84105682373047,500200,OEF,2014,3,13,Thursday,67.87,67.96526336669922,-0.18,-0.02,-0.52,-0.18,0.52
2014-03-28,68.10605803047468,68.44559759674004,67.91558985472784,68.08121490478516,237700,OEF,2014,3,13,Friday,68.1371,67.84105682373047,0.35,0.39,0.11,0.35,-0.11
2014-03-31,68.56150399494013,68.74369525481846,68.46212522095529,68.57806396484375,540100,OEF,2014,3,14,Monday,68.5863,68.08121490478516,0.73,0.71,0.56,0.73,-0.56
2014-04-01,68.7768422771079,69.03356295634019,68.75199283746869,68.97559356689453,366400,OEF,2014,4,14,Tuesday,68.8845,68.57806396484375,0.58,0.29,0.25,0.58,-0.25
2014-04-02,69.09982336469663,69.27373155284654,68.9341920058465,69.1991958618164,759100,OEF,2014,4,14,Wednesday,69.1267,68.97559356689453,0.32,0.18,-0.06,0.32,0.06
2014-04-03,69.30684272056256,69.30684272056256,68.92590015551161,69.1329345703125,679000,OEF,2014,4,14,Thursday,69.1681,69.1991958618164,-0.1,0.16,-0.39,-0.1,0.39
2014-04-04,69.51388982499131,69.51388982499131,68.27995993843051,68.37105560302734,453000,OEF,2014,4,14,Friday,68.9197,69.1329345703125,-1.1,0.55,-1.23,-1.1,1.23
2014-04-07,68.17228986198384,68.30479491631738,67.62572230832987,67.74166107177734,391200,OEF,2014,4,15,Monday,67.9611,68.37105560302734,-0.92,-0.29,-1.09,-0.92,1.09
2014-04-08,67.7168389009062,68.04809535192815,67.49324442942638,67.94872283935547,524200,OEF,2014,4,15,Tuesday,67.8017,67.74166107177734,0.31,-0.04,-0.37,0.31,0.37
2014-04-09,68.16403062426272,68.70232153946154,67.94043616438772,68.69403839111328,713500,OEF,2014,4,15,Wednesday,68.3752,67.94872283935547,1.1,0.32,-0.01,1.1,0.01
2014-04-10,68.68574870150823,68.69402553011592,67.2116644810484,67.28619384765625,518100,OEF,2014,4,15,Thursday,67.9694,68.69403839111328,-2.05,-0.01,-2.16,-2.05,2.16
2014-04-11,66.97149210919865,67.41040404019974,66.72304829404887,66.76445770263672,685800,OEF,2014,4,15,Friday,66.9674,67.28619384765625,-0.78,-0.47,-0.84,-0.78,0.84
2014-04-14,67.21997125042466,67.40216265198097,66.7313727809715,67.25309753417969,1530700,OEF,2014,4,16,Monday,67.1517,66.76445770263672,0.73,0.68,-0.05,0.73,0.05
2014-04-15,67.41041757447924,67.76651707798892,66.78103108307353,67.73339080810547,632000,OEF,2014,4,16,Tuesday,67.4228,67.25309753417969,0.71,0.23,-0.7,0.71,0.7
2014-04-16,68.12262509749364,68.37106267539176,67.8576212234879,68.33793640136719,435400,OEF,2014,4,16,Wednesday,68.1723,67.73339080810547,0.89,0.57,0.18,0.89,-0.18
2014-04-17,68.18887772240282,68.66092243288018,68.17231774293283,68.45388793945312,226300,OEF,2014,4,16,Thursday,68.369,68.33793640136719,0.17,-0.22,-0.24,0.17,0.24
2014-04-21,68.47873417703325,68.74373808792473,68.44560789839785,68.7188949584961,616900,OEF,2014,4,17,Monday,68.5967,68.45388793945312,0.39,0.04,-0.01,0.39,0.01
2014-04-22,68.8679221298059,69.17432898161906,68.718857117128,68.94245147705078,1005800,OEF,2014,4,17,Tuesday,68.9259,68.7188949584961,0.33,0.22,-0.0,0.33,0.0
2014-04-23,68.95074236113574,68.95074236113574,68.743707949077,68.8182373046875,327800,OEF,2014,4,17,Wednesday,68.8659,68.94245147705078,-0.18,0.01,-0.29,-0.18,0.29
2014-04-24,69.20747350829267,69.20747350829267,68.62777959387044,68.98387908935547,1166000,OEF,2014,4,17,Thursday,69.0067,68.8182373046875,0.24,0.57,-0.28,0.24,0.28
2014-04-25,68.73544340068419,68.79341279901739,68.3213744645355,68.48699951171875,589100,OEF,2014,4,17,Friday,68.5843,68.98387908935547,-0.72,-0.36,-0.96,-0.72,0.96
2014-04-28,68.67746883734317,69.04185149557098,68.15574429158161,68.84309387207031,826100,OEF,2014,4,18,Monday,68.6795,68.48699951171875,0.52,0.28,-0.48,0.52,0.48
2014-04-29,69.09152391809492,69.28199835629091,68.95901886227358,69.19090270996094,500300,OEF,2014,4,18,Tuesday,69.1309,68.84309387207031,0.51,0.36,0.17,0.51,-0.17
2014-04-30,69.10808777775527,69.3979410241192,68.95902274066695,69.36481475830078,1059800,OEF,2014,4,18,Wednesday,69.2075,69.19090270996094,0.25,-0.12,-0.34,0.25,0.34
2014-05-01,69.26544189453125,69.4393500663341,69.12465999138462,69.26544189453125,619200,OEF,2014,5,18,Thursday,69.2737,69.36481475830078,-0.14,-0.14,-0.35,-0.14,0.35
2014-05-02,69.2902798785474,69.51388059584926,69.0335592132349,69.14949798583984,1387000,OEF,2014,5,18,Friday,69.2468,69.26544189453125,-0.17,0.04,-0.33,-0.17,0.33
2014-05-05,68.75199420764446,69.28200818795422,68.63605542644255,69.26544189453125,492000,OEF,2014,5,19,Monday,68.9839,69.14949798583984,0.17,-0.57,-0.74,0.17,0.74
2014-05-06,69.08324906776144,69.08324906776144,68.59465083167639,68.62777709960938,724500,OEF,2014,5,19,Tuesday,68.8472,69.26544189453125,-0.92,-0.26,-0.97,-0.92,0.97
2014-05-07,68.87622112796272,69.07497875430671,68.39589967491666,69.0335693359375,1178700,OEF,2014,5,19,Wednesday,68.8452,68.62777709960938,0.59,0.36,-0.34,0.59,0.34
2014-05-08,68.92590844822153,69.44763296174219,68.834812789294,69.0418472290039,768100,OEF,2014,5,19,Thursday,69.0626,69.0335693359375,0.01,-0.16,-0.29,0.01,0.29
2014-05-09,68.95902409776703,69.18262481689453,68.75198967096935,69.18262481689453,387500,OEF,2014,5,19,Friday,69.0191,69.0418472290039,0.2,-0.12,-0.42,0.2,0.42
2014-05-12,69.43107270558515,69.7871722255775,69.43107270558515,69.7623291015625,1781500,OEF,2014,5,20,Monday,69.6029,69.18262481689453,0.84,0.36,0.36,0.84,-0.36
2014-05-13,69.8617130324278,69.9445255579397,69.745774233073,69.8782730102539,972900,OEF,2014,5,20,Tuesday,69.8576,69.7623291015625,0.17,0.14,-0.02,0.17,0.02
2014-05-14,69.81201961385003,69.84513956610213,69.44763695717639,69.5635757446289,1608400,OEF,2014,5,20,Wednesday,69.6671,69.8782730102539,-0.45,-0.09,-0.62,-0.45,0.62
2014-05-15,69.43107504393915,69.49732758900396,68.68575602562647,68.95075988769531,1454000,OEF,2014,5,20,Thursday,69.1412,69.5635757446289,-0.88,-0.19,-1.26,-0.88,1.26
2014-05-16,69.03358549250171,69.1826505880517,68.73545530140174,69.16608428955078,1223000,OEF,2014,5,20,Friday,69.0294,68.95075988769531,0.31,0.12,-0.31,0.31,0.31
2014-05-19,68.98386156343147,69.48902598259667,68.97557841870419,69.44761657714844,287100,OEF,2014,5,21,Monday,69.224,69.16608428955078,0.41,-0.26,-0.28,0.41,0.28
2014-05-20,69.36483100841207,69.43107723737927,68.88450951880365,69.0252914428711,314100,OEF,2014,5,21,Tuesday,69.1764,69.44761657714844,-0.61,-0.12,-0.81,-0.61,0.81
2014-05-21,69.24059765228098,69.6795096480423,69.24059765228098,69.67122650146484,456200,OEF,2014,5,21,Wednesday,69.458,69.0252914428711,0.94,0.31,0.31,0.94,-0.31
2014-05-22,69.7126633927981,69.91969791150822,69.57188143644133,69.81204223632812,363600,OEF,2014,5,21,Thursday,69.7541,69.67122650146484,0.2,0.06,-0.14,0.2,0.14
2014-05-23,69.87000001973294,70.08531133425691,69.82859059560623,70.05218505859375,753500,OEF,2014,5,21,Friday,69.959,69.81204223632812,0.34,0.08,0.02,0.34,-0.02
2014-05-27,70.32544173189878,70.45794677734375,70.24262923758982,70.45794677734375,678700,OEF,2014,5,22,Tuesday,70.371,70.05218505859375,0.58,0.39,0.27,0.58,-0.27
2014-05-28,70.4745332265252,70.56562889994659,70.30890817568122,70.35031127929688,217700,OEF,2014,5,22,Wednesday,70.4248,70.45794677734375,-0.15,0.02,-0.21,-0.15,0.21
2014-05-29,70.5324851670235,70.747802734375,70.39998642278427,70.747802734375,3821300,OEF,2014,5,22,Thursday,70.607,70.35031127929688,0.57,0.26,0.07,0.57,-0.07
2014-05-30,70.6815781574496,70.91345579021679,70.57392249029101,70.86376953125,3258000,OEF,2014,5,22,Friday,70.7582,70.747802734375,0.16,-0.09,-0.25,0.16,0.25
2014-06-02,70.9713970146041,70.9713970146041,70.62358070357638,70.87202453613281,838200,OEF,2014,6,23,Monday,70.8596,70.86376953125,0.01,0.15,-0.34,0.01,0.34
2014-06-03,70.68155713695057,70.8720316033294,70.65671401485545,70.83890533447266,250100,OEF,2014,6,23,Tuesday,70.7623,70.87202453613281,-0.05,-0.27,-0.3,-0.05,0.3
2014-06-04,70.72299392840851,70.97971471368395,70.640181383306,70.92174530029297,691500,OEF,2014,6,23,Wednesday,70.8162,70.83890533447266,0.12,-0.16,-0.28,0.12,0.28
2014-06-05,71.06248624012261,71.46827821782054,70.79748245784467,71.41030883789062,774900,OEF,2014,6,23,Thursday,71.1846,70.92174530029297,0.69,0.2,-0.18,0.69,0.18
2014-06-06,71.61734991340165,71.71672239214737,71.5345310901947,71.69187927246094,1044200,OEF,2014,6,23,Friday,71.6401,71.41030883789062,0.39,0.29,0.17,0.39,-0.17
2014-06-09,71.66704602213935,71.93204986560386,71.64220289903173,71.82439422607422,285100,OEF,2014,6,24,Monday,71.7664,71.69187927246094,0.18,-0.03,-0.07,0.18,0.07
2014-06-10,71.78298230692026,71.9403305053711,71.68360349976346,71.9403305053711,252500,OEF,2014,6,24,Tuesday,71.8368,71.82439422607422,0.16,-0.06,-0.2,0.16,0.2
2014-06-11,71.64220428466797,71.7829861971273,71.48485607768981,71.64220428466797,258000,OEF,2014,6,24,Wednesday,71.6381,71.9403305053711,-0.41,-0.41,-0.63,-0.41,0.63
2014-06-12,71.58424437776118,71.64221377987985,70.93829780609846,71.08735656738281,790800,OEF,2014,6,24,Thursday,71.313,71.64220428466797,-0.77,-0.08,-0.98,-0.77,0.98
2014-06-13,71.18672167485957,71.38547296979542,71.02937347734925,71.31094360351562,293200,OEF,2014,6,24,Friday,71.2281,71.08735656738281,0.31,0.14,-0.08,0.31,0.08
2014-06-16,71.18673978425646,71.42690055590275,71.05424099332241,71.29439544677734,516600,OEF,2014,6,25,Monday,71.2406,71.31094360351562,-0.02,-0.17,-0.36,-0.02,0.36
2014-06-17,71.26127532953711,71.46002667459278,71.13705336955557,71.41861724853516,339600,OEF,2014,6,25,Tuesday,71.3192,71.29439544677734,0.17,-0.05,-0.22,0.17,0.22
2014-06-18,71.4682898678741,71.96517125086838,71.26125543177734,71.93204498291016,556700,OEF,2014,6,25,Wednesday,71.6567,71.41861724853516,0.72,0.07,-0.22,0.72,0.22
2014-06-19,71.99833098697341,72.03145727033026,71.73332703831109,71.9734878540039,383000,OEF,2014,6,25,Thursday,71.9342,71.93204498291016,0.06,0.09,-0.28,0.06,0.28
2014-06-20,72.1887813818364,72.1887813818364,72.01487317582725,72.08940887451172,353000,OEF,2014,6,25,Friday,72.1205,71.9734878540039,0.16,0.3,0.06,0.16,-0.06
2014-06-23,72.05627022454883,72.12251644532465,71.93204829353563,72.07283020019531,271700,OEF,2014,6,26,Monday,72.0459,72.08940887451172,-0.02,-0.05,-0.22,-0.02,0.22
2014-06-24,71.9963182956233,72.29578354825871,71.57207479664227,71.65525817871094,630600,OEF,2014,6,26,Tuesday,71.8799,72.07283020019531,-0.58,-0.11,-0.69,-0.58,0.69
2014-06-25,71.53047180745021,72.11276810876024,71.53047180745021,72.04621887207031,432200,OEF,2014,6,26,Wednesday,71.805,71.65525817871094,0.55,-0.17,-0.17,0.55,0.17
2014-06-26,72.01295128450016,72.02127152651985,71.51384465356598,72.00463104248047,460400,OEF,2014,6,26,Thursday,71.8882,72.04621887207031,-0.06,-0.05,-0.74,-0.06,0.74
2014-06-27,71.83826059757531,72.14604607167121,71.7633911162072,72.13772583007812,356800,OEF,2014,6,26,Friday,71.9714,72.00463104248047,0.18,-0.23,-0.34,0.18,0.34
2014-06-30,72.09611800961072,72.2458505989483,71.97133979408213,71.97966003417969,877100,OEF,2014,6,27,Monday,72.0732,72.13772583007812,-0.22,-0.06,-0.23,-0.22,0.23
2014-07-01,72.14603454641636,72.73664467547954,72.14603454641636,72.5203628540039,440100,OEF,2014,7,27,Tuesday,72.3873,71.97966003417969,0.75,0.23,0.23,0.75,-0.23
2014-07-02,72.54534470547728,72.75330636545623,72.52871056513288,72.72003173828125,259100,OEF,2014,7,27,Wednesday,72.6368,72.5203628540039,0.28,0.03,0.01,0.28,-0.01
2014-07-03,72.93630747247157,73.0943603515625,72.90303284811107,73.0943603515625,112300,OEF,2014,7,27,Thursday,73.007,72.72003173828125,0.51,0.3,0.25,0.51,-0.25
2014-07-07,72.92798057296594,73.03612467888767,72.80320232962514,72.91134643554688,535000,OEF,2014,7,28,Monday,72.9197,73.0943603515625,-0.25,-0.23,-0.4,-0.25,0.4
2014-07-08,72.71170784506128,72.77825074377681,72.28746434001242,72.44551086425781,794700,OEF,2014,7,28,Tuesday,72.5557,72.91134643554688,-0.64,-0.27,-0.86,-0.64,0.86
2014-07-09,72.60354941482674,72.83646538060462,72.49541167256818,72.77823638916016,640800,OEF,2014,7,28,Wednesday,72.6784,72.44551086425781,0.46,0.22,0.07,0.46,-0.07
2014-07-10,71.97967321632343,72.6950616801189,71.96303907956568,72.51205444335938,248000,OEF,2014,7,28,Thursday,72.2875,72.77823638916016,-0.37,-1.1,-1.12,-0.37,1.12
2014-07-11,72.50375286717845,72.67011964896238,72.35402022497854,72.62852478027344,269600,OEF,2014,7,28,Friday,72.5391,72.51205444335938,0.16,-0.01,-0.22,0.16,0.22
2014-07-14,72.9945296328381,73.13594201324388,72.95293476966695,73.07771301269531,167500,OEF,2014,7,29,Monday,73.0403,72.62852478027344,0.62,0.5,0.45,0.62,-0.45
2014-07-15,73.11930375869981,73.25239588968026,72.65346543405647,73.00284576416016,918300,OEF,2014,7,29,Tuesday,73.007,73.07771301269531,-0.1,0.06,-0.58,-0.1,0.58
2014-07-16,73.36886459883297,73.4770087141877,73.16090295728698,73.34391021728516,562600,OEF,2014,7,29,Wednesday,73.3377,73.00284576416016,0.47,0.5,0.22,0.47,-0.22
2014-07-17,73.21079821460174,73.41875979975566,72.44549475790753,72.54531860351562,649800,OEF,2014,7,29,Thursday,72.9051,73.34391021728516,-1.09,-0.18,-1.22,-1.09,1.22
2014-07-18,72.86973662852184,73.36052925928374,72.72832427676208,73.28565979003906,469900,OEF,2014,7,29,Friday,73.0611,72.54531860351562,1.02,0.45,0.25,1.02,-0.25
2014-07-21,73.11098754271448,73.2274455436663,72.84479691961248,73.16089630126953,374300,OEF,2014,7,30,Monday,73.086,73.28565979003906,-0.17,-0.24,-0.6,-0.17,0.6
2014-07-22,73.3855006920214,73.61009645899519,73.35222606978726,73.51859283447266,1565900,OEF,2014,7,30,Tuesday,73.4666,73.16089630126953,0.49,0.31,0.26,0.49,-0.26
2014-07-23,73.66830847669169,73.81804106898106,73.54353660518706,73.71822357177734,550800,OEF,2014,7,30,Wednesday,73.687,73.51859283447266,0.27,0.2,0.03,0.27,-0.03
2014-07-24,73.82638020454635,73.85965482762525,73.62673881255843,73.66832733154297,505000,OEF,2014,7,30,Thursday,73.7453,73.71822357177734,-0.07,0.15,-0.12,-0.07,0.12
2014-07-25,73.41875541924196,73.48529829919318,73.15256485998651,73.31893157958984,450300,OEF,2014,7,30,Friday,73.3439,73.66832733154297,-0.47,-0.34,-0.7,-0.47,0.7
2014-07-28,73.31893080938684,73.46034315421252,72.89468742842634,73.3355712890625,583200,OEF,2014,7,31,Monday,73.2524,73.31893157958984,0.02,-0.0,-0.58,0.02,0.58
2014-07-29,73.47701116677064,73.58514893924924,73.06940176626526,73.10267639160156,599700,OEF,2014,7,31,Tuesday,73.3086,73.3355712890625,-0.32,0.19,-0.36,-0.32,0.36
2014-07-30,73.3439070757251,73.41045632132585,72.76993728525339,73.0860366821289,1096800,OEF,2014,7,31,Wednesday,73.1526,73.10267639160156,-0.02,0.33,-0.46,-0.02,0.46
2014-07-31,72.57861544606394,72.64516469685016,71.60535645263721,71.6136703491211,571900,OEF,2014,7,31,Thursday,72.1107,73.0860366821289,-2.01,-0.69,-2.03,-2.01,2.03
2014-08-01,71.4139981005264,71.80496684693419,71.0230293541186,71.32249450683594,3501800,OEF,2014,8,31,Friday,71.3911,71.6136703491211,-0.41,-0.28,-0.82,-0.41,0.82
2014-08-04,71.5055274153438,72.01295430961362,71.23101653552858,71.80499267578125,4171100,OEF,2014,8,32,Monday,71.6386,71.32249450683594,0.68,0.26,-0.13,0.68,0.13
2014-08-05,71.54713021479452,71.66358823493621,70.88165037413958,71.12288665771484,1949700,OEF,2014,8,32,Tuesday,71.3038,71.80499267578125,-0.95,-0.36,-1.29,-0.95,1.29
2014-08-06,70.75684372181342,71.46391814875086,70.75684372181342,71.18940734863281,371000,OEF,2014,8,32,Wednesday,71.0418,71.12288665771484,0.09,-0.51,-0.51,0.09,0.51
2014-08-07,71.46394170709308,71.52217071299683,70.6487292779549,70.7984619140625,2291700,OEF,2014,8,32,Thursday,71.1083,71.18940734863281,-0.55,0.39,-0.76,-0.55,0.76
2014-08-08,70.90660134359342,71.60535577728683,70.78182308616755,71.54712677001953,558200,OEF,2014,8,32,Friday,71.2102,70.7984619140625,1.06,0.15,-0.02,1.06,0.02
2014-08-11,71.87152947913387,72.04621645973243,71.7301171157661,71.7717056274414,659900,OEF,2014,8,33,Monday,71.8549,71.54712677001953,0.31,0.45,0.26,0.31,-0.26
2014-08-12,71.70515990315225,71.87985323878686,71.52215901915079,71.69684600830078,411000,OEF,2014,8,33,Tuesday,71.701,71.7717056274414,-0.1,-0.09,-0.35,-0.1,0.35
2014-08-13,71.97135059401761,72.2874563003223,71.9214418389104,72.23754119873047,377800,OEF,2014,8,33,Wednesday,72.1044,71.69684600830078,0.75,0.38,0.31,0.75,-0.31
2014-08-14,72.32904164667404,72.52036911034753,72.24585827630989,72.49541473388672,1196800,OEF,2014,8,33,Thursday,72.3977,72.23754119873047,0.36,0.13,0.01,0.36,-0.01
2014-08-15,72.77825900031362,72.81985386990435,71.99632749319366,72.48711395263672,413900,OEF,2014,8,33,Friday,72.5204,72.49541473388672,-0.01,0.39,-0.69,-0.01,0.69
2014-08-18,72.81983221176725,73.13593154858962,72.81983221176725,73.11097717285156,1664600,OEF,2014,8,34,Monday,72.9716,72.48711395263672,0.86,0.46,0.46,0.86,-0.46
2014-08-19,73.31063608533208,73.50196358929283,73.18586417675517,73.46868896484375,328500,OEF,2014,8,34,Tuesday,73.3668,73.11097717285156,0.49,0.27,0.1,0.49,-0.1
2014-08-20,73.3771616325473,73.6766268093725,73.33557312528379,73.56848907470703,1048500,OEF,2014,8,34,Wednesday,73.4895,73.46868896484375,0.14,-0.12,-0.18,0.14,0.18
2014-08-21,73.618395394845,73.9844097870048,73.618395394845,73.89290618896484,281200,OEF,2014,8,34,Thursday,73.7785,73.56848907470703,0.44,0.07,0.07,0.44,-0.07
2014-08-22,73.85131568354356,73.95945976749265,73.62671996835141,73.71822357177734,539500,OEF,2014,8,34,Friday,73.7889,73.89290618896484,-0.24,-0.06,-0.36,-0.24,0.36
2014-08-25,74.08424779685983,74.25893480154957,74.00938465762931,74.13416290283203,428200,OEF,2014,8,35,Monday,74.1217,73.71822357177734,0.56,0.5,0.39,0.56,-0.39
2014-08-26,74.20903914612342,74.38372618165992,74.1674506213688,74.23399353027344,159400,OEF,2014,8,35,Tuesday,74.2486,74.13416290283203,0.13,0.1,0.04,0.13,-0.04
2014-08-27,74.25892287204087,74.32547210498939,74.09255613615376,74.22565460205078,226200,OEF,2014,8,35,Wednesday,74.2257,74.23399353027344,-0.01,0.03,-0.19,-0.01,0.19
2014-08-28,73.95112460278088,74.15076590338148,73.90120951776883,74.09253692626953,234200,OEF,2014,8,35,Thursday,74.0239,74.22565460205078,-0.18,-0.37,-0.44,-0.18,0.44
2014-08-29,74.26725211796902,74.28389260146596,73.98442736337053,74.25061798095703,990200,OEF,2014,8,35,Friday,74.1965,74.09253692626953,0.21,0.24,-0.15,0.21,0.15
2014-09-02,74.3254839523214,74.3837129538119,73.95115556366613,74.21734619140625,594700,OEF,2014,9,36,Tuesday,74.2194,74.25061798095703,-0.04,0.1,-0.4,-0.04,0.4
2014-09-03,74.50017380108841,74.50017380108841,74.05097590966135,74.18407440185547,221400,OEF,2014,9,36,Wednesday,74.3088,74.21734619140625,-0.04,0.38,-0.22,-0.04,0.22
2014-09-04,74.22567925930775,74.55009894459651,73.84302421598055,74.02603149414062,241200,OEF,2014,9,36,Thursday,74.1612,74.18407440185547,-0.21,0.06,-0.46,-0.21,0.46
2014-09-05,74.07591006460179,74.40032958984375,73.7514905393598,74.40032958984375,727100,OEF,2014,9,36,Friday,74.157,74.02603149414062,0.51,0.07,-0.37,0.51,0.37
2014-09-08,74.34212727471466,74.39203603604474,73.98443301004968,74.18407440185547,340500,OEF,2014,9,37,Monday,74.2257,74.40032958984375,-0.29,-0.08,-0.56,-0.29,0.56
2014-09-09,74.13416905623005,74.21735244444132,73.5851472703614,73.75983428955078,275400,OEF,2014,9,37,Tuesday,73.9241,74.18407440185547,-0.57,-0.07,-0.81,-0.57,0.81
2014-09-10,73.80972543410573,74.14245887891431,73.60176385785854,74.10918426513672,102700,OEF,2014,9,37,Wednesday,73.9158,73.75983428955078,0.47,0.07,-0.21,0.47,0.21
2014-09-11,73.82638013719051,74.19239464423896,73.75983089109344,74.18407440185547,191200,OEF,2014,9,37,Thursday,73.9907,74.10918426513672,0.1,-0.38,-0.47,0.1,0.47
2014-09-12,74.10090405602979,74.10090405602979,73.61843145665988,73.8263931274414,842100,OEF,2014,9,37,Friday,73.9117,74.18407440185547,-0.48,-0.11,-0.76,-0.48,0.76
2014-09-15,73.83470847356465,73.9511664937583,73.5851519465862,73.87629699707031,328600,OEF,2014,9,38,Monday,73.8118,73.8263931274414,0.07,0.01,-0.33,0.07,0.33
2014-09-16,73.71822145303798,74.5251070336737,73.65999246584812,74.4169692993164,915600,OEF,2014,9,38,Tuesday,74.0801,73.87629699707031,0.73,-0.21,-0.29,0.73,0.29
2014-09-17,74.54175362142344,74.87449343826498,74.1840594289535,74.55838775634766,649900,OEF,2014,9,38,Wednesday,74.5397,74.4169692993164,0.19,0.17,-0.31,0.19,0.31
2014-09-18,74.76634604528833,75.00758224317822,74.72475753657316,74.98262786865234,348100,OEF,2014,9,38,Thursday,74.8703,74.55838775634766,0.57,0.28,0.22,0.57,-0.22
2014-09-19,75.25715312718482,75.3320162651326,74.88281839799073,75.08246612548828,1106000,OEF,2014,9,38,Friday,75.1386,74.98262786865234,0.13,0.37,-0.13,0.13,0.13
2014-09-22,74.90776873913313,74.90776873913313,74.37538756591522,74.51679992675781,390400,OEF,2014,9,39,Monday,74.6769,75.08246612548828,-0.75,-0.23,-0.94,-0.75,0.94
2014-09-23,74.2422895897593,74.55007503581811,74.1258316040039,74.1258316040039,1180900,OEF,2014,9,39,Tuesday,74.261,74.51679992675781,-0.52,-0.37,-0.52,-0.52,0.52
2014-09-24,74.16511374126323,74.71683466283211,73.93940479962471,74.67504119873047,378400,OEF,2014,9,39,Wednesday,74.3741,74.1258316040039,0.74,0.05,-0.25,0.74,0.25
2014-09-25,74.48277529737607,74.48277529737607,73.39604949951172,73.39604949951172,624500,OEF,2014,9,39,Thursday,73.9394,74.67504119873047,-1.71,-0.26,-1.71,-1.71,1.71
2014-09-26,73.58833644630592,74.14006395075434,73.4378658885257,74.00630950927734,687100,OEF,2014,9,39,Friday,73.7931,73.39604949951172,0.83,0.26,0.06,0.83,-0.06
2014-09-29,73.42111349870548,73.94775700186796,73.31243647425633,73.77220916748047,708100,OEF,2014,9,40,Monday,73.6134,74.00630950927734,-0.32,-0.79,-0.94,-0.32,0.94
2014-09-30,73.93106244360077,74.16512629101014,73.57996029472521,73.6969985961914,426500,OEF,2014,9,40,Tuesday,73.8433,73.77220916748047,-0.1,0.22,-0.26,-0.1,0.26
2014-10-01,73.61340316528828,73.64684177082238,72.56847065895492,72.7440185546875,1174500,OEF,2014,10,40,Wednesday,73.1432,73.6969985961914,-1.29,-0.11,-1.53,-1.29,1.53
2014-10-02,72.64371525090151,72.96137246366,72.03347180945008,72.68550872802734,942500,OEF,2014,10,40,Thursday,72.581,72.7440185546875,-0.08,-0.14,-0.98,-0.08,0.98
2014-10-03,73.26230569414064,73.64684008232368,72.97808712025994,73.51309204101562,1817600,OEF,2014,10,40,Friday,73.3501,72.68550872802734,1.14,0.79,0.4,1.14,-0.4
2014-10-06,73.8474638330334,73.91434104120977,73.2205043563437,73.45457458496094,1460200,OEF,2014,10,41,Monday,73.6092,73.51309204101562,-0.08,0.45,-0.4,-0.08,0.4
2014-10-07,73.2204892360989,73.23721172357054,72.33438873291016,72.33438873291016,1020500,OEF,2014,10,41,Tuesday,72.7816,73.45457458496094,-1.53,-0.32,-1.53,-1.53,1.53
2014-10-08,72.39291597466737,73.71371206947958,72.01674285876729,73.62175750732422,1148800,OEF,2014,10,41,Wednesday,72.9363,72.33438873291016,1.78,0.08,-0.44,1.78,0.44
2014-10-09,73.53816624419106,73.5966822055824,72.16721539637005,72.25080871582031,978800,OEF,2014,10,41,Thursday,72.8882,73.62175750732422,-1.86,-0.11,-1.98,-1.86,1.98
2014-10-10,72.20901845110244,72.60191412020308,71.44831085205078,71.44831085205078,2035500,OEF,2014,10,41,Friday,71.9269,72.25080871582031,-1.11,-0.06,-1.11,-1.11,1.11
2014-10-13,71.44831454751288,71.72417829256615,70.34486594506244,70.4117431640625,1869200,OEF,2014,10,42,Monday,70.9823,71.44831085205078,-1.45,0.0,-1.54,-1.45,1.54
2014-10-14,70.72935996748292,71.14733278072758,70.12747809596917,70.3448257446289,2285400,OEF,2014,10,42,Tuesday,70.5872,70.4117431640625,-0.1,0.45,-0.4,-0.1,0.4
2014-10-15,69.4085760444086,69.88506487669993,68.16301863679799,69.63428497314453,3816600,OEF,2014,10,42,Wednesday,69.2727,70.3448257446289,-1.01,-1.33,-3.1,-1.01,3.1
2014-10-16,68.55592352942907,70.00210633291678,68.45560772765243,69.458740234375,3143400,OEF,2014,10,42,Thursday,69.1181,69.63428497314453,-0.25,-1.55,-1.69,-0.25,1.69
2014-10-17,70.22782571195006,70.83806272445422,70.02719407862973,70.42008972167969,2220800,OEF,2014,10,42,Friday,70.3783,69.458740234375,1.38,1.11,0.82,1.38,-0.82
2014-10-20,70.24454113230023,71.03033241064179,70.20274765909254,70.96345520019531,841200,OEF,2014,10,43,Monday,70.6103,70.42008972167969,0.77,-0.25,-0.31,0.77,0.31
2014-10-21,71.49008672484678,72.30095522476849,71.40649341488552,72.24243927001953,1188100,OEF,2014,10,43,Tuesday,71.86,70.96345520019531,1.8,0.74,0.62,1.8,-0.62
2014-10-22,72.38455321147518,72.54338497509615,71.7910323813141,71.84954833984375,1112500,OEF,2014,10,43,Wednesday,72.1421,72.24243927001953,-0.54,0.2,-0.62,-0.54,0.62
2014-10-23,72.54340726723426,73.0784123032694,72.43473656164569,72.65208435058594,1269500,OEF,2014,10,43,Thursday,72.6772,71.84954833984375,1.12,0.97,0.81,1.12,-0.81
2014-10-24,72.79418266558746,73.18707832467678,72.50995769566154,73.12020111083984,949300,OEF,2014,10,43,Friday,72.9029,72.65208435058594,0.64,0.2,-0.2,0.64,0.2
2014-10-27,72.91959663851543,73.17037669526518,72.71061006900868,73.0533447265625,1399900,OEF,2014,10,44,Monday,72.9635,73.12020111083984,-0.09,-0.27,-0.56,-0.09,0.56
2014-10-28,73.38767697687433,73.86416579159626,73.31243854414991,73.8390884399414,940200,OEF,2014,10,44,Tuesday,73.6008,73.0533447265625,1.08,0.46,0.35,1.08,-0.35
2014-10-29,73.94778051671977,74.1149735391309,73.32082103264179,73.78059387207031,1180500,OEF,2014,10,44,Wednesday,73.791,73.8390884399414,-0.08,0.15,-0.7,-0.08,0.7
2014-10-30,73.60504280131433,74.39918889572594,73.5047269922024,74.23200225830078,812100,OEF,2014,10,44,Thursday,73.9352,73.78059387207031,0.61,-0.24,-0.37,0.61,0.37
2014-10-31,75.32709463493259,75.32709463493259,74.68341264283299,75.02615356445312,2110900,OEF,2014,10,44,Friday,75.0909,74.23200225830078,1.07,1.48,0.61,1.07,-0.61
2014-11-03,75.04290580372593,75.19337641140186,74.82556433090008,74.95931243896484,1106900,OEF,2014,11,45,Monday,75.0053,75.02615356445312,-0.09,0.02,-0.27,-0.09,0.27
2014-11-04,74.8004312315625,74.96761783652761,74.42425180375076,74.8505859375,875600,OEF,2014,11,45,Tuesday,74.7607,74.95931243896484,-0.15,-0.21,-0.71,-0.15,0.71
2014-11-05,75.39396960587025,75.4023244736407,74.90075816366257,75.2518539428711,735800,OEF,2014,11,45,Wednesday,75.2372,74.8505859375,0.54,0.73,0.07,0.54,-0.07
2014-11-06,75.22676846817038,75.5360707418725,74.95091117298844,75.50263214111328,1344400,OEF,2014,11,45,Thursday,75.3041,75.2518539428711,0.33,-0.03,-0.4,0.33,0.4
2014-11-07,75.56950424956484,75.67817491138766,75.34379530409213,75.5945816040039,681400,OEF,2014,11,45,Friday,75.5465,75.50263214111328,0.12,0.09,-0.21,0.12,0.21
2014-11-10,75.62804141745983,75.85374404848541,75.48593211726732,75.82866668701172,554500,OEF,2014,11,46,Monday,75.6991,75.5945816040039,0.31,0.04,-0.14,0.31,0.14
2014-11-11,75.89549312929879,75.95400905951149,75.71158409784226,75.90385437011719,506900,OEF,2014,11,46,Tuesday,75.8662,75.82866668701172,0.1,0.09,-0.15,0.1,0.15
2014-11-12,75.66145118576496,75.96239216426547,75.61129010417494,75.87043762207031,716100,OEF,2014,11,46,Wednesday,75.7764,75.90385437011719,-0.04,-0.32,-0.39,-0.04,0.39
2014-11-13,75.93734229180623,76.28844450843823,75.68656228308365,76.029296875,674400,OEF,2014,11,46,Thursday,75.9854,75.87043762207031,0.21,0.09,-0.24,0.21,0.24
2014-11-14,76.07942951999271,76.17138406878912,75.88715917857466,76.09614562988281,1335200,OEF,2014,11,46,Friday,76.0585,76.029296875,0.09,0.07,-0.19,0.09,0.19
2014-11-17,75.87879643309392,76.12122147714499,75.79520312977706,76.03762817382812,1106700,OEF,2014,11,47,Monday,75.9582,76.09614562988281,-0.08,-0.29,-0.4,-0.08,0.4
2014-11-18,76.09616140340927,76.53921175157821,76.05436793114073,76.38038635253906,911300,OEF,2014,11,47,Tuesday,76.2675,76.03762817382812,0.45,0.08,0.02,0.45,-0.02
2014-11-19,76.33861439794089,76.38041426324548,75.92900250456462,76.30517578125,2733600,OEF,2014,11,47,Wednesday,76.2383,76.38038635253906,-0.1,-0.05,-0.59,-0.1,0.59
2014-11-20,75.96240680462296,76.413818359375,75.90389084628998,76.413818359375,635700,OEF,2014,11,47,Thursday,76.1735,76.30517578125,0.14,-0.45,-0.53,0.14,0.53
2014-11-21,77.15781210856727,77.17452822099963,76.51413016909844,76.79835510253906,941300,OEF,2014,11,47,Friday,76.9112,76.413818359375,0.5,0.97,0.13,0.5,-0.13
2014-11-24,76.93212127685547,77.04079835545785,76.82345057601592,76.93212127685547,397700,OEF,2014,11,48,Monday,76.9321,76.79835510253906,0.17,0.17,0.03,0.17,-0.03
2014-11-25,77.12436724306671,77.12436724306671,76.78998762172095,76.87358093261719,1888000,OEF,2014,11,48,Tuesday,76.9781,76.93212127685547,-0.08,0.25,-0.18,-0.08,0.18
2014-11-26,76.91537164925116,77.13271295623692,76.8484944573663,77.0909194946289,2885000,OEF,2014,11,48,Wednesday,76.9969,76.87358093261719,0.28,0.05,-0.03,0.28,0.03
2014-11-28,76.97389880588956,77.19124014452241,76.84014440264383,76.94046020507812,639700,OEF,2014,11,48,Friday,76.9864,77.0909194946289,-0.2,-0.15,-0.33,-0.2,0.33
2014-12-01,76.45559702908633,76.73146065544255,76.28841043128494,76.43888092041016,972100,OEF,2014,12,49,Monday,76.4786,76.94046020507812,-0.65,-0.63,-0.85,-0.65,0.85
2014-12-02,76.51411899917181,77.05748505143916,76.51411899917181,76.94881439208984,487200,OEF,2014,12,49,Tuesday,76.7586,76.43888092041016,0.67,0.1,0.1,0.67,-0.1
2014-12-03,77.02405790116,77.24140562992166,76.94882582837404,77.13272857666016,478200,OEF,2014,12,49,Wednesday,77.0868,76.94881439208984,0.24,0.1,0.0,0.24,-0.0
2014-12-04,77.01565714382679,77.28315945053936,76.70636138848424,77.05745697021484,1199100,OEF,2014,12,49,Thursday,77.0157,77.13272857666016,-0.1,-0.15,-0.55,-0.1,0.55
2014-12-05,77.19122476004429,77.42529491907332,77.06583800419266,77.23302459716797,567800,OEF,2014,12,49,Friday,77.2288,77.05745697021484,0.23,0.17,0.01,0.23,-0.01
2014-12-08,77.07420976252901,77.21632541324261,76.45561157962437,76.72311401367188,1825600,OEF,2014,12,50,Monday,76.8673,77.23302459716797,-0.66,-0.21,-1.01,-0.66,1.01
2014-12-09,75.87880297779593,76.63951677244103,75.60294569083304,76.55592346191406,1827400,OEF,2014,12,50,Tuesday,76.1693,76.72311401367188,-0.22,-1.1,-1.46,-0.22,1.46
2014-12-10,76.42214674035377,76.42214674035377,75.31033753959261,75.42737579345703,3069700,OEF,2014,12,50,Wednesday,75.8955,76.55592346191406,-1.47,-0.17,-1.63,-1.47,1.63
2014-12-11,75.64474035147119,76.5559246705546,75.57786952865034,75.74505615234375,1939100,OEF,2014,12,50,Thursday,75.8809,75.42737579345703,0.42,0.29,0.2,0.42,-0.2
2014-12-12,75.14317896750323,75.6113066463607,74.44934231651,74.50785827636719,1773500,OEF,2014,12,50,Friday,74.9279,75.74505615234375,-1.63,-0.79,-1.71,-1.63,1.71
2014-12-15,74.89237595069113,75.07628503433891,73.67189593292662,73.86416625976562,1815100,OEF,2014,12,51,Monday,74.3762,74.50785827636719,-0.86,0.52,-1.12,-0.86,1.12
2014-12-16,73.5632397288561,75.00106770763462,73.2372213357332,73.2455825805664,4275300,OEF,2014,12,51,Tuesday,73.7618,73.86416625976562,-0.84,-0.41,-0.85,-0.84,0.85
2014-12-17,73.46291583517942,74.83386645985985,73.37096128542251,74.69175720214844,2341600,OEF,2014,12,51,Wednesday,74.0899,73.2455825805664,1.97,0.3,0.17,1.97,-0.17
2014-12-18,75.79522466464711,76.59773208446508,75.49428358499512,76.5726547241211,3603400,OEF,2014,12,51,Thursday,76.115,74.69175720214844,2.52,1.48,1.07,2.52,-1.07
2014-12-19,76.79834285421397,77.18287715644321,76.49740185633712,76.91537475585938,1191600,OEF,2014,12,51,Friday,76.8485,76.5726547241211,0.45,0.29,-0.1,0.45,0.1
2014-12-22,76.94882142389835,77.24140120869897,76.87358297765762,77.21632385253906,1058900,OEF,2014,12,52,Monday,77.07,76.91537475585938,0.39,0.04,-0.05,0.39,0.05
2014-12-23,77.54232926410359,77.55904537282633,77.26646563697884,77.3416976928711,502100,OEF,2014,12,52,Tuesday,77.4274,77.21632385253906,0.16,0.42,0.06,0.16,-0.06
2014-12-24,77.38374245953787,77.53498130306808,77.27451689878207,77.28292083740234,315000,OEF,2014,12,52,Wednesday,77.369,77.3416976928711,-0.08,0.05,-0.09,-0.08,0.09
2014-12-26,77.52656126066522,77.70301188340402,77.47615046006878,77.55177307128906,325500,OEF,2014,12,52,Friday,77.5644,77.28292083740234,0.35,0.32,0.25,0.35,-0.25
2014-12-29,77.49295468029587,77.7030082199786,77.37531880057425,77.54336547851562,1294000,OEF,2014,12,1,Monday,77.5287,77.55177307128906,-0.01,-0.08,-0.23,-0.01,0.23
2014-12-30,77.28289953223012,77.43413833406717,77.14005825637139,77.19047546386719,1253400,OEF,2014,12,1,Tuesday,77.2619,77.54336547851562,-0.46,-0.34,-0.52,-0.46,0.52
2014-12-31,77.35854340513241,77.35854340513241,76.35028863903797,76.40910339355469,813700,OEF,2014,12,1,Wednesday,76.8691,77.19047546386719,-1.01,0.22,-1.09,-1.01,1.09
2015-01-02,76.84601771419125,76.9132364129441,75.90497516263498,76.30828094482422,1170900,OEF,2015,1,1,Friday,76.4931,76.40910339355469,-0.13,0.57,-0.66,-0.13,0.66
2015-01-05,75.87136531802682,75.9049682540169,74.83789875233005,74.95552825927734,1691900,OEF,2015,1,2,Monday,75.3924,76.30828094482422,-1.77,-0.57,-1.93,-1.77,1.93
2015-01-06,75.06474121536594,75.33361594073142,73.94726108711554,74.2833480834961,1895700,OEF,2015,1,2,Tuesday,74.6572,74.95552825927734,-0.9,0.15,-1.35,-0.9,1.35
2015-01-07,74.90508592050148,75.36719981464476,74.70343633779031,75.1655502319336,1722200,OEF,2015,1,2,Wednesday,75.0353,74.2833480834961,1.19,0.84,0.57,1.19,-0.57
2015-01-08,75.72849049105241,76.66112860519463,75.72849049105241,76.53509521484375,1215900,OEF,2015,1,2,Thursday,76.1633,75.1655502319336,1.82,0.75,0.75,1.82,-0.75
2015-01-09,76.78719934328157,76.78719934328157,75.66971256781177,75.93018341064453,1333100,OEF,2015,1,2,Friday,76.2936,76.53509521484375,-0.79,0.33,-1.13,-0.79,1.13
2015-01-12,75.93015108176593,76.08138987728846,75.08993697560183,75.36720275878906,924800,OEF,2015,1,3,Monday,75.6172,75.93018341064453,-0.74,-0.0,-1.11,-0.74,1.11
2015-01-13,75.93017492798958,76.40909686249778,74.58582680766835,75.17398071289062,1318700,OEF,2015,1,3,Tuesday,75.5248,75.36720275878906,-0.26,0.75,-1.04,-0.26,1.04
2015-01-14,74.46819714664369,74.75387336520473,73.82963884224024,74.66985321044922,2152100,OEF,2015,1,3,Wednesday,74.4304,75.17398071289062,-0.67,-0.94,-1.79,-0.67,1.79
2015-01-15,74.80427156779993,75.02272906160498,73.86323573662584,73.92205047607422,1070700,OEF,2015,1,3,Thursday,74.4031,74.66985321044922,-1.0,0.18,-1.08,-1.0,1.08
2015-01-16,73.88003565437171,74.92189947864883,73.76240617793684,74.82947540283203,1514900,OEF,2015,1,3,Friday,74.3485,73.92205047607422,1.23,-0.06,-0.22,1.23,0.22
2015-01-20,75.08154270489831,75.2663908577019,74.3337525669752,75.0227279663086,1011400,OEF,2015,1,4,Tuesday,74.9261,74.82947540283203,0.26,0.34,-0.66,0.26,0.66
2015-01-21,74.71183046465666,75.55204449977964,74.61940640796719,75.29158020019531,1386000,OEF,2015,1,4,Wednesday,75.0437,75.0227279663086,0.36,-0.41,-0.54,0.36,0.54
2015-01-22,75.65286617420057,76.55189486029437,75.05631502831811,76.49308013916016,785600,OEF,2015,1,4,Thursday,75.9385,75.29158020019531,1.6,0.48,-0.31,1.6,0.31
2015-01-23,76.37547755018018,76.48470309631158,75.97217188465656,76.03939056396484,2771300,OEF,2015,1,4,Friday,76.2179,76.49308013916016,-0.59,-0.15,-0.68,-0.59,0.68
2015-01-26,75.98057058061093,76.18222019429885,75.61927821716036,76.12340545654297,838800,OEF,2015,1,5,Monday,75.9764,76.03939056396484,0.11,-0.08,-0.55,0.11,0.55
2015-01-27,75.12353619843834,75.38400048499014,74.51858109776728,74.83786010742188,630900,OEF,2015,1,5,Tuesday,74.966,76.12340545654297,-1.69,-1.31,-2.11,-1.69,2.11
2015-01-28,75.42604204078171,75.49326072963231,73.85484525344246,73.88005065917969,3525200,OEF,2015,1,5,Wednesday,74.6635,74.83786010742188,-1.28,0.79,-1.31,-1.28,1.31
2015-01-29,73.93044204970559,74.76225868248441,73.3927055008139,74.64462280273438,1498600,OEF,2015,1,5,Thursday,74.1825,73.88005065917969,1.03,0.07,-0.66,1.03,0.66
2015-01-30,74.08169214624459,74.78747548069362,73.66158500274497,73.76241302490234,1603400,OEF,2015,1,5,Friday,74.0733,74.64462280273438,-1.18,-0.75,-1.32,-1.18,1.32
2015-02-02,73.97245553807352,74.7958618264542,73.28348018214619,74.77906036376953,961300,OEF,2015,2,6,Monday,74.2077,73.76241302490234,1.38,0.28,-0.65,1.38,0.65
2015-02-03,75.11515570103316,75.84613800048828,75.00592374524255,75.84613800048828,863500,OEF,2015,2,6,Tuesday,75.4533,74.77906036376953,1.43,0.45,0.3,1.43,-0.3
2015-02-04,75.39241718046135,76.07298857874534,75.36720537172943,75.58566284179688,874000,OEF,2015,2,6,Wednesday,75.6046,75.84613800048828,-0.34,-0.6,-0.63,-0.34,0.63
2015-02-05,75.83775134110091,76.367084090043,75.83775134110091,76.3166732788086,623300,OEF,2015,2,6,Thursday,76.0898,75.58566284179688,0.97,0.33,0.33,0.97,-0.33
2015-02-06,76.46791560561853,76.78719477518977,75.97218576803643,76.19064331054688,532600,OEF,2015,2,6,Friday,76.3545,76.3166732788086,-0.17,0.2,-0.45,-0.17,0.45
2015-02-09,75.72850423286192,76.27464474993623,75.72850423286192,75.87134552001953,672400,OEF,2015,2,7,Monday,75.9007,76.19064331054688,-0.42,-0.61,-0.61,-0.42,0.61
2015-02-10,76.3166611290901,76.76197365163814,76.01418348918465,76.65274810791016,552900,OEF,2015,2,7,Tuesday,76.4364,75.87134552001953,1.03,0.59,0.19,1.03,-0.19
2015-02-11,76.59392443034604,76.9888196932825,76.38387089438346,76.8039779663086,671800,OEF,2015,2,7,Wednesday,76.6926,76.65274810791016,0.2,-0.08,-0.35,0.2,0.35
2015-02-12,77.19047707032671,77.5685708776255,77.14005986178165,77.54336547851562,380200,OEF,2015,2,7,Thursday,77.3606,76.8039779663086,0.96,0.5,0.44,0.96,-0.44
2015-02-13,77.48456694720832,77.87946871004483,77.48456694720832,77.85426330566406,413100,OEF,2015,2,7,Friday,77.6757,77.54336547851562,0.4,-0.08,-0.08,0.4,0.08
2015-02-17,77.77022811031772,78.03909641107536,77.60218782621641,77.98868560791016,1697200,OEF,2015,2,8,Tuesday,77.85,77.85426330566406,0.17,-0.11,-0.32,0.17,0.32
2015-02-18,77.84585629031442,77.91307497289053,77.65260418048966,77.88786315917969,504200,OEF,2015,2,8,Wednesday,77.8248,77.98868560791016,-0.13,-0.18,-0.43,-0.13,0.43
2015-02-19,77.52657209245262,77.91307631877869,77.49296916091049,77.73662567138672,1218200,OEF,2015,2,8,Thursday,77.6673,77.88786315917969,-0.19,-0.46,-0.51,-0.19,0.51
2015-02-20,77.45933073020092,78.22392213701892,77.27448262450396,78.18191528320312,506000,OEF,2015,2,8,Friday,77.7849,77.73662567138672,0.57,-0.36,-0.59,0.57,0.59
2015-02-23,77.98028610101845,78.19033967324214,77.88786201641392,78.17353820800781,969500,OEF,2015,2,9,Monday,78.058,78.18191528320312,-0.01,-0.26,-0.38,-0.01,0.38
2015-02-24,78.274348922279,78.61042943526137,78.11470619138497,78.51800537109375,1369900,OEF,2015,2,9,Tuesday,78.3794,78.17353820800781,0.44,0.13,-0.08,0.44,0.08
2015-02-25,78.42558044786844,78.64403790717394,78.291149526213,78.41718292236328,451900,OEF,2015,2,9,Wednesday,78.4445,78.51800537109375,-0.13,-0.12,-0.29,-0.13,0.29
2015-02-26,78.23233875956466,78.46759769212429,78.11470929328483,78.40878295898438,204300,OEF,2015,2,9,Thursday,78.3059,78.41718292236328,-0.01,-0.24,-0.39,-0.01,0.39
2015-02-27,78.37517780130925,78.45080041099096,78.08950805664062,78.08950805664062,731800,OEF,2015,2,9,Friday,78.2512,78.40878295898438,-0.41,-0.04,-0.41,-0.41,0.41
2015-03-02,78.04749169292408,78.64404296875,78.02228629413676,78.64404296875,363800,OEF,2015,3,10,Monday,78.3395,78.08950805664062,0.71,-0.05,-0.09,0.71,0.09
2015-03-03,78.29955901110696,78.49280467661782,77.93826666871139,78.31636047363281,275400,OEF,2015,3,10,Tuesday,78.2617,78.64404296875,-0.42,-0.44,-0.9,-0.42,0.9
2015-03-04,78.05588716354424,78.2155234753253,77.61057473906502,78.02227783203125,367600,OEF,2015,3,10,Wednesday,77.9761,78.31636047363281,-0.38,-0.33,-0.9,-0.38,0.9
2015-03-05,78.11471748647415,78.18193616292014,77.81223985279301,78.00548553466797,906200,OEF,2015,3,10,Thursday,78.0286,78.02227783203125,-0.02,0.12,-0.27,-0.02,0.27
2015-03-06,77.66099283698496,77.91305964188285,76.82918263734211,76.99722290039062,917700,OEF,2015,3,10,Friday,77.3501,78.00548553466797,-1.29,-0.44,-1.51,-1.29,1.51
2015-03-09,77.10646710606831,77.53497821405308,77.02244695419378,77.31652069091797,460100,OEF,2015,3,11,Monday,77.2451,76.99722290039062,0.41,0.14,0.03,0.41,-0.03
2015-03-10,76.71157411062153,76.77878638799237,75.99738677190528,76.00579071044922,590200,OEF,2015,3,11,Tuesday,76.3734,77.31652069091797,-1.7,-0.78,-1.71,-1.7,1.71
2015-03-11,76.18220511367034,76.18220511367034,75.68648190933379,75.73689270019531,382100,OEF,2015,3,11,Wednesday,75.9469,76.00579071044922,-0.35,0.23,-0.42,-0.35,0.42
2015-03-12,75.95535183634234,76.6359231694297,75.87972923804124,76.6107177734375,1161000,OEF,2015,3,11,Thursday,76.2704,75.73689270019531,1.15,0.29,0.19,1.15,-0.19
2015-03-13,76.3586717402605,76.5687253110351,75.69490168737366,76.14022064208984,623000,OEF,2015,3,11,Friday,76.1906,76.6107177734375,-0.61,-0.33,-1.2,-0.61,1.2
2015-03-16,76.42589662741375,77.14007754397586,76.42589662741375,77.1064682006836,694600,OEF,2015,3,12,Monday,76.7746,76.14022064208984,1.27,0.38,0.38,1.27,-0.38
2015-03-17,76.81238004906001,77.0224335974836,76.509902426504,76.83758544921875,428100,OEF,2015,3,12,Tuesday,76.7956,77.1064682006836,-0.35,-0.38,-0.77,-0.35,0.77
2015-03-18,76.67794462071909,77.99708057114971,76.28304294715845,77.6946029663086,1332400,OEF,2015,3,12,Wednesday,77.1632,76.83758544921875,1.12,-0.21,-0.72,1.12,0.72
2015-03-19,77.51815873603005,77.6441921397206,77.20727719497002,77.2492904663086,1076000,OEF,2015,3,12,Thursday,77.4047,77.6946029663086,-0.57,-0.23,-0.63,-0.57,0.63
2015-03-20,77.68617940551854,78.23231974353818,77.68617940551854,77.95504760742188,983200,OEF,2015,3,12,Friday,77.8899,77.2492904663086,0.91,0.57,0.57,0.91,-0.57
2015-03-23,77.90463625510597,78.19870984718179,77.82061614455911,77.83741760253906,611800,OEF,2015,3,13,Monday,77.9403,77.95504760742188,-0.15,-0.06,-0.17,-0.15,0.17
2015-03-24,77.64419113830367,78.01388099794933,77.35851499960123,77.38372039794922,609800,OEF,2015,3,13,Tuesday,77.6001,77.83741760253906,-0.58,-0.25,-0.62,-0.58,0.62
2015-03-25,77.50787818124358,77.53322124711026,76.16498565673828,76.16498565673828,1177400,OEF,2015,3,13,Wednesday,76.8428,77.38372039794922,-1.57,0.16,-1.57,-1.57,1.57
2015-03-26,75.82715886524089,76.40147933605901,75.54844309770432,75.98763275146484,3395400,OEF,2015,3,13,Thursday,75.9412,76.16498565673828,-0.23,-0.44,-0.81,-0.23,0.81
2015-03-27,76.00449176672846,76.19030220527202,75.81024008548508,76.012939453125,471100,OEF,2015,3,13,Friday,76.0045,75.98763275146484,0.03,0.02,-0.23,0.03,0.23
2015-03-30,76.4943767654354,77.09403380036713,76.4943767654354,76.97579193115234,374600,OEF,2015,3,14,Monday,76.7646,76.012939453125,1.27,0.63,0.63,1.27,-0.63
2015-03-31,76.65486879403761,76.83223163987535,76.21567908117268,76.23257446289062,470900,OEF,2015,3,14,Tuesday,76.4838,76.97579193115234,-0.97,-0.42,-0.99,-0.97,0.99
2015-04-01,76.1565582577296,76.26635890797637,75.50622782192242,75.92007446289062,992800,OEF,2015,4,14,Wednesday,75.9623,76.23257446289062,-0.41,-0.1,-0.95,-0.41,0.95
2015-04-02,75.93696677157442,76.32547676790173,75.86939813472623,76.15655517578125,528500,OEF,2015,4,14,Thursday,76.0721,75.92007446289062,0.31,0.02,-0.07,0.31,0.07
2015-04-06,75.82715677494284,76.9335656811678,75.71736258637898,76.67174530029297,775200,OEF,2015,4,15,Monday,76.2875,76.15655517578125,0.68,-0.43,-0.58,0.68,0.58
2015-04-07,76.64639357141903,77.10247205847615,76.58727264404297,76.58727264404297,578500,OEF,2015,4,15,Tuesday,76.7309,76.67174530029297,-0.11,-0.03,-0.11,-0.11,0.11
2015-04-08,76.60417591222945,77.04336554952833,76.43526078631389,76.73086547851562,940000,OEF,2015,4,15,Wednesday,76.7034,76.58727264404297,0.19,0.02,-0.2,0.19,0.2
2015-04-09,76.55351622282429,77.27141530067264,76.49439527391206,77.16162109375,852500,OEF,2015,4,15,Thursday,76.8702,76.73086547851562,0.56,-0.23,-0.31,0.56,0.31
2015-04-10,77.3136308773088,77.73592512083111,77.22072562823799,77.70214080810547,504800,OEF,2015,4,15,Friday,77.4931,77.16162109375,0.7,0.2,0.08,0.7,-0.08
2015-04-13,77.62610743410836,77.94704864228123,77.35583301413523,77.3642807006836,679200,OEF,2015,4,16,Monday,77.5733,77.70214080810547,-0.43,-0.1,-0.45,-0.43,0.45
2015-04-14,77.27138026999584,77.6092168722088,77.00955996403698,77.51631164550781,458900,OEF,2015,4,16,Tuesday,77.3516,77.3642807006836,0.2,-0.12,-0.46,0.2,0.46
2015-04-15,77.70214987114902,78.12444416392701,77.68526093466569,77.89640808105469,298700,OEF,2015,4,16,Wednesday,77.8521,77.51631164550781,0.49,0.24,0.22,0.49,-0.22
2015-04-16,77.76971850448139,78.13289185401844,77.71903880763234,77.89640808105469,518700,OEF,2015,4,16,Thursday,77.8795,77.89640808105469,0.0,-0.16,-0.23,0.0,0.23
2015-04-17,77.4403195243615,77.490992771002,76.61261998160728,76.94200897216797,520500,OEF,2015,4,16,Friday,77.1215,77.89640808105469,-1.23,-0.59,-1.65,-1.23,1.65
2015-04-20,77.33897568483003,77.87106416824145,77.33897568483003,77.72748565673828,269100,OEF,2015,4,17,Monday,77.5691,76.94200897216797,1.02,0.52,0.52,1.02,-0.52
2015-04-21,77.91328945254901,78.09909995432197,77.45721088738777,77.58390045166016,525500,OEF,2015,4,17,Tuesday,77.7634,77.72748565673828,-0.18,0.24,-0.35,-0.18,0.35
2015-04-22,77.71903593210129,78.14133020925479,77.38120566533793,78.04843139648438,422000,OEF,2015,4,17,Wednesday,77.8225,77.58390045166016,0.6,0.17,-0.26,0.6,0.26
2015-04-23,77.82039242264587,78.51295481097208,77.81194473248225,78.20045471191406,1137200,OEF,2015,4,17,Thursday,78.0864,78.04843139648438,0.19,-0.29,-0.3,0.19,0.3
2015-04-24,78.53828489631512,78.69031108810006,78.34403314462821,78.5636215209961,318900,OEF,2015,4,17,Friday,78.5341,78.20045471191406,0.46,0.43,0.18,0.46,-0.18
2015-04-27,78.77475772358359,78.8845583402345,78.22578041512165,78.29334259033203,333400,OEF,2015,4,18,Monday,78.5446,78.5636215209961,-0.34,0.27,-0.43,-0.34,0.43
2015-04-28,78.36936841808432,78.6565254177831,77.82883228854631,78.59740447998047,482000,OEF,2015,4,18,Tuesday,78.363,78.29334259033203,0.39,0.1,-0.59,0.39,0.59
2015-04-29,78.21733197573339,78.63962617430934,78.00618487644542,78.35246276855469,963400,OEF,2015,4,18,Wednesday,78.3039,78.59740447998047,-0.31,-0.48,-0.75,-0.31,0.75
2015-04-30,78.14131089845603,78.23421613196638,77.22071269474141,77.52476501464844,707300,OEF,2015,4,18,Thursday,77.7803,78.35246276855469,-1.06,-0.27,-1.44,-1.06,1.44
2015-05-01,77.77815249582115,78.3609206274787,77.77815249582115,78.31869506835938,469700,OEF,2015,5,18,Friday,78.059,77.52476501464844,1.02,0.33,0.33,1.02,-0.33
2015-05-04,78.56360041987207,78.85921147828387,78.49603825343543,78.58894348144531,290700,OEF,2015,5,19,Monday,78.6269,78.31869506835938,0.35,0.31,0.23,0.35,-0.23
2015-05-05,78.4622697669695,78.61429594857192,77.6768022359734,77.71058654785156,465800,OEF,2015,5,19,Tuesday,78.116,78.58894348144531,-1.12,-0.16,-1.16,-1.12,1.16
2015-05-06,78.0146383623868,78.15821685408527,76.85754985256722,77.37274932861328,546400,OEF,2015,5,19,Wednesday,77.6008,77.71058654785156,-0.43,0.39,-1.1,-0.43,1.1
2015-05-07,77.23760832190237,77.87104963600336,77.19538276718126,77.66835021972656,596300,OEF,2015,5,19,Thursday,77.4931,77.37274932861328,0.38,-0.17,-0.23,0.38,0.23
2015-05-08,78.39469130461941,78.85921748002251,78.39469130461941,78.7916488647461,974600,OEF,2015,5,19,Friday,78.6101,77.66835021972656,1.45,0.94,0.94,1.45,-0.94
2015-05-11,78.77475696713064,78.88455758272717,78.35246276855469,78.35246276855469,322600,OEF,2015,5,20,Monday,78.5911,78.7916488647461,-0.56,-0.02,-0.56,-0.56,0.56
2015-05-12,78.03995694602757,78.3777935406427,77.61766281368294,78.115966796875,909800,OEF,2015,5,20,Tuesday,78.0378,78.35246276855469,-0.3,-0.4,-0.94,-0.3,0.94
2015-05-13,78.32713919340047,78.55518170708402,78.05687111904533,78.16667175292969,636800,OEF,2015,5,20,Wednesday,78.2765,78.115966796875,0.06,0.27,-0.08,0.06,0.08
2015-05-14,78.58896924337728,79.061936781962,78.52984830105419,79.02815246582031,326300,OEF,2015,5,20,Thursday,78.8022,78.16667175292969,1.1,0.54,0.46,1.1,-0.46
2015-05-15,79.14636873156584,79.18015303677188,78.89299610806658,79.09569549560547,327800,OEF,2015,5,20,Friday,79.0788,79.02815246582031,0.09,0.15,-0.17,0.09,0.17
2015-05-18,78.94367352126659,79.3828566247894,78.94367352126659,79.2223892211914,475300,OEF,2015,5,21,Monday,79.1231,79.09569549560547,0.16,-0.19,-0.19,0.16,0.19
2015-05-19,79.33219281931169,79.46732361965684,79.15483001927828,79.29840850830078,435300,OEF,2015,5,21,Tuesday,79.3132,79.2223892211914,0.1,0.14,-0.09,0.1,0.09
2015-05-20,79.39130431246224,79.55177815975793,79.07036306156857,79.2223892211914,410500,OEF,2015,5,21,Wednesday,79.309,79.29840850830078,-0.1,0.12,-0.29,-0.1,0.29
2015-05-21,79.19705272212613,79.57712137453264,79.09570623644298,79.45043182373047,281300,OEF,2015,5,21,Thursday,79.3301,79.2223892211914,0.29,-0.03,-0.16,0.29,0.16
2015-05-22,79.34065085575703,79.46733398394711,79.20551359408854,79.23085021972656,793100,OEF,2015,5,21,Friday,79.3111,79.45043182373047,-0.28,-0.14,-0.31,-0.28,0.31
2015-05-26,79.0534693583526,79.0534693583526,78.19199206473313,78.39469146728516,331200,OEF,2015,5,22,Tuesday,78.6734,79.23085021972656,-1.06,-0.22,-1.31,-1.06,1.31
2015-05-27,78.63120280563128,79.25619660859005,78.47917658937644,79.13795471191406,368300,OEF,2015,5,22,Wednesday,78.8761,78.39469146728516,0.95,0.3,0.11,0.95,-0.11
2015-05-28,79.04501581594774,79.14636873156584,78.80853212320281,79.09569549560547,431100,OEF,2015,5,22,Thursday,79.0239,79.13795471191406,-0.05,-0.12,-0.42,-0.05,0.42
2015-05-29,79.08725019443096,79.08725019443096,78.46225663850666,78.52137756347656,763300,OEF,2015,5,22,Friday,78.7895,79.09569549560547,-0.73,-0.01,-0.8,-0.73,0.8
2015-06-01,78.80856086435016,79.02815570642603,78.41160318803212,78.70721435546875,393400,OEF,2015,6,23,Monday,78.7389,78.52137756347656,0.24,0.37,-0.14,0.24,0.14
2015-06-02,78.55519145293161,78.97748577423414,78.22580239781165,78.66498565673828,703600,OEF,2015,6,23,Tuesday,78.6059,78.70721435546875,-0.05,-0.19,-0.61,-0.05,0.61
2015-06-03,78.92678638126992,79.26462304275974,78.70719802844516,78.93523406982422,553500,OEF,2015,6,23,Wednesday,78.9585,78.66498565673828,0.34,0.33,0.05,0.34,-0.05
2015-06-04,78.66495903365134,78.92677936226538,78.12442300081719,78.28489685058594,642000,OEF,2015,6,23,Thursday,78.5003,78.93523406982422,-0.82,-0.34,-1.03,-0.82,1.03
2015-06-05,78.27644842320015,78.44536351547819,77.87949086827928,78.0315170288086,629900,OEF,2015,6,23,Friday,78.1582,78.28489685058594,-0.32,-0.01,-0.52,-0.32,0.52
2015-06-08,78.02308363827899,78.06531564093608,77.56700507311776,77.58390045166016,473400,OEF,2015,6,24,Monday,77.8098,78.0315170288086,-0.57,-0.01,-0.6,-0.57,0.6
2015-06-09,77.5838901224584,77.87104708245924,77.31362209505252,77.65145874023438,365300,OEF,2015,6,24,Tuesday,77.605,77.58390045166016,0.09,-0.0,-0.35,0.09,0.35
2015-06-10,77.98930342392714,78.78321872097575,77.97241448819598,78.61430358886719,698900,OEF,2015,6,24,Wednesday,78.3398,77.65145874023438,1.24,0.44,0.41,1.24,-0.41
2015-06-11,78.79164243835272,79.05346274657201,78.71562614144233,78.84231567382812,713800,OEF,2015,6,24,Thursday,78.8508,78.61430358886719,0.29,0.23,0.13,0.29,-0.13
2015-06-12,78.54672754914125,78.55517523805958,78.07376006889344,78.21733856201172,755700,OEF,2015,6,24,Friday,78.3483,78.84231567382812,-0.79,-0.37,-0.97,-0.79,0.97
2015-06-15,77.71058622777697,77.98085427799047,77.38963848810565,77.87950134277344,1271100,OEF,2015,6,25,Monday,77.7401,78.21733856201172,-0.43,-0.65,-1.06,-0.43,1.06
2015-06-16,77.82038837378155,78.35247683981328,77.71059418216527,78.30180358886719,278900,OEF,2015,6,25,Tuesday,78.0463,77.87950134277344,0.54,-0.08,-0.22,0.54,0.22
2015-06-17,78.43691388121803,78.68184524940979,77.98083544841583,78.40312957763672,725900,OEF,2015,6,25,Wednesday,78.3757,78.30180358886719,0.13,0.17,-0.41,0.13,0.41
2015-06-18,78.5720525880335,79.42508861945595,78.5720525880335,79.2223892211914,600700,OEF,2015,6,25,Thursday,78.9479,78.40312957763672,1.04,0.22,0.22,1.04,-0.22
2015-06-19,79.06192333889057,79.1294919596851,78.71563899009236,78.74098205566406,378300,OEF,2015,6,25,Friday,78.912,79.2223892211914,-0.61,-0.2,-0.64,-0.61,0.64
2015-06-22,79.19705438222209,79.5095544215915,79.1717177602702,79.24773406982422,247900,OEF,2015,6,26,Monday,79.2815,78.74098205566406,0.64,0.58,0.55,0.64,-0.55
2015-06-23,79.34062823083796,79.51799100342629,79.19704332033531,79.3744125366211,759400,OEF,2015,6,26,Tuesday,79.3575,79.24773406982422,0.16,0.12,-0.06,0.16,0.06
2015-06-24,79.33790361667744,79.4397735763963,78.82007598876953,78.82007598876953,1150500,OEF,2015,6,26,Wednesday,79.1045,79.3744125366211,-0.7,-0.05,-0.7,-0.7,0.7
2015-06-25,79.08325007424182,79.1596476978506,78.56542237010343,78.5823974609375,489100,OEF,2015,6,26,Thursday,78.8477,78.82007598876953,-0.3,0.33,-0.32,-0.3,0.32
2015-06-26,78.73522180969726,78.86255769553952,78.31926396074662,78.56544494628906,377300,OEF,2015,6,26,Friday,78.6206,78.5823974609375,-0.02,0.19,-0.33,-0.02,0.33
2015-06-29,77.79294474446306,78.15797082699729,76.91009081283211,76.96102905273438,437700,OEF,2015,6,27,Monday,77.4555,78.56544494628906,-2.04,-0.98,-2.11,-2.04,2.11
2015-06-30,77.63163541541542,77.63163541541542,76.85914244003374,77.11380767822266,864700,OEF,2015,6,27,Tuesday,77.3091,76.96102905273438,0.2,0.87,-0.13,0.2,0.13
2015-07-01,77.80990140405278,77.92025568145972,77.35998055792432,77.71652221679688,675300,OEF,2015,7,27,Wednesday,77.7017,77.11380767822266,0.78,0.9,0.32,0.78,-0.32
2015-07-02,77.86084488547645,77.97968996415509,77.47035298745081,77.64862060546875,233300,OEF,2015,7,27,Thursday,77.7399,77.71652221679688,-0.09,0.19,-0.32,-0.09,0.32
2015-07-06,77.00346885500193,77.76747767615662,76.94404630649946,77.42791748046875,2566300,OEF,2015,7,28,Monday,77.2857,77.64862060546875,-0.28,-0.83,-0.91,-0.28,0.91
2015-07-07,77.4873367941816,77.92027618752442,76.44319684600228,77.8438720703125,819400,OEF,2015,7,28,Tuesday,77.4237,77.42791748046875,0.54,0.08,-1.27,0.54,1.27
2015-07-08,77.28360049945498,77.38547049322055,76.53657330822202,76.6554183959961,654900,OEF,2015,7,28,Wednesday,76.9653,77.8438720703125,-1.53,-0.72,-1.68,-1.53,1.68
2015-07-09,77.41943330663813,77.68259588097233,76.74031933383372,76.76578521728516,399600,OEF,2015,7,28,Thursday,77.152,76.6554183959961,0.14,1.0,0.11,0.14,-0.11
2015-07-10,77.52975758949023,77.94571526862939,77.35997431882254,77.75895690917969,803500,OEF,2015,7,28,Friday,77.6486,76.76578521728516,1.29,1.0,0.77,1.29,-0.77
2015-07-13,78.32772347391729,78.72670610084907,78.31074838357918,78.68426513671875,240600,OEF,2015,7,29,Monday,78.5124,77.75895690917969,1.19,0.73,0.71,1.19,-0.71
2015-07-14,78.60787236774021,79.21058854844335,78.60787236774021,79.09174346923828,141800,OEF,2015,7,29,Tuesday,78.8795,78.68426513671875,0.52,-0.1,-0.1,0.52,0.1
2015-07-15,79.15965375242222,79.41432547040418,78.96440457175993,79.18511962890625,242500,OEF,2015,7,29,Wednesday,79.1809,79.09174346923828,0.12,0.09,-0.16,0.12,0.16
2015-07-16,79.66899336654257,79.86424255371094,79.59259573454476,79.86424255371094,143800,OEF,2015,7,29,Thursday,79.7475,79.18511962890625,0.86,0.61,0.51,0.86,-0.51
2015-07-17,80.0425024125491,80.2207700131677,79.88120990298306,80.18681335449219,364100,OEF,2015,7,29,Friday,80.0828,79.86424255371094,0.4,0.22,0.02,0.4,-0.02
2015-07-20,80.37355982584978,80.61974070733014,80.21226734019072,80.40751647949219,817800,OEF,2015,7,30,Monday,80.4033,80.18681335449219,0.28,0.23,0.03,0.28,-0.03
2015-07-21,80.32264932685449,80.36509029770491,79.90668506715073,80.0510025024414,602500,OEF,2015,7,30,Tuesday,80.1614,80.40751647949219,-0.44,-0.11,-0.62,-0.44,0.62
2015-07-22,79.57560531303915,79.88120876017621,79.53316434772975,79.69445037841797,411600,OEF,2015,7,30,Wednesday,79.6711,80.0510025024414,-0.45,-0.59,-0.65,-0.45,0.65
2015-07-23,79.83026195477863,79.83026195477863,79.08323504520911,79.21905517578125,671200,OEF,2015,7,30,Thursday,79.4907,79.69445037841797,-0.6,0.17,-0.77,-0.6,0.77
2015-07-24,79.40582670932886,79.40582670932886,78.28528292060008,78.378662109375,549900,OEF,2015,7,30,Friday,78.8689,79.21905517578125,-1.06,0.24,-1.18,-1.06,1.18
2015-07-27,78.04762751383855,78.29380853224971,77.82691238068146,77.98820495605469,388500,OEF,2015,7,31,Monday,78.0391,78.378662109375,-0.5,-0.42,-0.7,-0.5,0.7
2015-07-28,78.46354138706678,79.04079154299251,78.09002467541795,78.98136901855469,332400,OEF,2015,7,31,Tuesday,78.6439,77.98820495605469,1.27,0.61,0.13,1.27,-0.13
2015-07-29,79.09171867689362,79.66896879918772,79.04078693793413,79.50768280029297,430300,OEF,2015,7,31,Wednesday,79.3273,78.98136901855469,0.67,0.14,0.08,0.67,-0.08
2015-07-30,79.33791581103175,79.60956260213189,79.01533727052856,79.53316497802734,394100,OEF,2015,7,31,Thursday,79.374,79.50768280029297,0.03,-0.21,-0.62,0.03,0.62
2015-07-31,79.7114445541526,79.71993533918564,79.16815089032244,79.31246185302734,483700,OEF,2015,7,31,Friday,79.478,79.53316497802734,-0.28,0.22,-0.46,-0.28,0.46
2015-08-03,79.31243903081639,79.31243903081639,78.54843051197068,78.98986053466797,434000,OEF,2015,8,32,Monday,79.0408,79.31246185302734,-0.41,-0.0,-0.96,-0.41,0.96
2015-08-04,78.89650603935212,79.04930779092663,78.53996430129725,78.72672271728516,380200,OEF,2015,8,32,Tuesday,78.8031,78.98986053466797,-0.33,-0.12,-0.57,-0.33,0.57
2015-08-05,79.0323221998836,79.42281410591515,78.84556379339651,78.96440887451172,572400,OEF,2015,8,32,Wednesday,79.0663,78.72672271728516,0.3,0.39,0.15,0.3,-0.15
2015-08-06,78.97289226973662,79.11720321522014,78.0560818927168,78.31924438476562,462000,OEF,2015,8,32,Thursday,78.6164,78.96440887451172,-0.82,0.01,-1.15,-0.82,1.15
2015-08-07,78.24283484598298,78.24283484598298,77.64860953729182,78.04759216308594,497100,OEF,2015,8,32,Friday,78.0455,78.31924438476562,-0.35,-0.1,-0.86,-0.35,0.86
2015-08-10,78.52296464077072,79.02381071188825,78.5059895521606,78.98986053466797,215100,OEF,2015,8,33,Monday,78.7607,78.04759216308594,1.21,0.61,0.59,1.21,-0.59
2015-08-11,78.39565092307444,78.59090011830159,77.89480471067166,78.1919174194336,378000,OEF,2015,8,33,Tuesday,78.2683,78.98986053466797,-1.01,-0.75,-1.39,-1.01,1.39
2015-08-12,77.66560443024136,78.39565655367441,76.96102466359281,78.3107681274414,456700,OEF,2015,8,33,Wednesday,77.8333,78.1919174194336,0.15,-0.67,-1.57,0.15,1.57
2015-08-13,78.37864555595225,78.58237898090114,77.99663809803317,78.2088623046875,234300,OEF,2015,8,33,Thursday,78.2916,78.3107681274414,-0.13,0.09,-0.4,-0.13,0.4
2015-08-14,78.12400113600455,78.49751794235269,78.07306938116473,78.45507049560547,497100,OEF,2015,8,33,Friday,78.2874,78.2088623046875,0.31,-0.11,-0.17,0.31,0.17
2015-08-17,78.21739884890057,78.86256262803376,77.9881994213069,78.8455810546875,369700,OEF,2015,8,34,Monday,78.4784,78.45507049560547,0.5,-0.3,-0.6,0.5,0.6
2015-08-18,78.71823351229443,78.89650113194777,78.531475107923,78.61636352539062,222500,OEF,2015,8,34,Tuesday,78.6906,78.8455810546875,-0.29,-0.16,-0.4,-0.29,0.4
2015-08-19,78.3362337644339,78.65032806474977,77.64862909453814,77.99667358398438,1049500,OEF,2015,8,34,Wednesday,78.158,78.61636352539062,-0.79,-0.36,-1.23,-0.79,1.23
2015-08-20,77.34301537165402,77.48732632441234,76.33282574920403,76.35829162597656,700200,OEF,2015,8,34,Thursday,76.8804,77.99667358398438,-2.1,-0.84,-2.13,-2.1,2.13
2015-08-21,75.60278168092236,75.95083263763208,73.78614221215913,73.82009887695312,2187600,OEF,2015,8,34,Friday,74.79,76.35829162597656,-3.32,-0.99,-3.37,-3.32,3.37
2015-08-24,73.09002120290641,73.17490959690524,60.71310294674056,70.9168472290039,3620400,OEF,2015,8,35,Monday,69.4737,73.82009887695312,-3.93,-0.99,-17.76,-3.93,17.76
2015-08-25,71.62993449504398,73.74369292326456,69.84725189208984,69.84725189208984,1153500,OEF,2015,8,35,Tuesday,71.267,70.9168472290039,-1.51,1.01,-1.51,-1.51,1.51
2015-08-26,70.54334962137257,73.00515257322579,70.47543629715996,72.8947982788086,3433000,OEF,2015,8,35,Wednesday,71.7297,69.84725189208984,4.36,1.0,0.9,4.36,-0.9
2015-08-27,74.0578006972877,74.68598937988281,73.1070398398639,74.68598937988281,2547000,OEF,2015,8,35,Thursday,74.1342,72.8947982788086,2.46,1.6,0.29,2.46,-0.29
2015-08-28,74.38885348042237,74.85574949449706,74.14267253450764,74.66899108886719,1888000,OEF,2015,8,35,Friday,74.5141,74.68598937988281,-0.02,-0.4,-0.73,-0.02,0.73
2015-08-31,74.2785151022122,74.55865277068938,73.80313467806124,74.04082489013672,2005400,OEF,2015,8,36,Monday,74.1703,74.66899108886719,-0.84,-0.52,-1.16,-0.84,1.16
2015-09-01,73.30224428643108,73.30224428643108,71.40071708883272,71.83365631103516,2199300,OEF,2015,9,36,Tuesday,72.4597,74.04082489013672,-2.98,-1.0,-3.57,-2.98,3.57
2015-09-02,72.5467489619629,73.2768010220459,72.09683451305457,73.25133514404297,1500200,OEF,2015,9,36,Wednesday,72.7929,71.83365631103516,1.97,0.99,0.37,1.97,-0.37
2015-09-03,73.65033213720487,74.19362589532629,72.98819327428015,73.22588348388672,1444900,OEF,2015,9,36,Thursday,73.5145,73.25133514404297,-0.03,0.54,-0.36,-0.03,0.36
2015-09-04,72.21569159895344,72.51280435266104,71.68088864227978,72.07138061523438,1685100,OEF,2015,9,36,Friday,72.1202,73.22588348388672,-1.58,-1.38,-2.11,-1.58,2.11
2015-09-08,73.3107358199507,73.93042692176958,73.07304572738623,73.89647674560547,745000,OEF,2015,9,37,Tuesday,73.5527,72.07138061523438,2.53,1.72,1.39,2.53,-1.39
2015-09-09,74.60953121297865,74.66046294300128,72.66555697277732,72.80986785888672,1095600,OEF,2015,9,37,Wednesday,73.6864,73.89647674560547,-1.47,0.96,-1.67,-1.47,1.67
2015-09-10,72.7844422251083,73.81160703325496,72.67408792353885,73.3277359008789,1248400,OEF,2015,9,37,Thursday,73.1495,72.80986785888672,0.71,-0.03,-0.19,0.71,0.19
2015-09-11,73.0306086154388,73.66728137190476,72.86083180434262,73.6587905883789,813200,OEF,2015,9,37,Friday,73.3044,73.3277359008789,0.45,-0.41,-0.64,0.45,0.64
2015-09-14,73.71821752736362,73.74368987946416,73.18341471152284,73.4126205444336,688400,OEF,2015,9,38,Monday,73.5145,73.6587905883789,-0.33,0.08,-0.65,-0.33,0.65
2015-09-15,73.65880436043011,74.6180623045304,73.4805367324772,74.40583801269531,821800,OEF,2015,9,38,Tuesday,74.0408,73.4126205444336,1.35,0.34,0.09,1.35,-0.09
2015-09-16,74.52468725805177,75.0594901717638,74.36339471475071,74.97460174560547,749400,OEF,2015,9,38,Wednesday,74.7305,74.40583801269531,0.76,0.16,-0.06,0.76,0.06
2015-09-17,74.88123628455729,75.95084878496972,74.6180801721707,74.78785705566406,3873200,OEF,2015,9,38,Thursday,75.0595,74.97460174560547,-0.25,-0.12,-0.48,-0.25,0.48
2015-09-18,73.7352196256601,74.31247004582274,73.38716862565404,73.53997039794922,2672600,OEF,2015,9,38,Friday,73.7437,74.78785705566406,-1.67,-1.41,-1.87,-1.67,1.87
2015-09-21,73.88800403632003,74.35489355332469,73.4550647037837,73.95591735839844,1971100,OEF,2015,9,39,Monday,73.9135,73.53997039794922,0.57,0.47,-0.12,0.57,0.12
2015-09-22,72.89479106051473,73.22586038755377,72.55523094964714,73.08154296875,2753700,OEF,2015,9,39,Tuesday,72.9394,73.95591735839844,-1.18,-1.43,-1.89,-1.18,1.89
2015-09-23,73.17491063931406,73.387134865619,72.74197788078197,72.99664306640625,1254000,OEF,2015,9,39,Wednesday,73.0752,73.08154296875,-0.12,0.13,-0.46,-0.12,0.46
2015-09-24,72.3514841853888,72.97966606534865,71.85912243888846,72.79290771484375,1367200,OEF,2015,9,39,Thursday,72.4958,72.99664306640625,-0.28,-0.88,-1.56,-0.28,1.56
2015-09-25,73.53993328589821,73.63384363653648,72.40447651066125,72.76304626464844,1227400,OEF,2015,9,39,Friday,73.0853,72.79290771484375,-0.04,1.03,-0.53,-0.04,0.53
2015-09-28,72.3105530404432,72.3447028447894,70.94459343364107,71.04704284667969,1403600,OEF,2015,9,40,Monday,71.6617,72.76304626464844,-2.36,-0.62,-2.5,-2.36,2.5
2015-09-29,71.22635146649303,71.71297496464523,70.62020686447268,71.08975219726562,2558300,OEF,2015,9,40,Tuesday,71.1623,71.04704284667969,0.06,0.25,-0.6,0.06,0.6
2015-09-30,71.92640207899655,72.4471753628966,71.61052117310939,72.37887573242188,2225400,OEF,2015,9,40,Wednesday,72.0907,71.08975219726562,1.81,1.18,0.73,1.81,-0.73
2015-10-01,72.56667558227727,72.72034644992905,71.7470997926042,72.6178970336914,1953200,OEF,2015,10,40,Thursday,72.413,72.37887573242188,0.33,0.26,-0.87,0.33,0.87
2015-10-02,71.76415185589147,73.69357299804688,71.48242743658018,73.69357299804688,2019400,OEF,2015,10,40,Friday,72.6584,72.6178970336914,1.48,-1.18,-1.56,1.48,1.56
2015-10-05,74.18878456412297,75.08519288190449,74.18878456412297,74.98274993896484,940000,OEF,2015,10,41,Monday,74.6114,73.69357299804688,1.75,0.67,0.67,1.75,-0.67
2015-10-06,74.94006184292945,75.22179296586665,74.5473486928103,74.85469055175781,616200,OEF,2015,10,41,Tuesday,74.891,74.98274993896484,-0.17,-0.06,-0.58,-0.17,0.58
2015-10-07,75.33277050264645,75.64865142590584,74.78638645562218,75.46083068847656,958400,OEF,2015,10,41,Wednesday,75.3072,74.85469055175781,0.81,0.64,-0.09,0.81,0.09
2015-10-08,75.23032779656661,76.17796405585368,75.08518944502566,76.0499038696289,1303900,OEF,2015,10,41,Thursday,75.6358,75.46083068847656,0.78,-0.31,-0.5,0.78,0.5
2015-10-09,76.22063101626306,76.35723025750002,75.87060685906138,76.143798828125,954300,OEF,2015,10,41,Friday,76.1481,76.0499038696289,0.12,0.22,-0.24,0.12,0.24
2015-10-12,76.15235412563187,76.28041432416242,75.98161153653267,76.23773193359375,369900,OEF,2015,10,42,Monday,76.163,76.143798828125,0.12,0.01,-0.21,0.12,0.21
2015-10-13,75.84498302391873,76.45966652923693,75.75961176227115,75.82791137695312,902800,OEF,2015,10,42,Tuesday,75.973,76.23773193359375,-0.54,-0.52,-0.63,-0.54,0.63
2015-10-14,75.79378798166198,75.99868038369749,75.29862537278181,75.44376373291016,549400,OEF,2015,10,42,Wednesday,75.6337,75.82791137695312,-0.51,-0.05,-0.7,-0.51,0.7
2015-10-15,75.69985655178671,76.67310333251953,75.67424582283219,76.67310333251953,1536100,OEF,2015,10,42,Thursday,76.1801,75.44376373291016,1.63,0.34,0.31,1.63,-0.31
2015-10-16,76.86947666876536,77.07436904995151,76.57067392257485,77.02314758300781,2542400,OEF,2015,10,42,Friday,76.8844,76.67310333251953,0.46,0.26,-0.13,0.46,0.13
2015-10-19,76.7414058582971,77.16826872613206,76.63895642518894,77.12557983398438,733800,OEF,2015,10,43,Monday,76.9186,77.02314758300781,0.13,-0.37,-0.5,0.13,0.5
2015-10-20,76.97191977695185,77.24511176717145,76.76702089922902,76.95484161376953,442400,OEF,2015,10,43,Tuesday,76.9847,77.12557983398438,-0.22,-0.2,-0.46,-0.22,0.46
2015-10-21,77.193889591206,77.2621892222455,76.53652355433208,76.62189483642578,836500,OEF,2015,10,43,Wednesday,76.9036,76.95484161376953,-0.43,0.31,-0.54,-0.43,0.54
2015-10-22,77.0487418096757,78.07321000953732,77.00605292076065,77.98783874511719,1316100,OEF,2015,10,43,Thursday,77.529,76.62189483642578,1.78,0.56,0.5,1.78,-0.5
2015-10-23,79.19159992125788,79.41356391967217,78.79888687012831,79.20867156982422,1670200,OEF,2015,10,43,Friday,79.1532,77.98783874511719,1.57,1.54,1.04,1.57,-1.04
2015-10-26,79.09768041151722,79.17451259128454,78.89278808539473,79.02938079833984,587900,OEF,2015,10,44,Monday,79.0486,79.20867156982422,-0.23,-0.14,-0.4,-0.23,0.4
2015-10-27,78.77327764099135,79.1062366993064,78.6964454445109,78.92694854736328,666200,OEF,2015,10,44,Tuesday,78.8757,79.02938079833984,-0.13,-0.32,-0.42,-0.13,0.42
2015-10-28,79.14889096255882,79.84894561767578,78.79032781288132,79.84894561767578,1467600,OEF,2015,10,44,Wednesday,79.4093,78.92694854736328,1.17,0.28,-0.17,1.17,0.17
2015-10-29,79.6440533197756,79.95993410215361,79.59283187365273,79.84894561767578,2623000,OEF,2015,10,44,Thursday,79.7614,79.84894561767578,0.0,-0.26,-0.32,0.0,0.32
2015-10-30,79.89162923200611,79.90870087511883,79.25133514404297,79.25133514404297,1713000,OEF,2015,10,44,Friday,79.5758,79.84894561767578,-0.75,0.05,-0.75,-0.75,0.75
2015-11-02,79.38796282804344,80.27583846972236,79.38796282804344,80.22461700439453,568300,OEF,2015,11,45,Monday,79.8191,79.25133514404297,1.23,0.17,0.17,1.23,-0.17
2015-11-03,80.02825032267441,80.77953315446241,79.95995721257508,80.53195190429688,442200,OEF,2015,11,45,Tuesday,80.3249,80.22461700439453,0.38,-0.24,-0.33,0.38,0.33
2015-11-04,80.71123445073492,80.71123445073492,80.07094012820643,80.30998229980469,601500,OEF,2015,11,45,Wednesday,80.4508,80.53195190429688,-0.28,0.22,-0.57,-0.28,0.57
2015-11-05,80.33559787034797,80.56610748785516,79.86605258025256,80.19900512695312,691200,OEF,2015,11,45,Thursday,80.2417,80.30998229980469,-0.14,0.03,-0.55,-0.14,0.55
2015-11-06,80.10506889266719,80.30996119828568,79.66112796485002,80.30142211914062,983900,OEF,2015,11,45,Friday,80.0944,80.19900512695312,0.13,-0.12,-0.67,0.13,0.67
2015-11-09,79.9599668712547,80.04533815424914,79.11477358339896,79.5331039428711,423300,OEF,2015,11,46,Monday,79.6633,80.30142211914062,-0.96,-0.43,-1.48,-0.96,1.48
2015-11-10,79.26841867569935,79.67820981935519,79.14035853621881,79.6355209350586,644600,OEF,2015,11,46,Tuesday,79.4306,79.5331039428711,0.13,-0.33,-0.49,0.13,0.49
2015-11-11,79.78920505420487,79.90872613399887,79.37942035588553,79.39649200439453,388700,OEF,2015,11,46,Wednesday,79.6185,79.6355209350586,-0.3,0.19,-0.32,-0.3,0.32
2015-11-12,78.96109446489115,79.14037609457623,78.31226757081488,78.35494995117188,964600,OEF,2015,11,46,Thursday,78.6922,79.39649200439453,-1.31,-0.55,-1.37,-1.31,1.37
2015-11-13,78.11590914312853,78.25250839484333,77.33048298600093,77.39024353027344,991800,OEF,2015,11,46,Friday,77.7723,78.35494995117188,-1.23,-0.31,-1.31,-1.23,1.31
2015-11-16,77.15973691369742,78.53423599868074,77.15973691369742,78.52570343017578,786000,OEF,2015,11,47,Monday,77.8449,77.39024353027344,1.47,-0.3,-0.3,1.47,0.3
2015-11-17,78.78181269634398,79.06354376252854,78.28665018851852,78.44886016845703,1193200,OEF,2015,11,47,Tuesday,78.6452,78.52570343017578,-0.1,0.33,-0.3,-0.1,0.3
2015-11-18,78.70498262272528,79.85751113593297,78.70498262272528,79.80628967285156,2765200,OEF,2015,11,47,Wednesday,79.2684,78.44886016845703,1.73,0.33,0.33,1.73,-0.33
2015-11-19,79.75505535214548,79.9599542149939,79.6269951912178,79.73798370361328,785200,OEF,2015,11,47,Thursday,79.77,79.80628967285156,-0.09,-0.06,-0.22,-0.09,0.22
2015-11-20,80.10509863729291,80.32706267021221,79.84043919279469,79.99411010742188,485100,OEF,2015,11,47,Friday,80.0667,79.73798370361328,0.32,0.46,0.13,0.32,-0.13
2015-11-23,79.98557489419369,80.1648565364298,79.60993344565452,79.78921508789062,415700,OEF,2015,11,48,Monday,79.8874,79.99411010742188,-0.26,-0.01,-0.48,-0.26,0.48
2015-11-24,79.37940681955807,80.09653317603272,79.20011871703018,79.91725158691406,477300,OEF,2015,11,48,Tuesday,79.6483,79.78921508789062,0.16,-0.51,-0.74,0.16,0.74
2015-11-25,79.96850307873022,80.04534179630936,79.80629958768394,79.8575210571289,580600,OEF,2015,11,48,Wednesday,79.9194,79.91725158691406,-0.07,0.06,-0.14,-0.07,0.14
2015-11-27,79.8318897394702,80.01117134971535,79.68675142444413,79.90872192382812,136900,OEF,2015,11,48,Friday,79.8596,79.8575210571289,0.06,-0.03,-0.21,0.06,0.21
2015-11-30,80.02825411306456,80.02825411306456,79.49040920762369,79.5245590209961,764600,OEF,2015,11,49,Monday,79.7679,79.90872192382812,-0.48,0.15,-0.52,-0.48,0.52
2015-12-01,79.79775394708149,80.35267703630709,79.73799339983634,80.31852722167969,621500,OEF,2015,12,49,Tuesday,80.0517,79.5245590209961,1.0,0.34,0.27,1.0,-0.27
2015-12-02,80.32707159479743,80.47220995664554,79.43066325438792,79.55872344970703,1390200,OEF,2015,12,49,Wednesday,79.9472,80.31852722167969,-0.95,0.01,-1.11,-0.95,1.11
2015-12-03,79.78067621896496,79.78067621896496,78.15006327041742,78.45740509033203,1199100,OEF,2015,12,49,Thursday,79.0422,79.55872344970703,-1.38,0.28,-1.77,-1.38,1.77
2015-12-04,78.58548597786667,80.21609935614431,78.58548597786667,80.04535675048828,1480600,OEF,2015,12,49,Friday,79.3581,78.45740509033203,2.02,0.16,0.16,2.02,-0.16
2015-12-07,79.85750555969655,79.92580518130981,79.14891164063229,79.60992431640625,527200,OEF,2015,12,50,Monday,79.6355,80.04535675048828,-0.54,-0.23,-1.12,-0.54,1.12
2015-12-08,78.8757151176781,79.48185956935727,78.62813388866941,79.07207489013672,862100,OEF,2015,12,50,Tuesday,79.0144,79.60992431640625,-0.68,-0.92,-1.23,-0.68,1.23
2015-12-09,78.81596837576203,79.6953049386356,77.97931419634754,78.45740509033203,2296500,OEF,2015,12,50,Wednesday,78.737,79.07207489013672,-0.78,-0.32,-1.38,-0.78,1.38
2015-12-10,78.50007488507353,79.294040040293,78.40616453774788,78.66228485107422,976000,OEF,2015,12,50,Thursday,78.7156,78.45740509033203,0.26,0.05,-0.07,0.26,0.07
2015-12-11,77.7317604488324,77.9708027037338,76.97194477571888,77.0999984741211,2154300,OEF,2015,12,50,Friday,77.4436,78.66228485107422,-1.99,-1.18,-2.15,-1.99,2.15
2015-12-14,77.06584184169674,77.6719930231772,76.39993661518284,77.65491485595703,2971600,OEF,2015,12,51,Monday,77.1982,77.0999984741211,0.72,-0.04,-0.91,0.72,0.91
2015-12-15,78.27812344761705,78.89280708744627,78.26958436556075,78.45740509033203,1490700,OEF,2015,12,51,Tuesday,78.4745,77.65491485595703,1.03,0.8,0.79,1.03,-0.79
2015-12-16,79.02085147846,79.77213428938516,78.31226407280616,79.60992431640625,3079100,OEF,2015,12,51,Wednesday,79.1788,78.45740509033203,1.47,0.72,-0.18,1.47,0.18
2015-12-17,79.8489758485929,79.8489758485929,78.40617711140548,78.45740509033203,1781000,OEF,2015,12,51,Thursday,79.1404,79.60992431640625,-1.45,0.3,-1.51,-1.45,1.51
2015-12-18,78.05615472882891,78.19274747785991,76.86947631835938,76.86947631835938,2015700,OEF,2015,12,51,Friday,77.497,78.45740509033203,-2.02,-0.51,-2.02,-2.02,2.02
2015-12-21,77.5097427368164,77.6292637916191,76.87798765951514,77.5097427368164,1060600,OEF,2015,12,52,Monday,77.3817,76.86947631835938,0.83,0.83,0.01,0.83,-0.01
2015-12-22,77.93663046290258,78.31227190593845,77.50976755523858,78.18421173095703,1225800,OEF,2015,12,52,Tuesday,77.9857,77.5097427368164,0.87,0.55,0.0,0.87,-0.0
2015-12-23,78.67084330309831,79.09770625480974,78.57693293264886,79.04647827148438,2993300,OEF,2015,12,52,Wednesday,78.848,78.18421173095703,1.1,0.62,0.5,1.1,-0.5
2015-12-24,78.94862783411592,79.13743960604427,78.82847607884872,78.87997436523438,518100,OEF,2015,12,52,Thursday,78.9486,79.04647827148438,-0.21,-0.12,-0.28,-0.21,0.28
2015-12-28,78.54525377283284,78.75981140136719,78.30495027651902,78.75981140136719,714400,OEF,2015,12,53,Monday,78.5925,78.87997436523438,-0.15,-0.42,-0.73,-0.15,0.73
2015-12-29,79.2060994078222,79.78969645229941,79.2060994078222,79.643798828125,1574100,OEF,2015,12,53,Tuesday,79.4614,78.75981140136719,1.12,0.57,0.57,1.12,-0.57
2015-12-30,79.44637953520646,79.54078539312917,79.00010265502627,79.06875610351562,674300,OEF,2015,12,53,Wednesday,79.264,79.643798828125,-0.72,-0.25,-0.81,-0.72,0.81
2015-12-31,78.68257243488027,79.00869766740196,78.23629545628326,78.244873046875,1242500,OEF,2015,12,53,Thursday,78.5431,79.06875610351562,-1.04,-0.49,-1.05,-1.04,1.05
2016-01-04,76.98327100844119,77.05193101792601,76.10787880473588,77.0176010131836,1867800,OEF,2016,1,1,Monday,76.7902,78.244873046875,-1.57,-1.61,-2.73,-1.57,2.73
2016-01-05,77.24074529568763,77.36089704232526,76.62281828567748,77.1463394165039,1547900,OEF,2016,1,1,Tuesday,77.0927,77.0176010131836,0.17,0.29,-0.51,0.17,0.51
2016-01-06,75.97915066155863,76.71722946923862,75.79033889013638,76.2537841796875,1488700,OEF,2016,1,1,Wednesday,76.1851,77.1463394165039,-1.16,-1.51,-1.76,-1.16,1.76
2016-01-07,74.8892042683276,75.68735899121178,74.151125425756,74.22836303710938,1785800,OEF,2016,1,1,Thursday,74.739,76.2537841796875,-2.66,-1.79,-2.76,-2.66,2.76
2016-01-08,74.88921460529161,75.00936638250133,73.3873108423894,73.4988784790039,1888600,OEF,2016,1,1,Friday,74.1962,74.22836303710938,-0.98,0.89,-1.13,-0.98,1.13
2016-01-11,73.9794927255537,74.12539693862618,72.79513657259677,73.73918914794922,2407100,OEF,2016,1,2,Monday,73.6598,73.4988784790039,0.33,0.65,-0.96,0.33,0.96
2016-01-12,74.51158871393989,74.67465464135834,73.43880034467227,74.37427520751953,1546100,OEF,2016,1,2,Tuesday,74.2498,73.73918914794922,0.86,1.05,-0.41,0.86,0.41
2016-01-13,74.79482433702441,74.88064611757409,72.41752107432738,72.54625701904297,1785400,OEF,2016,1,2,Wednesday,73.6598,74.37427520751953,-2.46,0.57,-2.63,-2.46,2.63
2016-01-14,72.82086561209138,74.40001333203216,72.1943609364462,73.8936538696289,1890900,OEF,2016,1,2,Thursday,73.3272,72.54625701904297,1.86,0.38,-0.49,1.86,0.49
2016-01-15,71.79098181823106,72.57196815950546,71.36186657311046,72.19435119628906,2068200,OEF,2016,1,2,Friday,71.9798,73.8936538696289,-2.3,-2.85,-3.43,-2.3,3.43
2016-01-19,72.90669641086726,73.06117820103506,71.6279344825664,72.26302337646484,2190200,OEF,2016,1,3,Tuesday,72.4647,72.19435119628906,0.1,0.99,-0.78,0.1,0.78
2016-01-20,71.07866629686502,71.98838874338038,69.6368384592626,71.37046813964844,3511900,OEF,2016,1,3,Wednesday,71.0186,72.26302337646484,-1.24,-1.64,-3.63,-1.24,3.63
2016-01-21,71.5850462313029,72.52909896079692,70.94995061790189,71.71377563476562,2345600,OEF,2016,1,3,Thursday,71.6945,71.37046813964844,0.48,0.3,-0.59,0.48,0.59
2016-01-22,73.02686018998655,73.2843320651796,72.55483714917499,73.18992614746094,1510400,OEF,2016,1,3,Friday,73.014,71.71377563476562,2.06,1.83,1.17,2.06,-1.17
2016-01-25,72.98393155328607,73.16415919489475,72.0827867974628,72.17719268798828,1037400,OEF,2016,1,4,Monday,72.602,73.18992614746094,-1.38,-0.28,-1.51,-1.38,1.51
2016-01-26,72.460403963946,73.22422861239431,72.2887604769295,73.07833099365234,701900,OEF,2016,1,4,Tuesday,72.7629,72.17719268798828,1.25,0.39,0.15,1.25,-0.15
2016-01-27,72.77796260530344,73.53320322909131,71.8253260486429,72.24585723876953,1470100,OEF,2016,1,4,Wednesday,72.5956,73.07833099365234,-1.14,-0.41,-1.71,-1.14,1.71
2016-01-28,73.15557468799149,73.19848883720748,72.01413296353668,72.89810943603516,1206200,OEF,2016,1,4,Thursday,72.8166,72.24585723876953,0.9,1.26,-0.32,0.9,0.32
2016-01-29,73.15558519345355,74.57166719979847,73.12125517870679,74.5459213256836,1475100,OEF,2016,1,4,Friday,73.8486,72.89810943603516,2.26,0.35,0.31,2.26,-0.31
2016-02-01,74.11677229624047,74.81193677269378,73.84213885079662,74.5201416015625,746200,OEF,2016,2,5,Monday,74.3227,74.5459213256836,-0.03,-0.58,-0.94,-0.03,0.94
2016-02-02,75.48995251743472,75.48995251743472,72.9667528015075,73.19847869873047,1517300,OEF,2016,2,5,Tuesday,74.2863,74.5201416015625,-1.77,1.3,-2.08,-1.77,2.08
2016-02-03,73.65335596643381,73.87649777440296,72.01413878870981,73.52462005615234,2836900,OEF,2016,2,5,Wednesday,73.2672,73.19847869873047,0.45,0.62,-1.62,0.45,1.62
2016-02-04,73.28430677810186,74.022385581344,72.93243565438662,73.54177856445312,1743500,OEF,2016,2,5,Thursday,73.4452,73.52462005615234,0.02,-0.33,-0.81,0.02,0.81
2016-02-05,73.34438804991021,73.43020980241323,71.92830621638028,72.22010803222656,1526000,OEF,2016,2,5,Friday,72.7308,73.54177856445312,-1.8,-0.27,-2.19,-1.8,2.19
2016-02-08,71.2760519968842,71.91972492925422,70.61521078622772,71.61933898925781,2290800,OEF,2016,2,6,Monday,71.3576,72.22010803222656,-0.83,-1.31,-2.22,-0.83,2.22
2016-02-09,70.69245694432175,72.21152222669795,70.69245694432175,71.55926513671875,2286500,OEF,2016,2,6,Tuesday,71.2889,71.61933898925781,-0.08,-1.29,-1.29,-0.08,1.29
2016-02-10,72.00557153741664,72.65782883412304,71.38764426135604,71.46488189697266,1690400,OEF,2016,2,6,Wednesday,71.879,71.55926513671875,-0.13,0.62,-0.24,-0.13,0.24
2016-02-11,70.26334154100289,71.07865799144771,69.90287971288616,70.65812683105469,2797500,OEF,2016,2,6,Thursday,70.4758,71.46488189697266,-1.13,-1.68,-2.19,-1.13,2.19
2016-02-12,71.4476661637396,72.00551711901788,71.07862690542723,71.99693298339844,917600,OEF,2016,2,6,Friday,71.6322,70.65812683105469,1.89,1.12,0.6,1.89,-0.6
2016-02-16,73.0268240172438,73.12981402586283,72.4003194712024,73.08690643310547,757900,OEF,2016,2,7,Tuesday,72.911,71.99693298339844,1.51,1.43,0.56,1.51,-0.56
2016-02-17,73.72201012415762,74.41717481745744,73.54178248321989,74.22836303710938,931700,OEF,2016,2,7,Wednesday,73.9773,73.08690643310547,1.56,0.87,0.62,1.56,-0.62
2016-02-18,74.40857880100876,74.45149294343062,73.75632836109243,73.87648010253906,1022600,OEF,2016,2,7,Thursday,74.1232,74.22836303710938,-0.47,0.24,-0.64,-0.47,0.64
2016-02-19,73.50744286835658,73.95371984268205,73.35296111805565,73.85931396484375,797800,OEF,2016,2,7,Friday,73.6684,73.87648010253906,-0.02,-0.5,-0.71,-0.02,0.71
2016-02-22,74.59738771810886,75.00075706955118,74.52872771195302,74.84627532958984,1382400,OEF,2016,2,8,Monday,74.7433,73.85931396484375,1.34,1.0,0.91,1.34,-0.91
2016-02-23,74.58024097356488,74.6660627246119,73.79924797914322,73.8936538696289,815700,OEF,2016,2,8,Tuesday,74.2348,74.84627532958984,-1.27,-0.36,-1.4,-1.27,1.4
2016-02-24,73.1813354815746,74.25412395293908,72.60632243239074,74.13397216796875,1183300,OEF,2016,2,8,Wednesday,73.5439,73.8936538696289,0.33,-0.96,-1.74,0.33,1.74
2016-02-25,74.33134525660186,75.00076400911385,73.98805174183748,74.99217987060547,1787300,OEF,2016,2,8,Thursday,74.5781,74.13397216796875,1.16,0.27,-0.2,1.16,0.2
2016-02-26,75.39555849477267,75.45563437613185,74.70039378936214,74.74330139160156,806100,OEF,2016,2,8,Friday,75.0737,74.99217987060547,-0.33,0.54,-0.39,-0.33,0.39
2016-02-29,74.72610830140374,75.18955342645239,74.08243560791016,74.08243560791016,790600,OEF,2016,2,9,Monday,74.5201,74.74330139160156,-0.88,-0.02,-0.88,-0.88,0.88
2016-03-01,74.65750303054324,75.97917938232422,74.51160535121352,75.97917938232422,794500,OEF,2016,3,9,Tuesday,75.2819,74.08243560791016,2.56,0.78,0.58,2.56,-0.58
2016-03-02,75.75600781884647,76.27095138741922,75.64444020447142,76.26236724853516,1175900,OEF,2016,3,9,Wednesday,75.9834,75.97917938232422,0.37,-0.29,-0.44,0.37,0.44
2016-03-03,76.21087801604223,76.40826738240828,75.824670326917,76.39110565185547,711800,OEF,2016,3,9,Thursday,76.2087,76.26236724853516,0.17,-0.07,-0.57,0.17,0.57
2016-03-04,76.47695406118706,76.94898366319234,76.1250762582773,76.6056900024414,1048000,OEF,2016,3,9,Friday,76.5392,76.39110565185547,0.28,0.11,-0.35,0.28,0.35
2016-03-07,76.21945382941128,76.74297499408566,76.12504794412379,76.54558563232422,1102300,OEF,2016,3,10,Monday,76.4083,76.6056900024414,-0.08,-0.5,-0.63,-0.08,0.63
2016-03-08,76.05638633124647,76.47691742663484,75.83324457648212,75.92765045166016,732100,OEF,2016,3,10,Tuesday,76.0735,76.54558563232422,-0.81,-0.64,-0.93,-0.81,0.93
2016-03-09,76.27952897852383,76.39968073178294,75.91907371874647,76.26236724853516,664100,OEF,2016,3,10,Wednesday,76.2152,75.92765045166016,0.44,0.46,-0.01,0.44,0.01
2016-03-10,76.50267182858234,76.8631270934178,75.45562949453493,76.2537841796875,1561900,OEF,2016,3,10,Thursday,76.2688,76.26236724853516,-0.01,0.32,-1.06,-0.01,1.06
2016-03-11,76.89745347172864,77.39522874602095,76.82879345849261,77.37806701660156,1288100,OEF,2016,3,10,Friday,77.1249,76.2537841796875,1.47,0.84,0.75,1.47,-0.75
2016-03-14,77.11201632141109,77.50680160256952,77.02619457294703,77.29224395751953,1892400,OEF,2016,3,11,Monday,77.2343,77.37806701660156,-0.11,-0.34,-0.45,-0.11,0.45
2016-03-15,76.82021135883957,77.31798005613693,76.81162722074409,77.30940246582031,690100,OEF,2016,3,11,Tuesday,77.0648,77.29224395751953,0.02,-0.61,-0.62,0.02,0.62
2016-03-16,77.12060247792209,77.82435131018362,77.05194245824295,77.66128540039062,935800,OEF,2016,3,11,Wednesday,77.4145,77.30940246582031,0.46,-0.24,-0.33,0.46,0.33
2016-03-17,77.62696628150631,78.34788349372124,77.42099274135094,78.11615753173828,1127800,OEF,2016,3,11,Thursday,77.878,77.66128540039062,0.59,-0.04,-0.31,0.59,0.31
2016-03-18,78.40794682251284,78.51093684998328,78.13331329703807,78.33928680419922,499300,OEF,2016,3,11,Friday,78.3479,78.11615753173828,0.29,0.37,0.02,0.29,-0.02
2016-03-21,78.17622790373981,78.63109565499767,78.1676503115167,78.53668975830078,439400,OEF,2016,3,12,Monday,78.3779,78.33928680419922,0.25,-0.21,-0.22,0.25,0.22
2016-03-22,78.1590573877331,78.77698444292965,78.1590573877331,78.49376678466797,594800,OEF,2016,3,12,Tuesday,78.3972,78.53668975830078,-0.05,-0.48,-0.48,-0.05,0.48
2016-03-23,78.29618883998947,78.46872077540623,77.9597469587568,78.08052062988281,535700,OEF,2016,3,12,Wednesday,78.2013,78.49376678466797,-0.53,-0.25,-0.68,-0.53,0.68
2016-03-24,77.63194169674418,78.06327819824219,77.50253942996024,78.06327819824219,616200,OEF,2016,3,12,Thursday,77.8153,78.08052062988281,-0.02,-0.57,-0.74,-0.02,0.74
2016-03-28,78.23586287196208,78.27899259853548,77.88216357300665,78.03744506835938,465600,OEF,2016,3,13,Monday,78.1086,78.06327819824219,-0.03,0.22,-0.23,-0.03,0.23
2016-03-29,77.82175264871594,78.72756218871801,77.69235034561929,78.7016830444336,679300,OEF,2016,3,13,Tuesday,78.2358,78.03744506835938,0.85,-0.28,-0.44,0.85,0.44
2016-03-30,79.14165572188871,79.41771094609413,78.95186652118329,79.09852600097656,505300,OEF,2016,3,13,Wednesday,79.1524,78.7016830444336,0.5,0.56,0.32,0.5,-0.32
2016-03-31,79.05535993500067,79.23652049064862,78.76205424919156,78.82244110107422,713300,OEF,2016,3,13,Thursday,78.9691,79.09852600097656,-0.35,-0.05,-0.43,-0.35,0.43
2016-04-01,78.33935257270699,79.46945896025173,78.28759428592645,79.41769409179688,624900,OEF,2016,4,13,Friday,78.8785,78.82244110107422,0.76,-0.61,-0.68,0.76,0.68
2016-04-04,79.40903443247768,79.426284992664,79.04670685185332,79.20198822021484,301200,OEF,2016,4,14,Monday,79.271,79.41769409179688,-0.27,-0.01,-0.47,-0.27,0.47
2016-04-05,78.59815996444712,78.87421513988207,78.36523450230463,78.50326538085938,542800,OEF,2016,4,14,Tuesday,78.5852,79.20198822021484,-0.88,-0.76,-1.06,-0.88,1.06
2016-04-06,78.50325601279296,79.39180829701282,78.4514977303487,79.34867858886719,1670000,OEF,2016,4,14,Wednesday,78.9238,78.50326538085938,1.08,-0.0,-0.07,1.08,0.07
2016-04-07,78.84833593158332,78.95185250874083,78.09780783881872,78.43424987792969,699000,OEF,2016,4,14,Thursday,78.5831,79.34867858886719,-1.15,-0.63,-1.58,-1.15,1.58
2016-04-08,78.90008641500829,79.11575470498425,78.33072555194215,78.56364440917969,664700,OEF,2016,4,14,Friday,78.7276,78.43424987792969,0.16,0.59,-0.13,0.16,0.13
2016-04-11,78.76207013060039,79.12439131495394,78.34798407585738,78.37386322021484,421800,OEF,2016,4,15,Monday,78.6521,78.56364440917969,-0.24,0.25,-0.27,-0.24,0.27
2016-04-12,78.40837684883454,79.23654243905722,78.28760311161507,79.12439727783203,432300,OEF,2016,4,15,Tuesday,78.7642,78.37386322021484,0.96,0.04,-0.11,0.96,0.11
2016-04-13,79.59021635985977,79.92665831827745,79.52982951044308,79.8835220336914,772200,OEF,2016,4,15,Wednesday,79.7326,79.12439727783203,0.96,0.59,0.51,0.96,-0.51
2016-04-14,79.90079406998967,80.21997894138497,79.83177863445991,80.038818359375,421500,OEF,2016,4,15,Thursday,79.9978,79.8835220336914,0.19,0.02,-0.06,0.19,0.06
2016-04-15,80.03019777049762,80.05608349765998,79.71101286725178,79.84903717041016,475600,OEF,2016,4,15,Friday,79.9116,80.038818359375,-0.24,-0.01,-0.41,-0.24,0.41
2016-04-18,79.57296559152108,80.44426727294922,79.57296559152108,80.44426727294922,405500,OEF,2016,4,16,Monday,80.0086,79.84903717041016,0.75,-0.35,-0.35,0.75,0.35
2016-04-19,80.59093487760343,80.79798120011431,80.34938741634879,80.72896575927734,630700,OEF,2016,4,16,Tuesday,80.6168,80.44426727294922,0.35,0.18,-0.12,0.35,0.12
2016-04-20,80.70306304050085,81.1257709742208,80.61679047381809,80.80657958984375,525200,OEF,2016,4,16,Wednesday,80.8131,80.72896575927734,0.1,-0.03,-0.14,0.1,0.14
2016-04-21,80.8065958935127,80.89286189592787,80.35800873194935,80.53916931152344,627000,OEF,2016,4,16,Thursday,80.6492,80.80657958984375,-0.33,0.0,-0.56,-0.33,0.56
2016-04-22,80.15959912660297,80.39252459657109,79.84041422715188,80.2544937133789,394200,OEF,2016,4,16,Friday,80.1618,80.53916931152344,-0.35,-0.47,-0.87,-0.35,0.87
2016-04-25,79.93530878336985,80.21998596191406,79.75414160383066,80.21998596191406,389700,OEF,2016,4,17,Monday,80.0324,80.2544937133789,-0.04,-0.4,-0.62,-0.04,0.62
2016-04-26,80.35799434121664,80.43563175498454,79.91802925151312,80.13369750976562,281400,OEF,2016,4,17,Tuesday,80.2113,80.21998596191406,-0.11,0.17,-0.38,-0.11,0.38
2016-04-27,79.84902957256091,80.31487389203441,79.66786898971135,80.15097045898438,444400,OEF,2016,4,17,Wednesday,79.9957,80.13369750976562,0.02,-0.36,-0.58,0.02,0.58
2016-04-28,79.90940992117949,80.37525420268835,79.28829079417469,79.45219421386719,581600,OEF,2016,4,17,Thursday,79.7563,80.15097045898438,-0.87,-0.3,-1.08,-0.87,1.08
2016-04-29,79.3745733282652,79.43496019687493,78.66718147526196,79.12439727783203,1142200,OEF,2016,4,17,Friday,79.1503,79.45219421386719,-0.41,-0.1,-0.99,-0.41,0.99
2016-05-02,79.33142710445478,79.8317791427198,79.184774239276,79.75413513183594,995100,OEF,2016,5,18,Monday,79.5255,79.12439727783203,0.8,0.26,0.08,0.8,-0.08
2016-05-03,79.24517098583138,79.3659447230063,78.805205753737,79.08988952636719,703300,OEF,2016,5,18,Tuesday,79.1266,79.75413513183594,-0.83,-0.64,-1.19,-0.83,1.19
2016-05-04,78.65853854756446,78.93459369393752,78.45149883320315,78.64990997314453,1046800,OEF,2016,5,18,Wednesday,78.6736,79.08988952636719,-0.56,-0.55,-0.81,-0.56,0.81
2016-05-05,78.83104806197582,78.97770745858946,78.43421931360143,78.59812927246094,508800,OEF,2016,5,18,Thursday,78.7103,78.64990997314453,-0.07,0.23,-0.27,-0.07,0.27
2016-05-06,78.32208114224586,78.93457817214156,78.24443715108222,78.90869903564453,591500,OEF,2016,5,18,Friday,78.6024,78.59812927246094,0.4,-0.35,-0.45,0.4,0.45
2016-05-09,78.83107770498421,79.19340546511373,78.81382713625159,78.96910858154297,349200,OEF,2016,5,19,Monday,78.9519,78.90869903564453,0.08,-0.1,-0.12,0.08,0.12
2016-05-10,79.2882822321164,80.02155299947212,79.2882822321164,79.98704528808594,410700,OEF,2016,5,19,Tuesday,79.6463,78.96910858154297,1.29,0.4,0.4,1.29,-0.4
2016-05-11,79.74551504675928,79.96980534651453,79.27104214021087,79.27967071533203,1038200,OEF,2016,5,19,Wednesday,79.5665,79.98704528808594,-0.88,-0.3,-0.9,-0.88,0.9
2016-05-12,79.61609695651117,79.61609695651117,78.89144816856239,79.33141326904297,809200,OEF,2016,5,19,Thursday,79.3638,79.27967071533203,0.07,0.42,-0.49,0.07,0.49
2016-05-13,79.12439048423387,79.4263248013585,78.50326469947778,78.61540985107422,521600,OEF,2016,5,19,Friday,78.9173,79.33141326904297,-0.9,-0.26,-1.04,-0.9,1.04
2016-05-16,78.63265830057738,79.5729688672415,78.63265830057738,79.34867858886719,587200,OEF,2016,5,20,Monday,79.0467,78.61540985107422,0.93,0.02,0.02,0.93,-0.02
2016-05-17,79.23652893151117,79.33142350624611,78.33072605677859,78.54639434814453,804200,OEF,2016,5,20,Tuesday,78.8613,79.34867858886719,-1.01,-0.14,-1.28,-1.01,1.28
2016-05-18,78.365234391974,79.13301963492333,78.16682323142408,78.66717529296875,546800,OEF,2016,5,20,Wednesday,78.5831,78.54639434814453,0.15,-0.23,-0.48,0.15,0.48
2016-05-19,78.33933335597833,78.44285648581936,77.83035944302345,78.3307113647461,426500,OEF,2016,5,20,Thursday,78.2358,78.66717529296875,-0.43,-0.42,-1.06,-0.43,1.06
2016-05-20,78.63265193317699,79.11574674800076,78.63265193317699,78.78793334960938,253700,OEF,2016,5,20,Friday,78.7922,78.3307113647461,0.58,0.39,0.39,0.58,-0.39
2016-05-23,78.78794083716798,78.90008597793165,78.59815168997267,78.64990997314453,233600,OEF,2016,5,21,Monday,78.734,78.78793334960938,-0.18,0.0,-0.24,-0.18,0.24
2016-05-24,78.9604931889529,79.81453798980274,78.9604931889529,79.676513671875,254000,OEF,2016,5,21,Tuesday,79.353,78.64990997314453,1.31,0.39,0.39,1.31,-0.39
2016-05-25,79.91805901980146,80.47879801645949,79.91805901980146,80.28038024902344,278300,OEF,2016,5,21,Wednesday,80.1488,79.676513671875,0.76,0.3,0.3,0.76,-0.3
2016-05-26,80.33211509255732,80.4097525062182,80.17683368356265,80.26309967041016,227700,OEF,2016,5,21,Thursday,80.2955,80.28038024902344,-0.02,0.06,-0.13,-0.02,0.13
2016-05-27,80.31487243990472,80.56504845408058,80.31487243990472,80.53916931152344,519000,OEF,2016,5,21,Friday,80.4335,80.26309967041016,0.34,0.06,0.06,0.34,-0.06
2016-05-31,80.69442080648984,80.72029993944442,80.11643156493238,80.42699432373047,985000,OEF,2016,5,22,Tuesday,80.4895,80.53916931152344,-0.14,0.19,-0.52,-0.14,0.52
2016-06-01,80.07333987609802,80.55643484470922,80.01295300502161,80.49604797363281,299800,OEF,2016,6,22,Wednesday,80.2847,80.42699432373047,0.09,-0.44,-0.51,0.09,0.51
2016-06-02,80.32350111673466,80.64269256591797,80.03881738489609,80.64269256591797,155000,OEF,2016,6,22,Thursday,80.4119,80.49604797363281,0.18,-0.21,-0.57,0.18,0.57
2016-06-03,80.3925321347075,80.57369274962798,79.90080858515891,80.45291900634766,440900,OEF,2016,6,22,Friday,80.33,80.64269256591797,-0.24,-0.31,-0.92,-0.24,0.92
2016-06-06,80.54778951027299,81.00500519903518,80.53916093642651,80.81521606445312,277800,OEF,2016,6,23,Monday,80.7268,80.45291900634766,0.45,0.12,0.11,0.45,-0.11
2016-06-07,80.94464156750965,81.14305275118657,80.84111839667257,80.8583755493164,545400,OEF,2016,6,23,Tuesday,80.9468,80.81521606445312,0.05,0.16,0.03,0.05,-0.03
2016-06-08,80.93600428840834,81.17755174604675,80.88424599939285,81.12579345703125,195200,OEF,2016,6,23,Wednesday,81.0309,80.8583755493164,0.33,0.1,0.03,0.33,-0.03
2016-06-09,80.77206451888081,81.06537673919308,80.6685479789712,81.01361846923828,357700,OEF,2016,6,23,Thursday,80.8799,81.12579345703125,-0.14,-0.44,-0.56,-0.14,0.56
2016-06-10,80.39250922646717,80.64268521816622,80.14233323476812,80.41838836669922,365900,OEF,2016,6,23,Friday,80.399,81.01361846923828,-0.73,-0.77,-1.08,-0.73,1.08
2016-06-13,80.219979757506,80.43564805947496,79.75413543545213,79.79727172851562,419800,OEF,2016,6,24,Monday,80.0518,80.41838836669922,-0.77,-0.25,-0.83,-0.77,0.83
2016-06-14,79.52983820176888,79.86628019695422,79.26240505512061,79.68511962890625,250400,OEF,2016,6,24,Tuesday,79.5859,79.79727172851562,-0.14,-0.34,-0.67,-0.14,0.67
2016-06-15,79.86629582259394,80.10784329391608,79.40045145004056,79.4608383178711,467900,OEF,2016,6,24,Wednesday,79.7089,79.68511962890625,-0.28,0.23,-0.36,-0.28,0.36
2016-06-16,79.11575134429914,79.87490132336472,78.71892249740075,79.85765075683594,680700,OEF,2016,6,24,Thursday,79.3918,79.4608383178711,0.5,-0.43,-0.93,0.5,0.93
2016-06-17,79.83176553314308,79.83176553314308,79.11574531579598,79.37454986572266,572900,OEF,2016,6,24,Friday,79.5385,79.85765075683594,-0.6,-0.03,-0.93,-0.6,0.93
2016-06-20,80.19409267453251,80.46151923636106,79.76275611330007,79.78863525390625,293800,OEF,2016,6,25,Monday,80.0518,79.37454986572266,0.52,1.03,0.49,0.52,-0.49
2016-06-21,80.0046281481272,80.20413722313188,79.8311348023683,80.0479965209961,475600,OEF,2016,6,25,Tuesday,80.022,79.78863525390625,0.33,0.27,0.05,0.33,-0.05
2016-06-22,80.14341182586615,80.490391880323,79.8831751305,79.93522644042969,578500,OEF,2016,6,25,Wednesday,80.1131,80.0479965209961,-0.14,0.12,-0.21,-0.14,0.21
2016-06-23,80.62919617723,80.94147762735335,80.31691472710664,80.93280792236328,535600,OEF,2016,6,25,Thursday,80.7051,79.93522644042969,1.25,0.87,0.48,1.25,-0.48
2016-06-24,78.27843212773172,79.51888186710698,77.96615061165843,78.15699005126953,1887500,OEF,2016,6,25,Friday,78.4801,80.93280792236328,-3.43,-3.28,-3.67,-3.43,3.67
2016-06-27,77.54109682648894,77.54109682648894,76.65630368404861,77.0206298828125,1186400,OEF,2016,6,26,Monday,77.1898,78.15699005126953,-1.45,-0.79,-1.92,-1.45,1.92
2016-06-28,77.90543349015111,78.33915710449219,77.56712960041285,78.33915710449219,801400,OEF,2016,6,26,Tuesday,78.0377,77.0206298828125,1.71,1.15,0.71,1.71,-0.71
2016-06-29,78.98971313604946,79.67499698590424,78.90296976907555,79.57090759277344,720700,OEF,2016,6,26,Wednesday,79.2846,78.33915710449219,1.57,0.83,0.72,1.57,-0.72
2016-06-30,79.79643560244759,80.5858154296875,79.59692652876994,80.5858154296875,959100,OEF,2016,6,26,Thursday,80.1412,79.57090759277344,1.28,0.28,0.03,1.28,-0.03
2016-07-01,80.60318256980003,80.9414864077832,80.5511378618322,80.72462463378906,609800,OEF,2016,7,26,Friday,80.7051,80.5858154296875,0.17,0.02,-0.04,0.17,0.04
2016-07-05,80.37765390524189,80.42969861503268,80.03934343731267,80.28223419189453,372300,OEF,2016,7,27,Tuesday,80.2822,80.72462463378906,-0.55,-0.43,-0.85,-0.55,0.85
2016-07-06,80.0740479877693,80.84607545738936,79.82248750850817,80.82005310058594,1054500,OEF,2016,7,27,Wednesday,80.3907,80.28223419189453,0.67,-0.26,-0.57,0.67,0.57
2016-07-07,80.92412931864754,81.12363841732319,80.42968480623605,80.7419662475586,821300,OEF,2016,7,27,Thursday,80.8049,80.82005310058594,-0.1,0.13,-0.48,-0.1,0.48
2016-07-08,81.28845608682019,81.95639397071861,81.22773506265628,81.90434265136719,641900,OEF,2016,7,27,Friday,81.5942,80.7419662475586,1.44,0.68,0.6,1.44,-0.6
2016-07-11,82.10384502574382,82.44214876511646,82.01710166504981,82.16456604003906,405900,OEF,2016,7,28,Monday,82.1819,81.90434265136719,0.32,0.24,0.14,0.32,-0.14
2016-07-12,82.5028787567379,82.7804615120197,82.44215773583547,82.65901947021484,378800,OEF,2016,7,28,Tuesday,82.5961,82.16456604003906,0.6,0.41,0.34,0.6,-0.34
2016-07-13,82.78046744864153,82.78914377170551,82.48553202732485,82.6677017211914,398400,OEF,2016,7,28,Wednesday,82.6807,82.65901947021484,0.01,0.15,-0.21,0.01,0.21
2016-07-14,83.15346104271225,83.34430042116632,82.96262166425818,83.1361083984375,498700,OEF,2016,7,28,Thursday,83.1491,82.6677017211914,0.57,0.59,0.36,0.57,-0.36
2016-07-15,83.37900661466435,83.44839734374018,82.8151647505657,83.04070281982422,593700,OEF,2016,7,28,Friday,83.1708,83.1361083984375,-0.11,0.29,-0.39,-0.11,0.39
2016-07-18,83.11878259072053,83.39636540378568,83.02336287828285,83.31829833984375,234600,OEF,2016,7,29,Monday,83.2142,83.04070281982422,0.33,0.09,-0.02,0.33,0.02
2016-07-19,83.19685627275877,83.37034304913837,83.11010626647266,83.31829833984375,2019400,OEF,2016,7,29,Tuesday,83.2489,83.31829833984375,0.0,-0.15,-0.25,0.0,0.25
2016-07-20,83.56986177606866,83.79539990573659,83.45709602028323,83.67395782470703,187800,OEF,2016,7,29,Wednesday,83.6241,83.31829833984375,0.43,0.3,0.17,0.43,-0.17
2016-07-21,83.63056179356506,83.70862884066875,83.17948568331641,83.32695007324219,159400,OEF,2016,7,29,Thursday,83.4614,83.67395782470703,-0.41,-0.05,-0.59,-0.41,0.59
2016-07-22,83.35297245720862,83.64790785527863,83.27490541007222,83.63056182861328,205200,OEF,2016,7,29,Friday,83.4766,83.32695007324219,0.36,0.03,-0.06,0.36,0.06
2016-07-25,83.57852539854561,83.57852539854561,83.15347817954337,83.3963623046875,217500,OEF,2016,7,30,Monday,83.4267,83.63056182861328,-0.28,-0.06,-0.57,-0.28,0.57
2016-07-26,83.30092013616827,83.50043582408377,82.97996903651823,83.19683074951172,329300,OEF,2016,7,30,Tuesday,83.2445,83.3963623046875,-0.24,-0.11,-0.5,-0.24,0.5
2016-07-27,83.50045833750472,83.56117936879076,83.05805847065159,83.3963623046875,515500,OEF,2016,7,30,Wednesday,83.379,83.19683074951172,0.24,0.36,-0.17,0.24,0.17
2016-07-28,83.37901015978463,83.54382059370438,83.06672870233223,83.42237854003906,241700,OEF,2016,7,30,Thursday,83.353,83.3963623046875,0.03,-0.02,-0.4,0.03,0.4
2016-07-29,83.35297245720862,83.80404856764632,83.31828040387792,83.63056182861328,641800,OEF,2016,7,30,Friday,83.5265,83.42237854003906,0.25,-0.08,-0.12,0.25,0.12
2016-08-01,83.64792040327148,83.882128197909,83.41371260863399,83.63924407958984,391000,OEF,2016,8,31,Monday,83.6458,83.63056182861328,0.01,0.02,-0.26,0.01,0.26
2016-08-02,83.53514367413507,83.62188704524804,82.84985979158103,83.22286224365234,495200,OEF,2016,8,31,Tuesday,83.3074,83.63924407958984,-0.5,-0.12,-0.94,-0.5,0.94
2016-08-03,83.16215450346881,83.3963623046875,83.14480185561791,83.3963623046875,245100,OEF,2016,8,31,Wednesday,83.2749,83.22286224365234,0.21,-0.07,-0.09,0.21,0.09
2016-08-04,83.43104112037072,83.56115947589174,83.23152542615921,83.4483871459961,184400,OEF,2016,8,31,Thursday,83.418,83.3963623046875,0.06,0.04,-0.2,0.06,0.2
2016-08-05,83.72597639564745,84.11633149257598,83.68260801916317,84.0903091430664,670000,OEF,2016,8,31,Friday,83.9038,83.4483871459961,0.77,0.33,0.28,0.77,-0.28
2016-08-08,84.14235232544188,84.18572731923933,83.89946824360383,84.06428527832031,182900,OEF,2016,8,32,Monday,84.073,84.0903091430664,-0.03,0.06,-0.23,-0.03,0.23
2016-08-09,84.08164517370561,84.35922797274814,84.01224781942099,84.1336898803711,351000,OEF,2016,8,32,Tuesday,84.1467,84.06428527832031,0.08,0.02,-0.06,0.08,0.06
2016-08-10,84.15102957614552,84.2551189734559,83.76935080442095,83.89079284667969,834700,OEF,2016,8,32,Wednesday,84.0166,84.1336898803711,-0.29,0.02,-0.43,-0.29,0.43
2016-08-11,84.09029789719969,84.36788061833741,84.02957688376627,84.2724609375,303500,OEF,2016,8,32,Thursday,84.1901,83.89079284667969,0.45,0.24,0.17,0.45,-0.17
2016-08-12,84.15103149414062,84.21175251665397,83.98621445384939,84.15103149414062,292500,OEF,2016,8,32,Friday,84.125,84.2724609375,-0.14,-0.14,-0.34,-0.14,0.34
2016-08-15,84.28114332687161,84.50667475409391,84.28114332687161,84.37655639648438,239200,OEF,2016,8,33,Monday,84.3614,84.15103149414062,0.27,0.15,0.15,0.27,-0.15
2016-08-16,84.20308458745772,84.24645958704598,84.01224517822266,84.01224517822266,252100,OEF,2016,8,33,Tuesday,84.1185,84.37655639648438,-0.43,-0.21,-0.43,-0.43,0.43
2016-08-17,83.9775411527133,84.24645422045803,83.6999583800798,84.20307922363281,425400,OEF,2016,8,33,Wednesday,84.0318,84.01224517822266,0.23,-0.04,-0.37,0.23,0.37
2016-08-18,84.15101298896636,84.29847735148569,84.02089464988134,84.26377868652344,215900,OEF,2016,8,33,Thursday,84.1835,84.20307922363281,0.07,-0.06,-0.22,0.07,0.22
2016-08-19,84.0989866666493,84.12501563667391,83.78670520730995,84.05561828613281,248900,OEF,2016,8,33,Friday,84.0166,84.26377868652344,-0.25,-0.2,-0.57,-0.25,0.57
2016-08-22,83.99488219375394,84.15969259910943,83.79536650125698,84.02090454101562,478600,OEF,2016,8,34,Monday,83.9927,84.05561828613281,-0.04,-0.07,-0.31,-0.04,0.31
2016-08-23,84.26379127963446,84.43727801227942,84.13367292110343,84.14234924316406,240900,OEF,2016,8,34,Tuesday,84.2443,84.02090454101562,0.14,0.29,0.13,0.14,-0.13
2016-08-24,84.09898306026285,84.15103437998438,83.61321486349739,83.8040542602539,506000,OEF,2016,8,34,Wednesday,83.9168,84.14234924316406,-0.4,-0.05,-0.63,-0.4,0.63
2016-08-25,83.65658720811734,83.85609630342306,83.55249119006973,83.68260955810547,342900,OEF,2016,8,34,Thursday,83.6869,83.8040542602539,-0.14,-0.18,-0.3,-0.14,0.3
2016-08-26,83.75200575916953,84.24645025647371,83.25756126186535,83.58718872070312,948900,OEF,2016,8,34,Friday,83.7108,83.68260955810547,-0.11,0.08,-0.51,-0.11,0.51
2016-08-29,83.69129570204228,84.09032055757473,83.69129570204228,84.00357055664062,221200,OEF,2016,8,35,Monday,83.8691,83.58718872070312,0.5,0.12,0.12,0.5,-0.12
2016-08-30,83.97752112199176,84.03824213220639,83.65657004718318,83.8560791015625,366100,OEF,2016,8,35,Tuesday,83.8821,84.00357055664062,-0.18,-0.03,-0.41,-0.18,0.41
2016-08-31,83.77803247232873,83.77803247232873,83.35297867920778,83.69995880126953,484700,OEF,2016,8,35,Wednesday,83.6523,83.8560791015625,-0.19,-0.09,-0.6,-0.19,0.6
2016-09-01,83.67393304915319,83.8040514168993,83.21418721879937,83.7173080444336,544100,OEF,2016,9,35,Thursday,83.6024,83.69995880126953,0.02,-0.03,-0.58,0.02,0.58
2016-09-02,84.08163912430776,84.2204272047957,83.78670369886572,84.02959442138672,277000,OEF,2016,9,35,Friday,84.0296,83.7173080444336,0.37,0.44,0.08,0.37,-0.08
2016-09-06,84.16836475451032,84.30715942382812,83.86475968799525,84.30715942382812,323500,OEF,2016,9,36,Tuesday,84.1619,84.02959442138672,0.33,0.17,-0.2,0.33,0.2
2016-09-07,84.2724550072874,84.35052203988224,83.98619598491909,84.26377868652344,1663800,OEF,2016,9,36,Wednesday,84.2182,84.30715942382812,-0.05,-0.04,-0.38,-0.05,0.38
2016-09-08,84.09898036243021,84.21175270312976,83.91681729448682,84.1163330078125,254200,OEF,2016,9,36,Thursday,84.086,84.26377868652344,-0.17,-0.2,-0.41,-0.17,0.41
2016-09-09,83.45706614435618,83.54380951145393,82.22529312452191,82.26866149902344,1029600,OEF,2016,9,36,Friday,82.8737,84.1163330078125,-2.2,-0.78,-2.25,-2.2,2.25
2016-09-12,81.9043522581209,83.5525030448653,81.82628519708003,83.3963623046875,1187900,OEF,2016,9,37,Monday,82.6699,82.26866149902344,1.37,-0.44,-0.54,1.37,0.54
2016-09-13,82.8845757766218,82.9192678378375,82.05182070932484,82.31205749511719,1267200,OEF,2016,9,37,Tuesday,82.5419,83.3963623046875,-1.3,-0.61,-1.61,-1.3,1.61
2016-09-14,82.34673157570215,82.91057336442306,82.08649486764807,82.32070922851562,1202100,OEF,2016,9,37,Wednesday,82.4161,82.31205749511719,0.01,0.04,-0.27,0.01,0.27
2016-09-15,82.28603192436975,83.28359740679312,82.16458986057172,83.12745666503906,2337900,OEF,2016,9,37,Thursday,82.7154,82.32070922851562,0.98,-0.04,-0.19,0.98,0.19
2016-09-16,82.90192592342574,82.90192592342574,82.49422469388645,82.76313781738281,1829500,OEF,2016,9,37,Friday,82.7653,83.12745666503906,-0.44,-0.27,-0.76,-0.44,0.76
2016-09-19,83.06672654689423,83.27491197376193,82.56360569870985,82.6677017211914,475100,OEF,2016,9,38,Monday,82.8932,82.76313781738281,-0.12,0.37,-0.24,-0.12,0.24
2016-09-20,83.04938421411138,83.12745789519184,82.7631316984063,82.78915405273438,487700,OEF,2016,9,38,Tuesday,82.9323,82.6677017211914,0.15,0.46,0.12,0.15,-0.12
2016-09-21,83.07540543257795,83.59587898440815,82.70240291675093,83.52648162841797,781700,OEF,2016,9,38,Wednesday,83.225,82.78915405273438,0.89,0.35,-0.1,0.89,0.1
2016-09-22,83.9341611774452,84.16836892089479,83.86476383935108,84.02090454101562,1443700,OEF,2016,9,38,Thursday,83.997,83.52648162841797,0.59,0.49,0.4,0.59,-0.4
2016-09-23,83.899491416622,83.899491416622,83.5351651932381,83.59588623046875,390200,OEF,2016,9,38,Friday,83.7325,84.02090454101562,-0.51,-0.14,-0.58,-0.51,0.58
2016-09-26,83.21387485998657,83.24875885959726,82.75167350866954,82.84760284423828,634300,OEF,2016,9,39,Monday,83.0155,83.59588623046875,-0.9,-0.46,-1.01,-0.9,1.01
2016-09-27,82.75167344453165,83.44934012931942,82.6208601094536,83.39701080322266,440500,OEF,2016,9,39,Tuesday,83.0547,82.84760284423828,0.66,-0.12,-0.27,0.66,0.27
2016-09-28,83.51042653522131,83.82437603243028,83.11798633698717,83.78076934814453,361100,OEF,2016,9,39,Wednesday,83.5584,83.39701080322266,0.46,0.14,-0.33,0.46,0.33
2016-09-29,83.70227280978632,83.83307953623171,82.75170179246554,83.0133285522461,1068200,OEF,2016,9,39,Thursday,83.3251,83.78076934814453,-0.92,-0.09,-1.23,-0.92,1.23
2016-09-30,83.3621501359415,83.93772631000633,83.34471145799006,83.65866088867188,539100,OEF,2016,9,39,Friday,83.5758,83.0133285522461,0.78,0.42,0.4,0.78,-0.4
2016-10-03,83.49293772916853,83.5365443907503,83.20515638443315,83.43189239501953,364800,OEF,2016,10,40,Monday,83.4166,83.65866088867188,-0.27,-0.2,-0.54,-0.27,0.54
2016-10-04,83.56273683127006,83.67610487876276,82.9086765847343,83.17030334472656,659000,OEF,2016,10,40,Tuesday,83.3295,83.43189239501953,-0.31,0.16,-0.63,-0.31,0.63
2016-10-05,83.44935872906176,83.71097880408682,83.4057520565022,83.5452880859375,274400,OEF,2016,10,40,Wednesday,83.5278,83.17030334472656,0.45,0.34,0.28,0.45,-0.28
2016-10-06,83.49297369161494,83.67610977294312,83.2051922229251,83.59762573242188,317600,OEF,2016,10,40,Thursday,83.493,83.5452880859375,0.06,-0.06,-0.41,0.06,0.41
2016-10-07,83.71968280928945,83.75456680887311,83.07434545059844,83.39701080322266,462100,OEF,2016,10,40,Friday,83.4864,83.59762573242188,-0.24,0.15,-0.63,-0.24,0.63
2016-10-10,83.75459501246341,84.01621511727504,83.73714968007573,83.77203369140625,274000,OEF,2016,10,41,Monday,83.82,83.39701080322266,0.45,0.43,0.41,0.45,-0.41
2016-10-11,83.6848269509545,83.7022722833341,82.59472654779997,82.9348373413086,628200,OEF,2016,10,41,Tuesday,83.2292,83.77203369140625,-1.0,-0.1,-1.41,-1.0,1.41
2016-10-12,82.97845912950176,83.23136326750179,82.7691616769468,82.96101379394531,399700,OEF,2016,10,41,Wednesday,82.985,82.9348373413086,0.03,0.05,-0.2,0.03,0.2
2016-10-13,82.47261776906302,82.89993517052997,82.08018437126897,82.70807647705078,556000,OEF,2016,10,41,Thursday,82.5402,82.96101379394531,-0.3,-0.59,-1.06,-0.3,1.06
2016-10-14,83.12668310939661,83.30109648531564,82.70808169236962,82.74296569824219,522000,OEF,2016,10,41,Friday,82.9697,82.70807647705078,0.04,0.51,0.0,0.04,-0.0
2016-10-17,82.6993629271916,82.79529227678586,82.40285221387015,82.49005889892578,274800,OEF,2016,10,42,Monday,82.5969,82.74296569824219,-0.31,-0.05,-0.41,-0.31,0.41
2016-10-18,83.0656485996274,83.14413263299723,82.76914449119293,82.91739654541016,358400,OEF,2016,10,42,Tuesday,82.9741,82.49005889892578,0.52,0.7,0.34,0.52,-0.34
2016-10-19,82.98717159026428,83.2139076970422,82.92611957677187,83.02204895019531,291700,OEF,2016,10,42,Wednesday,83.0373,82.91739654541016,0.13,0.08,0.01,0.13,-0.01
2016-10-20,82.9522727750122,83.1790088413317,82.6557620409454,82.94355010986328,374000,OEF,2016,10,42,Thursday,82.9326,83.02204895019531,-0.09,-0.08,-0.44,-0.09,0.44
2016-10-21,82.66448441096733,83.05691784649498,82.59471639691317,82.9958724975586,290900,OEF,2016,10,42,Friday,82.828,82.94355010986328,0.06,-0.34,-0.42,0.06,0.42
2016-10-24,83.38829562653268,83.49294097288652,83.26620495349141,83.42317962646484,310200,OEF,2016,10,43,Monday,83.3927,82.9958724975586,0.51,0.47,0.33,0.51,-0.33
2016-10-25,83.43191520050544,83.56272856756516,83.20517912794249,83.27494049072266,279100,OEF,2016,10,43,Tuesday,83.3687,83.42317962646484,-0.18,0.01,-0.26,-0.18,0.26
2016-10-26,82.91737560298041,83.38829964459217,82.7952849240562,83.14411163330078,329100,OEF,2016,10,43,Wednesday,83.0613,83.27494049072266,-0.16,-0.43,-0.58,-0.16,0.58
2016-10-27,83.47551670116528,83.47551670116528,83.01331526584787,83.05691528320312,413500,OEF,2016,10,43,Thursday,83.2553,83.14411163330078,-0.1,0.4,-0.16,-0.1,0.16
2016-10-28,82.92611226167206,83.18773901219281,82.34182005941298,82.62960815429688,865200,OEF,2016,10,43,Friday,82.7713,83.05691528320312,-0.51,-0.16,-0.86,-0.51,0.86
2016-10-31,82.7255197222065,82.84761040526512,82.47261569202986,82.50749969482422,318500,OEF,2016,10,44,Monday,82.6383,82.62960815429688,-0.15,0.12,-0.19,-0.15,0.19
2016-11-01,82.6296032909662,82.67320996463465,81.4697349672057,82.01914978027344,479300,OEF,2016,11,44,Tuesday,82.1979,82.50749969482422,-0.59,0.15,-1.26,-0.59,1.26
2016-11-02,81.81855554940294,81.9580915604772,81.26914747604529,81.46100616455078,637400,OEF,2016,11,44,Wednesday,81.6267,82.01914978027344,-0.68,-0.24,-0.91,-0.68,0.91
2016-11-03,81.48716461172341,81.57437128882873,80.91158856663104,81.0511245727539,304100,OEF,2016,11,44,Thursday,81.2561,81.46100616455078,-0.5,0.03,-0.67,-0.5,0.67
2016-11-04,81.0075248969819,81.30403560885509,80.79822752318195,80.81566619873047,514600,OEF,2016,11,44,Friday,80.9814,81.0511245727539,-0.29,-0.05,-0.31,-0.29,0.31
2016-11-07,81.90576732293168,82.61215677939647,81.90576732293168,82.56855010986328,515000,OEF,2016,11,45,Monday,82.2481,80.81566619873047,2.17,1.35,1.35,2.17,-1.35
2016-11-08,82.42031104040058,83.23134598577882,82.33310434106365,82.91739654541016,306600,OEF,2016,11,45,Tuesday,82.7255,82.56855010986328,0.42,-0.18,-0.29,0.42,0.29
2016-11-09,82.6906537865966,84.2255169776861,82.54240173241124,83.93772888183594,2228600,OEF,2016,11,45,Wednesday,83.3491,82.91739654541016,1.23,-0.27,-0.45,1.23,0.45
2016-11-10,84.5394382314379,84.61792223862325,83.33596356038942,84.0597915649414,1051200,OEF,2016,11,45,Thursday,84.1383,83.93772888183594,0.15,0.72,-0.72,0.15,0.72
2016-11-11,83.74585521856739,83.94643657933376,83.45806717403264,83.88539123535156,1908000,OEF,2016,11,45,Friday,83.7589,84.0597915649414,-0.21,-0.37,-0.72,-0.21,0.72
2016-11-14,84.0424037704572,84.1208878251558,83.30985265937126,83.6238021850586,608600,OEF,2016,11,46,Monday,83.7742,83.88539123535156,-0.31,0.19,-0.69,-0.31,0.69
2016-11-15,83.7545831230286,84.27782991181888,83.71969911665006,84.26039123535156,622400,OEF,2016,11,46,Tuesday,84.0031,83.6238021850586,0.76,0.16,0.11,0.76,-0.11
2016-11-16,84.0423705061081,84.27782923045474,83.96387982902999,84.20806121826172,219800,OEF,2016,11,46,Wednesday,84.123,84.26039123535156,-0.06,-0.26,-0.35,-0.06,0.35
2016-11-17,84.29526993144333,84.5917739868164,84.17317259008817,84.5917739868164,185600,OEF,2016,11,46,Thursday,84.413,84.20806121826172,0.46,0.1,-0.04,0.46,0.04
2016-11-18,84.6702658536747,84.70514986108886,84.32143908642142,84.38248443603516,197200,OEF,2016,11,46,Friday,84.5198,84.5917739868164,-0.25,0.09,-0.32,-0.25,0.32
2016-11-21,84.38245884108959,85.02779614889693,84.38245884108959,85.01907348632812,542900,OEF,2016,11,47,Monday,84.7029,84.38248443603516,0.75,-0.0,-0.0,0.75,0.0
2016-11-22,85.12376094519948,85.21096764689749,84.81853416253405,85.10631561279297,425600,OEF,2016,11,47,Tuesday,85.0649,85.01907348632812,0.1,0.12,-0.24,0.1,0.24
2016-11-23,84.83596018482027,85.0801415745232,84.73131481977265,85.04525756835938,190500,OEF,2016,11,47,Wednesday,84.9232,85.10631561279297,-0.07,-0.32,-0.44,-0.07,0.44
2016-11-25,85.1847946021054,85.40281465312907,85.1847946021054,85.3853759765625,92400,OEF,2016,11,47,Friday,85.2894,85.04525756835938,0.4,0.16,0.16,0.4,-0.16
2016-11-28,85.21093723394755,85.42895723710066,85.01907856662203,85.08012390136719,156400,OEF,2016,11,48,Monday,85.1848,85.3853759765625,-0.36,-0.2,-0.43,-0.36,0.43
2016-11-29,85.04526301166096,85.4115417731028,84.9755016483121,85.2109603881836,412100,OEF,2016,11,48,Tuesday,85.1608,85.08012390136719,0.15,-0.04,-0.12,0.15,0.12
2016-11-30,85.55105304037818,85.56849836760507,84.95803833007812,84.95803833007812,270400,OEF,2016,11,48,Wednesday,85.2589,85.2109603881836,-0.3,0.4,-0.3,-0.3,0.3
2016-12-01,85.14119751271728,85.15864284469117,84.58306665155752,84.74876403808594,704800,OEF,2016,12,48,Thursday,84.9079,84.95803833007812,-0.25,0.22,-0.44,-0.25,0.44
2016-12-02,84.80105406530168,84.92314472831588,84.58303407371316,84.73129272460938,233900,OEF,2016,12,48,Friday,84.7596,84.74876403808594,-0.02,0.06,-0.2,-0.02,0.2
2016-12-05,85.08886462544186,85.34176868119404,84.96677393003651,85.14990997314453,279100,OEF,2016,12,49,Monday,85.1368,84.73129272460938,0.49,0.42,0.28,0.49,-0.28
2016-12-06,85.32432594416215,85.4289779663086,85.09758987634436,85.4289779663086,216000,OEF,2016,12,49,Tuesday,85.32,85.14990997314453,0.33,0.2,-0.06,0.33,0.06
2016-12-07,85.37666818102345,86.50165263864965,85.25457746346201,86.45804595947266,1525200,OEF,2016,12,49,Wednesday,85.8977,85.4289779663086,1.2,-0.06,-0.2,1.2,0.2
2016-12-08,86.43188760771926,86.83304378695392,86.40572626068477,86.65863037109375,357300,OEF,2016,12,49,Thursday,86.5823,86.45804595947266,0.23,-0.03,-0.06,0.23,0.06
2016-12-09,86.8155822770982,87.3737130452151,86.71965292756778,87.33882904052734,374100,OEF,2016,12,49,Friday,87.0619,86.65863037109375,0.78,0.18,0.07,0.78,-0.07
2016-12-12,87.22546929972928,87.6004640975379,87.22546929972928,87.39116668701172,432400,OEF,2016,12,50,Monday,87.3606,87.33882904052734,0.06,-0.13,-0.13,0.06,0.13
2016-12-13,87.72254478703049,88.30684358206183,87.67894476876747,88.10626220703125,287800,OEF,2016,12,50,Tuesday,87.9536,87.39116668701172,0.82,0.38,0.33,0.82,-0.33
2016-12-14,87.94058505358113,88.306863881162,87.3126927493971,87.51326751708984,697400,OEF,2016,12,50,Wednesday,87.7684,88.10626220703125,-0.67,-0.19,-0.9,-0.67,0.9
2016-12-15,87.65278054578259,88.2545113442062,87.64405788103913,87.8795166015625,1168700,OEF,2016,12,50,Thursday,87.8577,87.51326751708984,0.42,0.16,0.15,0.42,-0.15
2016-12-16,88.09752433879297,88.16729234010651,87.53067762508809,87.73997497558594,567400,OEF,2016,12,50,Friday,87.8839,87.8795166015625,-0.16,0.25,-0.4,-0.16,0.4
2016-12-19,87.76613416680023,88.09752218477281,87.69636616719254,87.90567016601562,259700,OEF,2016,12,51,Monday,87.8664,87.73997497558594,0.19,0.03,-0.05,0.19,0.05
2016-12-20,88.11500019422809,88.28941360449654,88.0713935149384,88.26325225830078,508400,OEF,2016,12,51,Tuesday,88.1848,87.90567016601562,0.41,0.24,0.19,0.41,-0.19
2016-12-21,88.14135289556863,88.26412411580444,88.00103910642504,88.03611755371094,233700,OEF,2016,12,51,Wednesday,88.1107,88.26325225830078,-0.26,-0.14,-0.3,-0.26,0.3
2016-12-22,87.9396296044152,87.95717216855695,87.73793695048032,87.91332244873047,227700,OEF,2016,12,51,Thursday,87.887,88.03611755371094,-0.14,-0.11,-0.34,-0.14,0.34
2016-12-23,87.86074265697849,87.95720672607422,87.78181446838629,87.95720672607422,401900,OEF,2016,12,51,Friday,87.8892,87.91332244873047,0.05,-0.06,-0.15,0.05,0.15
2016-12-27,88.05366925896257,88.33429017583694,87.96596978638337,88.07120513916016,303300,OEF,2016,12,52,Tuesday,88.1063,87.95720672607422,0.13,0.11,0.01,0.13,-0.01
2016-12-28,88.17644220244028,88.22028524904997,87.46611526584576,87.48365783691406,210400,OEF,2016,12,52,Wednesday,87.8366,88.07120513916016,-0.67,0.12,-0.69,-0.67,0.69
2016-12-29,87.5713669143923,87.65028842729238,87.27320336552896,87.45736694335938,789700,OEF,2016,12,52,Thursday,87.4881,87.48365783691406,-0.03,0.1,-0.24,-0.03,0.24
2016-12-30,87.49239496557514,87.6151728529182,86.79961750806194,87.08023834228516,597300,OEF,2016,12,52,Friday,87.2469,87.45736694335938,-0.43,0.04,-0.75,-0.43,0.75
2017-01-03,87.6239319086977,87.95717372802035,87.30823265382783,87.77301025390625,777500,OEF,2017,1,1,Tuesday,87.6656,87.08023834228516,0.8,0.62,0.26,0.8,-0.26
2017-01-04,87.97471720365452,88.2114883200018,87.89579572838163,88.09748840332031,268200,OEF,2017,1,1,Wednesday,88.0449,87.77301025390625,0.37,0.23,0.14,0.37,-0.14
2017-01-05,88.0098123951324,88.21150510845735,87.81688427593124,88.13258361816406,414900,OEF,2017,1,1,Thursday,88.0427,88.09748840332031,0.04,-0.1,-0.32,0.04,0.32
2017-01-06,88.19397879314776,88.72891347601941,87.99227936742132,88.52721405029297,351000,OEF,2017,1,1,Friday,88.3606,88.13258361816406,0.45,0.07,-0.16,0.45,0.16
2017-01-09,88.43949277289867,88.5184209368519,88.31672157610782,88.32549285888672,200800,OEF,2017,1,2,Monday,88.4,88.52721405029297,-0.23,-0.1,-0.24,-0.23,0.24
2017-01-10,88.34303182119847,88.64995982390167,88.09748941903591,88.22026062011719,528200,OEF,2017,1,2,Tuesday,88.3277,88.32549285888672,-0.12,0.02,-0.26,-0.12,0.26
2017-01-11,88.21149236701501,88.45704146814062,87.86948591075118,88.43949890136719,276500,OEF,2017,1,2,Wednesday,88.2444,88.22026062011719,0.25,-0.01,-0.4,0.25,0.4
2017-01-12,88.26409559701443,88.3254811872982,87.694082721221,88.28163146972656,236600,OEF,2017,1,2,Thursday,88.1413,88.43949890136719,-0.18,-0.2,-0.84,-0.18,0.84
2017-01-13,88.30796252236594,88.59735467938921,88.29919792890173,88.40442657470703,474600,OEF,2017,1,2,Friday,88.4022,88.28163146972656,0.14,0.03,0.02,0.14,-0.02
2017-01-17,88.13259477992409,88.22905885174158,87.90458818376176,88.11505889892578,191000,OEF,2017,1,3,Tuesday,88.0953,88.40442657470703,-0.33,-0.31,-0.57,-0.33,0.57
2017-01-18,88.15888113290518,88.24657389825443,87.98349560220667,88.18518829345703,255200,OEF,2017,1,3,Wednesday,88.1435,88.11505889892578,0.08,0.05,-0.15,0.08,0.15
2017-01-19,88.20274364867063,88.22905081303657,87.69411616916227,87.8782730102539,644000,OEF,2017,1,3,Thursday,88.001,88.18518829345703,-0.35,0.02,-0.56,-0.35,0.56
2017-01-20,88.17642060610054,88.36934200688744,87.92210691214142,88.14134216308594,365200,OEF,2017,1,3,Friday,88.1523,87.8782730102539,0.3,0.34,0.05,0.3,-0.05
2017-01-23,88.03611403263167,88.1413493702804,87.5976434948895,87.90457153320312,1063100,OEF,2017,1,4,Monday,87.9199,88.14134216308594,-0.27,-0.12,-0.62,-0.27,0.62
2017-01-24,87.88702087879638,88.48334097748568,87.78178555884121,88.29041290283203,834800,OEF,2017,1,4,Tuesday,88.1106,87.90457153320312,0.44,-0.02,-0.14,0.44,0.14
2017-01-25,88.68507015370183,89.07969774809594,88.59737736290238,89.0270767211914,703300,OEF,2017,1,4,Wednesday,88.8473,88.29041290283203,0.83,0.45,0.35,0.83,-0.35
2017-01-26,88.99200495729649,89.09723363004339,88.9218480484445,89.0270767211914,296300,OEF,2017,1,4,Thursday,89.0095,89.0270767211914,0.0,-0.04,-0.12,0.0,0.12
2017-01-27,89.08844146058377,89.09721274476695,88.87797747389374,88.97444152832031,217200,OEF,2017,1,4,Friday,89.0095,89.0270767211914,-0.06,0.07,-0.17,-0.06,0.17
2017-01-30,88.67626041433061,88.69379628735084,88.04486193715974,88.46578979492188,346900,OEF,2017,1,5,Monday,88.4702,88.97444152832031,-0.57,-0.34,-1.04,-0.57,1.04
2017-01-31,88.09750616206712,88.27289840446578,87.86073499799136,88.25535583496094,743200,OEF,2017,1,5,Tuesday,88.1216,88.46578979492188,-0.24,-0.42,-0.68,-0.24,0.68
2017-02-01,88.69380848095703,88.73765820532755,88.22025955797547,88.42195892333984,508400,OEF,2017,2,5,Wednesday,88.5184,88.25535583496094,0.19,0.5,-0.04,0.19,0.04
2017-02-02,88.33428039947916,88.53597310681609,88.15011687986939,88.44828033447266,463100,OEF,2017,2,5,Thursday,88.3672,88.42195892333984,0.03,-0.1,-0.31,0.03,0.31
2017-02-03,88.79904629603168,89.14105274602389,88.7288894112823,89.05335998535156,289400,OEF,2017,2,5,Friday,88.9306,88.44828033447266,0.68,0.4,0.32,0.68,-0.32
2017-02-06,88.93935286842643,89.07089535395006,88.8341242324305,88.99197387695312,162200,OEF,2017,2,6,Monday,88.9591,89.05335998535156,-0.07,-0.13,-0.25,-0.07,0.25
2017-02-07,89.16736350677795,89.25505627099233,88.93935696739736,89.00951385498047,232400,OEF,2017,2,6,Tuesday,89.0928,88.99197387695312,0.02,0.2,-0.06,0.02,0.06
2017-02-08,89.00954083924395,89.07969774809594,88.76399834879308,89.0270767211914,223600,OEF,2017,2,6,Wednesday,88.9701,89.00951385498047,0.02,0.0,-0.28,0.02,0.28
2017-02-09,89.15857695374584,89.64089711011545,89.1410410801178,89.48304748535156,1005500,OEF,2017,2,6,Thursday,89.3559,89.0270767211914,0.51,0.15,0.13,0.51,-0.13
2017-02-10,89.67597553633018,89.93028919233518,89.5532043493661,89.8075180053711,860400,OEF,2017,2,6,Friday,89.7417,89.48304748535156,0.36,0.22,0.08,0.36,-0.08
2017-02-13,90.02676293061974,90.46523341434839,90.02676293061974,90.35122680664062,567400,OEF,2017,2,7,Monday,90.2175,89.8075180053711,0.61,0.24,0.24,0.61,-0.24
2017-02-14,90.24600471568192,90.85108947753906,90.19338370425979,90.85108947753906,375500,OEF,2017,2,7,Tuesday,90.5354,90.35122680664062,0.55,-0.12,-0.17,0.55,0.17
2017-02-15,90.78093652539144,91.40357057209081,90.77217193188199,91.36849212646484,441200,OEF,2017,2,7,Wednesday,91.0813,90.85108947753906,0.57,-0.08,-0.09,0.57,0.09
2017-02-16,91.33339590749704,91.42985994156437,91.02646793115919,91.35970306396484,496800,OEF,2017,2,7,Thursday,91.2874,91.36849212646484,-0.01,-0.04,-0.37,-0.01,0.37
2017-02-17,91.09663182516405,91.47371673583984,91.07909594838968,91.47371673583984,544100,OEF,2017,2,7,Friday,91.2808,91.35970306396484,0.12,-0.29,-0.31,0.12,0.31
2017-02-21,91.66663006311762,92.07879335146103,91.64032290693025,92.00863647460938,530100,OEF,2017,2,8,Tuesday,91.8486,91.47371673583984,0.58,0.21,0.18,0.58,-0.18
2017-02-22,91.77188160381738,92.09634550819797,91.77188160381738,91.98234558105469,329200,OEF,2017,2,8,Wednesday,91.9056,92.00863647460938,-0.03,-0.26,-0.26,-0.03,0.26
2017-02-23,92.23665366850888,92.28926798698113,91.85956877489056,92.2278823852539,428500,OEF,2017,2,8,Thursday,92.1533,91.98234558105469,0.27,0.28,-0.13,0.27,0.13
2017-02-24,91.83324944558653,92.29802703857422,91.79817100774414,92.29802703857422,397800,OEF,2017,2,8,Friday,92.0569,92.2278823852539,0.08,-0.43,-0.47,0.08,0.47
2017-02-27,92.19280495437319,92.43835405450524,92.12265475915005,92.35065460205078,401500,OEF,2017,2,9,Monday,92.2761,92.29802703857422,0.06,-0.11,-0.19,0.06,0.19
2017-02-28,92.2366673483085,92.34190269138945,91.99989618953859,92.21913146972656,505800,OEF,2017,2,9,Tuesday,92.1994,92.35065460205078,-0.14,-0.12,-0.38,-0.14,0.38
2017-03-01,92.90313812401098,93.70115101027996,92.90313812401098,93.49945831298828,667500,OEF,2017,3,9,Wednesday,93.2517,92.21913146972656,1.39,0.74,0.74,1.39,-0.74
2017-03-02,93.42929796591515,93.42929796591515,92.99082745172775,93.04344177246094,378100,OEF,2017,3,9,Thursday,93.2232,93.49945831298828,-0.49,-0.08,-0.54,-0.49,0.54
2017-03-03,93.00836987450435,93.15745494462297,92.85052021066608,93.0960693359375,678200,OEF,2017,3,9,Friday,93.0281,93.04344177246094,0.06,-0.04,-0.21,0.06,0.21
2017-03-06,92.78035585819038,93.0171269725727,92.59619236969147,92.89435577392578,346700,OEF,2017,3,10,Monday,92.822,93.0960693359375,-0.22,-0.34,-0.54,-0.22,0.54
2017-03-07,92.68392030981114,92.89438433068645,92.57868495410818,92.64884185791016,295600,OEF,2017,3,10,Tuesday,92.7015,92.89435577392578,-0.26,-0.23,-0.34,-0.26,0.34
2017-03-08,92.78911637987397,92.9031229811364,92.49973096177517,92.5523452758789,357500,OEF,2017,3,10,Wednesday,92.6861,92.64884185791016,-0.1,0.15,-0.16,-0.1,0.16
2017-03-09,92.62253064157129,92.81545208279506,92.33313844394017,92.75406646728516,411700,OEF,2017,3,10,Thursday,92.6313,92.5523452758789,0.22,0.08,-0.24,0.22,0.24
2017-03-10,93.16623943731913,93.16623943731913,92.67515446294668,93.02593231201172,337600,OEF,2017,3,10,Friday,93.0084,92.75406646728516,0.29,0.44,-0.09,0.29,0.09
2017-03-13,92.97327775771473,93.06097720625299,92.8241994000454,92.95574188232422,330400,OEF,2017,3,11,Monday,92.9535,93.02593231201172,-0.08,-0.06,-0.22,-0.08,0.22
2017-03-14,92.75406086030814,92.81544647210728,92.47343996486491,92.70144653320312,1139400,OEF,2017,3,11,Tuesday,92.6861,92.95574188232422,-0.27,-0.22,-0.52,-0.27,0.52
2017-03-15,92.88558546197662,93.50821274463122,92.81542857900828,93.34159851074219,702900,OEF,2017,3,11,Wednesday,93.1377,92.70144653320312,0.69,0.2,0.12,0.69,-0.12
2017-03-16,93.47313638738568,93.49067895378322,93.08728690351349,93.2626724243164,353800,OEF,2017,3,11,Thursday,93.3284,93.34159851074219,-0.08,0.14,-0.27,-0.08,0.27
2017-03-17,93.4030173289137,93.4030173289137,93.00838973976641,93.02593231201172,537500,OEF,2017,3,11,Friday,93.2101,93.2626724243164,-0.25,0.15,-0.27,-0.25,0.27
2017-03-20,93.0171269725727,93.1311268883081,92.75404200945586,92.89435577392578,324600,OEF,2017,3,12,Monday,92.9492,93.02593231201172,-0.14,-0.01,-0.29,-0.14,0.29
2017-03-21,93.13111555638031,93.23635086692802,91.74555409873793,91.8420181274414,864800,OEF,2017,3,12,Tuesday,92.4888,92.89435577392578,-1.13,0.25,-1.24,-1.13,1.24
2017-03-22,91.76310572314694,92.0612691422817,91.50002074688267,91.9034194946289,705800,OEF,2017,3,12,Wednesday,91.807,91.8420181274414,0.07,-0.09,-0.37,0.07,0.37
2017-03-23,91.80694838810432,92.22787628911715,91.60524902974474,91.7894058227539,715200,OEF,2017,3,12,Thursday,91.8574,91.9034194946289,-0.12,-0.1,-0.32,-0.12,0.32
2017-03-24,91.91805462710114,92.11190129391265,91.31889525804016,91.65371704101562,867800,OEF,2017,3,12,Friday,91.7506,91.7894058227539,-0.15,0.14,-0.51,-0.15,0.51
2017-03-27,90.87832993253126,91.67133590589386,90.77259356195508,91.55679321289062,520700,OEF,2017,3,13,Monday,91.2198,91.65371704101562,-0.11,-0.85,-0.96,-0.11,0.96
2017-03-28,91.45105062102618,92.40265772432477,91.36294034606514,92.1911849975586,516600,OEF,2017,3,13,Tuesday,91.852,91.55679321289062,0.69,-0.12,-0.21,0.69,0.21
2017-03-29,92.09427507478442,92.34099329190025,91.98854541840456,92.25287628173828,272700,OEF,2017,3,13,Wednesday,92.1692,92.1911849975586,0.07,-0.11,-0.22,0.07,0.22
2017-03-30,92.22644534711708,92.62295173205442,92.12071568904112,92.54364776611328,411500,OEF,2017,3,13,Thursday,92.3784,92.25287628173828,0.32,-0.03,-0.14,0.32,0.14
2017-03-31,92.42910357967816,92.570078695646,92.24406995862932,92.25287628173828,456100,OEF,2017,3,13,Friday,92.374,92.54364776611328,-0.31,-0.12,-0.32,-0.31,0.32
2017-04-03,92.25288700981108,92.38505581803986,91.64492124777442,92.23526763916016,771100,OEF,2017,4,14,Monday,92.1295,92.25287628173828,-0.02,0.0,-0.66,-0.02,0.66
2017-04-04,92.03260653704018,92.4026805390628,91.9356831939372,92.39386749267578,387200,OEF,2017,4,14,Tuesday,92.1912,92.23526763916016,0.17,-0.22,-0.32,0.17,0.32
2017-04-05,92.68464339912418,93.05471070222806,92.00617995438192,92.05905151367188,739200,OEF,2017,4,14,Wednesday,92.4511,92.39386749267578,-0.36,0.31,-0.42,-0.36,0.42
2017-04-06,92.1295166015625,92.42028658896291,91.91805057544573,92.1295166015625,337500,OEF,2017,4,14,Thursday,92.1493,92.05905151367188,0.08,0.08,-0.15,0.08,0.15
2017-04-07,92.06786003138673,92.36744313321566,91.84758090918926,92.04142761230469,402200,OEF,2017,4,14,Friday,92.0811,92.1295166015625,-0.1,-0.07,-0.31,-0.1,0.31
2017-04-10,92.08549485657794,92.42031673400476,91.84758961751244,92.03262329101562,400000,OEF,2017,4,15,Monday,92.0965,92.04142761230469,-0.01,0.05,-0.21,-0.01,0.21
2017-04-11,91.90044588627256,91.99736923088697,91.24841489116012,91.8387680053711,473600,OEF,2017,4,15,Tuesday,91.7462,92.03262329101562,-0.21,-0.14,-0.85,-0.21,0.85
2017-04-12,91.75064457153975,91.8387615858552,91.45106823449723,91.62728881835938,804200,OEF,2017,4,15,Wednesday,91.6669,91.8387680053711,-0.23,-0.1,-0.42,-0.23,0.42
2017-04-13,91.4510855922145,91.72422956575977,90.96646881103516,90.96646881103516,637200,OEF,2017,4,15,Thursday,91.2771,91.62728881835938,-0.72,-0.19,-0.72,-0.72,0.72
2017-04-17,91.10742521211881,91.75944938074164,91.10742521211881,91.73301696777344,416200,OEF,2017,4,16,Monday,91.4268,90.96646881103516,0.84,0.15,0.15,0.84,-0.15
2017-04-18,91.4775108824644,91.73303546331643,91.23961239540087,91.51275634765625,417100,OEF,2017,4,16,Tuesday,91.4907,91.73301696777344,-0.24,-0.28,-0.54,-0.24,0.54
2017-04-19,91.77709142568378,91.85638867837358,91.12506042132685,91.23079681396484,445400,OEF,2017,4,16,Wednesday,91.4973,91.51275634765625,-0.31,0.29,-0.42,-0.31,0.42
2017-04-20,91.44225432213473,92.12071768058246,91.33652466177301,91.8828125,1133200,OEF,2017,4,16,Thursday,91.6956,91.23079681396484,0.71,0.23,0.12,0.71,-0.12
2017-04-21,91.82116374060611,91.91808710826174,91.42466394375049,91.59207153320312,440800,OEF,2017,4,16,Friday,91.689,91.8828125,-0.32,-0.07,-0.5,-0.32,0.5
2017-04-24,92.51718719536791,92.70222076307279,92.42026389003934,92.57886505126953,624900,OEF,2017,4,17,Monday,92.5546,91.59207153320312,1.08,1.01,0.9,1.08,-0.9
2017-04-25,92.94895849334853,93.36308423834451,92.94895849334853,93.20448303222656,406200,OEF,2017,4,17,Tuesday,93.1164,92.57886505126953,0.68,0.4,0.4,0.68,-0.4
2017-04-26,93.21331085786315,93.54813269169853,93.10757446289062,93.10757446289062,753400,OEF,2017,4,17,Wednesday,93.2441,93.20448303222656,-0.1,0.01,-0.1,-0.1,0.1
2017-04-27,93.23972849162877,93.33665182438885,92.99301699819729,93.20448303222656,255700,OEF,2017,4,17,Thursday,93.1935,93.10757446289062,0.1,0.14,-0.12,0.1,0.12
2017-04-28,93.42477286501578,93.42477286501578,93.10757041626947,93.18687438964844,443900,OEF,2017,4,17,Friday,93.286,93.20448303222656,-0.02,0.24,-0.1,-0.02,0.1
2017-05-01,93.34546929490126,93.64504563044554,93.26616532689086,93.42476654052734,359200,OEF,2017,5,18,Monday,93.4204,93.18687438964844,0.26,0.17,0.09,0.26,-0.09
2017-05-02,93.46881322328798,93.55692350363209,93.31021202971517,93.45118713378906,476400,OEF,2017,5,18,Tuesday,93.4468,93.42476654052734,0.03,0.05,-0.12,0.03,0.12
2017-05-03,93.24854068177756,93.55693004573827,93.14280430454075,93.46000671386719,631700,OEF,2017,5,18,Wednesday,93.3521,93.45118713378906,0.01,-0.22,-0.33,0.01,0.33
2017-05-04,93.58337244190008,93.61861790473863,93.1956790730609,93.4952621459961,545900,OEF,2017,5,18,Thursday,93.4732,93.46000671386719,0.04,0.13,-0.28,0.04,0.28
2017-05-05,93.65386139203513,93.75959777832031,93.40714987975421,93.75959777832031,386600,OEF,2017,5,18,Friday,93.6451,93.4952621459961,0.28,0.17,-0.09,0.28,0.09
2017-05-08,93.80367435064127,93.89178466796875,93.63626004204865,93.89178466796875,231500,OEF,2017,5,19,Monday,93.8059,93.75959777832031,0.14,0.05,-0.13,0.14,0.13
2017-05-09,93.97105602740066,94.05916631413149,93.53931091675085,93.70671844482422,418200,OEF,2017,5,19,Tuesday,93.8191,93.89178466796875,-0.2,0.08,-0.38,-0.2,0.38
2017-05-10,93.60978933304607,93.64503479003906,93.39832331347164,93.64503479003906,197600,OEF,2017,5,19,Wednesday,93.5745,93.70671844482422,-0.07,-0.1,-0.33,-0.07,0.33
2017-05-11,93.46882553795754,93.53050341456293,93.05469977115663,93.52169036865234,311100,OEF,2017,5,19,Thursday,93.3939,93.64503479003906,-0.13,-0.19,-0.63,-0.13,0.63
2017-05-12,93.42477541221864,93.46883392333984,93.28380027692373,93.46883392333984,184300,OEF,2017,5,19,Friday,93.4116,93.52169036865234,-0.06,-0.1,-0.25,-0.06,0.25
2017-05-15,93.64505444647295,93.89176597482603,93.55694414668758,93.8653335571289,291700,OEF,2017,5,20,Monday,93.7398,93.46883392333984,0.42,0.19,0.09,0.42,-0.09
2017-05-16,93.97106651111152,94.0591768076722,93.71554194541622,93.83889770507812,1339200,OEF,2017,5,20,Tuesday,93.8962,93.8653335571289,-0.03,0.11,-0.16,-0.03,0.16
2017-05-17,93.09877851416064,93.2485667152766,92.07668008267001,92.14717102050781,960800,OEF,2017,5,20,Wednesday,92.6428,93.83889770507812,-1.8,-0.79,-1.88,-1.8,1.88
2017-05-18,91.97972467821977,92.85202788230023,91.97972467821977,92.45552825927734,781000,OEF,2017,5,20,Thursday,92.3168,92.14717102050781,0.33,-0.18,-0.18,0.33,0.18
2017-05-19,92.67582538000707,93.2926041854226,92.66701233353406,92.98421478271484,355000,OEF,2017,5,20,Friday,92.9049,92.45552825927734,0.57,0.24,0.23,0.57,-0.23
2017-05-22,93.23973943233942,93.47763790823925,93.16044218116775,93.43358612060547,210500,OEF,2017,5,21,Monday,93.3279,92.98421478271484,0.48,0.27,0.19,0.48,-0.19
2017-05-23,93.6009918832087,93.75959309351954,93.52168791686118,93.68910217285156,452100,OEF,2017,5,21,Tuesday,93.6428,93.43358612060547,0.27,0.18,0.09,0.27,-0.09
2017-05-24,93.8300675583241,93.92699088359215,93.61860154064087,93.90055847167969,221700,OEF,2017,5,21,Wednesday,93.8191,93.68910217285156,0.23,0.15,-0.08,0.23,0.08
2017-05-25,94.05917689379342,94.42043784912316,94.01511838428038,94.28826904296875,471000,OEF,2017,5,21,Thursday,94.1958,93.90055847167969,0.41,0.17,0.12,0.41,-0.12
2017-05-26,94.24418565652068,94.34110897395747,94.1825077929139,94.29705047607422,156000,OEF,2017,5,21,Friday,94.2662,94.28826904296875,0.01,-0.05,-0.11,0.01,0.11
2017-05-30,94.1648946083299,94.36754757817626,94.12083610755458,94.2618179321289,217300,OEF,2017,5,22,Tuesday,94.2288,94.29705047607422,-0.04,-0.14,-0.19,-0.04,0.19
2017-05-31,94.35873386878593,94.35873386878593,93.90055638691403,94.11202239990234,469900,OEF,2017,5,22,Wednesday,94.1825,94.2618179321289,-0.16,0.1,-0.38,-0.16,0.38
2017-06-01,94.34113614467881,94.74644889688162,94.13847640738497,94.72001647949219,273900,OEF,2017,6,22,Thursday,94.4865,94.11202239990234,0.65,0.24,0.03,0.65,-0.03
2017-06-02,94.808137402067,95.16939840656381,94.71121404585496,95.09890747070312,430300,OEF,2017,6,22,Friday,94.9469,94.72001647949219,0.4,0.09,-0.01,0.4,0.01
2017-06-05,95.0724666619581,95.2310678924582,95.03722119713753,95.15176391601562,134600,OEF,2017,6,23,Monday,95.1231,95.09890747070312,0.06,-0.03,-0.06,0.06,0.06
2017-06-06,94.87861867140276,95.222253545731,94.87861867140276,94.91386413574219,188500,OEF,2017,6,23,Tuesday,94.9733,95.15176391601562,-0.25,-0.29,-0.29,-0.25,0.29
2017-06-07,95.07245326310132,95.16937659710196,94.73762475568674,95.09007263183594,255400,OEF,2017,6,23,Wednesday,95.0174,94.91386413574219,0.19,0.17,-0.19,0.19,0.19
2017-06-08,95.0636562346655,95.31036777282274,94.85219016230005,95.03722381591797,554300,OEF,2017,6,23,Thursday,95.0659,95.09007263183594,-0.06,-0.03,-0.25,-0.06,0.25
2017-06-09,95.22223403416531,95.53062338096343,94.21776203466082,94.94027709960938,729400,OEF,2017,6,23,Friday,94.9777,95.03722381591797,-0.1,0.19,-0.86,-0.1,0.86
2017-06-12,94.79048426133527,94.94027240488978,94.46446884090783,94.86978149414062,308700,OEF,2017,6,24,Monday,94.7663,94.94027709960938,-0.07,-0.16,-0.5,-0.07,0.5
2017-06-13,95.12530259180745,95.27509072998929,94.93145595539188,95.2398452758789,251100,OEF,2017,6,24,Tuesday,95.1429,94.86978149414062,0.39,0.27,0.07,0.39,-0.07
2017-06-14,95.37204193080187,95.37204193080187,94.79050857392333,95.16057586669922,390500,OEF,2017,6,24,Wednesday,95.1738,95.2398452758789,-0.08,0.14,-0.47,-0.08,0.47
2017-06-15,94.57902956104199,95.04602689200307,94.40280897295503,95.00196838378906,234600,OEF,2017,6,24,Thursday,94.7575,95.16057586669922,-0.17,-0.61,-0.8,-0.17,0.8
2017-06-16,95.09007523761237,95.09007523761237,94.5878391851117,94.97553253173828,322000,OEF,2017,6,24,Friday,94.9359,95.00196838378906,-0.03,0.09,-0.44,-0.03,0.44
2017-06-19,95.36324764401796,95.83904466771168,95.33680850058091,95.83023834228516,390300,OEF,2017,6,25,Monday,95.5923,94.97553253173828,0.9,0.41,0.38,0.9,-0.38
2017-06-20,95.68042306178307,95.70686219959485,95.2398648783015,95.26630401611328,312600,OEF,2017,6,25,Tuesday,95.4734,95.83023834228516,-0.59,-0.16,-0.62,-0.59,0.62
2017-06-21,95.32796227234635,95.42488559055413,95.04600536184635,95.2398452758789,323900,OEF,2017,6,25,Wednesday,95.2597,95.26630401611328,-0.03,0.06,-0.23,-0.03,0.23
2017-06-22,95.31917289448907,95.45134169962269,95.14295230256738,95.18700408935547,147000,OEF,2017,6,25,Thursday,95.2751,95.2398452758789,-0.06,0.08,-0.1,-0.06,0.1
2017-06-23,95.2486847924026,95.45134452926659,95.08127724182962,95.31917572021484,186900,OEF,2017,6,25,Friday,95.2751,95.18700408935547,0.14,0.06,-0.11,0.14,0.11
2017-06-26,95.61875207983957,95.80379244594293,95.26631088554811,95.31917572021484,233300,OEF,2017,6,26,Monday,95.502,95.31917572021484,0.0,0.31,-0.06,0.0,0.06
2017-06-27,95.22174748330264,95.30145670310269,94.53096577647229,94.55753326416016,273300,OEF,2017,6,26,Tuesday,94.9029,95.31917572021484,-0.8,-0.1,-0.83,-0.8,0.83
2017-06-28,94.89406454098531,95.42543451874484,94.86749705560771,95.36344146728516,243700,OEF,2017,6,26,Wednesday,95.1376,94.55753326416016,0.85,0.36,0.33,0.85,-0.33
2017-06-29,95.39886922627225,95.39886922627225,94.04387338698102,94.5398178100586,478400,OEF,2017,6,26,Thursday,94.8454,95.36344146728516,-0.86,0.04,-1.38,-0.86,1.38
2017-06-30,94.89407319769,95.00920123040743,94.61067539991625,94.67266845703125,435100,OEF,2017,6,26,Friday,94.7967,94.5398178100586,0.14,0.37,0.07,0.14,-0.07
2017-07-03,95.02691075107558,95.34573409587742,94.87635040283203,94.87635040283203,329700,OEF,2017,7,27,Monday,95.0313,94.67266845703125,0.22,0.37,0.22,0.22,-0.22
2017-07-05,95.11547622575767,95.23060425640217,94.69923423973597,95.1509017944336,671400,OEF,2017,7,27,Wednesday,95.0491,94.87635040283203,0.29,0.25,-0.19,0.29,0.19
2017-07-06,94.89408176860438,94.89408176860438,94.22986748663571,94.31842803955078,309300,OEF,2017,7,27,Thursday,94.5841,95.1509017944336,-0.87,-0.27,-0.97,-0.87,0.97
2017-07-07,94.46895709576143,94.87634093865145,94.44238961246745,94.79663848876953,343400,OEF,2017,7,27,Friday,94.6461,94.31842803955078,0.51,0.16,0.13,0.51,-0.13
2017-07-10,94.75237653746203,95.08005800548743,94.74352521216122,94.92950439453125,209700,OEF,2017,7,28,Monday,94.8764,94.79663848876953,0.14,-0.05,-0.06,0.14,0.06
2017-07-11,94.8674933824027,94.97376331979838,94.32726534485595,94.84977722167969,522700,OEF,2017,7,28,Tuesday,94.7546,94.92950439453125,-0.08,-0.07,-0.63,-0.08,0.63
2017-07-12,95.27487058101582,95.59369388438586,95.27487058101582,95.51398468017578,355400,OEF,2017,7,28,Wednesday,95.4144,94.84977722167969,0.7,0.45,0.45,0.7,-0.45
2017-07-13,95.53170467492298,95.75310938022217,95.40771858049425,95.69111633300781,202500,OEF,2017,7,28,Thursday,95.5959,95.51398468017578,0.19,0.02,-0.11,0.19,0.11
2017-07-14,95.6734170621319,96.28449631878742,95.61142400397385,96.10736846923828,357500,OEF,2017,7,28,Friday,95.9192,95.69111633300781,0.43,-0.02,-0.08,0.43,0.08
2017-07-17,96.098512677443,96.23135686924581,95.98337789140362,96.07194519042969,347600,OEF,2017,7,29,Monday,96.0963,96.10736846923828,-0.04,-0.01,-0.13,-0.04,0.13
2017-07-18,95.88596605529106,96.2047894354917,95.73541244706765,96.19593811035156,296300,OEF,2017,7,29,Tuesday,96.0055,96.07194519042969,0.13,-0.19,-0.35,0.13,0.35
2017-07-19,96.35535603172853,96.66532135009766,96.31993045866675,96.66532135009766,246700,OEF,2017,7,29,Wednesday,96.5015,96.19593811035156,0.49,0.17,0.13,0.49,-0.13
2017-07-20,96.78927998566301,96.8955566746618,96.48816607853408,96.73614501953125,428600,OEF,2017,7,29,Thursday,96.7273,96.66532135009766,0.07,0.13,-0.18,0.07,0.18
2017-07-21,96.3110643754502,96.55017852783203,96.27563880533128,96.55017852783203,242500,OEF,2017,7,29,Friday,96.4218,96.73614501953125,-0.19,-0.44,-0.48,-0.19,0.48
2017-07-24,96.55017975526556,96.6210308964041,96.31992368167039,96.54132843017578,290300,OEF,2017,7,30,Monday,96.5081,96.55017852783203,-0.01,0.0,-0.24,-0.01,0.24
2017-07-25,96.83359152811725,96.92215884568168,96.70960539161229,96.78045654296875,208100,OEF,2017,7,30,Tuesday,96.8115,96.54132843017578,0.25,0.3,0.17,0.25,-0.17
2017-07-26,96.97526473225449,96.99297413641085,96.75386001825392,96.86898803710938,333400,OEF,2017,7,30,Wednesday,96.8978,96.78045654296875,0.09,0.2,-0.03,0.09,0.03
2017-07-27,97.10813295934639,97.27639598907436,96.31993252285739,96.9664306640625,1015900,OEF,2017,7,30,Thursday,96.9177,96.86898803710938,0.1,0.25,-0.57,0.1,0.57
2017-07-28,96.603309525963,96.77157251940814,96.39075612887038,96.70957946777344,296100,OEF,2017,7,30,Friday,96.6188,96.9664306640625,-0.26,-0.37,-0.59,-0.26,0.59
2017-07-31,96.89558384041774,96.93986073902931,96.60332793128534,96.67417907714844,185600,OEF,2017,7,31,Monday,96.7782,96.70957946777344,-0.04,0.19,-0.11,-0.04,0.11
2017-08-01,96.97525787353516,97.04610899862085,96.80698814064043,96.97525787353516,501500,OEF,2017,8,31,Tuesday,96.9509,96.67417907714844,0.31,0.31,0.14,0.31,-0.14
2017-08-02,97.2586868411912,97.2586868411912,96.79816789375899,97.18783569335938,361800,OEF,2017,8,31,Wednesday,97.1258,96.97525787353516,0.22,0.29,-0.18,0.22,0.18
2017-08-03,97.17897721441335,97.22325411099617,96.95757246128876,97.07270050048828,527500,OEF,2017,8,31,Thursday,97.1081,97.18783569335938,-0.12,-0.01,-0.24,-0.12,0.24
2017-08-04,97.32953181155325,97.44465985191984,97.0815595666179,97.2763900756836,237500,OEF,2017,8,31,Friday,97.283,97.07270050048828,0.21,0.26,0.01,0.21,-0.01
2017-08-07,97.2940967263896,97.45350840493734,97.24981307695111,97.42694091796875,171900,OEF,2017,8,32,Monday,97.3561,97.2763900756836,0.15,0.02,-0.03,0.15,0.03
2017-08-08,97.29411351489235,97.86976727324266,97.10813431728455,97.2852554321289,416900,OEF,2017,8,32,Tuesday,97.3893,97.42694091796875,-0.15,-0.14,-0.33,-0.15,0.33
2017-08-09,96.87786544150366,97.31181687561785,96.77158872515983,97.26753997802734,437800,OEF,2017,8,32,Wednesday,97.0572,97.2852554321289,-0.02,-0.42,-0.53,-0.02,0.53
2017-08-10,96.93098644570445,96.95756068851166,95.9656650825261,96.00994873046875,488500,OEF,2017,8,32,Thursday,96.466,97.26753997802734,-1.29,-0.35,-1.34,-1.29,1.34
2017-08-11,96.10738072093,96.41735280797185,96.00111075438988,96.1605224609375,332800,OEF,2017,8,32,Friday,96.1716,96.00994873046875,0.16,0.1,-0.01,0.16,0.01
2017-08-14,96.74498328695186,97.15236707136769,96.70955772873296,97.03723907470703,386800,OEF,2017,8,33,Monday,96.911,96.1605224609375,0.91,0.61,0.57,0.91,-0.57
2017-08-15,97.32950594032627,97.37378282558865,96.98411515429818,97.0992431640625,380300,OEF,2017,8,33,Tuesday,97.1967,97.03723907470703,0.06,0.3,-0.05,0.06,0.05
2017-08-16,97.24095575887061,97.48892796427492,97.01069295810838,97.17896270751953,449700,OEF,2017,8,33,Wednesday,97.2299,97.0992431640625,0.08,0.15,-0.09,0.08,0.09
2017-08-17,96.91328784911502,96.99299031621761,95.72655487060547,95.72655487060547,690600,OEF,2017,8,33,Thursday,96.3398,97.17896270751953,-1.49,-0.27,-1.49,-1.49,1.49
2017-08-18,95.63798069899725,96.09850629911581,95.35458292843806,95.47856903076172,504200,OEF,2017,8,33,Friday,95.6424,95.72655487060547,-0.26,-0.09,-0.39,-0.26,0.39
2017-08-21,95.44315911342701,95.6999894408454,95.15090997102543,95.59371948242188,269900,OEF,2017,8,34,Monday,95.4719,95.47856903076172,0.12,-0.04,-0.34,0.12,0.34
2017-08-22,95.80626182554488,96.62988774978372,95.80626182554488,96.55017852783203,363700,OEF,2017,8,34,Tuesday,96.1981,95.59371948242188,1.0,0.22,0.22,1.0,-0.22
2017-08-23,96.1605132491023,96.40848548959094,96.11622959612782,96.17822265625,309500,OEF,2017,8,34,Wednesday,96.2159,96.55017852783203,-0.39,-0.4,-0.45,-0.39,0.45
2017-08-24,96.33764331857466,96.37306889290574,95.80627321708347,95.93911743164062,272500,OEF,2017,8,34,Thursday,96.114,96.17822265625,-0.25,0.17,-0.39,-0.25,0.39
2017-08-25,96.28451089248352,96.57676682092324,96.08081552385467,96.1250991821289,319600,OEF,2017,8,34,Friday,96.2668,95.93911743164062,0.19,0.36,0.15,0.19,-0.15
2017-08-28,96.31108019460962,96.42620824885344,96.00997293424679,96.20480346679688,209100,OEF,2017,8,35,Monday,96.238,96.1250991821289,0.08,0.19,-0.12,0.08,0.12
2017-08-29,95.58485225475665,96.53246424820814,95.58485225475665,96.39962005615234,454300,OEF,2017,8,35,Tuesday,96.0254,96.20480346679688,0.2,-0.64,-0.64,0.2,0.64
2017-08-30,96.46162287484519,96.96642545036147,96.35535291583354,96.8247299194336,595200,OEF,2017,8,35,Wednesday,96.652,96.39962005615234,0.44,0.06,-0.05,0.44,0.05
2017-08-31,97.2143844625831,97.51549840450969,97.10811451803869,97.35608673095703,588500,OEF,2017,8,35,Thursday,97.2985,96.8247299194336,0.55,0.4,0.29,0.55,-0.29
2017-09-01,97.48895140829332,97.67493060707059,97.40039085031425,97.497802734375,608200,OEF,2017,9,35,Friday,97.5155,97.35608673095703,0.15,0.14,0.05,0.15,-0.05
2017-09-05,97.17895442192331,97.32064991718642,96.30218694033765,96.73614501953125,833900,OEF,2017,9,36,Tuesday,96.8845,97.497802734375,-0.78,-0.33,-1.23,-0.78,1.23
2017-09-06,97.00187064404264,97.24984294087953,96.8247495053701,97.0904312133789,419900,OEF,2017,9,36,Wednesday,97.0417,96.73614501953125,0.37,0.27,0.09,0.37,-0.09
2017-09-07,97.23208733331988,97.28522229832878,96.88669654729179,97.0992431640625,388900,OEF,2017,9,36,Thursday,97.1258,97.0904312133789,0.01,0.15,-0.21,0.01,0.21
2017-09-08,96.91328477268708,97.07269645856866,96.7361636802571,96.79815673828125,565800,OEF,2017,9,36,Friday,96.8801,97.0992431640625,-0.31,-0.19,-0.37,-0.31,0.37
2017-09-11,97.40037822670156,97.87860652915505,97.40037822670156,97.8077621459961,428300,OEF,2017,9,37,Monday,97.6218,96.79815673828125,1.04,0.62,0.62,1.04,-0.62
2017-09-12,98.03800583961325,98.23284307136221,97.99372895032032,98.21513366699219,462100,OEF,2017,9,37,Tuesday,98.1199,97.8077621459961,0.42,0.24,0.19,0.42,-0.19
2017-09-13,98.06458495227487,98.36569213867188,98.06458495227487,98.36569213867188,429600,OEF,2017,9,37,Wednesday,98.2151,98.21513366699219,0.15,-0.15,-0.15,0.15,0.15
2017-09-14,98.24170831808169,98.43654556404292,98.14428969510108,98.33026885986328,553400,OEF,2017,9,37,Thursday,98.2882,98.36569213867188,-0.04,-0.13,-0.23,-0.04,0.23
2017-09-15,98.3568390420116,98.48082515525067,98.22400160406717,98.40998077392578,373400,OEF,2017,9,37,Friday,98.3679,98.33026885986328,0.08,0.03,-0.11,0.08,0.11
2017-09-18,98.55167195449873,98.73765111616947,98.40111836029901,98.57823944091797,256500,OEF,2017,9,38,Monday,98.5672,98.40998077392578,0.17,0.14,-0.01,0.17,0.01
2017-09-19,98.7022327618321,98.87936061213162,98.59596280838899,98.81736755371094,349000,OEF,2017,9,38,Tuesday,98.7487,98.57823944091797,0.24,0.13,0.02,0.24,-0.02
2017-09-20,98.80850331362633,98.92363134159304,98.47197055413704,98.90592193603516,383400,OEF,2017,9,38,Wednesday,98.7775,98.81736755371094,0.09,-0.01,-0.35,0.09,0.35
2017-09-21,98.74651042608487,98.82621288633443,98.5162476130258,98.56938934326172,559100,OEF,2017,9,38,Thursday,98.6646,98.90592193603516,-0.34,-0.16,-0.39,-0.34,0.39
2017-09-22,98.3922854176281,98.6225482866518,98.3922854176281,98.54283905029297,283400,OEF,2017,9,38,Friday,98.4875,98.56938934326172,-0.03,-0.18,-0.18,-0.03,0.18
2017-09-25,98.38341305057132,98.56054090746484,98.01145468620025,98.31256866455078,454500,OEF,2017,9,39,Monday,98.317,98.54283905029297,-0.23,-0.16,-0.54,-0.23,0.54
2017-09-26,98.44248683390691,98.57596877038505,98.2111068281471,98.30899810791016,377500,OEF,2017,9,39,Tuesday,98.3846,98.31256866455078,-0.0,0.13,-0.1,-0.0,0.1
2017-09-27,98.60268692748974,98.84296123917288,98.27341559194207,98.64717864990234,691500,OEF,2017,9,39,Wednesday,98.5916,98.30899810791016,0.34,0.3,-0.04,0.34,0.04
2017-09-28,98.59376334637865,98.84293866143547,98.54926484461075,98.77174377441406,560700,OEF,2017,9,39,Thursday,98.6894,98.64717864990234,0.13,-0.05,-0.1,0.13,0.1
2017-09-29,98.78066046563022,99.09212965874414,98.64717172871877,99.04763793945312,418500,OEF,2017,9,39,Friday,98.8919,98.77174377441406,0.28,0.01,-0.13,0.28,0.13
2017-10-02,99.21672497882255,99.5103988647461,99.19002858728763,99.5103988647461,337100,OEF,2017,10,40,Monday,99.3569,99.04763793945312,0.47,0.17,0.14,0.47,-0.14
2017-10-03,99.59939088907933,99.76847709119787,99.5370970445388,99.73287963867188,244000,OEF,2017,10,40,Tuesday,99.6595,99.5103988647461,0.22,0.09,0.03,0.22,-0.03
2017-10-04,99.66168473361986,99.88416371976749,99.58159555757625,99.73287963867188,269100,OEF,2017,10,40,Wednesday,99.7151,99.73287963867188,0.0,-0.07,-0.15,0.0,0.15
2017-10-05,99.90192450445625,100.42697143554688,99.88412239079929,100.42697143554688,367600,OEF,2017,10,40,Thursday,100.16,99.73287963867188,0.7,0.17,0.15,0.7,-0.15
2017-10-06,100.24902474261707,100.31131858232729,100.09774067325216,100.28462219238281,258700,OEF,2017,10,40,Friday,100.2357,100.42697143554688,-0.14,-0.18,-0.33,-0.14,0.33
2017-10-09,100.44479980549565,100.45369407513206,100.06213573604704,100.19561767578125,328300,OEF,2017,10,41,Monday,100.2891,100.28462219238281,-0.09,0.16,-0.22,-0.09,0.22
2017-10-10,100.39140176434314,100.58718433161765,100.19561919706862,100.4448013305664,196000,OEF,2017,10,41,Tuesday,100.4048,100.19561767578125,0.25,0.2,0.0,0.25,-0.0
2017-10-11,100.42698092375495,100.65836089653662,100.38248921444311,100.64945983886719,240400,OEF,2017,10,41,Wednesday,100.5293,100.4448013305664,0.2,-0.02,-0.06,0.2,0.06
2017-10-12,100.44480862830689,100.56049524941108,100.24012498687087,100.32022094726562,630200,OEF,2017,10,41,Thursday,100.3914,100.64945983886719,-0.33,-0.2,-0.41,-0.33,0.41
2017-10-13,100.50710410557028,100.6138896684764,100.40921281322666,100.48040771484375,270600,OEF,2017,10,41,Friday,100.5027,100.32022094726562,0.16,0.19,0.09,0.16,-0.09
2017-10-16,100.59607975764074,100.79186231395164,100.52488486634249,100.72956848144531,214700,OEF,2017,10,42,Monday,100.6606,100.48040771484375,0.25,0.12,0.04,0.25,-0.04
2017-10-17,100.72958566988979,100.88977080788548,100.68508715785555,100.86306762695312,297400,OEF,2017,10,42,Tuesday,100.7919,100.72956848144531,0.13,0.0,-0.04,0.13,0.04
2017-10-18,101.09443630508072,101.09443630508072,100.91645585598867,100.9698486328125,192700,OEF,2017,10,42,Wednesday,101.0188,100.86306762695312,0.11,0.23,0.05,0.11,-0.05
2017-10-19,100.50710638982312,100.8897705078125,100.43591148658797,100.8897705078125,1414600,OEF,2017,10,42,Thursday,100.6806,100.9698486328125,-0.08,-0.46,-0.53,-0.08,0.53
2017-10-20,101.2190172031912,101.29021209387082,101.00543932067082,101.28131103515625,454400,OEF,2017,10,42,Friday,101.199,100.8897705078125,0.39,0.33,0.11,0.39,-0.11
2017-10-23,101.30802038050975,101.37921528029621,100.80966966104324,100.87196350097656,306000,OEF,2017,10,43,Monday,101.0922,101.28131103515625,-0.4,0.03,-0.47,-0.4,0.47
2017-10-24,101.00545860035037,101.10334989634049,100.84527346050471,100.98766326904297,304300,OEF,2017,10,43,Tuesday,100.9854,100.87196350097656,0.11,0.13,-0.03,0.11,0.03
2017-10-25,100.89866556728659,100.96986047107826,100.09774666294926,100.58719635009766,439500,OEF,2017,10,43,Wednesday,100.6384,100.98766326904297,-0.4,-0.09,-0.88,-0.4,0.88
2017-10-26,100.72959624350554,100.9342731255008,100.57830536041989,100.59610748291016,544700,OEF,2017,10,43,Thursday,100.7096,100.58719635009766,0.01,0.14,-0.01,0.01,0.01
2017-10-27,101.20122665229884,101.8508613892394,101.09443431123847,101.69957733154297,1706000,OEF,2017,10,43,Friday,101.4615,100.59610748291016,1.1,0.6,0.5,1.1,-0.5
2017-10-30,101.201233412,101.73518157392911,101.201233412,101.38811492919922,519300,OEF,2017,10,44,Monday,101.3814,101.69957733154297,-0.31,-0.49,-0.49,-0.31,0.49
2017-10-31,101.54830381017959,101.55720487023785,101.3258248353592,101.4326171875,276200,OEF,2017,10,44,Tuesday,101.466,101.38811492919922,0.04,0.16,-0.06,0.04,0.06
2017-11-01,101.76187116644849,101.96655478943448,101.52159688596115,101.69957733154297,258600,OEF,2017,11,44,Wednesday,101.7374,101.4326171875,0.26,0.32,0.09,0.26,-0.09
2017-11-02,101.6639733921173,101.73516828161094,101.08552679663862,101.6728744506836,374100,OEF,2017,11,44,Thursday,101.5394,101.69957733154297,-0.03,-0.04,-0.6,-0.03,0.6
2017-11-03,101.83307179524037,102.08224714889481,101.57499538194996,102.02885437011719,345100,OEF,2017,11,44,Friday,101.8798,101.6728744506836,0.35,0.16,-0.1,0.35,0.1
2017-11-06,101.96656831951664,102.1712451801427,101.89537341602944,102.09115600585938,260200,OEF,2017,11,45,Monday,102.0311,102.02885437011719,0.06,-0.06,-0.13,0.06,0.13
2017-11-07,102.07333344549349,102.28691811318568,101.85975556731962,102.10003662109375,313200,OEF,2017,11,45,Tuesday,102.08,102.09115600585938,0.01,-0.02,-0.23,0.01,0.23
2017-11-08,101.96656103427759,102.24243277868054,101.85976868667683,102.21573638916016,405300,OEF,2017,11,45,Wednesday,102.0711,102.10003662109375,0.11,-0.13,-0.24,0.11,0.24
2017-11-09,101.72627928062765,102.02885420208054,101.21013324441606,101.96656036376953,628200,OEF,2017,11,45,Thursday,101.733,102.21573638916016,-0.24,-0.48,-0.98,-0.24,0.98
2017-11-10,101.83304971875951,101.93094098497598,101.6105708027253,101.87754821777344,384100,OEF,2017,11,45,Friday,101.813,101.96656036376953,-0.09,-0.13,-0.35,-0.09,0.35
2017-11-13,101.53049297076569,102.01104832985065,101.52159870099075,101.92205810546875,162700,OEF,2017,11,46,Monday,101.7463,101.87754821777344,0.04,-0.34,-0.35,0.04,0.35
2017-11-14,101.57497519267632,101.62836796084146,101.09441991063655,101.54827880859375,425000,OEF,2017,11,46,Tuesday,101.4615,101.92205810546875,-0.37,-0.34,-0.81,-0.37,0.81
2017-11-15,101.09444655420954,101.37921937533893,100.75628095084326,101.04105377197266,337300,OEF,2017,11,46,Wednesday,101.0678,101.54827880859375,-0.5,-0.45,-0.78,-0.5,0.78
2017-11-16,101.53938756024417,102.0555403340978,101.48599478692084,101.89535522460938,376800,OEF,2017,11,46,Thursday,101.7441,101.04105377197266,0.85,0.49,0.44,0.85,-0.44
2017-11-17,101.69067330835139,101.77967031806703,101.45039903486752,101.50379180908203,288900,OEF,2017,11,46,Friday,101.6061,101.89535522460938,-0.38,-0.2,-0.44,-0.38,0.44
2017-11-20,101.59277617559368,101.69066065296572,101.48598385093636,101.5749740600586,260500,OEF,2017,11,47,Monday,101.5861,101.50379180908203,0.07,0.09,-0.02,0.07,0.02
2017-11-21,101.90426396341236,102.43821210544228,101.90426396341236,102.35811614990234,415300,OEF,2017,11,47,Tuesday,102.1512,101.5749740600586,0.77,0.32,0.32,0.77,-0.32
2017-11-22,102.41151799356041,102.43821438282757,102.25133286843834,102.30472564697266,284700,OEF,2017,11,47,Wednesday,102.3514,102.35811614990234,-0.05,0.05,-0.1,-0.05,0.1
2017-11-24,102.56281638928701,102.63401129695963,102.45602402777808,102.5450210571289,194700,OEF,2017,11,47,Friday,102.5495,102.30472564697266,0.23,0.25,0.15,0.23,-0.15
2017-11-27,102.60729247111283,102.82087035791642,102.50050013295173,102.5805892944336,1631700,OEF,2017,11,48,Monday,102.6273,102.5450210571289,0.03,0.06,-0.04,0.03,0.04
2017-11-28,102.7763878539576,103.6307063236972,102.7763878539576,103.5951156616211,633100,OEF,2017,11,48,Tuesday,103.1946,102.5805892944336,0.99,0.19,0.19,0.99,-0.19
2017-11-29,103.71967308570423,103.89765350223503,103.36370546312494,103.5683822631836,549200,OEF,2017,11,48,Wednesday,103.6374,103.5951156616211,-0.03,0.12,-0.22,-0.03,0.22
2017-11-30,103.98667859924187,104.8765945595084,103.98667859924187,104.4138412475586,599400,OEF,2017,11,48,Thursday,104.3159,103.5683822631836,0.82,0.4,0.4,0.82,-0.4
2017-12-01,104.262540451128,104.68969624145421,102.98105950111163,104.31593322753906,1316500,OEF,2017,12,48,Friday,104.0623,104.4138412475586,-0.09,-0.14,-1.37,-0.09,1.37
2017-12-04,105.0990501597462,105.28593165506923,104.28923034667969,104.28923034667969,904600,OEF,2017,12,49,Monday,104.7409,104.31593322753906,-0.03,0.75,-0.03,-0.03,0.03
2017-12-05,104.31592358159567,104.8053731623157,103.95105487114199,104.0311508178711,646600,OEF,2017,12,49,Tuesday,104.2759,104.28923034667969,-0.25,0.03,-0.32,-0.25,0.32
2017-12-06,103.84426932819419,104.25362975170336,103.84426932819419,104.0311508178711,395700,OEF,2017,12,49,Wednesday,103.9933,104.0311508178711,0.0,-0.18,-0.18,0.0,0.18
2017-12-07,103.87989011391417,104.41383831718484,103.86208799307727,104.21805572509766,295000,OEF,2017,12,49,Thursday,104.0935,104.0311508178711,0.18,-0.15,-0.16,0.18,0.16
2017-12-08,104.57400451274786,104.78758239746094,104.48501429324396,104.78758239746094,607600,OEF,2017,12,49,Friday,104.6585,104.21805572509766,0.55,0.34,0.26,0.55,-0.26
2017-12-11,104.74307768567006,105.30372893540458,104.74307768567006,105.28592681884766,488800,OEF,2017,12,50,Monday,105.019,104.78758239746094,0.48,-0.04,-0.04,0.48,0.04
2017-12-12,105.41052398806862,105.8287855011609,105.36603227169803,105.65970611572266,481200,OEF,2017,12,50,Tuesday,105.5663,105.28592681884766,0.36,0.12,0.08,0.36,-0.08
2017-12-13,105.72198628902778,105.9622605370336,105.6418903466806,105.66858673095703,487200,OEF,2017,12,50,Wednesday,105.7487,105.65970611572266,0.01,0.06,-0.02,0.01,0.02
2017-12-14,105.74868536269646,105.87327301883359,105.30372750805869,105.33932495117188,543300,OEF,2017,12,50,Thursday,105.5663,105.66858673095703,-0.31,0.08,-0.35,-0.31,0.35
2017-12-15,105.86440714354296,106.33606153988524,105.75761477871214,106.1580810546875,698700,OEF,2017,12,50,Friday,106.029,105.33932495117188,0.78,0.5,0.4,0.78,-0.4
2017-12-18,106.73651527728896,106.98569064310274,106.6920167664567,106.75431060791016,366700,OEF,2017,12,51,Monday,106.7921,106.1580810546875,0.56,0.54,0.5,0.56,-0.5
2017-12-19,106.80705889345832,106.88753657684106,106.30633311908402,106.35104370117188,510100,OEF,2017,12,51,Tuesday,106.588,106.75431060791016,-0.38,0.05,-0.42,-0.38,0.42
2017-12-20,106.67293912207919,106.7265863622437,106.13643943292637,106.22586059570312,375400,OEF,2017,12,51,Wednesday,106.4405,106.35104370117188,-0.12,0.3,-0.2,-0.12,0.2
2017-12-21,106.58351398998629,106.91435454305932,106.40468531484646,106.57457733154297,478900,OEF,2017,12,51,Thursday,106.6193,106.22586059570312,0.33,0.34,0.17,0.33,-0.17
2017-12-22,106.54774176709711,106.6103324785665,106.27949196258493,106.45832061767578,771800,OEF,2017,12,51,Friday,106.474,106.57457733154297,-0.11,-0.03,-0.28,-0.11,0.28
2017-12-26,106.21691711505007,106.35104203733827,106.11855929349717,106.22586059570312,236100,OEF,2017,12,52,Tuesday,106.2281,106.45832061767578,-0.22,-0.23,-0.32,-0.22,0.32
2017-12-27,106.35102893714989,106.4583234042625,106.17219345550204,106.31526184082031,362000,OEF,2017,12,52,Wednesday,106.3242,106.22586059570312,0.08,0.12,-0.05,0.08,0.05
2017-12-28,106.46728068809168,106.52987140931477,106.31527562538949,106.48516082763672,181000,OEF,2017,12,52,Thursday,106.4494,106.31526184082031,0.16,0.14,0.0,0.16,-0.0
2017-12-29,106.57458330647403,106.64611068741402,105.99337984687034,106.08279418945312,345900,OEF,2017,12,52,Friday,106.3242,106.48516082763672,-0.38,0.08,-0.46,-0.38,0.46
2018-01-02,106.42255441429089,106.88751983642578,106.30631646969515,106.88751983642578,448600,OEF,2018,1,1,Tuesday,106.626,106.08279418945312,0.76,0.32,0.21,0.76,-0.21
2018-01-03,106.914359400165,107.55815357491855,106.914359400165,107.51344299316406,406500,OEF,2018,1,1,Wednesday,107.2251,106.88751983642578,0.59,0.03,0.03,0.59,-0.03
2018-01-04,107.79065452923344,108.24666979515223,107.77276756475929,108.03207397460938,421500,OEF,2018,1,1,Thursday,107.9605,107.51344299316406,0.48,0.26,0.24,0.48,-0.24
2018-01-05,108.36290556262571,108.87257485758943,108.20195700516993,108.80104064941406,377300,OEF,2018,1,1,Friday,108.5596,108.03207397460938,0.71,0.31,0.16,0.71,-0.16
2018-01-08,108.66689948143744,108.95302944951803,108.61325224425876,108.87255859375,352500,OEF,2018,1,2,Monday,108.7764,108.80104064941406,0.07,-0.12,-0.17,0.07,0.17
2018-01-09,109.10502922494373,109.44481323564288,108.97091113848482,109.19445037841797,607700,OEF,2018,1,2,Tuesday,109.1788,108.87255859375,0.3,0.21,0.09,0.3,-0.09
2018-01-10,108.80996988016592,109.19445767140553,108.63113438314943,109.09609985351562,494500,OEF,2018,1,2,Wednesday,108.9329,109.19445037841797,-0.09,-0.35,-0.52,-0.09,0.52
2018-01-11,109.44481216495915,109.847180064152,109.2749201612716,109.82929992675781,468900,OEF,2018,1,2,Thursday,109.5991,109.09609985351562,0.67,0.32,0.16,0.67,-0.16
2018-01-12,110.00812870230882,110.67874641624329,109.89189075443561,110.6250991821289,571000,OEF,2018,1,2,Friday,110.301,109.82929992675781,0.72,0.16,0.06,0.72,-0.06
2018-01-16,111.18843128461197,111.5639756201204,110.07967841802068,110.35686492919922,879200,OEF,2018,1,3,Tuesday,110.7972,110.6250991821289,-0.24,0.51,-0.49,-0.24,0.49
2018-01-17,110.8128902538062,111.56397894722231,110.42840242592585,111.40303039550781,613700,OEF,2018,1,3,Wednesday,111.0521,110.35686492919922,0.95,0.41,0.06,0.95,-0.06
2018-01-18,111.42090306129215,111.5729081123304,111.07218238096843,111.2688980102539,566700,OEF,2018,1,3,Thursday,111.3337,111.40303039550781,-0.12,0.02,-0.3,-0.12,0.3
2018-01-19,111.58184715405663,111.65338134765625,111.14371215654224,111.65338134765625,548000,OEF,2018,1,3,Friday,111.5081,111.2688980102539,0.35,0.28,-0.11,0.35,0.11
2018-01-22,111.48349768461607,112.64590454101562,111.47455420427791,112.64590454101562,547300,OEF,2018,1,4,Monday,112.0625,111.65338134765625,0.89,-0.15,-0.16,0.89,0.16
2018-01-23,112.62801444670195,112.93203137285045,112.48495287465528,112.69060516357422,545200,OEF,2018,1,4,Tuesday,112.6839,112.64590454101562,0.04,-0.02,-0.14,0.04,0.14
2018-01-24,112.97673245594241,113.28074937489632,112.1004624404677,112.63695526123047,1073900,OEF,2018,1,4,Wednesday,112.7487,112.69060516357422,-0.05,0.25,-0.52,-0.05,0.52
2018-01-25,113.0661408183282,113.0661408183282,112.38658646479,112.76213073730469,785500,OEF,2018,1,4,Thursday,112.8202,112.63695526123047,0.11,0.38,-0.22,0.11,0.22
2018-01-26,113.1734568139762,114.15702819824219,113.0661555127942,114.15702819824219,465200,OEF,2018,1,4,Friday,113.6384,112.76213073730469,1.24,0.36,0.27,1.24,-0.27
2018-01-29,113.87984698817131,114.05867567657249,113.36123424117987,113.40594482421875,1166700,OEF,2018,1,5,Monday,113.6764,114.15702819824219,-0.66,-0.24,-0.7,-0.66,0.7
2018-01-30,112.52071409653652,112.86049812402031,112.06469893629759,112.18988037109375,1217600,OEF,2018,1,5,Tuesday,112.4089,113.40594482421875,-1.07,-0.78,-1.18,-1.07,1.18
2018-01-31,112.74426134738107,112.83368251161747,111.74280979795284,112.28824615478516,2559500,OEF,2018,1,5,Wednesday,112.4022,112.18988037109375,0.09,0.49,-0.4,0.09,0.4
2018-02-01,111.87693339633606,112.86050479438478,111.77857557434348,112.26142120361328,1115400,OEF,2018,2,5,Thursday,112.1944,112.28824615478516,-0.02,-0.37,-0.45,-0.02,0.45
2018-02-02,111.55502276537845,111.71597128892635,109.66835105896321,109.73094177246094,2338000,OEF,2018,2,5,Friday,110.6676,112.26142120361328,-2.25,-0.63,-2.31,-2.25,2.31
2018-02-05,108.6132491592611,109.78459261690253,104.4196507513673,104.90249633789062,2998200,OEF,2018,2,6,Monday,106.93,109.73094177246094,-4.4,-1.02,-4.84,-4.4,4.84
2018-02-06,103.23937077455892,107.30778802564627,102.92641717567761,107.09318542480469,2301400,OEF,2018,2,6,Tuesday,105.1417,104.90249633789062,2.09,-1.59,-1.88,2.09,1.88
2018-02-07,106.90541788298539,108.38077842358092,106.45833934473687,106.51199340820312,1271100,OEF,2018,2,6,Wednesday,107.0641,107.09318542480469,-0.54,-0.18,-0.59,-0.54,0.59
2018-02-08,106.69081433529536,106.69081433529536,102.3899212931425,102.4614486694336,1606000,OEF,2018,2,6,Thursday,104.5582,106.51199340820312,-3.8,0.17,-3.87,-3.8,3.87
2018-02-09,103.71325654986555,104.77730544005941,100.51218004394221,103.98150634765625,3359200,OEF,2018,2,6,Friday,103.2461,102.4614486694336,1.48,1.22,-1.9,1.48,1.9
2018-02-12,104.88462369304672,106.18114867442581,104.2140059119451,105.4658203125,1089600,OEF,2018,2,7,Monday,105.1864,103.98150634765625,1.43,0.87,0.22,1.43,-0.22
2018-02-13,104.92931149284757,106.03806414550851,104.6700051716354,105.76982116699219,505100,OEF,2018,2,7,Tuesday,105.3518,105.4658203125,0.29,-0.51,-0.75,0.29,0.75
2018-02-14,105.26017410465417,107.27202756438571,105.22440700230034,107.16472625732422,885200,OEF,2018,2,7,Wednesday,106.2303,105.76982116699219,1.32,-0.48,-0.52,1.32,0.52
2018-02-15,107.9336847296306,108.54171172914647,106.81598854095262,108.53276824951172,739300,OEF,2018,2,7,Thursday,107.956,107.16472625732422,1.28,0.72,-0.33,1.28,0.33
2018-02-16,108.20194743337113,109.49847243793748,108.20194743337113,108.5774917602539,672700,OEF,2018,2,7,Friday,108.62,108.53276824951172,0.04,-0.3,-0.3,0.04,0.3
2018-02-20,108.00524074590402,108.69373873561828,107.45980434987118,107.80852508544922,485800,OEF,2018,2,8,Tuesday,107.9918,108.5774917602539,-0.71,-0.53,-1.03,-0.71,1.03
2018-02-21,107.99628293252498,109.12292267896665,107.25413097452662,107.30778503417969,623400,OEF,2018,2,8,Wednesday,107.9203,107.80852508544922,-0.46,0.17,-0.51,-0.46,0.51
2018-02-22,107.68330758264607,108.48805009606035,107.19151859614978,107.46871185302734,601600,OEF,2018,2,8,Thursday,107.7079,107.30778503417969,0.15,0.35,-0.11,0.15,0.11
2018-02-23,108.03204148289184,109.19444823649327,107.85321282320366,109.16761779785156,374800,OEF,2018,2,8,Friday,108.5618,107.46871185302734,1.58,0.52,0.36,1.58,-0.36
2018-02-26,109.73094257097057,110.7592244332385,109.65940837734514,110.72345733642578,483700,OEF,2018,2,9,Monday,110.2183,109.16761779785156,1.43,0.52,0.45,1.43,-0.45
2018-02-27,110.73240455040383,111.07218859157832,109.26598755066914,109.28387451171875,761900,OEF,2018,2,9,Tuesday,110.0886,110.72345733642578,-1.3,0.01,-1.32,-1.3,1.32
2018-02-28,109.74883194315545,109.98131468106205,107.96051788330078,107.96051788330078,529900,OEF,2018,2,9,Wednesday,108.9128,109.28387451171875,-1.21,0.43,-1.21,-1.21,1.21
2018-03-01,108.09461709696649,108.70264400560167,105.75192377978018,106.41360473632812,1234400,OEF,2018,3,9,Thursday,107.2407,107.96051788330078,-1.43,0.12,-2.05,-1.43,2.05
2018-03-02,105.5641845614311,107.06636875545345,105.19758369947968,106.83389282226562,676300,OEF,2018,3,9,Friday,106.1655,106.41360473632812,0.39,-0.8,-1.14,0.39,1.14
2018-03-05,106.2348116740357,108.30925604511584,106.2348116740357,108.0499496459961,514000,OEF,2018,3,10,Monday,107.2072,106.83389282226562,1.14,-0.56,-0.56,1.14,0.56
2018-03-06,108.45229782187525,108.46124130154492,107.56708434711132,108.06781005859375,385700,OEF,2018,3,10,Tuesday,108.1371,108.0499496459961,0.02,0.37,-0.45,0.02,0.45
2018-03-07,107.03954199229798,108.19300543080537,106.95012764970579,108.04100036621094,478600,OEF,2018,3,10,Wednesday,107.5559,108.06781005859375,-0.02,-0.95,-1.03,-0.02,1.03
2018-03-08,108.26453815451826,108.6222023418777,107.89793048645868,108.5774917602539,408800,OEF,2018,3,10,Thursday,108.3405,108.04100036621094,0.5,0.21,-0.13,0.5,0.13
2018-03-09,109.27494174631241,110.4820525042073,109.08716956814008,110.46417236328125,396000,OEF,2018,3,10,Friday,109.8271,108.5774917602539,1.74,0.64,0.47,1.74,-0.47
2018-03-12,110.60723046376948,110.98278163013315,110.2316861192831,110.34793090820312,409900,OEF,2018,3,11,Monday,110.5424,110.46417236328125,-0.11,0.13,-0.21,-0.11,0.21
2018-03-13,110.82182723054343,111.11689387313731,109.25705238922345,109.54318237304688,907200,OEF,2018,3,11,Tuesday,110.1847,110.34793090820312,-0.73,0.43,-0.99,-0.73,0.99
2018-03-14,109.99025938669429,110.02602648691501,108.71161454678001,108.91726684570312,618400,OEF,2018,3,11,Wednesday,109.4113,109.54318237304688,-0.57,0.41,-0.76,-0.57,0.76
2018-03-15,109.1229016951346,109.543156501908,108.64899966090087,108.89041900634766,661500,OEF,2018,3,11,Thursday,109.0514,108.91726684570312,-0.02,0.19,-0.25,-0.02,0.25
2018-03-16,109.01562066485108,109.40905193096285,108.82784851199135,108.8367919921875,556600,OEF,2018,3,11,Friday,109.0223,108.89041900634766,-0.05,0.11,-0.06,-0.05,0.06
2018-03-19,108.3896970823797,108.3896970823797,106.49408205844094,107.18258666992188,877100,OEF,2018,3,12,Monday,107.614,108.8367919921875,-1.52,-0.41,-2.15,-1.52,2.15
2018-03-20,107.25413330177756,107.54920675970389,106.91435608535974,107.26307678222656,325300,OEF,2018,3,12,Tuesday,107.2452,107.18258666992188,0.08,0.07,-0.25,0.08,0.25
2018-03-21,107.14686471528584,108.22879416724729,106.91438192057099,106.98591613769531,575600,OEF,2018,3,12,Wednesday,107.319,107.26307678222656,-0.26,-0.11,-0.33,-0.26,0.33
2018-03-22,105.94314500501406,106.18564332657489,104.012169037016,104.16485595703125,1634900,OEF,2018,3,12,Thursday,105.0765,106.98591613769531,-2.64,-0.97,-2.78,-2.64,2.78
2018-03-23,104.34449388857888,104.62291132938792,101.80279042852132,101.91056823730469,760400,OEF,2018,3,12,Friday,103.1702,104.16485595703125,-2.16,0.17,-2.27,-2.16,2.27
2018-03-26,103.59006134960987,104.89235082354546,102.4584252094375,104.7935562133789,1293500,OEF,2018,3,13,Monday,103.9336,101.91056823730469,2.83,1.65,0.54,2.83,-0.54
2018-03-27,105.15279929354516,105.44918309748009,102.13508948588463,102.80868530273438,1309400,OEF,2018,3,13,Tuesday,103.8864,104.7935562133789,-1.89,0.34,-2.54,-1.89,2.54
2018-03-28,102.81768787043046,103.85951270031582,102.09918278955125,102.66500091552734,1077300,OEF,2018,3,13,Wednesday,102.8603,102.80868530273438,-0.14,0.01,-0.69,-0.14,0.69
2018-03-29,103.19489491179891,104.83847057878056,102.84462558633358,104.1738510131836,806000,OEF,2018,3,13,Thursday,103.763,102.66500091552734,1.47,0.52,0.17,1.47,-0.17
2018-04-02,103.69783362432689,103.8145877700349,100.65318096988555,101.75788116455078,1257000,OEF,2018,4,14,Monday,102.4809,104.1738510131836,-2.32,-0.46,-3.38,-2.32,3.38
2018-04-03,102.37759398711178,103.26674551201391,101.42558063756567,103.07813262939453,990400,OEF,2018,4,14,Tuesday,102.537,101.75788116455078,1.3,0.61,-0.33,1.3,0.33
2018-04-04,101.45253136552043,104.55107687243157,101.2100398364722,104.30857849121094,901400,OEF,2018,4,14,Wednesday,102.8806,103.07813262939453,1.19,-1.58,-1.81,1.19,1.81
2018-04-05,105.00013760325099,105.56595572168798,104.66782780864199,105.20670318603516,383100,OEF,2018,4,14,Thursday,105.1102,104.30857849121094,0.86,0.66,0.34,0.86,-0.34
2018-04-06,104.3085743306013,105.00911300010053,102.20695832210359,102.89851379394531,1725300,OEF,2018,4,14,Friday,103.6058,105.20670318603516,-2.19,-0.85,-2.85,-2.19,2.85
2018-04-09,103.66190810787259,104.98215705845685,103.20386786751699,103.36552429199219,691300,OEF,2018,4,15,Monday,103.8034,102.89851379394531,0.45,0.74,0.3,0.45,-0.3
2018-04-10,104.7037637539444,105.48513072757932,104.1559051264538,105.12588500976562,1571300,OEF,2018,4,15,Tuesday,104.8677,103.36552429199219,1.7,1.29,0.76,1.7,-0.76
2018-04-11,104.47919798393362,105.25158836148829,104.37142019212227,104.45225524902344,718300,OEF,2018,4,15,Wednesday,104.6386,105.12588500976562,-0.64,-0.62,-0.72,-0.64,0.72
2018-04-12,105.08096265848253,105.85335318859043,105.0450367207831,105.40428924560547,591500,OEF,2018,4,15,Thursday,105.3459,104.45225524902344,0.91,0.6,0.57,0.91,-0.57
2018-04-13,106.01502892569995,106.05993121396568,104.6319109967017,105.08995819091797,911600,OEF,2018,4,15,Friday,105.4492,105.40428924560547,-0.3,0.58,-0.73,-0.3,0.73
2018-04-16,105.80844967074484,106.23057089590844,105.46716352273945,105.84437561035156,555100,OEF,2018,4,16,Monday,105.8376,105.08995819091797,0.72,0.68,0.36,0.72,-0.36
2018-04-17,106.65270180872568,107.26342913316994,106.4551125490271,106.97602844238281,608100,OEF,2018,4,16,Tuesday,106.8368,105.84437561035156,1.07,0.76,0.58,1.07,-0.58
2018-04-18,107.17359976424957,107.33526305402027,106.76046176865152,106.86823272705078,328800,OEF,2018,4,16,Wednesday,107.0344,106.97602844238281,-0.1,0.18,-0.2,-0.1,0.2
2018-04-19,106.55389134697558,106.68861189967794,105.9611305081259,106.42815399169922,566500,OEF,2018,4,16,Thursday,106.4079,106.86823272705078,-0.41,-0.29,-0.85,-0.41,0.85
2018-04-20,106.41914390906268,106.41914390906268,105.00908376497544,105.39527893066406,710800,OEF,2018,4,16,Friday,105.8107,106.42815399169922,-0.97,-0.01,-1.33,-0.97,1.33
2018-04-23,105.63777723469913,105.84434275810803,104.8923296366213,105.39527893066406,478100,OEF,2018,4,17,Monday,105.4424,105.39527893066406,0.0,0.23,-0.48,0.0,0.48
2018-04-24,105.8803045154832,105.97909913912568,103.2218465796777,103.88645935058594,1054100,OEF,2018,4,17,Tuesday,104.7419,105.39527893066406,-1.43,0.46,-2.06,-1.43,2.06
2018-04-25,103.84153104880167,104.2816117197561,103.06015745361368,104.08402252197266,582500,OEF,2018,4,17,Wednesday,103.8168,103.88645935058594,0.19,-0.04,-0.8,0.19,0.8
2018-04-26,104.6049499719211,105.69168382931574,104.51513855891284,105.30548858642578,505100,OEF,2018,4,17,Thursday,105.0293,104.08402252197266,1.17,0.5,0.41,1.17,-0.41
2018-04-27,105.7814765576191,105.88925434549465,105.00010986507512,105.33241271972656,559400,OEF,2018,4,17,Friday,105.5008,105.30548858642578,0.03,0.45,-0.29,0.03,0.29
2018-04-30,105.63778883586752,105.99703445553897,104.51512914396685,104.53308868408203,606300,OEF,2018,4,18,Monday,105.1708,105.33241271972656,-0.76,0.29,-0.78,-0.76,0.78
2018-05-01,104.3355090982587,104.86540808480396,103.6529368762355,104.7935562133789,617000,OEF,2018,5,18,Tuesday,104.4119,104.53308868408203,0.25,-0.19,-0.84,0.25,0.84
2018-05-02,104.8654089547601,105.16178593554686,103.9852406529304,104.12894439697266,695300,OEF,2018,5,18,Wednesday,104.5353,104.7935562133789,-0.63,0.07,-0.77,-0.63,0.77
2018-05-03,103.76071102093813,104.20977495289212,102.52129703552701,103.91339111328125,761000,OEF,2018,5,18,Thursday,103.6013,104.12894439697266,-0.21,-0.35,-1.54,-0.21,1.54
2018-05-04,103.57208417183946,105.61981419356982,103.39246137603416,105.36833953857422,436700,OEF,2018,5,18,Friday,104.4882,103.91339111328125,1.4,-0.33,-0.5,1.4,0.5
2018-05-07,105.78149748779241,106.22157821739478,105.44919456739073,105.75455474853516,228400,OEF,2018,5,19,Monday,105.8017,105.36833953857422,0.37,0.39,0.08,0.37,-0.08
2018-05-08,105.64677693933444,105.88927529699312,105.03604972487386,105.75455474853516,535300,OEF,2018,5,19,Tuesday,105.5817,105.75455474853516,0.0,-0.1,-0.68,0.0,0.68
2018-05-09,105.99706601214022,106.94010317495868,105.81744314882862,106.82334899902344,543600,OEF,2018,5,19,Wednesday,106.3945,105.75455474853516,1.01,0.23,0.06,1.01,-0.06
2018-05-10,107.09277849992642,108.008872877456,107.09277849992642,107.85618591308594,661500,OEF,2018,5,19,Thursday,107.5127,106.82334899902344,0.97,0.25,0.25,0.97,-0.25
2018-05-11,107.9370136995919,108.34116852272265,107.77535039990515,108.19747161865234,334200,OEF,2018,5,19,Friday,108.0628,107.85618591308594,0.32,0.07,-0.07,0.32,0.07
2018-05-14,108.466910387086,108.7902369998846,108.22441885357333,108.41302490234375,372200,OEF,2018,5,20,Monday,108.4736,108.19747161865234,0.2,0.25,0.02,0.2,-0.02
2018-05-15,107.86516616143219,107.86516616143219,107.14666790782734,107.52388000488281,888800,OEF,2018,5,20,Tuesday,107.6002,108.41302490234375,-0.82,-0.51,-1.17,-0.82,1.17
2018-05-16,107.56874651939123,108.19743999091749,107.46097558588463,107.9908676147461,521000,OEF,2018,5,20,Wednesday,107.8045,107.52388000488281,0.43,0.04,-0.06,0.43,0.06
2018-05-17,107.90108215050543,108.32320334730557,107.45201821385369,107.75738525390625,362000,OEF,2018,5,20,Thursday,107.8584,107.9908676147461,-0.22,-0.08,-0.5,-0.22,0.5
2018-05-18,107.67656599788752,107.76637742797514,107.36222256649442,107.45203399658203,368700,OEF,2018,5,20,Friday,107.5643,107.75738525390625,-0.28,-0.08,-0.37,-0.28,0.37
2018-05-21,108.09866784982196,108.59264090488061,108.0357991748301,108.31421661376953,302700,OEF,2018,5,21,Monday,108.2603,107.45203399658203,0.8,0.6,0.54,0.8,-0.54
2018-05-22,108.56567822111697,108.68243921214352,107.93699154701568,108.06272888183594,329900,OEF,2018,5,21,Tuesday,108.312,108.31421661376953,-0.23,0.23,-0.35,-0.23,0.35
2018-05-23,107.51488513226306,108.40402979368152,107.39813097742525,108.38607025146484,1650800,OEF,2018,5,21,Wednesday,107.9258,108.06272888183594,0.3,-0.51,-0.62,0.3,0.62
2018-05-24,108.26931661647701,108.31421889832018,107.2364682036789,108.08070373535156,552800,OEF,2018,5,21,Thursday,107.9752,108.38607025146484,-0.28,-0.11,-1.06,-0.28,1.06
2018-05-25,107.81126738501086,108.06274208537756,107.56876902953462,107.7843246459961,483900,OEF,2018,5,21,Friday,107.8068,108.08070373535156,-0.27,-0.25,-0.47,-0.27,0.47
2018-05-29,107.05685450949993,107.40712388018217,105.97910365388884,106.52696228027344,707500,OEF,2018,5,22,Tuesday,106.7425,107.7843246459961,-1.17,-0.67,-1.67,-1.17,1.67
2018-05-30,107.11972626285743,108.04480388215345,106.98501254117778,107.88314056396484,460300,OEF,2018,5,22,Wednesday,107.5082,106.52696228027344,1.27,0.56,0.43,1.27,-0.43
2018-05-31,107.72143164699395,107.89207123961363,107.18254957969357,107.37116241455078,711400,OEF,2018,5,22,Thursday,107.5418,107.88314056396484,-0.47,-0.15,-0.65,-0.47,0.65
2018-06-01,108.0088262933647,108.61057013638003,108.0088262933647,108.50279235839844,461500,OEF,2018,6,22,Friday,108.2828,107.37116241455078,1.05,0.59,0.59,1.05,-0.59
2018-06-04,108.84408603950273,109.21231479238394,108.84408603950273,109.05065155029297,172000,OEF,2018,6,23,Monday,108.9878,108.50279235839844,0.5,0.31,0.31,0.5,-0.31
2018-06-05,109.09557002727807,109.23926689247703,108.70937485206093,109.10455322265625,265200,OEF,2018,6,23,Tuesday,109.0372,109.05065155029297,0.05,0.04,-0.31,0.05,0.31
2018-06-06,109.36503006939925,110.11946105957031,109.10457901140339,110.11946105957031,406500,OEF,2018,6,23,Wednesday,109.6771,109.10455322265625,0.93,0.24,0.0,0.93,-0.0
2018-06-07,110.29907113091754,110.3888893911934,109.68834396276623,110.07453918457031,385800,OEF,2018,6,23,Thursday,110.1127,110.11946105957031,-0.04,0.16,-0.39,-0.04,0.39
2018-06-08,109.79613808253885,110.37093940244544,109.76919534132014,110.29908752441406,303100,OEF,2018,6,23,Friday,110.0588,110.07453918457031,0.2,-0.25,-0.28,0.2,0.28
2018-06-11,110.42478603143802,110.76607890591558,110.32599144694923,110.43376922607422,1392900,OEF,2018,6,24,Monday,110.4877,110.29908752441406,0.12,0.11,0.02,0.12,-0.02
2018-06-12,110.58647056372791,110.66730562667617,110.16435626493997,110.5146255493164,1312900,OEF,2018,6,24,Tuesday,110.4832,110.43376922607422,0.07,0.14,-0.24,0.07,0.24
2018-06-13,110.53259812953628,110.72120416243745,110.01168231361581,110.0655746459961,469700,OEF,2018,6,24,Wednesday,110.3328,110.5146255493164,-0.41,0.02,-0.46,-0.41,0.46
2018-06-14,110.5236034687701,110.60443853287047,110.10148231179464,110.41583251953125,368800,OEF,2018,6,24,Thursday,110.4113,110.0655746459961,0.32,0.42,0.03,0.32,-0.03
2018-06-15,110.06554107545296,110.40682709963177,109.56258495561542,110.28108978271484,414900,OEF,2018,6,24,Friday,110.079,110.41583251953125,-0.12,-0.32,-0.77,-0.12,0.77
2018-06-18,109.55362928762929,110.04759545383087,109.25724547660565,110.00269317626953,201800,OEF,2018,6,25,Monday,109.7153,110.28108978271484,-0.25,-0.66,-0.93,-0.25,0.93
2018-06-19,108.9429050037325,109.73325500184218,108.8081844631463,109.61650085449219,730300,OEF,2018,6,25,Tuesday,109.2752,110.00269317626953,-0.35,-0.96,-1.09,-0.35,1.09
2018-06-20,109.94879218167823,110.12842183427483,109.6973175202136,109.81407165527344,551700,OEF,2018,6,25,Wednesday,109.8972,109.61650085449219,0.18,0.3,0.07,0.18,-0.07
2018-06-21,109.83205239508433,109.83205239508433,108.85308950401027,109.07762145996094,330400,OEF,2018,6,25,Thursday,109.3987,109.81407165527344,-0.67,0.02,-0.88,-0.67,0.88
2018-06-22,109.6524194961866,109.7063118235074,109.19437925307317,109.25724792480469,245400,OEF,2018,6,25,Friday,109.4526,109.07762145996094,0.16,0.53,0.11,0.16,-0.11
2018-06-25,108.80820003696338,108.80820003696338,106.88620681587285,107.72146606445312,935900,OEF,2018,6,26,Monday,108.056,109.25724792480469,-1.41,-0.41,-2.17,-1.41,2.17
2018-06-26,108.01121481791532,108.41743894181123,107.65915207393732,107.99315643310547,395700,OEF,2018,6,26,Tuesday,108.0202,107.72146606445312,0.25,0.27,-0.06,0.25,0.06
2018-06-27,108.24593490638472,109.00422183938431,107.07238773416373,107.1084976196289,792900,OEF,2018,6,26,Wednesday,107.8578,107.99315643310547,-0.82,0.23,-0.85,-0.82,0.85
2018-06-28,107.08142317387559,108.26399272100507,106.91893212343166,107.93901062011719,711600,OEF,2018,6,26,Thursday,107.5508,107.1084976196289,0.78,-0.03,-0.18,0.78,0.18
2018-06-29,108.45356047470355,109.0132533805844,107.95705814793371,107.9660873413086,397900,OEF,2018,6,26,Friday,108.3475,107.93901062011719,0.03,0.48,0.02,0.03,-0.02
2018-07-02,107.2709870681833,108.41744664384419,107.14460591455948,108.372314453125,323300,OEF,2018,7,27,Monday,107.8013,107.9660873413086,0.38,-0.64,-0.76,0.38,0.76
2018-07-03,108.82368585519627,108.82368585519627,107.63208711208524,107.77651977539062,262300,OEF,2018,7,27,Tuesday,108.264,108.372314453125,-0.55,0.42,-0.68,-0.55,0.68
2018-07-05,108.32718588393529,108.76049765786411,107.85777110883132,108.74243927001953,354500,OEF,2018,7,27,Thursday,108.422,107.77651977539062,0.9,0.51,0.08,0.9,-0.08
2018-07-06,108.74243077228488,109.87986806361252,108.68826938749761,109.66321563720703,392700,OEF,2018,7,27,Friday,109.2434,108.74243927001953,0.85,-0.0,-0.05,0.85,0.05
2018-07-09,110.18677447753029,110.81868704571029,110.18677447753029,110.80062866210938,352300,OEF,2018,7,28,Monday,110.4982,109.66321563720703,1.04,0.48,0.48,1.04,-0.48
2018-07-10,111.07149117128317,111.3423050420448,110.96316149062373,111.20690155029297,408700,OEF,2018,7,28,Tuesday,111.146,110.80062866210938,0.37,0.24,0.15,0.37,-0.15
2018-07-11,110.51178017454382,110.9450919394344,110.38539901129592,110.52983856201172,552500,OEF,2018,7,28,Wednesday,110.593,111.20690155029297,-0.61,-0.63,-0.74,-0.61,0.74
2018-07-12,111.16175777777501,111.73950227576633,110.98121520487435,111.68534088134766,402900,OEF,2018,7,28,Thursday,111.392,110.52983856201172,1.05,0.57,0.41,1.05,-0.41
2018-07-13,111.58602126389607,111.91100334919136,111.36033964284414,111.78462219238281,354200,OEF,2018,7,28,Friday,111.6605,111.68534088134766,0.09,-0.09,-0.29,0.09,0.29
2018-07-16,111.7846407823289,111.94713185199905,111.62214971265875,111.86588287353516,277200,OEF,2018,7,29,Monday,111.805,111.78462219238281,0.07,0.0,-0.15,0.07,0.15
2018-07-17,111.45062547153681,112.45265255087304,111.43257396988761,112.27210998535156,206900,OEF,2018,7,29,Tuesday,111.902,111.86588287353516,0.36,-0.37,-0.39,0.36,0.39
2018-07-18,112.32625587582788,112.47068853086097,112.03738367850525,112.39847564697266,1034200,OEF,2018,7,29,Wednesday,112.3082,112.27210998535156,0.11,0.05,-0.21,0.11,0.21
2018-07-19,112.13669632538756,112.29918738448933,111.74852362238099,111.84782409667969,298100,OEF,2018,7,29,Thursday,112.0081,112.39847564697266,-0.49,-0.23,-0.58,-0.49,0.58
2018-07-20,111.88393001173856,112.19085373066285,111.74851965275438,111.8749008178711,292400,OEF,2018,7,29,Friday,111.9246,111.84782409667969,0.02,0.03,-0.09,0.02,0.09
2018-07-23,111.80267298476203,112.20890403244087,111.6492111363586,112.16376495361328,1009900,OEF,2018,7,30,Monday,111.9561,111.8749008178711,0.26,-0.06,-0.2,0.26,0.2
2018-07-24,112.9491498382479,113.39148392488808,112.66929992088782,113.07553100585938,716700,OEF,2018,7,30,Tuesday,113.0214,112.16376495361328,0.81,0.7,0.45,0.81,-0.45
2018-07-25,112.97622923876726,114.14976962275112,112.91303865568548,114.01436614990234,790300,OEF,2018,7,30,Wednesday,113.5134,113.07553100585938,0.83,-0.09,-0.14,0.83,0.14
2018-07-26,113.35535854933,113.5990916572084,113.15675763099999,113.23800659179688,330100,OEF,2018,7,30,Thursday,113.3373,114.01436614990234,-0.68,-0.58,-0.75,-0.68,0.75
2018-07-27,113.45466342006964,113.45466342006964,112.10960290351876,112.57901763916016,424600,OEF,2018,7,30,Friday,112.8995,113.23800659179688,-0.58,0.19,-1.0,-0.58,1.0
2018-07-30,112.62414991224409,112.66025979545859,111.7214234936499,112.00126647949219,458900,OEF,2018,7,31,Monday,112.2518,112.57901763916016,-0.51,0.04,-0.76,-0.51,0.76
2018-07-31,112.42554465377494,112.78663658471027,112.082511107377,112.35332489013672,409600,OEF,2018,7,31,Tuesday,112.412,112.00126647949219,0.31,0.38,0.07,0.31,-0.07
2018-08-01,112.67831810218637,112.97621949126501,112.20890336654497,112.57901763916016,331600,OEF,2018,8,31,Wednesday,112.6106,112.35332489013672,0.2,0.29,-0.13,0.2,0.13
2018-08-02,111.94713761906345,113.30122764031938,111.93810842382285,113.16581726074219,464800,OEF,2018,8,31,Thursday,112.5881,112.57901763916016,0.52,-0.56,-0.57,0.52,0.57
2018-08-03,111.94712131024158,113.7977066040039,111.94712131024158,113.7977066040039,299800,OEF,2018,8,31,Friday,112.8724,113.16581726074219,0.56,-1.08,-1.08,0.56,1.08
2018-08-06,113.8157679710714,114.39351242678184,113.60813782889865,114.27615356445312,256100,OEF,2018,8,32,Monday,114.0234,113.7977066040039,0.42,0.02,-0.17,0.42,0.17
2018-08-07,114.58309144636543,114.8809928872722,114.58309144636543,114.6733627319336,250600,OEF,2018,8,32,Tuesday,114.6801,114.27615356445312,0.35,0.27,0.27,0.35,-0.27
2018-08-08,114.51987399504675,114.85388524928396,114.44765422862963,114.664306640625,219600,OEF,2018,8,32,Wednesday,114.6214,114.6733627319336,-0.01,-0.13,-0.2,-0.01,0.2
2018-08-09,114.73653427725124,114.85389312754316,114.4657204654949,114.53793334960938,267900,OEF,2018,8,32,Thursday,114.6485,114.664306640625,-0.11,0.06,-0.17,-0.11,0.17
2018-08-10,113.90602493092763,114.05045758306892,113.3643904326992,113.73450469970703,496700,OEF,2018,8,32,Friday,113.7638,114.53793334960938,-0.7,-0.55,-1.02,-0.7,1.02
2018-08-13,113.86087481953423,114.18585686443065,113.2379983061958,113.31021118164062,951600,OEF,2018,8,33,Monday,113.6487,113.73450469970703,-0.37,0.11,-0.44,-0.37,0.44
2018-08-14,113.67132193301764,114.0594946127484,113.38244972163126,113.9150619506836,520700,OEF,2018,8,33,Tuesday,113.7571,113.31021118164062,0.53,0.32,0.06,0.53,-0.06
2018-08-15,113.35536205469772,113.39147193980676,112.4255548967233,113.12065124511719,812700,OEF,2018,8,33,Wednesday,113.0733,113.9150619506836,-0.7,-0.49,-1.31,-0.7,1.31
2018-08-16,113.89701065794291,114.52892339470098,113.85187846141126,114.13172149658203,459300,OEF,2018,8,33,Thursday,114.1024,113.12065124511719,0.89,0.69,0.65,0.89,-0.65
2018-08-17,113.92407573802161,114.68236954074239,113.75256239509869,114.4566879272461,362200,OEF,2018,8,33,Friday,114.2039,114.13172149658203,0.28,-0.18,-0.33,0.28,0.33
2018-08-20,114.66432260547141,114.73654238194379,114.39350877458548,114.62821960449219,278200,OEF,2018,8,34,Monday,114.6056,114.4566879272461,0.15,0.18,-0.06,0.15,0.06
2018-08-21,114.86294187441992,115.28722451982148,114.73656068905665,114.79975128173828,506700,OEF,2018,8,34,Tuesday,114.9216,114.62821960449219,0.15,0.2,0.09,0.15,-0.09
2018-08-22,114.64627422939817,115.09763751376587,114.60113514605854,114.87195587158203,373400,OEF,2018,8,34,Wednesday,114.8043,114.79975128173828,0.06,-0.13,-0.17,0.06,0.17
2018-08-23,114.77262869718612,115.2330210685669,114.57402779630596,114.70040893554688,365300,OEF,2018,8,34,Thursday,114.82,114.87195587158203,-0.15,-0.09,-0.26,-0.15,0.26
2018-08-24,114.94414425785455,115.44063960270788,114.94414425785455,115.37744903564453,377500,OEF,2018,8,34,Friday,115.1766,114.70040893554688,0.59,0.21,0.21,0.59,-0.21
2018-08-27,115.91006410768385,116.41560246165214,115.91006410768385,116.3614273071289,432800,OEF,2018,8,35,Monday,116.1493,115.37744903564453,0.85,0.46,0.46,0.85,-0.46
2018-08-28,116.60520989183725,116.63229059173659,116.23508862719068,116.35244750976562,361700,OEF,2018,8,35,Tuesday,116.4563,116.3614273071289,-0.01,0.21,-0.11,-0.01,0.11
2018-08-29,116.5058962402243,117.19197729221924,116.41563184226166,117.13780212402344,376100,OEF,2018,8,35,Wednesday,116.8128,116.35244750976562,0.67,0.13,0.05,0.67,-0.05
2018-08-30,116.88501108334519,117.24610991011654,116.48780926115259,116.74058532714844,709500,OEF,2018,8,35,Thursday,116.8399,117.13780212402344,-0.34,-0.22,-0.55,-0.34,0.55
2018-08-31,116.58712814644346,117.01141072589925,116.31632120169634,116.67740631103516,587300,OEF,2018,8,35,Friday,116.6481,116.74058532714844,-0.05,-0.13,-0.36,-0.05,0.36
2018-09-04,116.5059091300122,116.61423192935787,115.97330366720705,116.47882843017578,728200,OEF,2018,9,36,Tuesday,116.3931,116.67740631103516,-0.17,-0.15,-0.6,-0.17,0.6
2018-09-05,116.21702600788474,116.39756857075263,115.66636223770324,116.09064483642578,707000,OEF,2018,9,36,Wednesday,116.0929,116.47882843017578,-0.33,-0.22,-0.7,-0.33,0.7
2018-09-06,116.0906302053143,116.1899306685538,115.07054488062784,115.63926696777344,707200,OEF,2018,9,36,Thursday,115.7476,116.09064483642578,-0.39,-0.0,-0.88,-0.39,0.88
2018-09-07,115.1427716415339,115.82883884542038,115.06152267247083,115.40455627441406,780700,OEF,2018,9,36,Friday,115.3594,115.63926696777344,-0.2,-0.43,-0.5,-0.2,0.5
2018-09-10,115.86494405546283,115.93715004907432,115.41357394831707,115.50384521484375,361300,OEF,2018,9,37,Monday,115.6799,115.40455627441406,0.09,0.4,0.01,0.09,-0.01
2018-09-11,115.23303924113078,116.21701470868841,115.06151900200224,116.06355285644531,447900,OEF,2018,9,37,Tuesday,115.6438,115.50384521484375,0.48,-0.23,-0.38,0.48,0.38
2018-09-12,116.04548971810911,116.37949410199111,115.7475883320065,116.05451202392578,711800,OEF,2018,9,37,Wednesday,116.0568,116.06355285644531,-0.01,-0.02,-0.27,-0.01,0.27
2018-09-13,116.57807909574605,116.89403882481903,116.44267565443523,116.77667999267578,555800,OEF,2018,9,37,Thursday,116.6729,116.05451202392578,0.62,0.45,0.33,0.62,-0.33
2018-09-14,116.90308069475824,116.90308069475824,116.30727790425317,116.6954574584961,519700,OEF,2018,9,37,Friday,116.7022,116.77667999267578,-0.07,0.11,-0.4,-0.07,0.4
2018-09-17,116.58710958372485,116.58710958372485,115.85590340030056,115.98228454589844,407100,OEF,2018,9,38,Monday,116.2531,116.6954574584961,-0.61,-0.09,-0.72,-0.61,0.72
2018-09-18,116.08161502967317,116.948238662605,116.08161502967317,116.65033721923828,384600,OEF,2018,9,38,Tuesday,116.4405,115.98228454589844,0.58,0.09,0.09,0.58,-0.09
2018-09-19,116.6774090812769,117.02044958545328,116.56908630080618,116.93919372558594,319500,OEF,2018,9,38,Wednesday,116.8015,116.65033721923828,0.25,0.02,-0.07,0.25,0.07
2018-09-20,117.45375684807816,118.12177948163902,117.45375684807816,117.94122314453125,452100,OEF,2018,9,38,Thursday,117.7426,116.93919372558594,0.86,0.44,0.44,0.86,-0.44
2018-09-21,118.52798929998858,118.52798929998858,117.70650489923854,117.77872467041016,342400,OEF,2018,9,38,Friday,118.1353,117.94122314453125,-0.14,0.5,-0.2,-0.14,0.2
2018-09-24,117.46276824017117,117.580127093483,117.14682222862027,117.51692962646484,280900,OEF,2018,9,39,Monday,117.4267,117.77872467041016,-0.22,-0.27,-0.54,-0.22,0.54
2018-09-25,117.7245640713436,117.7606670699139,117.39054590563158,117.4718017578125,211300,OEF,2018,9,39,Tuesday,117.5869,117.51692962646484,-0.04,0.18,-0.11,-0.04,0.11
2018-09-26,117.520747476981,118.1372807571183,116.976762172184,117.13995361328125,364500,OEF,2018,9,39,Wednesday,117.4437,117.4718017578125,-0.28,0.04,-0.42,-0.28,0.42
2018-09-27,117.4119868477773,118.1554516289839,117.33945268611251,117.62051391601562,369600,OEF,2018,9,39,Thursday,117.6319,117.13995361328125,0.41,0.23,0.17,0.41,-0.17
2018-09-28,117.37569750033796,117.8290255221716,117.25782778762975,117.520751953125,290600,OEF,2018,9,39,Friday,117.4958,117.62051391601562,-0.08,-0.21,-0.31,-0.08,0.31
2018-10-01,118.15542987518137,118.57248393487345,117.81995770993646,118.11915588378906,313500,OEF,2018,10,40,Monday,118.1668,117.520751953125,0.51,0.54,0.25,0.51,-0.25
2018-10-02,118.03755866231481,118.49994828816337,117.94688751945475,118.19168853759766,345100,OEF,2018,10,40,Tuesday,118.169,118.11915588378906,0.06,-0.07,-0.15,0.06,0.15
2018-10-03,118.70846086909556,118.90792629153441,118.10100302238537,118.30046844482422,498600,OEF,2018,10,40,Wednesday,118.5045,118.19168853759766,0.09,0.44,-0.08,0.09,0.08
2018-10-04,118.05568972243556,118.05568972243556,116.51436337815038,117.28502655029297,820400,OEF,2018,10,40,Thursday,117.4777,118.30046844482422,-0.86,-0.21,-1.51,-0.86,1.51
2018-10-05,117.33038601813932,117.58424865572404,115.8434634374153,116.53252410888672,864700,OEF,2018,10,40,Friday,116.8227,117.28502655029297,-0.64,0.04,-1.23,-0.64,1.23
2018-10-08,116.1970587606222,116.80451673800883,115.5895938659979,116.6141128540039,898700,OEF,2018,10,41,Monday,116.3013,116.53252410888672,0.07,-0.29,-0.81,0.07,0.81
2018-10-09,116.40556651886017,117.18529125388973,116.22423808071974,116.6231689453125,906700,OEF,2018,10,41,Tuesday,116.6096,116.6141128540039,0.01,-0.18,-0.33,0.01,0.33
2018-10-10,116.38744572498224,116.38744572498224,112.62482823056581,112.74269104003906,2134400,OEF,2018,10,41,Wednesday,114.5356,116.6231689453125,-3.33,-0.2,-3.43,-3.33,3.43
2018-10-11,112.20778097560961,112.9965674968943,109.45154510774285,110.25846862792969,3281600,OEF,2018,10,41,Thursday,111.2286,112.74269104003906,-2.2,-0.47,-2.92,-2.2,2.92
2018-10-12,112.42536177712893,112.45256035467186,110.47604968544897,112.00830078125,996600,OEF,2018,10,41,Friday,111.8406,110.25846862792969,1.59,1.97,0.2,1.59,-0.2
2018-10-15,111.80885138065463,112.34378217902821,111.2104618370587,111.22859191894531,790100,OEF,2018,10,42,Monday,111.6479,112.00830078125,-0.7,-0.18,-0.71,-0.7,0.71
2018-10-16,112.12614169330969,113.80345384753431,111.96294334268461,113.57678985595703,990400,OEF,2018,10,42,Tuesday,112.8673,111.22859191894531,2.11,0.81,0.66,2.11,-0.66
2018-10-17,113.65838996378639,114.06638237266327,112.6066657459695,113.77625274658203,808100,OEF,2018,10,42,Wednesday,113.5269,113.57678985595703,0.18,0.07,-0.85,0.18,0.85
2018-10-18,113.38641572488616,113.58588118432645,111.50057619299034,112.08989715576172,851400,OEF,2018,10,42,Thursday,112.6407,113.77625274658203,-1.48,-0.34,-2.0,-1.48,2.0
2018-10-19,112.43444647982626,113.44989707971214,111.9629813436749,112.29844665527344,1064800,OEF,2018,10,42,Friday,112.5364,112.08989715576172,0.19,0.31,-0.11,0.19,0.11
2018-10-22,112.61575500545067,112.76082330385577,111.60936616628612,111.89043426513672,513800,OEF,2018,10,43,Monday,112.2191,112.29844665527344,-0.36,0.28,-0.61,-0.36,0.61
2018-10-23,110.11338401441255,111.9176346901285,109.38806326211973,111.42803955078125,1216300,OEF,2018,10,43,Tuesday,110.7118,111.89043426513672,-0.41,-1.59,-2.24,-0.41,2.24
2018-10-24,111.31922965748639,111.34642823245946,107.5566056345895,107.77420806884766,1037600,OEF,2018,10,43,Wednesday,109.4991,111.42803955078125,-3.28,-0.1,-3.47,-3.28,3.47
2018-10-25,108.68994358384774,110.8024542058846,108.30914963711878,110.10433197021484,704600,OEF,2018,10,43,Thursday,109.4765,107.77420806884766,2.16,0.85,0.5,2.16,-0.5
2018-10-26,108.25474762954788,109.42433491403406,106.84942780501922,108.00088500976562,1534000,OEF,2018,10,43,Friday,108.1323,110.10433197021484,-1.91,-1.68,-2.96,-1.91,2.96
2018-10-29,109.38807478114236,109.91393705106535,105.3806559322218,107.11236572265625,1200300,OEF,2018,10,44,Monday,107.9488,108.00088500976562,-0.82,1.28,-2.43,-0.82,2.43
2018-10-30,106.91290145617762,108.63554968427414,106.64997031824159,108.49954986572266,1679600,OEF,2018,10,44,Tuesday,107.6745,107.11236572265625,1.3,-0.19,-0.43,1.3,0.43
2018-10-31,109.76885117306229,110.86590419823628,109.56031723137411,109.89578247070312,873200,OEF,2018,10,44,Wednesday,110.0227,108.49954986572266,1.29,1.17,0.98,1.29,-0.98
2018-11-01,110.303780573895,110.89310148441633,109.64191860054632,110.8568344116211,674000,OEF,2018,11,44,Thursday,110.4239,109.89578247070312,0.87,0.37,-0.23,0.87,0.23
2018-11-02,111.22857948394169,111.4099079514895,109.13420593964267,110.01365661621094,886100,OEF,2018,11,44,Friday,110.4466,110.8568344116211,-0.76,0.34,-1.55,-0.76,1.55
2018-11-05,110.27659396137298,110.91125746809256,109.93206708668843,110.7117919921875,342100,OEF,2018,11,45,Monday,110.4579,110.01365661621094,0.63,0.24,-0.07,0.63,0.07
2018-11-06,110.73897548000946,111.4098990570582,110.59391410099974,111.33737182617188,518800,OEF,2018,11,45,Tuesday,111.02,110.7117919921875,0.57,0.02,-0.11,0.57,0.11
2018-11-07,112.34376533482296,113.92134507748415,112.28936126284334,113.83068084716797,615900,OEF,2018,11,45,Wednesday,113.0963,111.33737182617188,2.24,0.9,0.86,2.24,-0.86
2018-11-08,113.55866307000417,113.96665549976836,113.17786921325943,113.6402587890625,356100,OEF,2018,11,45,Thursday,113.5859,113.83068084716797,-0.17,-0.24,-0.57,-0.17,0.57
2018-11-09,113.12348080908768,113.29574768503853,111.953900503935,112.57042694091797,491500,OEF,2018,11,45,Friday,112.7359,113.6402587890625,-0.94,-0.45,-1.48,-0.94,1.48
2018-11-12,112.27121578445173,112.27121578445173,110.06804139549476,110.28563690185547,530100,OEF,2018,11,46,Monday,111.224,112.57042694091797,-2.03,-0.27,-2.22,-2.03,2.22
2018-11-13,110.49417773755704,111.39176531000189,109.74165153934436,110.02271270751953,552600,OEF,2018,11,46,Tuesday,110.4126,110.28563690185547,-0.24,0.19,-0.49,-0.24,0.49
2018-11-14,110.98376380388497,111.07442802004853,108.57205553396359,109.26111602783203,830600,OEF,2018,11,46,Wednesday,109.9728,110.02271270751953,-0.69,0.87,-1.32,-0.69,1.32
2018-11-15,108.78061604808876,110.63925714411397,108.019021228223,110.44886016845703,1440300,OEF,2018,11,46,Thursday,109.4719,109.26111602783203,1.09,-0.44,-1.14,1.09,1.14
2018-11-16,109.77791837264472,110.96563560819884,109.61472000371663,110.59391021728516,703700,OEF,2018,11,46,Friday,110.238,110.44886016845703,0.13,-0.61,-0.76,0.13,0.76
2018-11-19,110.34911730379463,110.35818580196641,108.3182094992699,108.74433898925781,630100,OEF,2018,11,47,Monday,109.4425,110.59391021728516,-1.67,-0.22,-2.06,-1.67,2.06
2018-11-20,107.06700819900173,107.74700022745,106.096886515105,106.54115295410156,894200,OEF,2018,11,47,Tuesday,106.863,108.74433898925781,-2.03,-1.54,-2.43,-2.03,2.43
2018-11-21,107.23930008765149,107.53849831013356,106.66810914065334,106.70437622070312,501800,OEF,2018,11,47,Wednesday,107.0376,106.54115295410156,0.15,0.66,0.12,0.15,-0.12
2018-11-23,105.85210568545864,106.39609799290001,105.7705099520993,105.77957153320312,215100,OEF,2018,11,47,Friday,105.9496,106.70437622070312,-0.87,-0.8,-0.88,-0.87,0.88
2018-11-26,106.82223108159486,107.574757372757,106.61369711615994,107.53849029541016,534100,OEF,2018,11,48,Monday,107.1373,105.77957153320312,1.66,0.99,0.79,1.66,-0.79
2018-11-27,107.07606034406712,108.1005859375,106.73153359247297,108.1005859375,414300,OEF,2018,11,48,Tuesday,107.5022,107.53849029541016,0.52,-0.43,-0.75,0.52,0.75
2018-11-28,108.64461564224155,110.8115234375,108.31821885224767,110.8115234375,850900,OEF,2018,11,48,Wednesday,109.6465,108.1005859375,2.51,0.5,0.2,2.51,-0.2
2018-11-29,110.49419295368148,111.2195137591998,110.00459777840676,110.62112426757812,466600,OEF,2018,11,48,Thursday,110.5849,110.8115234375,-0.17,-0.29,-0.73,-0.17,0.73
2018-11-30,110.56668811647866,111.64561088883966,110.45789383169321,111.52774810791016,665400,OEF,2018,11,48,Friday,111.0495,110.62112426757812,0.82,-0.05,-0.15,0.82,0.15
2018-12-03,113.3138831871613,113.53147871580505,112.25309028589413,112.9058837890625,621900,OEF,2018,12,49,Monday,113.0011,111.52774810791016,1.24,1.6,0.65,1.24,-0.65
2018-12-04,112.55229720875388,112.67016002150528,109.04353531513722,109.20673370361328,927000,OEF,2018,12,49,Tuesday,110.8682,112.9058837890625,-3.28,-0.31,-3.42,-3.28,3.42
2018-12-06,107.30273355147968,109.07071685791016,106.05155079276032,109.07071685791016,1101700,OEF,2018,12,49,Thursday,107.8739,109.20673370361328,-0.12,-1.74,-2.89,-0.12,2.89
2018-12-07,108.86221687949096,109.54220907460328,106.06971393809253,106.42330932617188,781900,OEF,2018,12,49,Friday,107.7244,109.07071685791016,-2.43,-0.19,-2.75,-2.43,2.75
2018-12-10,106.28731730606744,107.12143941221431,104.446799272156,106.71343994140625,1180200,OEF,2018,12,50,Monday,106.1422,106.42330932617188,0.27,-0.13,-1.86,0.27,1.86
2018-12-11,108.1640955035171,108.25475974683944,105.97905057808545,106.71343994140625,828600,OEF,2018,12,50,Tuesday,107.2778,106.71343994140625,0.0,1.36,-0.69,0.0,0.69
2018-12-12,108.10966489746907,108.6808626330011,107.19394727218811,107.24834442138672,802300,OEF,2018,12,50,Wednesday,107.8082,106.71343994140625,0.5,1.31,0.45,0.5,-0.45
2018-12-13,107.69262605523915,108.20035133128954,106.84943548337655,107.40249633789062,982100,OEF,2018,12,50,Thursday,107.5362,107.24834442138672,0.14,0.41,-0.37,0.14,0.37
2018-12-14,106.32356024509473,106.68622407687057,104.97264456189785,105.24464416503906,985300,OEF,2018,12,50,Friday,105.8068,107.40249633789062,-2.01,-1.0,-2.26,-2.01,2.26
2018-12-17,104.70227795929672,105.29479615601356,102.45983057506034,103.10704040527344,1359500,OEF,2018,12,51,Monday,103.891,105.24464416503906,-2.03,-0.52,-2.65,-2.03,2.65
2018-12-18,103.92742760317044,104.31028286567953,102.47803703126841,103.19817352294922,1256600,OEF,2018,12,51,Tuesday,103.4785,103.10704040527344,0.09,0.8,-0.61,0.09,0.61
2018-12-19,103.2802340087866,104.63846281635699,100.72785128485361,101.48445129394531,2379600,OEF,2018,12,51,Wednesday,102.5327,103.19817352294922,-1.66,0.08,-2.39,-1.66,2.39
2018-12-20,100.91017743924772,101.68501275175734,98.92296674658839,99.8709945678711,2534600,OEF,2018,12,51,Thursday,100.3473,101.48445129394531,-1.59,-0.57,-2.52,-1.59,2.52
2018-12-21,100.06239741970907,101.4023978829663,97.34594004595472,97.65586853027344,2890100,OEF,2018,12,51,Friday,99.1167,99.8709945678711,-2.22,0.19,-2.53,-2.22,2.53
2018-12-24,96.90838476293943,97.55559448958333,95.11260223388672,95.11260223388672,1702300,OEF,2018,12,52,Monday,96.1723,97.65586853027344,-2.6,-0.77,-2.6,-2.6,2.6
2018-12-26,95.72335439363913,100.06239478808195,95.01233546155322,100.0441665649414,2426000,OEF,2018,12,52,Wednesday,97.7106,95.11260223388672,5.18,0.64,-0.11,5.18,0.11
2018-12-27,98.70416206788708,100.8463363647461,97.01776983226114,100.8463363647461,2114900,OEF,2018,12,52,Thursday,99.3537,100.0441665649414,0.8,-1.34,-3.03,0.8,3.03
2018-12-28,101.384142465095,102.22277962032113,100.23556995400124,100.70958709716797,1593100,OEF,2018,12,52,Friday,101.138,100.8463363647461,-0.14,0.53,-0.61,-0.14,0.61
2018-12-31,101.51176857571446,101.76700538542784,100.70959475166075,101.66673278808594,1475100,OEF,2018,12,1,Monday,101.4138,100.70958709716797,0.95,0.8,0.0,0.95,-0.0
2019-01-02,100.0350614104117,102.37778131474074,99.88009715306578,102.00404357910156,968600,OEF,2019,1,1,Wednesday,101.0742,101.66673278808594,0.33,-1.6,-1.76,0.33,1.76
2019-01-03,101.05599817556066,101.2474258048273,99.09613394066561,99.26021575927734,1634900,OEF,2019,1,1,Thursday,100.1649,102.00404357910156,-2.69,-0.93,-2.85,-2.69,2.85
2019-01-04,100.82810771272635,103.0249736220741,100.64579767088289,102.77885437011719,1093000,OEF,2019,1,1,Friday,101.8194,99.26021575927734,3.54,1.58,1.4,3.54,-1.4
2019-01-07,102.95207511808199,104.04594950524603,102.3960203341132,103.44432067871094,858800,OEF,2019,1,2,Monday,103.2096,102.77885437011719,0.65,0.17,-0.37,0.65,0.37
2019-01-08,103.94564871289568,104.72047677343522,103.38048344634494,104.3649673461914,926000,OEF,2019,1,2,Tuesday,104.1029,103.44432067871094,0.89,0.48,-0.06,0.89,0.06
2019-01-09,104.74783623683953,105.1306914976384,104.07327378150936,104.70225524902344,761400,OEF,2019,1,2,Wednesday,104.6635,104.3649673461914,0.32,0.37,-0.28,0.32,0.28
2019-01-10,104.00035558339023,105.03042757388636,103.63573546943773,104.9028091430664,564500,OEF,2019,1,2,Thursday,104.3923,104.70225524902344,0.19,-0.67,-1.02,0.19,1.02
2019-01-11,104.45613054380281,104.93926537567832,104.15531966581247,104.89368438720703,452200,OEF,2019,1,2,Friday,104.6111,104.9028091430664,-0.01,-0.43,-0.71,-0.01,0.71
2019-01-14,104.05505365595388,104.6840282177276,103.90008941281273,104.37409973144531,252800,OEF,2019,1,3,Monday,104.2533,104.89368438720703,-0.5,-0.8,-0.95,-0.5,0.95
2019-01-15,104.54732225226442,105.81439619965812,104.54732225226442,105.65031433105469,587300,OEF,2019,1,3,Tuesday,105.1398,104.37409973144531,1.22,0.17,0.17,1.22,-0.17
2019-01-16,105.92375595688429,106.35219223837034,105.8508361073391,105.86906433105469,954600,OEF,2019,1,3,Wednesday,105.999,105.65031433105469,0.21,0.26,0.19,0.21,-0.19
2019-01-17,105.50442119567217,107.03584907780112,105.41326618161199,106.634765625,781900,OEF,2019,1,3,Thursday,106.1471,105.86906433105469,0.72,-0.34,-0.43,0.72,0.43
2019-01-18,107.56456707053813,108.1844309555726,107.0814391955976,107.89273071289062,935600,OEF,2019,1,3,Friday,107.6808,106.634765625,1.18,0.87,0.42,1.18,-0.42
2019-01-22,107.10880131421717,107.27288316037523,105.60471888354893,106.37954711914062,1354100,OEF,2019,1,4,Tuesday,106.5915,107.89273071289062,-1.4,-0.73,-2.12,-1.4,2.12
2019-01-23,106.89001314534566,107.20905920383193,105.58647614523112,106.6985855102539,651200,OEF,2019,1,4,Wednesday,106.596,106.37954711914062,0.3,0.48,-0.75,0.3,0.75
2019-01-24,106.63481486941423,106.83535321108336,105.94202392419588,106.58011627197266,402700,OEF,2019,1,4,Thursday,106.4981,106.6985855102539,-0.11,-0.06,-0.71,-0.11,0.71
2019-01-25,107.29109404057722,107.76511127715067,107.13612980944765,107.37313842773438,1210300,OEF,2019,1,4,Friday,107.3914,106.58011627197266,0.74,0.67,0.52,0.74,-0.52
2019-01-28,106.4159993865247,106.4159993865247,105.52267039347218,106.32484436035156,731000,OEF,2019,1,5,Monday,106.1699,107.37313842773438,-0.98,-0.89,-1.72,-0.98,1.72
2019-01-29,106.35219741096657,106.56186024464867,105.7323334542461,106.01492309570312,328600,OEF,2019,1,5,Tuesday,106.1653,106.32484436035156,-0.29,0.03,-0.56,-0.29,0.56
2019-01-30,106.78061472717151,108.21177004054277,106.47068628125966,107.8744888305664,760600,OEF,2019,1,5,Wednesday,107.3344,106.01492309570312,1.75,0.72,0.43,1.75,-0.43
2019-01-31,107.92007505089813,109.15068521558139,107.86538342948003,108.8772201538086,766200,OEF,2019,1,5,Thursday,108.4533,107.8744888305664,0.93,0.04,-0.01,0.93,0.01
2019-02-01,108.93191522539723,109.44238892062036,108.53994236522733,108.82252502441406,789300,OEF,2019,2,5,Friday,108.9342,108.8772201538086,-0.05,0.05,-0.31,-0.05,0.31
2019-02-04,108.78606764137056,109.70674942519437,108.68580197827644,109.6976318359375,472400,OEF,2019,2,6,Monday,109.2191,108.82252502441406,0.8,-0.03,-0.13,0.8,0.13
2019-02-05,109.91640612993041,110.42687982496652,109.78878770617138,110.31748962402344,500300,OEF,2019,2,6,Tuesday,110.1124,109.6976318359375,0.57,0.2,0.08,0.57,-0.08
2019-02-06,110.18076066299749,110.39041652163617,109.816133614216,110.10783386230469,478400,OEF,2019,2,6,Wednesday,110.1238,110.31748962402344,-0.19,-0.12,-0.45,-0.19,0.45
2019-02-07,109.31478281980527,109.3968272184621,108.09329006719963,108.86811828613281,962100,OEF,2019,2,6,Thursday,108.9183,110.10783386230469,-1.13,-0.72,-1.83,-1.13,1.83
2019-02-08,108.18443956977313,108.8589951306838,107.8015842747711,108.84076690673828,439000,OEF,2019,2,6,Friday,108.4214,108.86811828613281,-0.03,-0.63,-0.98,-0.03,0.98
2019-02-11,109.13245486477803,109.22360988359104,108.56728262064593,108.79517364501953,500300,OEF,2019,2,7,Monday,108.9296,108.84076690673828,-0.04,0.27,-0.25,-0.04,0.25
2019-02-12,109.38771853597136,110.39043789828101,109.38771853597136,110.2354736328125,572000,OEF,2019,2,7,Tuesday,109.8503,108.79517364501953,1.32,0.54,0.54,1.32,-0.54
2019-02-13,110.62743372759068,111.01028902890108,110.48158011489164,110.5180435180664,316800,OEF,2019,2,7,Wednesday,110.6593,110.2354736328125,0.26,0.36,0.22,0.26,-0.22
2019-02-14,110.05316355045942,110.70948401974081,109.6703012500238,110.2354736328125,552300,OEF,2019,2,7,Thursday,110.1671,110.5180435180664,-0.26,-0.42,-0.77,-0.26,0.77
2019-02-15,111.074083983287,111.46605682373047,110.92823734399848,111.46605682373047,550000,OEF,2019,2,7,Friday,111.2336,110.2354736328125,1.12,0.76,0.63,1.12,-0.63
2019-02-19,111.12877760080197,111.95829727678743,111.12877760080197,111.64836883544922,291600,OEF,2019,2,8,Tuesday,111.4661,111.46605682373047,0.16,-0.3,-0.3,0.16,0.3
2019-02-20,111.65748654642816,112.04034876044918,111.34755808544412,111.86714935302734,546100,OEF,2019,2,8,Wednesday,111.7281,111.64836883544922,0.2,0.01,-0.27,0.2,0.27
2019-02-21,111.59368241629869,111.73953601964736,111.01939950114914,111.47518157958984,524600,OEF,2019,2,8,Thursday,111.4569,111.86714935302734,-0.35,-0.24,-0.76,-0.35,0.76
2019-02-22,111.7486445124703,112.19531594815436,111.67572466687588,112.14061737060547,342000,OEF,2019,2,8,Friday,111.9401,111.47518157958984,0.6,0.25,0.18,0.6,-0.18
2019-02-25,112.80604039497207,113.13420397795011,112.42318519972471,112.45053100585938,939900,OEF,2019,2,9,Monday,112.7035,112.14061737060547,0.28,0.59,0.25,0.28,-0.25
2019-02-26,112.17707981148506,112.84252468762688,112.14973400028568,112.47789764404297,266300,OEF,2019,2,9,Tuesday,112.4118,112.45053100585938,0.02,-0.24,-0.27,0.02,0.27
2019-02-27,112.18619482246801,112.56905007982738,111.72129517871322,112.40496826171875,497900,OEF,2019,2,9,Wednesday,112.2204,112.47789764404297,-0.06,-0.26,-0.67,-0.06,0.67
2019-02-28,112.30471654368289,112.52349697831261,111.97655284642184,112.11328887939453,517600,OEF,2019,2,9,Thursday,112.2295,112.40496826171875,-0.26,-0.09,-0.38,-0.26,0.38
2019-03-01,112.85165595185663,113.0339660184001,112.25002021383331,112.92457580566406,472700,OEF,2019,3,9,Friday,112.7651,112.11328887939453,0.72,0.66,0.12,0.72,-0.12
2019-03-04,113.36212723173739,113.52620906992443,111.61192559419764,112.6419906616211,696200,OEF,2019,3,10,Monday,112.7856,112.92457580566406,-0.25,0.39,-1.16,-0.25,1.16
2019-03-05,112.7057917825972,112.92456523290296,112.25000970422866,112.6511001586914,349200,OEF,2019,3,10,Tuesday,112.6329,112.6419906616211,0.01,0.06,-0.35,0.01,0.35
2019-03-06,112.64197337786757,112.65109096600204,111.90360869666189,112.0312271118164,542400,OEF,2019,3,10,Wednesday,112.307,112.6511001586914,-0.55,-0.01,-0.66,-0.55,0.66
2019-03-07,111.8398214415305,111.91274129687326,110.68213093508646,111.08322143554688,1680700,OEF,2019,3,10,Thursday,111.3795,112.0312271118164,-0.85,-0.17,-1.2,-0.85,1.2
2019-03-08,110.1807620773223,110.99205362006688,110.03490847406447,110.9373550415039,732200,OEF,2019,3,10,Friday,110.5363,111.08322143554688,-0.13,-0.81,-0.94,-0.13,0.94
2019-03-11,111.28376191782355,112.70579987898921,111.28376191782355,112.6419906616211,445400,OEF,2019,3,11,Monday,111.9788,110.9373550415039,1.54,0.31,0.31,1.54,-0.31
2019-03-12,112.81520227107302,113.32567606513872,112.79696709003704,113.00662994384766,526400,OEF,2019,3,11,Tuesday,112.9861,112.6419906616211,0.32,0.15,0.14,0.32,-0.14
2019-03-13,113.44414175867415,114.20985916710589,113.3438691581095,113.81788635253906,454800,OEF,2019,3,11,Wednesday,113.7039,113.00662994384766,0.72,0.39,0.3,0.72,-0.3
2019-03-14,113.7905548179521,114.07313747970944,113.61735540349046,113.72674560546875,331300,OEF,2019,3,11,Thursday,113.8019,113.81788635253906,-0.08,-0.02,-0.18,-0.08,0.18
2019-03-15,113.93639629467984,114.64741518856124,113.78143206492257,114.328369140625,588900,OEF,2019,3,11,Friday,114.1734,113.72674560546875,0.53,0.18,0.05,0.53,-0.05
2019-03-18,114.38308963996164,114.86621759867663,114.37397204979243,114.77506256103516,501700,OEF,2019,3,12,Monday,114.5996,114.328369140625,0.39,0.05,0.04,0.39,-0.04
2019-03-19,115.22170558938015,115.62278907101357,114.41952471674877,114.8570785522461,708400,OEF,2019,3,12,Tuesday,115.0303,114.77506256103516,0.07,0.39,-0.31,0.07,0.31
2019-03-20,114.68124926449217,115.4138570420469,114.15926351562568,114.65377044677734,742700,OEF,2019,3,12,Wednesday,114.727,114.8570785522461,-0.18,-0.15,-0.61,-0.18,0.61
2019-03-21,114.21420016899638,115.96330750596994,114.19588095831064,115.79846954345703,523000,OEF,2019,3,12,Thursday,115.043,114.65377044677734,1.0,-0.38,-0.4,1.0,0.4
2019-03-22,115.17577671189072,115.47798087999558,113.57318774293473,113.59150695800781,1120400,OEF,2019,3,12,Friday,114.4546,115.79846954345703,-1.91,-0.54,-1.92,-1.91,1.92
2019-03-25,113.38088115490886,113.90286701171831,112.84974267703396,113.44498443603516,1033400,OEF,2019,3,13,Monday,113.3946,113.59150695800781,-0.13,-0.19,-0.65,-0.13,0.65
2019-03-26,114.33328028556919,114.7820032634017,113.71971929736685,114.26001739501953,510800,OEF,2019,3,13,Tuesday,114.2738,113.44498443603516,0.72,0.78,0.24,0.72,-0.24
2019-03-27,114.34241924418262,114.54388866344341,112.9870839607126,113.68306732177734,725800,OEF,2019,3,13,Wednesday,113.8891,114.26001739501953,-0.5,0.07,-1.11,-0.5,1.11
2019-03-28,113.92116431022879,114.19588961074459,113.40833117314781,114.03105163574219,423000,OEF,2019,3,13,Thursday,113.8891,113.68306732177734,0.31,0.21,-0.24,0.31,0.24
2019-03-29,114.70873855338532,114.80947327347423,114.06769879038919,114.72705078125,830100,OEF,2019,3,13,Friday,114.5782,114.03105163574219,0.61,0.59,0.03,0.61,-0.03
2019-04-01,115.59701862462944,116.15562884490485,115.45965247775771,116.05490112304688,413300,OEF,2019,4,14,Monday,115.8168,114.72705078125,1.16,0.76,0.64,1.16,-0.64
2019-04-02,116.07325038372605,116.1922973560746,115.77104616153197,116.1190414428711,310300,OEF,2019,4,14,Tuesday,116.0389,116.05490112304688,0.06,0.02,-0.24,0.06,0.24
2019-04-03,116.58604217674463,116.79667120499444,115.91753762634164,116.2655258178711,581500,OEF,2019,4,14,Wednesday,116.3914,116.1190414428711,0.13,0.4,-0.17,0.13,0.17
2019-04-04,116.38459172825408,116.73258696324717,116.13733820731024,116.61353302001953,402600,OEF,2019,4,14,Thursday,116.467,116.2655258178711,0.3,0.1,-0.11,0.3,0.11
2019-04-05,116.92486896088782,117.04391588902723,116.75087138483381,116.97981262207031,501100,OEF,2019,4,14,Friday,116.9249,116.61353302001953,0.31,0.27,0.12,0.31,-0.12
2019-04-08,116.76920749088195,117.19961819703671,116.55857844798786,117.1629867553711,389000,OEF,2019,4,15,Monday,116.9226,116.97981262207031,0.16,-0.18,-0.36,0.16,0.36
2019-04-09,116.69593157717921,116.92487282197578,116.4028870633089,116.63182830810547,534800,OEF,2019,4,15,Tuesday,116.6639,117.1629867553711,-0.45,-0.4,-0.65,-0.45,0.65
2019-04-10,116.83330916775913,116.94319650451864,116.61352052077407,116.93404388427734,243100,OEF,2019,4,15,Wednesday,116.831,116.63182830810547,0.26,0.17,-0.02,0.26,0.02
2019-04-11,117.12634490392371,117.12634490392371,116.6043591333637,116.84245300292969,461100,OEF,2019,4,15,Thursday,116.9249,116.93404388427734,-0.08,0.16,-0.28,-0.08,0.28
2019-04-12,117.54758014685615,117.7124111174205,117.24537606069178,117.60252380371094,436800,OEF,2019,4,15,Friday,117.527,116.84245300292969,0.65,0.6,0.34,0.65,-0.34
2019-04-15,117.5934022758843,117.67581778295629,117.15383194463352,117.64834594726562,242800,OEF,2019,4,16,Monday,117.5178,117.60252380371094,0.04,-0.01,-0.38,0.04,0.38
2019-04-16,118.02378289076681,118.11535099522027,117.67578776283929,117.98714447021484,313500,OEF,2019,4,16,Tuesday,117.9505,117.64834594726562,0.29,0.32,0.02,0.29,-0.02
2019-04-17,118.45421102983335,118.48168286258012,117.83148354948757,118.0604248046875,355700,OEF,2019,4,16,Wednesday,118.207,117.98714447021484,0.06,0.4,-0.13,0.06,0.13
2019-04-18,118.39010621149644,118.39010621149644,117.69412979415392,118.18863677978516,760600,OEF,2019,4,16,Thursday,118.1657,118.0604248046875,0.11,0.28,-0.31,0.11,0.31
2019-04-22,117.83147423120195,118.5366171540243,117.83147423120195,118.52745056152344,292700,OEF,2019,4,17,Monday,118.1818,118.18863677978516,0.29,-0.3,-0.3,0.29,0.3
2019-04-23,118.66483570020777,119.57144812132647,118.50915732003972,119.47986602783203,302400,OEF,2019,4,17,Tuesday,119.0563,118.52745056152344,0.8,0.12,-0.02,0.8,0.02
2019-04-24,119.37911765155141,119.47069973456435,119.04028909663869,119.10438537597656,280200,OEF,2019,4,17,Wednesday,119.2486,119.47986602783203,-0.31,-0.08,-0.37,-0.31,0.37
2019-04-25,119.20513049413512,119.54395907865492,118.7380953662728,119.22344970703125,384500,OEF,2019,4,17,Thursday,119.1777,119.10438537597656,0.1,0.08,-0.31,0.1,0.31
2019-04-26,119.26009419390115,119.72714337368842,118.89379371523482,119.70882415771484,447000,OEF,2019,4,17,Friday,119.3975,119.22344970703125,0.41,0.03,-0.28,0.41,0.28
2019-04-29,119.72712694172452,120.23078653739901,119.72712694172452,120.0201644897461,377400,OEF,2019,4,18,Monday,119.9263,119.70882415771484,0.26,0.02,0.02,0.26,-0.02
2019-04-30,119.66299924552662,119.92857889486062,119.0402858132989,119.74541473388672,465000,OEF,2019,4,18,Tuesday,119.5943,120.0201644897461,-0.23,-0.3,-0.82,-0.23,0.82
2019-05-01,120.2033225562059,120.39563937642816,119.09525460517888,119.12272644042969,631300,OEF,2019,5,18,Wednesday,119.7042,119.74541473388672,-0.52,0.38,-0.54,-0.52,0.54
2019-05-02,119.07691954089184,119.38827628126924,118.04210063929462,118.67398071289062,891600,OEF,2019,5,18,Thursday,118.7953,119.12272644042969,-0.38,-0.04,-0.91,-0.38,0.91
2019-05-03,119.37912956840458,120.12089700507777,119.36997694857524,119.9468994140625,582200,OEF,2019,5,18,Friday,119.7042,118.67398071289062,1.07,0.59,0.59,1.07,-0.59
2019-05-06,117.91391512598598,119.58976701937765,117.8040277800151,119.45240783691406,543300,OEF,2019,5,19,Monday,118.69,119.9468994140625,-0.41,-1.69,-1.79,-0.41,1.79
2019-05-07,118.42674526385572,118.57325705485557,116.51279263923524,117.42855072021484,700000,OEF,2019,5,19,Tuesday,117.7353,119.45240783691406,-1.69,-0.86,-2.46,-1.69,2.46
2019-05-08,117.24539947509766,118.00548615146187,116.95235493546402,117.24539947509766,635000,OEF,2019,5,19,Wednesday,117.3622,117.42855072021484,-0.16,-0.16,-0.41,-0.16,0.41
2019-05-09,116.25637760424306,117.0164643202959,115.46881905284212,116.76921081542969,769400,OEF,2019,5,19,Thursday,116.3777,117.24539947509766,-0.41,-0.84,-1.52,-0.41,1.52
2019-05-10,116.36625564981918,117.66664723044944,114.94681713709369,117.23623657226562,720500,OEF,2019,5,19,Friday,116.554,116.76921081542969,0.4,-0.35,-1.56,0.4,1.56
2019-05-13,114.87357996809575,115.34061515323674,113.94865523191828,114.28749084472656,622700,OEF,2019,5,20,Monday,114.6126,117.23623657226562,-2.52,-2.02,-2.8,-2.52,2.8
2019-05-14,114.75451226728387,115.89921854075605,114.6079934973804,115.16661071777344,529700,OEF,2019,5,20,Tuesday,115.1071,114.28749084472656,0.77,0.41,0.28,0.77,-0.28
2019-05-15,114.49811569870606,116.35711783714848,114.42485280981828,116.09154510498047,488400,OEF,2019,5,20,Wednesday,115.3429,115.16661071777344,0.8,-0.58,-0.64,0.8,0.64
2019-05-16,116.42121215845499,117.85896305524365,116.42121215845499,117.25455474853516,393500,OEF,2019,5,20,Thursday,116.989,116.09154510498047,1.0,0.28,0.28,1.0,-0.28
2019-05-17,116.20142473675436,117.65748778882957,116.09153041732628,116.5402603149414,661600,OEF,2019,5,20,Friday,116.6227,117.25455474853516,-0.61,-0.9,-0.99,-0.61,0.99
2019-05-20,115.73441210530284,116.32050131814076,115.42305526767905,115.75273132324219,642600,OEF,2019,5,21,Monday,115.8077,116.5402603149414,-0.68,-0.69,-0.96,-0.68,0.96
2019-05-21,116.49447572599976,116.81499210868256,116.25637484740692,116.65015411376953,231200,OEF,2019,5,21,Tuesday,116.554,115.75273132324219,0.78,0.64,0.44,0.78,-0.44
2019-05-22,116.1648019559351,116.71425962056692,116.06406723563371,116.32048034667969,413400,OEF,2019,5,21,Wednesday,116.3159,116.65015411376953,-0.28,-0.42,-0.5,-0.28,0.5
2019-05-23,115.26733725405062,115.26733725405062,114.22336576562077,114.8735580444336,568900,OEF,2019,5,21,Thursday,114.9079,116.32048034667969,-1.24,-0.91,-1.8,-1.24,1.8
2019-05-24,115.54207178259281,115.65196610105927,114.91935128474832,115.1482925415039,214400,OEF,2019,5,21,Friday,115.3154,114.8735580444336,0.24,0.58,0.04,0.24,-0.04
2019-05-28,115.25819797179012,115.67028947898605,114.10433197021484,114.10433197021484,275000,OEF,2019,5,22,Tuesday,114.7843,115.1482925415039,-0.91,0.1,-0.91,-0.91,0.91
2019-05-29,113.56401603850328,113.69222257553687,112.62993185527873,113.2892837524414,612600,OEF,2019,5,22,Wednesday,113.2939,114.10433197021484,-0.71,-0.47,-1.29,-0.71,1.29
2019-05-30,113.63727025585213,113.85705887616372,113.04202862268839,113.50906372070312,613700,OEF,2019,5,22,Thursday,113.5114,113.2892837524414,0.19,0.31,-0.22,0.19,0.22
2019-05-31,112.20870818368354,112.59332788862416,111.75998519458618,111.7782974243164,604000,OEF,2019,5,22,Friday,112.0851,113.50906372070312,-1.52,-1.15,-1.54,-1.52,1.54
2019-06-03,111.75081597000256,111.97975724896651,110.42295934670504,111.00904846191406,631200,OEF,2019,6,23,Monday,111.2906,111.7782974243164,-0.69,-0.02,-1.21,-0.69,1.21
2019-06-04,112.04385362840155,113.54570776698826,111.93396629277463,113.49992370605469,507600,OEF,2019,6,23,Tuesday,112.7559,111.00904846191406,2.24,0.93,0.83,2.24,-0.83
2019-06-05,114.21421697572458,114.34242352246348,113.38086743518906,114.32410430908203,338500,OEF,2019,6,23,Wednesday,114.0654,113.49992370605469,0.73,0.63,-0.1,0.73,0.1
2019-06-06,114.44313868548193,115.47795048930628,114.25998151662037,115.18490600585938,374100,OEF,2019,6,23,Thursday,114.8415,114.32410430908203,0.75,0.1,-0.06,0.75,0.06
2019-06-07,115.60617606663455,117.00729545236209,115.60617606663455,116.5402603149414,262400,OEF,2019,6,23,Friday,116.19,115.18490600585938,1.18,0.37,0.37,1.18,-0.37
2019-06-10,117.24541254796358,117.97802747210073,117.10804637634615,117.17214965820312,284500,OEF,2019,6,24,Monday,117.3759,116.5402603149414,0.54,0.61,0.49,0.54,-0.49
2019-06-11,118.02379501346743,118.19779259530318,117.02560755284695,117.23623657226562,215100,OEF,2019,6,24,Tuesday,117.6209,117.17214965820312,0.05,0.73,-0.13,0.05,0.13
2019-06-12,117.12635862825103,117.3278210830135,116.79668263066401,116.9706802368164,174600,OEF,2019,6,24,Wednesday,117.0554,117.23623657226562,-0.23,-0.09,-0.37,-0.23,0.37
2019-06-13,117.41026846098553,117.63004317723579,117.08974503516227,117.5384750366211,285700,OEF,2019,6,24,Thursday,117.4171,116.9706802368164,0.49,0.38,0.1,0.49,-0.1
2019-06-14,117.30951076336908,117.71243565545119,117.07140290274558,117.42855072021484,501700,OEF,2019,6,24,Friday,117.3805,117.5384750366211,-0.09,-0.19,-0.4,-0.09,0.4
2019-06-17,117.51150205255182,117.92628528837179,117.49307052378786,117.67741394042969,310500,OEF,2019,6,25,Monday,117.6521,117.42855072021484,0.21,0.07,0.05,0.21,-0.05
2019-06-18,118.48852503873275,119.32730363961518,118.39634631124049,118.8479995727539,670000,OEF,2019,6,25,Tuesday,118.765,117.67741394042969,0.99,0.69,0.61,0.99,-0.61
2019-06-19,118.97707178279487,119.27201847010885,118.22124540464154,119.00472259521484,387700,OEF,2019,6,25,Wednesday,118.8688,118.8479995727539,0.13,0.11,-0.53,0.13,0.53
2019-06-20,120.28589618874365,120.40572572006943,119.3088635734691,120.17529296875,482300,OEF,2019,6,25,Thursday,120.0439,119.00472259521484,0.98,1.08,0.26,0.98,-0.26
2019-06-21,120.0554958093643,120.75600649904247,120.03705724622723,120.14767456054688,439300,OEF,2019,6,25,Friday,120.2491,120.17529296875,-0.02,-0.1,-0.12,-0.02,0.12
2019-06-24,120.1753183435855,120.34122320860654,119.97253635444737,120.0093994140625,249200,OEF,2019,6,26,Monday,120.1246,120.14767456054688,-0.12,0.02,-0.15,-0.12,0.15
2019-06-25,120.03704411048253,120.04627042329281,118.59914576220235,118.72818756103516,367700,OEF,2019,6,26,Tuesday,119.3527,120.0093994140625,-1.07,0.02,-1.18,-1.07,1.18
2019-06-26,119.1613829370116,119.34572632470304,118.6820788774147,118.71895599365234,186100,OEF,2019,6,26,Wednesday,118.977,118.72818756103516,-0.01,0.36,-0.04,-0.01,0.04
2019-06-27,119.09689945862178,119.29045514249378,118.82958952346182,119.0323715209961,284400,OEF,2019,6,26,Thursday,119.0623,118.71895599365234,0.26,0.32,0.09,0.26,-0.09
2019-06-28,119.47480962801583,119.61307776521603,119.0231702808718,119.44715881347656,449300,OEF,2019,6,26,Friday,119.3896,119.0323715209961,0.35,0.37,-0.01,0.35,0.01
2019-07-01,120.9495533270596,121.0878073631273,120.03703449551247,120.52555084228516,488900,OEF,2019,7,27,Monday,120.65,119.44715881347656,0.9,1.26,0.49,0.9,-0.49
2019-07-02,120.48870438836086,121.03252242448754,120.2213944624667,121.01408386230469,422500,OEF,2019,7,27,Tuesday,120.6892,120.52555084228516,0.41,-0.03,-0.25,0.41,0.25
2019-07-03,121.31826495474793,121.95426177978516,121.27218964296505,121.95426177978516,163200,OEF,2019,7,27,Wednesday,121.6247,121.01408386230469,0.78,0.25,0.21,0.78,-0.21
2019-07-05,121.4288807149418,121.92660940474433,120.99566589951053,121.77912902832031,178500,OEF,2019,7,27,Friday,121.5326,121.95426177978516,-0.14,-0.43,-0.79,-0.14,0.79
2019-07-08,121.20765537773951,121.27218331407278,120.85739301364981,121.14312744140625,250500,OEF,2019,7,28,Monday,121.1201,121.77912902832031,-0.52,-0.47,-0.76,-0.52,0.76
2019-07-09,120.61774508521263,121.52103772083527,120.61774508521263,121.4012222290039,322500,OEF,2019,7,28,Tuesday,121.0394,121.14312744140625,0.21,-0.43,-0.43,0.21,0.43
2019-07-10,121.8897247403919,122.48884432474121,121.73303214240055,122.15702056884766,370400,OEF,2019,7,28,Wednesday,122.0672,121.4012222290039,0.62,0.4,0.27,0.62,-0.27
2019-07-11,122.4151420254092,122.56262242132641,121.98192715271782,122.3598403930664,306100,OEF,2019,7,28,Thursday,122.3299,122.15702056884766,0.17,0.21,-0.14,0.17,0.14
2019-07-12,122.57181476875641,122.86677551269531,122.42434846128936,122.86677551269531,264800,OEF,2019,7,28,Friday,122.6824,122.3598403930664,0.41,0.17,0.05,0.41,-0.05
2019-07-15,123.03266114016455,123.03266114016455,122.6824128921448,122.96814727783203,241200,OEF,2019,7,29,Monday,122.929,122.86677551269531,0.08,0.14,-0.15,0.08,0.15
2019-07-16,122.89439852695452,122.97735094323596,122.35058060088825,122.498046875,212700,OEF,2019,7,29,Tuesday,122.6801,122.96814727783203,-0.38,-0.06,-0.5,-0.38,0.5
2019-07-17,122.55339368454052,122.62711980807661,121.71461486816406,121.71461486816406,475100,OEF,2019,7,29,Wednesday,122.1524,122.498046875,-0.64,0.05,-0.64,-0.64,0.64
2019-07-18,121.45654242897666,122.21235481310892,121.17080796432286,122.08331298828125,401300,OEF,2019,7,29,Thursday,121.7308,121.71461486816406,0.3,-0.21,-0.45,0.3,0.45
2019-07-19,122.67321012706513,122.67321012706513,121.28140098644784,121.37356567382812,519900,OEF,2019,7,29,Friday,122.0003,122.08331298828125,-0.58,0.48,-0.66,-0.58,0.66
2019-07-22,121.55792965657304,121.94505511901073,121.28140745068794,121.76071166992188,486000,OEF,2019,7,30,Monday,121.6363,121.37356567382812,0.32,0.15,-0.08,0.32,0.08
2019-07-23,122.29525543437786,122.57177753168811,121.91735643470192,122.52568817138672,244600,OEF,2019,7,30,Tuesday,122.3275,121.76071166992188,0.63,0.44,0.13,0.63,-0.13
2019-07-24,122.17549407656992,123.10643768310547,122.17549407656992,123.10643768310547,312800,OEF,2019,7,30,Wednesday,122.641,122.52568817138672,0.47,-0.29,-0.29,0.47,0.29
2019-07-25,123.00506450616267,123.05115389355592,122.22160117850304,122.56263732910156,301400,OEF,2019,7,30,Thursday,122.7101,123.10643768310547,-0.44,-0.08,-0.72,-0.44,0.72
2019-07-26,123.07876533729736,123.69632355017757,122.94051128385473,123.59493255615234,309700,OEF,2019,7,30,Friday,123.3276,122.56263732910156,0.84,0.42,0.31,0.84,-0.31
2019-07-29,123.54887573293261,123.54887573293261,123.09723632969929,123.4106216430664,137200,OEF,2019,7,31,Monday,123.4014,123.59493255615234,-0.15,-0.04,-0.4,-0.15,0.4
2019-07-30,122.78384385148341,123.20783241200235,122.59948632307892,122.94053649902344,248700,OEF,2019,7,31,Tuesday,122.8829,123.4106216430664,-0.38,-0.51,-0.66,-0.38,0.66
2019-07-31,123.06032763005354,123.12485556510951,120.63618413434396,121.41964721679688,524200,OEF,2019,7,31,Wednesday,122.0603,122.94053649902344,-1.24,0.1,-1.87,-1.24,1.87
2019-08-01,121.62242648047189,123.06955118513176,120.13843871696473,120.44261169433594,744900,OEF,2019,8,31,Thursday,121.3183,121.41964721679688,-0.8,0.17,-1.06,-0.8,1.06
2019-08-02,120.08315315815933,120.08315315815933,118.7927349583801,119.61307525634766,698500,OEF,2019,8,31,Friday,119.643,120.44261169433594,-0.69,-0.3,-1.37,-0.69,1.37
2019-08-05,117.73272745471445,117.73272745471445,115.050486328595,115.91691589355469,900000,OEF,2019,8,32,Monday,116.6082,119.61307525634766,-3.09,-1.57,-3.81,-3.09,3.81
2019-08-06,116.8570749655481,117.62211351363915,116.12890650760907,117.53915405273438,522700,OEF,2019,8,32,Tuesday,117.0368,115.91691589355469,1.4,0.81,0.18,1.4,-0.18
2019-08-07,116.15657318886072,117.77882221596266,115.05049846216716,117.49308776855469,532500,OEF,2019,8,32,Wednesday,116.6197,117.53915405273438,-0.04,-1.18,-2.12,-0.04,2.12
2019-08-08,118.2120094881859,119.76973724365234,118.00001528057506,119.76973724365234,459800,OEF,2019,8,32,Thursday,118.9379,117.49308776855469,1.94,0.61,0.43,1.94,-0.43
2019-08-09,119.34575499152466,119.55776329956815,118.09219996382072,118.90332794189453,480400,OEF,2019,8,32,Friday,118.9748,119.76973724365234,-0.72,-0.35,-1.4,-0.72,1.4
2019-08-12,118.20281332653762,118.4793214330069,117.06908086425707,117.54837799072266,194600,OEF,2019,8,33,Monday,117.8249,118.90332794189453,-1.14,-0.59,-1.54,-1.14,1.54
2019-08-13,117.3916714240297,120.05547369428251,117.29949972207719,119.42870330810547,301200,OEF,2019,8,33,Tuesday,118.5438,117.54837799072266,1.6,-0.13,-0.21,1.6,0.21
2019-08-14,117.60368163481903,117.81568290717681,115.89848030383641,115.90769958496094,607600,OEF,2019,8,33,Wednesday,116.8064,119.42870330810547,-2.95,-1.53,-2.96,-2.95,2.96
2019-08-15,116.32246488132647,116.59898703105917,115.23482187516174,116.11968994140625,374700,OEF,2019,8,33,Thursday,116.069,115.90769958496094,0.18,0.36,-0.58,0.18,0.58
2019-08-16,116.98612098257176,118.05533253877675,116.98612098257176,117.90785217285156,322700,OEF,2019,8,33,Friday,117.4839,116.11968994140625,1.54,0.75,0.75,1.54,-0.75
2019-08-19,119.2627962717012,119.64992167778897,119.0047126676427,119.39183807373047,271800,OEF,2019,8,34,Monday,119.3273,117.90785217285156,1.26,1.15,0.93,1.26,-0.93
2019-08-20,119.2167178225,119.36419819961728,118.36872675082994,118.39637756347656,410200,OEF,2019,8,34,Tuesday,118.8365,119.39183807373047,-0.83,-0.15,-0.86,-0.83,0.86
2019-08-21,119.44714880832748,119.64071855839242,119.170626621593,119.45637512207031,307400,OEF,2019,8,34,Wednesday,119.4287,118.39637756347656,0.9,0.89,0.65,0.9,-0.65
2019-08-22,119.76054211828541,120.01863982391356,118.64525511153366,119.36420440673828,362200,OEF,2019,8,34,Thursday,119.4472,119.45637512207031,-0.08,0.25,-0.68,-0.08,0.68
2019-08-23,118.76506585783194,119.50243953588257,115.6588293100638,116.19342803955078,844200,OEF,2019,8,34,Friday,117.5299,119.36420440673828,-2.66,-0.5,-3.1,-2.66,3.1
2019-08-26,117.28107134132705,117.63133368429645,116.6266430587404,117.60367584228516,424900,OEF,2019,8,35,Monday,117.2857,116.19342803955078,1.21,0.94,0.37,1.21,-0.37
2019-08-27,118.29498033515301,118.45167295340316,116.8847327063996,117.1612548828125,339100,OEF,2019,8,35,Tuesday,117.6982,117.60367584228516,-0.38,0.59,-0.61,-0.38,0.61
2019-08-28,116.89394935945985,118.07377119101174,116.56212556812508,118.0184555053711,264200,OEF,2019,8,35,Wednesday,117.3871,117.1612548828125,0.73,-0.23,-0.51,0.73,0.51
2019-08-29,119.1706423296013,119.68682370964534,118.66370132902074,119.47481536865234,378700,OEF,2019,8,35,Thursday,119.249,118.0184555053711,1.23,0.98,0.55,1.23,-0.55
2019-08-30,120.09235229466087,120.09235229466087,118.94018829048709,119.38262939453125,348900,OEF,2019,8,35,Friday,119.6269,119.47481536865234,-0.08,0.52,-0.45,-0.08,0.45
2019-09-03,118.67288227683902,118.94940442708327,118.07376267172714,118.62679290771484,301600,OEF,2019,9,36,Tuesday,118.5807,119.38262939453125,-0.63,-0.59,-1.1,-0.63,1.1
2019-09-04,119.64074277220787,120.06473135510852,119.2904803271552,120.0555191040039,170900,OEF,2019,9,36,Wednesday,119.7629,118.62679290771484,1.2,0.85,0.56,1.2,-0.56
2019-09-05,121.17079847961423,122.0740911827021,121.17079847961423,121.7330551147461,333600,OEF,2019,9,36,Thursday,121.5372,120.0555191040039,1.4,0.93,0.93,1.4,-0.93
2019-09-06,121.89895999175076,121.98191243025309,121.41044354567752,121.7330551147461,148400,OEF,2019,9,36,Friday,121.7561,121.7330551147461,0.0,0.14,-0.27,0.0,0.27
2019-09-09,122.1846775234891,122.1846775234891,121.4196389904543,121.82520294189453,271500,OEF,2019,9,37,Monday,121.9035,121.7330551147461,0.08,0.37,-0.26,0.08,0.26
2019-09-10,121.52106781873647,121.87133026123047,121.05098985473563,121.87133026123047,399900,OEF,2019,9,37,Tuesday,121.5787,121.82520294189453,0.04,-0.25,-0.64,0.04,0.64
2019-09-11,122.0372032627442,122.85754345477746,121.79755821787553,122.83911895751953,270300,OEF,2019,9,37,Wednesday,122.3829,121.87133026123047,0.79,0.14,-0.06,0.79,0.06
2019-09-12,123.18017942153926,123.81617631559722,122.87600638244614,123.28157043457031,565100,OEF,2019,9,37,Thursday,123.2885,122.83911895751953,0.36,0.28,0.03,0.36,-0.03
2019-09-13,123.40139250669397,123.49355719915853,122.98660216484063,123.12487030029297,307400,OEF,2019,9,37,Friday,123.2516,123.28157043457031,-0.13,0.1,-0.24,-0.13,0.24
2019-09-16,122.64551769527071,122.86673818601854,122.2768309418558,122.52568817138672,384000,OEF,2019,9,38,Monday,122.5787,123.12487030029297,-0.49,-0.39,-0.69,-0.49,0.69
2019-09-17,122.461205796206,122.84833120614849,122.36902705190944,122.83911895751953,195600,OEF,2019,9,38,Tuesday,122.6294,122.52568817138672,0.26,-0.05,-0.13,0.26,0.13
2019-09-18,122.60870907668925,122.995834558985,121.80679323203688,122.94974517822266,273500,OEF,2019,9,38,Wednesday,122.5903,122.83911895751953,0.09,-0.19,-0.84,0.09,0.84
2019-09-19,123.17093330881578,123.60414805771184,122.80223242438262,122.97736358642578,235800,OEF,2019,9,38,Thursday,123.1387,122.94974517822266,0.02,0.18,-0.12,0.02,0.12
2019-09-20,123.30920133387527,123.36450295668648,122.06485856261392,122.22156524658203,878000,OEF,2019,9,38,Friday,122.74,122.97736358642578,-0.61,0.27,-0.74,-0.61,0.74
2019-09-23,121.92660311371208,122.59025070887517,121.92660311371208,122.26763916015625,162700,OEF,2019,9,39,Monday,122.1778,122.22156524658203,0.04,-0.24,-0.24,0.04,0.24
2019-09-24,122.84185287663567,122.98076669033524,120.80437019653468,121.14703369140625,589800,OEF,2019,9,39,Tuesday,121.9435,122.26763916015625,-0.92,0.47,-1.2,-0.92,1.2
2019-09-25,121.27668612578498,122.25838138507149,120.62839813678617,122.07315826416016,285100,OEF,2019,9,39,Wednesday,121.5592,121.14703369140625,0.76,0.11,-0.43,0.76,0.43
2019-09-26,122.04538892743453,122.04538892743453,121.09147632477469,121.6656723022461,290600,OEF,2019,9,39,Thursday,121.712,122.07315826416016,-0.33,-0.02,-0.8,-0.33,0.8
2019-09-27,122.09168409857277,122.09168409857277,120.48021327971153,121.13777160644531,709900,OEF,2019,9,39,Friday,121.4503,121.6656723022461,-0.43,0.35,-0.97,-0.43,0.97
2019-09-30,121.43413967267797,122.02686220293386,121.41562725070924,121.77681732177734,279200,OEF,2019,9,40,Monday,121.6634,121.13777160644531,0.53,0.24,0.23,0.53,-0.23
2019-10-01,122.13799314477929,122.51769559352178,120.35055541992188,120.35055541992188,330500,OEF,2019,10,40,Tuesday,121.3392,121.77681732177734,-1.17,0.3,-1.17,-1.17,1.17
2019-10-02,119.7022639029366,119.73004666344848,117.73886639232683,118.22972106933594,518300,OEF,2019,10,40,Wednesday,118.8502,120.35055541992188,-1.76,-0.54,-2.17,-1.76,2.17
2019-10-03,118.22044672351844,119.30402374267578,116.9423833331811,119.30402374267578,469300,OEF,2019,10,40,Thursday,118.4427,118.22972106933594,0.91,-0.01,-1.09,0.91,1.09
2019-10-04,119.68375058227731,121.1007280514914,119.68375058227731,121.01737976074219,294800,OEF,2019,10,40,Friday,120.3714,119.30402374267578,1.44,0.32,0.32,1.44,-0.32
2019-10-07,120.73951975363501,121.44338734239385,120.48947491916066,120.56355285644531,325100,OEF,2019,10,41,Monday,120.809,121.01737976074219,-0.38,-0.23,-0.44,-0.38,0.44
2019-10-08,119.72078930020426,120.13754483548442,118.74835029680547,118.75760650634766,552500,OEF,2019,10,41,Tuesday,119.3411,120.56355285644531,-1.5,-0.7,-1.51,-1.5,1.51
2019-10-09,119.6837314083062,120.28572416327545,119.4151600261566,119.8967514038086,431900,OEF,2019,10,41,Wednesday,119.8203,118.75760650634766,0.96,0.78,0.55,0.96,-0.55
2019-10-10,119.82266896175447,121.11924493080679,119.82266896175447,120.72101593017578,354900,OEF,2019,10,41,Thursday,120.3714,119.8967514038086,0.69,-0.06,-0.06,0.69,0.06
2019-10-11,121.95274830322215,122.84183900536024,121.79530795493446,121.86940002441406,845000,OEF,2019,10,41,Friday,122.1148,120.72101593017578,0.95,1.02,0.89,0.95,-0.89
2019-10-14,121.74902342120839,122.0916869073456,121.61936582118742,121.79531860351562,253000,OEF,2019,10,42,Monday,121.8138,121.86940002441406,-0.06,-0.1,-0.21,-0.06,0.21
2019-10-15,122.26761501324735,123.42527683585374,122.26761501324735,123.11038208007812,494100,OEF,2019,10,42,Tuesday,122.7677,121.79531860351562,1.08,0.39,0.39,1.08,-0.39
2019-10-16,122.9344770045444,123.22157498677532,122.74923973583586,122.94373321533203,243800,OEF,2019,10,42,Wednesday,122.9623,123.11038208007812,-0.14,-0.14,-0.29,-0.14,0.29
2019-10-17,123.55497011672107,123.6661011617048,122.96224765744427,123.28638458251953,315500,OEF,2019,10,42,Thursday,123.3674,122.94373321533203,0.28,0.5,0.02,0.28,-0.02
2019-10-18,123.00857204502468,123.26788726951177,122.12873739235071,122.45288848876953,517200,OEF,2019,10,42,Friday,122.7145,123.28638458251953,-0.68,-0.23,-0.94,-0.68,0.94
2019-10-21,123.0733674387045,123.44381364249232,122.89740054583939,123.41603088378906,224400,OEF,2019,10,43,Monday,123.2077,122.45288848876953,0.79,0.51,0.36,0.79,-0.36
2019-10-22,123.76798448803422,123.86985933013123,123.00856540918114,123.0733871459961,442200,OEF,2019,10,43,Tuesday,123.4299,123.41603088378906,-0.28,0.29,-0.33,-0.28,0.33
2019-10-23,122.8974198607006,123.38826751708984,122.8048153610081,123.38826751708984,268500,OEF,2019,10,43,Wednesday,123.1197,123.0733871459961,0.26,-0.14,-0.22,0.26,0.22
2019-10-24,123.85130100755526,123.85130100755526,123.20301314760688,123.55494689941406,290800,OEF,2019,10,43,Thursday,123.6151,123.38826751708984,0.14,0.38,-0.15,0.14,0.15
2019-10-25,123.18448888407156,124.46255221139576,123.18448888407156,124.22176361083984,323700,OEF,2019,10,43,Friday,123.7633,123.55494689941406,0.54,-0.3,-0.3,0.54,0.3
2019-10-28,124.85154278415406,125.31460763485214,124.85154278415406,125.14791107177734,291000,OEF,2019,10,44,Monday,125.0414,124.22176361083984,0.75,0.51,0.51,0.75,-0.51
2019-10-29,125.01825858563693,125.28682999210069,124.65706855260312,124.79598236083984,626400,OEF,2019,10,44,Tuesday,124.9395,125.14791107177734,-0.28,-0.1,-0.39,-0.28,0.39
2019-10-30,124.99047117621211,125.49057499888625,124.4347877006917,125.29608154296875,386300,OEF,2019,10,44,Wednesday,125.053,124.79598236083984,0.4,0.16,-0.29,0.4,0.29
2019-10-31,125.4257421782525,125.46279528104866,124.55519210519702,125.17569732666016,369700,OEF,2019,10,44,Thursday,125.1549,125.29608154296875,-0.1,0.1,-0.59,-0.1,0.59
2019-11-01,125.79623221793575,126.33338928222656,125.68510114657265,126.33338928222656,211800,OEF,2019,11,44,Friday,126.037,125.17569732666016,0.92,0.5,0.41,0.92,-0.41
2019-11-04,127.07427057895976,127.2224406005196,126.79642882465473,126.92608642578125,161700,OEF,2019,11,45,Monday,127.0048,126.33338928222656,0.47,0.59,0.37,0.47,-0.37
2019-11-05,127.1113148055999,127.16688033243398,126.77790751297617,126.94461822509766,263200,OEF,2019,11,45,Tuesday,127.0002,126.92608642578125,0.01,0.15,-0.12,0.01,0.12
2019-11-06,126.96313890536105,127.10206686310288,126.54638329537589,126.93535614013672,354100,OEF,2019,11,45,Wednesday,126.8867,126.94461822509766,-0.01,0.01,-0.31,-0.01,0.31
2019-11-07,127.6021453534056,128.0652101904064,127.30579120616612,127.5280532836914,301200,OEF,2019,11,45,Thursday,127.6253,126.93535614013672,0.47,0.53,0.29,0.47,-0.29
2019-11-08,127.43544657334697,127.96333312988281,127.10203933125486,127.96333312988281,228000,OEF,2019,11,45,Friday,127.616,127.5280532836914,0.34,-0.07,-0.33,0.34,0.33
2019-11-11,127.33355097796694,127.75956263739285,127.22240582765231,127.68547058105469,106700,OEF,2019,11,46,Monday,127.5002,127.96333312988281,-0.22,-0.49,-0.58,-0.22,0.58
2019-11-12,127.8707234064823,128.3523006340804,127.61139411181557,127.89850616455078,228400,OEF,2019,11,46,Tuesday,127.9332,127.68547058105469,0.17,0.15,-0.06,0.17,0.06
2019-11-13,127.53734248281563,128.10228223275539,127.3984145322026,127.92631530761719,494100,OEF,2019,11,46,Wednesday,127.7411,127.89850616455078,0.02,-0.28,-0.39,0.02,0.39
2019-11-14,127.68551076080624,128.0004056322374,127.34284725757672,127.9355697631836,201500,OEF,2019,11,46,Thursday,127.7411,127.92631530761719,0.01,-0.19,-0.46,0.01,0.46
2019-11-15,128.55609200076984,128.9172821044922,128.2412112193957,128.9172821044922,352800,OEF,2019,11,46,Friday,128.658,127.9355697631836,0.77,0.49,0.24,0.77,-0.24
2019-11-18,128.81536136705122,129.17655134212643,128.4912244893056,129.02838134765625,263700,OEF,2019,11,47,Monday,128.8779,128.9172821044922,0.09,-0.08,-0.33,0.09,0.33
2019-11-19,129.32475220296902,129.32475220296902,128.63015492012616,128.80612182617188,206600,OEF,2019,11,47,Tuesday,129.0214,129.02838134765625,-0.17,0.23,-0.31,-0.17,0.31
2019-11-20,128.60236214734988,128.77832903969616,127.58361389251178,128.29673767089844,477900,OEF,2019,11,47,Wednesday,128.3153,128.80612182617188,-0.4,-0.16,-0.95,-0.4,0.95
2019-11-21,128.3893656776614,128.50049672027475,127.83368220135903,128.28749084472656,211800,OEF,2019,11,47,Thursday,128.2528,128.29673767089844,-0.01,0.07,-0.36,-0.01,0.36
2019-11-22,128.61163331677514,128.6857253922562,128.16709499550728,128.56533813476562,190000,OEF,2019,11,47,Friday,128.5074,128.28749084472656,0.22,0.25,-0.09,0.22,0.09
2019-11-25,129.01912924480553,129.56554238891786,129.00987303497277,129.52850341796875,203300,OEF,2019,11,48,Monday,129.2808,128.56533813476562,0.75,0.35,0.35,0.75,-0.35
2019-11-26,129.65816304982476,129.91747824539496,129.50997890046514,129.82485961914062,177200,OEF,2019,11,48,Tuesday,129.7276,129.52850341796875,0.23,0.1,-0.01,0.23,0.01
2019-11-27,130.11199323858003,130.4639129870213,129.96380906469915,130.41761779785156,162400,OEF,2019,11,48,Wednesday,130.2393,129.82485961914062,0.46,0.22,0.11,0.46,-0.11
2019-11-29,130.23237759631635,130.32499623582157,129.88045785576125,129.96380615234375,112900,OEF,2019,11,48,Friday,130.1004,130.41761779785156,-0.35,-0.14,-0.41,-0.35,0.41
2019-12-02,130.14899743990415,130.14899743990415,128.62088918348368,128.97280883789062,329000,OEF,2019,12,49,Monday,129.4729,129.96380615234375,-0.76,0.14,-1.03,-0.76,1.03
2019-12-03,127.62069535958645,128.06523372795758,126.97240729495773,128.0004119873047,381100,OEF,2019,12,49,Tuesday,127.6647,128.97280883789062,-0.75,-1.05,-1.55,-0.75,1.55
2019-12-04,128.5931018322574,129.0561666366492,128.37082563876743,128.8524169921875,168200,OEF,2019,12,49,Wednesday,128.7181,128.0004119873047,0.67,0.46,0.29,0.67,-0.29
2019-12-05,129.17657011610572,129.17657011610572,128.472716612325,129.05618286132812,387900,OEF,2019,12,49,Thursday,128.9705,128.8524169921875,0.16,0.25,-0.29,0.16,0.29
2019-12-06,129.95456348740157,130.5194891997617,129.95456348740157,130.34353637695312,189900,OEF,2019,12,49,Friday,130.193,129.05618286132812,1.0,0.7,0.7,1.0,-0.7
2019-12-09,130.15825844815342,130.61206707677923,129.9545229205198,129.99156188964844,249900,OEF,2019,12,50,Monday,130.1791,130.34353637695312,-0.27,-0.14,-0.3,-0.27,0.3
2019-12-10,129.9730296102913,130.23234477761378,129.44514306667648,129.87115478515625,197600,OEF,2019,12,50,Tuesday,129.8804,129.99156188964844,-0.09,-0.01,-0.42,-0.09,0.42
2019-12-11,130.02859006236957,130.30643176842574,129.86189351770557,130.22308349609375,175600,OEF,2019,12,50,Wednesday,130.105,129.87115478515625,0.27,0.12,-0.01,0.27,0.01
2019-12-12,130.20458964063982,131.6400937060274,130.08420237202625,131.3066864013672,919300,OEF,2019,12,50,Thursday,130.8089,130.22308349609375,0.83,-0.01,-0.11,0.83,0.11
2019-12-13,131.2510832291381,131.94568040366502,130.90841981182183,131.4085235595703,431800,OEF,2019,12,50,Friday,131.3784,131.3066864013672,0.08,-0.04,-0.3,0.08,0.3
2019-12-16,132.16685362488363,132.68788927266172,132.16685362488363,132.3994598388672,223300,OEF,2019,12,51,Monday,132.3553,131.4085235595703,0.75,0.58,0.58,0.75,-0.58
2019-12-17,132.6506686895512,132.70649190522306,132.42736162970812,132.43666076660156,269900,OEF,2019,12,51,Tuesday,132.5553,132.3994598388672,0.03,0.19,0.02,0.03,-0.02
2019-12-18,132.65997769721247,132.77162413686344,132.3250241811029,132.35293579101562,352100,OEF,2019,12,51,Wednesday,132.5274,132.43666076660156,-0.06,0.17,-0.08,-0.06,0.08
2019-12-19,132.42732227193008,132.96697019163264,132.42732227193008,132.95765686035156,283800,OEF,2019,12,51,Thursday,132.6948,132.35293579101562,0.46,0.06,0.06,0.46,-0.06
2019-12-20,133.6182872945807,133.75784531608133,133.3577695230104,133.4322052001953,326900,OEF,2019,12,51,Friday,133.5415,132.95765686035156,0.36,0.5,0.3,0.36,-0.3
2019-12-23,133.78577097515415,133.8416083867741,133.63691380229997,133.7113494873047,348900,OEF,2019,12,52,Monday,133.7439,133.4322052001953,0.21,0.26,0.15,0.21,-0.15
2019-12-24,133.76718146241984,133.80439220878156,133.55317353008235,133.67413330078125,61800,OEF,2019,12,52,Tuesday,133.6997,133.7113494873047,-0.03,0.04,-0.12,-0.03,0.12
2019-12-26,133.86951194226793,134.62315368652344,133.86019860898045,134.62315368652344,231200,OEF,2019,12,52,Thursday,134.244,133.67413330078125,0.71,0.15,0.14,0.71,-0.14
2019-12-27,134.95809733846187,135.0232196809675,134.37192527014432,134.61383056640625,332600,OEF,2019,12,52,Friday,134.7418,134.62315368652344,-0.01,0.25,-0.19,-0.01,0.19
2019-12-30,134.6324817211255,134.6603933326702,133.56249875282438,133.79510498046875,377700,OEF,2019,12,1,Monday,134.1626,134.61383056640625,-0.61,0.01,-0.78,-0.61,0.78
2019-12-31,133.48803684169974,134.1393313117701,133.32986634162228,134.0648956298828,372100,OEF,2019,12,1,Tuesday,133.7555,133.79510498046875,0.2,-0.23,-0.35,0.2,0.35
2020-01-02,134.82786728259566,135.65594482421875,134.5301245184741,135.65594482421875,462800,OEF,2020,1,1,Thursday,135.1675,134.0648956298828,1.19,0.57,0.35,1.19,-0.35
2020-01-03,134.14860088628487,135.13486280608672,134.03695448663433,134.50216674804688,470600,OEF,2020,1,1,Friday,134.4556,135.65594482421875,-0.85,-1.11,-1.19,-0.85,1.19
2020-01-06,133.64622947311975,135.18142484944812,133.64622947311975,135.11630249023438,209400,OEF,2020,1,2,Monday,134.3975,134.50216674804688,0.46,-0.64,-0.64,0.46,0.64
2020-01-07,134.90228393921365,135.00463122529493,134.56733047541627,134.62315368652344,199800,OEF,2020,1,2,Tuesday,134.7743,135.11630249023438,-0.36,-0.16,-0.41,-0.36,0.41
2020-01-08,134.67899389082243,136.00019544329473,134.62317067267176,135.40472412109375,356200,OEF,2020,1,2,Wednesday,135.1768,134.62315368652344,0.58,0.04,0.0,0.58,-0.0
2020-01-09,136.28861334490017,136.51192039577782,135.99088480755162,136.4840087890625,231900,OEF,2020,1,2,Thursday,136.3189,135.40472412109375,0.8,0.65,0.43,0.8,-0.43
2020-01-10,136.82823531947398,136.85614692086844,135.8885116125042,136.08389282226562,236400,OEF,2020,1,2,Friday,136.4142,136.4840087890625,-0.29,0.25,-0.44,-0.29,0.44
2020-01-13,136.4654177022891,137.09811401367188,136.17698825626528,137.09811401367188,354700,OEF,2020,1,3,Monday,136.7097,136.08389282226562,0.75,0.28,0.07,0.75,-0.07
2020-01-14,136.9771184461898,137.2934594206522,136.5584301920891,136.78172302246094,293000,OEF,2020,1,3,Tuesday,136.9027,137.09811401367188,-0.23,-0.09,-0.39,-0.23,0.39
2020-01-15,136.80036474577759,137.44236016469574,136.65149336225755,137.06088256835938,326400,OEF,2020,1,3,Wednesday,136.9888,136.78172302246094,0.2,0.01,-0.1,0.2,0.1
2020-01-16,137.7586864575769,138.0936399360567,137.5446927399011,138.0750274658203,434100,OEF,2020,1,3,Thursday,137.868,137.06088256835938,0.74,0.51,0.35,0.74,-0.35
2020-01-17,138.56814572471296,138.65189473873983,138.1587707765074,138.6146697998047,278600,OEF,2020,1,3,Friday,138.4984,138.0750274658203,0.39,0.36,0.06,0.39,-0.06
2020-01-21,138.22391287623992,138.67982616184207,138.10295310314706,138.30764770507812,434100,OEF,2020,1,4,Tuesday,138.3286,138.6146697998047,-0.22,-0.28,-0.37,-0.22,0.37
2020-01-22,138.72630755548568,138.97751196470108,138.34483007862246,138.4192657470703,227300,OEF,2020,1,4,Wednesday,138.617,138.30764770507812,0.08,0.3,0.03,0.08,-0.03
2020-01-23,138.20532099988628,138.5402745623114,137.64707452728348,138.43792724609375,310700,OEF,2020,1,4,Thursday,138.2076,138.4192657470703,0.01,-0.15,-0.56,0.01,0.56
2020-01-24,138.89382606232064,138.89382606232064,136.7259343709102,137.2376708984375,578500,OEF,2020,1,4,Friday,137.9378,138.43792724609375,-0.87,0.33,-1.24,-0.87,1.24
2020-01-27,134.84647135968314,135.76759710401765,134.51153203136914,135.0697784423828,714400,OEF,2020,1,5,Monday,135.0488,137.2376708984375,-1.58,-1.74,-1.99,-1.58,1.99
2020-01-28,135.72107429641778,136.81898305023327,135.47916893575336,136.47471618652344,442700,OEF,2020,1,5,Tuesday,136.1235,135.0697784423828,1.04,0.48,0.3,1.04,-0.3
2020-01-29,137.2655555465221,137.36790283192371,136.40026738579837,136.5863494873047,211300,OEF,2020,1,5,Wednesday,136.905,136.47471618652344,0.08,0.58,-0.05,0.08,0.05
2020-01-30,135.63733480063829,137.09810864381078,135.3116804211463,136.9678497314453,808800,OEF,2020,1,5,Thursday,136.2537,136.5863494873047,0.28,-0.69,-0.93,0.28,0.93
2020-01-31,136.95851459981765,136.98642620537123,134.22306367833144,134.62315368652344,881100,OEF,2020,1,5,Friday,135.6978,136.9678497314453,-1.71,-0.01,-2.0,-1.71,2.0
2020-02-03,135.2558721139635,136.5398631039602,135.2558721139635,135.72108459472656,397900,OEF,2020,2,6,Monday,135.6932,134.62315368652344,0.82,0.47,0.47,0.82,-0.47
2020-02-04,137.32137169029716,138.12153746303423,137.07946639050357,137.8424072265625,410200,OEF,2020,2,6,Tuesday,137.5912,135.72108459472656,1.56,1.18,1.0,1.56,-1.0
2020-02-05,139.21945401454758,139.4706584645024,138.36346498430422,139.37762451171875,396600,OEF,2020,2,6,Wednesday,139.1078,137.8424072265625,1.11,1.0,0.38,1.11,-0.38
2020-02-06,139.88937256275216,140.1591895045393,139.45207177659444,140.12197875976562,205600,OEF,2020,2,6,Thursday,139.9057,139.37762451171875,0.53,0.37,0.05,0.53,-0.05
2020-02-07,139.62885722226972,140.16849111536834,139.2845903905478,139.61024475097656,406900,OEF,2020,2,6,Friday,139.673,140.12197875976562,-0.37,-0.35,-0.6,-0.37,0.6
2020-02-10,139.1264289258768,140.77328491210938,139.1264289258768,140.77328491210938,182800,OEF,2020,2,7,Monday,139.9499,139.61024475097656,0.83,-0.35,-0.35,0.83,0.35
2020-02-11,141.39663840784635,141.48968655382117,140.36386645500264,140.5406494140625,276200,OEF,2020,2,7,Tuesday,140.9477,140.77328491210938,-0.17,0.44,-0.29,-0.17,0.29
2020-02-12,141.27571962795375,141.526938337217,141.0245151158484,141.4711151123047,178400,OEF,2020,2,7,Wednesday,141.3246,140.5406494140625,0.66,0.52,0.34,0.66,-0.34
2020-02-13,140.7360402010752,141.60134258650595,140.5685705635333,141.08030700683594,313000,OEF,2020,2,7,Thursday,140.9966,141.4711151123047,-0.28,-0.52,-0.64,-0.28,0.64
2020-02-14,141.32225690297244,141.39669260885466,140.7267854530739,141.31295776367188,219100,OEF,2020,2,7,Friday,141.1897,141.08030700683594,0.16,0.17,-0.25,0.16,0.25
2020-02-18,140.77327178259517,141.14543601501697,140.26153531514862,140.88491821289062,274100,OEF,2020,2,8,Tuesday,140.7663,141.31295776367188,-0.3,-0.38,-0.74,-0.3,0.74
2020-02-19,141.35943474855137,141.9642193941145,141.19196509717307,141.68508911132812,111100,OEF,2020,2,8,Wednesday,141.5502,140.88491821289062,0.57,0.34,0.22,0.57,-0.22
2020-02-20,141.4990238633182,141.71301762020718,139.56373832159977,140.87564086914062,420900,OEF,2020,2,8,Thursday,140.9129,141.68508911132812,-0.57,-0.13,-1.5,-0.57,1.5
2020-02-21,140.2894489014774,140.41040866744058,138.88451257754002,139.26597595214844,364900,OEF,2020,2,8,Friday,139.7126,140.87564086914062,-1.14,-0.42,-1.41,-1.14,1.41
2020-02-24,134.5859419715092,136.00949078323114,133.94396078354413,134.3719482421875,1435800,OEF,2020,2,9,Monday,134.7278,139.26597595214844,-3.51,-3.36,-3.82,-3.51,3.82
2020-02-25,135.08835677979593,135.2093165270043,129.98032035640043,130.38970947265625,1179200,OEF,2020,2,9,Tuesday,132.6669,134.3719482421875,-2.96,0.53,-3.27,-2.96,3.27
2020-02-26,130.94800840664817,132.77163330020406,129.74775230893698,130.14784240722656,936300,OEF,2020,2,9,Wednesday,130.9038,130.38970947265625,-0.19,0.43,-0.49,-0.19,0.49
2020-02-27,127.26350704077063,129.14296917152794,124.01631927490234,124.01631927490234,1307100,OEF,2020,2,9,Thursday,126.1098,130.14784240722656,-4.71,-2.22,-4.71,-4.71,4.71
2020-02-28,120.16435914562076,123.74650036125637,119.09437628752492,123.61624145507812,2280300,OEF,2020,2,9,Friday,121.6554,124.01631927490234,-0.32,-3.11,-3.97,-0.32,3.97
2020-03-02,124.90021946558296,129.63607788085938,123.35571102378547,129.63607788085938,1659700,OEF,2020,3,10,Monday,126.882,123.61624145507812,4.87,1.04,-0.21,4.87,0.21
2020-03-03,130.1291936970533,131.53412982463826,124.46291091706408,125.5049819946289,1890500,OEF,2020,3,10,Tuesday,127.9078,129.63607788085938,-3.19,0.38,-3.99,-3.19,3.99
2020-03-04,128.24046369595823,130.93869018554688,126.80760142161395,130.93869018554688,818700,OEF,2020,3,10,Wednesday,129.2314,125.5049819946289,4.33,2.18,1.04,4.33,-1.04
2020-03-05,127.67288482924307,129.08713441889097,125.57013001347899,126.53776550292969,981200,OEF,2020,3,10,Thursday,127.217,130.93869018554688,-3.36,-2.49,-4.1,-3.36,4.1
2020-03-06,122.76958100270821,125.30033824344966,121.70889702660034,124.5746078491211,1351700,OEF,2020,3,10,Friday,123.5884,126.53776550292969,-1.55,-2.98,-3.82,-1.55,3.82
2020-03-09,115.48433483438188,119.47585828914758,115.00981617370363,115.23311614990234,2142600,OEF,2020,3,11,Monday,116.3008,124.5746078491211,-7.5,-7.3,-7.68,-7.5,7.68
2020-03-10,119.72705311073705,121.46695709228517,115.21450147486448,121.46695709228516,1455000,OEF,2020,3,11,Tuesday,119.4689,115.23311614990234,5.41,3.9,-0.02,5.41,0.02
2020-03-11,118.21047130672737,118.77803099122163,114.21894814301531,115.66110229492188,1323200,OEF,2020,3,11,Wednesday,116.7171,121.46695709228516,-4.78,-2.68,-5.97,-4.78,5.97
2020-03-12,108.00370790653507,112.5162665754132,104.09591965314247,104.78443908691406,2365100,OEF,2020,3,11,Thursday,107.3501,115.66110229492188,-9.4,-6.62,-10.0,-9.4,10.0
2020-03-13,111.05550519972874,115.43780517578125,105.94747501215616,115.43780517578125,2658500,OEF,2020,3,11,Friday,111.9696,104.78443908691406,10.17,5.98,1.11,10.17,-1.11
2020-03-16,103.40742310704029,109.66918582491063,100.30910647772453,102.04900360107422,6918100,OEF,2020,3,12,Monday,103.8587,115.43780517578125,-11.6,-10.42,-13.11,-11.6,13.11
2020-03-17,104.97050940363779,109.3714211497935,101.42559373590134,108.31073760986328,11700000,OEF,2020,3,12,Tuesday,106.0196,102.04900360107422,6.14,2.86,-0.61,6.14,0.61
2020-03-18,101.50002505897551,105.76137180228582,98.6343224359622,104.0586929321289,4574500,OEF,2020,3,12,Wednesday,102.4886,108.31073760986328,-3.93,-6.29,-8.93,-3.93,8.93
2020-03-19,103.37019739521237,106.80346729616407,100.4951880722137,104.11454010009766,1657300,OEF,2020,3,12,Thursday,103.6958,104.0586929321289,0.05,-0.66,-3.42,0.05,3.42
2020-03-20,105.43571981866121,105.742761653222,99.09022406395478,99.27630615234375,1260000,OEF,2020,3,12,Friday,102.3863,104.11454010009766,-4.65,1.27,-4.83,-4.65,4.83
2020-03-23,98.5785006571859,99.32284330593542,94.7823730245806,97.1456527709961,1232700,OEF,2020,3,13,Monday,97.4573,99.27630615234375,-2.15,-0.7,-4.53,-2.15,4.53
2020-03-24,102.41186140574503,105.53808942232168,101.66751869757796,105.17522430419922,1216200,OEF,2020,3,13,Tuesday,103.6982,97.1456527709961,8.27,5.42,4.65,8.27,-4.65
2020-03-25,105.76169560871375,110.02695673076315,103.64776920337043,105.99553680419922,1744900,OEF,2020,3,13,Wednesday,106.358,105.17522430419922,0.78,0.56,-1.45,0.78,1.45
2020-03-26,107.11796602363528,112.63661937251972,107.03378662312005,112.2718276977539,1932700,OEF,2020,3,13,Thursday,109.765,105.99553680419922,5.92,1.06,0.98,5.92,-0.98
2020-03-27,109.01678252707397,111.7854617893902,107.7540341963697,108.49297332763672,1555100,OEF,2020,3,13,Friday,109.2623,112.2718276977539,-3.37,-2.9,-4.02,-3.37,4.02
2020-03-30,109.6902430781884,112.58988009338739,109.06355028278192,112.496337890625,726200,OEF,2020,3,14,Monday,110.96,108.49297332763672,3.69,1.1,0.53,3.69,-0.53
2020-03-31,112.12216296372607,113.46908320465266,110.32625741538072,110.95295715332031,1659000,OEF,2020,3,14,Tuesday,111.7176,112.496337890625,-1.37,-0.33,-1.93,-1.37,1.93
2020-04-01,107.1273239320758,108.75485660281615,105.43431601412941,106.2106704711914,1470200,OEF,2020,4,14,Wednesday,106.8818,110.95295715332031,-4.27,-3.45,-4.97,-4.27,4.97
2020-04-02,105.93939221269578,109.21316817729841,105.61201604348857,109.16639709472656,1236300,OEF,2020,4,14,Thursday,107.4827,106.2106704711914,2.78,-0.26,-0.56,2.78,0.56
2020-04-03,108.8390516123525,109.59669483702795,106.26679834349731,107.66984558105469,923300,OEF,2020,4,14,Friday,108.0931,109.16639709472656,-1.37,-0.3,-2.66,-1.37,2.66
2020-04-06,111.53288332222678,115.19951832022633,110.82201129794757,114.5915298461914,1515200,OEF,2020,4,15,Monday,113.0365,107.66984558105469,6.43,3.59,2.93,6.43,-2.93
2020-04-07,118.37040913336165,118.37040913336165,114.06772567734933,114.23609161376953,780600,OEF,2020,4,15,Tuesday,116.2612,114.5915298461914,-0.31,3.3,-0.46,-0.31,0.46
2020-04-08,115.53625816310763,117.95885673127661,114.30157689965898,117.65018463134766,874300,OEF,2020,4,15,Wednesday,116.3617,114.23609161376953,2.99,1.14,0.06,2.99,-0.06
2020-04-09,118.93164263400121,119.83894054807402,117.73437676247615,118.92228698730469,855600,OEF,2020,4,15,Thursday,118.8568,117.65018463134766,1.08,1.09,0.07,1.08,-0.07
2020-04-13,118.34234912192456,118.75391190976036,116.44355975557346,118.46395111083984,772800,OEF,2020,4,16,Monday,118.0009,118.92228698730469,-0.39,-0.49,-2.08,-0.39,2.08
2020-04-14,120.76496396404632,122.4673206765971,120.11955989327251,122.2802505493164,635700,OEF,2020,4,16,Tuesday,121.408,118.46395111083984,3.22,1.94,1.4,3.22,-1.4
2020-04-15,119.79216964502132,120.83041080949042,118.96904410288366,120.0821304321289,755200,OEF,2020,4,16,Wednesday,119.9184,122.2802505493164,-1.8,-2.03,-2.71,-1.8,2.71
2020-04-16,120.84913274059534,121.15780484607336,119.3806102483037,120.8304214477539,1172600,OEF,2020,4,16,Thursday,120.5545,120.0821304321289,0.62,0.64,-0.58,0.62,0.58
2020-04-17,123.34657467581724,123.56171889627593,121.55067563667048,123.44011688232422,2632600,OEF,2020,4,16,Friday,122.9748,120.8304214477539,2.16,2.08,0.6,2.16,-0.6
2020-04-20,121.75645505621632,123.28110450729791,121.40101180442146,121.45714569091797,364600,OEF,2020,4,17,Monday,121.9739,123.44011688232422,-1.61,-1.36,-1.65,-1.61,1.65
2020-04-21,119.64252217185998,119.79218397424778,117.27604309140885,117.72502136230469,385500,OEF,2020,4,17,Tuesday,118.6089,121.45714569091797,-3.07,-1.49,-3.44,-3.07,3.44
2020-04-22,120.07276824158599,121.1110236837015,119.61444151280828,120.40950012207031,283100,OEF,2020,4,17,Wednesday,120.3019,117.72502136230469,2.28,1.99,1.6,2.28,-1.6
2020-04-23,120.99878156450231,122.3737688539595,120.28790951062953,120.45626831054688,709300,OEF,2020,4,17,Thursday,121.0292,120.40950012207031,0.04,0.49,-0.1,0.04,0.1
2020-04-24,120.95202173094712,122.28960083575842,120.19437851573747,122.03704833984375,228400,OEF,2020,4,17,Friday,121.3683,120.45626831054688,1.31,0.41,-0.22,1.31,0.22
2020-04-27,122.98173907594747,123.81421303603425,122.71983811811333,123.36524200439453,289900,OEF,2020,4,18,Monday,123.2203,122.03704833984375,1.09,0.77,0.56,1.09,-0.56
2020-04-28,124.88051253274915,124.88987531241371,122.06507045200526,122.16796112060547,611100,OEF,2020,4,18,Tuesday,123.5009,123.36524200439453,-0.97,1.23,-1.05,-0.97,1.05
2020-04-29,124.7215190788007,126.17133714165807,124.20706566649234,125.35757446289062,395300,OEF,2020,4,18,Wednesday,125.1144,122.16796112060547,2.61,2.09,1.67,2.61,-1.67
2020-04-30,125.10503773727434,125.42305833303017,124.04807098207762,124.88990783691406,329400,OEF,2020,4,18,Thursday,124.8665,125.35757446289062,-0.37,-0.2,-1.04,-0.37,1.04
2020-05-01,122.80404325998245,123.44944728159189,121.39164749318792,121.75643920898438,527000,OEF,2020,5,18,Friday,122.3504,124.88990783691406,-2.51,-1.67,-2.8,-2.51,2.8
2020-05-04,121.03621200684292,122.32702013238418,120.43757904344643,122.28961181640625,343800,OEF,2020,5,19,Monday,121.5226,121.75643920898438,0.44,-0.59,-1.08,0.44,1.08
2020-05-05,123.56170097929898,124.58124522871735,123.07530726655814,123.2530288696289,210100,OEF,2020,5,19,Tuesday,123.6178,122.28961181640625,0.79,1.04,0.64,0.79,-0.64
2020-05-06,124.05744527432812,124.19774429355107,122.74792591392884,122.77598571777344,286200,OEF,2020,5,19,Wednesday,123.4448,123.2530288696289,-0.39,0.65,-0.41,-0.39,0.41
2020-05-07,124.16966855638714,124.69347052431914,123.72069747995018,124.01065826416016,258300,OEF,2020,5,19,Thursday,124.1486,122.77598571777344,1.01,1.14,0.77,1.01,-0.77
2020-05-08,125.32951462328505,125.93749593692596,124.80569843022589,125.78783416748047,228300,OEF,2020,5,19,Friday,125.4651,124.01065826416016,1.43,1.06,0.64,1.43,-0.64
2020-05-11,124.9553773153026,126.70451915615318,124.88054642032998,126.07781219482422,229800,OEF,2020,5,20,Monday,125.6546,125.78783416748047,0.23,-0.66,-0.72,0.23,0.72
2020-05-12,126.6390441843711,126.8448255894589,123.76748156842989,123.78617858886719,289200,OEF,2020,5,20,Tuesday,125.2594,126.07781219482422,-1.82,0.45,-1.83,-1.82,1.83
2020-05-13,123.62715383514407,124.13225877862764,120.73688026393513,121.88737487792969,538400,OEF,2020,5,20,Wednesday,122.5959,123.78617858886719,-1.53,-0.13,-2.46,-1.53,2.46
2020-05-14,120.84908814719586,123.29975279388158,120.03532561555478,123.29039001464844,565800,OEF,2020,5,20,Thursday,121.8686,121.88737487792969,1.15,-0.85,-1.52,1.15,1.52
2020-05-15,122.22413867829316,123.9732666015625,121.88740671884987,123.9732666015625,270300,OEF,2020,5,20,Friday,123.0145,123.29039001464844,0.55,-0.86,-1.14,0.55,1.14
2020-05-18,126.53612586938927,127.71468016381857,126.0965033519565,127.03186798095703,855400,OEF,2020,5,21,Monday,126.8448,123.9732666015625,2.47,2.07,1.71,2.47,-1.71
2020-05-19,126.80740241900729,127.53698576155361,125.83461511392352,125.84396362304688,218400,OEF,2020,5,21,Tuesday,126.5057,127.03186798095703,-0.94,-0.18,-0.94,-0.94,0.94
2020-05-20,127.53700243162542,128.1823921862869,127.35928082732093,127.9672622680664,236200,OEF,2020,5,21,Wednesday,127.7615,125.84396362304688,1.69,1.35,1.2,1.69,-1.2
2020-05-21,128.00467784387146,128.37881805267983,126.69515856797393,127.0693130493164,192300,OEF,2020,5,21,Thursday,127.537,127.9672622680664,-0.7,0.03,-0.99,-0.7,0.99
2020-05-22,126.96640104522912,127.32182990219358,126.42388784272033,127.22830200195312,258200,OEF,2020,5,21,Friday,126.9851,127.0693130493164,0.13,-0.08,-0.51,0.13,0.51
2020-05-26,129.84737510382044,129.95025155135517,128.16371526288884,128.37884521484375,410300,OEF,2020,5,22,Tuesday,129.085,127.22830200195312,0.9,2.06,0.74,0.9,-0.74
2020-05-27,129.3890244932228,129.91282653808594,127.0973834106788,129.91282653808594,851200,OEF,2020,5,22,Wednesday,129.078,128.37884521484375,1.19,0.79,-1.0,1.19,1.0
2020-05-28,130.17471500558386,131.315861181491,129.27677280743214,129.50125122070312,440900,OEF,2020,5,22,Thursday,130.0672,129.91282653808594,-0.32,0.2,-0.49,-0.32,0.49
2020-05-29,129.48256622349103,130.41793119549354,128.21048356320293,130.11862182617188,516600,OEF,2020,5,22,Friday,129.5574,129.50125122070312,0.48,-0.01,-1.0,0.48,1.0
2020-06-01,129.8286541731018,130.68918818959853,129.51998203579274,130.54888916015625,208200,OEF,2020,6,23,Monday,130.1467,130.11862182617188,0.33,-0.22,-0.46,0.33,0.46
2020-06-02,130.91365337360656,131.48422642755412,130.1934185380422,131.46551513671875,281900,OEF,2020,6,23,Tuesday,131.0142,130.54888916015625,0.7,0.28,-0.27,0.7,0.27
2020-06-03,132.37282663600809,133.25207180599926,132.06415454829624,132.83114624023438,164600,OEF,2020,6,23,Wednesday,132.63,131.46551513671875,1.04,0.69,0.46,1.04,-0.46
2020-06-04,132.4476939750789,133.17727755677538,131.69003631174388,132.4757537841797,156600,OEF,2020,6,23,Thursday,132.4477,132.83114624023438,-0.27,-0.29,-0.86,-0.27,0.86
2020-06-05,134.70184072844938,136.2264894784414,134.40253150078442,135.7120361328125,249000,OEF,2020,6,23,Friday,135.2607,132.4757537841797,2.44,1.68,1.45,2.44,-1.45
2020-06-08,136.1797491120832,137.31154672773766,135.68400694153698,137.2741241455078,261200,OEF,2020,6,24,Monday,136.6124,135.7120361328125,1.15,0.34,-0.02,1.15,0.02
2020-06-09,136.22653009279026,137.54539789773574,136.08623108057662,136.89999389648438,301400,OEF,2020,6,24,Tuesday,136.6895,137.2741241455078,-0.27,-0.76,-0.87,-0.27,0.87
2020-06-10,137.3863747531419,138.11595809353577,136.46970705056867,136.72225952148438,604000,OEF,2020,6,24,Wednesday,137.1736,136.89999389648438,-0.13,0.36,-0.31,-0.13,0.31
2020-06-11,133.8039633449497,134.0939242053636,129.01488493839378,129.18325805664062,527400,OEF,2020,6,24,Thursday,131.524,136.72225952148438,-5.51,-2.13,-5.64,-5.51,5.64
2020-06-12,132.1202953800539,132.5505695245703,128.3601243931044,130.54888916015625,713500,OEF,2020,6,24,Friday,130.895,129.18325805664062,1.06,2.27,-0.64,1.06,0.64
2020-06-15,128.098975881831,132.0521906284999,127.62947369153191,131.5451202392578,498500,OEF,2020,6,25,Monday,129.8314,130.54888916015625,0.76,-1.88,-2.24,0.76,2.24
2020-06-16,134.96312512954188,135.1321534056143,131.93014432872067,134.11802673339844,1074000,OEF,2020,6,25,Tuesday,134.0359,131.5451202392578,1.96,2.6,0.29,1.96,-0.29
2020-06-17,134.72837937141333,134.85983944558382,133.41377862970864,133.63914489746094,289400,OEF,2020,6,25,Wednesday,134.1603,134.11802673339844,-0.36,0.46,-0.53,-0.36,0.53
2020-06-18,133.15087894289178,133.95842361634246,133.01941884851962,133.87391662597656,180100,OEF,2020,6,25,Thursday,133.5007,133.63914489746094,0.18,-0.37,-0.46,0.18,0.46
2020-06-19,135.40444898037657,135.40444898037657,132.60621952135563,133.24473571777344,410200,OEF,2020,6,25,Friday,134.165,133.87391662597656,-0.47,1.14,-0.95,-0.47,0.95
2020-06-22,133.11328645699876,134.48423947239812,132.7846434450299,134.43728637695312,260200,OEF,2020,6,26,Monday,133.7049,133.24473571777344,0.9,-0.1,-0.35,0.9,0.35
2020-06-23,135.62037819557136,136.38098368063373,135.14149118177764,135.2353973388672,298800,OEF,2020,6,26,Tuesday,135.5946,134.43728637695312,0.59,0.88,0.52,0.59,-0.52
2020-06-24,134.51241718370017,134.75655323653774,131.43248305341876,132.0803985595703,612800,OEF,2020,6,26,Wednesday,133.1955,135.2353973388672,-2.33,-0.53,-2.81,-2.33,2.81
2020-06-25,131.9677178290088,133.7518354044605,131.0944503116931,133.64854431152344,389100,OEF,2020,6,26,Thursday,132.6156,132.0803985595703,1.19,-0.09,-0.75,1.19,0.75
2020-06-26,133.14144697430325,133.14144697430325,129.87371519795752,129.94883728027344,666900,OEF,2020,6,26,Friday,131.5264,133.64854431152344,-2.77,-0.38,-2.82,-2.77,2.82
2020-06-29,130.36199778751325,131.8362274169922,129.47933125599522,131.8362274169922,302800,OEF,2020,6,27,Monday,130.8784,129.94883728027344,1.45,0.32,-0.36,1.45,0.36
2020-06-30,131.73293283073602,134.28702617491058,131.59208788928467,133.73301696777344,312200,OEF,2020,6,27,Tuesday,132.8363,131.8362274169922,1.44,-0.08,-0.19,1.44,0.19
2020-07-01,134.0898311335256,135.32930949044768,134.00532417629523,134.74713134765625,418700,OEF,2020,7,27,Wednesday,134.5429,133.73301696777344,0.76,0.27,0.2,0.76,-0.2
2020-07-02,136.26833063273273,136.8692929492139,135.169697069544,135.4326171875,182300,OEF,2020,7,27,Thursday,135.935,134.74713134765625,0.51,1.13,0.31,0.51,-0.31
2020-07-06,137.19796461508628,137.99612426757812,136.9068754774705,137.99612426757812,1346100,OEF,2020,7,28,Monday,137.5243,135.4326171875,1.89,1.3,1.09,1.89,-1.09
2020-07-07,137.4327392255578,138.33419011249066,136.53128833862496,136.70970153808594,360600,OEF,2020,7,28,Tuesday,137.252,137.99612426757812,-0.93,-0.41,-1.06,-0.93,1.06
2020-07-08,137.24488716094692,138.01486332181878,136.49368077194913,137.9866943359375,358700,OEF,2020,7,28,Wednesday,137.435,136.70970153808594,0.93,0.39,-0.16,0.93,0.16
2020-07-09,138.50319718129458,138.6158731635089,135.94910317855283,137.5923614501953,349500,OEF,2020,7,28,Thursday,137.6651,137.9866943359375,-0.29,0.37,-1.48,-0.29,1.48
2020-07-10,137.5172098313881,139.1698669654834,136.86929441659595,139.01962280273438,337000,OEF,2020,7,28,Friday,138.144,137.5923614501953,1.04,-0.05,-0.53,1.04,0.53
2020-07-13,140.25909666373403,141.46102126963638,137.38574520499648,137.6862335205078,331900,OEF,2020,7,29,Monday,139.198,139.01962280273438,-0.96,0.89,-1.18,-0.96,1.18
2020-07-14,136.94443478497212,139.42340648907486,136.12750532405184,139.2919464111328,570200,OEF,2020,7,29,Tuesday,137.9468,137.6862335205078,1.17,-0.54,-1.13,1.17,1.13
2020-07-15,140.72861079019546,140.74739489351845,138.8787706348811,139.9210662841797,461100,OEF,2020,7,29,Wednesday,140.069,139.2919464111328,0.45,1.03,-0.3,0.45,0.3
2020-07-16,138.95382700739324,139.55478907687313,138.41860210441965,139.32943725585938,272300,OEF,2020,7,29,Thursday,139.0642,139.9210662841797,-0.42,-0.69,-1.07,-0.42,1.07
2020-07-17,139.75207425488495,139.76145914398185,138.74733232659258,139.41403198242188,180400,OEF,2020,7,29,Friday,139.4187,139.32943725585938,0.06,0.3,-0.42,0.06,0.42
2020-07-20,139.4421711902545,141.49859338110736,138.9257158387503,141.20750427246094,502800,OEF,2020,7,30,Monday,140.2685,139.41403198242188,1.29,0.02,-0.35,1.29,0.35
2020-07-21,142.20285402192275,142.20285402192275,140.7192250856199,141.0196990966797,415800,OEF,2020,7,30,Tuesday,141.5362,141.20750427246094,-0.13,0.7,-0.35,-0.13,0.35
2020-07-22,140.9821497204904,141.8460322309746,140.62532338839384,141.6394500732422,296900,OEF,2020,7,30,Wednesday,141.2732,141.0196990966797,0.44,-0.03,-0.28,0.44,0.28
2020-07-23,141.44227657350257,141.69579751558376,138.75672267177865,139.27317810058594,285700,OEF,2020,7,30,Thursday,140.292,141.6394500732422,-1.67,-0.14,-2.04,-1.67,2.04
2020-07-24,138.18393347102307,138.84123388770365,137.5735718263326,138.4468536376953,275200,OEF,2020,7,30,Friday,138.2614,139.27317810058594,-0.59,-0.78,-1.22,-0.59,1.22
2020-07-27,138.74729871112848,139.62996522693527,138.4749937125422,139.47972106933594,295100,OEF,2020,7,31,Monday,139.083,138.4468536376953,0.75,0.22,0.02,0.75,-0.02
2020-07-28,139.18865084129837,139.78022833701175,138.60647256175406,138.6721954345703,119800,OEF,2020,7,31,Tuesday,139.0619,139.47972106933594,-0.58,-0.21,-0.63,-0.58,0.63
2020-07-29,139.09476411653299,140.30607381701202,138.97268892641125,139.99620056152344,252300,OEF,2020,7,31,Wednesday,139.5924,138.6721954345703,0.95,0.3,0.22,0.95,-0.22
2020-07-30,138.76608885004774,139.91167552745793,137.8270843163064,139.70509338378906,277200,OEF,2020,7,31,Thursday,139.0525,139.99620056152344,-0.21,-0.88,-1.55,-0.21,1.55
2020-07-31,141.20751446416213,141.3765284124502,139.0853549262812,141.3201904296875,234100,OEF,2020,7,31,Friday,140.7474,139.70509338378906,1.16,1.08,-0.44,1.16,0.44
2020-08-03,142.42815448873773,143.02913094986903,142.20280264388097,142.615966796875,294600,OEF,2020,8,32,Monday,142.569,141.3201904296875,0.92,0.78,0.62,0.92,-0.62
2020-08-04,142.32494799382923,143.11370849609375,142.2498258991267,143.11370849609375,357500,OEF,2020,8,32,Tuesday,142.7005,142.615966796875,0.35,-0.2,-0.26,0.35,0.26
2020-08-05,143.7522243892158,144.26867983374098,143.60198020024947,144.1935577392578,148800,OEF,2020,8,32,Wednesday,143.9541,143.11370849609375,0.75,0.45,0.34,0.75,-0.34
2020-08-06,144.06201793871125,145.78978217153613,144.01506486463163,145.7334442138672,172700,OEF,2020,8,32,Thursday,144.9001,144.1935577392578,1.07,-0.09,-0.12,1.07,0.12
2020-08-07,145.3766897308703,145.86496177535955,144.5315770481979,145.45179748535156,162600,OEF,2020,8,32,Friday,145.3063,145.7334442138672,-0.19,-0.24,-0.82,-0.19,0.82
2020-08-10,145.6678014395543,146.00584369944093,144.46587658841838,145.64901733398438,149100,OEF,2020,8,33,Monday,145.4471,145.45179748535156,0.14,0.15,-0.68,0.14,0.68
2020-08-11,146.2030055140137,146.4847097445215,144.0245224094364,144.34378051757812,277700,OEF,2020,8,33,Tuesday,145.264,145.64901733398438,-0.9,0.38,-1.12,-0.9,1.12
2020-08-12,145.47997799760228,146.9636070073772,145.37670124499274,146.6349639892578,189800,OEF,2020,8,33,Wednesday,146.1138,144.34378051757812,1.59,0.79,0.72,1.59,-0.72
2020-08-13,146.43774846527054,147.06687975899393,146.05275318270097,146.33445739746094,208300,OEF,2020,8,33,Thursday,146.473,146.6349639892578,-0.2,-0.13,-0.4,-0.2,0.4
2020-08-14,146.2405827923849,146.5222727122962,145.85558746440853,146.2969207763672,147400,OEF,2020,8,33,Friday,146.2288,146.33445739746094,-0.03,-0.06,-0.33,-0.03,0.33
2020-08-17,146.85095395814403,146.96362994444797,146.57864888188428,146.8040008544922,177000,OEF,2020,8,34,Monday,146.7993,146.2969207763672,0.35,0.38,0.19,0.35,-0.19
2020-08-18,147.00115007084415,147.70540341101614,146.47530986934044,147.5833282470703,243000,OEF,2020,8,34,Tuesday,147.1913,146.8040008544922,0.53,0.13,-0.22,0.53,0.22
2020-08-19,147.77112164842654,148.1091638142546,146.78517846549252,146.9635772705078,206900,OEF,2020,8,34,Wednesday,147.4073,147.5833282470703,-0.42,0.13,-0.54,-0.42,0.54
2020-08-20,146.30629826236026,148.16552328007833,146.2875141592921,147.90260314941406,140200,OEF,2020,8,34,Thursday,147.1655,146.9635772705078,0.64,-0.45,-0.46,0.64,0.46
2020-08-21,147.9495333845666,148.8979370139999,147.77112025316546,148.82281494140625,183900,OEF,2020,8,34,Friday,148.3604,147.90260314941406,0.62,0.03,-0.09,0.62,0.09
2020-08-24,150.1186462207303,150.31584347190866,149.38622385019082,150.26889038085938,185200,OEF,2020,8,35,Monday,150.0224,148.82281494140625,0.97,0.87,0.38,0.97,-0.38
2020-08-25,150.46610846500397,150.95438056092013,150.03416002684492,150.85108947753906,175400,OEF,2020,8,35,Tuesday,150.5764,150.26889038085938,0.39,0.13,-0.16,0.39,0.16
2020-08-26,151.32059777737553,153.28312843917854,151.20792180126074,153.22677612304688,131800,OEF,2020,8,35,Wednesday,152.2596,150.85108947753906,1.57,0.31,0.24,1.57,-0.24
2020-08-27,153.60237989541488,154.2408961696678,152.6258070514033,153.3957977294922,303000,OEF,2020,8,35,Thursday,153.4662,153.22677612304688,0.11,0.25,-0.39,0.11,0.39
2020-08-28,154.0437082922996,154.4380885069705,153.4521308062567,154.23150634765625,125500,OEF,2020,8,35,Friday,154.0414,153.3957977294922,0.54,0.42,0.04,0.54,-0.04
2020-08-31,154.2033351023299,154.87941955419248,153.7995556775442,153.921630859375,430700,OEF,2020,8,36,Monday,154.201,154.23150634765625,-0.2,-0.02,-0.28,-0.2,0.28
2020-09-01,154.6258753013687,155.6306170328677,154.08125095084665,155.5836639404297,230200,OEF,2020,9,36,Tuesday,154.9804,153.921630859375,1.08,0.46,0.1,1.08,-0.1
2020-09-02,156.68234397499816,157.9030530998873,155.64004805741817,157.72463989257812,337200,OEF,2020,9,36,Wednesday,156.9875,155.5836639404297,1.38,0.71,0.04,1.38,-0.04
2020-09-03,156.40059527725782,156.61656231151335,150.3158498159434,151.55532836914062,519700,OEF,2020,9,36,Thursday,153.7221,157.72463989257812,-3.91,-0.84,-4.7,-3.91,4.7
2020-09-04,151.5459252950307,152.607004892288,146.17481877691668,150.5505828857422,571000,OEF,2020,9,36,Friday,150.2196,151.55532836914062,-0.66,-0.01,-3.55,-0.66,3.55
2020-09-08,147.0199157590455,147.94013599642892,145.39542794162148,145.4893341064453,493300,OEF,2020,9,37,Tuesday,146.4612,150.5505828857422,-3.36,-2.35,-3.42,-3.36,3.42
2020-09-09,147.7147712122304,149.91203794068628,147.21710005565032,148.71011352539062,322500,OEF,2020,9,37,Wednesday,148.3885,145.4893341064453,2.21,1.53,1.19,2.21,-1.19
2020-09-10,149.81820271137786,150.0717379921724,145.42365326592997,145.95889282226562,267800,OEF,2020,9,37,Thursday,147.8181,148.71011352539062,-1.85,0.75,-2.21,-1.85,2.21
2020-09-11,146.7664449111125,147.25473139171103,144.46588614517628,145.78048706054688,405800,OEF,2020,9,37,Friday,146.0669,145.95889282226562,-0.12,0.55,-1.02,-0.12,1.02
2020-09-14,147.42370352753363,148.65379710524013,147.13261443089425,147.48004150390625,172800,OEF,2020,9,38,Monday,147.6725,145.78048706054688,1.17,1.13,0.93,1.17,-0.93
2020-09-15,148.92610801097138,149.38621101072297,147.808690449168,148.40965270996094,107900,OEF,2020,9,38,Tuesday,148.6327,147.48004150390625,0.63,0.98,0.22,0.63,-0.22
2020-09-16,148.963654019163,149.01060710369785,147.14198323254024,147.15138244628906,171900,OEF,2020,9,38,Wednesday,148.0669,148.40965270996094,-0.85,0.37,-0.85,-0.85,0.85
2020-09-17,144.98228051257232,146.56920031641096,144.40010234191277,145.80860900878906,141500,OEF,2020,9,38,Thursday,145.44,147.15138244628906,-0.91,-1.47,-1.87,-0.91,1.87
2020-09-18,146.25932880186232,146.25932880186232,142.70050822056714,143.95877075195312,231300,OEF,2020,9,38,Friday,144.7945,145.80860900878906,-1.27,0.31,-2.13,-1.27,2.13
2020-09-21,141.93057267699578,143.02922092405984,140.3342673501269,143.00103759765625,531000,OEF,2020,9,39,Monday,142.0738,143.95877075195312,-0.67,-1.41,-2.52,-0.67,2.52
2020-09-22,143.98696912385861,145.019879966728,142.6535842445651,144.7100067138672,187400,OEF,2020,9,39,Tuesday,144.0926,143.00103759765625,1.2,0.69,-0.24,1.2,0.24
2020-09-23,145.02303360712682,145.19275792387543,140.93097558258293,141.17611694335938,169900,OEF,2020,9,39,Wednesday,143.0807,144.7100067138672,-2.44,0.22,-2.61,-2.44,2.61
2020-09-24,140.45012907364622,142.9958789580933,140.1012568749203,141.51556396484375,162500,OEF,2020,9,39,Thursday,141.2657,141.17611694335938,0.24,-0.51,-0.76,0.24,0.76
2020-09-25,141.392980009901,144.26872583368268,140.77068152747194,143.8444366455078,283600,OEF,2020,9,39,Friday,142.5692,141.51556396484375,1.65,-0.09,-0.53,1.65,0.53
2020-09-28,145.9564898838872,146.50335700092896,145.46619274669888,146.26763916015625,161600,OEF,2020,9,40,Monday,146.0484,143.8444366455078,1.68,1.47,1.13,1.68,-1.13
2020-09-29,146.20160643136325,146.32418429161328,145.1173103027712,145.4190216064453,127300,OEF,2020,9,40,Tuesday,145.7655,146.26763916015625,-0.58,-0.05,-0.79,-0.58,0.79
2020-09-30,145.75848594653965,148.19109587953864,145.75848594653965,146.83335876464844,248800,OEF,2020,9,40,Wednesday,146.6354,145.4190216064453,0.97,0.23,0.23,0.97,-0.23
2020-10-01,148.16280010351173,148.36080941296797,146.96534948697806,147.80450439453125,332900,OEF,2020,10,40,Thursday,147.8234,146.83335876464844,0.66,0.91,0.09,0.66,-0.09
2020-10-02,145.18332302978703,146.85220930841447,145.0230366305061,145.61705017089844,171500,OEF,2020,10,40,Friday,145.6689,147.80450439453125,-1.48,-1.77,-1.88,-1.48,1.88
2020-10-05,146.55046546090716,148.32306794194605,146.55046546090716,148.3136444091797,126600,OEF,2020,10,41,Monday,147.4344,145.61705017089844,1.85,0.64,0.64,1.85,-0.64
2020-10-06,148.23822139782925,148.97365983338258,145.61704043273943,145.94703674316406,291900,OEF,2020,10,41,Tuesday,147.194,148.3136444091797,-1.6,-0.05,-1.82,-1.6,1.82
2020-10-07,147.28591344311408,148.82278368419176,147.23876700667236,148.5210723876953,521100,OEF,2020,10,41,Wednesday,147.9671,145.94703674316406,1.76,0.92,0.89,1.76,-0.89
2020-10-08,149.51109313964844,149.56766310973566,149.1056510422354,149.51109313964844,81600,OEF,2020,10,41,Thursday,149.4239,148.5210723876953,0.67,0.67,0.39,0.67,-0.39
2020-10-09,150.23709819946697,151.1894073486328,150.14281970879614,151.1894073486328,176200,OEF,2020,10,41,Friday,150.6897,149.51109313964844,1.12,0.49,0.42,1.12,-0.42
2020-10-12,152.69803512034636,155.1023603002891,152.55661015149917,154.2726287841797,137900,OEF,2020,10,42,Monday,153.6574,151.1894073486328,2.04,1.0,0.9,2.04,-0.9
2020-10-13,154.49890814674015,154.49890814674015,152.91487671379642,153.32974243164062,317700,OEF,2020,10,42,Tuesday,153.8106,154.2726287841797,-0.61,0.15,-0.88,-0.61,0.88
2020-10-14,153.54656988420206,153.98972046802504,151.66082761672433,152.13226318359375,181800,OEF,2020,10,42,Wednesday,152.8323,153.32974243164062,-0.78,0.14,-1.09,-0.78,1.09
2020-10-15,150.2182764369852,152.00030278476322,150.00140565905795,151.78343200683594,239800,OEF,2020,10,42,Thursday,151.0009,152.13226318359375,-0.23,-1.26,-1.4,-0.23,1.4
2020-10-16,152.48115404860272,153.32973249861988,151.50999772068815,151.55714416503906,109200,OEF,2020,10,42,Friday,152.2195,151.78343200683594,-0.15,0.46,-0.18,-0.15,0.18
2020-10-19,152.31136305630426,152.61308865841832,148.81331997758946,149.0867462158203,198000,OEF,2020,10,43,Monday,150.7061,151.55714416503906,-1.63,0.5,-1.81,-1.63,1.81
2020-10-20,149.73738825118525,151.26483514720218,149.2942375909947,149.746826171875,283200,OEF,2020,10,43,Tuesday,150.0108,149.0867462158203,0.44,0.44,0.14,0.44,-0.14
2020-10-21,149.80341629963917,150.84056623275947,149.38855057156056,149.53941345214844,196700,OEF,2020,10,43,Wednesday,149.893,149.746826171875,-0.14,0.04,-0.24,-0.14,0.24
2020-10-22,149.6808077222927,150.49167755535782,148.65308153476636,150.1616668701172,169600,OEF,2020,10,43,Thursday,149.7468,149.53941345214844,0.42,0.09,-0.59,0.42,0.59
2020-10-23,150.63310249091006,150.64254041093477,149.3602349629459,150.4822540283203,174000,OEF,2020,10,43,Friday,150.2795,150.1616668701172,0.21,0.31,-0.53,0.21,0.53
2020-10-26,148.96425135939765,149.56768845436994,146.15448434764605,147.91766357421875,203200,OEF,2020,10,44,Monday,148.151,150.4822540283203,-1.7,-1.01,-2.88,-1.7,2.88
2020-10-27,148.1439386485457,148.47394936861457,147.32364519595853,147.80450439453125,120100,OEF,2020,10,44,Tuesday,147.9365,147.91766357421875,-0.08,0.15,-0.4,-0.08,0.4
2020-10-28,145.1267227673951,145.27758560126307,142.1378230083611,142.3169708251953,376400,OEF,2020,10,44,Wednesday,143.7148,147.80450439453125,-3.71,-1.81,-3.83,-3.71,3.83
2020-10-29,142.74127738577593,145.54160613793698,141.95869252498636,144.09901428222656,342700,OEF,2020,10,44,Thursday,143.5851,142.3169708251953,1.25,0.3,-0.25,1.25,0.25
2020-10-30,143.31641110201895,143.8632780813568,140.5632291415077,142.16610717773438,323100,OEF,2020,10,44,Friday,142.4773,144.09901428222656,-1.34,-0.54,-2.45,-1.34,2.45
2020-11-02,143.92926022204875,144.3252787242056,142.04351811950207,143.22210693359375,256400,OEF,2020,11,45,Monday,143.38,142.16610717773438,0.74,1.24,-0.09,0.74,0.09
2020-11-03,144.5893287135985,146.6919278166035,144.2781794385587,145.4096221923828,187800,OEF,2020,11,45,Tuesday,145.2423,143.22210693359375,1.53,0.95,0.74,1.53,-0.74
2020-11-04,148.2005208739625,151.53829371212433,147.9365180309196,149.87884521484375,313400,OEF,2020,11,45,Wednesday,149.3885,145.4096221923828,3.07,1.92,1.74,3.07,-1.74
2020-11-05,152.62255856406165,153.59371476197433,152.1416994250312,152.8582763671875,244800,OEF,2020,11,45,Thursday,152.8041,149.87884521484375,1.99,1.83,1.51,1.99,-1.51
2020-11-06,152.62256899915553,153.3202989234594,151.24598499154175,152.8300018310547,144100,OEF,2020,11,45,Friday,152.5047,152.8582763671875,-0.02,-0.15,-1.05,-0.02,1.05
2020-11-09,157.86496805002852,157.86496805002852,153.38632843323242,153.48062133789062,673700,OEF,2020,11,46,Monday,155.6492,152.8300018310547,0.43,3.29,0.36,0.43,-0.36
2020-11-10,153.10342646702586,153.56542413645772,151.72682821701812,153.2354278564453,248000,OEF,2020,11,46,Tuesday,152.9078,153.48062133789062,-0.16,-0.25,-1.14,-0.16,1.14
2020-11-11,154.2537510940747,155.00803662763892,153.91431684914104,154.74403381347656,152700,OEF,2020,11,46,Wednesday,154.48,153.2354278564453,0.98,0.66,0.44,0.98,-0.44
2020-11-12,154.31974815679087,154.69690531933014,152.6508618818569,153.3768768310547,197700,OEF,2020,11,46,Thursday,153.7611,154.74403381347656,-0.88,-0.27,-1.35,-0.88,1.35
2020-11-13,154.414035052204,155.50775481343976,153.71630511888756,155.1683349609375,165100,OEF,2020,11,46,Friday,154.7016,153.3768768310547,1.17,0.68,0.22,1.17,-0.22
2020-11-16,156.045195563668,156.84664189994234,155.6774763429586,156.8372039794922,337300,OEF,2020,11,47,Monday,156.3516,155.1683349609375,1.08,0.57,0.33,1.08,-0.33
2020-11-17,155.96034562288273,156.64863764543045,155.37575563203424,156.0074920654297,172100,OEF,2020,11,47,Tuesday,155.9981,156.8372039794922,-0.53,-0.56,-0.93,-0.53,0.93
2020-11-18,156.0735144227557,156.3752402011654,154.22549438476562,154.22549438476562,267300,OEF,2020,11,47,Wednesday,155.2249,156.0074920654297,-1.14,0.04,-1.14,-1.14,1.14
2020-11-19,153.94258425223478,155.02688037317856,153.47114865407266,154.8477325439453,248100,OEF,2020,11,47,Thursday,154.3221,154.22549438476562,0.4,-0.18,-0.49,0.4,0.49
2020-11-20,154.78177474740917,154.78177474740917,153.66917899780896,153.6974639892578,152600,OEF,2020,11,47,Friday,154.2325,154.8477325439453,-0.74,-0.04,-0.76,-0.74,0.76
2020-11-23,154.42348933815464,154.87606361869223,153.13176001864588,154.22549438476562,122200,OEF,2020,11,48,Monday,154.1642,153.6974639892578,0.34,0.47,-0.37,0.34,0.37
2020-11-24,155.3003176607815,156.9974742671751,155.0080155112096,156.9220428466797,124100,OEF,2020,11,48,Tuesday,156.057,154.22549438476562,1.75,0.7,0.51,1.75,-0.51
2020-11-25,156.95037199183741,157.12950546403957,156.30921198953328,156.8560791015625,153600,OEF,2020,11,48,Wednesday,156.8113,156.9220428466797,-0.04,0.02,-0.39,-0.04,0.39
2020-11-27,157.4500555335344,157.65748833356847,156.86546564840577,157.23318481445312,96700,OEF,2020,11,48,Friday,157.3015,156.8560791015625,0.24,0.38,0.01,0.24,-0.01
2020-11-30,156.9125839491529,157.03516177821527,155.43228401839485,156.6580047607422,157900,OEF,2020,11,49,Monday,156.5095,157.23318481445312,-0.37,-0.2,-1.15,-0.37,1.15
2020-12-01,158.20436413501116,159.31695971539605,157.89322927639446,158.4872283935547,488400,OEF,2020,12,49,Tuesday,158.4754,156.6580047607422,1.17,0.99,0.79,1.17,-0.79
2020-12-02,158.09119293330073,159.1566418621203,157.6480423728397,159.04348754882812,193500,OEF,2020,12,49,Wednesday,158.4848,158.4872283935547,0.35,-0.25,-0.53,0.35,0.53
2020-12-03,159.1095260036303,159.52439166225304,158.40237255472528,158.80780029296875,1324100,OEF,2020,12,49,Thursday,158.961,159.04348754882812,-0.15,0.04,-0.4,-0.15,0.4
2020-12-04,159.20381950294566,159.9015350341797,159.1001030878874,159.9015350341797,147500,OEF,2020,12,49,Friday,159.5267,158.80780029296875,0.69,0.25,0.18,0.69,-0.18
2020-12-07,159.44896089722408,159.8826880113341,159.08124167774827,159.6658172607422,149100,OEF,2020,12,50,Monday,159.5197,159.9015350341797,-0.15,-0.28,-0.51,-0.15,0.51
2020-12-08,159.241523198072,160.40125079525527,159.03409037424106,160.1089630126953,103100,OEF,2020,12,50,Tuesday,159.6965,159.6658172607422,0.28,-0.27,-0.4,0.28,0.4
2020-12-09,160.53323133749947,160.65580918667652,158.2420614270367,158.60035705566406,185200,OEF,2020,12,50,Wednesday,159.5079,160.1089630126953,-0.94,0.26,-1.17,-0.94,1.17
2020-12-10,158.0252050983224,159.12836257970133,157.7140559029994,158.60035705566406,114300,OEF,2020,12,50,Thursday,158.367,158.60035705566406,0.0,-0.36,-0.56,0.0,0.56
2020-12-11,157.89317970850405,158.64746497839332,157.2614434950144,158.60975646972656,128600,OEF,2020,12,50,Friday,158.103,158.60035705566406,0.01,-0.45,-0.84,0.01,0.84
2020-12-14,159.51300398436797,159.98636441758023,157.7331641328293,157.77102661132812,140900,OEF,2020,12,51,Monday,158.7509,158.60975646972656,-0.53,0.57,-0.55,-0.53,0.55
2020-12-15,159.0964367709812,159.77807691739253,158.34851923314582,159.7686004638672,92600,OEF,2020,12,51,Tuesday,159.2479,157.77102661132812,1.27,0.84,0.37,1.27,-0.37
2020-12-16,159.94846535801446,160.6679823622442,159.40884205065416,160.2230224609375,181600,OEF,2020,12,51,Wednesday,160.0621,159.7686004638672,0.28,0.11,-0.23,0.28,0.23
2020-12-17,161.07504749345856,161.2265262613312,160.46914686777842,160.92356872558594,168900,OEF,2020,12,51,Thursday,160.9236,160.2230224609375,0.44,0.53,0.15,0.44,-0.15
2020-12-18,161.1981581481139,161.1981581481139,159.1437757011679,159.7686004638672,175200,OEF,2020,12,51,Friday,160.3272,160.92356872558594,-0.72,0.17,-1.11,-0.72,1.11
2020-12-21,158.41475936225936,160.19459870877003,157.4017613886317,159.93898010253906,207800,OEF,2020,12,52,Monday,158.9875,159.7686004638672,0.11,-0.85,-1.48,0.11,1.48
2020-12-22,160.1188758778432,160.1188758778432,159.07747733430432,159.58871459960938,112700,OEF,2020,12,52,Tuesday,159.726,159.93898010253906,-0.22,0.11,-0.54,-0.22,0.54
2020-12-23,159.95792671652165,160.55435090039592,159.53189086914062,159.53189086914062,131600,OEF,2020,12,52,Wednesday,159.894,159.58871459960938,-0.04,0.23,-0.04,-0.04,0.04
2020-12-24,160.033689519868,160.27984619140625,159.64554494195946,160.27984619140625,64600,OEF,2020,12,52,Thursday,160.0597,159.53189086914062,0.47,0.31,0.07,0.47,-0.07
2020-12-28,161.28332564985044,162.23950827703388,161.16024734640126,162.0785675048828,155700,OEF,2020,12,53,Monday,161.6904,160.27984619140625,1.12,0.63,0.55,1.12,-0.55
2020-12-29,162.81703539875414,162.92117526219423,161.7756512101658,161.99339294433594,175100,OEF,2020,12,53,Tuesday,162.3768,162.0785675048828,-0.05,0.46,-0.19,-0.05,0.19
2020-12-30,162.48569679582062,162.53302127953987,161.65257786265303,161.7283172607422,118400,OEF,2020,12,53,Wednesday,162.0999,161.99339294433594,-0.16,0.3,-0.21,-0.16,0.21
2020-12-31,161.64310481494212,162.7318278907617,161.39694817651147,162.49514770507812,137700,OEF,2020,12,53,Thursday,162.0668,161.7283172607422,0.47,-0.05,-0.2,0.47,0.2
2021-01-04,163.14835858745806,163.14835858745806,158.53783400522656,160.4217987060547,296300,OEF,2021,1,1,Monday,161.3141,162.49514770507812,-1.28,0.4,-2.44,-1.28,2.44
2021-01-05,160.00526308727422,161.8892425135084,160.00526308727422,161.38748168945312,306800,OEF,2021,1,1,Tuesday,160.8218,160.4217987060547,0.6,-0.26,-0.26,0.6,0.26
2021-01-06,160.3271613967596,163.09158419474036,159.92952597786265,161.36854553222656,237800,OEF,2021,1,1,Wednesday,161.1792,161.38748168945312,-0.01,-0.66,-0.9,-0.01,0.9
2021-01-07,162.60875965640096,164.32233644150674,162.48569577536543,163.90577697753906,185800,OEF,2021,1,1,Thursday,163.3306,161.36854553222656,1.57,0.77,0.69,1.57,-0.69
2021-01-08,164.79573055506003,165.27855306207903,163.40404953656386,165.25015258789062,313200,OEF,2021,1,1,Friday,164.6821,163.90577697753906,0.82,0.54,-0.31,0.82,0.31
2021-01-11,163.70692738457,164.73884939027215,163.52704815598136,163.80160522460938,158500,OEF,2021,1,2,Monday,163.9436,165.25015258789062,-0.88,-0.93,-1.04,-0.88,1.04
2021-01-12,163.81106905375668,164.00041029013286,162.51406641647893,163.55545043945312,283600,OEF,2021,1,2,Tuesday,163.4702,163.80160522460938,-0.15,0.01,-0.79,-0.15,0.79
2021-01-13,163.60285730807212,164.83359752438787,163.49871741794195,164.4170379638672,341400,OEF,2021,1,2,Wednesday,164.0881,163.55545043945312,0.53,0.03,-0.03,0.53,0.03
2021-01-14,164.66313265724918,164.96609023039957,163.44186924929053,163.51760864257812,302300,OEF,2021,1,2,Thursday,164.1472,164.4170379638672,-0.55,0.15,-0.59,-0.55,0.59
2021-01-15,163.08210949147863,163.47973046882888,161.77564469327405,162.26792907714844,279700,OEF,2021,1,2,Friday,162.6514,163.51760864257812,-0.76,-0.27,-1.07,-0.76,1.07
2021-01-19,163.38506427979368,163.98150295856755,162.74128667565793,163.65960693359375,289800,OEF,2021,1,3,Tuesday,163.4419,162.26792907714844,0.86,0.69,0.29,0.86,-0.29
2021-01-20,165.00397092467972,166.96369002214118,164.88090703708372,166.57553100585938,495800,OEF,2021,1,3,Wednesday,165.856,163.65960693359375,1.78,0.82,0.75,1.78,-0.75
2021-01-21,166.8974132785108,167.46545157019955,166.5187307145942,167.14356994628906,242200,OEF,2021,1,3,Thursday,167.0063,166.57553100585938,0.34,0.19,-0.03,0.34,0.03
2021-01-22,166.34830860157706,167.31395336131357,166.2346922889282,166.8311309814453,254600,OEF,2021,1,3,Friday,166.682,167.14356994628906,-0.19,-0.48,-0.54,-0.19,0.54
2021-01-25,167.54118756823434,167.88200764716044,164.8714278756777,167.85360717773438,479300,OEF,2021,1,4,Monday,167.0371,166.8311309814453,0.61,0.43,-1.17,0.61,1.17
2021-01-26,168.2417134817601,168.51625608214243,167.7115378449996,167.7872772216797,491200,OEF,2021,1,4,Tuesday,168.0642,167.85360717773438,-0.04,0.23,-0.08,-0.04,0.08
2021-01-27,166.7269604525905,166.84056229853047,162.85487678150199,163.9720001220703,563300,OEF,2021,1,4,Wednesday,165.0986,167.7872772216797,-2.27,-0.63,-2.94,-2.27,2.94
2021-01-28,164.62525198835084,167.18139483458867,164.4737732185178,165.0228729248047,380600,OEF,2021,1,4,Thursday,165.3258,163.9720001220703,0.64,0.4,0.31,0.64,-0.31
2021-01-29,164.180311451408,164.51166949368584,160.88572727178916,161.68096923828125,503900,OEF,2021,1,4,Friday,162.8147,165.0228729248047,-2.03,-0.51,-2.51,-2.03,2.51
2021-02-01,163.1199732026664,164.78619636985738,162.05017423030137,164.08563232421875,255600,OEF,2021,2,5,Monday,163.5105,161.68096923828125,1.49,0.89,0.23,1.49,-0.23
2021-02-02,165.74239244686837,167.25713683142166,165.74239244686837,166.49029541015625,202600,OEF,2021,2,5,Tuesday,166.3081,164.08563232421875,1.47,1.01,1.01,1.47,-1.01
2021-02-03,167.3328931998138,167.8441160506035,166.40511090610764,166.93527221679688,199200,OEF,2021,2,5,Wednesday,167.1293,166.49029541015625,0.27,0.51,-0.05,0.27,0.05
2021-02-04,167.43701155929648,168.7529526599908,167.2950092428156,168.69615173339844,255900,OEF,2021,2,5,Thursday,168.0453,166.93527221679688,1.05,0.3,0.22,1.05,-0.22
2021-02-05,169.3872734842781,169.70915506967555,168.6582944678562,169.3494110107422,95100,OEF,2021,2,5,Friday,169.276,168.69615173339844,0.39,0.41,-0.02,0.39,0.02
2021-02-08,170.0215891208808,170.38134765625,169.46302730235428,170.38134765625,167300,OEF,2021,2,6,Monday,170.0618,169.3494110107422,0.61,0.4,0.07,0.61,-0.07
2021-02-09,169.84166159622345,170.4570386237617,169.79433712517448,170.05941772460938,140800,OEF,2021,2,6,Tuesday,170.0381,170.38134765625,-0.19,-0.32,-0.34,-0.19,0.34
2021-02-10,170.78841854024088,170.88309639413043,168.60149590602825,169.78489685058594,288100,OEF,2021,2,6,Wednesday,170.0145,170.05941772460938,-0.16,0.43,-0.86,-0.16,0.86
2021-02-11,170.40971574239506,170.5327940486462,168.99909678381343,170.04995727539062,196500,OEF,2021,2,6,Thursday,169.9979,169.78489685058594,0.16,0.37,-0.46,0.16,0.46
2021-02-12,169.52931354171392,170.76951557313296,169.52931354171392,170.54229736328125,131000,OEF,2021,2,6,Friday,170.0926,170.04995727539062,0.29,-0.31,-0.31,0.29,0.31
2021-02-16,171.0629868642849,171.38486847531289,170.19200544548454,170.50442504882812,190600,OEF,2021,2,7,Tuesday,170.7861,170.54229736328125,-0.02,0.31,-0.21,-0.02,0.21
2021-02-17,169.46303366193166,170.7979135393366,169.3778322516668,170.67483520507812,216200,OEF,2021,2,7,Wednesday,170.0784,170.50442504882812,0.1,-0.61,-0.66,0.1,0.66
2021-02-18,169.3778601233214,170.17310230828076,168.55420301778415,169.8985595703125,251500,OEF,2021,2,7,Thursday,169.5009,170.67483520507812,-0.45,-0.76,-1.24,-0.45,1.24
2021-02-19,170.44760687858923,170.44760687858923,168.6867056085959,168.80978393554688,203600,OEF,2021,2,7,Friday,169.5979,169.8985595703125,-0.64,0.32,-0.71,-0.64,0.71
2021-02-22,167.25716179220095,168.32696091751598,167.05835851410617,167.21929931640625,373800,OEF,2021,2,8,Monday,167.4654,168.80978393554688,-0.94,-0.92,-1.04,-0.94,1.04
2021-02-23,165.76133718482578,167.86305846298234,163.78269423019591,167.36129760742188,477100,OEF,2021,2,8,Tuesday,166.1921,167.21929931640625,0.08,-0.87,-2.06,0.08,2.06
2021-02-24,166.70806259891575,169.09380306538057,166.0074984505807,168.80978393554688,261000,OEF,2021,2,8,Wednesday,167.6548,167.36129760742188,0.87,-0.39,-0.81,0.87,0.81
2021-02-25,168.14705504064696,168.91389645497955,164.12349228254234,164.78619384765625,946900,OEF,2021,2,8,Thursday,166.4927,168.80978393554688,-2.38,-0.39,-2.78,-2.38,2.78
2021-02-26,165.7234430207905,166.2725426993111,163.0915609227225,163.8300018310547,675000,OEF,2021,2,8,Friday,164.7294,164.78619384765625,-0.58,0.57,-1.03,-0.58,1.03
2021-03-01,166.43350542234165,168.40268625293243,166.2630881809634,167.89144897460938,338600,OEF,2021,3,9,Monday,167.2477,163.8300018310547,2.48,1.59,1.49,2.48,-1.49
2021-03-02,168.09972310685055,168.1660004890224,166.3956229787115,166.4524383544922,612700,OEF,2021,3,9,Tuesday,167.2784,167.89144897460938,-0.86,0.12,-0.89,-0.86,0.89
2021-03-03,166.20628891138537,166.7080497422096,164.11404418945312,164.11404418945312,539500,OEF,2021,3,9,Wednesday,165.2856,166.4524383544922,-1.4,-0.15,-1.4,-1.4,1.4
2021-03-04,164.13297834606632,165.5909364488255,160.45971151282717,162.4383544921875,730200,OEF,2021,3,9,Thursday,163.1555,164.11404418945312,-1.02,0.01,-2.23,-1.02,2.23
2021-03-05,164.0477303805923,165.5719509940512,160.72474655931367,165.1837921142578,488700,OEF,2021,3,9,Friday,163.8821,162.4383544921875,1.69,0.99,-1.05,1.69,1.05
2021-03-08,165.60983982482082,166.57549895278964,163.69747447291618,163.8489532470703,225500,OEF,2021,3,10,Monday,164.9329,165.1837921142578,-0.81,0.26,-0.9,-0.81,0.9
2021-03-09,165.86551749964562,167.9388388158363,165.79925454099504,166.7175750732422,716900,OEF,2021,3,10,Tuesday,166.5803,163.8489532470703,1.75,1.23,1.19,1.75,-1.19
2021-03-10,168.0334722860224,168.4784321972804,167.2192918575304,167.61691284179688,316400,OEF,2021,3,10,Wednesday,167.837,166.7175750732422,0.54,0.79,0.3,0.54,-0.3
2021-03-11,169.036966044231,170.3813075629332,168.8192243510255,169.53872680664062,193400,OEF,2021,3,10,Thursday,169.4441,167.61691284179688,1.15,0.85,0.72,1.15,-0.72
2021-03-12,168.67723292753018,169.37781147734714,168.07133223027117,169.3494110107422,163900,OEF,2021,3,10,Friday,168.8689,169.53872680664062,-0.11,-0.51,-0.87,-0.11,0.87
2021-03-15,169.52929675697132,170.1351974774395,168.39322026600735,170.09732055664062,219400,OEF,2021,3,11,Monday,169.5388,169.3494110107422,0.44,0.11,-0.56,0.44,0.56
2021-03-16,170.50441476375045,171.17657841412688,169.94583853617456,170.2393341064453,175800,OEF,2021,3,11,Tuesday,170.4665,170.09732055664062,0.08,0.24,-0.09,0.08,0.09
2021-03-17,169.51034885453296,171.25231152312193,169.10325143059066,170.8546905517578,344400,OEF,2021,3,11,Wednesday,170.1802,170.2393341064453,0.36,-0.43,-0.67,0.36,0.67
2021-03-18,169.52929678908748,170.22986092006028,167.82519649813136,168.04293823242188,309600,OEF,2021,3,11,Thursday,168.9068,170.8546905517578,-1.65,-0.78,-1.77,-1.65,1.77
2021-03-19,167.929332241189,168.48789401996547,166.80273223076077,167.7305145263672,276300,OEF,2021,3,11,Friday,167.7376,168.04293823242188,-0.19,-0.07,-0.74,-0.19,0.74
2021-03-22,167.87250984758847,170.16357204963663,167.87250984758847,169.49139404296875,238200,OEF,2021,3,12,Monday,168.85,167.7305145263672,1.05,0.08,0.08,1.05,-0.08
2021-03-23,169.3588662946536,170.3150490059576,168.38374512442743,168.71510314941406,335700,OEF,2021,3,12,Tuesday,169.1932,169.49139404296875,-0.46,-0.08,-0.65,-0.46,0.65
2021-03-24,169.27367296174396,169.67129394318206,167.399169921875,167.399169921875,209900,OEF,2021,3,12,Wednesday,168.4358,168.71510314941406,-0.78,0.33,-0.78,-0.78,0.78
2021-03-25,166.76092072322467,168.37552975249397,166.105575916127,167.94813537597656,427800,OEF,2021,3,12,Thursday,167.2975,167.399169921875,0.33,-0.38,-0.77,0.33,0.77
2021-03-26,168.48948489077728,170.5694871227807,168.07159753841935,170.35104370117188,295200,OEF,2021,3,12,Friday,169.3704,167.94813537597656,1.43,0.32,0.07,1.43,-0.07
2021-03-29,169.90466562368397,171.04438881076072,169.33479678396228,170.69297790527344,303200,OEF,2021,3,13,Monday,170.2442,170.35104370117188,0.2,-0.26,-0.6,0.2,0.6
2021-03-30,170.22757661852157,170.2940675934219,169.3442958996408,169.94264221191406,309300,OEF,2021,3,13,Tuesday,169.9521,170.69297790527344,-0.44,-0.27,-0.79,-0.44,0.79
2021-03-31,170.48401318791085,171.7092122542361,170.41752221529046,170.7974395751953,397100,OEF,2021,3,13,Wednesday,170.852,169.94264221191406,0.5,0.32,0.28,0.5,-0.28
2021-04-01,171.94665938833694,172.77297060867556,171.94665938833694,172.72547912597656,285600,OEF,2021,4,13,Thursday,172.3479,170.7974395751953,1.13,0.67,0.67,1.13,-0.67
2021-04-05,173.96967227335503,175.89770757323998,173.95067278239642,175.53680419921875,260700,OEF,2021,4,14,Monday,174.8387,172.72547912597656,1.63,0.72,0.71,1.63,-0.71
2021-04-06,175.4133194143576,175.92618970256973,175.15687702406927,175.3753204345703,222900,OEF,2021,4,14,Tuesday,175.4679,175.53680419921875,-0.09,-0.07,-0.22,-0.09,0.22
2021-04-07,175.3183292440684,176.2396088190844,175.3183292440684,176.12564086914062,145200,OEF,2021,4,14,Wednesday,175.7505,175.3753204345703,0.43,-0.03,-0.03,0.43,0.03
2021-04-08,176.8380025763234,177.1419219970703,176.5055766704013,177.1419219970703,186300,OEF,2021,4,14,Thursday,176.9069,176.12564086914062,0.58,0.4,0.22,0.58,-0.22
2021-04-09,176.96148492056076,178.58558654785156,176.95197792765032,178.58558654785156,240000,OEF,2021,4,14,Friday,177.7712,177.1419219970703,0.81,-0.1,-0.11,0.81,0.11
2021-04-12,178.20568516354672,178.6520790631547,177.85425974728824,178.5760955810547,164700,OEF,2021,4,15,Monday,178.322,178.58558654785156,-0.01,-0.21,-0.41,-0.01,0.41
2021-04-13,178.61405973540616,179.66830687938955,178.4715997804215,179.42137145996094,77600,OEF,2021,4,15,Tuesday,179.0438,178.5760955810547,0.47,0.02,-0.06,0.47,0.06
2021-04-14,179.36440961151436,179.46888508885058,178.13919587799245,178.3291473388672,202200,OEF,2021,4,15,Wednesday,178.8254,179.42137145996094,-0.61,-0.03,-0.71,-0.61,0.71
2021-04-15,179.5638254654166,180.55159609513439,179.5543329661874,180.5041046142578,258500,OEF,2021,4,15,Thursday,180.0435,178.3291473388672,1.22,0.69,0.69,1.22,-0.69
2021-04-16,181.187952469729,181.26393594531734,180.31416423901203,181.11196899414062,142000,OEF,2021,4,15,Friday,180.9695,180.5041046142578,0.34,0.38,-0.11,0.34,0.11
2021-04-19,180.5040909982651,180.85550184398625,179.64928788406306,180.25714111328125,185100,OEF,2021,4,16,Monday,180.3165,181.11196899414062,-0.47,-0.34,-0.81,-0.47,0.81
2021-04-20,179.56382406640265,179.8582509562321,178.0726901265797,178.89898681640625,163000,OEF,2021,4,16,Tuesday,179.0984,180.25714111328125,-0.75,-0.38,-1.21,-0.75,1.21
2021-04-21,178.3576411426883,180.12421728224217,178.16768967988662,180.04824829101562,218800,OEF,2021,4,16,Wednesday,179.1744,178.89898681640625,0.64,-0.3,-0.41,0.64,0.41
2021-04-22,179.98173016280217,180.23817256970912,177.71177646762027,178.1771697998047,203200,OEF,2021,4,16,Thursday,179.0272,180.04824829101562,-1.04,-0.04,-1.3,-1.04,1.3
2021-04-23,178.49062602620103,180.7131032841047,178.41465702756432,180.02926635742188,77700,OEF,2021,4,16,Friday,179.4119,178.1771697998047,1.04,0.18,0.13,1.04,-0.13
2021-04-26,180.34266355917634,180.67507497447133,180.133712615909,180.3616485595703,100600,OEF,2021,4,17,Monday,180.3783,180.02926635742188,0.18,0.17,0.06,0.18,-0.06
2021-04-27,180.58961820388666,180.58961820388666,180.0102567981796,180.21920776367188,177500,OEF,2021,4,17,Tuesday,180.3522,180.3616485595703,-0.08,0.13,-0.19,-0.08,0.19
2021-04-28,180.5041170244952,181.0834783493457,180.13370663597544,180.1811981201172,185900,OEF,2021,4,17,Wednesday,180.4756,180.21920776367188,-0.02,0.16,-0.05,-0.02,0.05
2021-04-29,181.8622545336839,182.0427134491427,179.9912033981858,181.4348602294922,223700,OEF,2021,4,17,Thursday,181.3328,180.1811981201172,0.7,0.93,-0.11,0.7,0.11
2021-04-30,180.52307822457843,180.91247353026446,180.08617695246122,180.35211181640625,143500,OEF,2021,4,17,Friday,180.4685,181.4348602294922,-0.6,-0.5,-0.74,-0.6,0.74
2021-05-03,181.3494236775385,181.78631057503716,180.50412738382116,180.67507934570312,172100,OEF,2021,5,18,Monday,181.0787,180.35211181640625,0.18,0.55,0.08,0.18,-0.08
2021-05-04,179.79180574942365,179.86778923297726,177.55983620868506,179.12696838378906,338900,OEF,2021,5,18,Tuesday,179.0866,180.67507934570312,-0.86,-0.49,-1.72,-0.86,1.72
2021-05-05,180.13371399942304,180.28568095794222,179.08895927506208,179.43087768554688,67500,OEF,2021,5,18,Wednesday,179.7348,179.12696838378906,0.17,0.56,-0.02,0.17,0.02
2021-05-06,179.41186807568826,181.1214600317091,178.5760788356961,181.0074920654297,232200,OEF,2021,5,18,Thursday,180.0292,179.43087768554688,0.88,-0.01,-0.48,0.88,0.48
2021-05-07,181.64382984790473,182.60309400658198,181.22592799901867,182.09971618652344,127900,OEF,2021,5,18,Friday,181.8931,181.0074920654297,0.6,0.35,0.12,0.6,-0.12
2021-05-10,182.06171442432034,182.06171442432034,179.88672941506167,179.9247283935547,149900,OEF,2021,5,19,Monday,180.9837,182.09971618652344,-1.19,-0.02,-1.22,-1.19,1.22
2021-05-11,177.5693368339302,178.73755205539166,176.65754955635265,178.48110961914062,346600,OEF,2021,5,19,Tuesday,177.8614,179.9247283935547,-0.8,-1.31,-1.82,-0.8,1.82
2021-05-12,176.9804865145222,177.6548309178619,174.53958034828267,174.7770233154297,375100,OEF,2021,5,19,Wednesday,175.988,178.48110961914062,-2.08,-0.84,-2.21,-2.08,2.21
2021-05-13,175.70779795808104,177.71181720637878,175.70779795808104,176.7145538330078,279200,OEF,2021,5,19,Thursday,176.4605,174.7770233154297,1.11,0.53,0.53,1.11,-0.53
2021-05-14,178.158186939172,179.8487794979624,178.04421896651502,179.5448455810547,323000,OEF,2021,5,19,Friday,178.899,176.7145538330078,1.6,0.82,0.75,1.6,-0.75
2021-05-17,178.9749564986922,179.32636734111114,178.0156779404031,179.00344848632812,175800,OEF,2021,5,20,Monday,178.8301,179.5448455810547,-0.3,-0.32,-0.85,-0.3,0.85
2021-05-18,179.1269718920101,179.25993936774117,177.3508887254408,177.48385620117188,133600,OEF,2021,5,20,Tuesday,178.3054,179.00344848632812,-0.85,0.07,-0.92,-0.85,0.92
2021-05-19,175.2233897979188,177.13242573740789,174.75799643797882,177.0564422607422,245500,OEF,2021,5,20,Wednesday,176.0426,177.48385620117188,-0.24,-1.27,-1.54,-0.24,1.54
2021-05-20,177.56931370899915,179.67779343484764,177.56931370899915,179.117431640625,219400,OEF,2021,5,20,Thursday,178.4835,177.0564422607422,1.16,0.29,0.29,1.16,-0.29
2021-05-21,179.9627225635857,180.20016546866992,178.74701604894355,178.92747497558594,183500,OEF,2021,5,20,Friday,179.4593,179.117431640625,-0.11,0.47,-0.21,-0.11,0.21
2021-05-24,180.04822170281315,181.52035619140764,179.90574725747575,181.1689453125,112000,OEF,2021,5,21,Monday,180.6608,178.92747497558594,1.25,0.63,0.55,1.25,-0.55
2021-05-25,181.59634994751806,181.6913329164552,180.43762728984368,180.62757873535156,165600,OEF,2021,5,21,Tuesday,181.0882,181.1689453125,-0.3,0.24,-0.4,-0.3,0.4
2021-05-26,180.99799956569507,181.2639344819243,180.55160570794615,181.0074920654297,91200,OEF,2021,5,21,Wednesday,180.9553,180.62757873535156,0.21,0.21,-0.04,0.21,0.04
2021-05-27,181.35890232948594,181.6343442368637,180.76055601622141,180.779541015625,90400,OEF,2021,5,21,Thursday,181.1333,181.0074920654297,-0.13,0.19,-0.14,-0.13,0.14
2021-05-28,181.51086222264135,181.69132115652192,180.9315009313032,181.06446838378906,133900,OEF,2021,5,21,Friday,181.2995,180.779541015625,0.16,0.4,0.08,0.16,-0.08
2021-06-01,182.02375900946458,182.05225100397132,180.4661338428378,180.52313232421875,163200,OEF,2021,6,22,Tuesday,181.2663,181.06446838378906,-0.3,0.53,-0.33,-0.3,0.33
2021-06-02,180.85553277623683,181.32092614553432,180.48512237777283,180.9505157470703,120900,OEF,2021,6,22,Wednesday,180.903,180.52313232421875,0.24,0.18,-0.02,0.24,0.02
2021-06-03,179.88676283955672,180.73205911353938,179.34540048053563,180.1337127685547,150700,OEF,2021,6,22,Thursday,180.0245,180.9505157470703,-0.45,-0.59,-0.89,-0.45,0.89
2021-06-04,181.03600470003744,182.1757279698888,181.01700520603575,182.00477600097656,174700,OEF,2021,6,22,Friday,181.5584,180.1337127685547,1.04,0.5,0.49,1.04,-0.49
2021-06-07,182.00477200343565,182.32769093253356,181.50139411620438,182.26119995117188,91700,OEF,2021,6,23,Monday,182.0238,182.00477600097656,0.14,-0.0,-0.28,0.14,0.28
2021-06-08,182.75505095747627,182.75505095747627,181.5108524705562,182.17568969726562,128100,OEF,2021,6,23,Tuesday,182.2992,182.26119995117188,-0.05,0.27,-0.41,-0.05,0.41
2021-06-09,182.6220782517734,182.74555319473586,181.98573303222656,181.98573303222656,88500,OEF,2021,6,23,Wednesday,182.3348,182.17568969726562,-0.1,0.25,-0.1,-0.1,0.1
2021-06-10,182.62377999083864,183.54747010788986,182.34763195442903,183.11895751953125,110600,OEF,2021,6,23,Thursday,182.9095,181.98573303222656,0.62,0.35,0.2,0.62,-0.2
2021-06-11,183.40464295019564,183.40464295019564,182.7856673881014,183.39511108398438,110700,OEF,2021,6,23,Friday,183.2475,183.11895751953125,0.15,0.16,-0.18,0.15,0.18
2021-06-14,183.49033424510873,184.23309326171875,183.08085633425372,184.23309326171875,331700,OEF,2021,6,24,Monday,183.7593,183.39511108398438,0.46,0.05,-0.17,0.46,0.17
2021-06-15,184.2235724554417,184.2235724554417,183.38558197852763,183.56651306152344,132600,OEF,2021,6,24,Tuesday,183.8498,184.23309326171875,-0.36,-0.01,-0.46,-0.36,0.46
2021-06-16,183.79503488321595,183.79503488321595,181.62389107149113,182.85231018066406,193200,OEF,2021,6,24,Wednesday,183.0166,183.56651306152344,-0.39,0.12,-1.06,-0.39,1.06
2021-06-17,182.5475831876863,183.74743577594603,182.2238194382724,183.31890869140625,159300,OEF,2021,6,24,Thursday,182.9594,182.85231018066406,0.26,-0.17,-0.34,0.26,0.34
2021-06-18,182.1190391319459,182.1190391319459,181.05251659822218,181.10964965820312,157400,OEF,2021,6,24,Friday,181.6001,183.31890869140625,-1.21,-0.65,-1.24,-1.21,1.24
2021-06-21,181.78576266304754,183.40461036065008,181.3572501379156,183.35699462890625,262200,OEF,2021,6,25,Monday,182.4762,181.10964965820312,1.24,0.37,0.14,1.24,-0.14
2021-06-22,183.35703750944893,184.87112223313565,183.16658906821593,184.47117614746094,141400,OEF,2021,6,25,Tuesday,183.9665,183.35699462890625,0.61,0.0,-0.1,0.61,0.1
2021-06-23,184.60447901575816,184.88062705731429,184.21405029296875,184.21405029296875,146900,OEF,2021,6,25,Wednesday,184.4783,184.47117614746094,-0.14,0.07,-0.14,-0.14,0.14
2021-06-24,185.29961328398906,185.70909118873482,185.1567806022655,185.28057861328125,130300,OEF,2021,6,25,Thursday,185.3615,184.21405029296875,0.58,0.59,0.51,0.58,-0.51
2021-06-25,185.74717643133795,185.8804917786915,185.41389532809558,185.61386108398438,94000,OEF,2021,6,25,Friday,185.6639,185.28057861328125,0.18,0.25,0.07,0.18,-0.07
2021-06-28,185.9947863107164,186.52804773985545,185.73767293228,186.49948120117188,142500,OEF,2021,6,26,Monday,186.19,185.61386108398438,0.48,0.21,0.07,0.48,-0.07
2021-06-29,186.66135475277733,186.80418743981016,186.37567484842816,186.61373901367188,119400,OEF,2021,6,26,Tuesday,186.6137,186.49948120117188,0.06,0.09,-0.07,0.06,0.07
2021-06-30,186.30901057463504,187.01368573718136,186.25187749961736,186.81370544433594,75600,OEF,2021,6,26,Wednesday,186.5971,186.61373901367188,0.11,-0.16,-0.19,0.11,0.19
2021-07-01,186.90892239750445,187.7373809814453,186.90892239750445,187.7373809814453,80600,OEF,2021,7,26,Thursday,187.3232,186.81370544433594,0.49,0.05,0.05,0.49,-0.05
2021-07-02,188.28017363081474,189.65142544157175,188.25160709561416,189.5466766357422,94100,OEF,2021,7,26,Friday,188.9325,187.7373809814453,0.96,0.29,0.27,0.96,-0.27
2021-07-06,189.61332704111604,189.78474078260186,188.17542482498519,189.5466766357422,292800,OEF,2021,7,27,Tuesday,189.28,189.5466766357422,0.0,0.04,-0.72,0.0,0.72
2021-07-07,190.09898100905932,190.55606008766495,189.260990589714,190.42274475097656,160900,OEF,2021,7,27,Wednesday,190.0847,189.5466766357422,0.46,0.29,-0.15,0.46,0.15
2021-07-08,187.79452314326267,189.34669146003614,187.48027673390456,189.10862731933594,246200,OEF,2021,7,27,Thursday,188.4325,190.42274475097656,-0.69,-1.38,-1.55,-0.69,1.55
2021-07-09,189.5275840779868,190.90835290784312,189.4704510206558,190.80360412597656,243700,OEF,2021,7,27,Friday,190.1775,189.10862731933594,0.9,0.22,0.19,0.9,-0.19
2021-07-12,190.91794791446102,191.5845246875827,190.83223376983662,191.4988250732422,162900,OEF,2021,7,28,Monday,191.2084,190.80360412597656,0.36,0.06,0.02,0.36,-0.02
2021-07-13,191.18454745021845,192.31773504489598,191.14644905208996,191.365478515625,217800,OEF,2021,7,28,Tuesday,191.5036,191.4988250732422,-0.07,-0.16,-0.18,-0.07,0.18
2021-07-14,192.184440606562,192.3939236979179,191.26075051032174,192.00350952148438,429900,OEF,2021,7,28,Wednesday,191.9607,191.365478515625,0.33,0.43,-0.05,0.33,0.05
2021-07-15,191.47022725244358,191.49879378588983,190.31799045907857,191.0702667236328,142300,OEF,2021,7,28,Thursday,191.0893,192.00350952148438,-0.49,-0.28,-0.88,-0.49,0.88
2021-07-16,191.67020054771746,191.72733361686383,189.42287446950732,189.6038055419922,208900,OEF,2021,7,28,Friday,190.6061,191.0702667236328,-0.77,0.31,-0.86,-0.77,0.86
2021-07-19,187.37553959626948,187.6326384224289,185.6043416979789,186.79466247558594,400800,OEF,2021,7,29,Monday,186.8518,189.6038055419922,-1.48,-1.18,-2.11,-1.48,2.11
2021-07-20,187.34701223647895,189.87048700058074,186.8804011631813,189.25152587890625,422200,OEF,2021,7,29,Tuesday,188.3374,186.79466247558594,1.32,0.3,0.05,1.32,-0.05
2021-07-21,189.68953076436082,190.6798858642578,189.52764886982237,190.6798858642578,290200,OEF,2021,7,29,Wednesday,190.1442,189.25152587890625,0.75,0.23,0.15,0.75,-0.15
2021-07-22,190.81320460708994,191.47978139945698,190.62274164045567,191.41311645507812,119800,OEF,2021,7,29,Thursday,191.0822,190.6798858642578,0.38,0.07,-0.03,0.38,0.03
2021-07-23,192.34632043460505,193.61282348632812,192.01302480457366,193.61282348632812,165900,OEF,2021,7,29,Friday,192.8962,191.41311645507812,1.15,0.49,0.31,1.15,-0.31
2021-07-26,193.1557512397735,194.02230834960938,193.01291854267288,194.02230834960938,196100,OEF,2021,7,30,Monday,193.5533,193.61282348632812,0.21,-0.24,-0.31,0.21,0.31
2021-07-27,193.64137605423966,193.64137605423966,191.39405000574823,192.72720336914062,282800,OEF,2021,7,30,Tuesday,192.851,194.02230834960938,-0.67,-0.2,-1.35,-0.67,1.35
2021-07-28,193.0890689640518,193.36521697630894,191.97493051965083,192.60340881347656,135500,OEF,2021,7,30,Wednesday,192.7582,192.72720336914062,-0.06,0.19,-0.39,-0.06,0.39
2021-07-29,192.8414778515784,193.49853722707252,192.8414778515784,193.0414581298828,158000,OEF,2021,7,30,Thursday,193.0557,192.60340881347656,0.23,0.12,0.12,0.23,-0.12
2021-07-30,191.46072666890157,192.14635264419357,191.2321943639935,191.4988250732422,232400,OEF,2021,7,30,Friday,191.5845,193.0414581298828,-0.8,-0.82,-0.94,-0.8,0.94
2021-08-02,192.3748632073393,192.47008013967002,191.07979377933643,191.35594177246094,243200,OEF,2021,8,31,Monday,191.8202,191.4988250732422,-0.07,0.46,-0.22,-0.07,0.22
2021-08-03,191.63214656245717,192.69866943359375,190.67988984743255,192.69866943359375,206000,OEF,2021,8,31,Tuesday,191.9273,191.35594177246094,0.7,0.14,-0.35,0.7,0.35
2021-08-04,192.20349402407243,192.31777471174755,191.71784832487782,191.87973022460938,111700,OEF,2021,8,31,Wednesday,192.0297,192.69866943359375,-0.42,-0.26,-0.51,-0.42,0.51
2021-08-05,192.46058448906408,193.27952575683594,192.2606042071609,193.27952575683594,120400,OEF,2021,8,31,Thursday,192.8201,191.87973022460938,0.73,0.3,0.2,0.73,-0.2
2021-08-06,193.22240654073855,193.56521952695337,193.09860852257427,193.44142150878906,93200,OEF,2021,8,31,Friday,193.3319,193.27952575683594,0.08,-0.03,-0.09,0.08,0.09
2021-08-09,193.527085728955,193.669932923085,193.07952400852045,193.29855346679688,139900,OEF,2021,8,32,Monday,193.3938,193.44142150878906,-0.07,0.04,-0.19,-0.07,0.19
2021-08-10,193.46997280175833,193.8223030961137,192.95576062809687,193.374755859375,402100,OEF,2021,8,32,Tuesday,193.4057,193.29855346679688,0.04,0.09,-0.18,0.04,0.18
2021-08-11,194.01279242131483,194.12705857982462,193.47951644427155,193.8604278564453,121700,OEF,2021,8,32,Wednesday,193.8699,193.374755859375,0.25,0.33,0.05,0.25,-0.05
2021-08-12,193.78420063006004,194.81263940897864,193.48900343551773,194.78407287597656,145100,OEF,2021,8,32,Thursday,194.2175,193.8604278564453,0.48,-0.04,-0.19,0.48,0.19
2021-08-13,194.9554790479146,195.3268585205078,194.86977944584274,195.3268585205078,116400,OEF,2021,8,32,Friday,195.1197,194.78407287597656,0.28,0.09,0.04,0.28,-0.04
2021-08-16,194.62220769055645,195.8791788412091,193.5366357526045,195.84109497070312,137500,OEF,2021,8,33,Monday,194.9698,195.3268585205078,0.26,-0.36,-0.92,0.26,0.92
2021-08-17,194.59363482458227,194.94596510386003,193.15571811238635,194.34603881835938,210400,OEF,2021,8,33,Tuesday,194.2603,195.84109497070312,-0.76,-0.64,-1.37,-0.76,1.37
2021-08-18,194.05083235564024,194.74597554630458,192.17488585005069,192.25106811523438,143700,OEF,2021,8,33,Wednesday,193.3057,194.34603881835938,-1.08,-0.15,-1.12,-1.08,1.12
2021-08-19,190.93697153263003,193.3652288436889,190.93697153263003,192.6605682373047,206300,OEF,2021,8,33,Thursday,191.9749,192.25106811523438,0.21,-0.68,-0.68,0.21,0.68
2021-08-20,193.07003435412986,194.59365079493173,192.81292099205936,194.4793701171875,168400,OEF,2021,8,33,Friday,193.739,192.6605682373047,0.94,0.21,0.08,0.94,-0.08
2021-08-23,195.0888172492143,196.66004945610015,195.07929991351807,196.23153686523438,196500,OEF,2021,8,34,Monday,195.7649,194.4793701171875,0.9,0.31,0.31,0.9,-0.31
2021-08-24,196.5934032479562,196.73625047871178,196.17440795286228,196.46961975097656,135800,OEF,2021,8,34,Tuesday,196.4934,196.23153686523438,0.12,0.18,-0.03,0.12,0.03
2021-08-25,196.63149051289784,196.75527400286336,196.29819485697243,196.5457763671875,104200,OEF,2021,8,34,Wednesday,196.5577,196.46961975097656,0.04,0.08,-0.09,0.04,0.09
2021-08-26,196.51722383932884,196.6981549494287,195.43165170901491,195.48878479003906,467400,OEF,2021,8,34,Thursday,196.034,196.5457763671875,-0.54,-0.01,-0.57,-0.54,0.57
2021-08-27,195.77445420826393,197.2314058172511,195.6506707161231,197.0790557861328,115900,OEF,2021,8,34,Friday,196.4339,195.48878479003906,0.81,0.15,0.08,0.81,-0.08
2021-08-30,197.3742163422567,198.78355194746524,197.3742163422567,198.45025634765625,182800,OEF,2021,8,35,Monday,197.9956,197.0790557861328,0.7,0.15,0.15,0.7,-0.15
2021-08-31,198.53602814577891,198.60267856693105,197.90753516201735,198.14559936523438,96800,OEF,2021,8,35,Tuesday,198.298,198.45025634765625,-0.15,0.04,-0.27,-0.15,0.27
2021-09-01,198.53602814577891,198.9740581427382,198.05036787183323,198.14559936523438,163400,OEF,2021,9,35,Wednesday,198.4265,198.14559936523438,0.0,0.2,-0.05,0.0,0.05
2021-09-02,198.7740262988377,199.00255855860465,197.93603593227613,198.43121337890625,120400,OEF,2021,9,35,Thursday,198.536,198.14559936523438,0.14,0.32,-0.11,0.14,0.11
2021-09-03,198.15508753421216,198.84071350097656,197.7741906772469,198.84071350097656,85800,OEF,2021,9,35,Friday,198.4027,198.43121337890625,0.21,-0.14,-0.33,0.21,0.33
2021-09-07,198.4978894265134,198.81213585457886,198.0598595185067,198.4217071533203,123900,OEF,2021,9,36,Tuesday,198.4479,198.84071350097656,-0.21,-0.17,-0.39,-0.21,0.39
2021-09-08,198.26933840894716,198.32647147587454,197.1742346818067,198.11697387695312,138600,OEF,2021,9,36,Wednesday,197.9718,198.4217071533203,-0.15,-0.08,-0.63,-0.15,0.63
2021-09-09,198.04082773997573,198.6407541127222,196.83145765835246,197.1076202392578,166400,OEF,2021,9,36,Thursday,197.6552,198.11697387695312,-0.51,-0.04,-0.65,-0.51,0.65
2021-09-10,197.89798533755894,198.11700030008473,195.23166379317837,195.30784606933594,638400,OEF,2021,9,36,Friday,196.6386,197.1076202392578,-0.91,0.4,-0.95,-0.91,0.95
2021-09-13,196.62191416248402,196.85997828277527,194.83168185848461,195.88868713378906,190900,OEF,2021,9,37,Monday,196.0506,195.30784606933594,0.3,0.67,-0.24,0.3,0.24
2021-09-14,196.51721554446738,196.70767851355532,194.38416978141345,194.7460174560547,154000,OEF,2021,9,37,Tuesday,195.5888,195.88868713378906,-0.58,0.32,-0.77,-0.58,0.77
2021-09-15,195.0792682141051,196.65048563539239,194.62218916014024,196.3933868408203,113200,OEF,2021,9,37,Wednesday,195.6863,194.7460174560547,0.85,0.17,-0.06,0.85,0.06
2021-09-16,196.2029308082864,196.48861067590593,194.61266413255169,196.0791473388672,78600,OEF,2021,9,37,Thursday,195.8458,196.3933868408203,-0.16,-0.1,-0.91,-0.16,0.91
2021-09-17,195.8125346587915,195.8125346587915,194.05085408853583,194.17465209960938,229900,OEF,2021,9,37,Friday,194.9626,196.0791473388672,-0.97,-0.14,-1.03,-0.97,1.03
2021-09-20,191.27976499011749,192.10823805379567,188.49917765948314,190.7750701904297,328100,OEF,2021,9,38,Monday,190.6656,194.17465209960938,-1.75,-1.49,-2.92,-1.75,2.92
2021-09-21,191.81305074025698,192.5653416334818,190.55607951338246,190.7941436767578,114400,OEF,2021,9,38,Tuesday,191.4322,190.7750701904297,0.01,0.54,-0.11,0.01,0.11
2021-09-22,191.62258917016803,193.2223877940505,191.14646087608006,192.3463134765625,166100,OEF,2021,9,38,Wednesday,192.0844,190.7941436767578,0.81,0.43,0.18,0.81,-0.18
2021-09-23,193.2890320796725,195.22211173004308,193.1747659423996,194.50791931152344,125600,OEF,2021,9,38,Thursday,194.0485,192.3463134765625,1.12,0.49,0.43,1.12,-0.43
2021-09-24,193.82212346619613,195.28359706016357,193.63108392898528,195.0352325439453,118000,OEF,2021,9,38,Friday,194.443,194.50791931152344,0.27,-0.35,-0.45,0.27,0.45
2021-09-27,194.25191247774308,194.73906534954034,193.94623764223064,194.26145935058594,111900,OEF,2021,9,39,Monday,194.2997,195.0352325439453,-0.4,-0.4,-0.56,-0.4,0.56
2021-09-28,192.8000223564199,192.98151500215684,189.8866223007558,190.23049926757812,231900,OEF,2021,9,39,Tuesday,191.4747,194.26145935058594,-2.08,-0.75,-2.25,-2.08,2.25
2021-09-29,190.918238831487,191.7492832743969,190.33555886421044,190.58392333984375,150600,OEF,2021,9,39,Wednesday,190.8968,190.23049926757812,0.19,0.36,0.06,0.19,-0.06
2021-09-30,191.28122004311166,191.64420529957465,188.49200250363842,188.59707641601562,200000,OEF,2021,9,39,Thursday,190.0036,190.58392333984375,-1.04,0.37,-1.1,-1.04,1.1
2021-10-01,189.28483267289587,191.5677890021121,187.8424530779291,191.04241943359375,259500,OEF,2021,10,39,Friday,189.9344,188.59707641601562,1.3,0.36,-0.4,1.3,0.4
2021-10-04,190.41197874650905,190.72720049224736,187.10695300400477,188.0908203125,320000,OEF,2021,10,40,Monday,189.0842,191.04241943359375,-1.54,-0.33,-2.06,-1.54,2.06
2021-10-05,188.87408189381986,191.3767474731826,188.86453502008595,190.30690002441406,209800,OEF,2021,10,40,Tuesday,189.8556,188.0908203125,1.18,0.42,0.41,1.18,-0.41
2021-10-06,188.6734865987994,191.51046752929688,188.02393483110478,191.51046752929688,182100,OEF,2021,10,40,Wednesday,189.9296,190.30690002441406,0.63,-0.86,-1.2,0.63,1.2
2021-10-07,192.8286411056733,194.09907481030314,192.6758182634921,192.90505981445312,117600,OEF,2021,10,40,Thursday,193.1271,191.51046752929688,0.73,0.69,0.61,0.73,-0.61
2021-10-08,193.31581978325218,193.38267704770723,192.37970147784787,192.7617950439453,116800,OEF,2021,10,40,Friday,192.96,192.90505981445312,-0.07,0.21,-0.27,-0.07,0.27
2021-10-11,192.37972561607236,193.63106580474775,191.19527185100284,191.20481872558594,164100,OEF,2021,10,41,Monday,192.1027,192.7617950439453,-0.81,-0.2,-0.81,-0.81,0.81
2021-10-12,191.75883640311335,191.75883640311335,190.0872151642319,190.45974731445312,768300,OEF,2021,10,41,Tuesday,191.0162,191.20481872558594,-0.39,0.29,-0.58,-0.39,0.58
2021-10-13,190.9564377799969,191.33851675657223,189.64778740569994,191.0137481689453,494700,OEF,2021,10,41,Wednesday,190.7391,190.45974731445312,0.29,0.26,-0.43,0.29,0.43
2021-10-14,192.77139104165724,194.22331781206654,192.6185535762704,194.0704803466797,113500,OEF,2021,10,41,Thursday,193.4209,191.0137481689453,1.6,0.92,0.84,1.6,-0.84
2021-10-15,195.12118041572614,195.9999738016874,194.79639722332612,195.98086547851562,175500,OEF,2021,10,41,Friday,195.4746,194.0704803466797,0.98,0.54,0.37,0.98,-0.37
2021-10-18,195.20715040591313,196.83100810298683,194.83461826025868,196.80235290527344,126200,OEF,2021,10,42,Monday,195.9188,195.98086547851562,0.42,-0.39,-0.58,0.42,0.58
2021-10-19,197.39459313113827,198.2638397216797,197.22266193321033,198.2638397216797,103600,OEF,2021,10,42,Tuesday,197.7862,196.80235290527344,0.74,0.3,0.21,0.74,-0.21
2021-10-20,198.54085153151968,198.89427536347438,198.02502880746505,198.8465118408203,93700,OEF,2021,10,42,Wednesday,198.5767,198.2638397216797,0.29,0.14,-0.12,0.29,0.12
2021-10-21,198.4261979746353,199.1617153450253,198.21605015452386,199.08529663085938,65500,OEF,2021,10,42,Thursday,198.7223,198.8465118408203,0.12,-0.21,-0.32,0.12,0.32
2021-10-22,198.58855713013043,198.9515423326106,197.47096090580618,198.4166259765625,103000,OEF,2021,10,42,Friday,198.3569,199.08529663085938,-0.34,-0.25,-0.81,-0.34,0.81
2021-10-25,198.98980167706912,199.77306805926867,198.0441364033668,199.658447265625,144700,OEF,2021,10,43,Monday,199.1164,198.4166259765625,0.63,0.29,-0.19,0.63,0.19
2021-10-26,200.4703475756077,201.2154118059989,199.83035725336802,200.1360321044922,215100,OEF,2021,10,43,Tuesday,200.413,199.658447265625,0.24,0.41,0.09,0.24,-0.09
2021-10-27,200.50861793955795,201.3491948545968,200.02145033698025,200.0692138671875,379200,OEF,2021,10,43,Wednesday,200.4871,200.1360321044922,-0.03,0.19,-0.06,-0.03,0.06
2021-10-28,200.78556652913989,201.87450766432835,200.76645820736354,201.73123168945312,166400,OEF,2021,10,43,Thursday,201.2894,200.0692138671875,0.83,0.36,0.35,0.83,-0.35
2021-10-29,200.4799038919623,202.6768798828125,200.3270664703129,202.6768798828125,161500,OEF,2021,10,43,Friday,201.5402,201.73123168945312,0.47,-0.62,-0.7,0.47,0.7
2021-11-01,203.09718051655682,203.19270755128971,201.76943635589245,202.6577911376953,130500,OEF,2021,11,44,Monday,202.6793,202.6768798828125,-0.01,0.21,-0.45,-0.01,0.45
2021-11-02,202.61002710540424,203.8231504816093,202.60048023210686,203.4983673095703,128500,OEF,2021,11,44,Tuesday,203.133,202.6577911376953,0.41,-0.02,-0.03,0.41,0.03
2021-11-03,203.55572208559727,205.20823508155254,203.19273679183158,205.1509246826172,167800,OEF,2021,11,44,Wednesday,204.2769,203.4983673095703,0.81,0.03,-0.15,0.81,0.15
2021-11-04,205.63803447722566,206.59324645996094,205.37057628809,206.59324645996094,71300,OEF,2021,11,44,Thursday,206.0488,205.1509246826172,0.7,0.24,0.11,0.7,-0.11
2021-11-05,207.424335484344,208.14074467608185,206.59330548605044,207.2141876220703,152800,OEF,2021,11,44,Friday,207.3431,206.59324645996094,0.3,0.4,0.0,0.3,-0.0
2021-11-08,207.52938224390726,207.84460399604617,206.8798449912916,207.13775634765625,233000,OEF,2021,11,45,Monday,207.3479,207.2141876220703,-0.04,0.15,-0.16,-0.04,0.16
2021-11-09,207.53893042237848,207.53893042237848,205.35148662100036,206.02969360351562,183000,OEF,2021,11,45,Tuesday,206.6148,207.13775634765625,-0.53,0.19,-0.86,-0.53,0.86
2021-11-10,205.0076117111493,206.1061143471215,203.57479359278707,204.4058380126953,245300,OEF,2021,11,45,Wednesday,204.7736,206.02969360351562,-0.79,-0.5,-1.19,-0.79,1.19
2021-11-11,205.28463327555883,205.28463327555883,204.2530024717477,204.30076599121094,163700,OEF,2021,11,45,Thursday,204.7808,204.4058380126953,-0.05,0.43,-0.07,-0.05,0.07
2021-11-12,204.93120145587696,206.09656140628434,204.34852148067327,205.88641357421875,132400,OEF,2021,11,45,Friday,205.3157,204.30076599121094,0.78,0.31,0.02,0.78,-0.02
2021-11-15,206.34495485862337,206.6410683248264,205.19870307074166,205.82913208007812,138300,OEF,2021,11,46,Monday,206.0035,205.88641357421875,-0.03,0.22,-0.33,-0.03,0.33
2021-11-16,205.67626953479623,207.0422157962317,205.63805288985318,206.7078857421875,115200,OEF,2021,11,46,Tuesday,206.2661,205.82913208007812,0.43,-0.07,-0.09,0.43,0.09
2021-11-17,206.4882197008677,206.9085154012868,206.0679240004486,206.29718017578125,185900,OEF,2021,11,46,Wednesday,206.4405,206.7078857421875,-0.2,-0.11,-0.31,-0.2,0.31
2021-11-18,206.87984443296256,207.76818471582718,205.93417917909795,207.4625244140625,123900,OEF,2021,11,46,Thursday,207.0112,206.29718017578125,0.56,0.28,-0.18,0.56,0.18
2021-11-19,207.6630920144075,208.2362250695211,207.1663922470467,207.51026916503906,114700,OEF,2021,11,46,Friday,207.644,207.4625244140625,0.02,0.1,-0.14,0.02,0.14
2021-11-22,208.42728808319023,209.8123427847387,206.66015435203556,206.76522827148438,234600,OEF,2021,11,47,Monday,207.9163,207.51026916503906,-0.36,0.44,-0.41,-0.36,0.41
2021-11-23,206.58373966174125,207.23327693982125,205.3419609282213,206.90850830078125,630700,OEF,2021,11,47,Tuesday,206.5169,206.76522827148438,0.07,-0.09,-0.69,0.07,0.69
2021-11-24,206.10610656108983,207.48161423481605,205.4661162414437,207.34788513183594,233900,OEF,2021,11,47,Wednesday,206.6004,206.90850830078125,0.21,-0.39,-0.7,0.21,0.7
2021-11-26,204.61599986044536,205.26553712243992,202.45721108590678,202.8583984375,187600,OEF,2021,11,47,Friday,203.7993,207.34788513183594,-2.17,-1.32,-2.36,-2.17,2.36
2021-11-29,205.09357394580994,206.19206191037026,204.4440222097402,205.51385498046875,152300,OEF,2021,11,48,Monday,205.3109,202.8583984375,1.31,1.1,0.78,1.31,-0.78
2021-11-30,204.47269309552578,205.5138707523262,201.9604806907029,202.3139190673828,574100,OEF,2021,11,48,Tuesday,203.5652,205.51385498046875,-1.56,-0.51,-1.73,-1.56,1.73
2021-12-01,204.75930977110858,206.0392907585179,199.9163764006775,200.0692138671875,846000,OEF,2021,12,48,Wednesday,202.696,202.3139190673828,-1.11,1.21,-1.19,-1.11,1.19
2021-12-02,199.7921423137865,202.96343852531518,199.63930489807044,202.22793579101562,266100,OEF,2021,12,48,Thursday,201.1557,200.0692138671875,1.08,-0.14,-0.21,1.08,0.21
2021-12-03,203.0781054348971,203.52705630372262,198.36890203701915,200.41305541992188,208800,OEF,2021,12,48,Friday,201.3468,202.22793579101562,-0.9,0.42,-1.91,-0.9,1.91
2021-12-06,201.5497763149557,203.44109240969533,200.19337672576813,202.6387176513672,246000,OEF,2021,12,49,Monday,201.9557,200.41305541992188,1.11,0.57,-0.11,1.11,0.11
2021-12-07,205.4852162657799,207.02310828472454,205.27506844390828,206.73654174804688,207300,OEF,2021,12,49,Tuesday,206.13,202.6387176513672,2.02,1.4,1.3,2.02,-1.3
2021-12-08,207.18547263508995,207.61532968639915,206.22071378241097,207.40518188476562,190800,OEF,2021,12,49,Wednesday,207.1067,206.73654174804688,0.32,0.22,-0.25,0.32,0.25
2021-12-09,206.87029478252072,207.32879251670465,206.12521592332405,206.1825408935547,132800,OEF,2021,12,49,Thursday,206.6267,207.40518188476562,-0.59,-0.26,-0.62,-0.59,0.62
2021-12-10,207.6248957643675,208.62787135123403,206.70788576556333,208.55145263671875,722400,OEF,2021,12,49,Friday,207.878,206.1825408935547,1.15,0.7,0.25,1.15,-0.25
2021-12-13,208.35317169933572,208.53517534191485,206.34158710971542,206.47569274902344,632100,OEF,2021,12,50,Monday,207.4264,208.55145263671875,-1.0,-0.1,-1.06,-1.0,1.06
2021-12-14,204.72271786393716,205.72851740208756,203.40080906428705,205.04840087890625,339700,OEF,2021,12,50,Tuesday,204.7251,206.47569274902344,-0.69,-0.85,-1.49,-0.69,1.49
2021-12-15,204.96219343411525,208.650120205202,203.80312614089962,208.573486328125,294500,OEF,2021,12,50,Wednesday,206.4972,205.04840087890625,1.72,-0.04,-0.61,1.72,0.61
2021-12-16,209.36858214465155,209.4452014184068,205.50822483622406,206.25540161132812,272100,OEF,2021,12,50,Thursday,207.6444,208.573486328125,-1.11,0.38,-1.47,-1.11,1.47
2021-12-17,204.6461047513691,205.76684791053847,202.92187888479359,203.9659881591797,340300,OEF,2021,12,50,Friday,204.3252,206.25540161132812,-1.11,-0.78,-1.62,-1.11,1.62
2021-12-20,201.5808059309949,202.09806634039015,200.34510473765536,201.86817932128906,377000,OEF,2021,12,51,Monday,201.473,203.9659881591797,-1.03,-1.17,-1.78,-1.03,1.78
2021-12-21,203.33379408228183,205.28790708187148,201.99272295794958,205.21127319335938,334600,OEF,2021,12,51,Tuesday,203.9564,201.86817932128906,1.66,0.73,0.06,1.66,-0.06
2021-12-22,205.11547169129364,207.58685954200982,205.06757368861568,207.5293731689453,277500,OEF,2021,12,51,Wednesday,206.3248,205.21127319335938,1.13,-0.05,-0.07,1.13,0.07
2021-12-23,207.922118927281,209.39729557626183,207.80717541255154,208.66928100585938,205700,OEF,2021,12,51,Thursday,208.449,207.5293731689453,0.55,0.19,0.13,0.55,-0.13
2021-12-27,209.40686623783705,211.63877868652344,209.40686623783705,211.63877868652344,249800,OEF,2021,12,52,Monday,210.5228,208.66928100585938,1.42,0.35,0.35,1.42,-0.35
2021-12-28,211.8495059290631,212.2230869411881,211.02571002842626,211.2843475341797,218400,OEF,2021,12,52,Tuesday,211.5957,211.63877868652344,-0.17,0.1,-0.29,-0.17,0.29
2021-12-29,211.40884787237238,211.8207530979298,210.6712596605522,211.54295349121094,219600,OEF,2021,12,52,Wednesday,211.361,211.2843475341797,0.12,0.06,-0.29,0.12,0.29
2021-12-30,211.44718949166506,212.0793933944755,210.55633346613175,210.7000274658203,149200,OEF,2021,12,52,Thursday,211.1957,211.54295349121094,-0.4,-0.05,-0.47,-0.4,0.47
2021-12-31,210.5276137176045,211.03530039927867,209.82834963808662,209.9049835205078,161500,OEF,2021,12,52,Friday,210.3241,210.7000274658203,-0.38,-0.08,-0.41,-0.38,0.41
2022-01-03,210.805389140343,212.29971313476562,210.02947665116184,212.29971313476562,157600,OEF,2022,1,1,Monday,211.3586,209.9049835205078,1.14,0.43,0.06,1.14,-0.06
2022-01-04,212.8265672983025,212.98942343032212,210.7766584895289,211.63877868652344,200900,OEF,2022,1,1,Tuesday,212.0579,212.29971313476562,-0.31,0.25,-0.72,-0.31,0.72
2022-01-05,211.3801178442502,211.61001946136741,207.38567042649512,207.4718780517578,348000,OEF,2022,1,1,Wednesday,209.4619,211.63877868652344,-1.97,-0.12,-2.01,-1.97,2.01
2022-01-06,206.85884413873586,208.18075300189193,205.94884055723173,207.0408477783203,284500,OEF,2022,1,1,Thursday,207.0073,207.4718780517578,-0.21,-0.3,-0.73,-0.21,0.73
2022-01-07,207.0312536392688,207.60598576321973,205.5560771599862,206.62893676757812,271500,OEF,2022,1,1,Friday,206.7056,207.0408477783203,-0.2,-0.0,-0.72,-0.2,0.72
2022-01-10,204.7706426385537,206.50444231034987,202.11725093884445,206.36074829101562,346000,OEF,2022,1,2,Monday,204.9383,206.62893676757812,-0.13,-0.9,-2.18,-0.13,2.18
2022-01-11,206.21705730691377,208.19992065429688,204.914310533444,208.19992065429688,240500,OEF,2022,1,2,Tuesday,206.8828,206.36074829101562,0.89,-0.07,-0.7,0.89,0.7
2022-01-12,209.06204847084643,209.73257674540704,207.97961485992852,208.88963317871094,143700,OEF,2022,1,2,Wednesday,208.916,208.19992065429688,0.33,0.41,-0.11,0.33,0.11
2022-01-13,209.33977110810167,209.44514084956862,204.99090506733535,205.41238403320312,312100,OEF,2022,1,2,Thursday,207.2971,208.88963317871094,-1.66,0.22,-1.87,-1.66,1.87
2022-01-14,203.86061925152842,205.8147320241421,203.76482324791036,205.73809814453125,255900,OEF,2022,1,2,Friday,204.7946,205.41238403320312,0.16,-0.76,-0.8,0.16,0.8
2022-01-18,203.2475361077452,203.46786397965883,201.66700445712107,202.02142333984375,521200,OEF,2022,1,3,Tuesday,202.601,205.73809814453125,-1.81,-1.21,-1.98,-1.81,1.98
2022-01-19,202.65364125017203,203.48701088716632,199.87573271591302,200.03857421875,285100,OEF,2022,1,3,Wednesday,201.5137,202.02142333984375,-0.98,0.31,-1.06,-0.98,1.06
2022-01-20,200.9964821126019,202.9984928254573,197.69172471926112,197.78750610351562,262900,OEF,2022,1,3,Thursday,199.8686,200.03857421875,-1.13,0.48,-1.17,-1.13,1.17
2022-01-21,196.8487954092498,198.1802781609378,193.4961395263672,193.4961395263672,710000,OEF,2022,1,3,Friday,195.5053,197.78750610351562,-2.17,-0.47,-2.17,-2.17,2.17
2022-01-24,190.7086087421133,194.1762221588258,185.47847466558966,194.06126403808594,1017500,OEF,2022,1,4,Monday,191.1061,193.4961395263672,0.29,-1.44,-4.14,0.29,4.14
2022-01-25,191.14926775238555,194.23371208255952,188.8215592571613,191.88685607910156,542100,OEF,2022,1,4,Tuesday,191.5228,194.06126403808594,-1.12,-1.5,-2.7,-1.12,2.7
2022-01-26,195.33529307915657,196.47519832505807,189.88483062087244,191.88685607910156,869400,OEF,2022,1,4,Wednesday,193.3955,191.88685607910156,0.0,1.8,-1.04,0.0,1.04
2022-01-27,194.15705366584714,195.62264176354574,190.61282110681407,191.2929229736328,554800,OEF,2022,1,4,Thursday,192.9214,191.88685607910156,-0.31,1.18,-0.66,-0.31,0.66
2022-01-28,192.27001180961562,196.50393516041888,190.12430694709573,196.4368896484375,358700,OEF,2022,1,4,Friday,193.8338,191.2929229736328,2.69,0.51,-0.61,2.69,0.61
2022-01-31,196.45604245404843,200.30681111228617,195.6993065950101,200.1631317138672,518900,OEF,2022,1,5,Monday,198.1563,196.4368896484375,1.9,0.01,-0.38,1.9,0.38
2022-02-01,200.6899741652143,201.8777775011535,199.0711326163071,201.6670379638672,395900,OEF,2022,2,5,Tuesday,200.8265,200.1631317138672,0.75,0.26,-0.55,0.75,0.55
2022-02-02,203.16134538740332,203.78399019281457,201.56165148078026,203.41998291015625,660200,OEF,2022,2,5,Wednesday,202.9817,201.6670379638672,0.87,0.74,-0.05,0.87,0.05
2022-02-03,199.96194535746287,200.84321301536758,197.3564520139109,197.88330078125,762200,OEF,2022,2,5,Thursday,199.0112,203.41998291015625,-2.72,-1.7,-2.98,-2.72,2.98
2022-02-04,198.18981489509468,201.06351940077369,197.1457057659714,199.38719177246094,1010100,OEF,2022,2,5,Friday,198.9466,197.88330078125,0.76,0.15,-0.37,0.76,0.37
2022-02-07,199.6266791160031,200.05774651083198,197.71087599736038,198.29519653320312,196400,OEF,2022,2,6,Monday,198.9226,199.38719177246094,-0.55,0.12,-0.84,-0.55,0.84
2022-02-08,198.0078467222253,200.23017083991672,197.43309991404695,199.7991180419922,178400,OEF,2022,2,6,Tuesday,198.8676,198.29519653320312,0.76,-0.14,-0.43,0.76,0.43
2022-02-09,201.54249746373227,202.33755757201598,201.23597654212517,202.19387817382812,652800,OEF,2022,2,6,Wednesday,201.8275,199.7991180419922,1.2,0.87,0.72,1.2,-0.72
2022-02-10,199.8086855912504,202.04059801016672,197.73961468576346,198.6879425048828,398200,OEF,2022,2,6,Thursday,199.5692,202.19387817382812,-1.73,-1.18,-2.2,-1.73,2.2
2022-02-11,198.81248848444122,199.45428082984927,193.78350486990942,194.34866333007812,576500,OEF,2022,2,6,Friday,196.5997,198.6879425048828,-2.18,0.06,-2.47,-2.18,2.47
2022-02-14,193.88889477205822,195.27784937228068,192.54782356571673,194.22415161132812,388100,OEF,2022,2,7,Monday,193.9847,194.34866333007812,-0.06,-0.24,-0.93,-0.06,0.93
2022-02-15,196.48475856000698,197.44266009685012,196.07286791504484,197.29898071289062,225600,OEF,2022,2,7,Tuesday,196.8248,194.22415161132812,1.58,1.16,0.95,1.58,-0.95
2022-02-16,196.31238353351645,197.99828532197594,195.4215273211341,197.63429260253906,260100,OEF,2022,2,7,Wednesday,196.8416,197.29898071289062,0.17,-0.5,-0.95,0.17,0.95
2022-02-17,195.9962313257409,196.19739707691772,192.90221349715256,193.21832275390625,246300,OEF,2022,2,7,Thursday,194.5785,197.63429260253906,-2.23,-0.83,-2.39,-2.23,2.39
2022-02-18,193.40992697159592,193.58234225388443,190.5649578824812,191.75274658203125,400600,OEF,2022,2,7,Friday,192.3275,193.21832275390625,-0.76,0.1,-1.37,-0.76,1.37
2022-02-22,190.19134308183118,192.0496743044044,187.74869136779338,189.3771209716797,549100,OEF,2022,2,8,Tuesday,189.8417,191.75274658203125,-1.24,-0.81,-2.09,-1.24,2.09
2022-02-23,190.7947963583763,191.110905578525,185.6508704496279,185.80413818359375,742400,OEF,2022,2,8,Wednesday,188.3402,189.3771209716797,-1.89,0.75,-1.97,-1.89,1.97
2022-02-24,180.50697661351282,188.85029121506378,180.21002946145188,188.6012420654297,864700,OEF,2022,2,8,Thursday,184.5421,185.80413818359375,1.51,-2.85,-3.01,1.51,3.01
2022-02-25,189.35798383734272,192.65316772460938,188.5342024819447,192.65316772460938,405900,OEF,2022,2,8,Friday,190.7996,188.6012420654297,2.15,0.4,-0.04,2.15,0.04
2022-02-28,190.39250108294559,192.93094888385787,189.7602971874601,192.4711456298828,614100,OEF,2022,2,9,Monday,191.3887,192.65316772460938,-0.09,-1.17,-1.5,-0.09,1.5
2022-03-01,191.7718943335326,192.53821852457577,188.45756303566696,189.67408752441406,420400,OEF,2022,3,9,Tuesday,190.6104,192.4711456298828,-1.45,-0.36,-2.09,-1.45,2.09
2022-03-02,190.60324599075417,193.45780312854808,189.9997779544809,192.72021484375,1185100,OEF,2022,3,9,Wednesday,191.6953,189.67408752441406,1.61,0.49,0.17,1.61,-0.17
2022-03-03,193.85053783713929,194.23370723853515,190.72778395195823,191.5898895263672,471500,OEF,2022,3,9,Thursday,192.6005,192.72021484375,-0.59,0.59,-1.03,-0.59,1.03
2022-03-04,189.89440371700985,190.28713223407036,187.98817441895326,189.6453399658203,373300,OEF,2022,3,9,Friday,189.4538,191.5898895263672,-1.01,-0.88,-1.88,-1.01,1.88
2022-03-07,189.48252098945503,189.48252098945503,184.194899846299,184.2427978515625,386200,OEF,2022,3,10,Monday,186.8507,189.6453399658203,-2.85,-0.09,-2.87,-2.85,2.87
2022-03-08,184.118266651056,187.7582809130507,182.15456551513697,182.8634033203125,533800,OEF,2022,3,10,Tuesday,184.2236,184.2427978515625,-0.75,-0.07,-1.13,-0.75,1.13
2022-03-09,186.86745303007822,188.84072806293358,185.85207963386483,187.97862243652344,424700,OEF,2022,3,10,Wednesday,187.3847,182.8634033203125,2.8,2.19,1.63,2.8,-1.63
2022-03-10,186.12026118476774,187.53795128788386,184.95162020547494,187.02069091796875,285500,OEF,2022,3,10,Thursday,186.4076,187.97862243652344,-0.51,-0.99,-1.61,-0.51,1.61
2022-03-11,188.20846921243884,188.4479445703697,184.3864518543682,184.6546630859375,382200,OEF,2022,3,10,Friday,186.4244,187.02069091796875,-1.27,0.64,-1.41,-1.27,1.41
2022-03-14,184.72172974928688,186.4555292007222,182.66224728169172,182.98793029785156,325400,OEF,2022,3,11,Monday,184.2069,184.6546630859375,-0.9,0.04,-1.08,-0.9,1.08
2022-03-15,184.18531547862406,187.74871054189595,183.78299856714733,187.48049926757812,293600,OEF,2022,3,11,Tuesday,185.7994,182.98793029785156,2.46,0.65,0.43,2.46,-0.43
2022-03-16,189.06101646073972,191.704833984375,186.8482663099873,191.704833984375,471300,OEF,2022,3,11,Wednesday,189.8297,187.48049926757812,2.25,0.84,-0.34,2.25,0.34
2022-03-17,190.9002094848322,194.00381602913563,190.72779420724703,193.90802001953125,219100,OEF,2022,3,11,Thursday,192.385,191.704833984375,1.15,-0.42,-0.51,1.15,0.51
2022-03-18,193.51528173325983,196.50392999254132,192.93096118344715,196.3506622314453,197300,OEF,2022,3,11,Friday,194.8252,193.90802001953125,1.26,-0.2,-0.5,1.26,0.5
2022-03-21,196.34106832710407,197.21276218540552,194.70305035838828,196.4751739501953,338300,OEF,2022,3,12,Monday,196.183,196.3506622314453,0.06,-0.0,-0.84,0.06,0.84
2022-03-22,196.87749262655163,199.54045760696098,196.87749262655163,199.1573028564453,565900,OEF,2022,3,12,Tuesday,198.1132,196.4751739501953,1.37,0.2,0.2,1.37,-0.2
2022-03-23,197.83542358168302,198.8699591018426,196.74341630202886,196.80088806152344,703300,OEF,2022,3,12,Wednesday,197.5624,199.1573028564453,-1.18,-0.66,-1.21,-1.18,1.21
2022-03-24,197.7165087663564,199.83981323242188,197.33220729728166,199.83981323242188,194400,OEF,2022,3,12,Thursday,198.6821,196.80088806152344,1.54,0.47,0.27,1.54,-0.27
2022-03-25,200.00310986124126,201.0599607211376,198.90783472469366,200.5411376953125,147900,OEF,2022,3,12,Friday,200.128,199.83981323242188,0.35,0.08,-0.47,0.35,0.47
2022-03-28,200.42588408472756,202.40506452039955,199.67648595200052,202.3282012939453,200300,OEF,2022,3,13,Monday,201.2089,200.5411376953125,0.89,-0.06,-0.43,0.89,0.43
2022-03-29,204.13443627373124,204.8838343543599,202.87583218088463,204.58599853515625,227400,OEF,2022,3,13,Tuesday,204.12,202.3282012939453,1.12,0.89,0.27,1.12,-0.27
2022-03-30,203.980680655978,204.3938185778364,202.48188470909474,203.45225524902344,160600,OEF,2022,3,13,Wednesday,203.5772,204.58599853515625,-0.55,-0.3,-1.03,-0.55,1.03
2022-03-31,203.21208895377816,203.22170601885983,200.176072400491,200.3394012451172,227300,OEF,2022,3,13,Thursday,201.7373,203.45225524902344,-1.53,-0.12,-1.61,-1.53,1.61
2022-04-01,200.58919694854796,200.7621428593198,198.89825008187387,200.5027313232422,240700,OEF,2022,4,13,Friday,200.1881,200.3394012451172,0.08,0.12,-0.72,0.08,0.72
2022-04-04,200.67564997360307,202.9430635202673,200.4450749872653,202.85659790039062,185600,OEF,2022,4,14,Monday,201.7301,200.5027313232422,1.17,0.09,-0.03,1.17,0.03
2022-04-05,202.1744401468258,203.01031842847357,199.6764516864576,200.24330139160156,259000,OEF,2022,4,14,Tuesday,201.2761,202.85659790039062,-1.29,-0.34,-1.57,-1.29,1.57
2022-04-06,198.04318350165283,198.62925277808182,196.2753586064195,197.40907287597656,162100,OEF,2022,4,14,Wednesday,197.5892,200.24330139160156,-1.42,-1.1,-1.98,-1.42,1.98
2022-04-07,197.07278349148456,199.2537315763159,196.06398853283505,198.50433349609375,220300,OEF,2022,4,14,Thursday,197.7237,197.40907287597656,0.55,-0.17,-0.68,0.55,0.68
2022-04-08,197.92786206648412,198.859808442558,196.8998476614278,197.35140991210938,805700,OEF,2022,4,14,Friday,197.7597,198.50433349609375,-0.58,-0.29,-0.81,-0.58,0.81
2022-04-11,195.65086259230515,195.9006570810312,193.36422927030645,193.39305114746094,876400,OEF,2022,4,15,Monday,194.5772,197.35140991210938,-2.01,-0.86,-2.02,-2.01,2.02
2022-04-12,195.2377435340083,196.06400490429274,192.21131442486993,193.0183563232422,313700,OEF,2022,4,15,Tuesday,194.1329,193.39305114746094,-0.19,0.95,-0.61,-0.19,0.61
2022-04-13,192.7012617037284,195.50670275064806,192.51871342208733,195.1320037841797,478200,OEF,2022,4,15,Wednesday,193.9647,193.0183563232422,1.1,-0.16,-0.26,1.1,0.26
2022-04-14,195.2088777890644,195.60279627343746,192.2881488823593,192.3842315673828,130300,OEF,2022,4,15,Thursday,193.871,195.1320037841797,-1.41,0.04,-1.46,-1.41,1.46
2022-04-18,191.89423508337794,193.27774368460376,191.47149471520785,192.307373046875,198300,OEF,2022,4,16,Monday,192.2377,192.3842315673828,-0.04,-0.25,-0.47,-0.04,0.47
2022-04-19,192.35542094578742,195.90064353204554,192.35542094578742,195.58360290527344,120700,OEF,2022,4,16,Tuesday,194.0488,192.307373046875,1.7,0.02,0.02,1.7,-0.02
2022-04-20,196.03513180861282,196.419447874379,194.0079103746929,194.5267333984375,275400,OEF,2022,4,16,Wednesday,195.2473,195.58360290527344,-0.54,0.23,-0.81,-0.54,0.81
2022-04-21,196.21770798532472,197.2265176435709,191.50034672160845,191.8750457763672,238500,OEF,2022,4,16,Thursday,194.2049,194.5267333984375,-1.36,0.87,-1.56,-1.36,1.56
2022-04-22,191.70210136549343,191.71170377101785,186.54278018779945,186.754150390625,285900,OEF,2022,4,16,Friday,189.1777,191.8750457763672,-2.67,-0.09,-2.78,-2.67,2.78
2022-04-25,185.67808027780632,188.3009883471781,183.96791384072205,188.21450805664062,489900,OEF,2022,4,17,Monday,186.5404,186.754150390625,0.78,-0.58,-1.49,0.78,1.49
2022-04-26,186.82135816271074,186.8501800335229,182.3441752012206,182.3826141357422,314400,OEF,2022,4,17,Tuesday,184.5996,188.21450805664062,-3.1,-0.74,-3.12,-3.1,3.12
2022-04-27,182.73812082549605,185.17848042500768,181.68128453151186,182.55557250976562,352100,OEF,2022,4,17,Wednesday,183.0384,182.3826141357422,0.09,0.19,-0.38,0.09,0.38
2022-04-28,185.11120719399847,188.66604659926304,183.27613641495586,187.80136108398438,369600,OEF,2022,4,17,Thursday,186.2137,182.55557250976562,2.87,1.4,0.39,2.87,-0.39
2022-04-29,185.63963485297097,186.4658961006181,180.07677870306784,180.3842315673828,255000,OEF,2022,4,17,Friday,183.1416,187.80136108398438,-3.95,-1.15,-4.11,-3.95,4.11
2022-05-02,180.35541474821065,182.19048560059858,177.72290449933752,181.90225219726562,386700,OEF,2022,5,18,Monday,180.5428,180.3842315673828,0.84,-0.02,-1.48,0.84,1.48
2022-05-03,181.93106445995042,183.51632610429058,181.200885915555,182.48831176757812,297700,OEF,2022,5,18,Tuesday,182.2841,181.90225219726562,0.32,0.02,-0.39,0.32,0.39
2022-05-04,182.72849568354005,188.48348748456095,181.24890453184392,188.15682983398438,576000,OEF,2022,5,18,Wednesday,185.1544,182.48831176757812,3.11,0.13,-0.68,3.11,0.68
2022-05-05,186.10078001511147,186.177643223147,179.26971816513165,181.05674743652344,386000,OEF,2022,5,18,Thursday,183.1512,188.15682983398438,-3.77,-1.09,-4.72,-3.77,4.72
2022-05-06,180.11521757187518,182.03675399262582,177.97270856758283,180.4514923095703,576800,OEF,2022,5,18,Friday,180.144,181.05674743652344,-0.33,-0.52,-1.7,-0.33,1.7
2022-05-09,177.54035842702513,178.09760577111877,174.1392452732619,174.91746520996094,1287300,OEF,2022,5,19,Monday,176.1737,180.4514923095703,-3.07,-1.61,-3.5,-3.07,3.5
2022-05-10,177.81898834915546,178.34741381535898,173.86062787534,175.55157470703125,530400,OEF,2022,5,19,Tuesday,176.3947,174.91746520996094,0.36,1.66,-0.6,0.36,0.6
2022-05-11,175.04237270439646,177.18488183244062,171.95830012048472,172.3522186279297,693000,OEF,2022,5,19,Wednesday,174.1344,175.55157470703125,-1.82,-0.29,-2.05,-1.82,2.05
2022-05-12,170.51712970577833,173.44747553910824,168.43226454833604,171.6604461669922,574800,OEF,2022,5,19,Thursday,171.0143,172.3522186279297,-0.4,-1.06,-2.27,-0.4,2.27
2022-05-13,173.72611168440932,176.3201828733173,173.11120596717447,175.63803100585938,309600,OEF,2022,5,19,Friday,174.6989,171.6604461669922,2.32,1.2,0.85,2.32,-0.85
2022-05-16,174.86943176949077,176.86783157858684,174.03356804564953,175.0327606201172,379700,OEF,2022,5,20,Monday,175.2009,175.63803100585938,-0.34,-0.44,-0.91,-0.34,0.91
2022-05-17,177.88622284218832,178.63562085053076,176.21449558980552,178.50111389160156,338200,OEF,2022,5,20,Tuesday,177.8094,175.0327606201172,1.98,1.63,0.68,1.98,-0.68
2022-05-18,176.30097689318512,176.46430573926204,170.54596969950464,171.1224365234375,460400,OEF,2022,5,20,Wednesday,173.6084,178.50111389160156,-4.13,-1.23,-4.46,-4.13,4.46
2022-05-19,169.71970339087184,171.40104780749306,168.95110052854432,169.6044158935547,726200,OEF,2022,5,20,Thursday,169.9191,171.1224365234375,-0.89,-0.82,-1.27,-0.89,1.27
2022-05-20,171.17046008293772,171.58358335770686,165.54996044416427,169.56597900390625,639300,OEF,2022,5,20,Friday,169.4675,169.6044158935547,-0.02,0.92,-2.39,-0.02,2.39
2022-05-23,170.814981812325,173.4570945167667,170.20970777985272,173.05357360839844,255600,OEF,2022,5,21,Monday,171.8838,169.56597900390625,2.06,0.74,0.38,2.06,-0.38
2022-05-24,170.69967478728623,172.10240273129958,168.49952218281422,171.46829223632812,286900,OEF,2022,5,21,Tuesday,170.6925,173.05357360839844,-0.92,-1.36,-2.63,-0.92,2.63
2022-05-25,170.71889352110912,173.87021185449032,170.49792095326308,172.89984130859375,285500,OEF,2022,5,21,Wednesday,171.9967,171.46829223632812,0.83,-0.44,-0.57,0.83,0.57
2022-05-26,173.07280676450108,177.02156519598486,173.07280676450108,176.2145233154297,144800,OEF,2022,5,21,Thursday,174.8454,172.89984130859375,1.92,0.1,0.1,1.92,-0.1
2022-05-27,177.40587731522655,180.6436767578125,177.1753022841748,180.6436767578125,211100,OEF,2022,5,21,Friday,178.9671,176.2145233154297,2.51,0.68,0.55,2.51,-0.55
2022-05-31,180.09602158428763,181.59481784226523,178.55880104335532,180.06719970703125,248500,OEF,2022,5,22,Tuesday,180.0792,180.6436767578125,-0.32,-0.3,-1.15,-0.32,1.15
2022-06-01,181.20090663460326,181.96950954388944,177.8478200012233,179.01995849609375,259100,OEF,2022,6,22,Wednesday,180.0095,180.06719970703125,-0.58,0.63,-1.23,-0.58,1.23
2022-06-02,178.60681388169408,182.3057775511437,177.62684081064756,182.2577362060547,274800,OEF,2022,6,22,Thursday,180.1993,179.01995849609375,1.81,-0.23,-0.78,1.81,0.78
2022-06-03,179.9807228918967,180.63403828266195,178.51074860251452,178.89505004882812,140200,OEF,2022,6,22,Friday,179.5051,182.2577362060547,-1.85,-1.25,-2.06,-1.85,2.06
2022-06-06,180.95104900309306,181.854173305659,178.96226678502617,179.49069213867188,184900,OEF,2022,6,23,Monday,180.3145,178.89505004882812,0.33,1.15,0.04,0.33,-0.04
2022-06-07,177.77095020929795,181.37383118904674,177.58840189403173,181.09521484375,177600,OEF,2022,6,23,Tuesday,179.4571,179.49069213867188,0.89,-0.96,-1.06,0.89,1.06
2022-06-08,180.3554341894411,181.32580493643027,179.22171992349988,179.50035095214844,228900,OEF,2022,6,23,Wednesday,180.1008,181.09521484375,-0.88,-0.41,-1.03,-0.88,1.03
2022-06-09,178.77658655528953,179.9137640492108,175.26870727539062,175.26870727539062,170600,OEF,2022,6,23,Thursday,177.3069,179.50035095214844,-2.36,-0.4,-2.36,-2.36,2.36
2022-06-10,172.57038391264967,172.6763771754385,169.76600334294213,169.91055297851562,475400,OEF,2022,6,23,Friday,171.2308,175.26870727539062,-3.06,-1.54,-3.14,-3.06,3.14
2022-06-13,165.4774930434037,166.25809033026263,162.83694082043692,163.4826202392578,398300,OEF,2022,6,24,Monday,164.5138,169.91055297851562,-3.78,-2.61,-4.16,-3.78,4.16
2022-06-14,164.1668605014649,164.70653198833855,161.81542213299096,163.10678100585938,410900,OEF,2022,6,24,Tuesday,163.4489,163.4826202392578,-0.23,0.42,-1.02,-0.23,1.02
2022-06-15,164.69687687431448,167.85782230669972,162.8369366903259,165.85333251953125,478300,OEF,2022,6,24,Wednesday,165.3112,163.10678100585938,1.68,0.97,-0.17,1.68,0.17
2022-06-16,162.10453227024507,162.23945013880973,159.64708600965457,160.85171508789062,318400,OEF,2022,6,24,Thursday,161.2107,165.85333251953125,-3.02,-2.26,-3.74,-3.02,3.74
2022-06-17,160.7360714720453,162.5767483561675,159.80129277321996,161.22756958007812,443200,OEF,2022,6,24,Friday,161.0854,160.85171508789062,0.23,-0.07,-0.65,0.23,0.65
2022-06-21,163.83918716013596,166.26772351082369,163.81027723851602,165.56422424316406,822300,OEF,2022,6,25,Tuesday,164.8704,161.22756958007812,2.69,1.62,1.6,2.69,-1.6
2022-06-22,163.80065109404265,167.28925233481468,163.6850114036134,165.27511596679688,334000,OEF,2022,6,25,Wednesday,165.0125,165.56422424316406,-0.17,-1.07,-1.14,-0.17,1.14
2022-06-23,166.2870088845484,167.38563006844944,164.7739876312665,167.0386962890625,300700,OEF,2022,6,25,Thursday,166.3713,165.27511596679688,1.07,0.61,-0.3,1.07,0.3
2022-06-24,168.4746202234407,172.31015529148647,168.4746202234407,172.2041473388672,362300,OEF,2022,6,25,Friday,170.3659,167.0386962890625,3.09,0.86,0.86,3.09,-0.86
2022-06-27,172.82090065080635,172.9172621500872,170.87421602402506,171.48135375976562,676400,OEF,2022,6,26,Monday,172.0234,172.2041473388672,-0.42,0.36,-0.77,-0.42,0.77
2022-06-28,172.09813441741017,173.30276352378277,167.4723557079503,167.54945373535156,263500,OEF,2022,6,26,Tuesday,170.1057,171.48135375976562,-2.29,0.36,-2.34,-2.29,2.34
2022-06-29,167.63619598543684,168.58062115777824,166.91341846778914,167.8289337158203,186700,OEF,2022,6,26,Wednesday,167.7398,167.54945373535156,0.17,0.05,-0.38,0.17,0.38
2022-06-30,165.9978992512957,167.52055228333217,163.96448462872786,166.2099151611328,254200,OEF,2022,6,26,Thursday,165.9232,167.8289337158203,-0.96,-1.09,-2.3,-0.96,2.3
2022-07-01,165.67984803548035,167.92527819720112,164.64869328508678,167.74217224121094,258300,OEF,2022,7,26,Friday,166.499,166.2099151611328,0.92,-0.32,-0.94,0.92,0.94
2022-07-05,165.4485673900108,168.67697916901852,164.48486413716608,168.60952758789062,233300,OEF,2022,7,27,Tuesday,166.805,167.74217224121094,0.52,-1.37,-1.94,0.52,1.94
2022-07-06,168.6577136318938,170.4405706653063,167.73256667456783,169.34194946289062,219800,OEF,2022,7,27,Wednesday,169.0432,168.60952758789062,0.43,0.03,-0.52,0.43,0.52
2022-07-07,169.8623214996774,172.2812259536849,169.8623214996774,171.9439239501953,192100,OEF,2022,7,27,Thursday,170.9874,169.34194946289062,1.54,0.31,0.31,1.54,-0.31
2022-07-08,170.99950438183814,172.73417314593502,170.56584086705,171.97283935546875,235100,OEF,2022,7,27,Friday,171.5681,171.9439239501953,0.02,-0.55,-0.8,0.02,0.8
2022-07-11,170.78747475873968,171.0862203847916,169.44792795793245,169.74667358398438,214600,OEF,2022,7,28,Monday,170.2671,171.97283935546875,-1.29,-0.69,-1.47,-1.29,1.47
2022-07-12,169.74671025090004,170.6140373980755,167.41454987043502,168.23370361328125,217100,OEF,2022,7,28,Tuesday,169.0023,169.74667358398438,-0.89,0.0,-1.37,-0.89,1.37
2022-07-13,165.73767683999813,168.67697462294547,165.51602921520205,167.4434356689453,279900,OEF,2022,7,28,Wednesday,166.8435,168.23370361328125,-0.47,-1.48,-1.62,-0.47,1.62
2022-07-14,165.31366722752884,167.57837599623699,164.04158644410805,167.37599182128906,304000,OEF,2022,7,28,Thursday,166.0774,167.4434356689453,-0.04,-1.27,-2.03,-0.04,2.03
2022-07-15,169.33229551894198,170.50799989284369,168.72515779816035,170.45018005371094,282900,OEF,2022,7,28,Friday,169.7539,167.37599182128906,1.84,1.17,0.81,1.84,-0.81
2022-07-18,171.99209715240318,172.2619328498425,168.38784218668866,168.99497985839844,352900,OEF,2022,7,29,Monday,170.4092,170.45018005371094,-0.85,0.9,-1.21,-0.85,1.21
2022-07-19,170.6911312898019,173.49551154520034,170.1611062154713,173.32205200195312,267300,OEF,2022,7,29,Tuesday,171.9175,168.99497985839844,2.56,1.0,0.69,2.56,-0.69
2022-07-20,173.44730322290758,175.2687017394612,172.89800002836313,174.4688262939453,238200,OEF,2022,7,29,Wednesday,174.0207,173.32205200195312,0.66,0.07,-0.24,0.66,0.24
2022-07-21,174.4977377968086,176.4251441119181,173.19673265213243,176.3673095703125,316800,OEF,2022,7,29,Thursday,175.1217,174.4688262939453,1.09,0.02,-0.73,1.09,0.73
2022-07-22,176.3094936765777,176.78171352811964,173.4569405011903,174.49774169921875,1426800,OEF,2022,7,29,Friday,175.2615,176.3673095703125,-1.06,-0.03,-1.65,-1.06,1.65
2022-07-25,174.73866658217517,174.91212609513633,173.44729315315377,174.36280822753906,279900,OEF,2022,7,30,Monday,174.3652,174.49774169921875,-0.08,0.14,-0.6,-0.08,0.6
2022-07-26,173.37020283962818,173.48585722501903,171.51026268937045,171.84756469726562,235300,OEF,2022,7,30,Tuesday,172.5535,174.36280822753906,-1.44,-0.57,-1.64,-1.44,1.64
2022-07-27,173.65928207193085,177.65865844652492,173.65928207193085,176.9840545654297,430300,OEF,2022,7,30,Wednesday,175.4903,171.84756469726562,2.99,1.05,1.05,2.99,-1.05
2022-07-28,177.1190185838193,179.1620795278169,175.36508626848703,178.66094970703125,218200,OEF,2022,7,30,Thursday,177.5768,176.9840545654297,0.95,0.08,-0.91,0.95,0.91
2022-07-29,179.73066384632332,182.19774191951916,179.35482015087467,181.73516845703125,218000,OEF,2022,7,30,Friday,180.7546,178.66094970703125,1.72,0.6,0.39,1.72,-0.39
2022-08-01,180.59800765915213,182.6988886756265,180.28963022390386,181.1858673095703,282100,OEF,2022,8,31,Monday,181.1931,181.73516845703125,-0.3,-0.63,-0.8,-0.3,0.8
2022-08-02,180.4341702057931,182.03392126142603,179.47046687660878,179.85595703125,236800,OEF,2022,8,31,Tuesday,180.4486,181.1858673095703,-0.73,-0.41,-0.95,-0.73,0.95
2022-08-03,180.86781279858218,183.7974788144951,180.83890287845327,183.3638153076172,202200,OEF,2022,8,31,Wednesday,182.217,179.85595703125,1.95,0.56,0.55,1.95,-0.55
2022-08-04,183.27707852166492,183.66256864777623,182.19773557844272,183.11325073242188,173800,OEF,2022,8,31,Thursday,183.0627,183.3638153076172,-0.14,-0.05,-0.64,-0.14,0.64
2022-08-05,181.09911274040476,182.9976093168368,181.05092463697838,182.43865966796875,186300,OEF,2022,8,31,Friday,181.8966,183.11325073242188,-0.37,-1.1,-1.13,-0.37,1.13
2022-08-08,183.22891423768132,184.4335433699336,181.47496716274821,182.04354858398438,302700,OEF,2022,8,32,Monday,182.7952,182.43865966796875,-0.22,0.43,-0.53,-0.22,0.53
2022-08-09,181.7351443965386,181.9375138261712,180.9545471866406,181.39784240722656,252900,OEF,2022,8,32,Tuesday,181.5063,182.04354858398438,-0.35,-0.17,-0.6,-0.35,0.6
2022-08-10,184.6648250836877,185.3586926490212,183.82640790263704,185.30087280273438,227700,OEF,2022,8,32,Wednesday,184.7877,181.39784240722656,2.15,1.8,1.34,2.15,-1.34
2022-08-11,186.54402687191032,187.29571415681858,184.70335031568538,185.031005859375,186000,OEF,2022,8,32,Thursday,185.8935,185.30087280273438,-0.15,0.67,-0.32,-0.15,0.32
2022-08-12,186.09110394529986,188.2497898197999,185.4550562694441,188.2401580810547,257000,OEF,2022,8,32,Friday,187.009,185.031005859375,1.73,0.57,0.23,1.73,-0.23
2022-08-15,187.23787525342578,189.46404184296267,187.23787525342578,189.26165771484375,183900,OEF,2022,8,33,Monday,188.3004,188.2401580810547,0.54,-0.53,-0.53,0.54,0.53
2022-08-16,188.66417644068696,190.5915828086014,188.490702221004,189.68569946289062,213500,OEF,2022,8,33,Tuesday,189.358,189.26165771484375,0.22,-0.32,-0.41,0.22,0.41
2022-08-17,187.99923464965343,189.75316694490502,187.60411278192416,188.4136199951172,150500,OEF,2022,8,33,Wednesday,188.4425,189.68569946289062,-0.67,-0.89,-1.1,-0.67,1.1
2022-08-18,188.3557597858096,189.17491326726326,187.77754677384968,188.76051330566406,158300,OEF,2022,8,33,Thursday,188.5172,188.4136199951172,0.18,-0.03,-0.34,0.18,0.34
2022-08-19,187.54629582686968,187.78722164676418,185.90800319257613,186.27420043945312,173200,OEF,2022,8,33,Friday,186.8789,188.76051330566406,-1.32,-0.64,-1.51,-1.32,1.51
2022-08-22,184.05767905212514,184.05767905212514,181.74478255430662,182.1495361328125,196300,OEF,2022,8,34,Monday,183.0024,186.27420043945312,-2.21,-1.19,-2.43,-2.21,2.43
2022-08-23,181.90860257712268,182.92049383271424,181.4653073597791,181.62913513183594,224700,OEF,2022,8,34,Tuesday,181.9809,182.1495361328125,-0.29,-0.13,-0.38,-0.29,0.38
2022-08-24,181.47496597720007,182.7374149467618,181.17622030714443,181.95681762695312,136300,OEF,2022,8,34,Wednesday,181.8364,181.62913513183594,0.18,-0.08,-0.25,0.18,0.25
2022-08-25,182.56394466989528,184.4913511555066,182.2459208351761,184.48170471191406,110900,OEF,2022,8,34,Thursday,183.4457,181.95681762695312,1.39,0.33,0.16,1.39,-0.16
2022-08-26,184.34678249468405,184.85755872986329,178.10198974609375,178.10198974609375,249200,OEF,2022,8,34,Friday,181.3521,184.48170471191406,-3.46,-0.07,-3.46,-3.46,3.46
2022-08-29,176.88773989780637,178.15018884119294,176.18424062113772,176.80101013183594,165300,OEF,2022,8,35,Monday,177.0058,178.10198974609375,-0.73,-0.68,-1.08,-0.73,1.08
2022-08-30,177.5526800966173,177.5526800966173,173.87132687157677,174.90249633789062,193100,OEF,2022,8,35,Tuesday,175.9698,176.80101013183594,-1.07,0.43,-1.66,-1.07,1.66
2022-08-31,175.94333336509087,176.33844057562575,173.4955185420584,173.57261657714844,248600,OEF,2022,8,35,Wednesday,174.8375,174.90249633789062,-0.76,0.6,-0.8,-0.76,0.8
2022-09-01,172.60888034147897,174.42064705887591,171.5102592842145,174.30499267578125,272800,OEF,2022,9,35,Thursday,173.2112,173.57261657714844,0.42,-0.56,-1.19,0.42,1.19
2022-09-02,175.9047345865773,176.51187227594625,171.39461090824526,172.2908477783203,551700,OEF,2022,9,35,Friday,174.0255,174.30499267578125,-1.16,0.92,-1.67,-1.16,1.67
2022-09-06,172.67637573864982,172.94622623105448,170.45986958524455,171.36575317382812,347100,OEF,2022,9,36,Tuesday,171.8621,172.2908477783203,-0.54,0.22,-1.06,-0.54,1.06
2022-09-07,171.21152913284138,174.54593426398816,171.21152913284138,174.1219024658203,198800,OEF,2022,9,36,Wednesday,172.7727,171.36575317382812,1.61,-0.09,-0.09,1.61,0.09
2022-09-08,173.11965244009085,175.39399271403101,172.47397302271497,174.99887084960938,417300,OEF,2022,9,36,Thursday,173.9966,174.1219024658203,0.5,-0.58,-0.95,0.5,0.95
2022-09-09,176.13605097535412,178.2947368914414,176.09749460974118,177.93817138671875,191600,OEF,2022,9,36,Friday,177.1166,174.99887084960938,1.68,0.65,0.63,1.68,-0.63
2022-09-12,178.90187382143236,180.33779698243052,178.90187382143236,180.1161346435547,202800,OEF,2022,9,37,Monday,179.5644,177.93817138671875,1.22,0.54,0.54,1.22,-0.54
2022-09-13,176.14570672068925,176.52155045944104,171.2500916717254,171.70303344726562,330400,OEF,2022,9,37,Tuesday,173.9051,180.1161346435547,-4.67,-2.2,-4.92,-4.67,4.92
2022-09-14,172.4257595512495,173.34127456940504,171.22113065763895,172.7630615234375,235400,OEF,2022,9,37,Wednesday,172.4378,171.70303344726562,0.62,0.42,-0.28,0.62,0.28
2022-09-15,171.95357389924362,173.18712765996153,169.95871570160597,170.5754852294922,497200,OEF,2022,9,37,Thursday,171.4187,172.7630615234375,-1.27,-0.47,-1.62,-1.27,1.62
2022-09-16,168.83115780996846,169.80449270119806,167.85780821379572,169.47683715820312,474200,OEF,2022,9,37,Friday,168.9926,170.5754852294922,-0.64,-1.02,-1.59,-0.64,1.59
2022-09-19,168.00237064968042,170.82601379972462,168.00237064968042,170.79710388183594,223600,OEF,2022,9,38,Monday,169.407,169.47683715820312,0.78,-0.87,-0.87,0.78,0.87
2022-09-20,169.35158086649994,170.21892268033687,167.92530406556602,169.20703125,538700,OEF,2022,9,38,Tuesday,169.1757,170.79710388183594,-0.93,-0.85,-1.68,-0.93,1.68
2022-09-21,169.9972769356716,171.3946586547631,166.23883949004937,166.25811767578125,554100,OEF,2022,9,38,Wednesday,168.4722,169.20703125,-1.74,0.47,-1.75,-1.74,1.75
2022-09-22,165.8244402608165,166.80740707702418,164.7643607081071,165.25584411621094,370900,OEF,2022,9,38,Thursday,165.663,166.25811767578125,-0.6,-0.26,-0.9,-0.6,0.9
2022-09-23,163.66572634249104,163.7235461852759,160.44696098461318,162.3936309814453,614000,OEF,2022,9,38,Friday,162.5575,165.25584411621094,-1.73,-0.96,-2.91,-1.73,2.91
2022-09-26,161.42092456421028,163.55991802659565,160.66598917007065,161.20799255371094,1089300,OEF,2022,9,39,Monday,161.7137,162.3936309814453,-0.73,-0.6,-1.06,-0.73,1.06
2022-09-27,162.84369739061106,163.96642716965735,159.6981281988162,160.78213500976562,562200,OEF,2022,9,39,Tuesday,161.8226,161.20799255371094,-0.26,1.01,-0.94,-0.26,0.94
2022-09-28,161.0531641647203,164.42135407598192,160.07562319668335,163.5696258544922,504800,OEF,2022,9,39,Wednesday,162.2799,160.78213500976562,1.73,0.17,-0.44,1.73,0.44
2022-09-29,161.88547789923274,161.94356234226254,158.41083786633374,160.00782775878906,425100,OEF,2022,9,39,Thursday,160.5619,163.5696258544922,-2.18,-1.03,-3.15,-2.18,3.15
2022-09-30,159.6400565377623,161.04346135994422,157.007455942221,157.27845764160156,713100,OEF,2022,9,39,Friday,158.7424,160.00782775878906,-1.71,-0.23,-1.88,-1.71,1.88
2022-10-03,158.43991797744445,161.53709124231548,157.7043439421898,160.67568969726562,373000,OEF,2022,10,40,Monday,159.5893,157.27845764160156,2.16,0.74,0.27,2.16,-0.27
2022-10-04,163.43406749462008,165.57306065541718,163.2501703507098,165.42787170410156,407400,OEF,2022,10,40,Tuesday,164.4213,160.67568969726562,2.96,1.72,1.6,2.96,-1.6
2022-10-05,163.55991210732006,166.26992892744533,162.42750905709255,165.28271484375,236200,OEF,2022,10,40,Wednesday,164.385,165.42787170410156,-0.09,-1.13,-1.81,-0.09,1.81
2022-10-06,164.6342533157451,166.01829663130476,163.5115235691119,163.7147674560547,412600,OEF,2022,10,40,Thursday,164.4697,165.28271484375,-0.95,-0.39,-1.07,-0.95,1.07
2022-10-07,161.653226156599,161.653226156599,157.99468836525435,158.8076934814453,264200,OEF,2022,10,40,Friday,160.0272,163.7147674560547,-3.0,-1.26,-3.49,-3.0,3.49
2022-10-10,159.11741950987542,159.14645435493247,156.3880406951047,157.65594482421875,461600,OEF,2022,10,41,Monday,158.077,158.8076934814453,-0.73,0.2,-1.52,-0.73,1.52
2022-10-11,156.6299926039082,158.7012283746581,155.55565913407852,156.3299560546875,352000,OEF,2022,10,41,Tuesday,156.8042,157.65594482421875,-0.84,-0.65,-1.33,-0.84,1.33
2022-10-12,156.49445555970146,157.44296131464222,155.9137293114215,156.1072998046875,252900,OEF,2022,10,41,Wednesday,156.4896,156.3299560546875,-0.14,0.11,-0.27,-0.14,0.27
2022-10-13,152.83596460101586,161.01444224340557,152.5068931865568,160.4337158203125,705400,OEF,2022,10,41,Thursday,156.6978,156.1072998046875,2.77,-2.1,-2.31,2.77,2.31
2022-10-14,161.64352450345157,162.2919938705633,156.7074097666584,157.0074462890625,577300,OEF,2022,10,41,Friday,159.4126,160.4337158203125,-2.14,0.75,-2.32,-2.14,2.32
2022-10-17,159.87231687305956,161.74030848078885,159.87231687305956,161.21766662597656,339200,OEF,2022,10,42,Monday,160.6757,157.0074462890625,2.68,1.82,1.82,2.68,-1.82
2022-10-18,164.83750869857727,165.03107924151746,161.41126430622992,163.00823974609375,294000,OEF,2022,10,42,Tuesday,163.572,161.21766662597656,1.11,2.25,0.12,1.11,-0.12
2022-10-19,161.86613329031763,163.41471211613202,160.73373031648688,162.02098083496094,242700,OEF,2022,10,42,Wednesday,162.0089,163.00823974609375,-0.61,-0.7,-1.4,-0.61,1.4
2022-10-20,161.6725651026002,163.91802457481634,160.49178045353747,160.87892150878906,429200,OEF,2022,10,42,Thursday,161.7403,162.02098083496094,-0.7,-0.22,-0.94,-0.7,0.94
2022-10-21,160.3659602772397,165.05043519441907,160.01752740423134,164.76976013183594,405100,OEF,2022,10,42,Friday,162.5509,160.87892150878906,2.42,-0.32,-0.54,2.42,0.54
2022-10-24,165.38917595673794,167.43137663699648,164.16965365524297,166.8893585205078,301500,OEF,2022,10,43,Monday,165.9699,164.76976013183594,1.29,0.38,-0.36,1.29,0.36
2022-10-25,166.90872784152413,169.46389715104212,166.87001964419875,169.28968811035156,292200,OEF,2022,10,43,Tuesday,168.1331,166.8893585205078,1.44,0.01,-0.01,1.44,0.01
2022-10-26,166.73452899388857,169.6962010145593,166.69580602571165,167.24749755859375,305200,OEF,2022,10,43,Wednesday,167.5935,169.28968811035156,-1.21,-1.51,-1.53,-1.21,1.53
2022-10-27,167.19913327673342,167.8476028173682,165.23436316703,165.60215759277344,331000,OEF,2022,10,43,Thursday,166.4708,167.24749755859375,-0.98,-0.03,-1.2,-0.98,1.2
2022-10-28,165.26338733892774,169.99625915865596,165.26338733892774,169.8026885986328,196700,OEF,2022,10,43,Friday,167.5814,165.60215759277344,2.54,-0.2,-0.2,2.54,0.2
2022-10-31,168.44764936646044,169.1735499749323,167.8572496141639,168.137939453125,169300,OEF,2022,10,44,Monday,168.4041,169.8026885986328,-0.98,-0.8,-1.15,-0.98,1.15
2022-11-01,170.0736715820976,170.20917243602065,166.71517030791364,167.11199951171875,352300,OEF,2022,11,44,Tuesday,168.5275,168.137939453125,-0.61,1.15,-0.85,-0.61,0.85
2022-11-02,166.94746406319032,168.97030351707406,162.9114585134012,162.9695281982422,898300,OEF,2022,11,44,Wednesday,165.4497,167.11199951171875,-2.48,-0.1,-2.51,-2.48,2.51
2022-11-03,161.44028847046334,162.22425871702964,160.29819723623623,160.73374938964844,350200,OEF,2022,11,44,Thursday,161.1741,162.9695281982422,-1.37,-0.94,-1.64,-1.37,1.64
2022-11-04,163.36633141316926,164.12128156970405,160.17238081841066,163.0178985595703,371300,OEF,2022,11,44,Friday,162.6695,160.73374938964844,1.42,1.64,-0.35,1.42,0.35
2022-11-07,163.50183755621111,165.03106986497835,162.8146599525438,164.7310333251953,240300,OEF,2022,11,45,Monday,164.0197,163.0178985595703,1.05,0.3,-0.12,1.05,0.12
2022-11-08,165.25369963276282,166.82164023185672,163.6760709069923,165.49566650390625,461200,OEF,2022,11,45,Tuesday,165.3118,164.7310333251953,0.46,0.32,-0.64,0.46,0.64
2022-11-09,164.46004100933064,164.98269772072572,161.65323121482703,161.8468017578125,262400,OEF,2022,11,45,Wednesday,163.2357,165.49566650390625,-2.2,-0.63,-2.32,-2.2,2.32
2022-11-10,167.6830112249368,171.13830460571646,166.8216099109708,170.96408081054688,685200,OEF,2022,11,45,Thursday,169.1518,161.8468017578125,5.63,3.61,3.07,5.63,-3.07
2022-11-11,171.04155995541927,173.32572803544406,170.37372896211943,172.81275939941406,368400,OEF,2022,11,45,Friday,171.8884,170.96408081054688,1.08,0.05,-0.35,1.08,0.35
2022-11-14,172.1352305969785,173.83867197952918,171.65129687561333,171.7190399169922,382500,OEF,2022,11,46,Monday,172.3361,172.81275939941406,-0.63,-0.39,-0.67,-0.63,0.67
2022-11-15,174.52584986903608,175.07752658596777,171.4576973340994,173.21922302246094,1207300,OEF,2022,11,46,Tuesday,173.5701,171.7190399169922,0.87,1.63,-0.15,0.87,0.15
2022-11-16,172.2707259959796,172.79336790037925,171.64160331702507,171.82550048828125,157200,OEF,2022,11,46,Wednesday,172.1328,173.21922302246094,-0.8,-0.55,-0.91,-0.8,0.91
2022-11-17,169.8607369058893,172.038438661093,169.80266722204152,171.7287139892578,198900,OEF,2022,11,46,Thursday,170.8576,171.82550048828125,-0.06,-1.14,-1.18,-0.06,1.18
2022-11-18,172.89984889910727,172.89984889910727,170.98347539215447,172.1545867919922,224900,OEF,2022,11,46,Friday,172.2344,171.7287139892578,0.25,0.68,-0.43,0.25,0.43
2022-11-21,171.53514678079162,172.05780348252995,170.5479325992601,171.099609375,119200,OEF,2022,11,47,Monday,171.3101,172.1545867919922,-0.61,-0.36,-0.93,-0.61,0.93
2022-11-22,171.815842462744,173.4805757415833,171.19640785446563,173.3160400390625,310500,OEF,2022,11,47,Tuesday,172.4522,171.099609375,1.3,0.42,0.06,1.3,-0.06
2022-11-23,173.23860863262553,174.89365378241033,173.23860863262553,174.6420135498047,272400,OEF,2022,11,47,Wednesday,174.0032,173.3160400390625,0.77,-0.04,-0.04,0.77,0.04
2022-11-25,174.20647612978163,174.7775144086671,174.16775315954322,174.6420135498047,64800,OEF,2022,11,47,Friday,174.4484,174.6420135498047,0.0,-0.25,-0.27,0.0,0.27
2022-11-28,173.07406158707462,173.88706668696486,171.41900177727626,171.86422729492188,131500,OEF,2022,11,48,Monday,172.5611,174.6420135498047,-1.59,-0.9,-1.85,-1.59,1.85
2022-11-29,171.74808583189002,172.0868453660805,170.3640423884253,171.34158325195312,106800,OEF,2022,11,48,Tuesday,171.3851,171.86422729492188,-0.3,-0.07,-0.87,-0.3,0.87
2022-11-30,171.08024914467364,176.99391999315645,170.4608145529326,176.751953125,343300,OEF,2022,11,48,Wednesday,173.8217,171.34158325195312,3.16,-0.15,-0.51,3.16,0.51
2022-12-01,177.33267158745304,177.729500777924,175.5034027367161,176.6648406982422,951900,OEF,2022,12,48,Thursday,176.8076,176.751953125,-0.05,0.33,-0.71,-0.05,0.71
2022-12-02,174.56457031523024,176.84873804141984,174.55489695758206,176.50030517578125,233100,OEF,2022,12,48,Friday,175.6171,176.6648406982422,-0.09,-1.19,-1.19,-0.09,1.19
2022-12-05,175.2227112739302,175.84214583218616,172.8127308492004,173.49990844726562,171400,OEF,2022,12,49,Monday,174.3444,176.50030517578125,-1.7,-0.72,-2.09,-1.7,2.09
2022-12-06,173.36443513432394,173.41283146672288,169.72525837262683,170.6447296142578,172500,OEF,2022,12,49,Tuesday,171.7868,173.49990844726562,-1.65,-0.08,-2.18,-1.65,2.18
2022-12-07,169.93817754515976,171.12865043584492,169.60910613935832,169.8413848876953,286800,OEF,2022,12,49,Wednesday,170.1293,170.6447296142578,-0.47,-0.41,-0.61,-0.47,0.61
2022-12-08,170.75115919460256,171.82549256321957,170.20915583178393,171.24476623535156,140400,OEF,2022,12,49,Thursday,171.0076,169.8413848876953,0.83,0.54,0.22,0.83,-0.22
2022-12-09,170.89634438135982,172.35781875724496,170.35432626204414,170.37368774414062,200900,OEF,2022,12,49,Friday,170.9955,171.24476623535156,-0.51,-0.2,-0.52,-0.51,0.52
2022-12-12,170.7318182704661,172.81274222216075,170.52857436917782,172.7933807373047,154500,OEF,2022,12,50,Monday,171.7166,170.37368774414062,1.42,0.21,0.09,1.42,-0.09
2022-12-13,177.69545033329337,177.88981999253085,172.85557611984402,174.138427734375,441200,OEF,2022,12,50,Tuesday,175.6448,172.7933807373047,0.78,2.84,0.04,0.78,-0.04
2022-12-14,173.80800451884105,175.62539871775354,171.6407538175113,173.0207977294922,439700,OEF,2022,12,50,Wednesday,173.5237,174.138427734375,-0.64,-0.19,-1.43,-0.64,1.43
2022-12-15,170.75635820634207,171.0187654178753,167.68526699044722,168.6279754638672,340900,OEF,2022,12,50,Thursday,169.5221,173.0207977294922,-2.54,-1.31,-3.08,-2.54,3.08
2022-12-16,167.55892764394227,168.2003608758611,165.68322407111083,166.6064910888672,578700,OEF,2022,12,50,Friday,167.0123,168.6279754638672,-1.2,-0.63,-1.75,-1.2,1.75
2022-12-19,166.62593378218648,166.64537519739653,164.31290957364982,165.0612335205078,576700,OEF,2022,12,51,Monday,165.6614,166.6064910888672,-0.93,0.01,-1.38,-0.93,1.38
2022-12-20,164.53642667100178,165.90675720835907,163.96303099802108,165.13897705078125,264700,OEF,2022,12,51,Tuesday,164.8863,165.0612335205078,0.05,-0.32,-0.67,0.05,0.67
2022-12-21,166.27602885398014,168.22948287782492,166.03306311604535,167.59776306152344,258500,OEF,2022,12,51,Wednesday,167.0341,165.13897705078125,1.49,0.69,0.54,1.49,-0.54
2022-12-22,166.20802685388793,166.35380038301892,162.49550279784663,164.95431518554688,281000,OEF,2022,12,51,Thursday,165.0029,167.59776306152344,-1.58,-0.83,-3.04,-1.58,3.04
2022-12-23,164.468409574062,165.9262044129763,163.79782157544847,165.80958557128906,307000,OEF,2022,12,51,Friday,165.0005,164.95431518554688,0.52,-0.29,-0.7,0.52,0.7
2022-12-27,165.7512490403456,165.7512490403456,164.33232243758655,164.88629150390625,252200,OEF,2022,12,52,Tuesday,165.1803,165.80958557128906,-0.56,-0.04,-0.89,-0.56,0.89
2022-12-28,164.72108796858365,165.82901134849047,162.81622970042486,162.82594299316406,222900,OEF,2022,12,52,Wednesday,164.0481,164.88629150390625,-1.25,-0.1,-1.26,-1.25,1.26
2022-12-29,164.25457230984858,166.353800102517,164.06993078307855,165.92617797851562,238800,OEF,2022,12,52,Thursday,165.1511,162.82594299316406,1.9,0.88,0.76,1.9,-0.76
2022-12-30,164.73079031524512,165.77069091796875,163.9630250151366,165.77069091796875,353600,OEF,2022,12,52,Friday,165.0588,165.92617797851562,-0.09,-0.72,-1.18,-0.09,1.18
2023-01-03,166.48015362924787,167.45201673878296,163.68118312836154,165.051513671875,450100,OEF,2023,1,1,Tuesday,165.6662,165.77069091796875,-0.43,0.43,-1.26,-0.43,1.26
2023-01-04,165.5957416094617,166.79112898787537,164.14766035160315,165.67349243164062,318200,OEF,2023,1,1,Wednesday,165.552,165.051513671875,0.38,0.33,-0.55,0.38,0.55
2023-01-05,165.1098346442854,165.1098346442854,163.77838683643938,163.96304321289062,255900,OEF,2023,1,1,Thursday,164.4903,165.67349243164062,-1.03,-0.34,-1.14,-1.03,1.14
2023-01-06,165.07095292099635,168.10316103754548,163.7394903943699,167.4131317138672,257100,OEF,2023,1,1,Friday,166.0817,163.96304321289062,2.1,0.68,-0.14,2.1,0.14
2023-01-09,168.58908456450234,170.28984490295716,167.3353729248047,167.3353729248047,224800,OEF,2023,1,2,Monday,168.3874,167.4131317138672,-0.05,0.7,-0.05,-0.05,0.05
2023-01-10,167.23821482282287,168.66685485839844,166.79115124300498,168.66685485839844,144900,OEF,2023,1,2,Tuesday,167.8408,167.3353729248047,0.8,-0.06,-0.33,0.8,0.33
2023-01-11,169.3763013627754,170.92156014621912,168.94867922232334,170.86325073242188,336100,OEF,2023,1,2,Wednesday,170.0274,168.66685485839844,1.3,0.42,0.17,1.3,-0.17
2023-01-12,171.23258166438362,172.1655620432416,169.55126246017176,171.39779663085938,226300,OEF,2023,1,2,Thursday,171.0868,170.86325073242188,0.31,0.22,-0.77,0.31,0.77
2023-01-13,170.1634994713479,172.61259853270818,170.04688064967237,172.3307647705078,228200,OEF,2023,1,2,Friday,171.2884,171.39779663085938,0.54,-0.72,-0.79,0.54,0.79
2023-01-17,172.25300530284287,173.11796278892552,171.6698815648186,172.09750366210938,390700,OEF,2023,1,3,Tuesday,172.2846,172.3307647705078,-0.14,-0.05,-0.38,-0.14,0.38
2023-01-18,172.5640314667938,172.9527856535854,169.2013930204179,169.2791290283203,469600,OEF,2023,1,3,Wednesday,170.9993,172.09750366210938,-1.64,0.27,-1.68,-1.64,1.68
2023-01-19,168.1711883544922,169.2402437220541,167.58807937810292,168.1711883544922,252300,OEF,2023,1,3,Thursday,168.2927,169.2791290283203,-0.65,-0.65,-1.0,-0.65,1.0
2023-01-20,168.86119268117156,171.6698760986328,168.33639319722215,171.6698760986328,140300,OEF,2023,1,3,Friday,170.1343,168.1711883544922,2.08,0.41,0.1,2.08,-0.1
2023-01-23,171.90314159231673,174.58547828049677,171.39776865241498,173.633056640625,200900,OEF,2023,1,4,Monday,172.8799,171.6698760986328,1.14,0.14,-0.16,1.14,0.16
2023-01-24,172.84584853752693,173.8565795796745,172.59315465490016,173.5650177001953,193900,OEF,2023,1,4,Tuesday,173.2152,173.633056640625,-0.04,-0.45,-0.6,-0.04,0.6
2023-01-25,171.5143988092491,173.65249470167242,170.5036676920968,173.42897033691406,287900,OEF,2023,1,4,Wednesday,172.2749,173.5650177001953,-0.08,-1.18,-1.76,-0.08,1.76
2023-01-26,174.64379753771763,175.63510206010213,173.5164327733944,175.54763793945312,308100,OEF,2023,1,4,Thursday,174.8357,173.42897033691406,1.22,0.7,0.05,1.22,-0.05
2023-01-27,175.25605820199283,177.52050079261974,175.20746208564967,176.3834228515625,196600,OEF,2023,1,4,Friday,176.0919,175.54763793945312,0.48,-0.17,-0.19,0.48,0.19
2023-01-30,175.08115689942537,175.9558427138245,173.74970900494705,173.92465209960938,226600,OEF,2023,1,5,Monday,174.6778,176.3834228515625,-1.39,-0.74,-1.49,-1.39,1.49
2023-01-31,173.92463382936475,176.37371826171875,173.92463382936475,176.37371826171875,158000,OEF,2023,1,5,Tuesday,175.1492,173.92465209960938,1.41,-0.0,-0.0,1.41,0.0
2023-02-01,175.95580915367697,179.59056749018015,174.66322951040462,178.47293090820312,475900,OEF,2023,2,5,Wednesday,177.1706,176.37371826171875,1.19,-0.24,-0.97,1.19,0.97
2023-02-02,180.6499348309319,182.43815954471245,179.89188272771068,181.7578582763672,332900,OEF,2023,2,5,Thursday,181.1845,178.47293090820312,1.84,1.22,0.8,1.84,-0.8
2023-02-03,179.25041422663344,182.43812368265884,179.02688988871316,180.11537170410156,380100,OEF,2023,2,5,Friday,180.2077,181.7578582763672,-0.9,-1.38,-1.5,-0.9,1.5
2023-02-06,178.9880377628557,179.64891242801295,178.1522348457026,179.14353942871094,160400,OEF,2023,2,6,Monday,178.9832,180.11537170410156,-0.54,-0.63,-1.09,-0.54,1.09
2023-02-07,178.6867489605114,182.22433002760243,178.27856824078404,181.70924377441406,391300,OEF,2023,2,6,Tuesday,180.2247,179.14353942871094,1.43,-0.25,-0.48,1.43,0.48
2023-02-08,180.70822740112607,181.34966060695612,179.20183662844792,179.43508911132812,258700,OEF,2023,2,6,Wednesday,180.1737,181.70924377441406,-1.25,-0.55,-1.38,-1.25,1.38
2023-02-09,181.08723374290054,181.08723374290054,177.296959162531,177.8606414794922,210700,OEF,2023,2,6,Thursday,179.333,179.43508911132812,-0.88,0.92,-1.19,-0.88,1.19
2023-02-10,177.12204369286704,178.1522161696164,176.75273098254044,177.96755981445312,186700,OEF,2023,2,6,Friday,177.4986,177.8606414794922,0.06,-0.42,-0.62,0.06,0.62
2023-02-13,178.2980307204402,180.24175713704852,178.24943459413387,180.1931610107422,181900,OEF,2023,2,7,Monday,179.2456,177.96755981445312,1.25,0.19,0.16,1.25,-0.16
2023-02-14,179.5420016042916,181.15528314434803,178.38548209638256,180.32920837402344,226000,OEF,2023,2,7,Tuesday,179.853,180.1931610107422,0.08,-0.36,-1.0,0.08,1.0
2023-02-15,179.4059342553316,180.80540466308594,178.93942928995946,180.80540466308594,279500,OEF,2023,2,7,Wednesday,179.989,180.32920837402344,0.26,-0.51,-0.77,0.26,0.77
2023-02-16,178.5603909760308,180.319460693789,177.99670863711907,178.11334228515625,187000,OEF,2023,2,7,Thursday,178.7475,180.80540466308594,-1.49,-1.24,-1.55,-1.49,1.55
2023-02-17,177.08317894727304,177.65657460739718,176.01412362377567,177.5302276611328,170700,OEF,2023,2,7,Friday,177.071,178.11334228515625,-0.33,-0.58,-1.18,-0.33,1.18
2023-02-21,175.54760378619818,176.15986734107784,173.856556968711,173.88571166992188,178200,OEF,2023,2,8,Tuesday,174.8624,177.5302276611328,-2.05,-1.12,-2.07,-2.05,2.07
2023-02-22,174.16759735454076,174.77986103995897,173.08882869138415,173.8954620361328,227900,OEF,2023,2,8,Wednesday,173.9829,173.88571166992188,0.01,0.16,-0.46,0.01,0.46
2023-02-23,175.1588809065535,175.49903892051105,172.84585683178537,174.7701416015625,249600,OEF,2023,2,8,Thursday,174.5685,173.8954620361328,0.5,0.73,-0.6,0.5,0.6
2023-02-24,172.3502115807642,173.03051283613112,171.46581253405967,172.75839233398438,220500,OEF,2023,2,8,Friday,172.4012,174.7701416015625,-1.15,-1.38,-1.89,-1.15,1.89
2023-02-27,174.18701752144247,174.90620154686465,173.01107148667893,173.39981079101562,167300,OEF,2023,2,9,Monday,173.876,172.75839233398438,0.37,0.83,0.15,0.37,-0.15
2023-02-28,173.12767910712665,173.95376861219435,172.6320343017578,172.6320343017578,147600,OEF,2023,2,9,Tuesday,173.0864,173.39981079101562,-0.44,-0.16,-0.44,-0.44,0.44
2023-03-01,172.60290803699252,172.76812299933786,171.3200415113152,171.76710510253906,112000,OEF,2023,3,9,Wednesday,172.1145,172.6320343017578,-0.5,-0.02,-0.76,-0.5,0.76
2023-03-02,170.97013879617134,173.47754713940122,170.9118293883327,173.06936645507812,109100,OEF,2023,3,9,Thursday,172.1072,171.76710510253906,0.76,-0.46,-0.5,0.76,0.5
2023-03-03,173.9732381307752,176.23768132298892,173.8663325782001,176.20852661132812,229800,OEF,2023,3,9,Friday,175.0714,173.06936645507812,1.81,0.52,0.46,1.81,-0.46
2023-03-06,176.7819204217143,178.02590420365067,176.6069921536872,176.71389770507812,139500,OEF,2023,3,10,Monday,177.0322,176.20852661132812,0.29,0.33,0.23,0.29,-0.23
2023-03-07,176.58750384348235,176.7138507786992,173.76910707990186,174.0606689453125,107000,OEF,2023,3,10,Tuesday,175.2828,176.71389770507812,-1.5,-0.07,-1.67,-1.5,1.67
2023-03-08,174.09953376441456,174.53686913982654,173.20542160173054,174.25503540039062,144600,OEF,2023,3,10,Wednesday,174.0242,174.0606689453125,0.11,0.02,-0.49,0.11,0.49
2023-03-09,174.4785727298189,175.43099436957246,170.64942992804308,171.0478973388672,215700,OEF,2023,3,10,Thursday,172.9017,174.25503540039062,-1.84,0.13,-2.07,-1.84,2.07
2023-03-10,170.87298256446715,172.0683700616283,168.55021544844607,169.21109008789062,388500,OEF,2023,3,10,Friday,170.1757,171.0478973388672,-1.07,-0.1,-1.46,-1.07,1.46
2023-03-13,167.26734251046346,171.63101274482267,167.19930498192468,169.35684204101562,380800,OEF,2023,3,11,Monday,168.8636,169.21109008789062,0.09,-1.15,-1.19,0.09,1.19
2023-03-14,171.59215936442303,172.91389387220536,170.34817568997556,172.3599395751953,175300,OEF,2023,3,11,Tuesday,171.8035,169.35684204101562,1.77,1.32,0.59,1.77,-0.59
2023-03-15,170.27039166577376,172.36961926824637,169.70670935606617,172.06834411621094,510200,OEF,2023,3,11,Wednesday,171.1038,172.3599395751953,-0.17,-1.21,-1.54,-0.17,1.54
2023-03-16,171.42692757507473,175.644809770585,171.1159391017212,175.60594177246094,310400,OEF,2023,3,11,Thursday,173.4484,172.06834411621094,2.06,-0.37,-0.55,2.06,0.55
2023-03-17,175.31439155282763,175.85863253951266,173.3026425606559,174.0315399169922,334500,OEF,2023,3,11,Friday,174.6268,175.60594177246094,-0.9,-0.17,-1.31,-0.9,1.31
2023-03-20,174.06070795967327,175.3921558204909,173.652512358933,175.1783447265625,221500,OEF,2023,3,12,Monday,174.5709,174.0315399169922,0.66,0.02,-0.22,0.66,0.22
2023-03-21,176.74300812800348,177.88008607361897,176.0529788638508,177.66627502441406,150700,OEF,2023,3,12,Tuesday,177.0856,175.1783447265625,1.42,0.89,0.5,1.42,-0.5
2023-03-22,177.71486043893373,179.726609043274,175.11026000976562,175.11026000976562,282600,OEF,2023,3,12,Wednesday,176.9155,177.66627502441406,-1.44,0.03,-1.44,-1.44,1.44
2023-03-23,176.74606259207698,178.54083142973266,174.8244844192014,176.02426147460938,264500,OEF,2023,3,12,Thursday,176.5339,175.11026000976562,0.52,0.93,-0.16,0.52,0.16
2023-03-24,175.4097625054283,176.98018914069397,174.4440914457231,176.950927734375,252800,OEF,2023,3,12,Friday,175.9462,176.02426147460938,0.53,-0.35,-0.9,0.53,0.9
2023-03-27,177.6532381646318,178.24824492247538,176.64855681865896,176.90216064453125,210800,OEF,2023,3,13,Monday,177.3631,176.950927734375,-0.03,0.4,-0.17,-0.03,0.17
2023-03-28,176.6387902497425,176.6387902497425,175.3805050981562,176.2583770751953,157600,OEF,2023,3,13,Tuesday,176.2291,176.90216064453125,-0.36,-0.15,-0.86,-0.36,0.86
2023-03-29,178.0628893459852,178.85297701092765,177.62395340809778,178.73593139648438,205100,OEF,2023,3,13,Wednesday,178.3189,176.2583770751953,1.41,1.02,0.77,1.41,-0.77
2023-03-30,179.82840308508545,179.98447383226292,178.99929026396515,179.84791564941406,199300,OEF,2023,3,13,Thursday,179.665,178.73593139648438,0.62,0.61,0.15,0.62,-0.15
2023-03-31,180.18930269485972,182.55958064321743,180.18930269485972,182.44252014160156,198000,OEF,2023,3,13,Friday,181.3452,179.84791564941406,1.44,0.19,0.19,1.44,-0.19
2023-04-03,182.05236213747256,183.4081951479884,181.97432676259868,183.27163696289062,223300,OEF,2023,4,14,Monday,182.6766,182.44252014160156,0.45,-0.21,-0.26,0.45,0.26
2023-04-04,183.48622375231014,183.91541085641666,182.2279387277482,182.78392028808594,117000,OEF,2023,4,14,Tuesday,183.1034,183.27163696289062,-0.27,0.12,-0.57,-0.27,0.57
2023-04-05,182.32546501622798,182.7253907014662,181.46709083985803,182.29620361328125,156800,OEF,2023,4,14,Wednesday,182.2035,182.78392028808594,-0.27,-0.25,-0.72,-0.27,0.72
2023-04-06,181.76948330705872,183.39843256571504,181.3695576221933,183.2813720703125,114000,OEF,2023,4,14,Thursday,182.4547,182.29620361328125,0.54,-0.29,-0.51,0.54,0.51
2023-04-10,181.93531241873984,182.9985164704604,181.29153175332675,182.97900390625,199300,OEF,2023,4,15,Monday,182.3011,183.2813720703125,-0.16,-0.73,-1.09,-0.16,1.09
2023-04-11,183.05702560630886,183.17407121537764,182.31571194266573,182.54005432128906,155500,OEF,2023,4,15,Tuesday,182.7717,182.97900390625,-0.24,0.04,-0.36,-0.24,0.36
2023-04-12,183.45695952203536,183.68130191073482,181.38907428907933,181.60365295410156,200100,OEF,2023,4,15,Wednesday,182.5327,182.54005432128906,-0.51,0.5,-0.63,-0.51,0.63
2023-04-13,182.3450114508239,184.78356137418737,182.3450114508239,184.64700317382812,225000,OEF,2023,4,15,Thursday,183.5301,181.60365295410156,1.68,0.41,0.41,1.68,-0.41
2023-04-14,184.1983259567588,185.37859081279055,183.29119241856256,184.51046752929688,187900,OEF,2023,4,15,Friday,184.3446,184.64700317382812,-0.07,-0.24,-0.73,-0.07,0.73
2023-04-17,184.23733950841972,184.91038170861384,183.7203680846793,184.890869140625,260500,OEF,2023,4,16,Monday,184.4397,184.51046752929688,0.21,-0.15,-0.43,0.21,0.43
2023-04-18,185.71017545676807,185.90525644036984,184.42262905801633,184.9981231689453,136400,OEF,2023,4,16,Tuesday,185.259,184.890869140625,0.06,0.44,-0.25,0.06,0.25
2023-04-19,183.97393432624156,185.39805382374254,183.97393432624156,185.0273895263672,295400,OEF,2023,4,16,Wednesday,184.5933,184.9981231689453,0.02,-0.55,-0.55,0.02,0.55
2023-04-20,183.24238268757614,184.5201803729361,182.9595174659125,183.67156982421875,321300,OEF,2023,4,16,Thursday,183.5984,185.0273895263672,-0.73,-0.96,-1.12,-0.73,1.12
2023-04-21,183.81786724062445,184.1690189809894,183.18385029339152,183.97393798828125,175000,OEF,2023,4,16,Friday,183.7862,183.67156982421875,0.16,0.08,-0.27,0.16,0.27
2023-04-24,183.76909479561576,184.3933629076947,183.15459040767493,183.9836883544922,90500,OEF,2023,4,17,Monday,183.8252,183.97393798828125,0.01,-0.11,-0.45,0.01,0.45
2023-04-25,183.17409300646284,183.5545061649163,181.19399183762496,181.23301696777344,151900,OEF,2023,4,17,Tuesday,182.2889,183.9836883544922,-1.5,-0.44,-1.52,-1.5,1.52
2023-04-26,182.30599301900529,182.64739597431767,180.81360160174248,181.00869750976562,120700,OEF,2023,4,17,Wednesday,181.6939,181.23301696777344,-0.12,0.59,-0.23,-0.12,0.23
2023-04-27,182.45229154179665,185.22248042907015,182.43277897675213,185.08592224121094,176700,OEF,2023,4,17,Thursday,183.7984,181.00869750976562,2.25,0.8,0.79,2.25,-0.79
2023-04-28,184.65671360118182,186.41247215749797,184.64696476165832,186.39295959472656,189800,OEF,2023,4,17,Friday,185.5273,185.08592224121094,0.71,-0.23,-0.24,0.71,0.24
2023-05-01,186.29545898259755,187.15381840556347,186.15890078687158,186.31495666503906,120900,OEF,2023,5,18,Monday,186.4808,186.39295959472656,-0.04,-0.05,-0.13,-0.04,0.13
2023-05-02,186.0613376804365,186.071086520863,183.21311348469135,184.43238830566406,194500,OEF,2023,5,18,Tuesday,184.9445,186.31495666503906,-1.01,-0.14,-1.66,-1.01,1.66
2023-05-03,184.49091068279853,185.6809240959738,183.02778090106426,183.0863037109375,152800,OEF,2023,5,18,Wednesday,184.0715,184.43238830566406,-0.73,0.03,-0.76,-0.73,0.76
2023-05-04,182.48154273212796,182.67662372047386,181.17448373811266,181.7987518310547,281100,OEF,2023,5,18,Thursday,182.0329,183.0863037109375,-0.7,-0.33,-1.04,-0.7,1.04
2023-05-05,183.54477132719933,185.8467630186172,183.45698710325738,185.34930419921875,198600,OEF,2023,5,18,Friday,184.5495,181.7987518310547,1.95,0.96,0.91,1.95,-0.91
2023-05-08,185.40781054319228,185.8174851022525,185.03714623006476,185.61264038085938,95600,OEF,2023,5,19,Monday,185.4688,185.34930419921875,0.14,0.03,-0.17,0.14,0.17
2023-05-09,184.81282278256955,185.24200995047792,184.64700317382812,184.64700317382812,180300,OEF,2023,5,19,Tuesday,184.8372,185.61264038085938,-0.52,-0.43,-0.52,-0.52,0.52
2023-05-10,185.89551358880158,186.31493697287019,184.01294557127443,185.66140747070312,236400,OEF,2023,5,19,Wednesday,185.4712,184.64700317382812,0.55,0.68,-0.34,0.55,0.34
2023-05-11,185.51508631795048,186.08083156413306,184.822531740325,185.8467254638672,183900,OEF,2023,5,19,Thursday,185.5663,185.66140747070312,0.1,-0.08,-0.45,0.1,0.45
2023-05-12,186.27591718255695,186.4124753568517,184.27630365031476,185.5150909423828,402900,OEF,2023,5,19,Friday,185.6199,185.8467254638672,-0.18,0.23,-0.85,-0.18,0.85
2023-05-15,185.64191776443573,185.9833057904689,184.6957592949354,185.7979736328125,149500,OEF,2023,5,20,Monday,185.5297,185.5150909423828,0.15,0.07,-0.44,0.15,0.44
2023-05-16,185.38829575928025,186.1686346221274,185.29076270375302,185.32977294921875,144500,OEF,2023,5,20,Tuesday,185.5444,185.7979736328125,-0.25,-0.22,-0.27,-0.25,0.27
2023-05-17,186.0710804440856,187.76831629759198,185.56387285140812,187.62200927734375,235700,OEF,2023,5,20,Wednesday,186.7563,185.32977294921875,1.24,0.4,0.13,1.24,-0.13
2023-05-18,187.47570245165454,189.71917120615905,187.47570245165454,189.50457763671875,222500,OEF,2023,5,20,Thursday,188.5438,187.62200927734375,1.0,-0.08,-0.08,1.0,0.08
2023-05-19,189.7679341576636,190.21661895227206,188.81202687531342,189.26071166992188,234500,OEF,2023,5,20,Friday,189.5143,189.50457763671875,-0.13,0.14,-0.37,-0.13,0.37
2023-05-22,189.17292898090915,189.99227808667197,188.88030004778648,189.2704620361328,114900,OEF,2023,5,21,Monday,189.329,189.26071166992188,0.01,-0.05,-0.2,0.01,0.2
2023-05-23,188.519402986418,189.1436711096706,187.2611030155999,187.4074249267578,402000,OEF,2023,5,21,Tuesday,188.0829,189.2704620361328,-0.98,-0.4,-1.06,-0.98,1.06
2023-05-24,186.62706263928047,187.15378275568378,185.73942709427888,186.3734588623047,205800,OEF,2023,5,21,Wednesday,186.4734,187.4074249267578,-0.55,-0.42,-0.89,-0.55,0.89
2023-05-25,188.71449733852185,189.47532370245904,187.72932855540503,188.83154296875,363700,OEF,2023,5,21,Thursday,188.6877,186.3734588623047,1.32,1.26,0.73,1.32,-0.73
2023-05-26,189.15340453803574,192.09917648135914,189.15340453803574,191.70899963378906,468700,OEF,2023,5,21,Friday,190.5287,188.83154296875,1.52,0.17,0.17,1.52,-0.17
2023-05-30,193.07461922852244,193.2697002336374,191.39689579382582,192.0211639404297,435900,OEF,2023,5,22,Tuesday,192.4406,191.70899963378906,0.16,0.71,-0.16,0.16,0.16
2023-05-31,191.2115310821133,191.80653772085572,190.44095603377025,191.11398315429688,350000,OEF,2023,5,22,Wednesday,191.1433,192.0211639404297,-0.47,-0.42,-0.82,-0.47,0.82
2023-06-01,191.11400518960144,193.57206739349215,190.64580782629278,193.03558349609375,244000,OEF,2023,6,22,Thursday,192.0919,191.11398315429688,1.01,0.0,-0.24,1.01,0.24
2023-06-02,194.28410814616856,195.71797643937094,193.9427201472358,195.38633728027344,239600,OEF,2023,6,22,Friday,194.8328,193.03558349609375,1.22,0.65,0.47,1.22,-0.47
2023-06-05,195.37657933108449,196.36174792260869,194.71328616009032,195.06443786621094,273300,OEF,2023,6,23,Monday,195.379,195.38633728027344,-0.16,-0.0,-0.34,-0.16,0.34
2023-06-06,194.7328165525215,195.5131554024298,194.39141365452235,195.3473358154297,213800,OEF,2023,6,23,Tuesday,194.9962,195.06443786621094,0.15,-0.17,-0.35,0.15,0.35
2023-06-07,195.38156958995728,196.1642187581934,193.620579105274,193.82601928710938,238200,OEF,2023,6,23,Wednesday,194.7481,195.3473358154297,-0.78,0.02,-0.88,-0.78,0.88
2023-06-08,193.83584337056695,195.5576927177261,193.83584337056695,195.41094970703125,255500,OEF,2023,6,23,Thursday,194.6601,193.82601928710938,0.82,0.01,0.01,0.82,-0.01
2023-06-09,195.93920266511677,197.14253991099463,195.58700457753352,195.9196319580078,628800,OEF,2023,6,23,Friday,196.1471,195.41094970703125,0.26,0.27,0.09,0.26,-0.09
2023-06-12,196.49687513037,198.04261779785156,196.27184929673453,198.04261779785156,170400,OEF,2023,6,24,Monday,197.2135,195.9196319580078,1.08,0.29,0.18,1.08,-0.18
2023-06-13,198.874214358204,199.46121624310834,198.1111208646752,199.13836669921875,179200,OEF,2023,6,24,Tuesday,198.8962,198.04261779785156,0.55,0.42,0.03,0.55,-0.03
2023-06-14,199.03074651068303,200.21451322168232,197.66108044721494,199.5590362548828,230000,OEF,2023,6,24,Wednesday,199.1163,199.13836669921875,0.21,-0.05,-0.74,0.21,0.74
2023-06-15,199.0992162474507,202.77773336024808,199.07966046609818,202.1320343017578,245200,OEF,2023,6,24,Thursday,200.7722,199.5590362548828,1.29,-0.23,-0.24,1.29,0.24
2023-06-16,203.4233963279152,203.4233963279152,201.07541899522528,201.20260620117188,235800,OEF,2023,6,24,Friday,202.2812,202.1320343017578,-0.46,0.64,-0.52,-0.46,0.52
2023-06-20,200.18514945617403,201.08520798097388,199.45140463321016,200.5666961669922,219800,OEF,2023,6,25,Tuesday,200.3221,201.20260620117188,-0.32,-0.51,-0.87,-0.32,0.87
2023-06-21,200.04821218441526,200.08735360680842,198.81552608444795,199.11880493164062,133500,OEF,2023,6,25,Wednesday,199.5175,200.5666961669922,-0.72,-0.26,-0.87,-0.72,0.87
2023-06-22,198.39478519793516,200.3905792236328,198.35565871401403,200.3905792236328,138300,OEF,2023,6,25,Thursday,199.3829,199.11880493164062,0.64,-0.36,-0.38,0.64,0.38
2023-06-23,198.63938126036354,199.75467273438284,198.4241631909904,198.8546142578125,135100,OEF,2023,6,25,Friday,198.9182,200.3905792236328,-0.77,-0.87,-0.98,-0.77,0.98
2023-06-26,198.51222290077186,199.28509422538164,197.00559181299315,197.17190551757812,182600,OEF,2023,6,26,Monday,197.9937,198.8546142578125,-0.85,-0.17,-0.93,-0.85,0.93
2023-06-27,197.5730360850943,199.49056261669983,197.3088837470295,199.27532958984375,195700,OEF,2023,6,26,Tuesday,198.412,197.17190551757812,1.07,0.2,0.07,1.07,-0.07
2023-06-28,198.73721700351896,200.0873121629433,198.4730647053543,199.3731231689453,226900,OEF,2023,6,26,Wednesday,199.1677,199.27532958984375,0.05,-0.27,-0.4,0.05,0.4
2023-06-29,199.44164186580778,200.12646743355276,199.13836303781198,200.03842163085938,128900,OEF,2023,6,26,Thursday,199.6862,199.3731231689453,0.33,0.03,-0.12,0.33,0.12
2023-06-30,201.65265159354865,203.03209552890928,201.57438368288163,202.57228088378906,152500,OEF,2023,6,26,Friday,202.2079,200.03842163085938,1.27,0.81,0.77,1.27,-0.77
2023-07-03,202.67010355373597,202.97338235365373,202.51356774472154,202.9538116455078,105800,OEF,2023,7,27,Monday,202.7777,202.57228088378906,0.19,0.05,-0.03,0.19,0.03
2023-07-05,202.0341760954042,203.3451447947158,202.0341760954042,202.8853302001953,313300,OEF,2023,7,27,Wednesday,202.5747,202.9538116455078,-0.03,-0.45,-0.45,-0.03,0.45
2023-07-06,201.16345884272198,201.52544974247238,200.08730881706708,201.23194885253906,200900,OEF,2023,7,27,Thursday,201.002,202.8853302001953,-0.81,-0.85,-1.38,-0.81,1.38
2023-07-07,200.84062000469254,202.42551892312974,200.34167891500604,200.4982147216797,162700,OEF,2023,7,27,Friday,201.0265,201.23194885253906,-0.36,-0.19,-0.44,-0.36,0.44
2023-07-10,200.07755447434238,200.57651056160037,199.0503235541534,200.10690307617188,119600,OEF,2023,7,28,Monday,199.9528,200.4982147216797,-0.2,-0.21,-0.72,-0.2,0.72
2023-07-11,200.46886477285557,201.41784256831394,199.75467575774906,201.2613067626953,152300,OEF,2023,7,28,Tuesday,200.7257,200.10690307617188,0.58,0.18,-0.18,0.58,0.18
2023-07-12,202.914695572444,203.86367343719795,202.56249744812217,203.1299285888672,209600,OEF,2023,7,28,Wednesday,203.1177,201.2613067626953,0.93,0.82,0.65,0.93,-0.65
2023-07-13,204.41152480310424,205.5659428144689,204.19629179622666,205.1159210205078,1235700,OEF,2023,7,28,Thursday,204.8224,203.1299285888672,0.98,0.63,0.52,0.98,-0.52
2023-07-14,205.7616420860362,206.57363996579792,204.89091714705873,205.23333740234375,170800,OEF,2023,7,28,Friday,205.6149,205.1159210205078,0.06,0.31,-0.11,0.06,0.11
2023-07-17,205.32137210982063,206.36818860139903,205.17462911010276,205.91815185546875,182200,OEF,2023,7,29,Monday,205.6956,205.23333740234375,0.33,0.04,-0.03,0.33,0.03
2023-07-18,205.92793780035564,208.23678879667082,205.5463910857478,207.71827697753906,180200,OEF,2023,7,29,Tuesday,206.8573,205.91815185546875,0.87,0.0,-0.18,0.87,0.18
2023-07-19,208.19766235351562,209.0585944599163,207.8454642125406,208.19766235351562,280300,OEF,2023,7,29,Wednesday,208.3248,207.71827697753906,0.23,0.23,0.06,0.23,-0.06
2023-07-20,207.37584160577092,208.3835165714714,205.90835205245068,206.28012084960938,195300,OEF,2023,7,29,Thursday,206.987,208.19766235351562,-0.92,-0.39,-1.1,-0.92,1.1
2023-07-21,207.17039473230508,207.17039473230508,206.0551032245863,206.1627197265625,163000,OEF,2023,7,29,Friday,206.6397,206.28012084960938,-0.06,0.43,-0.11,-0.06,0.11
2023-07-24,206.67143634358945,207.68888915415872,206.407284055739,207.25843811035156,110200,OEF,2023,7,30,Monday,207.0065,206.1627197265625,0.53,0.25,0.12,0.53,-0.12
2023-07-25,207.16063302595396,208.3835411311839,207.16063302595396,207.7476348876953,235600,OEF,2023,7,30,Tuesday,207.6131,207.25843811035156,0.24,-0.05,-0.05,0.24,0.05
2023-07-26,207.20954304870304,208.50092618734615,206.74972842749915,207.71827697753906,185700,OEF,2023,7,30,Wednesday,207.5446,207.7476348876953,-0.01,-0.26,-0.48,-0.01,0.48
2023-07-27,209.6945040201893,210.13474797131585,206.25080539655562,206.72039794921875,211300,OEF,2023,7,30,Thursday,208.2001,207.71827697753906,-0.48,0.95,-0.71,-0.48,0.71
2023-07-28,208.11940597900914,209.645593031817,208.06070877360557,209.0977325439453,126100,OEF,2023,7,30,Friday,208.7309,206.72039794921875,1.15,0.68,0.65,1.15,-0.65
2023-07-31,209.39121192722982,209.6162228341221,208.69660849740833,209.55752563476562,220400,OEF,2023,7,31,Monday,209.3154,209.0977325439453,0.22,0.14,-0.19,0.22,0.19
2023-08-01,208.9215969733279,209.10748137005066,208.45200450081674,208.86289978027344,108300,OEF,2023,8,31,Tuesday,208.836,209.55752563476562,-0.33,-0.3,-0.53,-0.33,0.53
2023-08-02,207.2975878339328,207.2975878339328,205.19419196870695,205.60508728027344,175300,OEF,2023,8,31,Wednesday,206.3486,208.86289978027344,-1.56,-0.75,-1.76,-1.56,1.76
2023-08-03,204.52892181225928,206.10402796741934,204.46044672450975,205.0767822265625,173800,OEF,2023,8,31,Thursday,205.0425,205.60508728027344,-0.26,-0.52,-0.56,-0.26,0.56
2023-08-04,206.2410072191095,207.34652094185876,204.12781839490972,204.35284423828125,234200,OEF,2023,8,31,Friday,205.517,205.0767822265625,-0.35,0.57,-0.46,-0.35,0.46
2023-08-07,205.17460909784378,206.2312033769865,204.6658752016471,206.09423828125,106200,OEF,2023,8,32,Monday,205.5415,204.35284423828125,0.85,0.4,0.15,0.85,-0.15
2023-08-08,205.2039542566037,205.64419813351768,203.90277840487096,205.55615234375,156300,OEF,2023,8,32,Tuesday,205.0768,206.09423828125,-0.26,-0.43,-1.06,-0.26,1.06
2023-08-09,205.6540269976842,205.6540269976842,203.14949853450267,203.4625701904297,121600,OEF,2023,8,32,Wednesday,204.48,205.55615234375,-1.02,0.05,-1.17,-1.02,1.17
2023-08-10,204.75393025854532,206.43665289835627,203.1592683420381,203.6777801513672,248300,OEF,2023,8,32,Thursday,204.5069,203.4625701904297,0.11,0.63,-0.15,0.11,0.15
2023-08-11,202.75815942210943,204.02019399080987,202.42553200748475,203.56039428710938,129800,OEF,2023,8,32,Friday,203.1911,203.6777801513672,-0.06,-0.45,-0.61,-0.06,0.61
2023-08-14,203.06143878225095,205.14527893066406,202.92447367420974,205.14527893066406,176100,OEF,2023,8,33,Monday,204.0691,203.56039428710938,0.78,-0.25,-0.31,0.78,0.31
2023-08-15,204.31369971753097,204.6365492492234,202.4646632564396,202.8560028076172,150800,OEF,2023,8,33,Tuesday,203.5677,205.14527893066406,-1.12,-0.41,-1.31,-1.12,1.31
2023-08-16,202.46464028295534,203.37449157413542,201.1439086337966,201.1536865234375,202200,OEF,2023,8,33,Wednesday,202.0342,202.8560028076172,-0.84,-0.19,-0.84,-0.84,0.84
2023-08-17,201.77005545343255,202.06354145038023,199.43185579992732,199.725341796875,209800,OEF,2023,8,33,Thursday,200.7477,201.1536865234375,-0.71,0.31,-0.86,-0.71,0.86
2023-08-18,198.19914859145584,200.18515005732922,198.11110279517416,199.6568603515625,204800,OEF,2023,8,33,Friday,199.0381,199.725341796875,-0.03,-0.76,-0.81,-0.03,0.81
2023-08-21,200.26342895794514,201.75048939845271,199.46120900098646,201.46676635742188,315100,OEF,2023,8,34,Monday,200.7355,199.6568603515625,0.91,0.3,-0.1,0.91,0.1
2023-08-22,202.65052913098546,202.65052913098546,200.60583054547158,200.8797607421875,151200,OEF,2023,8,34,Tuesday,201.6967,201.46676635742188,-0.29,0.59,-0.43,-0.29,0.43
2023-08-23,201.43741162987644,203.73648477625346,201.43741162987644,203.41363525390625,159100,OEF,2023,8,34,Wednesday,202.5062,200.8797607421875,1.26,0.28,0.28,1.26,-0.28
2023-08-24,204.3919632482276,204.626766973903,200.20472717285156,200.20472717285156,507000,OEF,2023,8,34,Thursday,202.357,203.41363525390625,-1.58,0.48,-1.58,-1.58,1.58
2023-08-25,200.93847252876935,202.28856783067607,199.23617910149903,201.74070739746094,160600,OEF,2023,8,34,Friday,201.051,200.20472717285156,0.77,0.37,-0.48,0.77,0.48
2023-08-28,202.81683424484277,203.25707811893054,201.83850788994752,202.9146728515625,179400,OEF,2023,8,35,Monday,202.7068,201.74070739746094,0.58,0.53,0.05,0.58,-0.05
2023-08-29,202.86575608053312,206.33881766937986,202.8266295942021,206.231201171875,218800,OEF,2023,8,35,Tuesday,204.5656,202.9146728515625,1.63,-0.02,-0.04,1.63,0.04
2023-08-30,206.35839105453044,207.41498541252182,205.91814713738663,207.1019287109375,199000,OEF,2023,8,35,Wednesday,206.6984,206.231201171875,0.42,0.06,-0.15,0.42,0.15
2023-08-31,207.4443213535227,208.16828825688017,206.95515815808346,207.06277465820312,96500,OEF,2023,8,35,Thursday,207.4076,207.1019287109375,-0.02,0.17,-0.07,-0.02,0.07
2023-09-01,208.25634040383113,208.46179552053812,206.42687477405033,207.0823516845703,184700,OEF,2023,9,35,Friday,207.5568,207.06277465820312,0.01,0.58,-0.31,0.01,0.31
2023-09-05,206.9160614013672,207.50306329146758,206.5932118546198,206.9160614013672,87300,OEF,2023,9,36,Tuesday,206.9821,207.0823516845703,-0.08,-0.08,-0.24,-0.08,0.24
2023-09-06,206.47578661957326,206.47578661957326,203.93213204636095,204.9006805419922,128200,OEF,2023,9,36,Wednesday,205.4461,206.9160614013672,-0.97,-0.21,-1.44,-0.97,1.44
2023-09-07,203.05163932326877,204.61695254488762,203.05163932326877,204.11801147460938,123700,OEF,2023,9,36,Thursday,203.7096,204.9006805419922,-0.38,-0.9,-0.9,-0.38,0.9
2023-09-08,204.24521178783357,205.52681701521738,204.24521178783357,204.734375,88700,OEF,2023,9,36,Friday,204.6879,204.11801147460938,0.3,0.06,0.06,0.3,-0.06
2023-09-11,206.08446710208506,206.73016616181573,205.44856086112682,206.64212036132812,774200,OEF,2023,9,37,Monday,206.2263,204.734375,0.93,0.66,0.35,0.93,-0.35
2023-09-12,205.9377393008564,206.45625117943413,204.93984203744634,205.1550750732422,159600,OEF,2023,9,37,Tuesday,205.6222,206.64212036132812,-0.72,-0.34,-0.82,-0.72,0.82
2023-09-13,205.17461721885212,206.38774734916083,204.88111630834945,205.9279327392578,103600,OEF,2023,9,37,Wednesday,205.5929,205.1550750732422,0.38,0.01,-0.13,0.38,0.13
2023-09-14,206.837760854299,207.85522864620145,206.32902695834778,207.53237915039062,115000,OEF,2023,9,37,Thursday,207.1386,205.9279327392578,0.78,0.44,0.19,0.78,-0.19
2023-09-15,206.97473934376694,206.97473934376694,204.60719114935404,204.79307556152344,139400,OEF,2023,9,37,Friday,205.8374,207.53237915039062,-1.32,-0.27,-1.41,-1.32,1.41
2023-09-18,204.45065018120928,205.51703731970252,204.45065018120928,204.9691619873047,119200,OEF,2023,9,38,Monday,204.8469,204.79307556152344,0.09,-0.17,-0.17,0.09,0.17
2023-09-19,204.47022862586383,204.89090183507165,203.21797196058316,204.7050323486328,111400,OEF,2023,9,38,Tuesday,204.321,204.9691619873047,-0.13,-0.24,-0.85,-0.13,0.85
2023-09-20,205.05722074388814,205.08656934183279,202.0928929268692,202.18093872070312,147600,OEF,2023,9,38,Wednesday,203.6044,204.7050323486328,-1.23,0.17,-1.28,-1.23,1.28
2023-09-21,200.49823547711782,200.81129219479632,198.9329071044922,198.9329071044922,114800,OEF,2023,9,38,Thursday,199.7938,202.18093872070312,-1.61,-0.83,-1.61,-1.61,1.61
2023-09-22,199.68623464975425,200.24387302604907,198.2383155216064,198.39483642578125,327200,OEF,2023,9,38,Friday,199.1408,198.9329071044922,-0.27,0.38,-0.35,-0.27,0.35
2023-09-25,197.8176239825085,199.3340331095712,197.54369374475144,199.29490661621094,297600,OEF,2023,9,39,Monday,198.4976,198.39483642578125,0.45,-0.29,-0.43,0.45,0.43
2023-09-26,197.9065067754842,197.93596179478408,195.96240059065588,196.29623413085938,205600,OEF,2023,9,39,Tuesday,197.0253,199.29490661621094,-1.5,-0.7,-1.67,-1.5,1.67
2023-09-27,196.84609590612155,197.02284101739164,194.43069424902728,196.2176971435547,217000,OEF,2023,9,39,Wednesday,196.1293,196.29623413085938,-0.04,0.28,-0.95,-0.04,0.95
2023-09-28,195.79549156174318,197.97525296935922,195.6580298055065,197.22901916503906,109500,OEF,2023,9,39,Thursday,196.6644,196.2176971435547,0.52,-0.22,-0.29,0.52,0.29
2023-09-29,198.9178402964539,198.94729531643085,196.29623864305205,197.00318908691406,230900,OEF,2023,9,39,Friday,197.7911,197.22901916503906,-0.11,0.86,-0.47,-0.11,0.47
2023-10-02,196.82645845681546,198.17162097296782,196.37478984799378,197.81814575195312,157200,OEF,2023,10,40,Monday,197.2978,197.00318908691406,0.41,-0.09,-0.32,0.41,0.32
2023-10-03,196.88536567211864,197.4450260244087,194.35212912155617,194.99034118652344,191400,OEF,2023,10,40,Tuesday,195.9182,197.81814575195312,-1.43,-0.47,-1.75,-1.43,1.75
2023-10-04,195.22600443941897,196.84609050688167,194.79397749284016,196.5711669921875,169700,OEF,2023,10,40,Wednesday,195.8593,194.99034118652344,0.81,0.12,-0.1,0.81,0.1
2023-10-05,196.38461964800362,196.8853849926855,194.95109195204114,196.51226806640625,140500,OEF,2023,10,40,Thursday,196.1833,196.5711669921875,-0.03,-0.09,-0.82,-0.03,0.82
2023-10-06,195.28491048222867,199.565881529078,194.8136151784327,198.94729614257812,177400,OEF,2023,10,40,Friday,197.1529,196.51226806640625,1.24,-0.62,-0.86,1.24,0.86
2023-10-09,198.17162608266534,200.35138750475807,197.710144116047,200.1451873779297,134800,OEF,2023,10,41,Monday,199.0946,198.94729614257812,0.6,-0.39,-0.62,0.6,0.62
2023-10-10,200.49865600190424,202.26603209431545,200.312097555732,200.91104125976562,140400,OEF,2023,10,41,Tuesday,200.997,200.1451873779297,0.38,0.18,0.08,0.38,-0.08
2023-10-11,201.52964514489656,202.06967885914437,200.606681157311,202.0303955078125,202100,OEF,2023,10,41,Wednesday,201.5591,200.91104125976562,0.56,0.31,-0.15,0.56,0.15
2023-10-12,202.18749785443052,202.8158966324609,200.03719133801468,201.2252655029297,198300,OEF,2023,10,41,Thursday,201.5665,202.0303955078125,-0.4,0.08,-0.99,-0.4,0.99
2023-10-13,201.98129102784614,202.44275798742098,199.32040610783156,199.9586181640625,134200,OEF,2023,10,41,Friday,200.9258,201.2252655029297,-0.63,0.38,-0.95,-0.63,0.95
2023-10-16,200.7146474013401,202.35437490668778,200.7146474013401,201.92234802246094,104900,OEF,2023,10,42,Monday,201.4265,199.9586181640625,0.98,0.38,0.38,0.98,-0.38
2023-10-17,200.1550089535491,202.35439699374135,199.6640719828337,201.48052978515625,147200,OEF,2023,10,42,Tuesday,200.9135,201.92234802246094,-0.22,-0.88,-1.12,-0.22,1.12
2023-10-18,200.6164896729291,201.20560504484635,198.37780331658038,198.8883819580078,131700,OEF,2023,10,42,Wednesday,199.7721,201.48052978515625,-1.29,-0.43,-1.54,-1.29,1.54
2023-10-19,199.5167670124998,200.4691858631859,197.3370058266209,197.66102600097656,8677700,OEF,2023,10,42,Thursday,198.746,198.8883819580078,-0.62,0.32,-0.78,-0.62,0.78
2023-10-20,197.39595421667042,197.8378095289597,195.1867375840605,195.26528930664062,1644500,OEF,2023,10,42,Friday,196.4214,197.66102600097656,-1.21,-0.13,-1.25,-1.21,1.25
2023-10-23,194.44052564998233,196.9639492632013,193.5470166286489,195.14747619628906,777500,OEF,2023,10,43,Monday,195.0247,195.26528930664062,-0.06,-0.42,-0.88,-0.06,0.88
2023-10-24,196.28643390881328,197.18975618622235,195.4027383241116,196.87554931640625,505200,OEF,2023,10,43,Tuesday,196.4386,195.14747619628906,0.89,0.58,0.13,0.89,-0.13
2023-10-25,195.8936698745177,196.02131828460713,193.60590173223545,193.9004669189453,317400,OEF,2023,10,43,Wednesday,194.8553,196.87554931640625,-1.51,-0.5,-1.66,-1.51,1.66
2023-10-26,193.02660012800567,193.30152364097412,190.07116487249093,190.6504669189453,490600,OEF,2023,10,43,Thursday,191.7624,193.9004669189453,-1.68,-0.45,-1.97,-1.68,1.97
2023-10-27,191.48505922189125,192.03490622897894,189.50166967586162,190.1988067626953,472300,OEF,2023,10,43,Friday,190.8051,190.6504669189453,-0.24,0.44,-0.6,-0.24,0.6
2023-10-30,191.65198239515362,193.48808192277068,191.5636173336786,193.00697326660156,297300,OEF,2023,10,44,Monday,192.4277,190.1988067626953,1.48,0.76,0.72,1.48,-0.72
2023-10-31,193.10514420777713,194.03792144576576,192.10362860316053,193.9397430419922,558500,OEF,2023,10,44,Tuesday,193.2966,193.00697326660156,0.48,0.05,-0.47,0.48,0.47
2023-11-01,194.42087708612604,196.8952039105517,194.37179536892896,196.48281860351562,531600,OEF,2023,11,44,Wednesday,195.5427,193.9397430419922,1.31,0.25,0.22,1.31,-0.22
2023-11-02,198.3777919909138,200.10589960717502,198.3090686101069,200.0862579345703,766400,OEF,2023,11,44,Thursday,199.2198,196.48281860351562,1.83,0.96,0.93,1.83,-0.93
2023-11-03,200.71466624320766,202.1678354593079,200.56739114712585,201.57872009277344,273200,OEF,2023,11,44,Friday,201.2572,200.0862579345703,0.75,0.31,0.24,0.75,-0.24
2023-11-06,201.9322182989143,202.5115203857422,201.500191324938,202.5115203857422,363600,OEF,2023,11,45,Monday,202.1139,201.57872009277344,0.46,0.18,-0.04,0.46,0.04
2023-11-07,202.51148247827777,203.81737650254786,202.14819394644084,203.4442596435547,436900,OEF,2023,11,45,Tuesday,202.9803,202.5115203857422,0.46,-0.0,-0.18,0.46,0.18
2023-11-08,203.71919966193127,204.12177157066154,202.60969230424536,203.92539978027344,298800,OEF,2023,11,45,Wednesday,203.594,203.4442596435547,0.24,0.14,-0.41,0.24,0.41
2023-11-09,204.1315985693967,204.1610535908146,201.83401700555123,202.14822387695312,224600,OEF,2023,11,45,Thursday,203.0687,203.92539978027344,-0.87,0.1,-1.03,-0.87,1.03
2023-11-10,203.04170134559877,205.56512451171875,202.5114960209151,205.56512451171875,253900,OEF,2023,11,45,Friday,204.1709,202.14822387695312,1.69,0.44,0.18,1.69,-0.18
2023-11-13,204.86797863014525,205.7713157821513,204.26903496534035,205.36874389648438,220500,OEF,2023,11,46,Monday,205.0693,205.56512451171875,-0.1,-0.34,-0.63,-0.1,0.63
2023-11-14,208.12783792874637,209.32572543581392,207.70562430795604,208.69732666015625,496000,OEF,2023,11,46,Tuesday,208.4641,205.36874389648438,1.62,1.34,1.14,1.62,-1.14
2023-11-15,209.40425753201416,209.69882270785777,208.58930037113666,209.2078857421875,213100,OEF,2023,11,46,Wednesday,209.2251,208.69732666015625,0.24,0.34,-0.05,0.24,0.05
2023-11-16,208.76604305862148,209.73810370277798,208.52057456100493,209.70864868164062,408800,OEF,2023,11,46,Thursday,209.1833,209.2078857421875,0.24,-0.21,-0.33,0.24,0.33
2023-11-17,209.84610434836287,210.02283447005573,208.98205046753287,209.6595458984375,228200,OEF,2023,11,46,Friday,209.6276,209.70864868164062,-0.02,0.07,-0.35,-0.02,0.35
2023-11-20,209.39441925005798,211.91784232510608,209.39441925005798,211.534912109375,332400,OEF,2023,11,47,Monday,210.5604,209.6595458984375,0.89,-0.13,-0.13,0.89,0.13
2023-11-21,210.85743518904493,211.03416531229547,210.18976808048816,210.86724853515625,260300,OEF,2023,11,47,Tuesday,210.7372,211.534912109375,-0.32,-0.32,-0.64,-0.32,0.64
2023-11-22,211.59384261244955,212.4971648758535,211.1421739896436,211.75094604492188,391000,OEF,2023,11,47,Wednesday,211.746,210.86724853515625,0.42,0.34,0.13,0.42,-0.13
2023-11-24,211.52508129988405,211.8294747856119,211.24034446884318,211.46617126464844,124000,OEF,2023,11,47,Friday,211.5153,211.75094604492188,-0.13,-0.11,-0.24,-0.13,0.24
2023-11-27,211.3581729087142,211.80002815489058,211.01452602882992,211.25999450683594,327300,OEF,2023,11,48,Monday,211.3582,211.46617126464844,-0.1,-0.05,-0.21,-0.1,0.21
2023-11-28,210.90652169051103,212.13386409445698,210.76905994055738,211.65274047851562,276300,OEF,2023,11,48,Tuesday,211.3655,211.25999450683594,0.19,-0.17,-0.23,0.19,0.23
2023-11-29,212.57571118008656,213.06664815740777,211.15199694229653,211.21090698242188,217000,OEF,2023,11,48,Wednesday,212.0013,211.65274047851562,-0.21,0.44,-0.24,-0.21,0.24
2023-11-30,211.67238629756173,211.84911641573177,210.22903040367686,211.71165466308594,295800,OEF,2023,11,48,Thursday,211.3655,211.21090698242188,0.24,0.22,-0.46,0.24,0.46
2023-12-01,211.22070594427353,212.5069583401083,210.71014230981822,212.26148986816406,259300,OEF,2023,12,48,Friday,211.6748,211.71165466308594,0.26,-0.23,-0.47,0.26,0.47
2023-12-04,210.44506190695333,210.89671556912654,209.53191127151928,210.6414337158203,391400,OEF,2023,12,49,Monday,210.3788,212.26148986816406,-0.76,-0.86,-1.29,-0.76,1.29
2023-12-05,209.97376047890282,211.91786680005154,209.97376047890282,211.48583984375,194900,OEF,2023,12,49,Tuesday,210.8378,210.6414337158203,0.4,-0.32,-0.32,0.4,0.32
2023-12-06,212.37935530826792,212.4677203750809,210.1799520913788,210.39596557617188,211200,OEF,2023,12,49,Wednesday,211.3557,211.48583984375,-0.52,0.42,-0.62,-0.52,0.62
2023-12-07,211.3483604087518,212.62479949593128,211.28945037094775,212.3105926513672,154000,OEF,2023,12,49,Thursday,211.8933,210.39596557617188,0.91,0.45,0.42,0.91,-0.42
2023-12-08,211.6527405684175,213.5870333964345,211.6527405684175,213.43975830078125,202500,OEF,2023,12,49,Friday,212.5831,212.3105926513672,0.53,-0.31,-0.31,0.53,0.31
2023-12-11,212.86046206079345,213.4594058118799,212.20260826569992,213.4103240966797,228900,OEF,2023,12,50,Monday,212.9832,213.43975830078125,-0.01,-0.27,-0.58,-0.01,0.58
2023-12-12,212.8899145906104,214.55909729003906,212.72298283668096,214.55909729003906,195900,OEF,2023,12,50,Tuesday,213.6828,213.4103240966797,0.54,-0.24,-0.32,0.54,0.32
2023-12-13,214.41182525076064,216.97451704580678,214.3431018600137,216.8174285888672,242800,OEF,2023,12,50,Wednesday,215.6367,214.55909729003906,1.05,-0.07,-0.1,1.05,0.1
2023-12-14,217.64220410177467,217.9269409822489,215.70791103729113,217.03343200683594,443700,OEF,2023,12,50,Thursday,217.0776,216.8174285888672,0.1,0.38,-0.51,0.1,0.51
2023-12-15,216.23808043472422,217.9269047071924,216.23808043472422,217.30833435058594,315200,OEF,2023,12,50,Friday,216.9278,217.03343200683594,0.13,-0.37,-0.37,0.13,0.37
2023-12-18,217.9858270965331,219.35063126802663,217.9858270965331,218.9480743408203,205400,OEF,2023,12,51,Monday,218.5676,217.30833435058594,0.75,0.31,0.31,0.75,-0.31
2023-12-19,219.04625769177105,220.09687001827766,218.78116251030383,220.05758666992188,160200,OEF,2023,12,51,Tuesday,219.4955,218.9480743408203,0.51,0.04,-0.08,0.51,0.08
2023-12-20,219.91676284388961,220.71445234702372,217.03129192248565,217.0903778076172,220200,OEF,2023,12,51,Wednesday,218.6882,220.05758666992188,-1.35,-0.06,-1.38,-1.35,1.38
2023-12-21,218.61681617678374,219.25693326614584,217.395652852989,219.16830444335938,193800,OEF,2023,12,51,Thursday,218.6094,217.0903778076172,0.96,0.7,0.14,0.96,-0.14
2023-12-22,219.48342958078197,220.2220331424639,218.45923925376468,219.2372283935547,564200,OEF,2023,12,51,Friday,219.3505,219.16830444335938,0.03,0.14,-0.32,0.03,0.32
2023-12-26,219.38498114898826,220.47811513609142,219.38498114898826,220.0644989013672,115500,OEF,2023,12,52,Tuesday,219.8281,219.2372283935547,0.38,0.07,0.07,0.38,-0.07
2023-12-27,220.09402018112894,220.56672225615338,219.88720457065875,220.39930725097656,209500,OEF,2023,12,52,Wednesday,220.2368,220.0644989013672,0.15,0.01,-0.08,0.15,0.08
2023-12-28,220.69475154266814,221.06896713114924,220.36976417038045,220.63565063476562,297300,OEF,2023,12,52,Thursday,220.6923,220.39930725097656,0.11,0.13,-0.01,0.11,0.01
2023-12-29,220.5273324155887,220.76369097810243,218.94181110794364,219.99554443359375,184600,OEF,2023,12,52,Friday,220.0571,220.63565063476562,-0.29,-0.05,-0.77,-0.29,0.77
2024-01-02,218.44941061503354,218.84332652906966,217.34641900726032,218.54788208007812,316900,OEF,2024,1,1,Tuesday,218.2968,219.99554443359375,-0.66,-0.7,-1.2,-0.66,1.2
2024-01-03,217.4350446922233,218.24259183933694,216.9524999585405,217.1790008544922,293500,OEF,2024,1,1,Wednesday,217.4523,218.54788208007812,-0.63,-0.51,-0.73,-0.63,0.73
2024-01-04,216.8737137590806,218.19334858158092,216.28282486966887,216.46994018554688,322400,OEF,2024,1,1,Thursday,216.955,217.1790008544922,-0.33,-0.14,-0.41,-0.33,0.41
2024-01-05,216.47981196810474,217.9373189562594,216.04649542453532,216.72601318359375,282200,OEF,2024,1,1,Friday,216.7974,216.46994018554688,0.12,0.0,-0.2,0.12,0.2
2024-01-08,216.99187419847186,220.19248962402344,216.99187419847186,220.19248962402344,310500,OEF,2024,1,2,Monday,218.5922,216.72601318359375,1.6,0.12,0.12,1.6,-0.12
2024-01-09,219.15845433992027,220.4879468353008,218.78423873293448,219.99554443359375,182800,OEF,2024,1,2,Tuesday,219.6065,220.19248962402344,-0.09,-0.47,-0.64,-0.09,0.64
2024-01-10,220.23190620613707,221.9651572757148,220.23190620613707,221.6007843017578,198300,OEF,2024,1,2,Wednesday,221.0074,219.99554443359375,0.73,0.11,0.11,0.73,-0.11
2024-01-11,222.20151455309838,222.67421665534576,219.6114730887705,221.38412475585938,357000,OEF,2024,1,2,Thursday,221.4678,221.6007843017578,-0.1,0.27,-0.9,-0.1,0.9
2024-01-12,221.78788291096257,222.45754292366394,221.06896462876935,221.62045288085938,425400,OEF,2024,1,2,Friday,221.7337,221.38412475585938,0.11,0.18,-0.14,0.11,0.14
2024-01-16,221.08866174765606,221.85680823442465,220.2023435019777,220.96063232421875,278600,OEF,2024,1,3,Tuesday,221.0271,221.62045288085938,-0.3,-0.24,-0.64,-0.3,0.64
2024-01-17,219.60162780492539,220.12357314687387,218.79408065584065,220.00538635253906,227500,OEF,2024,1,3,Wednesday,219.6312,220.96063232421875,-0.43,-0.62,-0.98,-0.43,0.98
2024-01-18,221.00988396838116,222.27043286776714,220.3303662749611,222.01438903808594,454400,OEF,2024,1,3,Thursday,221.4063,220.00538635253906,0.91,0.46,0.15,0.91,-0.15
2024-01-19,223.17643141887322,225.402099609375,222.46737084824412,225.402099609375,308400,OEF,2024,1,3,Friday,224.112,222.01438903808594,1.53,0.52,0.2,1.53,-0.2
2024-01-22,225.9634603344218,226.42631979663147,225.25439967005497,225.41197204589844,310200,OEF,2024,1,4,Monday,225.764,225.402099609375,0.0,0.25,-0.07,0.0,0.07
2024-01-23,225.62862151017558,226.49525451660156,225.31347677077403,226.49525451660156,204500,OEF,2024,1,4,Tuesday,225.9832,225.41197204589844,0.48,0.1,-0.04,0.48,0.04
2024-01-24,227.56868284653083,228.8095314186377,227.05658017031126,227.2830810546875,334000,OEF,2024,1,4,Wednesday,227.6795,226.49525451660156,0.35,0.47,0.25,0.35,-0.25
2024-01-25,227.6967225078055,228.51409726124447,226.8103891790911,228.07093811035156,8313600,OEF,2024,1,4,Thursday,227.773,227.2830810546875,0.35,0.18,-0.21,0.35,0.21
2024-01-26,227.67702284042738,228.67167027315915,227.44066428005758,227.82473754882812,1182600,OEF,2024,1,4,Friday,227.9035,228.07093811035156,-0.11,-0.17,-0.28,-0.11,0.28
2024-01-29,228.1103594992394,229.78452479232104,227.78537208512878,229.6367950439453,873200,OEF,2024,1,5,Monday,228.8293,227.82473754882812,0.8,0.13,-0.02,0.8,0.02
2024-01-30,229.6466363188686,229.80420869511724,228.898175045152,229.18377685546875,546100,OEF,2024,1,5,Tuesday,229.3832,229.6367950439453,-0.2,0.0,-0.32,-0.2,0.32
2024-01-31,227.51945510964367,228.3073019666913,225.1165289577664,225.1559295654297,607000,OEF,2024,1,5,Wednesday,226.5248,229.18377685546875,-1.76,-0.73,-1.77,-1.76,1.77
2024-02-01,226.04223706122363,227.98230365517352,225.93390793573153,227.9232177734375,555100,OEF,2024,2,5,Thursday,226.9704,225.1559295654297,1.23,0.39,0.35,1.23,-0.35
2024-02-02,228.63227278114272,232.2268040829473,228.4747004157726,231.32078552246094,566500,OEF,2024,2,5,Friday,230.1636,227.9232177734375,1.49,0.31,0.24,1.49,-0.24
2024-02-05,231.65561929342834,231.6950198988751,229.86328244573065,231.0253448486328,251200,OEF,2024,2,6,Monday,231.0598,231.32078552246094,-0.13,0.14,-0.63,-0.13,0.63
2024-02-06,231.52760748727,231.83289456172673,230.4049306503071,231.4586639404297,234800,OEF,2024,2,6,Tuesday,231.306,231.0253448486328,0.19,0.22,-0.27,0.19,0.27
2024-02-07,232.3843848406355,233.67447669647194,232.35484189942767,233.55630493164062,183200,OEF,2024,2,6,Wednesday,232.9925,231.4586639404297,0.91,0.4,0.39,0.91,-0.39
2024-02-08,233.6646231297514,233.75325194922965,233.10327721920035,233.4873504638672,162800,OEF,2024,2,6,Thursday,233.5021,233.55630493164062,-0.03,0.05,-0.19,-0.03,0.19
2024-02-09,233.8911297385804,235.2797080521227,233.7729579763821,235.05319213867188,291100,OEF,2024,2,6,Friday,234.4992,233.4873504638672,0.67,0.17,0.12,0.67,-0.12
2024-02-12,235.00397105271614,236.0971049670018,234.3638389252207,234.70852661132812,174900,OEF,2024,2,7,Monday,235.0434,235.05319213867188,-0.15,-0.02,-0.29,-0.15,0.29
2024-02-13,231.50790727228818,232.57149822775108,230.12917157731263,231.6950225830078,311700,OEF,2024,2,7,Tuesday,231.4759,234.70852661132812,-1.28,-1.36,-1.95,-1.28,1.95
2024-02-14,232.99495707412333,233.79264653401563,231.55715052410042,233.58584594726562,287900,OEF,2024,2,7,Wednesday,232.9827,231.6950225830078,0.82,0.56,-0.06,0.82,0.06
2024-02-15,233.60554613868052,234.62973648778612,233.03435756876323,234.53125,272200,OEF,2024,2,7,Thursday,233.9502,233.58584594726562,0.4,0.01,-0.24,0.4,0.24
2024-02-16,234.8070019911353,234.89564584388052,232.98512212155038,233.46768188476562,405200,OEF,2024,2,7,Friday,234.0389,234.53125,-0.45,0.12,-0.66,-0.45,0.66
2024-02-20,232.47299774154723,233.02448597555826,230.6215600757153,231.9116668701172,602200,OEF,2024,2,8,Tuesday,232.0077,233.46768188476562,-0.67,-0.43,-1.22,-0.67,1.22
2024-02-21,231.25188434568287,232.12836006965532,230.39509389951323,232.07911682128906,187600,OEF,2024,2,8,Wednesday,231.4636,231.9116668701172,0.07,-0.28,-0.65,0.07,0.65
2024-02-22,235.38805935809415,238.10611533328586,235.38805935809415,237.7811279296875,204400,OEF,2024,2,8,Thursday,236.6658,232.07911682128906,2.46,1.43,1.43,2.46,-1.43
2024-02-23,238.7265388926819,239.2681845465039,237.5349184542735,237.67279052734375,178700,OEF,2024,2,8,Friday,238.3006,237.7811279296875,-0.05,0.4,-0.1,-0.05,0.1
2024-02-26,238.10609573153528,238.33259662075585,236.60918827583916,236.6682891845703,231000,OEF,2024,2,9,Monday,237.429,237.67279052734375,-0.42,0.18,-0.45,-0.42,0.45
2024-02-27,236.66830500384287,237.01297767970772,235.7228857510183,236.89480590820312,291000,OEF,2024,2,9,Tuesday,236.5747,236.6682891845703,0.1,0.0,-0.4,0.1,0.4
2024-02-28,236.1660239041286,236.71751215797752,235.811493594236,236.27435302734375,133700,OEF,2024,2,9,Wednesday,236.2423,236.89480590820312,-0.26,-0.31,-0.46,-0.26,0.46
2024-02-29,237.16068391199045,238.22425980396127,235.98876387097454,237.49551391601562,185100,OEF,2024,2,9,Thursday,237.2173,236.27435302734375,0.52,0.38,-0.12,0.52,0.12
2024-03-01,237.9288614236761,239.9969426242695,237.86976050914797,239.84922790527344,202700,OEF,2024,3,9,Friday,238.9112,237.49551391601562,0.99,0.18,0.16,0.99,-0.16
2024-03-04,239.24846391613988,240.1249395262488,239.00226273322247,239.169677734375,163900,OEF,2024,3,10,Monday,239.3863,239.84922790527344,-0.28,-0.25,-0.35,-0.28,0.35
2024-03-05,237.86974928692842,237.9583931410737,235.34865135547128,236.48118591308594,231000,OEF,2024,3,10,Tuesday,236.9145,239.169677734375,-1.12,-0.54,-1.6,-1.12,1.6
2024-03-06,238.02732400111591,238.75608498377196,236.96373298329183,237.62355041503906,153600,OEF,2024,3,10,Wednesday,237.8427,236.48118591308594,0.48,0.65,0.2,0.48,-0.2
2024-03-07,238.9727368224986,240.62720167667467,238.37200529229517,240.08555603027344,166800,OEF,2024,3,10,Thursday,239.5144,237.62355041503906,1.04,0.57,0.31,1.04,-0.31
2024-03-08,240.62720959038722,242.04533095599353,238.01748279043755,238.31292724609375,230200,OEF,2024,3,10,Friday,239.7507,240.08555603027344,-0.74,0.23,-0.86,-0.74,0.86
2024-03-11,237.61370279577977,238.25381991000268,236.97358568155687,237.93869018554688,187400,OEF,2024,3,11,Monday,237.6949,238.31292724609375,-0.16,-0.29,-0.56,-0.16,0.56
2024-03-12,239.25830172264764,241.48396998851402,237.94850965274304,241.37564086914062,175300,OEF,2024,3,11,Tuesday,240.0166,237.93869018554688,1.44,0.55,0.0,1.44,-0.0
2024-03-13,241.23777317939562,241.37564524046522,240.21356784551205,240.83399963378906,135200,OEF,2024,3,11,Wednesday,240.9152,241.37564086914062,-0.22,-0.06,-0.48,-0.22,0.48
2024-03-14,241.4445965496957,241.6317118702953,239.46514426599626,240.71583557128906,279900,OEF,2024,3,11,Thursday,240.8143,240.83399963378906,-0.05,0.25,-0.57,-0.05,0.57
2024-03-15,238.44094463109556,239.52423597304065,237.8894563213524,238.50003051757812,254600,OEF,2024,3,11,Friday,238.5887,240.71583557128906,-0.92,-0.95,-1.17,-0.92,1.17
2024-03-18,240.89310768922218,241.91729809046228,240.32191909022958,240.4893341064453,149200,OEF,2024,3,12,Monday,240.9054,238.50003051757812,0.83,1.0,0.76,0.83,-0.76
2024-03-19,239.82948451075092,241.9369659423828,239.27799628967745,241.9369659423828,253900,OEF,2024,3,12,Tuesday,240.7454,240.4893341064453,0.6,-0.27,-0.5,0.6,0.5
2024-03-20,242.02563086760637,244.21189880371094,241.43475698269629,244.21189880371094,223300,OEF,2024,3,12,Wednesday,242.971,241.9369659423828,0.94,0.04,-0.21,0.94,0.21
2024-03-21,245.51970029589353,245.64811500533446,244.2454857476721,244.34425354003906,124200,OEF,2024,3,12,Thursday,244.9394,244.21189880371094,0.05,0.54,0.01,0.05,-0.01
2024-03-22,244.21587185891264,245.07522556921992,244.0380657041404,244.4529266357422,126100,OEF,2024,3,12,Friday,244.4455,244.34425354003906,0.04,-0.05,-0.13,0.04,0.13
2024-03-25,243.49477094246052,244.16646125910876,243.23795659700176,243.6824493408203,106100,OEF,2024,3,13,Monday,243.6454,244.4529266357422,-0.32,-0.39,-0.5,-0.32,0.5
2024-03-26,244.49242176142914,244.49242176142914,242.81321861142737,242.8724822998047,196500,OEF,2024,3,13,Tuesday,243.6676,243.6824493408203,-0.33,0.33,-0.36,-0.33,0.36
2024-03-27,244.21584589960585,244.63070678710938,242.8329612024457,244.63070678710938,201900,OEF,2024,3,13,Wednesday,244.0776,242.8724822998047,0.72,0.55,-0.02,0.72,0.02
2024-03-28,244.25535909369776,244.9369216743076,243.9590255709784,244.38377380371094,188600,OEF,2024,3,13,Thursday,244.3838,244.63070678710938,-0.1,-0.15,-0.27,-0.1,0.27
2024-04-01,244.57144422332146,245.29251088309545,243.3169742256281,244.0676727294922,252800,OEF,2024,4,14,Monday,244.3122,244.38377380371094,-0.13,0.08,-0.44,-0.13,0.44
2024-04-02,241.7760707968287,242.7934710233153,241.39084173118957,242.74407958984375,181900,OEF,2024,4,14,Tuesday,242.1761,244.0676727294922,-0.54,-0.94,-1.1,-0.54,1.1
2024-04-03,241.99336764374297,243.7120748850283,241.99336764374297,242.81321716308594,199100,OEF,2024,4,14,Wednesday,242.628,242.74407958984375,0.03,-0.31,-0.31,0.03,0.31
2024-04-04,244.7591054264457,245.06532626630718,239.7017364501953,239.7017364501953,265100,OEF,2024,4,14,Thursday,242.307,242.81321716308594,-1.28,0.8,-1.28,-1.28,1.28
2024-04-05,240.48210208540425,243.47503914146003,240.27466408897726,242.34898376464844,200700,OEF,2024,4,14,Friday,241.6452,239.7017364501953,1.1,0.33,0.24,1.1,-0.24
2024-04-08,242.8033369472365,243.26758927988942,241.92422371411368,242.4872589111328,120000,OEF,2024,4,15,Monday,242.6206,242.34898376464844,0.06,0.19,-0.18,0.06,0.18
2024-04-09,243.13915872354337,243.2873330104351,240.2054856944336,242.4674835205078,155400,OEF,2024,4,15,Tuesday,242.2749,242.4872589111328,-0.01,0.27,-0.94,-0.01,0.94
2024-04-10,240.11660688191867,241.45997245365962,239.74126515438817,240.6993865966797,317800,OEF,2024,4,15,Wednesday,240.5043,242.4674835205078,-0.73,-0.97,-1.12,-0.73,1.12
2024-04-11,241.58839268212108,243.91952666656474,240.11661236694354,243.3663787841797,261800,OEF,2024,4,15,Thursday,242.2477,240.6993865966797,1.11,0.37,-0.24,1.11,0.24
2024-04-12,241.59827683501035,242.3884945939592,239.33629376057124,240.166015625,257700,OEF,2024,4,15,Friday,240.8723,243.3663787841797,-1.32,-0.73,-1.66,-1.32,1.66
2024-04-15,241.9538547817757,241.98348662656056,236.62978396795805,236.9458770751953,731600,OEF,2024,4,16,Monday,239.3783,240.166015625,-1.34,0.74,-1.47,-1.34,1.47
2024-04-16,237.17306289405758,237.98302511642407,235.91859284940125,236.47174072265625,304200,OEF,2024,4,16,Tuesday,236.8866,236.9458770751953,-0.2,0.1,-0.43,-0.2,0.43
2024-04-17,237.82500316166832,238.131208955764,234.56536440978422,235.00985717773438,301200,OEF,2024,4,16,Wednesday,236.3829,236.47174072265625,-0.62,0.57,-0.81,-0.62,0.81
2024-04-18,235.50373394907757,236.7977081076311,234.3085426567957,234.71351623535156,180700,OEF,2024,4,16,Thursday,235.3309,235.00985717773438,-0.13,0.21,-0.3,-0.13,0.3
2024-04-19,234.2887716453039,234.8221599095754,231.0883968432295,231.80946350097656,287400,OEF,2024,4,16,Friday,233.0022,234.71351623535156,-1.24,-0.18,-1.54,-1.24,1.54
2024-04-22,233.07382757277617,235.23702760864865,231.7897256974236,233.91342163085938,134700,OEF,2024,4,17,Monday,233.5035,231.80946350097656,0.91,0.55,-0.01,0.91,0.01
2024-04-23,235.3160367163416,237.14341409109602,234.9999586994335,237.01499938964844,128700,OEF,2024,4,17,Tuesday,236.1186,233.91342163085938,1.33,0.6,0.46,1.33,-0.46
2024-04-24,237.884266952445,238.02255392635644,235.85933870633806,236.8569793701172,136800,OEF,2024,4,17,Wednesday,237.1558,237.01499938964844,-0.07,0.37,-0.49,-0.07,0.49
2024-04-25,232.58982269445463,235.63215112724788,232.4712953114073,235.42471313476562,159800,OEF,2024,4,17,Thursday,234.0295,236.8569793701172,-0.6,-1.8,-1.85,-0.6,1.85
2024-04-26,237.7854666368754,239.3263828251615,237.22244652445488,238.60531616210938,134000,OEF,2024,4,17,Friday,238.2349,235.42471313476562,1.35,1.0,0.76,1.35,-0.76
2024-04-29,239.44493833334633,239.6523612542329,237.81511145134766,239.12884521484375,111500,OEF,2024,4,18,Monday,239.0103,238.60531616210938,0.22,0.35,-0.33,0.22,0.33
2024-04-30,238.52629237113186,239.2770059489345,235.44446000122224,235.5234832763672,93100,OEF,2024,4,18,Tuesday,237.1928,239.12884521484375,-1.51,-0.25,-1.54,-1.51,1.54
2024-05-01,235.43459455203717,238.42753147601238,234.54559398506046,234.57522583007812,185800,OEF,2024,5,18,Wednesday,235.7457,235.5234832763672,-0.4,-0.04,-0.42,-0.4,0.42
2024-05-02,236.5211221134229,237.53852228113897,234.64436832711039,237.2915802001953,288800,OEF,2024,5,18,Thursday,236.4989,234.57522583007812,1.16,0.83,0.03,1.16,-0.03
2024-05-03,240.70927555945,241.15376830978917,239.21773568038302,240.7586669921875,228100,OEF,2024,5,18,Friday,240.4599,237.2915802001953,1.46,1.44,0.81,1.46,-0.81
2024-05-06,241.578532522144,243.26760809957386,241.4007263669592,243.2478485107422,299300,OEF,2024,5,19,Monday,242.3737,240.7586669921875,1.03,0.34,0.27,1.03,-0.27
2024-05-07,243.54415549271275,244.01828006791206,242.93174395507413,243.40586853027344,167400,OEF,2024,5,19,Tuesday,243.475,243.2478485107422,0.06,0.12,-0.13,0.06,0.13
2024-05-08,242.3983606706235,243.7120944585411,242.3983606706235,243.6034393310547,170000,OEF,2024,5,19,Wednesday,243.0281,243.40586853027344,0.08,-0.41,-0.41,0.08,0.41
2024-05-09,243.55406882001336,244.5319499187354,243.0996887108399,244.4529266357422,167300,OEF,2024,5,19,Thursday,243.9097,243.6034393310547,0.35,-0.02,-0.21,0.35,0.21
2024-05-10,245.1245953012509,245.64811131659638,244.13682695952005,244.80850219726562,111600,OEF,2024,5,19,Friday,244.9295,244.4529266357422,0.15,0.27,-0.13,0.15,0.13
2024-05-13,245.5394492545536,245.5394492545536,244.58131278438992,245.1443328857422,165000,OEF,2024,5,20,Monday,245.2011,244.80850219726562,0.14,0.3,-0.09,0.14,0.09
2024-05-14,244.8381279611048,246.63587353303876,244.8381279611048,246.3988037109375,124700,OEF,2024,5,20,Tuesday,245.6777,245.1443328857422,0.51,-0.12,-0.12,0.51,0.12
2024-05-15,247.42607770639947,249.58927754247853,246.92230624592898,249.5201416015625,142400,OEF,2024,5,20,Wednesday,248.3645,246.3988037109375,1.27,0.42,0.21,1.27,-0.21
2024-05-16,249.59918289837967,250.40914509528875,248.887988491648,249.0164031982422,152200,OEF,2024,5,20,Thursday,249.4782,249.5201416015625,-0.2,0.03,-0.25,-0.2,0.25
2024-05-17,249.223848964552,249.33250409421603,248.27559971671118,249.3226318359375,122700,OEF,2024,5,20,Friday,249.0386,249.0164031982422,0.12,0.08,-0.3,0.12,0.3
2024-05-20,249.26334541547584,250.36964112780737,249.26334541547584,249.63868713378906,151800,OEF,2024,5,21,Monday,249.6338,249.3226318359375,0.13,-0.02,-0.02,0.13,0.02
2024-05-21,249.15471209286528,250.6462369835223,249.15471209286528,250.517822265625,147300,OEF,2024,5,21,Tuesday,249.8684,249.63868713378906,0.35,-0.19,-0.19,0.35,0.19
2024-05-22,250.31038288343527,250.54743764286295,248.6114201041748,249.8560028076172,113000,OEF,2024,5,21,Wednesday,249.8313,250.517822265625,-0.26,-0.08,-0.76,-0.26,0.76
2024-05-23,251.515457572372,251.66361679470987,247.8211985498767,248.47312927246094,180900,OEF,2024,5,21,Thursday,249.8684,249.8560028076172,-0.55,0.66,-0.81,-0.55,0.81
2024-05-24,249.30285199901607,250.4980583282468,248.90775068986395,250.34988403320312,141300,OEF,2024,5,21,Friday,249.7646,248.47312927246094,0.76,0.33,0.17,0.76,-0.17
2024-05-28,250.91291550958968,251.42654418945312,249.8362365746157,251.42654418945312,134000,OEF,2024,5,22,Tuesday,250.9006,250.34988403320312,0.43,0.22,-0.21,0.43,0.21
2024-05-29,249.37201425505603,250.59683741191014,249.2929909752349,250.1918487548828,167200,OEF,2024,5,22,Wednesday,249.8634,251.42654418945312,-0.49,-0.82,-0.85,-0.49,0.85
2024-05-30,248.9077569527355,249.1645713029313,246.89270103777108,247.53475952148438,195400,OEF,2024,5,22,Thursday,248.1249,250.1918487548828,-1.06,-0.51,-1.32,-1.06,1.32
2024-05-31,248.08787177121533,249.40160532316287,245.05541607650963,249.16453552246094,167200,OEF,2024,5,22,Friday,247.9274,247.53475952148438,0.66,0.22,-1.0,0.66,1.0
2024-06-03,250.5178157653575,250.8536684748244,247.9990184133282,250.25112915039062,379600,OEF,2024,6,23,Monday,249.9054,249.16453552246094,0.44,0.54,-0.47,0.44,0.47
2024-06-04,250.08319643824188,251.30803468100368,249.20408316456238,250.91293334960938,129300,OEF,2024,6,23,Tuesday,250.3771,250.25112915039062,0.26,-0.07,-0.42,0.26,0.42
2024-06-05,252.14762230589398,254.3404541015625,251.73276142173245,254.3404541015625,166000,OEF,2024,6,23,Wednesday,253.1403,250.91293334960938,1.37,0.49,0.33,1.37,-0.33
2024-06-06,254.57755680395235,254.962770799197,253.71817298750113,254.4392547607422,171900,OEF,2024,6,23,Thursday,254.4244,254.3404541015625,0.04,0.09,-0.24,0.04,0.24
2024-06-07,254.35035850097503,255.861642920471,253.71817226689367,254.4096221923828,108300,OEF,2024,6,23,Friday,254.5849,254.4392547607422,-0.01,-0.03,-0.28,-0.01,0.28
2024-06-10,254.19232600302368,255.18009444018983,253.6885544538928,254.97267150878906,129500,OEF,2024,6,24,Monday,254.5084,254.4096221923828,0.22,-0.09,-0.28,0.22,0.28
2024-06-11,254.5657095524659,256.2589111328125,253.63493670293374,256.2589111328125,280500,OEF,2024,6,24,Tuesday,255.1796,254.97267150878906,0.5,-0.16,-0.52,0.5,0.52
2024-06-12,258.61552088270975,259.8532473938085,257.9917018862468,258.2689514160156,259400,OEF,2024,6,24,Wednesday,258.6824,256.2589111328125,0.78,0.92,0.68,0.78,-0.68
2024-06-13,260.1800057038148,260.1800057038148,258.12041201304623,259.5165710449219,248500,OEF,2024,6,24,Thursday,259.4992,258.2689514160156,0.48,0.74,-0.06,0.48,0.06
2024-06-14,259.08089054777054,260.33843994140625,258.8729609683394,260.33843994140625,118600,OEF,2024,6,24,Friday,259.6577,259.5165710449219,0.32,-0.17,-0.25,0.32,0.25
2024-06-17,260.2394541711764,263.1109738716908,259.6849550656123,262.3089294433594,283800,OEF,2024,6,25,Monday,261.3361,260.33843994140625,0.76,-0.04,-0.25,0.76,0.25
2024-06-18,262.25936917421734,262.7148742675781,261.7543973276502,262.7148742675781,170300,OEF,2024,6,25,Tuesday,262.3609,262.3089294433594,0.15,-0.02,-0.21,0.15,0.21
2024-06-20,263.3882113297867,263.74466207359484,260.8632612406783,261.7445068359375,180500,OEF,2024,6,25,Thursday,262.4352,262.7148742675781,-0.37,0.26,-0.7,-0.37,0.7
2024-06-21,261.7940366285522,262.31883148521433,260.8434408664241,261.3385314941406,219600,OEF,2024,6,25,Friday,261.5737,261.7445068359375,-0.16,0.02,-0.34,-0.16,0.34
2024-06-24,261.2098043503903,262.2792170334363,259.82355662971406,259.8829650878906,171900,OEF,2024,6,26,Monday,260.7989,261.3385314941406,-0.56,-0.05,-0.58,-0.56,0.58
2024-06-25,260.6255495283847,261.90289156262105,260.3978272230215,261.7642517089844,354500,OEF,2024,6,26,Tuesday,261.1726,259.8829650878906,0.72,0.29,0.2,0.72,-0.2
2024-06-26,261.5266104026865,263.1703145486558,261.27906514367777,262.982177734375,166500,OEF,2024,6,26,Wednesday,262.2395,261.7642517089844,0.47,-0.09,-0.19,0.47,0.19
2024-06-27,262.78421133433176,263.5862557138076,262.3188249471602,263.3782958984375,210600,OEF,2024,6,26,Thursday,263.0169,262.982177734375,0.15,-0.08,-0.25,0.15,0.25
2024-06-28,263.7149617692952,265.3586662876044,261.3880599818537,261.70489501953125,228700,OEF,2024,6,26,Friday,263.0416,263.3782958984375,-0.64,0.13,-0.76,-0.64,0.76
2024-07-01,262.4079337528603,263.51693188004197,261.29893562567867,263.41790771484375,217600,OEF,2024,7,27,Monday,262.6604,261.70489501953125,0.65,0.27,-0.16,0.65,0.16
2024-07-02,262.36831046207476,265.3190612792969,262.36831046207476,265.3190612792969,177700,OEF,2024,7,27,Tuesday,263.8437,263.41790771484375,0.72,-0.4,-0.4,0.72,0.4
2024-07-03,265.09132183835436,266.96274866197075,265.09132183835436,266.93304443359375,111600,OEF,2024,7,27,Wednesday,266.0196,265.3190612792969,0.61,-0.09,-0.09,0.61,0.09
2024-07-05,267.1607800997528,269.24016660842966,267.0617559387813,269.2302551269531,201800,OEF,2024,7,27,Friday,268.1732,266.93304443359375,0.86,0.09,0.05,0.86,-0.05
2024-07-08,269.5867347101528,269.8243685209471,268.7846903807911,269.3193664550781,199500,OEF,2024,7,28,Monday,269.3788,269.2302551269531,0.03,0.13,-0.17,0.03,0.17
2024-07-09,270.13130771304253,270.5372855965655,269.62630567437964,269.8441467285156,126700,OEF,2024,7,28,Tuesday,270.0348,269.3193664550781,0.19,0.3,0.11,0.19,-0.11
2024-07-10,270.7254534632793,272.86424854419954,270.45811540988916,272.8048400878906,184800,OEF,2024,7,28,Wednesday,271.7132,269.8441467285156,1.1,0.33,0.23,1.1,-0.23
2024-07-11,272.745420568824,272.745420568824,267.96282850441014,268.5074462890625,254100,OEF,2024,7,28,Thursday,270.4903,272.8048400878906,-1.58,-0.02,-1.77,-1.58,1.77
2024-07-12,268.58662238175907,271.75521397721315,268.38857407531987,269.9728698730469,267900,OEF,2024,7,28,Friday,269.6758,268.5074462890625,0.55,0.03,-0.04,0.55,0.04
2024-07-15,271.2699915278242,272.6067419865978,269.7946314356126,270.864013671875,187500,OEF,2024,7,29,Monday,271.1338,269.9728698730469,0.33,0.48,-0.07,0.33,0.07
2024-07-16,271.68590381180906,271.68590381180906,270.2105435949819,271.6264953613281,144700,OEF,2024,7,29,Tuesday,271.3022,270.864013671875,0.28,0.3,-0.24,0.28,0.24
2024-07-17,268.1212355508429,268.7648472186602,266.99244481647446,267.46771240234375,385100,OEF,2024,7,29,Wednesday,267.8366,271.6264953613281,-1.53,-1.29,-1.71,-1.53,1.71
2024-07-18,268.6460420795519,268.6460420795519,264.19022695944415,265.5269775390625,181100,OEF,2024,7,29,Thursday,266.7523,267.46771240234375,-0.73,0.44,-1.23,-0.73,1.23
2024-07-19,264.9526671874667,266.25971359904236,263.00200905165394,263.3584899902344,172200,OEF,2024,7,29,Friday,264.3932,265.5269775390625,-0.82,-0.22,-0.95,-0.82,0.95
2024-07-22,265.65571382450486,266.6557762552417,264.497188562924,266.1309814453125,154600,OEF,2024,7,30,Monday,265.7349,263.3584899902344,1.05,0.87,0.43,1.05,-0.43
2024-07-23,266.3587539018338,267.45784057503624,265.7943433420054,266.16070556640625,85600,OEF,2024,7,30,Tuesday,266.4429,266.1309814453125,0.01,0.09,-0.13,0.01,0.13
2024-07-24,262.6653678898811,263.1208730193323,258.62544170759935,259.0115966796875,175100,OEF,2024,7,30,Wednesday,260.8558,266.16070556640625,-2.69,-1.31,-2.83,-2.69,2.83
2024-07-25,258.94230160483977,261.5266600953397,255.9717579323022,257.3183898925781,247500,OEF,2024,7,30,Thursday,258.4398,259.0115966796875,-0.65,-0.03,-1.17,-0.65,1.17
2024-07-26,258.98187013935024,261.2989206439953,258.6848278787193,259.6156005859375,156800,OEF,2024,7,30,Friday,259.6453,257.3183898925781,0.89,0.65,0.53,0.89,-0.53
2024-07-29,260.9325348316287,261.279104289751,259.31856488413786,259.8532409667969,133700,OEF,2024,7,31,Monday,260.3459,259.6156005859375,0.09,0.51,-0.11,0.09,0.11
2024-07-30,260.44733817609307,260.99192570364823,256.12025152667627,257.8233642578125,133700,OEF,2024,7,31,Tuesday,258.8457,259.8532409667969,-0.78,0.23,-1.44,-0.78,1.44
2024-07-31,261.8633146913479,264.04172544348046,261.1702059741657,262.5960693359375,182200,OEF,2024,7,31,Wednesday,262.4178,257.8233642578125,1.85,1.57,1.3,1.85,-1.3
2024-08-01,264.17046151818363,265.62602914990794,257.4768266650932,258.87298583984375,391900,OEF,2024,8,31,Thursday,261.5366,262.5960693359375,-1.42,0.6,-1.95,-1.42,1.95
2024-08-02,254.8825483776968,256.4668443540849,252.44669595806914,254.16961669921875,567100,OEF,2024,8,31,Friday,254.4914,258.87298583984375,-1.82,-1.54,-2.48,-1.82,2.48
2024-08-05,241.07940948621444,249.17908416478514,240.63383098369297,246.29766845703125,641900,OEF,2024,8,32,Monday,244.2975,254.16961669921875,-3.1,-5.15,-5.33,-3.1,5.33
2024-08-06,247.1492276198558,251.79316464464154,245.6441480015412,247.9413604736328,356600,OEF,2024,8,32,Tuesday,248.132,246.29766845703125,0.67,0.35,-0.27,0.67,0.27
2024-08-07,251.09014563774818,252.76355425071742,246.08972765296662,246.258056640625,332400,OEF,2024,8,32,Wednesday,249.0504,247.9413604736328,-0.68,1.27,-0.75,-0.68,0.75
2024-08-08,249.60488046429052,252.66453676765408,247.95127966173837,252.11993408203125,270900,OEF,2024,8,32,Thursday,250.5852,246.258056640625,2.38,1.36,0.69,2.38,-0.69
2024-08-09,251.92188839967835,254.35774069624892,251.62483103049186,253.53587341308594,512800,OEF,2024,8,32,Friday,252.8601,252.11993408203125,0.56,-0.08,-0.2,0.56,0.2
2024-08-12,254.3577435222753,255.42712588888324,253.08040135327127,254.04087829589844,209700,OEF,2024,8,33,Monday,254.2265,253.53587341308594,0.2,0.32,-0.18,0.2,0.18
2024-08-13,255.91234560842108,259.10073031080606,255.91234560842108,258.9521789550781,165900,OEF,2024,8,33,Tuesday,257.4694,254.04087829589844,1.93,0.74,0.74,1.93,-0.74
2024-08-14,259.2789545407994,260.3681599097513,257.79368273348297,259.9522705078125,150200,OEF,2024,8,33,Wednesday,259.3483,258.9521789550781,0.39,0.13,-0.45,0.39,0.45
2024-08-15,262.60591508548333,264.7744140625,262.30887284942423,264.7744140625,331900,OEF,2024,8,33,Thursday,263.6159,259.9522705078125,1.86,1.02,0.91,1.86,-0.91
2024-08-16,263.784246243269,265.7547272345952,263.7545420181701,265.4774475097656,147100,OEF,2024,8,33,Friday,264.6927,264.7744140625,0.27,-0.37,-0.39,0.27,0.39
2024-08-19,265.5567083637336,268.29949951171875,265.3190745365965,268.29949951171875,217000,OEF,2024,8,34,Monday,266.8687,265.4774475097656,1.06,0.03,-0.06,1.06,0.06
2024-08-20,268.042041105206,269.00251799972847,267.3191980095989,267.93310546875,231200,OEF,2024,8,34,Tuesday,268.0742,268.29949951171875,-0.14,-0.1,-0.37,-0.14,0.37
2024-08-21,268.1410787931205,269.44812533627413,267.34894585553724,268.63616943359375,96600,OEF,2024,8,34,Wednesday,268.3936,267.93310546875,0.26,0.08,-0.22,0.26,0.22
2024-08-22,269.65604413937467,269.93329367821315,265.25966722863126,266.16070556640625,206200,OEF,2024,8,34,Thursday,267.7524,268.63616943359375,-0.92,0.38,-1.26,-0.92,1.26
2024-08-23,267.3984388397566,269.4283285661483,266.1508309925883,268.4480285644531,186300,OEF,2024,8,34,Friday,267.8564,266.16070556640625,0.86,0.47,-0.0,0.86,0.0
2024-08-26,268.92330804604364,269.5669197814142,267.03205833095666,268.1014709472656,341300,OEF,2024,8,35,Monday,268.4059,268.4480285644531,-0.13,0.18,-0.53,-0.13,0.53
2024-08-27,267.2994250785789,268.7549926406852,266.6756060922574,268.4183044433594,125500,OEF,2024,8,35,Tuesday,267.7871,268.1014709472656,0.12,-0.3,-0.53,0.12,0.53
2024-08-28,268.1014867173394,268.4381447184447,264.8140776929935,266.57659912109375,134300,OEF,2024,8,35,Wednesday,266.9826,268.4183044433594,-0.69,-0.12,-1.34,-0.69,1.34
2024-08-29,267.4677227440347,268.9034974736968,265.3685435774698,266.0715637207031,333000,OEF,2024,8,35,Thursday,266.9528,266.57659912109375,-0.19,0.33,-0.45,-0.19,0.45
2024-08-30,267.0617692151176,268.8539948114526,265.5567046344961,268.5668640136719,205200,OEF,2024,8,35,Friday,267.5098,266.0715637207031,0.94,0.37,-0.19,0.94,0.19
2024-09-03,267.19048897083184,267.19048897083184,261.31872176011996,262.4970397949219,274800,OEF,2024,9,36,Tuesday,264.5492,268.5668640136719,-2.26,-0.51,-2.7,-2.26,2.7
2024-09-04,261.45732084820764,263.9327737258386,261.30879971913595,262.0712585449219,464900,OEF,2024,9,36,Wednesday,262.1925,262.4970397949219,-0.16,-0.4,-0.45,-0.16,0.45
2024-09-05,261.94255517223104,264.2694871429794,260.74441410814205,261.7445068359375,299200,OEF,2024,9,36,Thursday,262.1752,262.0712585449219,-0.12,-0.05,-0.51,-0.12,0.51
2024-09-06,261.9227157584356,262.5168305120708,256.28858240737065,256.8926086425781,358900,OEF,2024,9,36,Friday,259.4052,261.7445068359375,-1.85,0.07,-2.08,-1.85,2.08
2024-09-09,258.7838626279668,260.08099758235375,257.69465726453035,259.5859069824219,158400,OEF,2024,9,37,Monday,259.0364,256.8926086425781,1.05,0.74,0.31,1.05,-0.31
2024-09-10,260.655280147741,261.33850756887574,258.41749126352454,261.12066650390625,316000,OEF,2024,9,37,Tuesday,260.383,259.5859069824219,0.59,0.41,-0.45,0.59,0.45
2024-09-11,261.56624768177,265.2497226483873,257.2886580009377,264.5169982910156,274900,OEF,2024,9,37,Wednesday,262.1554,261.12066650390625,1.3,0.17,-1.47,1.3,1.47
2024-09-12,265.3586494635892,267.53706018538765,264.3288827750409,267.19049072265625,218600,OEF,2024,9,37,Thursday,266.1038,264.5169982910156,1.01,0.32,-0.07,1.01,0.07
2024-09-13,267.49743947112194,268.5965562931686,267.1409887512786,268.2301940917969,156400,OEF,2024,9,37,Friday,267.8663,267.19049072265625,0.39,0.11,-0.02,0.39,0.02
2024-09-16,267.3389788175454,268.1608460319829,266.61616597213964,268.0519104003906,156400,OEF,2024,9,38,Monday,267.542,268.2301940917969,-0.07,-0.33,-0.6,-0.07,0.6
2024-09-17,269.29959240868044,269.8837957127339,266.9924834208784,268.07177734375,194200,OEF,2024,9,38,Tuesday,268.5619,268.0519104003906,0.01,0.47,-0.4,0.01,0.4
2024-09-18,268.636126955629,270.6264006853592,267.1112697810017,267.3885192871094,281400,OEF,2024,9,38,Wednesday,268.4406,268.07177734375,-0.25,0.21,-0.36,-0.25,0.36
2024-09-19,271.9334598434173,273.39890863711196,271.0026871251853,272.280029296875,213000,OEF,2024,9,38,Thursday,272.1538,267.3885192871094,1.83,1.7,1.35,1.83,-1.35
2024-09-20,272.07207341378705,272.6463954233184,270.5868016357969,271.7849426269531,184500,OEF,2024,9,38,Friday,271.7726,272.280029296875,-0.18,-0.08,-0.62,-0.18,0.62
2024-09-23,272.24041088893483,272.8048214031454,271.67600037472425,272.458251953125,210800,OEF,2024,9,39,Monday,272.2949,271.7849426269531,0.25,0.17,-0.04,0.25,0.04
2024-09-24,273.00282243501505,273.5177359461408,271.23042002412484,273.3890075683594,262100,OEF,2024,9,39,Tuesday,272.785,272.458251953125,0.34,0.2,-0.45,0.34,0.45
2024-09-25,273.3423442577363,274.08722746856404,272.66699075416915,273.2132263183594,313900,OEF,2024,9,39,Wednesday,273.3274,273.3890075683594,-0.06,-0.02,-0.26,-0.06,0.26
2024-09-26,275.1797476454319,275.1896588118759,272.776244318696,274.16668701171875,302200,OEF,2024,9,39,Thursday,274.3281,273.2132263183594,0.35,0.72,-0.16,0.35,0.16
2024-09-27,274.474538585135,274.5738624039695,272.8953898866018,273.4913024902344,185400,OEF,2024,9,39,Friday,273.8588,274.16668701171875,-0.25,0.11,-0.46,-0.25,0.46
2024-09-30,272.8259131509126,274.9413560899727,271.9121763748706,274.8718566894531,193400,OEF,2024,9,40,Monday,273.6378,273.4913024902344,0.5,-0.24,-0.58,0.5,0.58
2024-10-01,274.4745443616452,274.4745443616452,270.4422457689716,271.8128356933594,236400,OEF,2024,10,40,Tuesday,272.801,274.8718566894531,-1.11,-0.14,-1.61,-1.11,1.61
2024-10-02,271.5645574967602,272.428617202542,270.4025566198041,271.7929992675781,158100,OEF,2024,10,40,Wednesday,271.5472,271.8128356933594,-0.01,-0.09,-0.52,-0.01,0.52
2024-10-03,271.10770596634507,272.73650156128303,270.48199919357484,271.7532653808594,222700,OEF,2024,10,40,Thursday,271.5199,271.7929992675781,-0.01,-0.25,-0.48,-0.01,0.48
2024-10-04,273.7098214309798,274.5242343678297,271.9022308568131,274.44476318359375,131200,OEF,2024,10,40,Friday,273.6453,271.7532653808594,0.99,0.72,0.05,0.99,-0.05
2024-10-07,273.6998760757079,274.1368766546825,271.5943443639442,271.7830505371094,109300,OEF,2024,10,41,Monday,272.8035,274.44476318359375,-0.97,-0.27,-1.04,-0.97,1.04
2024-10-08,273.1834105702931,275.2293538692755,273.09402822919657,275.08038330078125,169600,OEF,2024,10,41,Tuesday,274.1468,271.7830505371094,1.21,0.52,0.48,1.21,-0.48
2024-10-09,274.9711106948919,277.0269954135312,274.61358134001836,276.798583984375,133400,OEF,2024,10,41,Wednesday,275.8526,275.08038330078125,0.62,-0.04,-0.17,0.62,0.17
2024-10-10,276.12326070999336,277.1164384368525,275.606819203403,276.4609375,219300,OEF,2024,10,41,Thursday,276.3269,276.798583984375,-0.12,-0.24,-0.43,-0.12,0.43
2024-10-11,276.19276088859954,277.9010276084874,276.0239376663399,277.4739685058594,337900,OEF,2024,10,41,Friday,276.8979,276.4609375,0.37,-0.1,-0.16,0.37,0.16
2024-10-14,278.43734479941253,280.2548464620024,278.3678150935177,279.69866943359375,145000,OEF,2024,10,42,Monday,279.1897,277.4739685058594,0.8,0.35,0.32,0.8,-0.32
2024-10-15,279.73840151949236,280.0164900302128,276.9078393475388,277.5434875488281,239800,OEF,2024,10,42,Tuesday,278.5516,279.69866943359375,-0.77,0.01,-1.0,-0.77,1.0
2024-10-16,277.6030874146752,278.8743535611641,276.76882184754584,278.6558532714844,269300,OEF,2024,10,42,Wednesday,277.9755,277.5434875488281,0.4,0.02,-0.28,0.4,0.28
2024-10-17,280.8209534787312,280.8209534787312,278.91403923834804,278.9239807128906,300000,OEF,2024,10,42,Thursday,279.87,278.6558532714844,0.1,0.78,0.09,0.1,-0.09
2024-10-18,279.9271295851966,280.5131007675809,279.3709525202428,280.1456298828125,138400,OEF,2024,10,42,Friday,279.9892,278.9239807128906,0.44,0.36,0.16,0.44,-0.16
2024-10-21,279.649039363871,280.57268730801513,278.55653788238925,280.35418701171875,170200,OEF,2024,10,43,Monday,279.7831,280.1456298828125,0.07,-0.18,-0.57,0.07,0.57
2024-10-22,279.04317678793694,281.46653261555554,278.88426473095166,280.8905029296875,186800,OEF,2024,10,43,Tuesday,280.0711,280.35418701171875,0.19,-0.47,-0.52,0.19,0.52
2024-10-23,279.9370405926811,279.9370405926811,275.88488907754737,277.57330322265625,210200,OEF,2024,10,43,Wednesday,278.3331,280.8905029296875,-1.18,-0.34,-1.78,-1.18,1.78
2024-10-24,278.46714687062797,278.6558530438052,276.9376448441193,278.48699951171875,150500,OEF,2024,10,43,Thursday,278.1369,277.57330322265625,0.33,0.32,-0.23,0.33,0.23
2024-10-25,279.4603320131558,281.22818701782285,278.28838966037824,278.8346252441406,138100,OEF,2024,10,43,Friday,279.4529,278.48699951171875,0.12,0.35,-0.07,0.12,0.07
2024-10-28,280.5230255195997,280.5230255195997,279.4503767372949,279.658935546875,132300,OEF,2024,10,44,Monday,280.0388,278.8346252441406,0.3,0.61,0.22,0.3,-0.22
2024-10-29,279.26168022682367,280.87062314655225,278.467150242313,280.4733581542969,282100,OEF,2024,10,44,Tuesday,279.7682,279.658935546875,0.29,-0.14,-0.43,0.29,0.43
2024-10-30,280.1357039839304,281.24805817568955,279.0233497921712,279.4504089355469,283700,OEF,2024,10,44,Wednesday,279.9644,280.4733581542969,-0.36,-0.12,-0.52,-0.36,0.52
2024-10-31,277.23561014952986,277.23561014952986,273.12384033203125,273.12384033203125,193200,OEF,2024,10,44,Thursday,275.1797,279.4504089355469,-2.26,-0.79,-2.26,-2.26,2.26
2024-11-01,274.8718530703175,276.9078551065295,274.6136171851756,274.9512939453125,266800,OEF,2024,11,44,Friday,275.3362,273.12384033203125,0.67,0.64,0.55,0.67,-0.55
2024-11-04,274.6930590430316,275.13005963050796,272.95499816855215,273.8985290527344,224300,OEF,2024,11,45,Monday,274.1692,274.9512939453125,-0.38,-0.09,-0.73,-0.38,0.73
2024-11-05,274.2759276739909,276.9475778234627,274.24613355858094,276.7886657714844,125400,OEF,2024,11,45,Tuesday,275.5646,273.8985290527344,1.06,0.14,0.13,1.06,-0.13
2024-11-06,283.14498641712413,284.47584070792624,281.4963080334629,284.23748779296875,275700,OEF,2024,11,45,Wednesday,283.3387,276.7886657714844,2.69,2.3,1.7,2.69,-1.7
2024-11-07,285.13135832087255,287.26668413474965,285.13135832087255,287.1276550292969,256000,OEF,2024,11,45,Thursday,286.1643,284.23748779296875,1.02,0.31,0.31,1.02,-0.31
2024-11-08,287.0581205132883,288.4187689757772,286.9190914101644,287.92218017578125,272500,OEF,2024,11,45,Friday,287.5795,287.1276550292969,0.28,-0.02,-0.07,0.28,0.07
2024-11-11,288.4187830632098,288.5181068899353,286.4920160003651,287.6043701171875,182600,OEF,2024,11,46,Monday,287.7583,287.92218017578125,-0.11,0.17,-0.5,-0.11,0.5
2024-11-12,287.7732180632318,288.0711592282441,285.82659839660795,287.217041015625,250200,OEF,2024,11,46,Tuesday,287.222,287.6043701171875,-0.13,0.06,-0.62,-0.13,0.62
2024-11-13,287.16739450273195,288.3194538813455,286.0351574559683,287.5547180175781,131400,OEF,2024,11,46,Wednesday,287.2692,287.217041015625,0.12,-0.02,-0.41,0.12,0.41
2024-11-14,287.47525765544134,287.7036690968696,285.42931430097104,285.7570495605469,127100,OEF,2024,11,46,Thursday,286.5913,287.5547180175781,-0.63,-0.03,-0.74,-0.63,0.74
2024-11-15,283.93954794036534,283.93954794036534,280.5329258652814,281.62542724609375,185200,OEF,2024,11,46,Friday,282.5094,285.7570495605469,-1.45,-0.64,-1.83,-1.45,1.83
2024-11-18,281.714831876813,283.33371628153986,281.2977142407414,282.66827392578125,220100,OEF,2024,11,47,Monday,282.2536,281.62542724609375,0.37,0.03,-0.12,0.37,0.12
2024-11-19,281.28777585113346,284.51560322058464,281.06927555528785,284.31695556640625,225900,OEF,2024,11,47,Tuesday,282.7974,282.66827392578125,0.58,-0.49,-0.57,0.58,0.57
2024-11-20,284.2672889291324,284.28714156941135,281.0494032602254,284.0785827636719,383600,OEF,2024,11,47,Wednesday,283.4206,284.31695556640625,-0.08,-0.02,-1.15,-0.08,1.15
2024-11-21,285.2803303397063,285.6180070939375,281.31756132837916,284.5155944824219,247700,OEF,2024,11,47,Thursday,284.1829,284.0785827636719,0.15,0.42,-0.97,0.15,0.97
2024-11-22,284.15805482430966,285.24064518051716,283.8203780462564,284.9228210449219,881800,OEF,2024,11,47,Friday,284.5355,284.5155944824219,0.14,-0.13,-0.24,0.14,0.24
2024-11-25,286.5019414569723,287.39579522877204,284.15802657668377,285.38958740234375,146500,OEF,2024,11,48,Monday,285.8613,284.9228210449219,0.16,0.55,-0.27,0.16,0.27
2024-11-26,286.02523720247086,287.634180233037,286.02523720247086,287.2468566894531,156100,OEF,2024,11,48,Tuesday,286.7329,285.38958740234375,0.65,0.22,0.22,0.65,-0.22
2024-11-27,287.0382702647041,287.0382702647041,285.44918002959935,286.49200439453125,92200,OEF,2024,11,48,Wednesday,286.5044,287.2468566894531,-0.26,-0.07,-0.63,-0.26,0.63
2024-11-29,286.5913224630902,288.7862364466695,286.56152834781534,288.17047119140625,54200,OEF,2024,11,48,Friday,287.5274,286.49200439453125,0.59,0.03,0.02,0.59,-0.02
2024-12-02,288.98487832438076,289.99790853289556,288.98487832438076,289.68011474609375,192300,OEF,2024,12,49,Monday,289.4119,288.17047119140625,0.52,0.28,0.28,0.52,-0.28
2024-12-03,289.67016486529286,290.4051065456696,289.2331643230761,290.38525390625,106900,OEF,2024,12,49,Tuesday,289.9234,289.68011474609375,0.24,-0.0,-0.15,0.24,0.15
2024-12-04,291.57707938617705,292.8980226259332,291.3287849751798,292.78875732421875,166500,OEF,2024,12,49,Wednesday,292.1482,290.38525390625,0.83,0.41,0.32,0.83,-0.32
2024-12-05,293.1562318445092,293.81170235766393,292.76887805008965,293.0469665527344,151800,OEF,2024,12,49,Thursday,293.1959,292.78875732421875,0.09,0.13,-0.01,0.09,0.01
2024-12-06,293.16616529309334,294.25866674701433,293.0767829435965,293.9209899902344,127000,OEF,2024,12,49,Friday,293.6057,293.0469665527344,0.3,0.04,0.01,0.3,-0.01
2024-12-09,293.51377526245477,293.7124229064395,292.153126798347,292.5603332519531,103400,OEF,2024,12,50,Monday,292.9849,293.9209899902344,-0.46,-0.14,-0.6,-0.46,0.6
2024-12-10,293.176110671884,293.9209939036511,291.8452562682518,292.1134033203125,97800,OEF,2024,12,50,Tuesday,292.7639,292.5603332519531,-0.15,0.21,-0.24,-0.15,0.24
2024-12-11,293.61311384297437,295.72858708930886,293.60317236746295,295.3213806152344,116800,OEF,2024,12,50,Wednesday,294.5666,292.1134033203125,1.1,0.51,0.51,1.1,-0.51
2024-12-12,294.8247760264592,294.9240998481336,293.55350991340157,293.61309814453125,318200,OEF,2024,12,50,Thursday,294.2289,295.3213806152344,-0.58,-0.17,-0.6,-0.58,0.6
2024-12-13,294.7353992929819,295.4206942733993,292.9873969882215,294.00042724609375,199700,OEF,2024,12,50,Friday,294.286,293.61309814453125,0.13,0.38,-0.21,0.13,0.21
2024-12-16,294.9538995806726,296.403930414733,294.52681017027686,296.0662536621094,201000,OEF,2024,12,51,Monday,295.4877,294.00042724609375,0.7,0.32,0.18,0.7,-0.18
2024-12-17,294.67522661312773,295.4618588530435,294.1275893346574,295.2925720214844,130000,OEF,2024,12,51,Tuesday,294.8893,296.0662536621094,-0.26,-0.47,-0.65,-0.26,0.65
2024-12-18,295.2626834191425,296.48743756190487,286.271277214635,286.50030517578125,286400,OEF,2024,12,51,Wednesday,291.1304,295.2925720214844,-2.98,-0.01,-3.06,-2.98,3.06
2024-12-19,289.8459438015954,290.02516722955767,286.87866870544684,287.1575012207031,228200,OEF,2024,12,51,Thursday,288.4768,286.50030517578125,0.23,1.17,0.13,0.23,-0.13
2024-12-20,285.6738339165406,292.5841760113613,284.78765342091043,289.9056701660156,322900,OEF,2024,12,51,Friday,288.2378,287.1575012207031,0.96,-0.52,-0.83,0.96,0.83
2024-12-23,290.51307011863236,292.6538752553807,288.96967635984134,292.3352355957031,171800,OEF,2024,12,52,Monday,291.118,289.9056701660156,0.84,0.21,-0.32,0.84,0.32
2024-12-24,293.09202680447754,296.238525390625,293.0123516879326,296.238525390625,100300,OEF,2024,12,52,Tuesday,294.6454,292.3352355957031,1.34,0.26,0.23,1.34,-0.23
2024-12-26,295.2029670774827,296.4874624680728,294.3366900886501,295.8203125,109500,OEF,2024,12,52,Thursday,295.4619,296.238525390625,-0.14,-0.35,-0.64,-0.14,0.64
2024-12-27,294.2569986204734,294.2569986204734,290.23428661108767,292.6240234375,162300,OEF,2024,12,52,Friday,292.8431,295.8203125,-1.08,-0.53,-1.89,-1.08,1.89
2024-12-30,288.7904790654555,290.9014138242247,287.42633898382553,289.19873046875,226200,OEF,2024,12,1,Monday,289.0792,292.6240234375,-1.17,-1.31,-1.78,-1.17,1.78
2024-12-31,289.85589290597613,289.9654081983681,286.76913571494754,287.6155090332031,232300,OEF,2024,12,1,Tuesday,288.5515,289.19873046875,-0.55,0.23,-0.84,-0.55,0.84
2025-01-02,288.82035269459715,289.8957540578681,284.4690338583457,286.8388671875,418500,OEF,2025,1,1,Thursday,287.506,287.6155090332031,-0.27,0.42,-1.09,-0.27,1.09
2025-01-03,288.22290302946396,290.5130915669345,287.4661717657991,290.21435546875,148100,OEF,2025,1,1,Friday,289.1041,286.8388671875,1.18,0.48,0.22,1.18,-0.22
2025-01-06,292.7335507032863,294.58561733080626,291.50882686277106,292.484619140625,331000,OEF,2025,1,2,Monday,292.8282,290.21435546875,0.78,0.87,0.45,0.78,-0.45
2025-01-07,293.599828655361,293.7292779303198,287.6155345323556,288.4320373535156,194100,OEF,2025,1,2,Tuesday,290.8442,292.484619140625,-1.39,0.38,-1.66,-1.39,1.66
2025-01-08,288.7406979450546,289.2584646360092,286.67953739294165,288.5216369628906,242100,OEF,2025,1,2,Wednesday,288.3001,288.4320373535156,0.03,0.11,-0.61,0.03,0.61
2025-01-10,287.09770146098117,287.09770146098117,282.96544410224425,284.4988708496094,380300,OEF,2025,1,2,Friday,285.4149,288.5216369628906,-1.39,-0.49,-1.93,-1.39,1.93
2025-01-13,281.4021827128394,284.32962033739335,281.063639432149,284.2300720214844,195600,OEF,2025,1,3,Monday,282.7564,284.4988708496094,-0.09,-1.09,-1.21,-0.09,1.21
2025-01-14,285.7037142655619,285.7236482375481,282.019545519265,283.5728759765625,212300,OEF,2025,1,3,Tuesday,284.2549,284.2300720214844,-0.23,0.52,-0.78,-0.23,0.78
2025-01-15,287.3864717979934,289.9653988373827,286.9384132701942,289.6965637207031,158100,OEF,2025,1,3,Wednesday,288.4967,283.5728759765625,2.16,1.34,1.19,2.16,-1.19
2025-01-16,290.2442163414289,290.2442163414289,287.2869083524206,287.5458068847656,146900,OEF,2025,1,3,Thursday,288.8303,289.6965637207031,-0.74,0.19,-0.83,-0.74,0.83
2025-01-17,291.20014607983785,291.8274280751381,289.9355543288126,290.9611511230469,185200,OEF,2025,1,3,Friday,290.9811,287.5458068847656,1.19,1.27,0.83,1.19,-0.83
2025-01-21,291.90707575493917,293.2015075683594,290.83167451833316,293.2015075683594,318800,OEF,2025,1,4,Tuesday,292.2854,290.9611511230469,0.77,0.33,-0.04,0.77,0.04
2025-01-22,294.7748117587453,296.0692437473286,294.7150706138663,295.5713806152344,146000,OEF,2025,1,4,Wednesday,295.2826,293.2015075683594,0.81,0.54,0.52,0.81,-0.52
2025-01-23,295.3025233053937,297.3138792687578,295.0037872162603,297.2441711425781,203200,OEF,2025,1,4,Thursday,296.2161,295.5713806152344,0.57,-0.09,-0.19,0.57,0.19
2025-01-24,297.70225700740343,298.170249579007,295.8501903074057,296.746337890625,201700,OEF,2025,1,4,Friday,297.1173,297.2441711425781,-0.17,0.15,-0.47,-0.17,0.47
2025-01-27,288.7804788632987,292.0663932970533,288.09342540838406,291.60833740234375,229300,OEF,2025,1,5,Monday,290.1372,296.746337890625,-1.73,-2.68,-2.92,-1.73,2.92
2025-01-28,292.2157696026488,295.7008113082918,291.1304316893496,295.3821716308594,157700,OEF,2025,1,5,Tuesday,293.6073,291.60833740234375,1.29,0.21,-0.16,1.29,0.16
2025-01-29,294.64532997287824,294.7548452640217,292.245626294496,294.0279846191406,172200,OEF,2025,1,5,Wednesday,293.9184,295.3821716308594,-0.46,-0.25,-1.06,-0.46,1.06
2025-01-30,294.30678758286666,295.4817371554718,292.1659824222707,294.62542724609375,322100,OEF,2025,1,5,Thursday,294.145,294.0279846191406,0.2,0.09,-0.63,0.2,0.63
2025-01-31,296.626838917183,297.64249912325073,292.98247725568507,293.3011169433594,253900,OEF,2025,1,5,Friday,295.1382,294.62542724609375,-0.45,0.68,-0.56,-0.45,0.56
2025-02-03,288.5116671799401,292.20580288288375,287.5358445620965,290.9810791015625,291000,OEF,2025,2,6,Monday,289.8086,293.3011169433594,-0.79,-1.63,-1.97,-0.79,1.97
2025-02-04,290.88151572800007,293.5898923570202,290.6226171778172,293.4305725097656,225500,OEF,2025,2,6,Tuesday,292.1311,290.9810791015625,0.84,-0.03,-0.12,0.84,0.12
2025-02-05,292.3252835560809,294.336669921875,291.5187477674522,294.336669921875,222600,OEF,2025,2,6,Wednesday,293.1293,293.4305725097656,0.31,-0.38,-0.65,0.31,0.65
2025-02-06,294.7150524113079,295.5813293457031,293.7193262086188,295.5813293457031,193600,OEF,2025,2,6,Thursday,294.8993,294.336669921875,0.42,0.13,-0.21,0.42,0.21
2025-02-07,295.60124077840163,296.18871560712705,291.7278815484249,292.255615234375,291800,OEF,2025,2,6,Friday,293.9434,295.5813293457031,-1.13,0.01,-1.3,-1.13,1.3
2025-02-10,293.47040475058265,294.64535441724655,293.26128036207643,294.04791259765625,281600,OEF,2025,2,7,Monday,293.8562,292.255615234375,0.61,0.42,0.34,0.61,-0.34
2025-02-11,293.1417688655324,295.17305869487075,293.1417688655324,294.8942565917969,244600,OEF,2025,2,7,Tuesday,294.0877,294.04791259765625,0.29,-0.31,-0.31,0.29,0.31
2025-02-12,292.19588904142904,294.7947200465778,291.77767063345163,294.4561767578125,142600,OEF,2025,2,7,Wednesday,293.3061,294.8942565917969,-0.15,-0.92,-1.06,-0.15,1.06
2025-02-13,295.0535984813146,297.72213743699723,294.37651194995976,297.67236328125,183500,OEF,2025,2,7,Thursday,296.2062,294.4561767578125,1.09,0.2,-0.03,1.09,0.03
2025-02-14,297.6822816417924,298.2996269935662,297.393542936705,297.7320861816406,161000,OEF,2025,2,7,Friday,297.7769,297.67236328125,0.02,0.0,-0.09,0.02,0.09
2025-02-18,298.3096066323295,298.5983757368162,296.3978293578189,298.0905456542969,180000,OEF,2025,2,8,Tuesday,297.8491,297.7320861816406,0.12,0.19,-0.45,0.12,0.45
2025-02-19,297.5628194189574,299.0663757324219,297.0549893237549,299.0663757324219,165800,OEF,2025,2,8,Wednesday,298.1876,298.0905456542969,0.33,-0.18,-0.35,0.33,0.35
2025-02-20,298.55854982050727,298.55854982050727,296.2285540835855,297.6524353027344,120700,OEF,2025,2,8,Thursday,297.7495,299.0663757324219,-0.47,-0.17,-0.95,-0.47,0.95
2025-02-21,297.70223976207365,297.71217636112885,292.63399688800376,292.90283203125,141500,OEF,2025,2,8,Friday,295.2378,297.6524353027344,-1.6,0.02,-1.69,-1.6,1.69
2025-02-24,293.938406067949,294.6254596229052,291.01096841304553,291.3694152832031,149300,OEF,2025,2,9,Monday,292.7361,292.90283203125,-0.52,0.35,-0.65,-0.52,0.65
2025-02-25,291.00099885542016,291.4590244256261,287.0280608105049,289.32818603515625,397800,OEF,2025,2,9,Tuesday,289.7041,291.3694152832031,-0.7,-0.13,-1.49,-0.7,1.49
2025-02-26,290.09487219262815,291.68804021604114,287.79474706408814,289.4675598144531,153000,OEF,2025,2,9,Wednesday,289.7613,289.32818603515625,0.05,0.26,-0.53,0.05,0.53
2025-02-27,290.72218322930803,291.2499169059935,283.7819703186603,283.87158203125,7256500,OEF,2025,2,9,Thursday,287.4064,289.4675598144531,-1.93,0.43,-1.96,-1.93,1.96
2025-02-28,283.8715768188434,289.17881444626283,282.6269190771421,289.0393981933594,1200800,OEF,2025,2,9,Friday,286.1792,283.87158203125,1.82,-0.0,-0.44,1.82,0.44
2025-03-03,289.7164764649124,290.09485726956297,281.0238064920916,283.11480712890625,777700,OEF,2025,3,10,Monday,285.9875,289.0393981933594,-2.05,0.23,-2.77,-2.05,2.77
2025-03-04,280.6454394868849,284.07074009393847,277.32965417753564,279.7691955566406,756300,OEF,2025,3,10,Tuesday,280.4538,283.11480712890625,-1.18,-0.87,-2.04,-1.18,2.04
2025-03-05,280.2073281685142,284.05081691466984,278.03665223248373,283.2343444824219,634500,OEF,2025,3,10,Wednesday,281.3823,279.7691955566406,1.24,0.16,-0.62,1.24,0.62
2025-03-06,279.34105657883543,281.7208265652401,276.6227129195901,277.9669494628906,651500,OEF,2025,3,10,Thursday,278.9129,283.2343444824219,-1.86,-1.37,-2.33,-1.86,2.33
2025-03-07,276.9612579286041,280.1475941705387,274.5416503679002,279.3111877441406,639800,OEF,2025,3,10,Friday,277.7404,277.9669494628906,0.48,-0.36,-1.23,0.48,1.23
2025-03-10,274.87022219176356,275.56724272931905,268.3780979094763,271.0765075683594,604400,OEF,2025,3,11,Monday,272.473,279.3111877441406,-2.95,-1.59,-3.91,-2.95,3.91
2025-03-11,269.82187962708764,272.30122798509643,266.7251555387418,268.8360900878906,514700,OEF,2025,3,11,Tuesday,269.4211,271.0765075683594,-0.83,-0.46,-1.61,-0.83,1.61
2025-03-12,272.1518902813413,272.84888038393933,268.3681125167949,270.8375244140625,497500,OEF,2025,3,11,Wednesday,271.0516,268.8360900878906,0.74,1.23,-0.17,0.74,0.17
2025-03-13,270.89726059893036,270.89726059893036,266.3069775203954,267.203125,265800,OEF,2025,3,11,Thursday,268.8262,270.8375244140625,-1.34,0.02,-1.67,-1.34,1.67
2025-03-14,269.33397653194265,272.95843457214113,269.0551744047853,272.60992431640625,339400,OEF,2025,3,11,Friday,270.9894,267.203125,2.02,0.8,0.69,2.02,-0.69
2025-03-17,272.33112976092696,275.009635808195,271.5345609146596,273.735107421875,569500,OEF,2025,3,12,Monday,273.1526,272.60992431640625,0.41,-0.1,-0.39,0.41,0.39
2025-03-18,272.3451282877307,272.4848073224494,269.4115335969234,270.4193420410156,321100,OEF,2025,3,12,Tuesday,271.1652,273.735107421875,-1.21,-0.51,-1.58,-1.21,1.58
2025-03-19,271.61670303258836,275.3086509713179,270.86833767617543,273.4626770019531,380800,OEF,2025,3,12,Wednesday,272.8141,270.4193420410156,1.13,0.44,0.17,1.13,-0.17
2025-03-20,271.46703621995897,275.4483301742055,271.12778091230234,272.9737548828125,229900,OEF,2025,3,12,Thursday,272.7542,273.4626770019531,-0.18,-0.73,-0.85,-0.18,0.85
2025-03-21,270.7386075252304,274.04142120805756,270.5490496559515,273.5425109863281,237000,OEF,2025,3,12,Friday,272.2179,272.9737548828125,0.21,-0.82,-0.89,0.21,0.89
2025-03-24,277.01490955830184,279.0604597595735,276.7455089981135,278.6712951660156,277800,OEF,2025,3,13,Monday,277.873,273.5425109863281,1.87,1.27,1.17,1.87,-1.17
2025-03-25,279.21014819269953,279.9585135906816,278.66132863020647,279.72900390625,161900,OEF,2025,3,13,Tuesday,279.3897,278.6712951660156,0.38,0.19,-0.0,0.38,0.0
2025-03-26,279.1003471634072,279.52943309605683,274.8795861845769,275.3585205078125,226300,OEF,2025,3,13,Wednesday,277.217,279.72900390625,-1.56,-0.22,-1.73,-1.56,1.73
2025-03-27,274.6401105308834,276.7954065109613,273.84186629429115,274.80975341796875,250600,OEF,2025,3,13,Thursday,275.0218,275.3585205078125,-0.2,-0.26,-0.55,-0.2,0.55
2025-03-28,273.6422788959638,274.3008440673851,268.31392118289773,268.6432189941406,258400,OEF,2025,3,13,Friday,271.2251,274.80975341796875,-2.24,-0.42,-2.36,-2.24,2.36
2025-03-31,265.0310912910849,270.53908000008954,263.78381565242483,270.2397155761719,769600,OEF,2025,3,14,Monday,267.3984,268.6432189941406,0.59,-1.34,-1.81,0.59,1.81
2025-04-01,268.8128437412048,272.0458029536972,267.7950777665876,270.8284606933594,284200,OEF,2025,4,14,Tuesday,269.8705,270.2397155761719,0.22,-0.53,-0.9,0.22,0.9
2025-04-02,268.08443225413754,274.03143357776645,267.83497714298295,272.3551025390625,416000,OEF,2025,4,14,Wednesday,270.5765,270.8284606933594,0.56,-1.01,-1.11,0.56,1.11
2025-04-03,261.8979325353226,263.79378528422615,258.8446044199889,258.9842834472656,616800,OEF,2025,4,14,Thursday,260.8802,272.3551025390625,-4.91,-3.84,-4.96,-4.91,4.96
2025-04-04,251.859870114411,253.18697317515094,243.5979177874627,243.64779663085938,999400,OEF,2025,4,14,Friday,248.0731,258.9842834472656,-5.92,-2.75,-5.94,-5.92,5.94
2025-04-07,234.52772234639215,252.38871833465885,232.0631197322742,243.53805541992188,1432300,OEF,2025,4,15,Monday,240.6294,243.64779663085938,-0.05,-3.74,-4.75,-0.05,4.75
2025-04-08,252.7778666662391,254.38435826484346,236.31382857423898,239.85609436035156,735900,OEF,2025,4,15,Tuesday,245.833,243.53805541992188,-1.51,3.79,-2.97,-1.51,2.97
2025-04-09,239.0578259570201,265.4202404982401,238.67864931270958,264.1829528808594,1201900,OEF,2025,4,15,Wednesday,251.8349,239.85609436035156,10.14,-0.33,-0.49,10.14,0.49
2025-04-10,258.42552099788514,258.7747642623511,246.92066710106923,254.3943328857422,772200,OEF,2025,4,15,Thursday,254.6288,264.1829528808594,-3.71,-2.18,-6.53,-3.71,6.53
2025-04-11,253.73575325041406,260.3513228721481,252.62817195184894,259.6129150390625,551200,OEF,2025,4,15,Friday,256.582,254.3943328857422,2.05,-0.26,-0.69,2.05,0.69
2025-04-14,264.47230851148134,264.72176363380913,259.3036056851054,261.37908935546875,414800,OEF,2025,4,16,Monday,262.4692,259.6129150390625,0.68,1.87,-0.12,0.68,0.12
2025-04-15,261.73829039634086,263.1751543385779,260.1417715215148,260.4710693359375,297800,OEF,2025,4,16,Tuesday,261.3816,261.37908935546875,-0.35,0.14,-0.47,-0.35,0.47
2025-04-16,256.9687051379816,258.3656477096661,250.83211532057376,253.96527099609375,408100,OEF,2025,4,16,Wednesday,255.0329,260.4710693359375,-2.5,-1.34,-3.7,-2.5,3.7
2025-04-17,254.8832707001276,255.90103664672213,252.53838643726937,253.48631286621094,420300,OEF,2025,4,16,Thursday,254.2023,253.96527099609375,-0.19,0.36,-0.56,-0.19,0.56
2025-04-21,250.68243932451867,250.91194900132774,244.93499874009333,247.9883270263672,472100,OEF,2025,4,17,Monday,248.6294,253.48631286621094,-2.17,-1.11,-3.37,-2.17,3.37
2025-04-22,250.37312191300586,255.03294189315588,250.12366678414,254.07504272460938,416800,OEF,2025,4,17,Tuesday,252.4012,247.9883270263672,2.45,0.96,0.86,2.45,-0.86
2025-04-23,260.68060368516694,263.2050883133386,257.77694239764645,258.5851745605469,561700,OEF,2025,4,17,Wednesday,260.062,254.07504272460938,1.78,2.6,1.46,1.78,-1.46
2025-04-24,259.34352605263257,264.5521502052302,258.63508203419235,264.38250732421875,197500,OEF,2025,4,17,Thursday,261.7283,258.5851745605469,2.24,0.29,0.02,2.24,-0.02
2025-04-25,264.8215628608636,267.3360900878906,263.4046747593139,267.3360900878906,240800,OEF,2025,4,17,Friday,265.7246,264.38250732421875,1.12,0.17,-0.37,1.12,0.37
2025-04-28,267.78508227372464,268.4137140598642,263.9833886110437,267.3460388183594,207600,OEF,2025,4,18,Monday,266.8821,267.3360900878906,0.0,0.17,-1.25,0.0,1.25
2025-04-29,266.0588632220599,269.02236076806076,265.8193656039003,268.7529602050781,211700,OEF,2025,4,18,Tuesday,267.4134,267.3460388183594,0.53,-0.48,-0.57,0.53,0.57
2025-04-30,265.03110063579373,269.241904558421,262.00770559912274,268.2041931152344,276300,OEF,2025,4,18,Wednesday,266.1212,268.7529602050781,-0.2,-1.38,-2.51,-0.2,2.51
2025-05-01,272.3151947044777,273.8618042899381,270.81846396329735,270.9781188964844,351300,OEF,2025,5,18,Thursday,271.9934,268.2041931152344,1.03,1.53,0.97,1.03,-0.97
2025-05-02,274.0813333836059,275.70778570490904,272.55466920461004,275.019287109375,306900,OEF,2025,5,18,Friday,274.3408,270.9781188964844,1.49,1.15,0.58,1.49,-0.58
2025-05-05,272.66445035504535,274.25098135864636,272.055763991425,272.95379638671875,239300,OEF,2025,5,19,Monday,272.9812,275.019287109375,-0.75,-0.86,-1.08,-0.75,1.08
2025-05-06,270.1499154816674,272.4149875309721,269.4813927917013,269.9603271484375,214600,OEF,2025,5,19,Tuesday,270.5017,272.95379638671875,-1.1,-1.03,-1.27,-1.1,1.27
2025-05-07,271.17767777202863,272.73427538166465,268.6232596202635,271.06793212890625,348200,OEF,2025,5,19,Wednesday,270.9008,269.9603271484375,0.41,0.45,-0.5,0.41,0.5
2025-05-08,273.5924028917217,275.7476988066328,271.4869858209399,273.4227600097656,481000,OEF,2025,5,19,Thursday,273.5625,271.06793212890625,0.87,0.93,0.15,0.87,-0.15
2025-05-09,274.21103817285075,274.72989384966087,272.2453306486345,272.7342529296875,171800,OEF,2025,5,19,Friday,273.4801,273.4227600097656,-0.25,0.29,-0.43,-0.25,0.43
2025-05-12,281.7346361962376,282.76239013671875,279.7290071619615,282.76239013671875,331600,OEF,2025,5,20,Monday,281.7471,272.7342529296875,3.68,3.3,2.56,3.68,-2.56
2025-05-13,283.2313660523931,286.0252513808414,282.552855394208,285.34674072265625,378800,OEF,2025,5,20,Tuesday,284.2891,282.76239013671875,0.91,0.17,-0.07,0.91,0.07
2025-05-14,286.0651462524703,286.7835781920162,285.23693822925287,286.28466796875,526600,OEF,2025,5,20,Wednesday,286.0926,285.34674072265625,0.33,0.25,-0.04,0.33,0.04
2025-05-15,285.0773394942996,287.7614791739072,284.62830807239175,287.16278076171875,197000,OEF,2025,5,20,Thursday,286.1575,286.28466796875,0.31,-0.42,-0.58,0.31,0.58
2025-05-16,287.9410789466375,288.77924454148297,286.20485050989635,288.7692565917969,163200,OEF,2025,5,20,Friday,287.9236,287.16278076171875,0.56,0.27,-0.33,0.56,0.33
2025-05-19,285.5263224812864,289.27813720703125,285.4265343436958,289.27813720703125,282000,OEF,2025,5,21,Monday,287.3773,288.7692565917969,0.18,-1.12,-1.16,0.18,1.16
2025-05-20,287.9410705785769,288.38011403707935,286.05517520668246,287.73150634765625,4104200,OEF,2025,5,21,Tuesday,287.527,289.27813720703125,-0.53,-0.46,-1.11,-0.53,1.11
2025-05-21,285.81571823928806,288.50984588078376,282.991869055274,283.6005554199219,774700,OEF,2025,5,21,Wednesday,285.2295,287.73150634765625,-1.44,-0.67,-1.65,-1.44,1.65
2025-05-22,283.6005552185938,285.77579668847176,283.2712878387216,284.0894775390625,356100,OEF,2025,5,21,Thursday,284.1843,283.6005554199219,0.17,-0.0,-0.12,0.17,0.12
2025-05-23,280.1480924652401,283.071699213019,280.0582922746433,281.9740905761719,580700,OEF,2025,5,21,Friday,281.313,284.0894775390625,-0.74,-1.39,-1.42,-0.74,1.42
2025-05-27,284.8677663473576,287.9410705566406,284.6682205169132,287.9410705566406,328900,OEF,2025,5,22,Tuesday,286.3545,281.9740905761719,2.12,1.03,0.96,2.12,-0.96
2025-05-28,288.11068338207866,289.01870369737236,286.22481845882646,286.753662109375,351400,OEF,2025,5,22,Wednesday,287.527,287.9410705566406,-0.41,0.06,-0.6,-0.41,0.6
2025-05-29,289.7271516012544,290.02651602792537,286.28468907753063,288.32025146484375,369500,OEF,2025,5,22,Thursday,288.5897,286.753662109375,0.55,1.04,-0.16,0.55,0.16
2025-05-30,287.58183066552425,288.5197843484097,284.53849039622565,287.7414855957031,396300,OEF,2025,5,22,Friday,287.0954,288.32025146484375,-0.2,-0.26,-1.31,-0.2,1.31
2025-06-02,286.9033282300362,289.49766763004305,286.2946723392497,289.3380126953125,300400,OEF,2025,6,23,Monday,288.0084,287.7414855957031,0.55,-0.29,-0.5,0.55,0.5
2025-06-03,289.48768773161373,291.69286257996833,289.2182871504878,291.2837829589844,345700,OEF,2025,6,23,Tuesday,290.4207,289.3380126953125,0.67,0.05,-0.04,0.67,0.04
2025-06-04,291.7227957809432,292.36141553719483,291.0343276296418,291.772705078125,373000,OEF,2025,6,23,Wednesday,291.7228,291.2837829589844,0.17,0.15,-0.09,0.17,0.09
2025-06-05,292.36140322315345,293.00002295250687,288.4699094069831,289.1683654785156,585400,OEF,2025,6,23,Thursday,290.7499,291.772705078125,-0.89,0.2,-1.13,-0.89,1.13
2025-06-06,292.2217100682291,293.488961648524,291.60306620276214,292.7106628417969,270100,OEF,2025,6,23,Friday,292.5061,289.1683654785156,1.22,1.06,0.84,1.22,-0.84
2025-06-09,292.71064075876967,293.977861792395,292.5210524335179,293.67852783203125,184400,OEF,2025,6,24,Monday,293.222,292.7106628417969,0.33,-0.0,-0.06,0.33,0.06
2025-06-10,293.54882317726714,295.57439762836555,293.14970105681215,295.1253662109375,212000,OEF,2025,6,24,Tuesday,294.3496,293.67852783203125,0.49,-0.04,-0.18,0.49,0.18
2025-06-11,295.913640133338,296.49239306633024,293.48894366683055,294.33709716796875,225000,OEF,2025,6,24,Wednesday,295.058,295.1253662109375,-0.27,0.27,-0.55,-0.27,0.55
2025-06-12,293.99784565480866,295.9036560058594,293.6386144415765,295.9036560058594,308600,OEF,2025,6,24,Thursday,294.8609,294.33709716796875,0.53,-0.12,-0.24,0.53,0.24
2025-06-13,293.1097764615895,294.6563860803648,291.73277927787177,292.0920104980469,484500,OEF,2025,6,24,Friday,292.8977,295.9036560058594,-1.29,-0.94,-1.41,-1.29,1.41
2025-06-16,293.8500061035156,296.0199890136719,293.8500061035156,295.4599914550781,301300,OEF,2025,6,25,Monday,294.795,292.0920104980469,1.15,0.6,0.6,1.15,-0.6
2025-06-17,294.0199890136719,294.7799987792969,292.3699951171875,292.4100036621094,244400,OEF,2025,6,25,Tuesday,293.395,295.4599914550781,-1.03,-0.49,-1.05,-1.03,1.05
2025-06-18,293.2300109863281,294.7099914550781,292.1499938964844,292.82000732421875,334200,OEF,2025,6,25,Wednesday,293.2275,292.4100036621094,0.14,0.28,-0.09,0.14,0.09
2025-06-20,293.6199951171875,294.3699951171875,290.8500061035156,291.67999267578125,261200,OEF,2025,6,25,Friday,292.63,292.82000732421875,-0.39,0.27,-0.67,-0.39,0.67
2025-06-23,291.6499938964844,294.5299987792969,290.3900146484375,294.1700134277344,414800,OEF,2025,6,26,Monday,292.685,291.67999267578125,0.85,-0.01,-0.44,0.85,0.44
2025-06-24,296.6300048828125,298.1499938964844,296.260009765625,297.5,231200,OEF,2025,6,26,Tuesday,297.135,294.1700134277344,1.13,0.84,0.71,1.13,-0.71
2025-06-25,298.6600036621094,299.30999755859375,297.92999267578125,298.69000244140625,189600,OEF,2025,6,26,Wednesday,298.6475,297.5,0.4,0.39,0.14,0.4,-0.14
2025-06-26,299.5199890136719,301.44000244140625,299.3800048828125,301.30999755859375,194900,OEF,2025,6,26,Thursday,300.4125,298.69000244140625,0.88,0.28,0.23,0.88,-0.23
2025-06-27,301.9700012207031,303.32000732421875,300.6400146484375,303.1099853515625,192100,OEF,2025,6,26,Friday,302.26,301.30999755859375,0.6,0.22,-0.22,0.6,0.22
2025-06-30,304.3399963378906,304.9100036621094,302.80999755859375,304.3500061035156,355100,OEF,2025,6,27,Monday,304.1025,303.1099853515625,0.41,0.41,-0.1,0.41,0.1
2025-07-01,303.3399963378906,304.0,302.3299865722656,303.4200134277344,232700,OEF,2025,7,27,Tuesday,303.2725,304.3500061035156,-0.31,-0.33,-0.66,-0.31,0.66
2025-07-02,303.239990234375,305.3699951171875,303.17999267578125,305.3699951171875,291000,OEF,2025,7,27,Wednesday,304.29,303.4200134277344,0.64,-0.06,-0.08,0.64,0.08
2025-07-03,306.4200134277344,308.20001220703125,306.4200134277344,307.8599853515625,157100,OEF,2025,7,27,Thursday,307.225,305.3699951171875,0.82,0.34,0.34,0.82,-0.34
2025-07-07,306.57000732421875,307.0,304.1199951171875,305.260009765625,247200,OEF,2025,7,28,Monday,305.7375,307.8599853515625,-0.84,-0.42,-1.21,-0.84,1.21
2025-07-08,305.79998779296875,305.79998779296875,304.5400085449219,305.05999755859375,168200,OEF,2025,7,28,Tuesday,305.3,305.260009765625,-0.07,0.18,-0.24,-0.07,0.24
2025-07-09,306.05999755859375,307.54998779296875,305.5899963378906,306.9700012207031,186400,OEF,2025,7,28,Wednesday,306.5425,305.05999755859375,0.63,0.33,0.17,0.63,-0.17
2025-07-10,307.2799987792969,308.20001220703125,306.3800048828125,307.8299865722656,116300,OEF,2025,7,28,Thursday,307.4225,306.9700012207031,0.28,0.1,-0.19,0.28,0.19
2025-07-11,306.6199951171875,307.6700134277344,305.8900146484375,307.1099853515625,187100,OEF,2025,7,28,Friday,306.8225,307.8299865722656,-0.23,-0.39,-0.63,-0.23,0.63
2025-07-14,307.010009765625,307.8599853515625,306.1099853515625,307.1700134277344,117900,OEF,2025,7,29,Monday,307.0375,307.1099853515625,0.02,-0.03,-0.33,0.02,0.33
2025-07-15,309.5199890136719,309.57000732421875,307.3800048828125,307.4200134277344,131200,OEF,2025,7,29,Tuesday,308.4725,307.1700134277344,0.08,0.77,0.07,0.08,-0.07
2025-07-16,308.1099853515625,308.6300048828125,305.9200134277344,308.32000732421875,416500,OEF,2025,7,29,Wednesday,307.745,307.4200134277344,0.29,0.22,-0.49,0.29,0.49
2025-07-17,308.5299987792969,310.2900085449219,308.2799987792969,309.9800109863281,300800,OEF,2025,7,29,Thursday,309.27,308.32000732421875,0.54,0.07,-0.01,0.54,0.01
2025-07-18,310.8800048828125,311.1300048828125,309.0899963378906,309.55999755859375,205200,OEF,2025,7,29,Friday,310.165,309.9800109863281,-0.14,0.29,-0.29,-0.14,0.29
2025-07-21,310.2099914550781,311.989990234375,310.2099914550781,310.75,171000,OEF,2025,7,30,Monday,310.79,309.55999755859375,0.38,0.21,0.21,0.38,-0.21
2025-07-22,310.95001220703125,310.95001220703125,308.7200012207031,309.94000244140625,168800,OEF,2025,7,30,Tuesday,310.14,310.75,-0.26,0.06,-0.65,-0.26,0.65
2025-07-23,311.20001220703125,312.7099914550781,310.1700134277344,312.7099914550781,341800,OEF,2025,7,30,Wednesday,311.6975,309.94000244140625,0.89,0.41,0.07,0.89,-0.07
2025-07-24,313.25,313.9100036621094,312.5799865722656,313.0199890136719,153900,OEF,2025,7,30,Thursday,313.19,312.7099914550781,0.1,0.17,-0.04,0.1,0.04
2025-07-25,313.2699890136719,314.5400085449219,313.1300048828125,314.010009765625,138200,OEF,2025,7,30,Friday,313.7375,313.0199890136719,0.32,0.08,0.04,0.32,-0.04
2025-07-28,314.4700012207031,315.0,313.8900146484375,315.0,143400,OEF,2025,7,31,Monday,314.59,314.010009765625,0.32,0.15,-0.04,0.32,0.04
2025-07-29,315.29998779296875,315.6400146484375,313.2900085449219,313.8299865722656,149300,OEF,2025,7,31,Tuesday,314.515,315.0,-0.37,0.1,-0.54,-0.37,0.54
2025-07-30,314.1400146484375,314.79998779296875,312.0,313.32000732421875,220600,OEF,2025,7,31,Wednesday,313.565,313.8299865722656,-0.16,0.1,-0.58,-0.16,0.58
2025-07-31,317.92999267578125,318.010009765625,312.5400085449219,313.54998779296875,257100,OEF,2025,7,31,Thursday,315.5075,313.32000732421875,0.07,1.47,-0.25,0.07,0.25
2025-08-01,309.94000244140625,310.20001220703125,306.17999267578125,307.17999267578125,361500,OEF,2025,8,31,Friday,308.375,313.54998779296875,-2.03,-1.15,-2.35,-2.03,2.35
2025-08-04,309.1600036621094,311.9800109863281,309.1600036621094,311.57000732421875,318300,OEF,2025,8,32,Monday,310.4675,307.17999267578125,1.43,0.64,0.64,1.43,-0.64
2025-08-05,312.3299865722656,313.0400085449219,310.4200134277344,311.1199951171875,352100,OEF,2025,8,32,Tuesday,311.7275,311.57000732421875,-0.14,0.24,-0.37,-0.14,0.37
2025-08-06,311.1400146484375,314.260009765625,311.0,314.19000244140625,201000,OEF,2025,8,32,Wednesday,312.6475,311.1199951171875,0.99,0.01,-0.04,0.99,0.04
2025-08-07,315.55999755859375,316.1199951171875,312.0299987792969,314.0,298100,OEF,2025,8,32,Thursday,314.4275,314.19000244140625,-0.06,0.44,-0.69,-0.06,0.69
2025-08-08,314.5299987792969,317.3699951171875,314.5299987792969,317.3699951171875,181900,OEF,2025,8,32,Friday,315.95,314.0,1.07,0.17,0.17,1.07,-0.17
2025-08-11,316.94000244140625,318.0199890136719,315.7699890136719,316.5400085449219,183300,OEF,2025,8,33,Monday,316.8175,317.3699951171875,-0.26,-0.14,-0.5,-0.26,0.5
2025-08-12,317.7200012207031,319.7699890136719,316.6300048828125,319.57000732421875,198300,OEF,2025,8,33,Tuesday,318.4225,316.5400085449219,0.96,0.37,0.03,0.96,-0.03
2025-08-13,320.79998779296875,321.4599914550781,319.3399963378906,320.5199890136719,201000,OEF,2025,8,33,Wednesday,320.53,319.57000732421875,0.3,0.38,-0.07,0.3,0.07
2025-08-14,319.3500061035156,321.1700134277344,319.30999755859375,320.739990234375,344100,OEF,2025,8,33,Thursday,320.1425,320.5199890136719,0.07,-0.37,-0.38,0.07,0.38
2025-08-15,321.8900146484375,321.8900146484375,319.989990234375,320.69000244140625,235800,OEF,2025,8,33,Friday,321.115,320.739990234375,-0.02,0.36,-0.23,-0.02,0.23
2025-08-18,320.1700134277344,320.6600036621094,319.67999267578125,320.2699890136719,181100,OEF,2025,8,34,Monday,320.195,320.69000244140625,-0.13,-0.16,-0.31,-0.13,0.31
2025-08-19,320.239990234375,320.239990234375,316.75,317.5299987792969,156000,OEF,2025,8,34,Tuesday,318.69,320.2699890136719,-0.86,-0.01,-1.1,-0.86,1.1
2025-08-20,317.1400146484375,317.1400146484375,313.20001220703125,316.0299987792969,240100,OEF,2025,8,34,Wednesday,315.8775,317.5299987792969,-0.47,-0.12,-1.36,-0.47,1.36
2025-08-21,315.2300109863281,316.1499938964844,314.0199890136719,314.7699890136719,161700,OEF,2025,8,34,Thursday,315.0425,316.0299987792969,-0.4,-0.25,-0.64,-0.4,0.64
2025-08-22,315.55999755859375,320.1199951171875,315.5299987792969,319.3500061035156,281300,OEF,2025,8,34,Friday,317.64,314.7699890136719,1.46,0.25,0.24,1.46,-0.24
2025-08-25,319.239990234375,320.2200012207031,318.7799987792969,318.9599914550781,362900,OEF,2025,8,35,Monday,319.3,319.3500061035156,-0.12,-0.03,-0.18,-0.12,0.18
2025-08-26,318.7699890136719,320.3999938964844,318.0199890136719,320.19000244140625,152200,OEF,2025,8,35,Tuesday,319.345,318.9599914550781,0.39,-0.06,-0.29,0.39,0.29
2025-08-27,320.07000732421875,321.29998779296875,319.67999267578125,321.260009765625,238400,OEF,2025,8,35,Wednesday,320.5775,320.19000244140625,0.33,-0.04,-0.16,0.33,0.16
2025-08-28,321.2300109863281,322.6199951171875,320.0400085449219,322.42999267578125,142600,OEF,2025,8,35,Thursday,321.58,321.260009765625,0.36,-0.01,-0.38,0.36,0.38
2025-08-29,321.4200134277344,321.4200134277344,319.0299987792969,319.69000244140625,171900,OEF,2025,8,35,Friday,320.39,322.42999267578125,-0.85,-0.31,-1.05,-0.85,1.05
2025-09-02,315.8800048828125,317.7799987792969,314.5899963378906,317.7799987792969,338800,OEF,2025,9,36,Tuesday,316.5075,319.69000244140625,-0.6,-1.19,-1.6,-0.6,1.6
2025-09-03,319.67999267578125,320.4700012207031,318.3699951171875,320.32000732421875,172700,OEF,2025,9,36,Wednesday,319.71,317.7799987792969,0.8,0.6,0.19,0.8,-0.19
2025-09-04,320.2900085449219,322.8900146484375,320.0799865722656,322.69000244140625,247200,OEF,2025,9,36,Thursday,321.4875,320.32000732421875,0.74,-0.01,-0.07,0.74,0.07
2025-09-05,324.3900146484375,324.4700012207031,319.9200134277344,321.6600036621094,265500,OEF,2025,9,36,Friday,322.61,322.69000244140625,-0.32,0.53,-0.86,-0.32,0.86
