Symbol,Date,Open,High,Low,Close,Volume,Year,Month,Week,Weekday,avg_daily_price,Previous_Close,Daily_Gain_Loss_Pct,Open_vs_PrevClose_Pct,Low_vs_PrevClose_Pct,Close_vs_PrevClose_Pct,mx_percent_decline,Shares_Purchased,Total_Value_Purchased,BOD99-1,BOD98-2,BOD97-3,BOD96-4,BOD95-5,BOD94-6,BOD93-7,BOD92-8,BOD91-9,BOD90-10,BOD89-11,BOD88-12,BOD87-13,BOD86-14,BOD85-15,BOD84-16,BOD83-17,BOD82-18,BOD81-19,BOD80-20,BOD79-21,BOD78-22,BOD77-23,BOD76-24,BOD75-25,BOD99-1_Executed,BOD98-2_Executed,BOD97-3_Executed,BOD96-4_Executed,BOD95-5_Executed,BOD94-6_Executed,BOD93-7_Executed,BOD92-8_Executed,BOD91-9_Executed,BOD90-10_Executed,BOD89-11_Executed,BOD88-12_Executed,BOD87-13_Executed,BOD86-14_Executed,BOD85-15_Executed,BOD84-16_Executed,BOD83-17_Executed,BOD82-18_Executed,BOD81-19_Executed,BOD80-20_Executed,BOD79-21_Executed,BOD78-22_Executed,BOD77-23_Executed,BOD76-24_Executed,BOD75-25_Executed
AAPL,2021-01-04,129.62252069116946,129.70989001259753,123.05984477192808,125.63249206542967,143301900,2021,1,1,Monday,127.0062,128.81675720214844,-2.47,0.63,-4.47,-2.47,4.47,4,502.3854,127.5286,126.2404,124.9523,123.6641,122.3759,121.0878,119.7996,118.5114,117.2232,115.9351,114.6469,113.3587,112.0706,110.7824,109.4942,108.2061,106.9179,105.6297,104.3416,103.0534,101.7652,100.4771,99.1889,97.9007,96.6126,True,True,True,True,False,False,False,False,False,False,False,False,False,False,False,False,False,False,False,False,False,False,False,False,False
AAPL,2021-01-05,125.12767890789046,127.89449286005866,124.68109986637585,127.185791015625,97664900,2021,1,1,Tuesday,126.2223,125.63249206542967,1.24,-0.4,-0.76,1.24,0.76,0,0.0,124.3762,123.1198,121.8635,120.6072,119.3509,118.0945,116.8382,115.5819,114.3256,113.0692,111.8129,110.5566,109.3003,108.0439,106.7876,105.5313,104.275,103.0186,101.7623,100.506,99.2497,97.9933,96.737,95.4807,94.2244,False,False,False,False,False,False,False,False,False,False,False,False,False,False,False,False,False,False,False,False,False,False,False,False,False
AAPL,2021-01-06,123.99184315415356,127.22464193893974,122.69095402050525,122.90453338623048,155088000,2021,1,1,Wednesday,124.203,127.185791015625,-3.37,-2.51,-3.53,-3.37,3.53,3,373.9262,125.9139,124.6421,123.3702,122.0984,120.8265,119.5546,118.2828,117.0109,115.7391,114.4672,113.1954,111.9235,110.6516,109.3798,108.1079,106.8361,105.5642,104.2923,103.0205,101.7486,100.4768,99.2049,97.9331,96.6612,95.3893,True,True,True,False,False,False,False,False,False,False,False,False,False,False,False,False,False,False,False,False,False,False,False,False,False
AAPL,2021-01-07,124.6131484334434,127.7877006759222,124.12774352599207,127.09841918945312,109578200,2021,1,1,Thursday,125.9068,122.90453338623048,3.41,1.39,1.0,3.41,-1.0,0,0.0,121.6755,120.4464,119.2174,117.9884,116.7593,115.5303,114.3012,113.0722,111.8431,110.6141,109.385,108.156,106.9269,105.6979,104.4689,103.2398,102.0108,100.7817,99.5527,98.3236,97.0946,95.8655,94.6365,93.4074,92.1784,False,False,False,False,False,False,False,False,False,False,False,False,False,False,False,False,False,False,False,False,False,False,False,False,False
AAPL,2021-01-08,128.56434751676753,128.75852134682515,126.42856870658444,128.19544982910156,105158200,2021,1,1,Friday,127.9867,127.09841918945312,0.86,1.15,-0.53,0.86,0.53,0,0.0,125.8274,124.5565,123.2855,122.0145,120.7435,119.4725,118.2015,116.9305,115.6596,114.3886,113.1176,111.8466,110.5756,109.3046,108.0337,106.7627,105.4917,104.2207,102.9497,101.6787,100.4078,99.1368,97.8658,96.5948,95.3238,False,False,False,False,False,False,False,False,False,False,False,False,False,False,False,False,False,False,False,False,False,False,False,False,False
AAPL,2021-01-11,125.41891104549276,126.37030043054156,124.74904996348562,125.21503448486328,100384500,2021,1,2,Monday,125.4383,128.19544982910156,-2.32,-2.17,-2.69,-2.32,2.69,2,252.545,126.9135,125.6315,124.3496,123.0676,121.7857,120.5037,119.2218,117.9398,116.6579,115.3759,114.094,112.812,111.53,110.2481,108.9661,107.6842,106.4022,105.1203,103.8383,102.5564,101.2744,99.9925,98.7105,97.4285,96.1466,True,True,False,False,False,False,False,False,False,False,False,False,False,False,False,False,False,False,False,False,False,False,False,False,False
AAPL,2021-01-12,124.74905257493836,125.90431854480056,123.1569251813032,125.04029846191406,91951100,2021,1,2,Tuesday,124.7126,125.21503448486328,-0.14,-0.37,-1.64,-0.14,1.64,1,123.9629,123.9629,122.7107,121.4586,120.2064,118.9543,117.7021,116.45,115.1978,113.9457,112.6935,111.4414,110.1892,108.9371,107.6849,106.4328,105.1806,103.9285,102.6763,101.4242,100.172,98.9199,97.6677,96.4156,95.1634,93.9113,True,False,False,False,False,False,False,False,False,False,False,False,False,False,False,False,False,False,False,False,False,False,False,False,False
AAPL,2021-01-13,125.0014305904701,127.61291061386964,124.73932268123976,127.06925964355467,88636800,2021,1,2,Wednesday,126.1057,125.04029846191406,1.62,-0.03,-0.24,1.62,0.24,0,0.0,123.7899,122.5395,121.2891,120.0387,118.7883,117.5379,116.2875,115.0371,113.7867,112.5363,111.2859,110.0355,108.7851,107.5347,106.2843,105.0339,103.7834,102.533,101.2826,100.0322,98.7818,97.5314,96.281,95.0306,93.7802,False,False,False,False,False,False,False,False,False,False,False,False,False,False,False,False,False,False,False,False,False,False,False,False,False
AAPL,2021-01-14,126.98190143012104,127.17606039170737,125.00144150715477,125.1470718383789,90221800,2021,1,2,Thursday,126.0766,127.06925964355467,-1.51,-0.07,-1.63,-1.51,1.63,1,125.7986,125.7986,124.5279,123.2572,121.9865,120.7158,119.4451,118.1744,116.9037,115.633,114.3623,113.0916,111.8209,110.5503,109.2796,108.0089,106.7382,105.4675,104.1968,102.9261,101.6554,100.3847,99.114,97.8433,96.5726,95.3019,True,False,False,False,False,False,False,False,False,False,False,False,False,False,False,False,False,False,False,False,False,False,False,False,False
AAPL,2021-01-15,125.02087645693894,126.41884484513,123.29283631414192,123.42874908447266,111598500,2021,1,2,Friday,124.5403,125.1470718383789,-1.37,-0.1,-1.48,-1.37,1.48,1,123.8956,123.8956,122.6441,121.3927,120.1412,118.8897,117.6382,116.3868,115.1353,113.8838,112.6324,111.3809,110.1294,108.878,107.6265,106.375,105.1235,103.8721,102.6206,101.3691,100.1177,98.8662,97.6147,96.3632,95.1118,93.8603,True,False,False,False,False,False,False,False,False,False,False,False,False,False,False,False,False,False,False,False,False,False,False,False,False
AAPL,2021-01-19,124.0500817278194,124.9529425933155,123.23460500719132,124.09862518310548,90757300,2021,1,3,Tuesday,124.0841,123.42874908447266,0.54,0.5,-0.16,0.54,0.16,0,0.0,122.1945,120.9602,119.7259,118.4916,117.2573,116.023,114.7887,113.5544,112.3202,111.0859,109.8516,108.6173,107.383,106.1487,104.9144,103.6801,102.4459,101.2116,99.9773,98.743,97.5087,96.2744,95.0401,93.8058,92.5716,False,False,False,False,False,False,False,False,False,False,False,False,False,False,False,False,False,False,False,False,False,False,False,False,False
AAPL,2021-01-20,124.90438601399497,128.6225891348087,124.79759634893936,128.17601013183594,104319500,2021,1,3,Wednesday,126.6251,124.09862518310548,3.29,0.65,0.56,3.29,-0.56,0,0.0,122.8576,121.6167,120.3757,119.1347,117.8937,116.6527,115.4117,114.1707,112.9297,111.6888,110.4478,109.2068,107.9658,106.7248,105.4838,104.2428,103.0019,101.7609,100.5199,99.2789,98.0379,96.7969,95.5559,94.315,93.074,False,False,False,False,False,False,False,False,False,False,False,False,False,False,False,False,False,False,False,False,False,False,False,False,False
AAPL,2021-01-21,129.89431728816726,135.59296445439338,129.69044077021863,132.87469482421875,120150900,2021,1,3,Thursday,132.0131,128.17601013183594,3.67,1.34,1.18,3.67,-1.18,0,0.0,126.8943,125.6125,124.3307,123.049,121.7672,120.4854,119.2037,117.9219,116.6402,115.3584,114.0766,112.7949,111.5131,110.2314,108.9496,107.6678,106.3861,105.1043,103.8226,102.5408,101.259,99.9773,98.6955,97.4138,96.132,False,False,False,False,False,False,False,False,False,False,False,False,False,False,False,False,False,False,False,False,False,False,False,False,False
AAPL,2021-01-22,132.30197582810845,135.7677743821565,131.07876065141238,135.0105438232422,114459400,2021,1,3,Friday,133.5398,132.87469482421875,1.61,-0.43,-1.35,1.61,1.35,1,131.5459,131.5459,130.2172,128.8885,127.5597,126.231,124.9022,123.5735,122.2447,120.916,119.5872,118.2585,116.9297,115.601,114.2722,112.9435,111.6147,110.286,108.9572,107.6285,106.2998,104.971,103.6423,102.3135,100.9848,99.656,True,False,False,False,False,False,False,False,False,False,False,False,False,False,False,False,False,False,False,False,False,False,False,False,False
AAPL,2021-01-25,138.89376878953092,140.8547939706266,132.55436700322258,138.74813842773438,157611700,2021,1,4,Monday,137.7628,135.0105438232422,2.77,2.88,-1.82,2.77,1.82,1,133.6604,133.6604,132.3103,130.9602,129.6101,128.26,126.9099,125.5598,124.2097,122.8596,121.5095,120.1594,118.8093,117.4592,116.1091,114.759,113.4089,112.0588,110.7086,109.3585,108.0084,106.6583,105.3082,103.9581,102.608,101.2579,True,False,False,False,False,False,False,False,False,False,False,False,False,False,False,False,False,False,False,False,False,False,False,False,False
AAPL,2021-01-26,139.40831414179996,140.087878141181,137.24339729703607,138.9811553955078,98390600,2021,1,4,Tuesday,138.9302,138.74813842773438,0.17,0.48,-1.08,0.17,1.08,1,137.3607,137.3607,135.9732,134.5857,133.1982,131.8107,130.4233,129.0358,127.6483,126.2608,124.8733,123.4858,122.0984,120.7109,119.3234,117.9359,116.5484,115.161,113.7735,112.386,110.9985,109.611,108.2235,106.8361,105.4486,104.0611,True,False,False,False,False,False,False,False,False,False,False,False,False,False,False,False,False,False,False,False,False,False,False,False,False
AAPL,2021-01-27,139.24324321793168,140.0878578213645,136.3114082725256,137.91323852539062,140843800,2021,1,4,Wednesday,138.3889,138.9811553955078,-0.77,0.19,-1.92,-0.77,1.92,1,137.5913,137.5913,136.2015,134.8117,133.4219,132.0321,130.6423,129.2525,127.8627,126.4729,125.083,123.6932,122.3034,120.9136,119.5238,118.134,116.7442,115.3544,113.9645,112.5747,111.1849,109.7951,108.4053,107.0155,105.6257,104.2359,True,False,False,False,False,False,False,False,False,False,False,False,False,False,False,False,False,False,False,False,False,False,False,False,False
AAPL,2021-01-28,135.4473779641581,137.84527918740616,132.7096874093382,133.0883026123047,142621100,2021,1,4,Thursday,134.7727,137.91323852539062,-3.5,-1.79,-3.77,-3.5,3.77,3,405.4649,136.5341,135.155,133.7758,132.3967,131.0176,129.6384,128.2593,126.8802,125.501,124.1219,122.7428,121.3636,119.9845,118.6054,117.2263,115.8471,114.468,113.0889,111.7097,110.3306,108.9515,107.5723,106.1932,104.8141,103.4349,True,True,True,False,False,False,False,False,False,False,False,False,False,False,False,False,False,False,False,False,False,False,False,False,False
AAPL,2021-01-29,131.86506037119048,132.74850059959678,126.40911554734014,128.1080322265625,177523800,2021,1,4,Friday,129.7827,133.0883026123047,-3.74,-0.92,-5.02,-3.74,5.02,5,645.4783,131.7574,130.4265,129.0957,127.7648,126.4339,125.103,123.7721,122.4412,121.1104,119.7795,118.4486,117.1177,115.7868,114.4559,113.1251,111.7942,110.4633,109.1324,107.8015,106.4706,105.1398,103.8089,102.478,101.1471,99.8162,True,True,True,True,True,False,False,False,False,False,False,False,False,False,False,False,False,False,False,False,False,False,False,False,False
AAPL,2021-02-01,129.84584146807433,131.42826655671627,127.10815007398598,130.22445678710938,106239800,2021,2,5,Monday,129.6517,128.1080322265625,1.65,1.36,-0.78,1.65,0.78,0,0.0,126.827,125.5459,124.2648,122.9837,121.7026,120.4216,119.1405,117.8594,116.5783,115.2972,114.0161,112.7351,111.454,110.1729,108.8918,107.6107,106.3297,105.0486,103.7675,102.4864,101.2053,99.9243,98.6432,97.3621,96.081,False,False,False,False,False,False,False,False,False,False,False,False,False,False,False,False,False,False,False,False,False,False,False,False,False
AAPL,2021-02-02,131.7679653335472,132.33103660425752,130.68066346645256,131.04957580566406,83305400,2021,2,5,Tuesday,131.4573,130.22445678710938,0.63,1.19,0.35,0.63,-0.35,0,0.0,128.9222,127.62,126.3177,125.0155,123.7132,122.411,121.1087,119.8065,118.5043,117.202,115.8998,114.5975,113.2953,111.993,110.6908,109.3885,108.0863,106.7841,105.4818,104.1796,102.8773,101.5751,100.2728,98.9706,97.6683,False,False,False,False,False,False,False,False,False,False,False,False,False,False,False,False,False,False,False,False,False,False,False,False,False
AAPL,2021-02-03,131.79713965825755,131.80685723730443,129.70990440998943,130.0302734375,89880900,2021,2,5,Wednesday,130.836,131.04957580566406,-0.78,0.57,-1.02,-0.78,1.02,1,129.7391,129.7391,128.4286,127.1181,125.8076,124.4971,123.1866,121.8761,120.5656,119.2551,117.9446,116.6341,115.3236,114.0131,112.7026,111.3921,110.0816,108.7711,107.4607,106.1502,104.8397,103.5292,102.2187,100.9082,99.5977,98.2872,True,False,False,False,False,False,False,False,False,False,False,False,False,False,False,False,False,False,False,False,False,False,False,False,False
AAPL,2021-02-04,132.32142862825182,133.38931092314027,130.66133672600228,133.37960815429688,84183100,2021,2,5,Thursday,132.4379,130.0302734375,2.58,1.76,0.49,2.58,-0.49,0,0.0,128.73,127.4297,126.1294,124.8291,123.5288,122.2285,120.9282,119.6279,118.3275,117.0272,115.7269,114.4266,113.1263,111.826,110.5257,109.2254,107.9251,106.6248,105.3245,104.0242,102.7239,101.4236,100.1233,98.823,97.5227,False,False,False,False,False,False,False,False,False,False,False,False,False,False,False,False,False,False,False,False,False,False,False,False,False
AAPL,2021-02-05,133.5399993993488,133.6080499269068,132.09132576396362,132.9663543701172,75693800,2021,2,5,Friday,133.0514,133.37960815429688,-0.31,0.12,-0.97,-0.31,0.97,0,0.0,132.0458,130.712,129.3782,128.0444,126.7106,125.3768,124.043,122.7092,121.3754,120.0416,118.7079,117.3741,116.0403,114.7065,113.3727,112.0389,110.7051,109.3713,108.0375,106.7037,105.3699,104.0361,102.7023,101.3685,100.0347,False,False,False,False,False,False,False,False,False,False,False,False,False,False,False,False,False,False,False,False,False,False,False,False,False
AAPL,2021-02-08,132.2565886683768,133.16079860710033,131.1773789685877,133.1121826171875,71297200,2021,2,6,Monday,132.4267,132.9663543701172,0.11,-0.53,-1.35,0.11,1.35,1,131.6367,131.6367,130.307,128.9774,127.6477,126.318,124.9884,123.6587,122.329,120.9994,119.6697,118.3401,117.0104,115.6807,114.3511,113.0214,111.6917,110.3621,109.0324,107.7027,106.3731,105.0434,103.7138,102.3841,101.0544,99.7248,True,False,False,False,False,False,False,False,False,False,False,False,False,False,False,False,False,False,False,False,False,False,False,False,False
AAPL,2021-02-09,132.83026228313514,134.05532035390817,132.08163216824283,132.2371826171875,76774200,2021,2,6,Tuesday,132.8011,133.1121826171875,-0.66,-0.21,-0.77,-0.66,0.77,0,0.0,131.7811,130.4499,129.1188,127.7877,126.4566,125.1255,123.7943,122.4632,121.1321,119.801,118.4698,117.1387,115.8076,114.4765,113.1454,111.8142,110.4831,109.152,107.8209,106.4897,105.1586,103.8275,102.4964,101.1653,99.8341,False,False,False,False,False,False,False,False,False,False,False,False,False,False,False,False,False,False,False,False,False,False,False,False,False
AAPL,2021-02-10,132.69412944515517,133.18999187171354,130.6718255115653,131.63436889648438,73046600,2021,2,6,Wednesday,132.0476,132.2371826171875,-0.46,0.35,-1.18,-0.46,1.18,1,130.9148,130.9148,129.5924,128.2701,126.9477,125.6253,124.303,122.9806,121.6582,120.3358,119.0135,117.6911,116.3687,115.0463,113.724,112.4016,111.0792,109.7569,108.4345,107.1121,105.7897,104.4674,103.145,101.8226,100.5003,99.1779,True,False,False,False,False,False,False,False,False,False,False,False,False,False,False,False,False,False,False,False,False,False,False,False,False
AAPL,2021-02-11,132.13019115518452,132.6066041234454,130.05928645451803,131.38156127929688,64280000,2021,2,6,Thursday,131.5444,131.63436889648438,-0.19,0.38,-1.2,-0.19,1.2,1,130.318,130.318,129.0017,127.6853,126.369,125.0527,123.7363,122.42,121.1036,119.7873,118.4709,117.1546,115.8382,114.5219,113.2056,111.8892,110.5729,109.2565,107.9402,106.6238,105.3075,103.9912,102.6748,101.3585,100.0421,98.7258,True,False,False,False,False,False,False,False,False,False,False,False,False,False,False,False,False,False,False,False,False,False,False,False,False
AAPL,2021-02-12,130.62317336901577,131.77043336797686,129.9814780295048,131.6148681640625,60145100,2021,2,6,Friday,130.9975,131.38156127929688,0.18,-0.58,-1.07,0.18,1.07,1,130.0677,130.0677,128.7539,127.4401,126.1263,124.8125,123.4987,122.1849,120.871,119.5572,118.2434,116.9296,115.6158,114.302,112.9881,111.6743,110.3605,109.0467,107.7329,106.4191,105.1052,103.7914,102.4776,101.1638,99.85,98.5362,True,False,False,False,False,False,False,False,False,False,False,False,False,False,False,False,False,False,False,False,False,False,False,False,False
AAPL,2021-02-16,131.7316562846829,132.2372213540141,129.10653955576643,129.49545288085938,80576300,2021,2,7,Tuesday,130.6427,131.6148681640625,-1.61,0.09,-1.91,-1.61,1.91,1,130.2987,130.2987,128.9826,127.6664,126.3503,125.0341,123.718,122.4018,121.0857,119.7695,118.4534,117.1372,115.8211,114.5049,113.1888,111.8726,110.5565,109.2403,107.9242,106.608,105.2919,103.9757,102.6596,101.3434,100.0273,98.7112,True,False,False,False,False,False,False,False,False,False,False,False,False,False,False,False,False,False,False,False,False,False,False,False,False
AAPL,2021-02-17,127.6092016891494,128.55229564276027,125.87857903594,127.2105712890625,97918500,2021,2,7,Wednesday,127.3127,129.49545288085938,-1.76,-1.46,-2.79,-1.76,2.79,2,255.106,128.2005,126.9055,125.6106,124.3156,123.0207,121.7257,120.4308,119.1358,117.8409,116.5459,115.251,113.956,112.661,111.3661,110.0711,108.7762,107.4812,106.1863,104.8913,103.5964,102.3014,101.0065,99.7115,98.4165,97.1216,True,True,False,False,False,False,False,False,False,False,False,False,False,False,False,False,False,False,False,False,False,False,False,False,False
AAPL,2021-02-18,125.61605324019762,126.39386460486962,123.8757134782661,126.1119155883789,96856700,2021,2,7,Thursday,125.4994,127.2105712890625,-0.86,-1.25,-2.62,-0.86,2.62,2,250.6048,125.9385,124.6664,123.3943,122.1221,120.85,119.5779,118.3058,117.0337,115.7616,114.4895,113.2174,111.9453,110.6732,109.4011,108.129,106.8569,105.5848,104.3127,103.0406,101.7685,100.4964,99.2242,97.9521,96.68,95.4079,True,True,False,False,False,False,False,False,False,False,False,False,False,False,False,False,False,False,False,False,False,False,False,False,False
AAPL,2021-02-19,126.62721780066286,127.08418144033098,125.22716025236213,126.26747131347656,87668800,2021,2,7,Friday,126.3015,126.1119155883789,0.12,0.41,-0.7,0.12,0.7,0,0.0,124.8508,123.5897,122.3286,121.0674,119.8063,118.5452,117.2841,116.023,114.7618,113.5007,112.2396,110.9785,109.7174,108.4562,107.1951,105.934,104.6729,103.4118,102.1507,100.8895,99.6284,98.3673,97.1062,95.8451,94.5839,False,False,False,False,False,False,False,False,False,False,False,False,False,False,False,False,False,False,False,False,False,False,False,False,False
AAPL,2021-02-22,124.4590755242555,126.12164769737448,122.1159313080217,122.5048370361328,103916400,2021,2,8,Monday,123.8004,126.26747131347656,-2.98,-1.43,-3.29,-2.98,3.29,3,371.2264,125.0048,123.7421,122.4794,121.2168,119.9541,118.6914,117.4287,116.1661,114.9034,113.6407,112.378,111.1154,109.8527,108.59,107.3274,106.0647,104.802,103.5393,102.2767,101.014,99.7513,98.4886,97.226,95.9633,94.7006,True,True,True,False,False,False,False,False,False,False,False,False,False,False,False,False,False,False,False,False,False,False,False,False,False
AAPL,2021-02-23,120.32697521018063,123.19514104352083,115.10593306236852,122.36872100830078,158273000,2021,2,8,Tuesday,120.2492,122.5048370361328,-0.11,-1.78,-6.04,-0.11,6.04,6,709.303,121.2798,120.0547,118.8297,117.6046,116.3796,115.1545,113.9295,112.7045,111.4794,110.2544,109.0293,107.8043,106.5792,105.3542,104.1291,102.9041,101.679,100.454,99.2289,98.0039,96.7788,95.5538,94.3287,93.1037,91.8786,True,True,True,True,True,True,False,False,False,False,False,False,False,False,False,False,False,False,False,False,False,False,False,False,False
AAPL,2021-02-24,121.47422557501572,122.07702231944482,118.83940058972168,121.8728485107422,111039900,2021,2,8,Wednesday,121.0659,122.36872100830078,-0.41,-0.73,-2.88,-0.41,2.88,2,241.0664,121.145,119.9213,118.6977,117.474,116.2503,115.0266,113.8029,112.5792,111.3555,110.1318,108.9082,107.6845,106.4608,105.2371,104.0134,102.7897,101.566,100.3424,99.1187,97.895,96.6713,95.4476,94.2239,93.0002,91.7765,True,True,False,False,False,False,False,False,False,False,False,False,False,False,False,False,False,False,False,False,False,False,False,False,False
AAPL,2021-02-25,121.22144819930789,122.952070827566,117.19629003176654,117.63380432128906,148199500,2021,2,8,Thursday,119.7509,121.8728485107422,-3.48,-0.53,-3.84,-3.48,3.84,3,358.3062,120.6541,119.4354,118.2167,116.9979,115.7792,114.5605,113.3417,112.123,110.9043,109.6856,108.4668,107.2481,106.0294,104.8106,103.5919,102.3732,101.1545,99.9357,98.717,97.4983,96.2796,95.0608,93.8421,92.6234,91.4046,True,True,True,False,False,False,False,False,False,False,False,False,False,False,False,False,False,False,False,False,False,False,False,False,False
AAPL,2021-02-26,119.18943285020929,121.38674405752116,117.8379911024039,117.89633178710938,164560400,2021,2,8,Friday,119.0776,117.63380432128906,0.22,1.32,0.17,0.22,-0.17,0,0.0,116.4575,115.2811,114.1048,112.9285,111.7521,110.5758,109.3994,108.2231,107.0468,105.8704,104.6941,103.5177,102.3414,101.1651,99.9887,98.8124,97.6361,96.4597,95.2834,94.107,92.9307,91.7544,90.578,89.4017,88.2254,False,False,False,False,False,False,False,False,False,False,False,False,False,False,False,False,False,False,False,False,False,False,False,False,False
AAPL,2021-03-01,120.31722988203184,124.38127883253529,119.38386074641136,124.2451629638672,116307900,2021,3,9,Monday,122.0819,117.89633178710938,5.39,2.05,1.26,5.39,-1.26,0,0.0,116.7174,115.5384,114.3594,113.1805,112.0015,110.8226,109.6436,108.4646,107.2857,106.1067,104.9277,103.7488,102.5698,101.3908,100.2119,99.0329,97.854,96.675,95.496,94.3171,93.1381,91.9591,90.7802,89.6012,88.4222,False,False,False,False,False,False,False,False,False,False,False,False,False,False,False,False,False,False,False,False,False,False,False,False,False
AAPL,2021-03-02,124.84796874824156,125.14936711599788,121.5422817134225,121.64923095703124,102260900,2021,3,9,Tuesday,123.2972,124.2451629638672,-2.09,0.49,-2.18,-2.09,2.18,2,244.763,123.0027,121.7603,120.5178,119.2754,118.0329,116.7905,115.548,114.3055,113.0631,111.8206,110.5782,109.3357,108.0933,106.8508,105.6084,104.3659,103.1235,101.881,100.6386,99.3961,98.1537,96.9112,95.6688,94.4263,93.1839,True,True,False,False,False,False,False,False,False,False,False,False,False,False,False,False,False,False,False,False,False,False,False,False,False
AAPL,2021-03-03,121.3478501048512,122.2228861788261,118.46023476961405,118.67413330078124,112966300,2021,3,9,Wednesday,120.1763,121.64923095703124,-2.45,-0.25,-2.62,-2.45,2.62,2,239.649,120.4327,119.2162,117.9998,116.7833,115.5668,114.3503,113.1338,111.9173,110.7008,109.4843,108.2678,107.0513,105.8348,104.6183,103.4018,102.1854,100.9689,99.7524,98.5359,97.3194,96.1029,94.8864,93.6699,92.4534,91.2369,True,True,False,False,False,False,False,False,False,False,False,False,False,False,False,False,False,False,False,False,False,False,False,False,False
AAPL,2021-03-04,118.37271790565526,120.1713983779594,115.3295451588436,116.7976531982422,178155000,2021,3,9,Thursday,117.6678,118.67413330078124,-1.58,-0.25,-2.82,-1.58,2.82,2,233.788,117.4874,116.3007,115.1139,113.9272,112.7404,111.5537,110.3669,109.1802,107.9935,106.8067,105.62,104.4332,103.2465,102.0598,100.873,99.6863,98.4995,97.3128,96.126,94.9393,93.7526,92.5658,91.3791,90.1923,89.0056,True,True,False,False,False,False,False,False,False,False,False,False,False,False,False,False,False,False,False,False,False,False,False,False,False
AAPL,2021-03-05,117.62405985730818,118.5574288988168,114.30864851877308,118.05184936523438,153766600,2021,3,9,Friday,117.1355,116.7976531982422,1.07,0.71,-2.13,1.07,2.13,2,230.0914,115.6297,114.4617,113.2937,112.1257,110.9578,109.7898,108.6218,107.4538,106.2859,105.1179,103.9499,102.7819,101.614,100.446,99.278,98.11,96.9421,95.7741,94.6061,93.4381,92.2701,91.1022,89.9342,88.7662,87.5982,True,True,False,False,False,False,False,False,False,False,False,False,False,False,False,False,False,False,False,False,False,False,False,False,False
AAPL,2021-03-08,117.57547079483328,117.6435287378886,112.986399726646,113.13224029541016,154376600,2021,3,10,Monday,115.3344,118.05184936523438,-4.17,-0.4,-4.29,-4.17,4.29,4,460.4022,116.8713,115.6908,114.5103,113.3298,112.1493,110.9687,109.7882,108.6077,107.4272,106.2467,105.0661,103.8856,102.7051,101.5246,100.3441,99.1636,97.983,96.8025,95.622,94.4415,93.261,92.0804,90.8999,89.7194,88.5389,True,True,True,True,False,False,False,False,False,False,False,False,False,False,False,False,False,False,False,False,False,False,False,False,False
AAPL,2021-03-09,115.72815634992205,118.67410422916818,115.4948159266102,117.73101043701172,129525800,2021,3,10,Tuesday,116.907,113.13224029541016,4.06,2.29,2.09,4.06,-2.09,0,0.0,112.0009,110.8696,109.7383,108.607,107.4756,106.3443,105.213,104.0817,102.9503,101.819,100.6877,99.5564,98.425,97.2937,96.1624,95.0311,93.8998,92.7684,91.6371,90.5058,89.3745,88.2431,87.1118,85.9805,84.8492,False,False,False,False,False,False,False,False,False,False,False,False,False,False,False,False,False,False,False,False,False,False,False,False,False
AAPL,2021-03-10,118.31438187621302,118.7810627593394,116.13651302909358,116.65181732177734,111943300,2021,3,10,Wednesday,117.4709,117.73101043701172,-0.92,0.5,-1.35,-0.92,1.35,1,116.5537,116.5537,115.3764,114.1991,113.0218,111.8445,110.6671,109.4898,108.3125,107.1352,105.9579,104.7806,103.6033,102.426,101.2487,100.0714,98.894,97.7167,96.5394,95.3621,94.1848,93.0075,91.8302,90.6529,89.4756,88.2983,True,False,False,False,False,False,False,False,False,False,False,False,False,False,False,False,False,False,False,False,False,False,False,False,False
AAPL,2021-03-11,119.14080190524842,119.79221465640563,117.89630965893046,118.57688903808594,103026500,2021,3,10,Thursday,118.8516,116.65181732177734,1.65,2.13,1.07,1.65,-1.07,0,0.0,115.4853,114.3188,113.1523,111.9857,110.8192,109.6527,108.4862,107.3197,106.1532,104.9866,103.8201,102.6536,101.4871,100.3206,99.154,97.9875,96.821,95.6545,94.488,93.3215,92.1549,90.9884,89.8219,88.6554,87.4889,False,False,False,False,False,False,False,False,False,False,False,False,False,False,False,False,False,False,False,False,False,False,False,False,False
AAPL,2021-03-12,117.06016987865702,117.80880722667212,115.8545688924242,117.67269134521484,88105100,2021,3,10,Friday,117.0991,118.57688903808594,-0.76,-1.28,-2.3,-0.76,2.3,2,233.5965,117.3911,116.2054,115.0196,113.8338,112.648,111.4623,110.2765,109.0907,107.905,106.7192,105.5334,104.3477,103.1619,101.9761,100.7904,99.6046,98.4188,97.233,96.0473,94.8615,93.6757,92.49,91.3042,90.1184,88.9327,True,True,False,False,False,False,False,False,False,False,False,False,False,False,False,False,False,False,False,False,False,False,False,False,False
AAPL,2021-03-15,118.04215631738552,120.56030756816384,117.07961303714332,120.5505828857422,92403800,2021,3,11,Monday,119.0582,117.67269134521484,2.45,0.31,-0.5,2.45,0.5,0,0.0,116.496,115.3192,114.1425,112.9658,111.7891,110.6123,109.4356,108.2589,107.0821,105.9054,104.7287,103.552,102.3752,101.1985,100.0218,98.8451,97.6683,96.4916,95.3149,94.1382,92.9614,91.7847,90.608,89.4312,88.2545,False,False,False,False,False,False,False,False,False,False,False,False,False,False,False,False,False,False,False,False,False,False,False,False,False
AAPL,2021-03-16,122.21312976850402,123.69096973595796,121.26031872689654,122.08673858642578,115227900,2021,3,11,Tuesday,122.3128,120.5505828857422,1.27,1.38,0.59,1.27,-0.59,0,0.0,119.3451,118.1396,116.9341,115.7286,114.5231,113.3175,112.112,110.9065,109.701,108.4955,107.29,106.0845,104.879,103.6735,102.468,101.2625,100.057,98.8515,97.646,96.4405,95.235,94.0295,92.8239,91.6184,90.4129,False,False,False,False,False,False,False,False,False,False,False,False,False,False,False,False,False,False,False,False,False,False,False,False,False
AAPL,2021-03-17,120.6089207727318,122.36870994462072,118.94634875177348,121.29922485351562,111932600,2021,3,11,Wednesday,120.8058,122.08673858642578,-0.65,-1.21,-2.57,-0.65,2.57,2,240.5109,120.8659,119.645,118.4241,117.2033,115.9824,114.7615,113.5407,112.3198,111.0989,109.8781,108.6572,107.4363,106.2155,104.9946,103.7737,102.5529,101.332,100.1111,98.8903,97.6694,96.4485,95.2277,94.0068,92.7859,91.5651,True,True,False,False,False,False,False,False,False,False,False,False,False,False,False,False,False,False,False,False,False,False,False,False,False
AAPL,2021-03-18,119.47138014582728,119.76306129363483,116.98239537750578,117.1865692138672,121229700,2021,3,11,Thursday,118.3509,121.29922485351562,-3.39,-1.51,-3.56,-3.39,3.56,3,356.6197,120.0862,118.8732,117.6602,116.4473,115.2343,114.0213,112.8083,111.5953,110.3823,109.1693,107.9563,106.7433,105.5303,104.3173,103.1043,101.8913,100.6784,99.4654,98.2524,97.0394,95.8264,94.6134,93.4004,92.1874,90.9744,True,True,True,False,False,False,False,False,False,False,False,False,False,False,False,False,False,False,False,False,False,False,False,False,False
AAPL,2021-03-19,116.57402966087284,118.06158696536843,116.36013117462356,116.66152954101562,185549500,2021,3,11,Friday,116.9143,117.1865692138672,-0.45,-0.52,-0.71,-0.45,0.71,0,0.0,116.0147,114.8428,113.671,112.4991,111.3272,110.1554,108.9835,107.8116,106.6398,105.4679,104.296,103.1242,101.9523,100.7804,99.6086,98.4367,97.2649,96.093,94.9211,93.7493,92.5774,91.4055,90.2337,89.0618,87.8899,False,False,False,False,False,False,False,False,False,False,False,False,False,False,False,False,False,False,False,False,False,False,False,False,False
AAPL,2021-03-22,116.99211676480378,120.43392009028167,116.92405882126718,119.96723175048828,111912300,2021,3,12,Monday,118.5793,116.66152954101562,2.83,0.28,0.23,2.83,-0.23,0,0.0,115.4949,114.3283,113.1617,111.9951,110.8285,109.6618,108.4952,107.3286,106.162,104.9954,103.8288,102.6621,101.4955,100.3289,99.1623,97.9957,96.8291,95.6625,94.4958,93.3292,92.1626,90.996,89.8294,88.6628,87.4961,False,False,False,False,False,False,False,False,False,False,False,False,False,False,False,False,False,False,False,False,False,False,False,False,False
AAPL,2021-03-23,119.90889482634996,120.79364806529564,118.75190240381558,119.14080810546876,95467100,2021,3,12,Tuesday,119.6488,119.96723175048828,-0.69,-0.05,-1.01,-0.69,1.01,1,118.7676,118.7676,117.5679,116.3682,115.1685,113.9689,112.7692,111.5695,110.3699,109.1702,107.9705,106.7708,105.5712,104.3715,103.1718,101.9721,100.7725,99.5728,98.3731,97.1735,95.9738,94.7741,93.5744,92.3748,91.1751,89.9754,True,False,False,False,False,False,False,False,False,False,False,False,False,False,False,False,False,False,False,False,False,False,False,False,False
AAPL,2021-03-24,119.41304074611716,119.49082337056949,116.739324227083,116.7587661743164,88530500,2021,3,12,Wednesday,118.1005,119.14080810546876,-2.0,0.23,-2.02,-2.0,2.02,2,234.7074,117.9494,116.758,115.5666,114.3752,113.1838,111.9924,110.801,109.6095,108.4181,107.2267,106.0353,104.8439,103.6525,102.4611,101.2697,100.0783,98.8869,97.6955,96.5041,95.3126,94.1212,92.9298,91.7384,90.547,89.3556,True,True,False,False,False,False,False,False,False,False,False,False,False,False,False,False,False,False,False,False,False,False,False,False,False
AAPL,2021-03-25,116.22401924724316,118.2852141454854,115.6989976953015,117.24488830566406,98844700,2021,3,12,Thursday,116.8633,116.7587661743164,0.42,-0.46,-0.91,0.42,0.91,0,0.0,115.5912,114.4236,113.256,112.0884,110.9208,109.7532,108.5857,107.4181,106.2505,105.0829,103.9153,102.7477,101.5801,100.4125,99.245,98.0774,96.9098,95.7422,94.5746,93.407,92.2394,91.0718,89.9042,88.7367,87.5691,False,False,False,False,False,False,False,False,False,False,False,False,False,False,False,False,False,False,False,False,False,False,False,False,False
AAPL,2021-03-26,117.0115497729694,118.11020888610057,115.6212169602904,117.84769439697266,94071200,2021,3,12,Friday,117.1477,117.24488830566406,0.51,-0.2,-1.38,0.51,1.38,1,116.0724,116.0724,114.9,113.7275,112.5551,111.3826,110.2102,109.0377,107.8653,106.6928,105.5204,104.348,103.1755,102.0031,100.8306,99.6582,98.4857,97.3133,96.1408,94.9684,93.7959,92.6235,91.451,90.2786,89.1061,87.9337,True,False,False,False,False,False,False,False,False,False,False,False,False,False,False,False,False,False,False,False,False,False,False,False,False
AAPL,2021-03-29,118.27548724702228,119.1796897776827,117.3810093980004,118.02269744873048,80819200,2021,3,13,Monday,118.2147,117.84769439697266,0.15,0.36,-0.4,0.15,0.4,0,0.0,116.6692,115.4907,114.3123,113.1338,111.9553,110.7768,109.5984,108.4199,107.2414,106.0629,104.8844,103.706,102.5275,101.349,100.1705,98.9921,97.8136,96.6351,95.4566,94.2782,93.0997,91.9212,90.7427,89.5642,88.3858,False,False,False,False,False,False,False,False,False,False,False,False,False,False,False,False,False,False,False,False,False,False,False,False,False
AAPL,2021-03-30,116.77820181701264,117.06015823420088,115.56287626935224,116.57402801513672,85671900,2021,3,13,Tuesday,116.4938,118.02269744873048,-1.23,-1.05,-2.08,-1.23,2.08,2,232.5047,116.8425,115.6622,114.482,113.3018,112.1216,110.9413,109.7611,108.5809,107.4007,106.2204,105.0402,103.86,102.6797,101.4995,100.3193,99.1391,97.9588,96.7786,95.5984,94.4182,93.2379,92.0577,90.8775,89.6973,88.517,True,True,False,False,False,False,False,False,False,False,False,False,False,False,False,False,False,False,False,False,False,False,False,False,False
AAPL,2021-03-31,118.27548172785468,120.09360396821516,117.7893515172328,118.76161193847656,118323800,2021,3,13,Wednesday,118.73,116.57402801513672,1.88,1.46,1.04,1.88,-1.04,0,0.0,115.4083,114.2425,113.0768,111.9111,110.7453,109.5796,108.4138,107.2481,106.0824,104.9166,103.7509,102.5851,101.4194,100.2537,99.0879,97.9222,96.7564,95.5907,94.425,93.2592,92.0935,90.9277,89.762,88.5963,87.4305,False,False,False,False,False,False,False,False,False,False,False,False,False,False,False,False,False,False,False,False,False,False,False,False,False
AAPL,2021-04-01,120.22974638293908,120.73531861862072,119.0921958715762,119.58805084228516,75089100,2021,4,13,Thursday,119.9113,118.76161193847656,0.7,1.24,0.28,0.7,-0.28,0,0.0,117.574,116.3864,115.1988,114.0111,112.8235,111.6359,110.4483,109.2607,108.0731,106.8855,105.6978,104.5102,103.3226,102.135,100.9474,99.7598,98.5721,97.3845,96.1969,95.0093,93.8217,92.6341,91.4464,90.2588,89.0712,False,False,False,False,False,False,False,False,False,False,False,False,False,False,False,False,False,False,False,False,False,False,False,False,False
AAPL,2021-04-05,120.43388271740518,122.66035963326996,119.6560715317053,122.4075698852539,88651200,2021,4,14,Monday,121.2895,119.58805084228516,2.36,0.71,0.06,2.36,-0.06,0,0.0,118.3922,117.1963,116.0004,114.8045,113.6086,112.4128,111.2169,110.021,108.8251,107.6292,106.4334,105.2375,104.0416,102.8457,101.6498,100.454,99.2581,98.0622,96.8663,95.6704,94.4746,93.2787,92.0828,90.8869,89.691,False,False,False,False,False,False,False,False,False,False,False,False,False,False,False,False,False,False,False,False,False,False,False,False,False
AAPL,2021-04-06,122.99096372232243,123.60348521908364,122.16454371050696,122.7090072631836,80171300,2021,4,14,Tuesday,122.867,122.4075698852539,0.25,0.48,-0.2,0.25,0.2,0,0.0,121.1835,119.9594,118.7353,117.5113,116.2872,115.0631,113.839,112.615,111.3909,110.1668,108.9427,107.7187,106.4946,105.2705,104.0464,102.8224,101.5983,100.3742,99.1501,97.9261,96.702,95.4779,94.2538,93.0298,91.8057,False,False,False,False,False,False,False,False,False,False,False,False,False,False,False,False,False,False,False,False,False,False,False,False,False
AAPL,2021-04-07,122.33954050731288,124.37156139198876,121.66867838856396,124.35211944580078,83466700,2021,4,14,Wednesday,123.183,122.7090072631836,1.34,-0.3,-0.85,1.34,0.85,0,0.0,121.4819,120.2548,119.0277,117.8006,116.5736,115.3465,114.1194,112.8923,111.6652,110.4381,109.211,107.9839,106.7568,105.5297,104.3027,103.0756,101.8485,100.6214,99.3943,98.1672,96.9401,95.713,94.4859,93.2588,92.0318,False,False,False,False,False,False,False,False,False,False,False,False,False,False,False,False,False,False,False,False,False,False,False,False,False
AAPL,2021-04-08,125.37298279315496,126.77304022302052,124.95491791825974,126.7438735961914,88844600,2021,4,14,Thursday,125.9612,124.35211944580078,1.92,0.82,0.48,1.92,-0.48,0,0.0,123.1086,121.8651,120.6216,119.378,118.1345,116.891,115.6475,114.4039,113.1604,111.9169,110.6734,109.4299,108.1863,106.9428,105.6993,104.4558,103.2123,101.9687,100.7252,99.4817,98.2382,96.9947,95.7511,94.5076,93.2641,False,False,False,False,False,False,False,False,False,False,False,False,False,False,False,False,False,False,False,False,False,False,False,False,False
AAPL,2021-04-09,126.19942288071834,129.34953758105655,125.87857511762488,129.31065368652344,106686700,2021,4,14,Friday,127.6845,126.7438735961914,2.03,-0.43,-0.68,2.03,0.68,0,0.0,125.4764,124.209,122.9416,121.6741,120.4067,119.1392,117.8718,116.6044,115.3369,114.0695,112.802,111.5346,110.2672,108.9997,107.7323,106.4649,105.1974,103.93,102.6625,101.3951,100.1277,98.8602,97.5928,96.3253,95.0579,False,False,False,False,False,False,False,False,False,False,False,False,False,False,False,False,False,False,False,False,False,False,False,False,False
AAPL,2021-04-12,128.84397199003766,129.16481975117756,127.00640014752256,127.59947967529295,91420000,2021,4,15,Monday,128.1537,129.31065368652344,-1.32,-0.36,-1.78,-1.32,1.78,1,128.0175,128.0175,126.7244,125.4313,124.1382,122.8451,121.552,120.2589,118.9658,117.6727,116.3796,115.0865,113.7934,112.5003,111.2072,109.9141,108.6209,107.3278,106.0347,104.7416,103.4485,102.1554,100.8623,99.5692,98.2761,96.983,True,False,False,False,False,False,False,False,False,False,False,False,False,False,False,False,False,False,False,False,False,False,False,False,False
AAPL,2021-04-13,128.7661695536294,130.9245888251844,128.2703072556539,130.70095825195312,91266500,2021,4,15,Tuesday,129.6655,127.59947967529295,2.43,0.91,0.53,2.43,-0.53,0,0.0,126.3235,125.0475,123.7715,122.4955,121.2195,119.9435,118.6675,117.3915,116.1155,114.8395,113.5635,112.2875,111.0115,109.7356,108.4596,107.1836,105.9076,104.6316,103.3556,102.0796,100.8036,99.5276,98.2516,96.9756,95.6996,False,False,False,False,False,False,False,False,False,False,False,False,False,False,False,False,False,False,False,False,False,False,False,False,False
AAPL,2021-04-14,131.19683535032675,131.25516860713591,128.00782207026887,128.3675537109375,87222800,2021,4,15,Wednesday,129.7068,130.70095825195312,-1.79,0.38,-2.06,-1.79,2.06,2,257.4809,129.3939,128.0869,126.7799,125.4729,124.1659,122.8589,121.5519,120.2449,118.9379,117.6309,116.3239,115.0168,113.7098,112.4028,111.0958,109.7888,108.4818,107.1748,105.8678,104.5608,103.2538,101.9467,100.6397,99.3327,98.0257,True,True,False,False,False,False,False,False,False,False,False,False,False,False,False,False,False,False,False,False,False,False,False,False,False
AAPL,2021-04-15,130.10789773924117,131.2551579244961,129.93288314753977,130.76902770996094,89347100,2021,4,15,Thursday,130.5162,128.3675537109375,1.87,1.36,1.22,1.87,-1.22,0,0.0,127.0839,125.8002,124.5165,123.2329,121.9492,120.6655,119.3818,118.0981,116.8145,115.5308,114.2471,112.9634,111.6798,110.3961,109.1124,107.8287,106.5451,105.2614,103.9777,102.694,101.4104,100.1267,98.843,97.5593,96.2757,False,False,False,False,False,False,False,False,False,False,False,False,False,False,False,False,False,False,False,False,False,False,False,False,False
AAPL,2021-04-16,130.57459244358938,130.9343240931431,129.58288254678484,130.4384765625,84922400,2021,4,15,Friday,130.3826,130.76902770996094,-0.25,-0.15,-0.91,-0.25,0.91,0,0.0,129.4613,128.1536,126.846,125.5383,124.2306,122.9229,121.6152,120.3075,118.9998,117.6921,116.3844,115.0767,113.7691,112.4614,111.1537,109.846,108.5383,107.2306,105.9229,104.6152,103.3075,101.9998,100.6922,99.3845,98.0768,False,False,False,False,False,False,False,False,False,False,False,False,False,False,False,False,False,False,False,False,False,False,False,False,False
AAPL,2021-04-19,129.80648595127033,131.71212294052938,129.64120345679902,131.09959411621094,94264200,2021,4,16,Monday,130.5649,130.4384765625,0.51,-0.48,-0.61,0.51,0.61,0,0.0,129.1341,127.8297,126.5253,125.2209,123.9166,122.6122,121.3078,120.0034,118.699,117.3946,116.0902,114.7859,113.4815,112.1771,110.8727,109.5683,108.2639,106.9596,105.6552,104.3508,103.0464,101.742,100.4376,99.1332,97.8289,False,False,False,False,False,False,False,False,False,False,False,False,False,False,False,False,False,False,False,False,False,False,False,False,False
AAPL,2021-04-20,131.27462375202614,131.7704712922572,128.15366085563892,129.4176025390625,94812300,2021,4,16,Tuesday,130.1541,131.09959411621094,-1.28,0.13,-2.25,-1.28,2.25,2,258.2662,129.7886,128.4776,127.1666,125.8556,124.5446,123.2336,121.9226,120.6116,119.3006,117.9896,116.6786,115.3676,114.0566,112.7457,111.4347,110.1237,108.8127,107.5017,106.1907,104.8797,103.5687,102.2577,100.9467,99.6357,98.3247,True,True,False,False,False,False,False,False,False,False,False,False,False,False,False,False,False,False,False,False,False,False,False,False,False
AAPL,2021-04-21,128.68840701349623,130.03984858480732,127.65781320400242,129.79678344726562,68847100,2021,4,16,Wednesday,129.0457,129.4176025390625,0.29,-0.56,-1.36,0.29,1.36,1,128.1234,128.1234,126.8293,125.5351,124.2409,122.9467,121.6525,120.3584,119.0642,117.77,116.4758,115.1817,113.8875,112.5933,111.2991,110.005,108.7108,107.4166,106.1224,104.8283,103.5341,102.2399,100.9457,99.6516,98.3574,97.0632,True,False,False,False,False,False,False,False,False,False,False,False,False,False,False,False,False,False,False,False,False,False,False,False,False
AAPL,2021-04-22,129.349583680099,130.4287938731184,127.76480850037647,128.2801055908203,84566500,2021,4,16,Thursday,128.9558,129.79678344726562,-1.17,-0.34,-1.57,-1.17,1.57,1,128.4988,128.4988,127.2008,125.9029,124.6049,123.3069,122.009,120.711,119.413,118.1151,116.8171,115.5191,114.2212,112.9232,111.6252,110.3273,109.0293,107.7313,106.4334,105.1354,103.8374,102.5395,101.2415,99.9435,98.6456,97.3476,True,False,False,False,False,False,False,False,False,False,False,False,False,False,False,False,False,False,False,False,False,False,False,False,False
AAPL,2021-04-23,128.49395363729542,131.37183646308597,128.49395363729542,130.5940399169922,78657500,2021,4,16,Friday,129.7384,128.2801055908203,1.8,0.17,0.17,1.8,-0.17,0,0.0,126.9973,125.7145,124.4317,123.1489,121.8661,120.5833,119.3005,118.0177,116.7349,115.4521,114.1693,112.8865,111.6037,110.3209,109.0381,107.7553,106.4725,105.1897,103.9069,102.6241,101.3413,100.0585,98.7757,97.4929,96.2101,False,False,False,False,False,False,False,False,False,False,False,False,False,False,False,False,False,False,False,False,False,False,False,False,False
AAPL,2021-04-26,131.08988992627178,131.3135056957382,129.85511489088012,130.98294067382812,66905100,2021,4,17,Monday,130.8104,130.5940399169922,0.3,0.38,-0.57,0.3,0.57,0,0.0,129.2881,127.9822,126.6762,125.3703,124.0643,122.7584,121.4525,120.1465,118.8406,117.5346,116.2287,114.9228,113.6168,112.3109,111.0049,109.699,108.3931,107.0871,105.7812,104.4752,103.1693,101.8634,100.5574,99.2515,97.9455,False,False,False,False,False,False,False,False,False,False,False,False,False,False,False,False,False,False,False,False,False,False,False,False,False
AAPL,2021-04-27,131.26490623623846,131.65381940116677,130.38987757731036,130.662109375,66015800,2021,4,17,Tuesday,130.9927,130.98294067382812,-0.24,0.22,-0.45,-0.24,0.45,0,0.0,129.6731,128.3633,127.0535,125.7436,124.4338,123.124,121.8141,120.5043,119.1945,117.8846,116.5748,115.265,113.9552,112.6453,111.3355,110.0257,108.7158,107.406,106.0962,104.7864,103.4765,102.1667,100.8569,99.547,98.2372,False,False,False,False,False,False,False,False,False,False,False,False,False,False,False,False,False,False,False,False,False,False,False,False,False
AAPL,2021-04-28,130.5842881537486,131.27459954530588,129.3884120504617,129.87454223632812,107760100,2021,4,17,Wednesday,130.2805,130.662109375,-0.6,-0.06,-0.97,-0.6,0.97,0,0.0,129.3555,128.0489,126.7422,125.4356,124.129,122.8224,121.5158,120.2091,118.9025,117.5959,116.2893,114.9827,113.676,112.3694,111.0628,109.7562,108.4496,107.1429,105.8363,104.5297,103.2231,101.9164,100.6098,99.3032,97.9966,False,False,False,False,False,False,False,False,False,False,False,False,False,False,False,False,False,False,False,False,False,False,False,False,False
AAPL,2021-04-29,132.68440835234537,133.2677706601101,128.775916495569,129.77734375,151101000,2021,4,17,Thursday,131.1264,129.87454223632812,-0.07,2.16,-0.85,-0.07,0.85,0,0.0,128.5758,127.2771,125.9783,124.6796,123.3808,122.0821,120.7833,119.4846,118.1858,116.8871,115.5883,114.2896,112.9909,111.6921,110.3934,109.0946,107.7959,106.4971,105.1984,103.8996,102.6009,101.3021,100.0034,98.7047,97.4059,False,False,False,False,False,False,False,False,False,False,False,False,False,False,False,False,False,False,False,False,False,False,False,False,False
AAPL,2021-04-30,128.124508335276,129.85513111982132,127.43421157592876,127.81339263916016,109839500,2021,4,17,Friday,128.3068,129.77734375,-1.51,-1.27,-1.81,-1.51,1.81,1,128.4796,128.4796,127.1818,125.884,124.5862,123.2885,121.9907,120.6929,119.3952,118.0974,116.7996,115.5018,114.2041,112.9063,111.6085,110.3107,109.013,107.7152,106.4174,105.1196,103.8219,102.5241,101.2263,99.9286,98.6308,97.333,True,False,False,False,False,False,False,False,False,False,False,False,False,False,False,False,False,False,False,False,False,False,False,False,False
AAPL,2021-05-03,128.3772578570978,130.35096013574108,128.17309147912826,128.86338806152344,75135100,2021,5,18,Monday,128.9412,127.81339263916016,0.82,0.44,0.28,0.82,-0.28,0,0.0,126.5353,125.2571,123.979,122.7009,121.4227,120.1446,118.8665,117.5883,116.3102,115.0321,113.7539,112.4758,111.1977,109.9195,108.6414,107.3632,106.0851,104.807,103.5288,102.2507,100.9726,99.6944,98.4163,97.1382,95.86,False,False,False,False,False,False,False,False,False,False,False,False,False,False,False,False,False,False,False,False,False,False,False,False,False
AAPL,2021-05-04,127.55086673903944,127.84254787757098,123.18541143255057,124.3035125732422,137564700,2021,5,18,Tuesday,125.7206,128.86338806152344,-3.54,-1.02,-4.41,-3.54,4.41,4,502.5672,127.5748,126.2861,124.9975,123.7089,122.4202,121.1316,119.843,118.5543,117.2657,115.977,114.6884,113.3998,112.1111,110.8225,109.5339,108.2452,106.9566,105.668,104.3793,103.0907,101.8021,100.5134,99.2248,97.9362,96.6475,True,True,True,True,False,False,False,False,False,False,False,False,False,False,False,False,False,False,False,False,False,False,False,False,False
AAPL,2021-05-05,125.61607050473611,126.83139629296988,124.42019408305968,124.54659271240234,84000900,2021,5,18,Wednesday,125.3536,124.3035125732422,0.2,1.06,0.09,0.2,-0.09,0,0.0,123.0605,121.8174,120.5744,119.3314,118.0883,116.8453,115.6023,114.3592,113.1162,111.8732,110.6301,109.3871,108.1441,106.901,105.658,104.415,103.1719,101.9289,100.6858,99.4428,98.1998,96.9567,95.7137,94.4707,93.2276,False,False,False,False,False,False,False,False,False,False,False,False,False,False,False,False,False,False,False,False,False,False,False,False,False
AAPL,2021-05-06,124.34237234047136,126.15077713795044,123.60345241667964,126.14105987548828,78128300,2021,5,18,Thursday,125.0594,124.54659271240234,1.28,-0.16,-0.76,1.28,0.76,0,0.0,123.3011,122.0557,120.8102,119.5647,118.3193,117.0738,115.8283,114.5829,113.3374,112.0919,110.8465,109.601,108.3555,107.1101,105.8646,104.6191,103.3737,102.1282,100.8827,99.6373,98.3918,97.1463,95.9009,94.6554,93.4099,False,False,False,False,False,False,False,False,False,False,False,False,False,False,False,False,False,False,False,False,False,False,False,False,False
AAPL,2021-05-07,127.43637521223602,127.83566778817108,126.10210583375782,126.81307220458984,78973300,2021,5,18,Friday,127.0468,126.14105987548828,0.53,1.03,-0.03,0.53,0.03,0,0.0,124.8796,123.6182,122.3568,121.0954,119.834,118.5726,117.3112,116.0498,114.7884,113.527,112.2655,111.0041,109.7427,108.4813,107.2199,105.9585,104.6971,103.4357,102.1743,100.9128,99.6514,98.39,97.1286,95.8672,94.6058,False,False,False,False,False,False,False,False,False,False,False,False,False,False,False,False,False,False,False,False,False,False,False,False,False
AAPL,2021-05-10,126.03395306208488,126.16055151436144,123.50177596650867,123.54073333740234,88071200,2021,5,19,Monday,124.8093,126.81307220458984,-2.58,-0.61,-2.61,-2.58,2.61,2,249.8218,125.5449,124.2768,123.0087,121.7405,120.4724,119.2043,117.9362,116.668,115.3999,114.1318,112.8636,111.5955,110.3274,109.0592,107.7911,106.523,105.2548,103.9867,102.7186,101.4505,100.1823,98.9142,97.6461,96.3779,95.1098,True,True,False,False,False,False,False,False,False,False,False,False,False,False,False,False,False,False,False,False,False,False,False,False,False
AAPL,2021-05-11,120.2781279910728,122.97586087179818,119.5671689854115,122.62525939941406,126142800,2021,5,19,Tuesday,121.3616,123.54073333740234,-0.74,-2.64,-3.22,-0.74,3.22,3,363.2098,122.3053,121.0699,119.8345,118.5991,117.3637,116.1283,114.8929,113.6575,112.4221,111.1867,109.9513,108.7158,107.4804,106.245,105.0096,103.7742,102.5388,101.3034,100.068,98.8326,97.5972,96.3618,95.1264,93.891,92.6556,True,True,True,False,False,False,False,False,False,False,False,False,False,False,False,False,False,False,False,False,False,False,False,False,False
AAPL,2021-05-12,120.18074615402476,121.3883949923918,119.06074583190636,119.56717681884766,112172300,2021,5,19,Wednesday,120.0493,122.62525939941406,-2.49,-1.99,-2.91,-2.49,2.91,2,241.5718,121.399,120.1728,118.9465,117.7202,116.494,115.2677,114.0415,112.8152,111.589,110.3627,109.1365,107.9102,106.684,105.4577,104.2315,103.0052,101.779,100.5527,99.3265,98.1002,96.874,95.6477,94.4214,93.1952,91.9689,True,True,False,False,False,False,False,False,False,False,False,False,False,False,False,False,False,False,False,False,False,False,False,False,False
AAPL,2021-05-13,121.3299451595894,122.85898653118863,121.0182936516952,121.70977020263672,105861300,2021,5,19,Thursday,121.7292,119.56717681884766,1.79,1.47,1.21,1.79,-1.21,0,0.0,118.3715,117.1758,115.9802,114.7845,113.5888,112.3931,111.1975,110.0018,108.8061,107.6105,106.4148,105.2191,104.0234,102.8278,101.6321,100.4364,99.2408,98.0451,96.8494,95.6537,94.4581,93.2624,92.0667,90.8711,89.6754,False,False,False,False,False,False,False,False,False,False,False,False,False,False,False,False,False,False,False,False,False,False,False,False,False
AAPL,2021-05-14,122.95638491442686,124.55359993393608,122.56681864446786,124.12507629394533,81918000,2021,5,19,Friday,123.5505,121.70977020263672,1.98,1.02,0.7,1.98,-0.7,0,0.0,120.4927,119.2756,118.0585,116.8414,115.6243,114.4072,113.1901,111.973,110.7559,109.5388,108.3217,107.1046,105.8875,104.6704,103.4533,102.2362,101.0191,99.802,98.5849,97.3678,96.1507,94.9336,93.7165,92.4994,91.2823,False,False,False,False,False,False,False,False,False,False,False,False,False,False,False,False,False,False,False,False,False,False,False,False,False
AAPL,2021-05-17,123.51150748616402,123.61863839013512,121.90455135695586,122.9758529663086,74244600,2021,5,20,Monday,123.0026,124.12507629394533,-0.93,-0.49,-1.79,-0.93,1.79,1,122.8838,122.8838,121.6426,120.4013,119.1601,117.9188,116.6776,115.4363,114.1951,112.9538,111.7126,110.4713,109.2301,107.9888,106.7476,105.5063,104.2651,103.0238,101.7826,100.5413,99.3001,98.0588,96.8176,95.5763,94.3351,93.0938,True,False,False,False,False,False,False,False,False,False,False,False,False,False,False,False,False,False,False,False,False,False,False,False,False
AAPL,2021-05-18,123.25829164809352,123.67707407576847,121.5247295992301,121.59290313720705,63342900,2021,5,20,Tuesday,122.5132,122.9758529663086,-1.12,0.23,-1.18,-1.12,1.18,1,121.7461,121.7461,120.5163,119.2866,118.0568,116.8271,115.5973,114.3675,113.1378,111.908,110.6783,109.4485,108.2188,106.989,105.7592,104.5295,103.2997,102.07,100.8402,99.6104,98.3807,97.1509,95.9212,94.6914,93.4616,92.2319,True,False,False,False,False,False,False,False,False,False,False,False,False,False,False,False,False,False,False,False,False,False,False,False,False
AAPL,2021-05-19,119.94699632595916,121.66107596519278,119.65481977612976,121.43708038330078,92612000,2021,5,20,Wednesday,120.675,121.59290313720705,-0.13,-1.35,-1.59,-0.13,1.59,1,120.377,120.377,119.161,117.9451,116.7292,115.5133,114.2973,113.0814,111.8655,110.6495,109.4336,108.2177,107.0018,105.7858,104.5699,103.354,102.138,100.9221,99.7062,98.4903,97.2743,96.0584,94.8425,93.6265,92.4106,91.1947,True,False,False,False,False,False,False,False,False,False,False,False,False,False,False,False,False,False,False,False,False,False,False,False,False
AAPL,2021-05-20,121.96301512916868,124.38805416925352,121.8364018011778,123.9887466430664,76857100,2021,5,20,Thursday,123.0441,121.43708038330078,2.1,0.43,0.33,2.1,-0.33,0,0.0,120.2227,119.0083,117.794,116.5796,115.3652,114.1509,112.9365,111.7221,110.5077,109.2934,108.079,106.8646,105.6503,104.4359,103.2215,102.0071,100.7928,99.5784,98.364,97.1497,95.9353,94.7209,93.5066,92.2922,91.0778,False,False,False,False,False,False,False,False,False,False,False,False,False,False,False,False,False,False,False,False,False,False,False,False,False
AAPL,2021-05-21,124.48543261389996,124.66073707262268,121.9435216775998,122.15778350830078,79295400,2021,5,20,Friday,123.3119,123.9887466430664,-1.48,0.4,-1.65,-1.48,1.65,1,122.7489,122.7489,121.509,120.2691,119.0292,117.7893,116.5494,115.3095,114.0696,112.8298,111.5899,110.35,109.1101,107.8702,106.6303,105.3904,104.1505,102.9107,101.6708,100.4309,99.191,97.9511,96.7112,95.4713,94.2314,92.9916,True,False,False,False,False,False,False,False,False,False,False,False,False,False,False,False,False,False,False,False,False,False,False,False,False
AAPL,2021-05-24,122.72264972174192,124.60230012567476,122.65447618088876,123.78421020507812,63092900,2021,5,21,Monday,123.4409,122.15778350830078,1.33,0.46,0.41,1.33,-0.41,0,0.0,120.9362,119.7146,118.4931,117.2715,116.0499,114.8283,113.6067,112.3852,111.1636,109.942,108.7204,107.4988,106.2773,105.0557,103.8341,102.6125,101.391,100.1694,98.9478,97.7262,96.5046,95.2831,94.0615,92.8399,91.6183,False,False,False,False,False,False,False,False,False,False,False,False,False,False,False,False,False,False,False,False,False,False,False,False,False
AAPL,2021-05-25,124.48542900111524,124.9723924215316,123.02456103094238,123.58943176269533,72009500,2021,5,21,Tuesday,124.018,123.78421020507812,-0.16,0.57,-0.61,-0.16,0.61,0,0.0,122.5464,121.3085,120.0707,118.8328,117.595,116.3572,115.1193,113.8815,112.6436,111.4058,110.1679,108.9301,107.6923,106.4544,105.2166,103.9787,102.7409,101.5031,100.2652,99.0274,97.7895,96.5517,95.3138,94.076,92.8382,False,False,False,False,False,False,False,False,False,False,False,False,False,False,False,False,False,False,False,False,False,False,False,False,False
AAPL,2021-05-26,123.6478642497702,124.06664669892854,123.12195088824402,123.54073333740234,56575900,2021,5,21,Wednesday,123.5943,123.58943176269533,-0.04,0.05,-0.38,-0.04,0.38,0,0.0,122.3535,121.1176,119.8817,118.6459,117.41,116.1741,114.9382,113.7023,112.4664,111.2305,109.9946,108.7587,107.5228,106.2869,105.051,103.8151,102.5792,101.3433,100.1074,98.8715,97.6357,96.3998,95.1639,93.928,92.6921,False,False,False,False,False,False,False,False,False,False,False,False,False,False,False,False,False,False,False,False,False,False,False,False,False
AAPL,2021-05-27,123.1414450640804,124.3101365812093,121.81692404847594,122.01170349121094,94625600,2021,5,21,Thursday,122.8201,123.54073333740234,-1.24,-0.32,-1.4,-1.24,1.4,1,122.3053,122.3053,121.0699,119.8345,118.5991,117.3637,116.1283,114.8929,113.6575,112.4221,111.1867,109.9513,108.7158,107.4804,106.245,105.0096,103.7742,102.5388,101.3034,100.068,98.8326,97.5972,96.3618,95.1264,93.891,92.6556,True,False,False,False,False,False,False,False,False,False,False,False,False,False,False,False,False,False,False,False,False,False,False,False,False
AAPL,2021-05-28,122.29411590101697,122.51811890538758,121.30072904118605,121.35916137695312,71311100,2021,5,21,Friday,121.868,122.01170349121094,-0.53,0.23,-0.58,-0.53,0.58,0,0.0,120.7916,119.5715,118.3514,117.1312,115.9111,114.691,113.4709,112.2508,111.0307,109.8105,108.5904,107.3703,106.1502,104.9301,103.7099,102.4898,101.2697,100.0496,98.8295,97.6094,96.3892,95.1691,93.949,92.7289,91.5088,False,False,False,False,False,False,False,False,False,False,False,False,False,False,False,False,False,False,False,False,False,False,False,False,False
AAPL,2021-06-01,121.81690564628396,122.07985859728936,120.70664664362424,121.03777313232422,67637100,2021,6,22,Tuesday,121.4103,121.35916137695312,-0.26,0.38,-0.54,-0.26,0.54,0,0.0,120.1456,118.932,117.7184,116.5048,115.2912,114.0776,112.864,111.6504,110.4368,109.2232,108.0097,106.7961,105.5825,104.3689,103.1553,101.9417,100.7281,99.5145,98.3009,97.0873,95.8737,94.6601,93.4466,92.233,91.0194,False,False,False,False,False,False,False,False,False,False,False,False,False,False,False,False,False,False,False,False,False,False,False,False,False
AAPL,2021-06-02,121.03776661351102,121.97272112169324,120.81377104330336,121.79741668701172,59278900,2021,6,22,Wednesday,121.4054,121.03777313232422,0.63,-0.0,-0.19,0.63,0.19,0,0.0,119.8274,118.617,117.4066,116.1963,114.9859,113.7755,112.5651,111.3548,110.1444,108.934,107.7236,106.5132,105.3029,104.0925,102.8821,101.6717,100.4614,99.251,98.0406,96.8302,95.6198,94.4095,93.1991,91.9887,90.7783,False,False,False,False,False,False,False,False,False,False,False,False,False,False,False,False,False,False,False,False,False,False,False,False,False
AAPL,2021-06-03,121.4273366140028,121.59289985456871,119.91777018909228,120.31707763671876,76229200,2021,6,22,Thursday,120.8138,121.79741668701172,-1.22,-0.3,-1.54,-1.22,1.54,1,120.5794,120.5794,119.3615,118.1435,116.9255,115.7075,114.4896,113.2716,112.0536,110.8356,109.6177,108.3997,107.1817,105.9638,104.7458,103.5278,102.3098,101.0919,99.8739,98.6559,97.4379,96.22,95.002,93.784,92.566,91.3481,True,False,False,False,False,False,False,False,False,False,False,False,False,False,False,False,False,False,False,False,False,False,False,False,False
AAPL,2021-06-04,120.83326952469692,122.86874960294172,120.61900768168596,122.60578918457033,75169300,2021,6,22,Friday,121.7317,120.31707763671876,1.9,0.43,0.25,1.9,-0.25,0,0.0,119.1139,117.9107,116.7076,115.5044,114.3012,113.0981,111.8949,110.6917,109.4885,108.2854,107.0822,105.879,104.6759,103.4727,102.2695,101.0663,99.8632,98.66,97.4568,96.2537,95.0505,93.8473,92.6441,91.441,90.2378,False,False,False,False,False,False,False,False,False,False,False,False,False,False,False,False,False,False,False,False,False,False,False,False,False
AAPL,2021-06-07,122.878461975424,123.02455024570588,121.57342360305104,122.61550903320312,71057600,2021,6,23,Monday,122.523,122.60578918457033,0.01,0.22,-0.84,0.01,0.84,0,0.0,121.3797,120.1537,118.9276,117.7016,116.4755,115.2494,114.0234,112.7973,111.5713,110.3452,109.1192,107.8931,106.667,105.441,104.2149,102.9889,101.7628,100.5367,99.3107,98.0846,96.8586,95.6325,94.4065,93.1804,91.9543,False,False,False,False,False,False,False,False,False,False,False,False,False,False,False,False,False,False,False,False,False,False,False,False,False
AAPL,2021-06-08,123.29725429760116,125.10873859219603,122.91742922255408,123.43360137939452,74403800,2021,6,23,Tuesday,123.6893,122.61550903320312,0.67,0.56,0.25,0.67,-0.25,0,0.0,121.3894,120.1632,118.937,117.7109,116.4847,115.2586,114.0324,112.8063,111.5801,110.354,109.1278,107.9016,106.6755,105.4493,104.2232,102.997,101.7709,100.5447,99.3186,98.0924,96.8663,95.6401,94.4139,93.1878,91.9616,False,False,False,False,False,False,False,False,False,False,False,False,False,False,False,False,False,False,False,False,False,False,False,False,False
AAPL,2021-06-09,123.89133789579034,124.41725123885396,123.21933627459374,123.81342315673828,56877900,2021,6,23,Wednesday,123.8353,123.43360137939452,0.31,0.37,-0.17,0.31,0.17,0,0.0,122.1993,120.9649,119.7306,118.4963,117.2619,116.0276,114.7932,113.5589,112.3246,111.0902,109.8559,108.6216,107.3872,106.1529,104.9186,103.6842,102.4499,101.2156,99.9812,98.7469,97.5125,96.2782,95.0439,93.8095,92.5752,False,False,False,False,False,False,False,False,False,False,False,False,False,False,False,False,False,False,False,False,False,False,False,False,False
AAPL,2021-06-10,123.7063015458541,124.84578425664763,122.65448221103098,122.8200454711914,71186400,2021,6,23,Thursday,123.5067,123.81342315673828,-0.8,-0.09,-0.94,-0.8,0.94,0,0.0,122.5753,121.3372,120.099,118.8609,117.6228,116.3846,115.1465,113.9083,112.6702,111.4321,110.1939,108.9558,107.7177,106.4795,105.2414,104.0033,102.7651,101.527,100.2889,99.0507,97.8126,96.5745,95.3363,94.0982,92.8601,False,False,False,False,False,False,False,False,False,False,False,False,False,False,False,False,False,False,False,False,False,False,False,False,False
AAPL,2021-06-11,123.2290871401218,124.11535064804696,122.81030467281764,124.02769470214844,53522400,2021,6,23,Friday,123.5456,122.8200454711914,0.98,0.33,-0.01,0.98,0.01,0,0.0,121.5918,120.3636,119.1354,117.9072,116.679,115.4508,114.2226,112.9944,111.7662,110.538,109.3098,108.0816,106.8534,105.6252,104.397,103.1688,101.9406,100.7124,99.4842,98.256,97.0278,95.7996,94.5714,93.3432,92.115,False,False,False,False,False,False,False,False,False,False,False,False,False,False,False,False,False,False,False,False,False,False,False,False,False
AAPL,2021-06-14,124.48543247038134,127.134466888619,123.75499846493857,127.07603454589844,96906500,2021,6,24,Monday,125.6127,124.02769470214844,2.46,0.37,-0.22,2.46,0.22,0,0.0,122.7874,121.5471,120.3069,119.0666,117.8263,116.586,115.3458,114.1055,112.8652,111.6249,110.3846,109.1444,107.9041,106.6638,105.4235,104.1833,102.943,101.7027,100.4624,99.2222,97.9819,96.7416,95.5013,94.261,93.0208,False,False,False,False,False,False,False,False,False,False,False,False,False,False,False,False,False,False,False,False,False,False,False,False,False
AAPL,2021-06-15,126.5501263983375,127.19291187851302,126.01447183152456,126.25794982910156,62746300,2021,6,24,Tuesday,126.5039,127.07603454589844,-0.64,-0.41,-0.84,-0.64,0.84,0,0.0,125.8053,124.5345,123.2638,121.993,120.7222,119.4515,118.1807,116.91,115.6392,114.3684,113.0977,111.8269,110.5562,109.2854,108.0146,106.7439,105.4731,104.2023,102.9316,101.6608,100.3901,99.1193,97.8485,96.5778,95.307,False,False,False,False,False,False,False,False,False,False,False,False,False,False,False,False,False,False,False,False,False,False,False,False,False
AAPL,2021-06-16,126.96889285474992,127.47533121654288,125.10873237290744,126.75463104248048,91815000,2021,6,24,Wednesday,126.5769,126.25794982910156,0.39,0.56,-0.91,0.39,0.91,0,0.0,124.9954,123.7328,122.4702,121.2076,119.9451,118.6825,117.4199,116.1573,114.8947,113.6322,112.3696,111.107,109.8444,108.5818,107.3193,106.0567,104.7941,103.5315,102.2689,101.0064,99.7438,98.4812,97.2186,95.956,94.6935,False,False,False,False,False,False,False,False,False,False,False,False,False,False,False,False,False,False,False,False,False,False,False,False,False
AAPL,2021-06-17,126.41376207268152,129.09201968074376,126.26766637763058,128.35183715820312,96721700,2021,6,24,Thursday,127.5313,126.75463104248048,1.26,-0.27,-0.38,1.26,0.38,0,0.0,125.4871,124.2195,122.952,121.6844,120.4169,119.1494,117.8818,116.6143,115.3467,114.0792,112.8116,111.5441,110.2765,109.009,107.7414,106.4739,105.2063,103.9388,102.6713,101.4037,100.1362,98.8686,97.6011,96.3335,95.066,False,False,False,False,False,False,False,False,False,False,False,False,False,False,False,False,False,False,False,False,False,False,False,False,False
AAPL,2021-06-18,127.30004232774398,128.07916002857564,126.84230250511072,127.05656433105467,108953300,2021,6,24,Friday,127.3195,128.35183715820312,-1.01,-0.82,-1.18,-1.01,1.18,1,127.0683,127.0683,125.7848,124.5013,123.2178,121.9342,120.6507,119.3672,118.0837,116.8002,115.5167,114.2331,112.9496,111.6661,110.3826,109.0991,107.8155,106.532,105.2485,103.965,102.6815,101.398,100.1144,98.8309,97.5474,96.2639,True,False,False,False,False,False,False,False,False,False,False,False,False,False,False,False,False,False,False,False,False,False,False,False,False
AAPL,2021-06-21,126.90074760795298,128.955702701089,125.83918700220758,128.84857177734375,79663300,2021,6,25,Monday,127.6361,127.05656433105467,1.41,-0.12,-0.96,1.41,0.96,0,0.0,125.786,124.5154,123.2449,121.9743,120.7037,119.4332,118.1626,116.892,115.6215,114.3509,113.0803,111.8098,110.5392,109.2686,107.9981,106.7275,105.4569,104.1864,102.9158,101.6453,100.3747,99.1041,97.8336,96.563,95.2924,False,False,False,False,False,False,False,False,False,False,False,False,False,False,False,False,False,False,False,False,False,False,False,False,False
AAPL,2021-06-22,128.68295251941402,130.5820772861633,128.18624806146315,130.48468017578125,74783600,2021,6,25,Tuesday,129.484,128.84857177734375,1.27,-0.13,-0.51,1.27,0.51,0,0.0,127.5601,126.2716,124.9831,123.6946,122.4061,121.1177,119.8292,118.5407,117.2522,115.9637,114.6752,113.3867,112.0983,110.8098,109.5213,108.2328,106.9443,105.6558,104.3673,103.0789,101.7904,100.5019,99.2134,97.9249,96.6364,False,False,False,False,False,False,False,False,False,False,False,False,False,False,False,False,False,False,False,False,False,False,False,False,False
AAPL,2021-06-23,130.28020184164183,130.81585637036997,129.75428108226637,130.21202087402344,60214200,2021,6,25,Wednesday,130.2656,130.48468017578125,-0.21,-0.16,-0.56,-0.21,0.56,0,0.0,129.1798,127.875,126.5701,125.2653,123.9604,122.6556,121.3508,120.0459,118.7411,117.4362,116.1314,114.8265,113.5217,112.2168,110.912,109.6071,108.3023,106.9974,105.6926,104.3877,103.0829,101.7781,100.4732,99.1684,97.8635,False,False,False,False,False,False,False,False,False,False,False,False,False,False,False,False,False,False,False,False,False,False,False,False,False
AAPL,2021-06-24,130.94244245203893,131.12748807728477,129.46209231078765,129.92958068847656,68711000,2021,6,25,Thursday,130.3654,130.21202087402344,-0.22,0.56,-0.58,-0.22,0.58,0,0.0,128.9099,127.6078,126.3057,125.0035,123.7014,122.3993,121.0972,119.7951,118.4929,117.1908,115.8887,114.5866,113.2845,111.9823,110.6802,109.3781,108.076,106.7739,105.4717,104.1696,102.8675,101.5654,100.2633,98.9611,97.659,False,False,False,False,False,False,False,False,False,False,False,False,False,False,False,False,False,False,False,False,False,False,False,False,False
AAPL,2021-06-25,129.978280483212,130.3970554405537,129.34522887186355,129.6374053955078,70783700,2021,6,25,Friday,129.8395,129.92958068847656,-0.22,0.04,-0.45,-0.22,0.45,0,0.0,128.6303,127.331,126.0317,124.7324,123.4331,122.1338,120.8345,119.5352,118.2359,116.9366,115.6373,114.338,113.0387,111.7394,110.4401,109.1408,107.8416,106.5423,105.243,103.9437,102.6444,101.3451,100.0458,98.7465,97.4472,False,False,False,False,False,False,False,False,False,False,False,False,False,False,False,False,False,False,False,False,False,False,False,False,False
AAPL,2021-06-28,129.9296003283306,131.72159479819973,129.87116798746578,131.26385498046875,62111300,2021,6,26,Monday,130.6966,129.6374053955078,1.25,0.23,0.18,1.25,-0.18,0,0.0,128.341,127.0447,125.7483,124.4519,123.1555,121.8592,120.5628,119.2664,117.97,116.6737,115.3773,114.0809,112.7845,111.4882,110.1918,108.8954,107.599,106.3027,105.0063,103.7099,102.4136,101.1172,99.8208,98.5244,97.2281,False,False,False,False,False,False,False,False,False,False,False,False,False,False,False,False,False,False,False,False,False,False,False,False,False
AAPL,2021-06-29,131.28330792306184,132.92922117145156,130.84505060419642,132.7733917236328,64556100,2021,6,26,Tuesday,131.9577,131.26385498046875,1.15,0.01,-0.32,1.15,0.32,0,0.0,129.9512,128.6386,127.3259,126.0133,124.7007,123.388,122.0754,120.7627,119.4501,118.1375,116.8248,115.5122,114.1996,112.8869,111.5743,110.2616,108.949,107.6364,106.3237,105.0111,103.6984,102.3858,101.0732,99.7605,98.4479,False,False,False,False,False,False,False,False,False,False,False,False,False,False,False,False,False,False,False,False,False,False,False,False,False
AAPL,2021-06-30,132.61756426840589,133.8252202160753,132.32538776453424,133.386962890625,63261400,2021,6,26,Wednesday,133.0388,132.7733917236328,0.46,-0.12,-0.34,0.46,0.34,0,0.0,131.4457,130.1179,128.7902,127.4625,126.1347,124.807,123.4793,122.1515,120.8238,119.4961,118.1683,116.8406,115.5129,114.1851,112.8574,111.5296,110.2019,108.8742,107.5464,106.2187,104.891,103.5632,102.2355,100.9078,99.58,False,False,False,False,False,False,False,False,False,False,False,False,False,False,False,False,False,False,False,False,False,False,False,False,False
AAPL,2021-07-01,133.03639973908412,133.7473514160783,132.218302275189,133.6889190673828,52485800,2021,7,26,Thursday,133.1727,133.386962890625,0.23,-0.26,-0.88,0.23,0.88,0,0.0,132.0531,130.7192,129.3854,128.0515,126.7176,125.3837,124.0499,122.716,121.3821,120.0483,118.7144,117.3805,116.0467,114.7128,113.3789,112.045,110.7112,109.3773,108.0434,106.7096,105.3757,104.0418,102.708,101.3741,100.0402,False,False,False,False,False,False,False,False,False,False,False,False,False,False,False,False,False,False,False,False,False,False,False,False,False
AAPL,2021-07-02,134.30247489528134,136.34769628382654,134.1563940221222,136.30874633789062,78852600,2021,7,26,Friday,135.2788,133.6889190673828,1.96,0.46,0.35,1.96,-0.35,0,0.0,132.352,131.0151,129.6783,128.3414,127.0045,125.6676,124.3307,122.9938,121.6569,120.32,118.9831,117.6462,116.3094,114.9725,113.6356,112.2987,110.9618,109.6249,108.288,106.9511,105.6142,104.2774,102.9405,101.6036,100.2667,False,False,False,False,False,False,False,False,False,False,False,False,False,False,False,False,False,False,False,False,False,False,False,False,False
AAPL,2021-07-06,136.4158466947496,139.41548226335163,136.4158466947496,138.31497192382812,108181800,2021,7,27,Tuesday,137.6405,136.30874633789062,1.47,0.08,0.08,1.47,-0.08,0,0.0,134.9457,133.5826,132.2195,130.8564,129.4933,128.1302,126.7671,125.404,124.041,122.6779,121.3148,119.9517,118.5886,117.2255,115.8624,114.4993,113.1363,111.7732,110.4101,109.047,107.6839,106.3208,104.9577,103.5946,102.2316,False,False,False,False,False,False,False,False,False,False,False,False,False,False,False,False,False,False,False,False,False,False,False,False,False
AAPL,2021-07-07,139.7953189039971,141.11010601971827,138.93828646790567,140.7984619140625,104911600,2021,7,27,Wednesday,140.1605,138.31497192382812,1.8,1.07,0.45,1.8,-0.45,0,0.0,136.9318,135.5487,134.1655,132.7824,131.3992,130.0161,128.6329,127.2498,125.8666,124.4835,123.1003,121.7172,120.334,118.9509,117.5677,116.1846,114.8014,113.4183,112.0351,110.652,109.2688,107.8857,106.5025,105.1194,103.7362,False,False,False,False,False,False,False,False,False,False,False,False,False,False,False,False,False,False,False,False,False,False,False,False,False
AAPL,2021-07-08,137.88644602005195,140.3017433261173,137.00018264096806,139.50314331054688,105575500,2021,7,27,Thursday,138.6729,140.7984619140625,-0.92,-2.07,-2.7,-0.92,2.7,2,277.373,139.3905,137.9825,136.5745,135.1665,133.7585,132.3506,130.9426,129.5346,128.1266,126.7186,125.3106,123.9026,122.4947,121.0867,119.6787,118.2707,116.8627,115.4547,114.0468,112.6388,111.2308,109.8228,108.4148,107.0068,105.5988,True,True,False,False,False,False,False,False,False,False,False,False,False,False,False,False,False,False,False,False,False,False,False,False,False
AAPL,2021-07-09,139.02593841657492,141.85027728075062,138.92854127199598,141.32437133789062,99890800,2021,7,27,Friday,140.2823,139.50314331054688,1.31,-0.34,-0.41,1.31,0.41,0,0.0,138.1081,136.7131,135.318,133.923,132.528,131.133,129.7379,128.3429,126.9479,125.5528,124.1578,122.7628,121.3677,119.9727,118.5777,117.1826,115.7876,114.3926,112.9975,111.6025,110.2075,108.8125,107.4174,106.0224,104.6274,False,False,False,False,False,False,False,False,False,False,False,False,False,False,False,False,False,False,False,False,False,False,False,False,False
AAPL,2021-07-12,142.39566628334748,142.5027971874123,140.24331443285035,140.7302703857422,76299700,2021,7,28,Monday,141.468,141.32437133789062,-0.42,0.76,-0.76,-0.42,0.76,0,0.0,139.9111,138.4979,137.0846,135.6714,134.2582,132.8449,131.4317,130.0184,128.6052,127.1919,125.7787,124.3654,122.9522,121.539,120.1257,118.7125,117.2992,115.886,114.4727,113.0595,111.6463,110.233,108.8198,107.4065,105.9933,False,False,False,False,False,False,False,False,False,False,False,False,False,False,False,False,False,False,False,False,False,False,False,False,False
AAPL,2021-07-13,140.27253162136344,143.61305721006948,139.88297280050324,141.8405303955078,100827100,2021,7,28,Tuesday,141.4023,140.7302703857422,0.79,-0.33,-0.6,0.79,0.6,0,0.0,139.323,137.9157,136.5084,135.1011,133.6938,132.2865,130.8792,129.4718,128.0645,126.6572,125.2499,123.8426,122.4353,121.028,119.6207,118.2134,116.8061,115.3988,113.9915,112.5842,111.1769,109.7696,108.3623,106.955,105.5477,False,False,False,False,False,False,False,False,False,False,False,False,False,False,False,False,False,False,False,False,False,False,False,False,False
AAPL,2021-07-14,144.23637643322533,145.66802829472786,143.82732030646622,145.25897216796875,127050800,2021,7,28,Wednesday,144.7477,141.8405303955078,2.41,1.69,1.4,2.41,-1.4,0,0.0,140.4221,139.0037,137.5853,136.1669,134.7485,133.3301,131.9117,130.4933,129.0749,127.6565,126.2381,124.8197,123.4013,121.9829,120.5645,119.146,117.7276,116.3092,114.8908,113.4724,112.054,110.6356,109.2172,107.7988,106.3804,False,False,False,False,False,False,False,False,False,False,False,False,False,False,False,False,False,False,False,False,False,False,False,False,False
AAPL,2021-07-15,145.3466279214185,146.08679566961968,143.25270826705687,144.6064453125,106820300,2021,7,28,Thursday,144.8231,145.25897216796875,-0.45,0.06,-1.38,-0.45,1.38,1,143.8064,143.8064,142.3538,140.9012,139.4486,137.996,136.5434,135.0908,133.6383,132.1857,130.7331,129.2805,127.8279,126.3753,124.9227,123.4701,122.0175,120.5649,119.1124,117.6598,116.2072,114.7546,113.302,111.8494,110.3968,108.9442,True,False,False,False,False,False,False,False,False,False,False,False,False,False,False,False,False,False,False,False,False,False,False,False,False
AAPL,2021-07-16,144.58697348148013,145.85304711779946,142.0742788872529,142.5709686279297,93251400,2021,7,28,Friday,143.7713,144.6064453125,-1.41,-0.01,-1.75,-1.41,1.75,1,143.1604,143.1604,141.7143,140.2683,138.8222,137.3761,135.9301,134.484,133.0379,131.5919,130.1458,128.6997,127.2537,125.8076,124.3615,122.9155,121.4694,120.0233,118.5773,117.1312,115.6852,114.2391,112.793,111.347,109.9009,108.4548,True,False,False,False,False,False,False,False,False,False,False,False,False,False,False,False,False,False,False,False,False,False,False,False,False
AAPL,2021-07-19,139.99983785193092,140.31149679803218,137.97409928442224,138.73374938964844,121434600,2021,7,29,Monday,139.2548,142.5709686279297,-2.69,-1.8,-3.22,-2.69,3.22,3,419.1586,141.1453,139.7195,138.2938,136.8681,135.4424,134.0167,132.591,131.1653,129.7396,128.3139,126.8882,125.4625,124.0367,122.611,121.1853,119.7596,118.3339,116.9082,115.4825,114.0568,112.6311,111.2054,109.7796,108.3539,106.9282,True,True,True,False,False,False,False,False,False,False,False,False,False,False,False,False,False,False,False,False,False,False,False,False,False
AAPL,2021-07-20,139.71739371398104,143.26243208036362,139.2304378127707,142.3372039794922,96350000,2021,7,29,Tuesday,141.1369,138.73374938964844,2.6,0.71,0.36,2.6,-0.36,0,0.0,137.3464,135.9591,134.5717,133.1844,131.7971,130.4097,129.0224,127.635,126.2477,124.8604,123.473,122.0857,120.6984,119.311,117.9237,116.5363,115.149,113.7617,112.3743,110.987,109.5997,108.2123,106.825,105.4376,104.0503,False,False,False,False,False,False,False,False,False,False,False,False,False,False,False,False,False,False,False,False,False,False,False,False,False
AAPL,2021-07-21,141.7334095777614,142.31776271135624,140.85689473808662,141.60679626464844,74993500,2021,7,29,Wednesday,141.6287,142.3372039794922,-0.51,-0.42,-1.04,-0.51,1.04,1,140.9138,140.9138,139.4905,138.0671,136.6437,135.2203,133.797,132.3736,130.9502,129.5269,128.1035,126.6801,125.2567,123.8334,122.41,120.9866,119.5633,118.1399,116.7165,115.2931,113.8698,112.4464,111.023,109.5996,108.1763,106.7529,True,False,False,False,False,False,False,False,False,False,False,False,False,False,False,False,False,False,False,False,False,False,False,False,False
AAPL,2021-07-22,142.13271101540525,144.33374665171397,142.00609770767423,142.97027587890625,77338200,2021,7,29,Thursday,142.8607,141.60679626464844,0.96,0.37,0.28,0.96,-0.28,0,0.0,140.1907,138.7747,137.3586,135.9425,134.5265,133.1104,131.6943,130.2783,128.8622,127.4461,126.03,124.614,123.1979,121.7818,120.3658,118.9497,117.5336,116.1176,114.7015,113.2854,111.8694,110.4533,109.0372,107.6212,106.2051,False,False,False,False,False,False,False,False,False,False,False,False,False,False,False,False,False,False,False,False,False,False,False,False,False
AAPL,2021-07-23,143.70074128144222,144.84021671822956,143.08717186904903,144.68438720703125,71447400,2021,7,29,Friday,144.0781,142.97027587890625,1.2,0.51,0.08,1.2,-0.08,0,0.0,141.5406,140.1109,138.6812,137.2515,135.8218,134.3921,132.9624,131.5327,130.103,128.6732,127.2435,125.8138,124.3841,122.9544,121.5247,120.095,118.6653,117.2356,115.8059,114.3762,112.9465,111.5168,110.0871,108.6574,107.2277,False,False,False,False,False,False,False,False,False,False,False,False,False,False,False,False,False,False,False,False,False,False,False,False,False
AAPL,2021-07-26,144.40194679352788,145.92124724515625,143.84680978043045,145.10316467285156,72434100,2021,7,30,Monday,144.8183,144.68438720703125,0.29,-0.2,-0.58,0.29,0.58,0,0.0,143.2375,141.7907,140.3439,138.897,137.4502,136.0033,134.5565,133.1096,131.6628,130.2159,128.7691,127.3223,125.8754,124.4286,122.9817,121.5349,120.088,118.6412,117.1944,115.7475,114.3007,112.8538,111.407,109.9601,108.5133,False,False,False,False,False,False,False,False,False,False,False,False,False,False,False,False,False,False,False,False,False,False,False,False,False
AAPL,2021-07-27,145.22973937162135,145.3174027377309,141.7528815779119,142.94105529785156,104818600,2021,7,30,Tuesday,143.8103,145.10316467285156,-1.49,0.09,-2.31,-1.49,2.31,2,285.8532,143.6521,142.2011,140.7501,139.299,137.848,136.397,134.9459,133.4949,132.0439,130.5928,129.1418,127.6908,126.2398,124.7887,123.3377,121.8867,120.4356,118.9846,117.5336,116.0825,114.6315,113.1805,111.7294,110.2784,108.8274,True,True,False,False,False,False,False,False,False,False,False,False,False,False,False,False,False,False,False,False,False,False,False,False,False
AAPL,2021-07-28,141.0321449311746,143.1357976807247,138.8213613047295,141.1977081298828,118931200,2021,7,30,Wednesday,141.0468,142.94105529785156,-1.22,-1.34,-2.88,-1.22,2.88,2,281.5939,141.5116,140.0822,138.6528,137.2234,135.794,134.3646,132.9352,131.5058,130.0764,128.6469,127.2175,125.7881,124.3587,122.9293,121.4999,120.0705,118.6411,117.2117,115.7823,114.3528,112.9234,111.494,110.0646,108.6352,107.2058,True,True,False,False,False,False,False,False,False,False,False,False,False,False,False,False,False,False,False,False,False,False,False,False,False
AAPL,2021-07-29,140.91531705042755,142.72679380278865,140.80818614558353,141.8405303955078,56699500,2021,7,30,Thursday,141.5727,141.1977081298828,0.46,-0.2,-0.28,0.46,0.28,0,0.0,139.7857,138.3738,136.9618,135.5498,134.1378,132.7258,131.3139,129.9019,128.4899,127.0779,125.666,124.254,122.842,121.43,120.0181,118.6061,117.1941,115.7821,114.3701,112.9582,111.5462,110.1342,108.7222,107.3103,105.8983,False,False,False,False,False,False,False,False,False,False,False,False,False,False,False,False,False,False,False,False,False,False,False,False,False
AAPL,2021-07-30,140.61340882010876,142.51253410621536,140.35044843873504,142.05479431152344,70440600,2021,7,30,Friday,141.3828,141.8405303955078,0.15,-0.87,-1.05,0.15,1.05,1,140.4221,140.4221,139.0037,137.5853,136.1669,134.7485,133.3301,131.9117,130.4933,129.0749,127.6565,126.2381,124.8197,123.4013,121.9829,120.5645,119.146,117.7276,116.3092,114.8908,113.4724,112.054,110.6356,109.2172,107.7988,106.3804,True,False,False,False,False,False,False,False,False,False,False,False,False,False,False,False,False,False,False,False,False,False,False,False,False
AAPL,2021-08-02,142.5417764502479,143.11638102630255,141.46073341799487,141.72369384765625,62880000,2021,8,31,Monday,142.2106,142.05479431152344,-0.23,0.34,-0.42,-0.23,0.42,0,0.0,140.6342,139.2137,137.7932,136.3726,134.9521,133.5315,132.111,130.6904,129.2699,127.8493,126.4288,125.0082,123.5877,122.1671,120.7466,119.326,117.9055,116.4849,115.0644,113.6438,112.2233,110.8027,109.3822,107.9616,106.5411,False,False,False,False,False,False,False,False,False,False,False,False,False,False,False,False,False,False,False,False,False,False,False,False,False
AAPL,2021-08-03,142.00610422671278,144.17792379335657,141.3925349204239,143.5156707763672,64786600,2021,8,31,Tuesday,142.7731,141.72369384765625,1.26,0.2,-0.23,1.26,0.23,0,0.0,140.3065,138.8892,137.472,136.0547,134.6375,133.2203,131.803,130.3858,128.9686,127.5513,126.1341,124.7169,123.2996,121.8824,120.4651,119.0479,117.6307,116.2134,114.7962,113.379,111.9617,110.5445,109.1272,107.71,106.2928,False,False,False,False,False,False,False,False,False,False,False,False,False,False,False,False,False,False,False,False,False,False,False,False,False
AAPL,2021-08-04,143.42799191035715,143.93441533592062,142.46381389891334,143.1163330078125,56368300,2021,8,31,Wednesday,143.2356,143.5156707763672,-0.28,-0.06,-0.73,-0.28,0.73,0,0.0,142.0805,140.6454,139.2102,137.775,136.3399,134.9047,133.4696,132.0344,130.5993,129.1641,127.7289,126.2938,124.8586,123.4235,121.9883,120.5532,119.118,117.6829,116.2477,114.8125,113.3774,111.9422,110.5071,109.0719,107.6368,False,False,False,False,False,False,False,False,False,False,False,False,False,False,False,False,False,False,False,False,False,False,False,False,False
AAPL,2021-08-05,143.14558074057953,143.98314564998552,142.35671440302508,143.22349548339844,46397700,2021,8,31,Thursday,143.1772,143.1163330078125,0.07,0.02,-0.53,0.07,0.53,0,0.0,141.6852,140.254,138.8228,137.3917,135.9605,134.5294,133.0982,131.667,130.2359,128.8047,127.3735,125.9424,124.5112,123.08,121.6489,120.2177,118.7866,117.3554,115.9242,114.4931,113.0619,111.6307,110.1996,108.7684,107.3372,False,False,False,False,False,False,False,False,False,False,False,False,False,False,False,False,False,False,False,False,False,False,False,False,False
AAPL,2021-08-06,142.74554489782116,143.4868214640887,142.04327662115523,142.54071044921875,54126800,2021,8,31,Friday,142.7041,143.22349548339844,-0.48,-0.33,-0.82,-0.48,0.82,0,0.0,141.7913,140.359,138.9268,137.4946,136.0623,134.6301,133.1979,131.7656,130.3334,128.9011,127.4689,126.0367,124.6044,123.1722,121.74,120.3077,118.8755,117.4433,116.011,114.5788,113.1466,111.7143,110.2821,108.8499,107.4176,False,False,False,False,False,False,False,False,False,False,False,False,False,False,False,False,False,False,False,False,False,False,False,False,False
AAPL,2021-08-09,142.59926530339968,143.0869508994325,141.936020036627,142.49197387695312,48908700,2021,8,32,Monday,142.5286,142.54071044921875,-0.03,0.04,-0.42,-0.03,0.42,0,0.0,141.1153,139.6899,138.2645,136.8391,135.4137,133.9883,132.5629,131.1375,129.712,128.2866,126.8612,125.4358,124.0104,122.585,121.1596,119.7342,118.3088,116.8834,115.458,114.0326,112.6072,111.1818,109.7563,108.3309,106.9055,False,False,False,False,False,False,False,False,False,False,False,False,False,False,False,False,False,False,False,False,False,False,False,False,False
AAPL,2021-08-10,142.83336158468475,144.0720871817776,141.7214390067462,142.01405334472656,69023100,2021,8,32,Tuesday,142.6602,142.49197387695312,-0.34,0.24,-0.54,-0.34,0.54,0,0.0,141.0671,139.6421,138.2172,136.7923,135.3674,133.9425,132.5175,131.0926,129.6677,128.2428,126.8179,125.3929,123.968,122.5431,121.1182,119.6933,118.2683,116.8434,115.4185,113.9936,112.5687,111.1437,109.7188,108.2939,106.869,False,False,False,False,False,False,False,False,False,False,False,False,False,False,False,False,False,False,False,False,False,False,False,False,False
AAPL,2021-08-11,142.45293150602257,143.1064282624458,141.94573444022404,142.26760864257812,48493500,2021,8,32,Wednesday,142.4432,142.01405334472656,0.18,0.31,-0.05,0.18,0.05,0,0.0,140.5939,139.1738,137.7536,136.3335,134.9134,133.4932,132.0731,130.6529,129.2328,127.8126,126.3925,124.9724,123.5522,122.1321,120.7119,119.2918,117.8717,116.4515,115.0314,113.6112,112.1911,110.771,109.3508,107.9307,106.5105,False,False,False,False,False,False,False,False,False,False,False,False,False,False,False,False,False,False,False,False,False,False,False,False,False
AAPL,2021-08-12,142.58950812317931,145.37907015513477,142.24812227389452,145.22300720214844,72282600,2021,8,32,Thursday,143.8599,142.26760864257812,2.08,0.23,-0.01,2.08,0.01,0,0.0,140.8449,139.4223,137.9996,136.5769,135.1542,133.7316,132.3089,130.8862,129.4635,128.0408,126.6182,125.1955,123.7728,122.3501,120.9275,119.5048,118.0821,116.6594,115.2368,113.8141,112.3914,110.9687,109.5461,108.1234,106.7007,False,False,False,False,False,False,False,False,False,False,False,False,False,False,False,False,False,False,False,False,False,False,False,False,False
AAPL,2021-08-13,145.30102293180235,145.7594485046543,144.61826619020815,145.42782592773438,59375000,2021,8,32,Friday,145.2766,145.22300720214844,0.14,0.05,-0.42,0.14,0.42,0,0.0,143.7708,142.3185,140.8663,139.4141,137.9619,136.5096,135.0574,133.6052,132.1529,130.7007,129.2485,127.7962,126.344,124.8918,123.4396,121.9873,120.5351,119.0829,117.6306,116.1784,114.7262,113.2739,111.8217,110.3695,108.9173,False,False,False,False,False,False,False,False,False,False,False,False,False,False,False,False,False,False,False,False,False,False,False,False,False
AAPL,2021-08-16,144.8816571381519,147.46640020534528,142.86264613601338,147.3981170654297,103296000,2021,8,33,Monday,145.6522,145.42782592773438,1.35,-0.38,-1.76,1.35,1.76,1,143.9735,143.9735,142.5193,141.065,139.6107,138.1564,136.7022,135.2479,133.7936,132.3393,130.885,129.4308,127.9765,126.5222,125.0679,123.6137,122.1594,120.7051,119.2508,117.7965,116.3423,114.888,113.4337,111.9794,110.5251,109.0709,True,False,False,False,False,False,False,False,False,False,False,False,False,False,False,False,False,False,False,False,False,False,False,False,False
AAPL,2021-08-17,146.53000561245062,147.94429082183916,145.4180830822368,146.49099731445312,92229700,2021,8,33,Tuesday,146.5958,147.3981170654297,-0.62,-0.59,-1.34,-0.62,1.34,1,145.9241,145.9241,144.4502,142.9762,141.5022,140.0282,138.5542,137.0802,135.6063,134.1323,132.6583,131.1843,129.7103,128.2364,126.7624,125.2884,123.8144,122.3404,120.8665,119.3925,117.9185,116.4445,114.9705,113.4966,112.0226,110.5486,True,False,False,False,False,False,False,False,False,False,False,False,False,False,False,False,False,False,False,False,False,False,False,False,False
AAPL,2021-08-18,146.1106045300614,147.00794422226895,142.55049082276733,142.7553253173828,86326000,2021,8,33,Wednesday,144.6061,146.49099731445312,-2.55,-0.26,-2.69,-2.55,2.69,2,288.5873,145.0261,143.5612,142.0963,140.6314,139.1664,137.7015,136.2366,134.7717,133.3068,131.8419,130.377,128.9121,127.4472,125.9823,124.5173,123.0524,121.5875,120.1226,118.6577,117.1928,115.7279,114.263,112.7981,111.3332,109.8682,True,True,False,False,False,False,False,False,False,False,False,False,False,False,False,False,False,False,False,False,False,False,False,False,False
AAPL,2021-08-19,141.45807654722455,144.35493005036025,140.94113102889904,143.08694458007812,86960300,2021,8,33,Thursday,142.4603,142.7553253173828,0.23,-0.91,-1.27,0.23,1.27,1,141.3278,141.3278,139.9002,138.4727,137.0451,135.6176,134.19,132.7625,131.3349,129.9073,128.4798,127.0522,125.6247,124.1971,122.7696,121.342,119.9145,118.4869,117.0594,115.6318,114.2043,112.7767,111.3492,109.9216,108.494,107.0665,True,False,False,False,False,False,False,False,False,False,False,False,False,False,False,False,False,False,False,False,False,False,False,False,False
AAPL,2021-08-20,143.80872432514332,144.84261535990314,143.16497579607238,144.54025268554688,60549600,2021,8,33,Friday,144.0891,143.08694458007812,1.02,0.5,0.05,1.02,-0.05,0,0.0,141.6561,140.2252,138.7943,137.3635,135.9326,134.5017,133.0709,131.64,130.2091,128.7783,127.3474,125.9165,124.4856,123.0548,121.6239,120.193,118.7622,117.3313,115.9004,114.4696,113.0387,111.6078,110.1769,108.7461,107.3152,False,False,False,False,False,False,False,False,False,False,False,False,False,False,False,False,False,False,False,False,False,False,False,False,False
AAPL,2021-08-23,144.65731367112883,146.49101645929602,144.24765951519495,146.02284240722656,60131800,2021,8,34,Monday,145.3547,144.54025268554688,1.03,0.08,-0.2,1.03,0.2,0,0.0,143.0949,141.6494,140.204,138.7586,137.3132,135.8678,134.4224,132.977,131.5316,130.0862,128.6408,127.1954,125.75,124.3046,122.8592,121.4138,119.9684,118.523,117.0776,115.6322,114.1868,112.7414,111.296,109.8506,108.4052,False,False,False,False,False,False,False,False,False,False,False,False,False,False,False,False,False,False,False,False,False,False,False,False,False
AAPL,2021-08-24,145.7692167650667,147.14449367144724,145.4766024407117,145.93502807617188,48606400,2021,8,34,Tuesday,146.0813,146.02284240722656,-0.06,-0.17,-0.37,-0.06,0.37,0,0.0,144.5626,143.1024,141.6422,140.1819,138.7217,137.2615,135.8012,134.341,132.8808,131.4206,129.9603,128.5001,127.0399,125.5796,124.1194,122.6592,121.199,119.7387,118.2785,116.8183,115.358,113.8978,112.4376,110.9774,109.5171,False,False,False,False,False,False,False,False,False,False,False,False,False,False,False,False,False,False,False,False,False,False,False,False,False
AAPL,2021-08-25,146.1203860071499,146.6178349427017,144.15989486505342,144.7061004638672,58991300,2021,8,34,Wednesday,145.4011,145.93502807617188,-0.84,0.13,-1.22,-0.84,1.22,1,144.4757,144.4757,143.0163,141.557,140.0976,138.6383,137.1789,135.7196,134.2602,132.8009,131.3415,129.8822,128.4228,126.9635,125.5041,124.0448,122.5854,121.1261,119.6667,118.2074,116.748,115.2887,113.8293,112.37,110.9106,109.4513,True,False,False,False,False,False,False,False,False,False,False,False,False,False,False,False,False,False,False,False,False,False,False,False,False
AAPL,2021-08-26,144.6962824320372,145.44730732727103,143.87695954535974,143.90621948242188,48597200,2021,8,34,Thursday,144.4817,144.7061004638672,-0.55,-0.01,-0.57,-0.55,0.57,0,0.0,143.259,141.812,140.3649,138.9179,137.4708,136.0237,134.5767,133.1296,131.6826,130.2355,128.7884,127.3414,125.8943,124.4472,123.0002,121.5531,120.1061,118.659,117.2119,115.7649,114.3178,112.8708,111.4237,109.9766,108.5296,False,False,False,False,False,False,False,False,False,False,False,False,False,False,False,False,False,False,False,False,False,False,False,False,False
AAPL,2021-08-27,143.84774439339665,145.08647001894514,143.2137590490284,144.94017028808594,55802400,2021,8,34,Friday,144.272,143.90621948242188,0.72,-0.04,-0.48,0.72,0.48,0,0.0,142.4672,141.0281,139.589,138.15,136.7109,135.2718,133.8328,132.3937,130.9547,129.5156,128.0765,126.6375,125.1984,123.7593,122.3203,120.8812,119.4422,118.0031,116.564,115.125,113.6859,112.2469,110.8078,109.3687,107.9297,False,False,False,False,False,False,False,False,False,False,False,False,False,False,False,False,False,False,False,False,False,False,False,False,False
AAPL,2021-08-30,145.33029180641267,149.70971334019745,144.9498976782118,149.34881591796875,90956700,2021,8,35,Monday,147.3347,144.94017028808594,3.04,0.27,0.01,3.04,-0.01,0,0.0,143.4908,142.0414,140.592,139.1426,137.6932,136.2438,134.7944,133.345,131.8956,130.4462,128.9968,127.5473,126.0979,124.6485,123.1991,121.7497,120.3003,118.8509,117.4015,115.9521,114.5027,113.0533,111.6039,110.1545,108.7051,False,False,False,False,False,False,False,False,False,False,False,False,False,False,False,False,False,False,False,False,False,False,False,False,False
AAPL,2021-08-31,148.90016654739884,149.03671791602926,147.5638979226051,148.09060668945312,86453100,2021,8,35,Tuesday,148.3978,149.34881591796875,-0.84,-0.3,-1.2,-0.84,1.2,1,147.8553,147.8553,146.3618,144.8684,143.3749,141.8814,140.3879,138.8944,137.4009,135.9074,134.4139,132.9204,131.427,129.9335,128.44,126.9465,125.453,123.9595,122.466,120.9725,119.4791,117.9856,116.4921,114.9986,113.5051,112.0116,True,False,False,False,False,False,False,False,False,False,False,False,False,False,False,False,False,False,False,False,False,False,False,False,False
AAPL,2021-09-01,149.06597111930256,151.1630130890743,148.58803390921838,148.75384521484375,80313700,2021,9,35,Wednesday,149.3927,148.09060668945312,0.45,0.66,0.34,0.45,-0.34,0,0.0,146.6097,145.1288,143.6479,142.167,140.6861,139.2052,137.7243,136.2434,134.7625,133.2815,131.8006,130.3197,128.8388,127.3579,125.877,124.3961,122.9152,121.4343,119.9534,118.4725,116.9916,115.5107,114.0298,112.5489,111.068,False,False,False,False,False,False,False,False,False,False,False,False,False,False,False,False,False,False,False,False,False,False,False,False,False
AAPL,2021-09-02,150.08035127222993,150.90942268736845,148.64655451799135,149.8657684326172,71115500,2021,9,35,Thursday,149.8755,148.75384521484375,0.75,0.89,-0.07,0.75,0.07,0,0.0,147.2663,145.7788,144.2912,142.8037,141.3162,139.8286,138.3411,136.8535,135.366,133.8785,132.3909,130.9034,129.4158,127.9283,126.4408,124.9532,123.4657,121.9782,120.4906,119.0031,117.5155,116.028,114.5405,113.0529,111.5654,False,False,False,False,False,False,False,False,False,False,False,False,False,False,False,False,False,False,False,False,False,False,False,False,False
AAPL,2021-09-03,149.9730471583683,150.8216300915499,149.31955034140017,150.499755859375,57808700,2021,9,35,Friday,150.1535,149.8657684326172,0.42,0.07,-0.36,0.42,0.36,0,0.0,148.3671,146.8685,145.3698,143.8711,142.3725,140.8738,139.3752,137.8765,136.3778,134.8792,133.3805,131.8819,130.3832,128.8846,127.3859,125.8872,124.3886,122.8899,121.3913,119.8926,118.394,116.8953,115.3966,113.898,112.3993,False,False,False,False,False,False,False,False,False,False,False,False,False,False,False,False,False,False,False,False,False,False,False,False,False
AAPL,2021-09-07,151.15326259436534,153.38685589495006,150.58754556278473,152.83090209960938,82278300,2021,9,36,Tuesday,151.9896,150.499755859375,1.55,0.43,0.06,1.55,-0.06,0,0.0,148.9948,147.4898,145.9848,144.4798,142.9748,141.4698,139.9648,138.4598,136.9548,135.4498,133.9448,132.4398,130.9348,129.4298,127.9248,126.4198,124.9148,123.4098,121.9048,120.3998,118.8948,117.3898,115.8848,114.3798,112.8748,False,False,False,False,False,False,False,False,False,False,False,False,False,False,False,False,False,False,False,False,False,False,False,False,False
AAPL,2021-09-08,153.11374935418493,153.17226923823645,150.18763608775444,151.28981018066406,74420200,2021,9,36,Wednesday,151.9409,152.83090209960938,-1.01,0.19,-1.73,-1.01,1.73,1,151.3026,151.3026,149.7743,148.246,146.7177,145.1894,143.661,142.1327,140.6044,139.0761,137.5478,136.0195,134.4912,132.9629,131.4346,129.9063,128.378,126.8496,125.3213,123.793,122.2647,120.7364,119.2081,117.6798,116.1515,114.6232,True,False,False,False,False,False,False,False,False,False,False,False,False,False,False,False,False,False,False,False,False,False,False,False,False
AAPL,2021-09-09,151.66044621375175,152.26517148741016,150.15836649901337,150.27542114257812,57305700,2021,9,36,Thursday,151.0899,151.28981018066406,-0.67,0.24,-0.75,-0.67,0.75,0,0.0,149.7769,148.264,146.7511,145.2382,143.7253,142.2124,140.6995,139.1866,137.6737,136.1608,134.6479,133.135,131.6221,130.1092,128.5963,127.0834,125.5705,124.0576,122.5447,121.0318,119.519,118.0061,116.4932,114.9803,113.4674,False,False,False,False,False,False,False,False,False,False,False,False,False,False,False,False,False,False,False,False,False,False,False,False,False
AAPL,2021-09-10,151.1825274626448,151.65070144497142,145.03768627305047,145.30104064941406,140893200,2021,9,36,Friday,148.293,150.27542114257812,-3.31,0.6,-3.49,-3.31,3.49,3,441.8097,148.7727,147.2699,145.7672,144.2644,142.7617,141.2589,139.7561,138.2534,136.7506,135.2479,133.7451,132.2424,130.7396,129.2369,127.7341,126.2314,124.7286,123.2258,121.7231,120.2203,118.7176,117.2148,115.7121,114.2093,112.7066,True,True,True,False,False,False,False,False,False,False,False,False,False,False,False,False,False,False,False,False,False,False,False,False,False
AAPL,2021-09-13,146.9201475258426,147.69068411470718,145.0864451705449,145.8667449951172,102404300,2021,9,37,Monday,146.391,145.30104064941406,0.39,1.11,-0.15,0.39,0.15,0,0.0,143.848,142.395,140.942,139.489,138.036,136.583,135.13,133.677,132.2239,130.7709,129.3179,127.8649,126.4119,124.9589,123.5059,122.0529,120.5999,119.1469,117.6938,116.2408,114.7878,113.3348,111.8818,110.4288,108.9758,False,False,False,False,False,False,False,False,False,False,False,False,False,False,False,False,False,False,False,False,False,False,False,False,False
AAPL,2021-09-14,146.64702700212126,147.34929527061283,143.2917485822126,144.47193908691406,109296300,2021,9,37,Tuesday,145.44,145.8667449951172,-0.96,0.53,-1.77,-0.96,1.77,1,144.4081,144.4081,142.9494,141.4907,140.0321,138.5734,137.1147,135.6561,134.1974,132.7387,131.2801,129.8214,128.3627,126.9041,125.4454,123.9867,122.5281,121.0694,119.6107,118.1521,116.6934,115.2347,113.7761,112.3174,110.8587,109.4001,True,False,False,False,False,False,False,False,False,False,False,False,False,False,False,False,False,False,False,False,False,False,False,False,False
AAPL,2021-09-15,144.9011172737186,145.7594485393446,142.76505234502355,145.3595428466797,83281300,2021,9,37,Wednesday,144.6963,144.47193908691406,0.61,0.3,-1.18,0.61,1.18,1,143.0272,143.0272,141.5825,140.1378,138.6931,137.2483,135.8036,134.3589,132.9142,131.4695,130.0247,128.58,127.1353,125.6906,124.2459,122.8011,121.3564,119.9117,118.467,117.0223,115.5776,114.1328,112.6881,111.2434,109.7987,108.354,True,False,False,False,False,False,False,False,False,False,False,False,False,False,False,False,False,False,False,False,False,False,False,False,False
AAPL,2021-09-16,144.78411725815147,145.3010628533167,143.59416308886955,145.12548828125,68034100,2021,9,37,Thursday,144.7012,145.3595428466797,-0.16,-0.4,-1.21,-0.16,1.21,1,143.9059,143.9059,142.4524,140.9988,139.5452,138.0916,136.638,135.1844,133.7308,132.2772,130.8236,129.37,127.9164,126.4628,125.0092,123.5556,122.102,120.6484,119.1948,117.7412,116.2876,114.834,113.3804,111.9268,110.4733,109.0197,True,False,False,False,False,False,False,False,False,False,False,False,False,False,False,False,False,False,False,False,False,False,False,False,False
AAPL,2021-09-17,145.1547725078231,145.1547725078231,142.17012365338147,142.46273803710938,129868800,2021,9,37,Friday,143.7356,145.12548828125,-1.83,0.02,-2.04,-1.83,2.04,2,285.8972,143.6742,142.223,140.7717,139.3205,137.8692,136.418,134.9667,133.5154,132.0642,130.6129,129.1617,127.7104,126.2592,124.8079,123.3567,121.9054,120.4542,119.0029,117.5516,116.1004,114.6491,113.1979,111.7466,110.2954,108.8441,True,True,False,False,False,False,False,False,False,False,False,False,False,False,False,False,False,False,False,False,False,False,False,False,False
AAPL,2021-09-20,140.2583908056045,141.27277037212733,137.79070269716544,139.41957092285156,123478900,2021,9,38,Monday,139.6854,142.46273803710938,-2.14,-1.55,-3.28,-2.14,3.28,3,418.8404,141.0381,139.6135,138.1889,136.7642,135.3396,133.915,132.4903,131.0657,129.6411,128.2165,126.7918,125.3672,123.9426,122.518,121.0933,119.6687,118.2441,116.8194,115.3948,113.9702,112.5456,111.1209,109.6963,108.2717,106.8471,True,True,True,False,False,False,False,False,False,False,False,False,False,False,False,False,False,False,False,False,False,False,False,False,False
AAPL,2021-09-21,140.38516176883357,141.03867353306788,139.2634909051742,139.89747619628906,75834000,2021,9,38,Tuesday,140.1462,139.41957092285156,0.34,0.69,-0.11,0.34,0.11,0,0.0,138.0254,136.6312,135.237,133.8428,132.4486,131.0544,129.6602,128.266,126.8718,125.4776,124.0834,122.6892,121.295,119.9008,118.5066,117.1124,115.7182,114.324,112.9299,111.5357,110.1415,108.7473,107.3531,105.9589,104.5647,False,False,False,False,False,False,False,False,False,False,False,False,False,False,False,False,False,False,False,False,False,False,False,False,False
AAPL,2021-09-22,140.89236024826914,142.82359096635926,140.16083188261564,142.2578887939453,76404300,2021,9,38,Wednesday,141.5337,139.89747619628906,1.69,0.71,0.19,1.69,-0.19,0,0.0,138.4985,137.0995,135.7006,134.3016,132.9026,131.5036,130.1047,128.7057,127.3067,125.9077,124.5088,123.1098,121.7108,120.3118,118.9129,117.5139,116.1149,114.7159,113.317,111.918,110.519,109.12,107.7211,106.3221,104.9231,False,False,False,False,False,False,False,False,False,False,False,False,False,False,False,False,False,False,False,False,False,False,False,False,False
AAPL,2021-09-23,143.03818581433492,143.45760318499043,142.05306622379317,143.21376037597656,64838200,2021,9,38,Thursday,142.9407,142.2578887939453,0.67,0.55,-0.14,0.67,0.14,0,0.0,140.8353,139.4127,137.9902,136.5676,135.145,133.7224,132.2998,130.8773,129.4547,128.0321,126.6095,125.1869,123.7644,122.3418,120.9192,119.4966,118.074,116.6515,115.2289,113.8063,112.3837,110.9612,109.5386,108.116,106.6934,False,False,False,False,False,False,False,False,False,False,False,False,False,False,False,False,False,False,False,False,False,False,False,False,False
AAPL,2021-09-24,142.07258175581498,143.83800136075783,141.97503867631073,143.30154418945312,53477900,2021,9,38,Friday,142.7968,143.21376037597656,0.06,-0.8,-0.86,0.06,0.86,0,0.0,141.7816,140.3495,138.9173,137.4852,136.0531,134.6209,133.1888,131.7567,130.3245,128.8924,127.4602,126.0281,124.596,123.1638,121.7317,120.2996,118.8674,117.4353,116.0031,114.571,113.1389,111.7067,110.2746,108.8425,107.4103,False,False,False,False,False,False,False,False,False,False,False,False,False,False,False,False,False,False,False,False,False,False,False,False,False
AAPL,2021-09-27,141.88723117083788,142.3651683544505,140.2778748536838,141.78968811035156,74150700,2021,9,39,Monday,141.58,143.30154418945312,-1.06,-0.99,-2.11,-1.06,2.11,2,282.304,141.8685,140.4355,139.0025,137.5695,136.1365,134.7035,133.2704,131.8374,130.4044,128.9714,127.5384,126.1054,124.6723,123.2393,121.8063,120.3733,118.9403,117.5073,116.0743,114.6412,113.2082,111.7752,110.3422,108.9092,107.4762,True,True,False,False,False,False,False,False,False,False,False,False,False,False,False,False,False,False,False,False,False,False,False,False,False
AAPL,2021-09-28,139.7219569087335,141.18501404913908,138.20037986398958,138.4149627685547,108972300,2021,9,39,Tuesday,139.3806,141.78968811035156,-2.38,-1.46,-2.53,-2.38,2.53,2,279.3257,140.3718,138.9539,137.536,136.1181,134.7002,133.2823,131.8644,130.4465,129.0286,127.6107,126.1928,124.7749,123.357,121.9391,120.5212,119.1033,117.6854,116.2675,114.8496,113.4318,112.0139,110.596,109.1781,107.7602,106.3423,True,True,False,False,False,False,False,False,False,False,False,False,False,False,False,False,False,False,False,False,False,False,False,False,False
AAPL,2021-09-29,138.9611368887371,140.89236770909372,138.53197117688373,139.31227111816406,74602000,2021,9,39,Wednesday,139.4244,138.4149627685547,0.65,0.39,0.08,0.65,-0.08,0,0.0,137.0308,135.6467,134.2625,132.8784,131.4942,130.1101,128.7259,127.3418,125.9576,124.5735,123.1893,121.8052,120.421,119.0369,117.6527,116.2686,114.8844,113.5003,112.1161,110.732,109.3478,107.9637,106.5795,105.1954,103.8112,False,False,False,False,False,False,False,False,False,False,False,False,False,False,False,False,False,False,False,False,False,False,False,False,False
AAPL,2021-09-30,140.12181985738948,140.82408826037346,137.80043180958225,138.0150146484375,89056700,2021,9,39,Thursday,139.1903,139.31227111816406,-0.93,0.58,-1.09,-0.93,1.09,1,137.9191,137.9191,136.526,135.1329,133.7398,132.3467,130.9535,129.5604,128.1673,126.7742,125.381,123.9879,122.5948,121.2017,119.8086,118.4154,117.0223,115.6292,114.2361,112.8429,111.4498,110.0567,108.6636,107.2704,105.8773,104.4842,True,False,False,False,False,False,False,False,False,False,False,False,False,False,False,False,False,False,False,False,False,False,False,False,False
AAPL,2021-10-01,138.40514469326044,139.40002732180153,135.68386603878685,139.1366729736328,94639600,2021,10,39,Friday,138.1564,138.0150146484375,0.81,0.28,-1.69,0.81,1.69,1,136.6349,136.6349,135.2547,133.8746,132.4944,131.1143,129.7341,128.354,126.9738,125.5937,124.2135,122.8334,121.4532,120.0731,118.6929,117.3128,115.9326,114.5525,113.1723,111.7922,110.412,109.0319,107.6517,106.2716,104.8914,103.5113,True,False,False,False,False,False,False,False,False,False,False,False,False,False,False,False,False,False,False,False,False,False,False,False,False
AAPL,2021-10-04,138.26861784072736,138.70754679310303,134.8645818313905,135.71315002441406,98322000,2021,10,40,Monday,136.8885,139.1366729736328,-2.46,-0.62,-3.07,-2.46,3.07,3,409.0618,137.7453,136.3539,134.9626,133.5712,132.1798,130.7885,129.3971,128.0057,126.6144,125.223,123.8316,122.4403,121.0489,119.6575,118.2662,116.8748,115.4834,114.0921,112.7007,111.3093,109.918,108.5266,107.1352,105.7439,104.3525,True,True,True,False,False,False,False,False,False,False,False,False,False,False,False,False,False,False,False,False,False,False,False,False,False
AAPL,2021-10-05,136.0545317412187,138.73680249578317,135.92772872481194,137.63462829589844,80861100,2021,10,40,Tuesday,137.0884,135.71315002441406,1.42,0.25,0.16,1.42,-0.16,0,0.0,134.356,132.9989,131.6418,130.2846,128.9275,127.5704,126.2132,124.8561,123.499,122.1418,120.7847,119.4276,118.0704,116.7133,115.3562,113.999,112.6419,111.2848,109.9277,108.5705,107.2134,105.8563,104.4991,103.142,101.7849,False,False,False,False,False,False,False,False,False,False,False,False,False,False,False,False,False,False,False,False,False,False,False,False,False
AAPL,2021-10-06,136.03499804431914,138.6489852474294,134.96208396365105,138.502685546875,83221100,2021,10,40,Wednesday,137.0372,137.63462829589844,0.63,-1.16,-1.94,0.63,1.94,1,136.2583,136.2583,134.8819,133.5056,132.1292,130.7529,129.3766,128.0002,126.6239,125.2475,123.8712,122.4948,121.1185,119.7421,118.3658,116.9894,115.6131,114.2367,112.8604,111.484,110.1077,108.7314,107.355,105.9787,104.6023,103.226,True,False,False,False,False,False,False,False,False,False,False,False,False,False,False,False,False,False,False,False,False,False,False,False,False
AAPL,2021-10-07,139.5365636274982,140.66799748439982,139.20494108139994,139.76089477539062,61732700,2021,10,40,Thursday,139.7926,138.502685546875,0.91,0.75,0.51,0.91,-0.51,0,0.0,137.1177,135.7326,134.3476,132.9626,131.5776,130.1925,128.8075,127.4225,126.0374,124.6524,123.2674,121.8824,120.4973,119.1123,117.7273,116.3423,114.9572,113.5722,112.1872,110.8021,109.4171,108.0321,106.6471,105.262,103.877,False,False,False,False,False,False,False,False,False,False,False,False,False,False,False,False,False,False,False,False,False,False,False,False,False
AAPL,2021-10-08,140.48271316225515,140.62901288949595,139.04891630336158,139.3805389404297,58773200,2021,10,40,Friday,139.8853,139.76089477539062,-0.27,0.52,-0.51,-0.27,0.51,0,0.0,138.3633,136.9657,135.5681,134.1705,132.7729,131.3752,129.9776,128.58,127.1824,125.7848,124.3872,122.9896,121.592,120.1944,118.7968,117.3992,116.0015,114.6039,113.2063,111.8087,110.4111,109.0135,107.6159,106.2183,104.8207,False,False,False,False,False,False,False,False,False,False,False,False,False,False,False,False,False,False,False,False,False,False,False,False,False
AAPL,2021-10-11,138.76604603984862,141.24348200456123,138.31736879996546,139.29273986816406,64452200,2021,10,41,Monday,139.4049,139.3805389404297,-0.06,-0.44,-0.76,-0.06,0.76,0,0.0,137.9867,136.5929,135.1991,133.8053,132.4115,131.0177,129.6239,128.2301,126.8363,125.4425,124.0487,122.6549,121.2611,119.8673,118.4735,117.0797,115.6858,114.292,112.8982,111.5044,110.1106,108.7168,107.323,105.9292,104.5354,False,False,False,False,False,False,False,False,False,False,False,False,False,False,False,False,False,False,False,False,False,False,False,False,False
AAPL,2021-10-12,139.7024045703548,139.72191616043952,137.56633938704366,138.02476501464844,73035900,2021,10,41,Tuesday,138.7539,139.29273986816406,-0.91,0.29,-1.24,-0.91,1.24,1,137.8998,137.8998,136.5069,135.114,133.721,132.3281,130.9352,129.5422,128.1493,126.7564,125.3635,123.9705,122.5776,121.1847,119.7918,118.3988,117.0059,115.613,114.22,112.8271,111.4342,110.0413,108.6483,107.2554,105.8625,104.4696,True,False,False,False,False,False,False,False,False,False,False,False,False,False,False,False,False,False,False,False,False,False,False,False,False
AAPL,2021-10-13,137.76143421982243,137.9174823014052,135.77166862906188,137.43955993652344,78762700,2021,10,41,Wednesday,137.2225,138.02476501464844,-0.42,-0.19,-1.63,-0.42,1.63,1,136.6445,136.6445,135.2643,133.884,132.5038,131.1235,129.7433,128.363,126.9828,125.6025,124.2223,122.842,121.4618,120.0815,118.7013,117.3211,115.9408,114.5606,113.1803,111.8001,110.4198,109.0396,107.6593,106.2791,104.8988,103.5186,True,False,False,False,False,False,False,False,False,False,False,False,False,False,False,False,False,False,False,False,False,False,False,False,False
AAPL,2021-10-14,138.61001888548796,140.3364302891857,138.0247901402729,140.21937561035156,69907100,2021,10,41,Thursday,139.2977,137.43955993652344,2.02,0.85,0.43,2.02,-0.43,0,0.0,136.0652,134.6908,133.3164,131.942,130.5676,129.1932,127.8188,126.4444,125.07,123.6956,122.3212,120.9468,119.5724,118.198,116.8236,115.4492,114.0748,112.7004,111.326,109.9516,108.5773,107.2029,105.8285,104.4541,103.0797,False,False,False,False,False,False,False,False,False,False,False,False,False,False,False,False,False,False,False,False,False,False,False,False,False
AAPL,2021-10-15,140.22911148485912,141.3312707409973,139.97550546602724,141.2727508544922,67940300,2021,10,41,Friday,140.7022,140.21937561035156,0.75,0.01,-0.17,0.75,0.17,0,0.0,138.8172,137.415,136.0128,134.6106,133.2084,131.8062,130.404,129.0018,127.5996,126.1974,124.7952,123.3931,121.9909,120.5887,119.1865,117.7843,116.3821,114.9799,113.5777,112.1755,110.7733,109.3711,107.9689,106.5667,105.1645,False,False,False,False,False,False,False,False,False,False,False,False,False,False,False,False,False,False,False,False,False,False,False,False,False
AAPL,2021-10-18,139.91697189226727,143.22347910319027,139.63412084083484,142.9406280517578,85589200,2021,10,42,Monday,141.4288,141.2727508544922,1.18,-0.96,-1.16,1.18,1.16,1,139.86,139.86,138.4473,137.0346,135.6218,134.2091,132.7964,131.3837,129.9709,128.5582,127.1455,125.7327,124.32,122.9073,121.4946,120.0818,118.6691,117.2564,115.8437,114.4309,113.0182,111.6055,110.1927,108.78,107.3673,105.9546,True,False,False,False,False,False,False,False,False,False,False,False,False,False,False,False,False,False,False,False,False,False,False,False,False
AAPL,2021-10-19,143.38927699692093,145.49608180607396,142.9406146975332,145.09617614746094,76378900,2021,10,42,Tuesday,144.2305,142.9406280517578,1.51,0.31,-0.0,1.51,0.0,0,0.0,141.5112,140.0818,138.6524,137.223,135.7936,134.3642,132.9348,131.5054,130.076,128.6466,127.2172,125.7878,124.3583,122.9289,121.4995,120.0701,118.6407,117.2113,115.7819,114.3525,112.9231,111.4937,110.0643,108.6349,107.2055,False,False,False,False,False,False,False,False,False,False,False,False,False,False,False,False,False,False,False,False,False,False,False,False,False
AAPL,2021-10-20,145.03768735830047,146.0618300447265,144.47197030405582,145.58389282226562,58418800,2021,10,42,Wednesday,145.2888,145.09617614746094,0.34,-0.04,-0.43,0.34,0.43,0,0.0,143.6452,142.1943,140.7433,139.2923,137.8414,136.3904,134.9394,133.4885,132.0375,130.5866,129.1356,127.6846,126.2337,124.7827,123.3317,121.8808,120.4298,118.9789,117.5279,116.0769,114.626,113.175,111.7241,110.2731,108.8221,False,False,False,False,False,False,False,False,False,False,False,False,False,False,False,False,False,False,False,False,False,False,False,False,False
AAPL,2021-10-21,145.14499547046705,145.95455540585698,144.22814410067642,145.79849243164062,61421000,2021,10,42,Thursday,145.2815,145.58389282226562,0.15,-0.3,-0.93,0.15,0.93,0,0.0,144.1281,142.6722,141.2164,139.7605,138.3047,136.8489,135.393,133.9372,132.4813,131.0255,129.5697,128.1138,126.658,125.2021,123.7463,122.2905,120.8346,119.3788,117.923,116.4671,115.0113,113.5554,112.0996,110.6438,109.1879,False,False,False,False,False,False,False,False,False,False,False,False,False,False,False,False,False,False,False,False,False,False,False,False,False
AAPL,2021-10-22,146.00334071672438,146.48126315623614,144.97919781593575,145.02796936035156,58883400,2021,10,42,Friday,145.6229,145.79849243164062,-0.53,0.14,-0.56,-0.53,0.56,0,0.0,144.3405,142.8825,141.4245,139.9666,138.5086,137.0506,135.5926,134.1346,132.6766,131.2186,129.7607,128.3027,126.8447,125.3867,123.9287,122.4707,121.0127,119.5548,118.0968,116.6388,115.1808,113.7228,112.2648,110.8069,109.3489,False,False,False,False,False,False,False,False,False,False,False,False,False,False,False,False,False,False,False,False,False,False,False,False,False
AAPL,2021-10-25,145.0181495258691,145.69115788039105,143.98425867288518,144.97914123535156,50720600,2021,10,43,Monday,144.9182,145.02796936035156,-0.03,-0.01,-0.72,-0.03,0.72,0,0.0,143.5777,142.1274,140.6771,139.2269,137.7766,136.3263,134.876,133.4257,131.9755,130.5252,129.0749,127.6246,126.1743,124.7241,123.2738,121.8235,120.3732,118.9229,117.4727,116.0224,114.5721,113.1218,111.6715,110.2213,108.771,False,False,False,False,False,False,False,False,False,False,False,False,False,False,False,False,False,False,False,False,False,False,False,False,False
AAPL,2021-10-26,145.65218915043056,147.1249943659197,145.34006320959406,145.64244079589844,60893400,2021,10,43,Tuesday,145.9399,144.97914123535156,0.46,0.46,0.25,0.46,-0.25,0,0.0,143.5293,142.0796,140.6298,139.18,137.7302,136.2804,134.8306,133.3808,131.931,130.4812,129.0314,127.5816,126.1319,124.6821,123.2323,121.7825,120.3327,118.8829,117.4331,115.9833,114.5335,113.0837,111.6339,110.1841,108.7344,False,False,False,False,False,False,False,False,False,False,False,False,False,False,False,False,False,False,False,False,False,False,False,False,False
AAPL,2021-10-27,145.68143968000115,146.04232225315448,144.83287151805337,145.1840057373047,56094900,2021,10,43,Wednesday,145.4352,145.64244079589844,-0.31,0.03,-0.56,-0.31,0.56,0,0.0,144.186,142.7296,141.2732,139.8167,138.3603,136.9039,135.4475,133.991,132.5346,131.0782,129.6218,128.1653,126.7089,125.2525,123.7961,122.3397,120.8832,119.4268,117.9704,116.514,115.0575,113.6011,112.1447,110.6883,109.2318,False,False,False,False,False,False,False,False,False,False,False,False,False,False,False,False,False,False,False,False,False,False,False,False,False
AAPL,2021-10-28,146.13012235133445,149.39760698679012,146.0325792767904,148.81239318847656,100077900,2021,10,43,Thursday,147.5932,145.1840057373047,2.5,0.65,0.58,2.5,-0.58,0,0.0,143.7322,142.2803,140.8285,139.3766,137.9248,136.473,135.0211,133.5693,132.1174,130.6656,129.2138,127.7619,126.3101,124.8582,123.4064,121.9546,120.5027,119.0509,117.599,116.1472,114.6954,113.2435,111.7917,110.3398,108.888,False,False,False,False,False,False,False,False,False,False,False,False,False,False,False,False,False,False,False,False,False,False,False,False,False
AAPL,2021-10-29,143.59415144162946,146.24716233667445,142.8041031388741,146.11061096191406,124953200,2021,10,43,Friday,144.689,148.81239318847656,-1.82,-3.51,-4.04,-1.82,4.04,4,580.3683,147.3243,145.8361,144.348,142.8599,141.3718,139.8836,138.3955,136.9074,135.4193,133.9312,132.443,130.9549,129.4668,127.9787,126.4905,125.0024,123.5143,122.0262,120.538,119.0499,117.5618,116.0737,114.5855,113.0974,111.6093,True,True,True,True,False,False,False,False,False,False,False,False,False,False,False,False,False,False,False,False,False,False,False,False,False
AAPL,2021-11-01,145.3205502265068,146.01305539533712,144.15985619885288,145.29129028320312,74588300,2021,11,44,Monday,145.1962,146.11061096191406,-0.56,-0.54,-1.34,-0.56,1.34,1,144.6495,144.6495,143.1884,141.7273,140.2662,138.8051,137.344,135.8829,134.4218,132.9607,131.4995,130.0384,128.5773,127.1162,125.6551,124.194,122.7329,121.2718,119.8107,118.3496,116.8885,115.4274,113.9663,112.5052,111.0441,109.583,True,False,False,False,False,False,False,False,False,False,False,False,False,False,False,False,False,False,False,False,False,False,False,False,False
AAPL,2021-11-02,144.9986747309846,147.8370082711022,144.98891149464504,146.32518005371094,69122000,2021,11,44,Tuesday,146.0374,145.29129028320312,0.71,-0.2,-0.21,0.71,0.21,0,0.0,143.8384,142.3855,140.9326,139.4796,138.0267,136.5738,135.1209,133.668,132.2151,130.7622,129.3092,127.8563,126.4034,124.9505,123.4976,122.0447,120.5918,119.1389,117.6859,116.233,114.7801,113.3272,111.8743,110.4214,108.9685,False,False,False,False,False,False,False,False,False,False,False,False,False,False,False,False,False,False,False,False,False,False,False,False,False
AAPL,2021-11-03,146.68608830895576,148.2271767394299,146.1301344105293,147.75900268554688,54511500,2021,11,44,Wednesday,147.2006,146.32518005371094,0.98,0.25,-0.13,0.98,0.13,0,0.0,144.8619,143.3987,141.9354,140.4722,139.0089,137.5457,136.0824,134.6192,133.1559,131.6927,130.2294,128.7662,127.3029,125.8397,124.3764,122.9132,121.4499,119.9866,118.5234,117.0601,115.5969,114.1336,112.6704,111.2071,109.7439,False,False,False,False,False,False,False,False,False,False,False,False,False,False,False,False,False,False,False,False,False,False,False,False,False
AAPL,2021-11-04,147.84676026074618,148.6758168059769,146.92990900121129,147.24203491210938,60394600,2021,11,44,Thursday,147.6736,147.75900268554688,-0.35,0.06,-0.56,-0.35,0.56,0,0.0,146.2814,144.8038,143.3262,141.8486,140.3711,138.8935,137.4159,135.9383,134.4607,132.9831,131.5055,130.0279,128.5503,127.0727,125.5952,124.1176,122.64,121.1624,119.6848,118.2072,116.7296,115.252,113.7744,112.2968,110.8193,False,False,False,False,False,False,False,False,False,False,False,False,False,False,False,False,False,False,False,False,False,False,False,False,False
AAPL,2021-11-05,148.36533077411934,148.66813471450217,146.57779487265975,147.7694854736328,65463900,2021,11,44,Friday,147.8452,147.24203491210938,0.36,0.76,-0.45,0.36,0.45,0,0.0,145.7696,144.2972,142.8248,141.3524,139.8799,138.4075,136.9351,135.4627,133.9903,132.5178,131.0454,129.573,128.1006,126.6282,125.1557,123.6833,122.2109,120.7385,119.266,117.7936,116.3212,114.8488,113.3764,111.9039,110.4315,False,False,False,False,False,False,False,False,False,False,False,False,False,False,False,False,False,False,False,False,False,False,False,False,False
AAPL,2021-11-08,147.8964665160418,148.0527572213007,146.67547332752292,146.948974609375,55020900,2021,11,45,Monday,147.3934,147.7694854736328,-0.56,0.09,-0.74,-0.56,0.74,0,0.0,146.2918,144.8141,143.3364,141.8587,140.381,138.9033,137.4256,135.9479,134.4702,132.9925,131.5148,130.0371,128.5595,127.0818,125.6041,124.1264,122.6487,121.171,119.6933,118.2156,116.7379,115.2602,113.7825,112.3048,110.8271,False,False,False,False,False,False,False,False,False,False,False,False,False,False,False,False,False,False,False,False,False,False,False,False,False
AAPL,2021-11-09,146.71456416967115,147.9160175036458,146.57781350486675,147.31040954589844,56787900,2021,11,45,Tuesday,147.1297,146.948974609375,0.25,-0.16,-0.25,0.25,0.25,0,0.0,145.4795,144.01,142.5405,141.071,139.6015,138.132,136.6625,135.1931,133.7236,132.2541,130.7846,129.3151,127.8456,126.3761,124.9066,123.4371,121.9676,120.4982,119.0287,117.5592,116.0897,114.6202,113.1507,111.6812,110.2117,False,False,False,False,False,False,False,False,False,False,False,False,False,False,False,False,False,False,False,False,False,False,False,False,False
AAPL,2021-11-10,146.5387319232798,146.64617992683026,144.4190894029692,144.48745727539062,65187100,2021,11,45,Wednesday,145.5229,147.31040954589844,-1.92,-0.52,-1.96,-1.92,1.96,1,145.8373,145.8373,144.3642,142.8911,141.418,139.9449,138.4718,136.9987,135.5256,134.0525,132.5794,131.1063,129.6332,128.1601,126.687,125.2138,123.7407,122.2676,120.7945,119.3214,117.8483,116.3752,114.9021,113.429,111.9559,110.4828,True,False,False,False,False,False,False,False,False,False,False,False,False,False,False,False,False,False,False,False,False,False,False,False,False
AAPL,2021-11-11,145.50333134171993,145.96241109507744,144.25302053135974,144.43861389160156,41000000,2021,11,45,Thursday,145.0393,144.48745727539062,-0.03,0.7,-0.16,-0.03,0.16,0,0.0,143.0426,141.5977,140.1528,138.708,137.2631,135.8182,134.3733,132.9285,131.4836,130.0387,128.5938,127.149,125.7041,124.2592,122.8143,121.3695,119.9246,118.4797,117.0348,115.59,114.1451,112.7002,111.2553,109.8105,108.3656,False,False,False,False,False,False,False,False,False,False,False,False,False,False,False,False,False,False,False,False,False,False,False,False,False
AAPL,2021-11-12,144.98564800973566,146.9099349979288,144.05769591147595,146.50946044921875,63804000,2021,11,45,Friday,145.6157,144.43861389160156,1.43,0.38,-0.26,1.43,0.26,0,0.0,142.9942,141.5498,140.1055,138.6611,137.2167,135.7723,134.3279,132.8835,131.4391,129.9948,128.5504,127.106,125.6616,124.2172,122.7728,121.3284,119.884,118.4397,116.9953,115.5509,114.1065,112.6621,111.2177,109.7733,108.329,False,False,False,False,False,False,False,False,False,False,False,False,False,False,False,False,False,False,False,False,False,False,False,False,False
AAPL,2021-11-15,146.88058950641502,148.35555879375588,145.96240025846288,146.51918029785156,59222800,2021,11,46,Monday,146.9294,146.50946044921875,0.01,0.25,-0.37,0.01,0.37,0,0.0,145.0444,143.5793,142.1142,140.6491,139.184,137.7189,136.2538,134.7887,133.3236,131.8585,130.3934,128.9283,127.4632,125.9981,124.533,123.0679,121.6029,120.1378,118.6727,117.2076,115.7425,114.2774,112.8123,111.3472,109.8821,False,False,False,False,False,False,False,False,False,False,False,False,False,False,False,False,False,False,False,False,False,False,False,False,False
AAPL,2021-11-16,146.46058703081326,147.97462166575806,145.87450429964008,147.49598693847656,59256200,2021,11,46,Tuesday,146.9514,146.51918029785156,0.67,-0.04,-0.44,0.67,0.44,0,0.0,145.054,143.5888,142.1236,140.6584,139.1932,137.728,136.2628,134.7976,133.3325,131.8673,130.4021,128.9369,127.4717,126.0065,124.5413,123.0761,121.6109,120.1457,118.6805,117.2153,115.7502,114.285,112.8198,111.3546,109.8894,False,False,False,False,False,False,False,False,False,False,False,False,False,False,False,False,False,False,False,False,False,False,False,False,False
AAPL,2021-11-17,147.49598349597346,151.40316186672771,147.48622091573952,149.92820739746094,88807000,2021,11,46,Wednesday,149.0784,147.49598693847656,1.65,-0.0,-0.01,1.65,0.01,0,0.0,146.021,144.5461,143.0711,141.5961,140.1212,138.6462,137.1713,135.6963,134.2213,132.7464,131.2714,129.7965,128.3215,126.8465,125.3716,123.8966,122.4217,120.9467,119.4717,117.9968,116.5218,115.0469,113.5719,112.097,110.622,False,False,False,False,False,False,False,False,False,False,False,False,False,False,False,False,False,False,False,False,False,False,False,False,False
AAPL,2021-11-18,150.1431040324191,154.98799688592075,149.4984160214015,154.20655822753906,137827700,2021,11,46,Thursday,152.209,149.92820739746094,2.85,0.14,-0.29,2.85,0.29,0,0.0,148.4289,146.9296,145.4304,143.9311,142.4318,140.9325,139.4332,137.934,136.4347,134.9354,133.4361,131.9368,130.4375,128.9383,127.439,125.9397,124.4404,122.9411,121.4418,119.9426,118.4433,116.944,115.4447,113.9454,112.4462,False,False,False,False,False,False,False,False,False,False,False,False,False,False,False,False,False,False,False,False,False,False,False,False,False
AAPL,2021-11-19,153.9916581394781,157.28346597858675,152.89765298958213,156.82437133789062,117305600,2021,11,46,Friday,155.2493,154.20655822753906,1.7,-0.14,-0.85,1.7,0.85,0,0.0,152.6645,151.1224,149.5804,148.0383,146.4962,144.9542,143.4121,141.87,140.328,138.7859,137.2438,135.7018,134.1597,132.6176,131.0756,129.5335,127.9914,126.4494,124.9073,123.3652,121.8232,120.2811,118.739,117.197,115.6549,False,False,False,False,False,False,False,False,False,False,False,False,False,False,False,False,False,False,False,False,False,False,False,False,False
AAPL,2021-11-22,157.92813559947206,161.85485386154411,157.26392246010866,157.28346252441406,117467900,2021,11,47,Monday,158.5826,156.82437133789062,0.29,0.7,0.28,0.29,-0.28,0,0.0,155.2561,153.6879,152.1196,150.5514,148.9832,147.4149,145.8467,144.2784,142.7102,141.1419,139.5737,138.0054,136.4372,134.869,133.3007,131.7325,130.1642,128.596,127.0277,125.4595,123.8913,122.323,120.7548,119.1865,117.6183,False,False,False,False,False,False,False,False,False,False,False,False,False,False,False,False,False,False,False,False,False,False,False,False,False
AAPL,2021-11-23,157.3811499145866,158.04537802988585,155.36895531169498,157.6644287109375,96041900,2021,11,47,Tuesday,157.115,157.28346252441406,0.24,0.06,-1.22,0.24,1.22,1,155.7106,155.7106,154.1378,152.565,150.9921,149.4193,147.8465,146.2736,144.7008,143.128,141.5551,139.9823,138.4094,136.8366,135.2638,133.6909,132.1181,130.5453,128.9724,127.3996,125.8268,124.2539,122.6811,121.1083,119.5354,117.9626,True,False,False,False,False,False,False,False,False,False,False,False,False,False,False,False,False,False,False,False,False,False,False,False,False
AAPL,2021-11-24,157.01975602804134,158.37750013405517,155.9355132595911,158.18214416503906,69463600,2021,11,47,Wednesday,157.3787,157.6644287109375,0.33,-0.41,-1.1,0.33,1.1,1,156.0878,156.0878,154.5111,152.9345,151.3579,149.7812,148.2046,146.6279,145.0513,143.4746,141.898,140.3213,138.7447,137.1681,135.5914,134.0148,132.4381,130.8615,129.2848,127.7082,126.1315,124.5549,122.9783,121.4016,119.825,118.2483,True,False,False,False,False,False,False,False,False,False,False,False,False,False,False,False,False,False,False,False,False,False,False,False,False
AAPL,2021-11-26,155.86710492688786,156.72667394842426,152.73158803573577,153.171142578125,76959800,2021,11,47,Friday,154.6241,158.18214416503906,-3.17,-1.46,-3.45,-3.17,3.45,3,465.0555,156.6003,155.0185,153.4367,151.8549,150.273,148.6912,147.1094,145.5276,143.9458,142.3639,140.7821,139.2003,137.6185,136.0366,134.4548,132.873,131.2912,129.7094,128.1275,126.5457,124.9639,123.3821,121.8003,120.2184,118.6366,True,True,True,False,False,False,False,False,False,False,False,False,False,False,False,False,False,False,False,False,False,False,False,False,False
AAPL,2021-11-29,155.67173929364688,157.4495124904144,155.1051966783485,156.5215606689453,88748200,2021,11,48,Monday,156.187,153.171142578125,2.19,1.63,1.26,2.19,-1.26,0,0.0,151.6394,150.1077,148.576,147.0443,145.5126,143.9809,142.4492,140.9175,139.3857,137.854,136.3223,134.7906,133.2589,131.7272,130.1955,128.6638,127.132,125.6003,124.0686,122.5369,121.0052,119.4735,117.9418,116.4101,114.8784,False,False,False,False,False,False,False,False,False,False,False,False,False,False,False,False,False,False,False,False,False,False,False,False,False
AAPL,2021-11-30,156.2773947152438,161.67906839694083,156.2090119296681,161.46417236328125,174048100,2021,11,48,Tuesday,158.9074,156.5215606689453,3.16,-0.16,-0.2,3.16,0.2,0,0.0,154.9563,153.3911,151.8259,150.2607,148.6955,147.1303,145.5651,143.9998,142.4346,140.8694,139.3042,137.739,136.1738,134.6085,133.0433,131.4781,129.9129,128.3477,126.7825,125.2172,123.652,122.0868,120.5216,118.9564,117.3912,False,False,False,False,False,False,False,False,False,False,False,False,False,False,False,False,False,False,False,False,False,False,False,False,False
AAPL,2021-12-01,163.5935775451036,166.34814584365344,160.71203606659066,160.94647216796875,152052500,2021,12,48,Wednesday,162.9001,161.46417236328125,-0.32,1.32,-0.47,-0.32,0.47,0,0.0,159.8495,158.2349,156.6202,155.0056,153.391,151.7763,150.1617,148.547,146.9324,145.3178,143.7031,142.0885,140.4738,138.8592,137.2445,135.6299,134.0153,132.4006,130.786,129.1713,127.5567,125.9421,124.3274,122.7128,121.0981,False,False,False,False,False,False,False,False,False,False,False,False,False,False,False,False,False,False,False,False,False,False,False,False,False
AAPL,2021-12-02,155.0564010804487,160.38969196905754,154.1382116478701,159.95989990234375,136739200,2021,12,48,Thursday,157.3861,160.94647216796875,-0.61,-3.66,-4.23,-0.61,4.23,4,627.6912,159.337,157.7275,156.1181,154.5086,152.8991,151.2897,149.6802,148.0708,146.4613,144.8518,143.2424,141.6329,140.0234,138.414,136.8045,135.195,133.5856,131.9761,130.3666,128.7572,127.1477,125.5382,123.9288,122.3193,120.7099,True,True,True,True,False,False,False,False,False,False,False,False,False,False,False,False,False,False,False,False,False,False,False,False,False
AAPL,2021-12-03,160.21386222018816,161.13205157338396,156.01364225594332,158.08444213867188,118023100,2021,12,48,Friday,158.861,159.95989990234375,-1.17,0.16,-2.47,-1.17,2.47,2,315.121,158.3603,156.7607,155.1611,153.5615,151.9619,150.3623,148.7627,147.1631,145.5635,143.9639,142.3643,140.7647,139.1651,137.5655,135.9659,134.3663,132.7667,131.1671,129.5675,127.9679,126.3683,124.7687,123.1691,121.5695,119.9699,True,True,False,False,False,False,False,False,False,False,False,False,False,False,False,False,False,False,False,False,False,False,False,False,False
AAPL,2021-12-06,160.47759138079394,163.98429560873123,160.4678287996897,161.48370361328125,107497000,2021,12,49,Monday,161.6034,158.08444213867188,2.15,1.51,1.51,2.15,-1.51,0,0.0,156.5036,154.9228,153.3419,151.7611,150.1802,148.5994,147.0185,145.4377,143.8568,142.276,140.6952,139.1143,137.5335,135.9526,134.3718,132.7909,131.2101,129.6292,128.0484,126.4676,124.8867,123.3059,121.725,120.1442,118.5633,False,False,False,False,False,False,False,False,False,False,False,False,False,False,False,False,False,False,False,False,False,False,False,False,False
AAPL,2021-12-07,165.15642772326544,167.59841414884357,164.43359437560147,167.2076873779297,120405400,2021,12,49,Tuesday,166.099,161.48370361328125,3.54,2.27,1.83,3.54,-1.83,0,0.0,159.8689,158.254,156.6392,155.0244,153.4095,151.7947,150.1798,148.565,146.9502,145.3353,143.7205,142.1057,140.4908,138.876,137.2611,135.6463,134.0315,132.4166,130.8018,129.187,127.5721,125.9573,124.3425,122.7276,121.1128,False,False,False,False,False,False,False,False,False,False,False,False,False,False,False,False,False,False,False,False,False,False,False,False,False
AAPL,2021-12-08,168.13567063026588,171.87679598965886,166.7388465074218,171.0172119140625,116998900,2021,12,49,Wednesday,169.4421,167.2076873779297,2.28,0.55,-0.28,2.28,0.28,0,0.0,165.5356,163.8635,162.1915,160.5194,158.8473,157.1752,155.5031,153.8311,152.159,150.4869,148.8148,147.1428,145.4707,143.7986,142.1265,140.4545,138.7824,137.1103,135.4382,133.7661,132.0941,130.422,128.7499,127.0778,125.4058,False,False,False,False,False,False,False,False,False,False,False,False,False,False,False,False,False,False,False,False,False,False,False,False,False
AAPL,2021-12-09,170.85116144440897,172.6484600825667,169.8841293433167,170.50927734375,108923700,2021,12,49,Thursday,170.9733,171.0172119140625,-0.3,-0.1,-0.66,-0.3,0.66,0,0.0,169.307,167.5969,165.8867,164.1765,162.4664,160.7562,159.046,157.3358,155.6257,153.9155,152.2053,150.4951,148.785,147.0748,145.3646,143.6545,141.9443,140.2341,138.5239,136.8138,135.1036,133.3934,131.6833,129.9731,128.2629,False,False,False,False,False,False,False,False,False,False,False,False,False,False,False,False,False,False,False,False,False,False,False,False,False
AAPL,2021-12-10,171.14422713494562,175.4616584549351,170.63628965473916,175.28582763671875,115402700,2021,12,49,Friday,173.132,170.50927734375,2.8,0.37,0.07,2.8,-0.07,0,0.0,168.8042,167.0991,165.394,163.6889,161.9838,160.2787,158.5736,156.8685,155.1634,153.4583,151.7533,150.0482,148.3431,146.638,144.9329,143.2278,141.5227,139.8176,138.1125,136.4074,134.7023,132.9972,131.2921,129.5871,127.882,False,False,False,False,False,False,False,False,False,False,False,False,False,False,False,False,False,False,False,False,False,False,False,False,False
AAPL,2021-12-13,176.9170250648393,177.90359710458122,171.4567470785072,171.66188049316406,153237000,2021,12,50,Monday,174.4848,175.28582763671875,-2.07,0.93,-2.18,-2.07,2.18,2,345.3131,173.533,171.7801,170.0273,168.2744,166.5215,164.7687,163.0158,161.263,159.5101,157.7572,156.0044,154.2515,152.4987,150.7458,148.993,147.2401,145.4872,143.7344,141.9815,140.2287,138.4758,136.7229,134.9701,133.2172,131.4644,True,True,False,False,False,False,False,False,False,False,False,False,False,False,False,False,False,False,False,False,False,False,False,False,False
AAPL,2021-12-14,171.1832561903654,173.6154801461527,168.21380712036787,170.28460693359375,139380400,2021,12,50,Tuesday,170.8243,171.66188049316406,-0.8,-0.28,-2.01,-0.8,2.01,2,338.1739,169.9453,168.2286,166.512,164.7954,163.0788,161.3622,159.6455,157.9289,156.2123,154.4957,152.7791,151.0625,149.3458,147.6292,145.9126,144.196,142.4794,140.7627,139.0461,137.3295,135.6129,133.8963,132.1796,130.463,128.7464,True,True,False,False,False,False,False,False,False,False,False,False,False,False,False,False,False,False,False,False,False,False,False,False,False
AAPL,2021-12-15,171.0465102933484,175.33463817394934,168.31148231582245,175.1392822265625,131063300,2021,12,50,Wednesday,172.458,170.28460693359375,2.85,0.45,-1.16,2.85,1.16,1,168.5818,168.5818,166.8789,165.1761,163.4732,161.7704,160.0675,158.3647,156.6618,154.959,153.2561,151.5533,149.8505,148.1476,146.4448,144.7419,143.0391,141.3362,139.6334,137.9305,136.2277,134.5248,132.822,131.1191,129.4163,127.7135,True,False,False,False,False,False,False,False,False,False,False,False,False,False,False,False,False,False,False,False,False,False,False,False,False
AAPL,2021-12-16,175.11973661793166,176.9365751900634,166.78767978084602,168.26263427734375,150185800,2021,12,50,Thursday,171.7767,175.1392822265625,-3.93,-0.01,-4.77,-3.93,4.77,4,683.0432,173.3879,171.6365,169.8851,168.1337,166.3823,164.6309,162.8795,161.1281,159.3767,157.6254,155.874,154.1226,152.3712,150.6198,148.8684,147.117,145.3656,143.6142,141.8628,140.1114,138.36,136.6086,134.8572,133.1059,131.3545,True,True,True,True,False,False,False,False,False,False,False,False,False,False,False,False,False,False,False,False,False,False,False,False,False
AAPL,2021-12-17,165.98671202152144,169.44457351876034,165.75229083845704,167.16864013671875,195432700,2021,12,50,Friday,167.0881,168.26263427734375,-0.65,-1.35,-1.49,-0.65,1.49,1,166.58,166.58,164.8974,163.2148,161.5321,159.8495,158.1669,156.4842,154.8016,153.119,151.4364,149.7537,148.0711,146.3885,144.7059,143.0232,141.3406,139.658,137.9754,136.2927,134.6101,132.9275,131.2449,129.5622,127.8796,126.197,True,False,False,False,False,False,False,False,False,False,False,False,False,False,False,False,False,False,False,False,False,False,False,False,False
AAPL,2021-12-20,164.375008447403,166.62163920449956,163.5740445559153,165.81089782714844,107499100,2021,12,51,Monday,165.0954,167.16864013671875,-0.81,-1.67,-2.15,-0.81,2.15,2,329.3222,165.497,163.8253,162.1536,160.4819,158.8102,157.1385,155.4668,153.7951,152.1235,150.4518,148.7801,147.1084,145.4367,143.765,142.0933,140.4217,138.75,137.0783,135.4066,133.7349,132.0632,130.3915,128.7199,127.0482,125.3765,True,True,False,False,False,False,False,False,False,False,False,False,False,False,False,False,False,False,False,False,False,False,False,False,False
AAPL,2021-12-21,167.57888393978646,169.1808265329912,165.1955026634982,168.9757080078125,91185900,2021,12,51,Tuesday,167.7327,165.81089782714844,1.91,1.07,-0.37,1.91,0.37,0,0.0,164.1528,162.4947,160.8366,159.1785,157.5204,155.8622,154.2041,152.546,150.8879,149.2298,147.5717,145.9136,144.2555,142.5974,140.9393,139.2812,137.623,135.9649,134.3068,132.6487,130.9906,129.3325,127.6744,126.0163,124.3582,False,False,False,False,False,False,False,False,False,False,False,False,False,False,False,False,False,False,False,False,False,False,False,False,False
AAPL,2021-12-22,169.02456703895956,171.77913555211592,168.15522025592128,171.56423950195312,92135300,2021,12,51,Wednesday,170.1308,168.9757080078125,1.53,0.03,-0.49,1.53,0.49,0,0.0,167.286,165.5962,163.9064,162.2167,160.5269,158.8372,157.1474,155.4577,153.7679,152.0781,150.3884,148.6986,147.0089,145.3191,143.6294,141.9396,140.2498,138.5601,136.8703,135.1806,133.4908,131.8011,130.1113,128.4215,126.7318,False,False,False,False,False,False,False,False,False,False,False,False,False,False,False,False,False,False,False,False,False,False,False,False,False
AAPL,2021-12-23,171.76931657934202,172.74611106678847,171.20277398805894,172.1893310546875,68356600,2021,12,51,Thursday,171.9769,171.56423950195312,0.36,0.12,-0.21,0.36,0.21,0,0.0,169.8486,168.133,166.4173,164.7017,162.986,161.2704,159.5547,157.8391,156.1235,154.4078,152.6922,150.9765,149.2609,147.5452,145.8296,144.114,142.3983,140.6827,138.967,137.2514,135.5357,133.8201,132.1045,130.3888,128.6732,False,False,False,False,False,False,False,False,False,False,False,False,False,False,False,False,False,False,False,False,False,False,False,False,False
AAPL,2021-12-27,172.98058061033834,176.233308952318,172.9610554465104,176.14540100097656,74919600,2021,12,52,Monday,174.5801,172.1893310546875,2.3,0.46,0.45,2.3,-0.45,0,0.0,170.4674,168.7455,167.0237,165.3018,163.5799,161.858,160.1361,158.4142,156.6923,154.9704,153.2485,151.5266,149.8047,148.0828,146.3609,144.639,142.9171,141.1953,139.4734,137.7515,136.0296,134.3077,132.5858,130.8639,129.142,False,False,False,False,False,False,False,False,False,False,False,False,False,False,False,False,False,False,False,False,False,False,False,False,False
AAPL,2021-12-28,175.9793227997058,177.12217071968058,174.38714279522745,175.12950134277344,79144300,2021,12,52,Tuesday,175.6545,176.14540100097656,-0.58,-0.09,-1.0,-0.58,1.0,0,0.0,174.3839,172.6225,170.861,169.0996,167.3381,165.5767,163.8152,162.0538,160.2923,158.5309,156.7694,155.008,153.2465,151.485,149.7236,147.9621,146.2007,144.4392,142.6778,140.9163,139.1549,137.3934,135.632,133.8705,132.1091,False,False,False,False,False,False,False,False,False,False,False,False,False,False,False,False,False,False,False,False,False,False,False,False,False
AAPL,2021-12-29,175.16859502828655,176.4384311169709,174.00620695259946,175.21743774414062,62348900,2021,12,52,Wednesday,175.2077,175.12950134277344,0.05,0.02,-0.64,0.05,0.64,0,0.0,173.3782,171.6269,169.8756,168.1243,166.373,164.6217,162.8704,161.1191,159.3678,157.6166,155.8653,154.114,152.3627,150.6114,148.8601,147.1088,145.3575,143.6062,141.8549,140.1036,138.3523,136.601,134.8497,133.0984,131.3471,False,False,False,False,False,False,False,False,False,False,False,False,False,False,False,False,False,False,False,False,False,False,False,False,False
AAPL,2021-12-30,175.30536819408863,176.37984846199373,173.95738656793606,174.06483459472656,59773000,2021,12,52,Thursday,174.9269,175.21743774414062,-0.66,0.05,-0.72,-0.66,0.72,0,0.0,173.4653,171.7131,169.9609,168.2087,166.4566,164.7044,162.9522,161.2,159.4479,157.6957,155.9435,154.1913,152.4392,150.687,148.9348,147.1826,145.4305,143.6783,141.9261,140.174,138.4218,136.6696,134.9174,133.1653,131.4131,False,False,False,False,False,False,False,False,False,False,False,False,False,False,False,False,False,False,False,False,False,False,False,False,False
AAPL,2021-12-31,173.9573701608435,175.07091555859822,173.14662874511,173.44944763183594,64062300,2021,12,52,Friday,173.9061,174.06483459472656,-0.35,-0.06,-0.53,-0.35,0.53,0,0.0,172.3242,170.5835,168.8429,167.1022,165.3616,163.6209,161.8803,160.1396,158.399,156.6584,154.9177,153.1771,151.4364,149.6958,147.9551,146.2145,144.4738,142.7332,140.9925,139.2519,137.5112,135.7706,134.0299,132.2893,130.5486,False,False,False,False,False,False,False,False,False,False,False,False,False,False,False,False,False,False,False,False,False,False,False,False,False
