Symbol,Date,Open,High,Low,Close,Volume,Year,Month,Week,Weekday,avg_daily_price,Previous_Close,Daily_Gain_Loss_Pct,Open_vs_PrevClose_Pct,Low_vs_PrevClose_Pct,Close_vs_PrevClose_Pct,mx_percent_decline,Shares_Purchased,Total_Value_Purchased,BOD99-1,BOD98-2,BOD97-3,BOD96-4,BOD95-5,BOD94-6,BOD93-7,BOD92-8,BOD91-9,BOD90-10,BOD89-11,BOD88-12,BOD87-13,BOD86-14,BOD85-15,BOD84-16,BOD83-17,BOD82-18,BOD81-19,BOD80-20,BOD79-21,BOD78-22,BOD77-23,BOD76-24,BOD75-25,BOD99-1_Executed,BOD98-2_Executed,BOD97-3_Executed,BOD96-4_Executed,BOD95-5_Executed,BOD94-6_Executed,BOD93-7_Executed,BOD92-8_Executed,BOD91-9_Executed,BOD90-10_Executed,BOD89-11_Executed,BOD88-12_Executed,BOD87-13_Executed,BOD86-14_Executed,BOD85-15_Executed,BOD84-16_Executed,BOD83-17_Executed,BOD82-18_Executed,BOD81-19_Executed,BOD80-20_Executed,BOD79-21_Executed,BOD78-22_Executed,BOD77-23_Executed,BOD76-24_Executed,BOD75-25_Executed
AAPL,2007-01-03,2.5809018499712533,2.589575640546489,2.449598379227029,2.5064265727996826,1238319600,2007,1,1,Wednesday,2.5316,2.5375330448150635,-1.23,1.71,-3.47,-1.23,3.47,3,7.4603,2.5122,2.4868,2.4614,2.436,2.4107,2.3853,2.3599,2.3345,2.3092,2.2838,2.2584,2.233,2.2077,2.1823,2.1569,2.1315,2.1062,2.0808,2.0554,2.03,2.0047,1.9793,1.9539,1.9285,1.9031,True,True,True,False,False,False,False,False,False,False,False,False,False,False,False,False,False,False,False,False,False,False,False,False,False
AAPL,2007-01-04,2.5139043234760785,2.570732516443174,2.507024552640332,2.562058925628662,847260400,2007,1,1,Thursday,2.5384,2.5064265727996826,2.22,0.3,0.02,2.22,-0.02,0,0.0,2.4814,2.4563,2.4312,2.4062,2.3811,2.356,2.331,2.3059,2.2808,2.2558,2.2307,2.2057,2.1806,2.1555,2.1305,2.1054,2.0803,2.0553,2.0302,2.0051,1.9801,1.955,1.9299,1.9049,1.8798,False,False,False,False,False,False,False,False,False,False,False,False,False,False,False,False,False,False,False,False,False,False,False,False,False
AAPL,2007-01-05,2.5653485308507613,2.578209565537591,2.524372801523981,2.543813705444336,834741600,2007,1,1,Friday,2.5529,2.562058925628662,-0.71,0.13,-1.47,-0.71,1.47,1,2.5364,2.5364,2.5108,2.4852,2.4596,2.434,2.4083,2.3827,2.3571,2.3315,2.3059,2.2802,2.2546,2.229,2.2034,2.1778,2.1521,2.1265,2.1009,2.0753,2.0496,2.024,1.9984,1.9728,1.9472,1.9215,True,False,False,False,False,False,False,False,False,False,False,False,False,False,False,False,False,False,False,False,False,False,False,False,False
AAPL,2007-01-08,2.571031874374198,2.588080355244878,2.550693059058329,2.5563762187957764,797106800,2007,1,2,Monday,2.5665,2.543813705444336,0.49,1.07,0.27,0.49,-0.27,0,0.0,2.5184,2.4929,2.4675,2.4421,2.4166,2.3912,2.3657,2.3403,2.3149,2.2894,2.264,2.2386,2.2131,2.1877,2.1622,2.1368,2.1114,2.0859,2.0605,2.0351,2.0096,1.9842,1.9587,1.9333,1.9079,False,False,False,False,False,False,False,False,False,False,False,False,False,False,False,False,False,False,False,False,False,False,False,False,False
AAPL,2007-01-09,2.585688345836384,2.780997964822794,2.546805324907328,2.768734931945801,3349298400,2007,1,2,Tuesday,2.6706,2.5563762187957764,8.31,1.15,-0.37,8.31,0.37,0,0.0,2.5308,2.5052,2.4797,2.4541,2.4286,2.403,2.3774,2.3519,2.3263,2.3007,2.2752,2.2496,2.224,2.1985,2.1729,2.1474,2.1218,2.0962,2.0707,2.0451,2.0195,1.994,1.9684,1.9428,1.9173,False,False,False,False,False,False,False,False,False,False,False,False,False,False,False,False,False,False,False,False,False,False,False,False,False
AAPL,2007-01-10,2.8339382444974817,2.9251621221492146,2.7950554286361764,2.901234865188598,2952880000,2007,1,2,Wednesday,2.8638,2.768734931945801,4.79,2.35,0.95,4.79,-0.95,0,0.0,2.741,2.7134,2.6857,2.658,2.6303,2.6026,2.5749,2.5472,2.5195,2.4919,2.4642,2.4365,2.4088,2.3811,2.3534,2.3257,2.298,2.2704,2.2427,2.215,2.1873,2.1596,2.1319,2.1042,2.0766,False,False,False,False,False,False,False,False,False,False,False,False,False,False,False,False,False,False,False,False,False,False,False,False,False
AAPL,2007-01-11,2.869530060742636,2.8946541239840604,2.844405997501211,2.865342617034912,1440252800,2007,1,2,Thursday,2.8685,2.901234865188598,-1.24,-1.09,-1.96,-1.24,1.96,1,2.8722,2.8722,2.8432,2.8142,2.7852,2.7562,2.7272,2.6981,2.6691,2.6401,2.6111,2.5821,2.5531,2.5241,2.4951,2.466,2.437,2.408,2.379,2.35,2.321,2.292,2.263,2.234,2.2049,2.1759,True,False,False,False,False,False,False,False,False,False,False,False,False,False,False,False,False,False,False,False,False,False,False,False,False
AAPL,2007-01-12,2.829151367971858,2.843209214849169,2.788474740643324,2.8300492763519287,1312690400,2007,1,2,Friday,2.8227,2.865342617034912,-1.23,-1.26,-2.68,-1.23,2.68,2,5.6447,2.8367,2.808,2.7794,2.7507,2.7221,2.6934,2.6648,2.6361,2.6075,2.5788,2.5502,2.5215,2.4928,2.4642,2.4355,2.4069,2.3782,2.3496,2.3209,2.2923,2.2636,2.235,2.2063,2.1777,2.149,True,True,False,False,False,False,False,False,False,False,False,False,False,False,False,False,False,False,False,False,False,False,False,False,False
AAPL,2007-01-16,2.8617531534645417,2.908710742558886,2.8548741815391137,2.904224395751953,1244076400,2007,1,3,Tuesday,2.8824,2.8300492763519287,2.62,1.12,0.88,2.62,-0.88,0,0.0,2.8017,2.7734,2.7451,2.7168,2.6885,2.6602,2.6319,2.6036,2.5753,2.547,2.5187,2.4904,2.4621,2.4338,2.4055,2.3772,2.3489,2.3206,2.2923,2.264,2.2357,2.2074,2.1791,2.1508,2.1225,False,False,False,False,False,False,False,False,False,False,False,False,False,False,False,False,False,False,False,False,False,False,False,False,False
AAPL,2007-01-17,2.917984303601484,2.919180117385741,2.8360320242162715,2.8399195671081543,1646260000,2007,1,3,Wednesday,2.8783,2.904224395751953,-2.21,0.47,-2.35,-2.21,2.35,2,5.7213,2.8752,2.8461,2.8171,2.7881,2.759,2.73,2.7009,2.6719,2.6428,2.6138,2.5848,2.5557,2.5267,2.4976,2.4686,2.4395,2.4105,2.3815,2.3524,2.3234,2.2943,2.2653,2.2363,2.2072,2.1782,True,True,False,False,False,False,False,False,False,False,False,False,False,False,False,False,False,False,False,False,False,False,False,False,False
AAPL,2007-01-18,2.754677979850916,2.754977083094716,2.6634532875075703,2.6640512943267822,2364605600,2007,1,3,Thursday,2.7093,2.8399195671081543,-6.19,-3.0,-6.21,-6.19,6.21,6,16.4431,2.8115,2.7831,2.7547,2.7263,2.6979,2.6695,2.6411,2.6127,2.5843,2.5559,2.5275,2.4991,2.4707,2.4423,2.4139,2.3855,2.3571,2.3287,2.3003,2.2719,2.2435,2.2151,2.1867,2.1583,2.1299,True,True,True,True,True,True,False,False,False,False,False,False,False,False,False,False,False,False,False,False,False,False,False,False,False
AAPL,2007-01-19,2.65089052235807,2.681398644356853,2.6356366610270032,2.647001981735229,1364473600,2007,1,3,Friday,2.6537,2.6640512943267822,-0.64,-0.49,-1.07,-0.64,1.07,1,2.6374,2.6374,2.6108,2.5841,2.5575,2.5308,2.5042,2.4776,2.4509,2.4243,2.3976,2.371,2.3444,2.3177,2.2911,2.2644,2.2378,2.2112,2.1845,2.1579,2.1312,2.1046,2.078,2.0513,2.0247,1.998,True,False,False,False,False,False,False,False,False,False,False,False,False,False,False,False,False,False,False,False,False,False,False,False,False
AAPL,2007-01-22,2.66614439254786,2.666743197900362,2.5617603799373136,2.5958571434021,1454026000,2007,1,4,Monday,2.6226,2.647001981735229,-1.93,0.72,-3.22,-1.93,3.22,3,7.7822,2.6205,2.5941,2.5676,2.5411,2.5147,2.4882,2.4617,2.4352,2.4088,2.3823,2.3558,2.3294,2.3029,2.2764,2.25,2.2235,2.197,2.1705,2.1441,2.1176,2.0911,2.0647,2.0382,2.0117,1.9853,True,True,True,False,False,False,False,False,False,False,False,False,False,False,False,False,False,False,False,False,False,False,False,False,False
AAPL,2007-01-23,2.564153018921141,2.617391786775697,2.5575731484014845,2.5632553100585938,1207424400,2007,1,4,Tuesday,2.5756,2.5958571434021,-1.26,-1.22,-1.47,-1.26,1.47,1,2.5699,2.5699,2.5439,2.518,2.492,2.4661,2.4401,2.4141,2.3882,2.3622,2.3363,2.3103,2.2844,2.2584,2.2324,2.2065,2.1805,2.1546,2.1286,2.1026,2.0767,2.0507,2.0248,1.9988,1.9729,1.9469,True,False,False,False,False,False,False,False,False,False,False,False,False,False,False,False,False,False,False,False,False,False,False,False,False
AAPL,2007-01-24,2.592566830705065,2.60662448032121,2.574621438802492,2.593165636062622,927813600,2007,1,4,Wednesday,2.5917,2.5632553100585938,1.17,1.14,0.44,1.17,-0.44,0,0.0,2.5376,2.512,2.4864,2.4607,2.4351,2.4095,2.3838,2.3582,2.3326,2.3069,2.2813,2.2557,2.23,2.2044,2.1788,2.1531,2.1275,2.1019,2.0762,2.0506,2.025,1.9993,1.9737,1.9481,1.9224,False,False,False,False,False,False,False,False,False,False,False,False,False,False,False,False,False,False,False,False,False,False,False,False,False
AAPL,2007-01-25,2.605427788884372,2.64700213078199,2.573125645169617,2.579705715179444,905973600,2007,1,4,Thursday,2.6013,2.593165636062622,-0.52,0.47,-0.77,-0.52,0.77,0,0.0,2.5672,2.5413,2.5154,2.4894,2.4635,2.4376,2.4116,2.3857,2.3598,2.3338,2.3079,2.282,2.2561,2.2301,2.2042,2.1783,2.1523,2.1264,2.1005,2.0745,2.0486,2.0227,1.9967,1.9708,1.9449,False,False,False,False,False,False,False,False,False,False,False,False,False,False,False,False,False,False,False,False,False,False,False,False,False
AAPL,2007-01-26,2.605426992543872,2.6132036725138734,2.54201873782698,2.5536837577819824,986874000,2007,1,4,Friday,2.5786,2.579705715179444,-1.01,1.0,-1.46,-1.01,1.46,1,2.5539,2.5539,2.5281,2.5023,2.4765,2.4507,2.4249,2.3991,2.3733,2.3475,2.3217,2.2959,2.2701,2.2443,2.2185,2.1927,2.167,2.1412,2.1154,2.0896,2.0638,2.038,2.0122,1.9864,1.9606,1.9348,True,False,False,False,False,False,False,False,False,False,False,False,False,False,False,False,False,False,False,False,False,False,False,False,False
AAPL,2007-01-29,2.581201168645828,2.591669578766384,2.558170626446941,2.5704338550567627,901664400,2007,1,5,Monday,2.5754,2.5536837577819824,0.66,1.08,0.18,0.66,-0.18,0,0.0,2.5281,2.5026,2.4771,2.4515,2.426,2.4005,2.3749,2.3494,2.3239,2.2983,2.2728,2.2472,2.2217,2.1962,2.1706,2.1451,2.1196,2.094,2.0685,2.0429,2.0174,1.9919,1.9663,1.9408,1.9153,False,False,False,False,False,False,False,False,False,False,False,False,False,False,False,False,False,False,False,False,False,False,False,False,False
AAPL,2007-01-30,2.585088904191232,2.5868835225920166,2.5497953413139367,2.5587680339813232,577970400,2007,1,5,Tuesday,2.5701,2.5704338550567627,-0.45,0.57,-0.8,-0.45,0.8,0,0.0,2.5447,2.519,2.4933,2.4676,2.4419,2.4162,2.3905,2.3648,2.3391,2.3134,2.2877,2.262,2.2363,2.2106,2.1849,2.1592,2.1335,2.1078,2.0821,2.0563,2.0306,2.0049,1.9792,1.9535,1.9278,False,False,False,False,False,False,False,False,False,False,False,False,False,False,False,False,False,False,False,False,False,False,False,False,False
AAPL,2007-01-31,2.5381309440666,2.572228502374072,2.522877282924489,2.564152717590332,856069200,2007,1,5,Wednesday,2.5493,2.5587680339813232,0.21,-0.81,-1.4,0.21,1.4,1,2.5332,2.5332,2.5076,2.482,2.4564,2.4308,2.4052,2.3797,2.3541,2.3285,2.3029,2.2773,2.2517,2.2261,2.2005,2.175,2.1494,2.1238,2.0982,2.0726,2.047,2.0214,1.9958,1.9703,1.9447,1.9191,True,False,False,False,False,False,False,False,False,False,False,False,False,False,False,False,False,False,False,False,False,False,False,False,False
AAPL,2007-02-01,2.5791079775458394,2.5803037913343263,2.534542798995972,2.534542798995972,664342000,2007,2,5,Thursday,2.5571,2.564152717590332,-1.15,0.58,-1.15,-1.15,1.15,1,2.5385,2.5385,2.5129,2.4872,2.4616,2.4359,2.4103,2.3847,2.359,2.3334,2.3077,2.2821,2.2565,2.2308,2.2052,2.1795,2.1539,2.1282,2.1026,2.077,2.0513,2.0257,2.0,1.9744,1.9488,1.9231,True,False,False,False,False,False,False,False,False,False,False,False,False,False,False,False,False,False,False,False,False,False,False,False,False
AAPL,2007-02-02,2.5159984380249605,2.549796096238285,2.5034363051684343,2.534841537475586,621530000,2007,2,5,Friday,2.526,2.534542798995972,0.01,-0.73,-1.23,0.01,1.23,1,2.5092,2.5092,2.4839,2.4585,2.4332,2.4078,2.3825,2.3571,2.3318,2.3064,2.2811,2.2557,2.2304,2.2051,2.1797,2.1544,2.129,2.1037,2.0783,2.053,2.0276,2.0023,1.9769,1.9516,1.9263,1.9009,True,False,False,False,False,False,False,False,False,False,False,False,False,False,False,False,False,False,False,False,False,False,False,False,False
AAPL,2007-02-05,2.521381948897013,2.549198545136962,2.5106146335601807,2.5106146335601807,578852400,2007,2,6,Monday,2.523,2.534841537475586,-0.96,-0.53,-0.96,-0.96,0.96,0,0.0,2.5095,2.4841,2.4588,2.4334,2.4081,2.3828,2.3574,2.3321,2.3067,2.2814,2.256,2.2307,2.2053,2.18,2.1546,2.1293,2.1039,2.0786,2.0532,2.0279,2.0025,1.9772,1.9518,1.9265,1.9011,False,False,False,False,False,False,False,False,False,False,False,False,False,False,False,False,False,False,False,False,False,False,False,False,False
AAPL,2007-02-06,2.5258675107839474,2.5264663159733534,2.478311716458646,2.516894817352295,864393600,2007,2,6,Tuesday,2.5119,2.5106146335601807,0.25,0.61,-1.29,0.25,1.29,1,2.4855,2.4855,2.4604,2.4353,2.4102,2.3851,2.36,2.3349,2.3098,2.2847,2.2596,2.2344,2.2093,2.1842,2.1591,2.134,2.1089,2.0838,2.0587,2.0336,2.0085,1.9834,1.9583,1.9332,1.9081,1.883,True,False,False,False,False,False,False,False,False,False,False,False,False,False,False,False,False,False,False,False,False,False,False,False,False
AAPL,2007-02-07,2.5267662312888777,2.583594443900901,2.4989504312411603,2.576715469360352,1066825200,2007,2,6,Wednesday,2.5465,2.516894817352295,2.38,0.39,-0.71,2.38,0.71,0,0.0,2.4917,2.4666,2.4414,2.4162,2.3911,2.3659,2.3407,2.3155,2.2904,2.2652,2.24,2.2149,2.1897,2.1645,2.1394,2.1142,2.089,2.0639,2.0387,2.0135,1.9883,1.9632,1.938,1.9128,1.8877,False,False,False,False,False,False,False,False,False,False,False,False,False,False,False,False,False,False,False,False,False,False,False,False,False
AAPL,2007-02-08,2.555178676923319,2.587481609473113,2.554580870107683,2.577611207962036,679030800,2007,2,6,Thursday,2.5687,2.576715469360352,0.03,-0.84,-0.86,0.03,0.86,0,0.0,2.5509,2.5252,2.4994,2.4736,2.4479,2.4221,2.3963,2.3706,2.3448,2.319,2.2933,2.2675,2.2417,2.216,2.1902,2.1644,2.1387,2.1129,2.0871,2.0614,2.0356,2.0098,1.9841,1.9583,1.9325,False,False,False,False,False,False,False,False,False,False,False,False,False,False,False,False,False,False,False,False,False,False,False,False,False
AAPL,2007-02-09,2.568639487726071,2.578210190780529,2.488780932850536,2.4905755519866943,860540800,2007,2,6,Friday,2.5316,2.577611207962036,-3.38,-0.35,-3.45,-3.38,3.45,3,7.5782,2.5518,2.5261,2.5003,2.4745,2.4487,2.423,2.3972,2.3714,2.3456,2.3199,2.2941,2.2683,2.2425,2.2167,2.191,2.1652,2.1394,2.1136,2.0879,2.0621,2.0363,2.0105,1.9848,1.959,1.9332,True,True,True,False,False,False,False,False,False,False,False,False,False,False,False,False,False,False,False,False,False,False,False,False,False
AAPL,2007-02-12,2.5252705385857115,2.5477030800260643,2.5013430800765475,2.5387303829193115,724071600,2007,2,7,Monday,2.5283,2.4905755519866943,1.93,1.39,0.43,1.93,-0.43,0,0.0,2.4657,2.4408,2.4159,2.391,2.366,2.3411,2.3162,2.2913,2.2664,2.2415,2.2166,2.1917,2.1668,2.1419,2.117,2.0921,2.0672,2.0423,2.0174,1.9925,1.9676,1.9426,1.9177,1.8928,1.8679,False,False,False,False,False,False,False,False,False,False,False,False,False,False,False,False,False,False,False,False,False,False,False,False,False
AAPL,2007-02-13,2.5471039643631834,2.550991505789419,2.521381099090502,2.5333452224731445,580986000,2007,2,7,Tuesday,2.5382,2.5387303829193115,-0.21,0.33,-0.68,-0.21,0.68,0,0.0,2.5133,2.488,2.4626,2.4372,2.4118,2.3864,2.361,2.3356,2.3102,2.2849,2.2595,2.2341,2.2087,2.1833,2.1579,2.1325,2.1071,2.0818,2.0564,2.031,2.0056,1.9802,1.9548,1.9294,1.904,False,False,False,False,False,False,False,False,False,False,False,False,False,False,False,False,False,False,False,False,False,False,False,False,False
AAPL,2007-02-14,2.531251993281915,2.5614604123580835,2.529457174757095,2.5512917041778564,507981600,2007,2,7,Wednesday,2.5434,2.5333452224731445,0.71,-0.08,-0.15,0.71,0.15,0,0.0,2.508,2.4827,2.4573,2.432,2.4067,2.3813,2.356,2.3307,2.3053,2.28,2.2547,2.2293,2.204,2.1787,2.1533,2.128,2.1027,2.0773,2.052,2.0267,2.0013,1.976,1.9507,1.9253,1.9,False,False,False,False,False,False,False,False,False,False,False,False,False,False,False,False,False,False,False,False,False,False,False,False,False
AAPL,2007-02-15,2.555479253486045,2.5608625112724304,2.5357384452510288,2.5485994815826416,363661200,2007,2,7,Thursday,2.5502,2.5512917041778564,-0.11,0.16,-0.61,-0.11,0.61,0,0.0,2.5258,2.5003,2.4748,2.4492,2.4237,2.3982,2.3727,2.3472,2.3217,2.2962,2.2706,2.2451,2.2196,2.1941,2.1686,2.1431,2.1176,2.0921,2.0665,2.041,2.0155,1.99,1.9645,1.939,1.9135,False,False,False,False,False,False,False,False,False,False,False,False,False,False,False,False,False,False,False,False,False,False,False,False,False
AAPL,2007-02-16,2.549796719431053,2.554582171417991,2.5321496289520824,2.5372347831726074,399868000,2007,2,7,Friday,2.5434,2.5485994815826416,-0.45,0.05,-0.65,-0.45,0.65,0,0.0,2.5231,2.4976,2.4721,2.4467,2.4212,2.3957,2.3702,2.3447,2.3192,2.2937,2.2683,2.2428,2.2173,2.1918,2.1663,2.1408,2.1153,2.0899,2.0644,2.0389,2.0134,1.9879,1.9624,1.9369,1.9114,False,False,False,False,False,False,False,False,False,False,False,False,False,False,False,False,False,False,False,False,False,False,False,False,False
AAPL,2007-02-20,2.531849431180131,2.577013196917175,2.5171935801457765,2.569236516952514,617702400,2007,2,8,Tuesday,2.5488,2.5372347831726074,1.26,-0.21,-0.79,1.26,0.79,0,0.0,2.5119,2.4865,2.4611,2.4357,2.4104,2.385,2.3596,2.3343,2.3089,2.2835,2.2581,2.2328,2.2074,2.182,2.1566,2.1313,2.1059,2.0805,2.0552,2.0298,2.0044,1.979,1.9537,1.9283,1.9029,False,False,False,False,False,False,False,False,False,False,False,False,False,False,False,False,False,False,False,False,False,False,False,False,False
AAPL,2007-02-21,2.5716299243918783,2.676612540171641,2.571031917727062,2.6679389476776123,1155313600,2007,2,8,Wednesday,2.6218,2.569236516952514,3.84,0.09,0.07,3.84,-0.07,0,0.0,2.5435,2.5179,2.4922,2.4665,2.4408,2.4151,2.3894,2.3637,2.338,2.3123,2.2866,2.2609,2.2352,2.2095,2.1839,2.1582,2.1325,2.1068,2.0811,2.0554,2.0297,2.004,1.9783,1.9526,1.9269,False,False,False,False,False,False,False,False,False,False,False,False,False,False,False,False,False,False,False,False,False,False,False,False,False
AAPL,2007-02-22,2.7157946360930416,2.716093539611105,2.647900209461083,2.6772115230560303,838224800,2007,2,8,Thursday,2.6892,2.6679389476776123,0.35,1.79,-0.75,0.35,0.75,0,0.0,2.6413,2.6146,2.5879,2.5612,2.5345,2.5079,2.4812,2.4545,2.4278,2.4011,2.3745,2.3478,2.3211,2.2944,2.2677,2.2411,2.2144,2.1877,2.161,2.1344,2.1077,2.081,2.0543,2.0276,2.001,False,False,False,False,False,False,False,False,False,False,False,False,False,False,False,False,False,False,False,False,False,False,False,False,False
AAPL,2007-02-23,2.666743822526138,2.702037206620924,2.6574712226315818,2.6640512943267822,517893600,2007,2,8,Friday,2.6726,2.6772115230560303,-0.49,-0.39,-0.74,-0.49,0.74,0,0.0,2.6504,2.6237,2.5969,2.5701,2.5434,2.5166,2.4898,2.463,2.4363,2.4095,2.3827,2.3559,2.3292,2.3024,2.2756,2.2489,2.2221,2.1953,2.1685,2.1418,2.115,2.0882,2.0615,2.0347,2.0079,False,False,False,False,False,False,False,False,False,False,False,False,False,False,False,False,False,False,False,False,False,False,False,False,False
AAPL,2007-02-26,2.6870809193920504,2.691867169005376,2.6203831103901645,2.647301197052002,615848800,2007,2,9,Monday,2.6617,2.6640512943267822,-0.63,0.86,-1.64,-0.63,1.64,1,2.6374,2.6374,2.6108,2.5841,2.5575,2.5308,2.5042,2.4776,2.4509,2.4243,2.3976,2.371,2.3444,2.3177,2.2911,2.2644,2.2378,2.2112,2.1845,2.1579,2.1312,2.1046,2.078,2.0513,2.0247,1.998,True,False,False,False,False,False,False,False,False,False,False,False,False,False,False,False,False,False,False,False,False,False,False,False,False
AAPL,2007-02-27,2.5812012271816585,2.604530473709793,2.4947626150305,2.510315179824829,1145813200,2007,2,9,Tuesday,2.5477,2.647301197052002,-5.17,-2.5,-5.76,-5.17,5.76,5,12.8394,2.6208,2.5944,2.5679,2.5414,2.5149,2.4885,2.462,2.4355,2.409,2.3826,2.3561,2.3296,2.3032,2.2767,2.2502,2.2237,2.1973,2.1708,2.1443,2.1178,2.0914,2.0649,2.0384,2.0119,1.9855,True,True,True,True,True,False,False,False,False,False,False,False,False,False,False,False,False,False,False,False,False,False,False,False,False
AAPL,2007-02-28,2.482499780091312,2.5602646068320367,2.482499780091312,2.530654191970825,919475200,2007,2,9,Wednesday,2.514,2.510315179824829,0.81,-1.11,-1.11,0.81,1.11,1,2.4852,2.4852,2.4601,2.435,2.4099,2.3848,2.3597,2.3346,2.3095,2.2844,2.2593,2.2342,2.2091,2.184,2.1589,2.1338,2.1087,2.0836,2.0585,2.0334,2.0083,1.9831,1.958,1.9329,1.9078,1.8827,True,False,False,False,False,False,False,False,False,False,False,False,False,False,False,False,False,False,False,False,False,False,False,False,False
AAPL,2007-03-01,2.513306226160196,2.641320196371747,2.5049315364272027,2.603933095932007,1415528800,2007,3,9,Thursday,2.5659,2.530654191970825,2.9,-0.69,-1.02,2.9,1.02,1,2.5053,2.5053,2.48,2.4547,2.4294,2.4041,2.3788,2.3535,2.3282,2.3029,2.2776,2.2523,2.227,2.2017,2.1764,2.1511,2.1257,2.1004,2.0751,2.0498,2.0245,1.9992,1.9739,1.9486,1.9233,1.898,True,False,False,False,False,False,False,False,False,False,False,False,False,False,False,False,False,False,False,False,False,False,False,False,False
AAPL,2007-03-02,2.5952595582182183,2.6182901069999875,2.54860005454167,2.554582118988037,860000400,2007,3,9,Friday,2.5792,2.603933095932007,-1.9,-0.33,-2.12,-1.9,2.12,2,5.1297,2.5779,2.5519,2.5258,2.4998,2.4737,2.4477,2.4217,2.3956,2.3696,2.3435,2.3175,2.2915,2.2654,2.2394,2.2133,2.1873,2.1613,2.1352,2.1092,2.0831,2.0571,2.0311,2.005,1.979,1.9529,True,True,False,False,False,False,False,False,False,False,False,False,False,False,False,False,False,False,False,False,False,False,False,False,False
AAPL,2007-03-05,2.5689389058456467,2.651489000208662,2.565050364238917,2.5817997455596924,838899600,2007,3,10,Monday,2.5918,2.554582118988037,1.07,0.56,0.41,1.07,-0.41,0,0.0,2.529,2.5035,2.4779,2.4524,2.4269,2.4013,2.3758,2.3502,2.3247,2.2991,2.2736,2.248,2.2225,2.1969,2.1714,2.1458,2.1203,2.0948,2.0692,2.0437,2.0181,1.9926,1.967,1.9415,1.9159,False,False,False,False,False,False,False,False,False,False,False,False,False,False,False,False,False,False,False,False,False,False,False,False,False
AAPL,2007-03-06,2.626065811997916,2.6413202749582974,2.614102482599177,2.637730836868286,723186800,2007,3,10,Tuesday,2.6298,2.5817997455596924,2.17,1.71,1.25,2.17,-1.25,0,0.0,2.556,2.5302,2.5043,2.4785,2.4527,2.4269,2.4011,2.3753,2.3494,2.3236,2.2978,2.272,2.2462,2.2203,2.1945,2.1687,2.1429,2.1171,2.0913,2.0654,2.0396,2.0138,1.988,1.9622,1.9363,False,False,False,False,False,False,False,False,False,False,False,False,False,False,False,False,False,False,False,False,False,False,False,False,False
AAPL,2007-03-07,2.633544324268172,2.6610610278148896,2.615598127167927,2.623673915863037,626284400,2007,3,10,Wednesday,2.6335,2.637730836868286,-0.53,-0.16,-0.84,-0.53,0.84,0,0.0,2.6114,2.585,2.5586,2.5322,2.5058,2.4795,2.4531,2.4267,2.4003,2.374,2.3476,2.3212,2.2948,2.2684,2.2421,2.2157,2.1893,2.1629,2.1366,2.1102,2.0838,2.0574,2.0311,2.0047,1.9783,False,False,False,False,False,False,False,False,False,False,False,False,False,False,False,False,False,False,False,False,False,False,False,False,False
AAPL,2007-03-08,2.649694260576445,2.653581802493047,2.615895607757194,2.632047176361084,511011200,2007,3,10,Thursday,2.6378,2.623673915863037,0.32,0.99,-0.3,0.32,0.3,0,0.0,2.5974,2.5712,2.545,2.5187,2.4925,2.4663,2.44,2.4138,2.3875,2.3613,2.3351,2.3088,2.2826,2.2564,2.2301,2.2039,2.1776,2.1514,2.1252,2.0989,2.0727,2.0465,2.0202,1.994,1.9678,False,False,False,False,False,False,False,False,False,False,False,False,False,False,False,False,False,False,False,False,False,False,False,False,False
AAPL,2007-03-09,2.6559744836128503,2.657469399801283,2.6141010565449827,2.6311495304107666,451836000,2007,3,10,Friday,2.6397,2.632047176361084,-0.03,0.91,-0.68,-0.03,0.68,0,0.0,2.6057,2.5794,2.5531,2.5268,2.5004,2.4741,2.4478,2.4215,2.3952,2.3688,2.3425,2.3162,2.2899,2.2636,2.2372,2.2109,2.1846,2.1583,2.132,2.1056,2.0793,2.053,2.0267,2.0004,1.974,False,False,False,False,False,False,False,False,False,False,False,False,False,False,False,False,False,False,False,False,False,False,False,False,False
AAPL,2007-03-12,2.6341418721055407,2.6915688984975685,2.6317492457295355,2.687979459762573,729408400,2007,3,11,Monday,2.6614,2.6311495304107666,2.16,0.11,0.02,2.16,-0.02,0,0.0,2.6048,2.5785,2.5522,2.5259,2.4996,2.4733,2.447,2.4207,2.3943,2.368,2.3417,2.3154,2.2891,2.2628,2.2365,2.2102,2.1839,2.1575,2.1312,2.1049,2.0786,2.0523,2.026,1.9997,1.9734,False,False,False,False,False,False,False,False,False,False,False,False,False,False,False,False,False,False,False,False,False,False,False,False,False
AAPL,2007-03-13,2.674220199366661,2.709812681307174,2.644011974334717,2.644011974334717,867890800,2007,3,11,Tuesday,2.668,2.687979459762573,-1.64,-0.51,-1.64,-1.64,1.64,1,2.6611,2.6611,2.6342,2.6073,2.5805,2.5536,2.5267,2.4998,2.4729,2.4461,2.4192,2.3923,2.3654,2.3385,2.3117,2.2848,2.2579,2.231,2.2041,2.1773,2.1504,2.1235,2.0966,2.0697,2.0429,2.016,True,False,False,False,False,False,False,False,False,False,False,False,False,False,False,False,False,False,False,False,False,False,False,False,False
AAPL,2007-03-14,2.649993469833313,2.691867113113404,2.629654854506888,2.691867113113404,796586000,2007,3,11,Wednesday,2.6658,2.644011974334717,1.81,0.23,-0.54,1.81,0.54,0,0.0,2.6176,2.5911,2.5647,2.5383,2.5118,2.4854,2.4589,2.4325,2.4061,2.3796,2.3532,2.3267,2.3003,2.2739,2.2474,2.221,2.1945,2.1681,2.1416,2.1152,2.0888,2.0623,2.0359,2.0094,1.983,False,False,False,False,False,False,False,False,False,False,False,False,False,False,False,False,False,False,False,False,False,False,False,False,False
AAPL,2007-03-15,2.690670324243317,2.702634450618406,2.671229217888789,2.679006099700928,559498800,2007,3,11,Thursday,2.6859,2.691867113113404,-0.48,-0.04,-0.77,-0.48,0.77,0,0.0,2.6649,2.638,2.6111,2.5842,2.5573,2.5304,2.5034,2.4765,2.4496,2.4227,2.3958,2.3688,2.3419,2.315,2.2881,2.2612,2.2342,2.2073,2.1804,2.1535,2.1266,2.0997,2.0727,2.0458,2.0189,False,False,False,False,False,False,False,False,False,False,False,False,False,False,False,False,False,False,False,False,False,False,False,False,False
AAPL,2007-03-16,2.6781085762356454,2.6915684200110035,2.671528705120054,2.6796042919158936,571704000,2007,3,11,Friday,2.6802,2.679006099700928,0.02,-0.03,-0.28,0.02,0.28,0,0.0,2.6522,2.6254,2.5986,2.5718,2.5451,2.5183,2.4915,2.4647,2.4379,2.4111,2.3843,2.3575,2.3307,2.3039,2.2772,2.2504,2.2236,2.1968,2.17,2.1432,2.1164,2.0896,2.0628,2.036,2.0093,False,False,False,False,False,False,False,False,False,False,False,False,False,False,False,False,False,False,False,False,False,False,False,False,False
AAPL,2007-03-19,2.699045779894256,2.738227705900105,2.6796046680160925,2.72566556930542,712961200,2007,3,12,Monday,2.7106,2.6796042919158936,1.72,0.73,0.0,1.72,-0.0,0,0.0,2.6528,2.626,2.5992,2.5724,2.5456,2.5188,2.492,2.4652,2.4384,2.4116,2.3848,2.3581,2.3313,2.3045,2.2777,2.2509,2.2241,2.1973,2.1705,2.1437,2.1169,2.0901,2.0633,2.0365,2.0097,False,False,False,False,False,False,False,False,False,False,False,False,False,False,False,False,False,False,False,False,False,False,False,False,False
AAPL,2007-03-20,2.732244757682724,2.7469004125813843,2.723570966068927,2.736133098602295,488916400,2007,3,12,Tuesday,2.7347,2.72566556930542,0.38,0.24,-0.08,0.38,0.08,0,0.0,2.6984,2.6712,2.6439,2.6166,2.5894,2.5621,2.5349,2.5076,2.4804,2.4531,2.4258,2.3986,2.3713,2.3441,2.3168,2.2896,2.2623,2.235,2.2078,2.1805,2.1533,2.126,2.0988,2.0715,2.0442,False,False,False,False,False,False,False,False,False,False,False,False,False,False,False,False,False,False,False,False,False,False,False,False,False
AAPL,2007-03-21,2.751386755427472,2.811505289994349,2.741217448092752,2.807616949081421,686896000,2007,3,12,Wednesday,2.7779,2.736133098602295,2.61,0.56,0.19,2.61,-0.19,0,0.0,2.7088,2.6814,2.654,2.6267,2.5993,2.572,2.5446,2.5172,2.4899,2.4625,2.4352,2.4078,2.3804,2.3531,2.3257,2.2984,2.271,2.2436,2.2163,2.1889,2.1615,2.1342,2.1068,2.0795,2.0521,False,False,False,False,False,False,False,False,False,False,False,False,False,False,False,False,False,False,False,False,False,False,False,False,False
AAPL,2007-03-22,2.803430910924783,2.8222738182977163,2.7815971704618194,2.810309886932373,561492400,2007,3,12,Thursday,2.8044,2.807616949081421,0.1,-0.15,-0.93,0.1,0.93,0,0.0,2.7795,2.7515,2.7234,2.6953,2.6672,2.6392,2.6111,2.583,2.5549,2.5269,2.4988,2.4707,2.4426,2.4146,2.3865,2.3584,2.3303,2.3022,2.2742,2.2461,2.218,2.1899,2.1619,2.1338,2.1057,False,False,False,False,False,False,False,False,False,False,False,False,False,False,False,False,False,False,False,False,False,False,False,False,False
AAPL,2007-03-23,2.792064549730658,2.8135991789295,2.790568834237867,2.7971487045288086,450884000,2007,3,12,Friday,2.7983,2.810309886932373,-0.47,-0.65,-0.7,-0.47,0.7,0,0.0,2.7822,2.7541,2.726,2.6979,2.6698,2.6417,2.6136,2.5855,2.5574,2.5293,2.5012,2.4731,2.445,2.4169,2.3888,2.3607,2.3326,2.3045,2.2764,2.2482,2.2201,2.192,2.1639,2.1358,2.1077,False,False,False,False,False,False,False,False,False,False,False,False,False,False,False,False,False,False,False,False,False,False,False,False,False
AAPL,2007-03-26,2.8112058846834462,2.868332978244362,2.7905681705509227,2.8668372631073,864987200,2007,3,13,Monday,2.8342,2.7971487045288086,2.49,0.5,-0.24,2.49,0.24,0,0.0,2.7692,2.7412,2.7132,2.6853,2.6573,2.6293,2.6013,2.5734,2.5454,2.5174,2.4895,2.4615,2.4335,2.4055,2.3776,2.3496,2.3216,2.2937,2.2657,2.2377,2.2097,2.1818,2.1538,2.1258,2.0979,False,False,False,False,False,False,False,False,False,False,False,False,False,False,False,False,False,False,False,False,False,False,False,False,False
AAPL,2007-03-27,2.8626508066126286,2.896149563651274,2.8414150801216462,2.855173826217652,932052800,2007,3,13,Tuesday,2.8638,2.8668372631073,-0.41,-0.15,-0.89,-0.41,0.89,0,0.0,2.8382,2.8095,2.7808,2.7522,2.7235,2.6948,2.6662,2.6375,2.6088,2.5802,2.5515,2.5228,2.4941,2.4655,2.4368,2.4081,2.3795,2.3508,2.3221,2.2935,2.2648,2.2361,2.2075,2.1788,2.1501,False,False,False,False,False,False,False,False,False,False,False,False,False,False,False,False,False,False,False,False,False,False,False,False,False
AAPL,2007-03-28,2.8378257774589875,2.8533793430198884,2.786082722562397,2.788774251937866,942337200,2007,3,13,Wednesday,2.8165,2.855173826217652,-2.33,-0.61,-2.42,-2.33,2.42,2,5.6247,2.8266,2.7981,2.7695,2.741,2.7124,2.6839,2.6553,2.6268,2.5982,2.5697,2.5411,2.5126,2.484,2.4554,2.4269,2.3983,2.3698,2.3412,2.3127,2.2841,2.2556,2.227,2.1985,2.1699,2.1414,True,True,False,False,False,False,False,False,False,False,False,False,False,False,False,False,False,False,False,False,False,False,False,False,False
AAPL,2007-03-29,2.8171882558612187,2.8171882558612187,2.758565440726968,2.804027318954468,725723600,2007,3,13,Thursday,2.7992,2.788774251937866,0.55,1.02,-1.08,0.55,1.08,1,2.7609,2.7609,2.733,2.7051,2.6772,2.6493,2.6214,2.5936,2.5657,2.5378,2.5099,2.482,2.4541,2.4262,2.3983,2.3705,2.3426,2.3147,2.2868,2.2589,2.231,2.2031,2.1752,2.1474,2.1195,2.0916,True,False,False,False,False,False,False,False,False,False,False,False,False,False,False,False,False,False,False,False,False,False,False,False,False
AAPL,2007-03-30,2.8198800170599427,2.831844143109705,2.774118233261228,2.7789034843444824,600558000,2007,3,13,Friday,2.8012,2.804027318954468,-0.9,0.57,-1.07,-0.9,1.07,1,2.776,2.776,2.7479,2.7199,2.6919,2.6638,2.6358,2.6077,2.5797,2.5517,2.5236,2.4956,2.4675,2.4395,2.4115,2.3834,2.3554,2.3273,2.2993,2.2713,2.2432,2.2152,2.1871,2.1591,2.1311,2.103,True,False,False,False,False,False,False,False,False,False,False,False,False,False,False,False,False,False,False,False,False,False,False,False,False
AAPL,2007-04-02,2.8156932073094447,2.818982743476006,2.782194447871732,2.801037549972534,501992400,2007,4,14,Monday,2.8045,2.7789034843444824,0.8,1.32,0.12,0.8,-0.12,0,0.0,2.7511,2.7233,2.6955,2.6677,2.64,2.6122,2.5844,2.5566,2.5288,2.501,2.4732,2.4454,2.4176,2.3899,2.3621,2.3343,2.3065,2.2787,2.2509,2.2231,2.1953,2.1675,2.1398,2.112,2.0842,False,False,False,False,False,False,False,False,False,False,False,False,False,False,False,False,False,False,False,False,False,False,False,False,False
AAPL,2007-04-03,2.8156930463258805,2.848294094970697,2.8043269258053742,2.826460361480713,583934400,2007,4,14,Tuesday,2.8237,2.801037549972534,0.91,0.52,0.12,0.91,-0.12,0,0.0,2.773,2.745,2.717,2.689,2.661,2.633,2.605,2.577,2.5489,2.5209,2.4929,2.4649,2.4369,2.4089,2.3809,2.3529,2.3249,2.2969,2.2688,2.2408,2.2128,2.1848,2.1568,2.1288,2.1008,False,False,False,False,False,False,False,False,False,False,False,False,False,False,False,False,False,False,False,False,False,False,False,False,False
AAPL,2007-04-04,2.8396199440098435,2.845602006861224,2.8153935878033503,2.8195810317993164,476784000,2007,4,14,Wednesday,2.83,2.826460361480713,-0.24,0.47,-0.39,-0.24,0.39,0,0.0,2.7982,2.7699,2.7417,2.7134,2.6851,2.6569,2.6286,2.6003,2.5721,2.5438,2.5155,2.4873,2.459,2.4308,2.4025,2.3742,2.346,2.3177,2.2894,2.2612,2.2329,2.2046,2.1764,2.1481,2.1198,False,False,False,False,False,False,False,False,False,False,False,False,False,False,False,False,False,False,False,False,False,False,False,False,False
AAPL,2007-04-05,2.815094477579726,2.831843852996826,2.797148290343609,2.831843852996826,355516000,2007,4,14,Thursday,2.819,2.8195810317993164,0.43,-0.16,-0.8,0.43,0.8,0,0.0,2.7914,2.7632,2.735,2.7068,2.6786,2.6504,2.6222,2.594,2.5658,2.5376,2.5094,2.4812,2.453,2.4248,2.3966,2.3684,2.3403,2.3121,2.2839,2.2557,2.2275,2.1993,2.1711,2.1429,2.1147,False,False,False,False,False,False,False,False,False,False,False,False,False,False,False,False,False,False,False,False,False,False,False,False,False
AAPL,2007-04-09,2.847696251091698,2.850387780531773,2.782792254929861,2.801037549972534,413341600,2007,4,15,Monday,2.8205,2.831843852996826,-1.09,0.56,-1.73,-1.09,1.73,1,2.8035,2.8035,2.7752,2.7469,2.7186,2.6903,2.6619,2.6336,2.6053,2.577,2.5487,2.5203,2.492,2.4637,2.4354,2.4071,2.3787,2.3504,2.3221,2.2938,2.2655,2.2372,2.2088,2.1805,2.1522,2.1239,True,False,False,False,False,False,False,False,False,False,False,False,False,False,False,False,False,False,False,False,False,False,False,False,False
AAPL,2007-04-10,2.80163450474196,2.819281787689646,2.793857823974771,2.818981885910034,352466800,2007,4,15,Tuesday,2.8084,2.801037549972534,0.64,0.02,-0.26,0.64,0.26,0,0.0,2.773,2.745,2.717,2.689,2.661,2.633,2.605,2.577,2.5489,2.5209,2.4929,2.4649,2.4369,2.4089,2.3809,2.3529,2.3249,2.2969,2.2688,2.2408,2.2128,2.1848,2.1568,2.1288,2.1008,False,False,False,False,False,False,False,False,False,False,False,False,False,False,False,False,False,False,False,False,False,False,False,False,False
AAPL,2007-04-11,2.808514767011206,2.8100104828987456,2.7615569554085235,2.769333839416504,549018400,2007,4,15,Wednesday,2.7874,2.818981885910034,-1.76,-0.37,-2.04,-1.76,2.04,2,5.5534,2.7908,2.7626,2.7344,2.7062,2.678,2.6498,2.6217,2.5935,2.5653,2.5371,2.5089,2.4807,2.4525,2.4243,2.3961,2.3679,2.3398,2.3116,2.2834,2.2552,2.227,2.1988,2.1706,2.1424,2.1142,True,True,False,False,False,False,False,False,False,False,False,False,False,False,False,False,False,False,False,False,False,False,False,False,False
AAPL,2007-04-12,2.752882693541021,2.7609584791673605,2.7134018735967165,2.757369041442871,656675600,2007,4,15,Thursday,2.7462,2.769333839416504,-0.43,-0.59,-2.02,-0.43,2.02,2,5.4556,2.7416,2.7139,2.6863,2.6586,2.6309,2.6032,2.5755,2.5478,2.5201,2.4924,2.4647,2.437,2.4093,2.3816,2.3539,2.3262,2.2985,2.2709,2.2432,2.2155,2.1878,2.1601,2.1324,2.1047,2.077,True,True,False,False,False,False,False,False,False,False,False,False,False,False,False,False,False,False,False,False,False,False,False,False,False
AAPL,2007-04-13,2.718785991023795,2.733740750588155,2.693661923075067,2.699045181274414,719941600,2007,4,15,Friday,2.7113,2.757369041442871,-2.12,-1.4,-2.31,-2.12,2.31,2,5.432,2.7298,2.7022,2.6746,2.6471,2.6195,2.5919,2.5644,2.5368,2.5092,2.4816,2.4541,2.4265,2.3989,2.3713,2.3438,2.3162,2.2886,2.261,2.2335,2.2059,2.1783,2.1507,2.1232,2.0956,2.068,True,True,False,False,False,False,False,False,False,False,False,False,False,False,False,False,False,False,False,False,False,False,False,False,False
AAPL,2007-04-16,2.708915189566274,2.73673098237664,2.6993436896025207,2.734637260437012,609033600,2007,4,16,Monday,2.7199,2.699045181274414,1.32,0.37,0.01,1.32,-0.01,0,0.0,2.6721,2.6451,2.6181,2.5911,2.5641,2.5371,2.5101,2.4831,2.4561,2.4291,2.4022,2.3752,2.3482,2.3212,2.2942,2.2672,2.2402,2.2132,2.1862,2.1592,2.1322,2.1053,2.0783,2.0513,2.0243,False,False,False,False,False,False,False,False,False,False,False,False,False,False,False,False,False,False,False,False,False,False,False,False,False
AAPL,2007-04-17,2.7516857818030136,2.760659275954885,2.682893652233063,2.702335357666016,751920400,2007,4,16,Tuesday,2.7244,2.734637260437012,-1.18,0.62,-1.89,-1.18,1.89,1,2.7073,2.7073,2.6799,2.6526,2.6253,2.5979,2.5706,2.5432,2.5159,2.4885,2.4612,2.4338,2.4065,2.3791,2.3518,2.3244,2.2971,2.2697,2.2424,2.2151,2.1877,2.1604,2.133,2.1057,2.0783,2.051,True,False,False,False,False,False,False,False,False,False,False,False,False,False,False,False,False,False,False,False,False,False,False,False,False
AAPL,2007-04-18,2.696652365395574,2.717290083887303,2.679902987943976,2.7038302421569824,464044000,2007,4,16,Wednesday,2.6994,2.702335357666016,0.06,-0.21,-0.83,0.06,0.83,0,0.0,2.6753,2.6483,2.6213,2.5942,2.5672,2.5402,2.5132,2.4861,2.4591,2.4321,2.4051,2.3781,2.351,2.324,2.297,2.27,2.2429,2.2159,2.1889,2.1619,2.1348,2.1078,2.0808,2.0538,2.0268,False,False,False,False,False,False,False,False,False,False,False,False,False,False,False,False,False,False,False,False,False,False,False,False,False
AAPL,2007-04-19,2.697548926436857,2.7292538569687994,2.686781613517332,2.699942350387573,425913600,2007,4,16,Thursday,2.7034,2.7038302421569824,-0.14,-0.23,-0.63,-0.14,0.63,0,0.0,2.6768,2.6498,2.6227,2.5957,2.5686,2.5416,2.5146,2.4875,2.4605,2.4334,2.4064,2.3794,2.3523,2.3253,2.2983,2.2712,2.2442,2.2171,2.1901,2.1631,2.136,2.109,2.0819,2.0549,2.0279,False,False,False,False,False,False,False,False,False,False,False,False,False,False,False,False,False,False,False,False,False,False,False,False,False
AAPL,2007-04-20,2.718485654041074,2.727160043514791,2.708316947036253,2.720879077911377,522779600,2007,4,16,Friday,2.7187,2.699942350387573,0.78,0.69,0.31,0.78,-0.31,0,0.0,2.6729,2.6459,2.6189,2.5919,2.5649,2.5379,2.5109,2.4839,2.4569,2.4299,2.4029,2.3759,2.3489,2.322,2.295,2.268,2.241,2.214,2.187,2.16,2.133,2.106,2.079,2.052,2.025,False,False,False,False,False,False,False,False,False,False,False,False,False,False,False,False,False,False,False,False,False,False,False,False,False
AAPL,2007-04-23,2.739422720151946,2.805523319848163,2.734338565487226,2.7968497276306152,780290000,2007,4,17,Monday,2.769,2.720879077911377,2.79,0.68,0.49,2.79,-0.49,0,0.0,2.6937,2.6665,2.6393,2.612,2.5848,2.5576,2.5304,2.5032,2.476,2.4488,2.4216,2.3944,2.3672,2.34,2.3127,2.2855,2.2583,2.2311,2.2039,2.1767,2.1495,2.1223,2.0951,2.0679,2.0407,False,False,False,False,False,False,False,False,False,False,False,False,False,False,False,False,False,False,False,False,False,False,False,False,False
AAPL,2007-04-24,2.810309082630189,2.882989760180376,2.7307494310411538,2.788774251937866,1055252800,2007,4,17,Tuesday,2.8032,2.7968497276306152,-0.29,0.48,-2.36,-0.29,2.36,2,5.5098,2.7689,2.7409,2.7129,2.685,2.657,2.629,2.6011,2.5731,2.5451,2.5172,2.4892,2.4612,2.4333,2.4053,2.3773,2.3494,2.3214,2.2934,2.2654,2.2375,2.2095,2.1815,2.1536,2.1256,2.0976,True,True,False,False,False,False,False,False,False,False,False,False,False,False,False,False,False,False,False,False,False,False,False,False,False
AAPL,2007-04-25,2.818384181729457,2.8533788495995407,2.8055231461097754,2.8518829345703125,1187144000,2007,4,17,Wednesday,2.8323,2.788774251937866,2.26,1.06,0.6,2.26,-0.6,0,0.0,2.7609,2.733,2.7051,2.6772,2.6493,2.6214,2.5936,2.5657,2.5378,2.5099,2.482,2.4541,2.4262,2.3983,2.3705,2.3426,2.3147,2.2868,2.2589,2.231,2.2031,2.1752,2.1474,2.1195,2.0916,False,False,False,False,False,False,False,False,False,False,False,False,False,False,False,False,False,False,False,False,False,False,False,False,False
AAPL,2007-04-26,3.038220589812805,3.0657372852538085,2.9401169375828498,2.956268310546875,1737778000,2007,4,17,Thursday,3.0001,2.8518829345703125,3.66,6.53,3.09,3.66,-3.09,0,0.0,2.8234,2.7948,2.7663,2.7378,2.7093,2.6808,2.6523,2.6237,2.5952,2.5667,2.5382,2.5097,2.4811,2.4526,2.4241,2.3956,2.3671,2.3385,2.31,2.2815,2.253,2.2245,2.1959,2.1674,2.1389,False,False,False,False,False,False,False,False,False,False,False,False,False,False,False,False,False,False,False,False,False,False,False,False,False
AAPL,2007-04-27,2.936527355524309,2.9894672067013457,2.921871702917961,2.988569498062134,699403600,2007,4,17,Friday,2.9591,2.956268310546875,1.09,-0.67,-1.16,1.09,1.16,1,2.9267,2.9267,2.8971,2.8676,2.838,2.8085,2.7789,2.7493,2.7198,2.6902,2.6606,2.6311,2.6015,2.572,2.5424,2.5128,2.4833,2.4537,2.4241,2.3946,2.365,2.3355,2.3059,2.2763,2.2468,2.2172,True,False,False,False,False,False,False,False,False,False,False,False,False,False,False,False,False,False,False,False,False,False,False,False,False
AAPL,2007-04-30,2.9936551294212737,3.0208729187692587,2.9810931956719493,2.9849815368652344,616509600,2007,4,18,Monday,2.9952,2.988569498062134,-0.12,0.17,-0.25,-0.12,0.25,0,0.0,2.9587,2.9288,2.8989,2.869,2.8391,2.8093,2.7794,2.7495,2.7196,2.6897,2.6598,2.6299,2.6001,2.5702,2.5403,2.5104,2.4805,2.4506,2.4207,2.3909,2.361,2.3311,2.3012,2.2713,2.2414,False,False,False,False,False,False,False,False,False,False,False,False,False,False,False,False,False,False,False,False,False,False,False,False,False
AAPL,2007-05-01,2.978701400057914,3.0014328478780388,2.947595260848373,2.975111961364746,532523600,2007,5,18,Tuesday,2.9757,2.9849815368652344,-0.33,-0.21,-1.25,-0.33,1.25,1,2.9551,2.9551,2.9253,2.8954,2.8656,2.8357,2.8059,2.776,2.7462,2.7163,2.6865,2.6566,2.6268,2.5969,2.5671,2.5372,2.5074,2.4775,2.4477,2.4178,2.388,2.3581,2.3283,2.2984,2.2686,2.2387,True,False,False,False,False,False,False,False,False,False,False,False,False,False,False,False,False,False,False,False,False,False,False,False,False
AAPL,2007-05-02,2.980494503272068,3.0071134811533105,2.9751104478056,3.00262713432312,505145200,2007,5,18,Wednesday,2.9913,2.975111961364746,0.92,0.18,-0.0,0.92,0.0,0,0.0,2.9454,2.9156,2.8859,2.8561,2.8264,2.7966,2.7669,2.7371,2.7074,2.6776,2.6478,2.6181,2.5883,2.5586,2.5288,2.4991,2.4693,2.4396,2.4098,2.3801,2.3503,2.3206,2.2908,2.2611,2.2313,False,False,False,False,False,False,False,False,False,False,False,False,False,False,False,False,False,False,False,False,False,False,False,False,False
AAPL,2007-05-03,3.012796991507644,3.034331618541671,2.991262164805302,3.002926588058472,576077600,2007,5,18,Thursday,3.0103,3.00262713432312,0.01,0.34,-0.38,0.01,0.38,0,0.0,2.9726,2.9426,2.9125,2.8825,2.8525,2.8225,2.7924,2.7624,2.7324,2.7024,2.6723,2.6423,2.6123,2.5823,2.5522,2.5222,2.4922,2.4622,2.4321,2.4021,2.3721,2.342,2.312,2.282,2.252,False,False,False,False,False,False,False,False,False,False,False,False,False,False,False,False,False,False,False,False,False,False,False,False,False
AAPL,2007-05-04,3.0148905445366863,3.0388179968933744,3.0059180494054027,3.0151896476745605,381987200,2007,5,18,Friday,3.0187,3.002926588058472,0.41,0.4,0.1,0.41,-0.1,0,0.0,2.9729,2.9429,2.9128,2.8828,2.8528,2.8228,2.7927,2.7627,2.7327,2.7026,2.6726,2.6426,2.6125,2.5825,2.5525,2.5225,2.4924,2.4624,2.4324,2.4023,2.3723,2.3423,2.3123,2.2822,2.2522,False,False,False,False,False,False,False,False,False,False,False,False,False,False,False,False,False,False,False,False,False,False,False,False,False
AAPL,2007-05-07,3.023265007577512,3.121069729695481,3.0211714854366183,3.1082088947296143,861557200,2007,5,19,Monday,3.0684,3.0151896476745605,3.09,0.27,0.2,3.09,-0.2,0,0.0,2.985,2.9549,2.9247,2.8946,2.8644,2.8343,2.8041,2.774,2.7438,2.7137,2.6835,2.6534,2.6232,2.5931,2.5629,2.5328,2.5026,2.4725,2.4423,2.4122,2.382,2.3518,2.3217,2.2915,2.2614,False,False,False,False,False,False,False,False,False,False,False,False,False,False,False,False,False,False,False,False,False,False,False,False,False
AAPL,2007-05-08,3.0947492130937424,3.1449973410738075,3.0932534977709687,3.142305612564087,783997200,2007,5,19,Tuesday,3.1188,3.1082088947296143,1.1,-0.43,-0.48,1.1,0.48,0,0.0,3.0771,3.046,3.015,2.9839,2.9528,2.9217,2.8906,2.8596,2.8285,2.7974,2.7663,2.7352,2.7041,2.6731,2.642,2.6109,2.5798,2.5487,2.5176,2.4866,2.4555,2.4244,2.3933,2.3622,2.3312,False,False,False,False,False,False,False,False,False,False,False,False,False,False,False,False,False,False,False,False,False,False,False,False,False
AAPL,2007-05-09,3.137819620189912,3.1991339680417656,3.1372208148935643,3.196741342544556,717757600,2007,5,19,Wednesday,3.1677,3.142305612564087,1.73,-0.14,-0.16,1.73,0.16,0,0.0,3.1109,3.0795,3.048,3.0166,2.9852,2.9538,2.9223,2.8909,2.8595,2.8281,2.7967,2.7652,2.7338,2.7024,2.671,2.6395,2.6081,2.5767,2.5453,2.5138,2.4824,2.451,2.4196,2.3882,2.3567,False,False,False,False,False,False,False,False,False,False,False,False,False,False,False,False,False,False,False,False,False,False,False,False,False
AAPL,2007-05-10,3.1892640360083298,3.255364642974196,3.168028308527889,3.210499763488769,1197257600,2007,5,19,Thursday,3.2058,3.196741342544556,0.43,-0.23,-0.9,0.43,0.9,0,0.0,3.1648,3.1328,3.1008,3.0689,3.0369,3.0049,2.973,2.941,2.909,2.8771,2.8451,2.8131,2.7812,2.7492,2.7172,2.6853,2.6533,2.6213,2.5894,2.5574,2.5254,2.4935,2.4615,2.4295,2.3976,False,False,False,False,False,False,False,False,False,False,False,False,False,False,False,False,False,False,False,False,False,False,False,False,False
AAPL,2007-05-11,3.2224629529177804,3.2640374855417944,3.193749454380052,3.2523722648620605,653696400,2007,5,19,Friday,3.2332,3.210499763488769,1.3,0.37,-0.52,1.3,0.52,0,0.0,3.1784,3.1463,3.1142,3.0821,3.05,3.0179,2.9858,2.9537,2.9216,2.8894,2.8573,2.8252,2.7931,2.761,2.7289,2.6968,2.6647,2.6326,2.6005,2.5684,2.5363,2.5042,2.4721,2.44,2.4079,False,False,False,False,False,False,False,False,False,False,False,False,False,False,False,False,False,False,False,False,False,False,False,False,False
AAPL,2007-05-14,3.2786933816146973,3.290058701362022,3.2377168524865167,3.270916700363159,651946400,2007,5,20,Monday,3.2693,3.2523722648620605,0.57,0.81,-0.45,0.57,0.45,0,0.0,3.2198,3.1873,3.1548,3.1223,3.0898,3.0572,3.0247,2.9922,2.9597,2.9271,2.8946,2.8621,2.8296,2.797,2.7645,2.732,2.6995,2.6669,2.6344,2.6019,2.5694,2.5369,2.5043,2.4718,2.4393,False,False,False,False,False,False,False,False,False,False,False,False,False,False,False,False,False,False,False,False,False,False,False,False,False
AAPL,2007-05-15,3.2771982867404046,3.2960413878497774,3.184777599951988,3.215883731842041,954514400,2007,5,20,Tuesday,3.2435,3.270916700363159,-1.68,0.19,-2.63,-1.68,2.63,2,6.4437,3.2382,3.2055,3.1728,3.1401,3.1074,3.0747,3.042,3.0092,2.9765,2.9438,2.9111,2.8784,2.8457,2.813,2.7803,2.7476,2.7149,2.6822,2.6494,2.6167,2.584,2.5513,2.5186,2.4859,2.4532,True,True,False,False,False,False,False,False,False,False,False,False,False,False,False,False,False,False,False,False,False,False,False,False,False
AAPL,2007-05-16,3.246092244417812,3.25506573945261,3.0932541083905667,3.210499763488769,1126767600,2007,5,20,Wednesday,3.2012,3.215883731842041,-0.17,0.94,-3.81,-0.17,3.81,3,9.4547,3.1837,3.1516,3.1194,3.0872,3.0551,3.0229,2.9908,2.9586,2.9265,2.8943,2.8621,2.83,2.7978,2.7657,2.7335,2.7013,2.6692,2.637,2.6049,2.5727,2.5405,2.5084,2.4762,2.4441,2.4119,True,True,True,False,False,False,False,False,False,False,False,False,False,False,False,False,False,False,False,False,False,False,False,False,False
AAPL,2007-05-17,3.2048177472219703,3.286172021567342,3.2048177472219703,3.27331018447876,735291200,2007,5,20,Thursday,3.2423,3.210499763488769,1.96,-0.18,-0.18,1.96,0.18,0,0.0,3.1784,3.1463,3.1142,3.0821,3.05,3.0179,2.9858,2.9537,2.9216,2.8894,2.8573,2.8252,2.7931,2.761,2.7289,2.6968,2.6647,2.6326,2.6005,2.5684,2.5363,2.5042,2.4721,2.44,2.4079,False,False,False,False,False,False,False,False,False,False,False,False,False,False,False,False,False,False,False,False,False,False,False,False,False
AAPL,2007-05-18,3.2969387251518847,3.309201754550467,3.283179980345113,3.290657758712769,621345200,2007,5,20,Friday,3.295,3.27331018447876,0.53,0.72,0.3,0.53,-0.3,0,0.0,3.2406,3.2078,3.1751,3.1424,3.1096,3.0769,3.0442,3.0114,2.9787,2.946,2.9132,2.8805,2.8478,2.815,2.7823,2.7496,2.7168,2.6841,2.6514,2.6186,2.5859,2.5532,2.5204,2.4877,2.455,False,False,False,False,False,False,False,False,False,False,False,False,False,False,False,False,False,False,False,False,False,False,False,False,False
AAPL,2007-05-21,3.29933160300784,3.363337684886228,3.291554920565756,3.349280834197998,639892400,2007,5,21,Monday,3.3259,3.290657758712769,1.78,0.26,0.03,1.78,-0.03,0,0.0,3.2578,3.2248,3.1919,3.159,3.1261,3.0932,3.0603,3.0274,2.9945,2.9616,2.9287,2.8958,2.8629,2.83,2.7971,2.7642,2.7312,2.6983,2.6654,2.6325,2.5996,2.5667,2.5338,2.5009,2.468,False,False,False,False,False,False,False,False,False,False,False,False,False,False,False,False,False,False,False,False,False,False,False,False,False
AAPL,2007-05-22,3.364534553750329,3.402220755240711,3.35017800064368,3.395939588546753,572409600,2007,5,21,Tuesday,3.3782,3.349280834197998,1.39,0.46,0.03,1.39,-0.03,0,0.0,3.3158,3.2823,3.2488,3.2153,3.1818,3.1483,3.1148,3.0813,3.0478,3.0144,2.9809,2.9474,2.9139,2.8804,2.8469,2.8134,2.7799,2.7464,2.7129,2.6794,2.6459,2.6124,2.5789,2.5455,2.512,False,False,False,False,False,False,False,False,False,False,False,False,False,False,False,False,False,False,False,False,False,False,False,False,False
AAPL,2007-05-23,3.410295596355731,3.4396069008017545,3.367524253385761,3.376497745513916,911374800,2007,5,21,Wednesday,3.3985,3.395939588546753,-0.57,0.42,-0.84,-0.57,0.84,0,0.0,3.362,3.328,3.2941,3.2601,3.2261,3.1922,3.1582,3.1243,3.0903,3.0563,3.0224,2.9884,2.9545,2.9205,2.8865,2.8526,2.8186,2.7847,2.7507,2.7168,2.6828,2.6488,2.6149,2.5809,2.547,False,False,False,False,False,False,False,False,False,False,False,False,False,False,False,False,False,False,False,False,False,False,False,False,False
AAPL,2007-05-24,3.374105625918526,3.42345564406221,3.301125862277131,3.3106963634490967,887362000,2007,5,21,Thursday,3.3523,3.376497745513916,-1.95,-0.07,-2.23,-1.95,2.23,2,6.6517,3.3427,3.309,3.2752,3.2414,3.2077,3.1739,3.1401,3.1064,3.0726,3.0388,3.0051,2.9713,2.9376,2.9038,2.87,2.8363,2.8025,2.7687,2.735,2.7012,2.6674,2.6337,2.5999,2.5661,2.5324,True,True,False,False,False,False,False,False,False,False,False,False,False,False,False,False,False,False,False,False,False,False,False,False,False
AAPL,2007-05-25,3.34987813666907,3.4031168925418505,3.3349233806070258,3.398331642150879,632959600,2007,5,21,Friday,3.3716,3.3106963634490967,2.65,1.18,0.73,2.65,-0.73,0,0.0,3.2776,3.2445,3.2114,3.1783,3.1452,3.1121,3.0789,3.0458,3.0127,2.9796,2.9465,2.9134,2.8803,2.8472,2.8141,2.781,2.7479,2.7148,2.6817,2.6486,2.6155,2.5823,2.5492,2.5161,2.483,False,False,False,False,False,False,False,False,False,False,False,False,False,False,False,False,False,False,False,False,False,False,False,False,False
AAPL,2007-05-29,3.423157363115158,3.435420193219925,3.3705164054741386,3.4201667308807373,645694000,2007,5,22,Tuesday,3.4123,3.398331642150879,0.64,0.73,-0.82,0.64,0.82,0,0.0,3.3643,3.3304,3.2964,3.2624,3.2284,3.1944,3.1604,3.1265,3.0925,3.0585,3.0245,2.9905,2.9565,2.9226,2.8886,2.8546,2.8206,2.7866,2.7526,2.7187,2.6847,2.6507,2.6167,2.5827,2.5487,False,False,False,False,False,False,False,False,False,False,False,False,False,False,False,False,False,False,False,False,False,False,False,False,False
AAPL,2007-05-30,3.4186706621078926,3.5556567072132776,3.3956405187189787,3.5523669719696045,1478444800,2007,5,22,Wednesday,3.4806,3.4201667308807373,3.87,-0.04,-0.72,3.87,0.72,0,0.0,3.386,3.3518,3.3176,3.2834,3.2492,3.215,3.1808,3.1466,3.1124,3.0782,3.0439,3.0097,2.9755,2.9413,2.9071,2.8729,2.8387,2.8045,2.7703,2.7361,2.7019,2.6677,2.6335,2.5993,2.5651,False,False,False,False,False,False,False,False,False,False,False,False,False,False,False,False,False,False,False,False,False,False,False,False,False
AAPL,2007-05-31,3.591249237631713,3.6540593014166327,3.575397569448007,3.6247479915618896,1297066400,2007,5,22,Thursday,3.6114,3.5523669719696045,2.04,1.09,0.65,2.04,-0.65,0,0.0,3.5168,3.4813,3.4458,3.4103,3.3747,3.3392,3.3037,3.2682,3.2327,3.1971,3.1616,3.1261,3.0906,3.055,3.0195,2.984,2.9485,2.9129,2.8774,2.8419,2.8064,2.7708,2.7353,2.6998,2.6643,False,False,False,False,False,False,False,False,False,False,False,False,False,False,False,False,False,False,False,False,False,False,False,False,False
AAPL,2007-06-01,3.62205631669575,3.624748245218336,3.5380107221772783,3.541300058364868,885262000,2007,6,22,Friday,3.5815,3.6247479915618896,-2.3,-0.07,-2.39,-2.3,2.39,2,7.1408,3.5885,3.5523,3.516,3.4798,3.4435,3.4073,3.371,3.3348,3.2985,3.2623,3.226,3.1898,3.1535,3.1173,3.081,3.0448,3.0085,2.9723,2.936,2.8998,2.8636,2.8273,2.7911,2.7548,2.7186,True,True,False,False,False,False,False,False,False,False,False,False,False,False,False,False,False,False,False,False,False,False,False,False,False
AAPL,2007-06-04,3.548179410141299,3.6408989855788194,3.526344881378777,3.628934860229492,886673200,2007,6,23,Monday,3.5861,3.541300058364868,2.47,0.19,-0.42,2.47,0.42,0,0.0,3.5059,3.4705,3.4351,3.3996,3.3642,3.3288,3.2934,3.258,3.2226,3.1872,3.1518,3.1163,3.0809,3.0455,3.0101,2.9747,2.9393,2.9039,2.8685,2.833,2.7976,2.7622,2.7268,2.6914,2.656,False,False,False,False,False,False,False,False,False,False,False,False,False,False,False,False,False,False,False,False,False,False,False,False,False
AAPL,2007-06-05,3.631327307952631,3.669612105755513,3.604109724284462,3.669013500213623,920785600,2007,6,23,Tuesday,3.6435,3.628934860229492,1.1,0.07,-0.68,1.1,0.68,0,0.0,3.5926,3.5564,3.5201,3.4838,3.4475,3.4112,3.3749,3.3386,3.3023,3.266,3.2298,3.1935,3.1572,3.1209,3.0846,3.0483,3.012,2.9757,2.9394,2.9031,2.8669,2.8306,2.7943,2.758,2.7217,False,False,False,False,False,False,False,False,False,False,False,False,False,False,False,False,False,False,False,False,False,False,False,False,False
AAPL,2007-06-06,3.6579473215090825,3.710289169851216,3.6474791115753007,3.698025941848755,1112241200,2007,6,23,Wednesday,3.6784,3.669013500213623,0.79,-0.3,-0.59,0.79,0.59,0,0.0,3.6323,3.5956,3.5589,3.5223,3.4856,3.4489,3.4122,3.3755,3.3388,3.3021,3.2654,3.2287,3.192,3.1554,3.1187,3.082,3.0453,3.0086,2.9719,2.9352,2.8985,2.8618,2.8251,2.7885,2.7518,False,False,False,False,False,False,False,False,False,False,False,False,False,False,False,False,False,False,False,False,False,False,False,False,False
AAPL,2007-06-07,3.738403640730666,3.816766237050615,3.684565895048704,3.710885763168335,1915079600,2007,6,23,Thursday,3.7377,3.698025941848755,0.35,1.09,-0.36,0.35,0.36,0,0.0,3.661,3.6241,3.5871,3.5501,3.5131,3.4761,3.4392,3.4022,3.3652,3.3282,3.2912,3.2543,3.2173,3.1803,3.1433,3.1063,3.0694,3.0324,2.9954,2.9584,2.9214,2.8845,2.8475,2.8105,2.7735,False,False,False,False,False,False,False,False,False,False,False,False,False,False,False,False,False,False,False,False,False,False,False,False,False
AAPL,2007-06-08,3.76323043334185,3.763530335265249,3.657649781507581,3.7234508991241455,1241682400,2007,6,23,Friday,3.727,3.710885763168335,0.34,1.41,-1.43,0.34,1.43,1,3.6738,3.6738,3.6367,3.5996,3.5625,3.5253,3.4882,3.4511,3.414,3.3769,3.3398,3.3027,3.2656,3.2285,3.1914,3.1543,3.1171,3.08,3.0429,3.0058,2.9687,2.9316,2.8945,2.8574,2.8203,2.7832,True,False,False,False,False,False,False,False,False,False,False,False,False,False,False,False,False,False,False,False,False,False,False,False,False
AAPL,2007-06-11,3.768613062061037,3.773099209532485,3.575397238233321,3.5948381423950195,1874258400,2007,6,24,Monday,3.678,3.7234508991241455,-3.45,1.21,-3.98,-3.45,3.98,3,10.9469,3.6862,3.649,3.6117,3.5745,3.5373,3.5,3.4628,3.4256,3.3883,3.3511,3.3139,3.2766,3.2394,3.2022,3.1649,3.1277,3.0905,3.0532,3.016,2.9788,2.9415,2.9043,2.8671,2.8298,2.7926,True,True,True,False,False,False,False,False,False,False,False,False,False,False,False,False,False,False,False,False,False,False,False,False,False
AAPL,2007-06-12,3.569714338445068,3.6403014859550415,3.538608408584172,3.6005215644836426,1426566400,2007,6,24,Tuesday,3.5873,3.5948381423950195,0.16,-0.7,-1.56,0.16,1.56,1,3.5589,3.5589,3.5229,3.487,3.451,3.4151,3.3791,3.3432,3.3073,3.2713,3.2354,3.1994,3.1635,3.1275,3.0916,3.0556,3.0197,2.9837,2.9478,2.9118,2.8759,2.8399,2.804,2.768,2.7321,2.6961,True,False,False,False,False,False,False,False,False,False,False,False,False,False,False,False,False,False,False,False,False,False,False,False,False
AAPL,2007-06-13,3.623552143598136,3.624748156909028,3.45157181887849,3.5143818855285645,1721353200,2007,6,24,Wednesday,3.5536,3.6005215644836426,-2.39,0.64,-4.14,-2.39,4.14,4,14.042,3.5645,3.5285,3.4925,3.4565,3.4205,3.3845,3.3485,3.3125,3.2765,3.2405,3.2045,3.1685,3.1325,3.0964,3.0604,3.0244,2.9884,2.9524,2.9164,2.8804,2.8444,2.8084,2.7724,2.7364,2.7004,True,True,True,True,False,False,False,False,False,False,False,False,False,False,False,False,False,False,False,False,False,False,False,False,False
AAPL,2007-06-14,3.50540717392433,3.572703764630964,3.482077934072433,3.551767349243164,973266000,2007,6,24,Thursday,3.528,3.5143818855285645,1.06,-0.26,-0.92,1.06,0.92,0,0.0,3.4792,3.4441,3.409,3.3738,3.3387,3.3035,3.2684,3.2332,3.1981,3.1629,3.1278,3.0927,3.0575,3.0224,2.9872,2.9521,2.9169,2.8818,2.8466,2.8115,2.7764,2.7412,2.7061,2.6709,2.6358,False,False,False,False,False,False,False,False,False,False,False,False,False,False,False,False,False,False,False,False,False,False,False,False,False
AAPL,2007-06-15,3.607700671962694,3.609196188184993,3.5849692247205174,3.604111433029175,811218800,2007,6,24,Friday,3.6015,3.551767349243164,1.47,1.57,0.93,1.47,-0.93,0,0.0,3.5162,3.4807,3.4452,3.4097,3.3742,3.3387,3.3031,3.2676,3.2321,3.1966,3.1611,3.1256,3.09,3.0545,3.019,2.9835,2.948,2.9124,2.8769,2.8414,2.8059,2.7704,2.7349,2.6993,2.6638,False,False,False,False,False,False,False,False,False,False,False,False,False,False,False,False,False,False,False,False,False,False,False,False,False
AAPL,2007-06-18,3.687259547258682,3.744087956586468,3.6651271087266784,3.741396427154541,910604800,2007,6,25,Monday,3.7095,3.604111433029175,3.81,2.31,1.69,3.81,-1.69,0,0.0,3.5681,3.532,3.496,3.4599,3.4239,3.3879,3.3518,3.3158,3.2797,3.2437,3.2077,3.1716,3.1356,3.0995,3.0635,3.0275,2.9914,2.9554,2.9193,2.8833,2.8472,2.8112,2.7752,2.7391,2.7031,False,False,False,False,False,False,False,False,False,False,False,False,False,False,False,False,False,False,False,False,False,False,False,False,False
AAPL,2007-06-19,3.729431752873943,3.73900305376009,3.6761929890413625,3.698625326156616,943026000,2007,6,25,Tuesday,3.7108,3.741396427154541,-1.14,-0.32,-1.74,-1.14,1.74,1,3.704,3.704,3.6666,3.6292,3.5917,3.5543,3.5169,3.4795,3.4421,3.4047,3.3673,3.3298,3.2924,3.255,3.2176,3.1802,3.1428,3.1054,3.0679,3.0305,2.9931,2.9557,2.9183,2.8809,2.8435,2.806,True,False,False,False,False,False,False,False,False,False,False,False,False,False,False,False,False,False,False,False,False,False,False,False,False
AAPL,2007-06-20,3.704907314842924,3.728535670477727,3.634021049928292,3.635516166687012,897512000,2007,6,25,Wednesday,3.6757,3.698625326156616,-1.71,0.17,-1.75,-1.71,1.75,1,3.6616,3.6616,3.6247,3.5877,3.5507,3.5137,3.4767,3.4397,3.4027,3.3657,3.3288,3.2918,3.2548,3.2178,3.1808,3.1438,3.1068,3.0699,3.0329,2.9959,2.9589,2.9219,2.8849,2.8479,2.811,2.774,True,False,False,False,False,False,False,False,False,False,False,False,False,False,False,False,False,False,False,False,False,False,False,False,False
AAPL,2007-06-21,3.6400013614763367,3.717467460570645,3.610690058793568,3.705802440643311,867045200,2007,6,25,Thursday,3.6685,3.635516166687012,1.93,0.12,-0.68,1.93,0.68,0,0.0,3.5992,3.5628,3.5265,3.4901,3.4537,3.4174,3.381,3.3447,3.3083,3.272,3.2356,3.1993,3.1629,3.1265,3.0902,3.0538,3.0175,2.9811,2.9448,2.9084,2.8721,2.8357,2.7993,2.763,2.7266,False,False,False,False,False,False,False,False,False,False,False,False,False,False,False,False,False,False,False,False,False,False,False,False,False
AAPL,2007-06-22,3.704306995316849,3.7222531820944633,3.6603400357214926,3.678884029388428,631876000,2007,6,25,Friday,3.6914,3.705802440643311,-0.73,-0.04,-1.23,-0.73,1.23,1,3.6687,3.6687,3.6317,3.5946,3.5576,3.5205,3.4835,3.4464,3.4093,3.3723,3.3352,3.2982,3.2611,3.224,3.187,3.1499,3.1129,3.0758,3.0388,3.0017,2.9646,2.9276,2.8905,2.8535,2.8164,2.7794,True,False,False,False,False,False,False,False,False,False,False,False,False,False,False,False,False,False,False,False,False,False,False,False,False
AAPL,2007-06-25,3.714476885831817,3.741395769449381,3.620859598463176,3.659144401550293,965403600,2007,6,26,Monday,3.684,3.678884029388428,-0.54,0.97,-1.58,-0.54,1.58,1,3.6421,3.6421,3.6053,3.5685,3.5317,3.4949,3.4582,3.4214,3.3846,3.3478,3.311,3.2742,3.2374,3.2006,3.1638,3.1271,3.0903,3.0535,3.0167,2.9799,2.9431,2.9063,2.8695,2.8327,2.796,2.7592,True,False,False,False,False,False,False,False,False,False,False,False,False,False,False,False,False,False,False,False,False,False,False,False,False
AAPL,2007-06-26,3.70819582213221,3.708794028436588,3.5508711581106702,3.5786869525909424,1345005200,2007,6,26,Tuesday,3.6366,3.659144401550293,-2.2,1.34,-2.96,-2.2,2.96,2,7.2085,3.6226,3.586,3.5494,3.5128,3.4762,3.4396,3.403,3.3664,3.3298,3.2932,3.2566,3.22,3.1835,3.1469,3.1103,3.0737,3.0371,3.0005,2.9639,2.9273,2.8907,2.8541,2.8175,2.7809,2.7444,True,True,False,False,False,False,False,False,False,False,False,False,False,False,False,False,False,False,False,False,False,False,False,False,False
AAPL,2007-06-27,3.607400946823669,3.650171505397717,3.567023213792792,3.645684957504273,974696800,2007,6,26,Wednesday,3.6176,3.5786869525909424,1.87,0.8,-0.33,1.87,0.33,0,0.0,3.5429,3.5071,3.4713,3.4355,3.3998,3.364,3.3282,3.2924,3.2566,3.2208,3.185,3.1492,3.1135,3.0777,3.0419,3.0061,2.9703,2.9345,2.8987,2.8629,2.8272,2.7914,2.7556,2.7198,2.684,False,False,False,False,False,False,False,False,False,False,False,False,False,False,False,False,False,False,False,False,False,False,False,False,False
AAPL,2007-06-28,3.659743395027181,3.663631737158984,3.5891566275200004,3.605906009674072,838143600,2007,6,26,Thursday,3.6296,3.645684957504273,-1.09,0.39,-1.55,-1.09,1.55,1,3.6092,3.6092,3.5728,3.5363,3.4999,3.4634,3.4269,3.3905,3.354,3.3176,3.2811,3.2447,3.2082,3.1717,3.1353,3.0988,3.0624,3.0259,2.9895,2.953,2.9165,2.8801,2.8436,2.8072,2.7707,2.7343,True,False,False,False,False,False,False,False,False,False,False,False,False,False,False,False,False,False,False,False,False,False,False,False,False
AAPL,2007-06-29,3.6480773194044698,3.708794061835656,3.621757439784776,3.650171041488648,1137841600,2007,6,26,Friday,3.6572,3.605906009674072,1.23,1.17,0.44,1.23,-0.44,0,0.0,3.5698,3.5338,3.4977,3.4617,3.4256,3.3896,3.3535,3.3174,3.2814,3.2453,3.2093,3.1732,3.1371,3.1011,3.065,3.029,2.9929,2.9568,2.9208,2.8847,2.8487,2.8126,2.7765,2.7405,2.7044,False,False,False,False,False,False,False,False,False,False,False,False,False,False,False,False,False,False,False,False,False,False,False,False,False
AAPL,2007-07-02,3.620561331306329,3.651667266784706,3.5682194670417906,3.626842498779297,994862400,2007,7,27,Monday,3.6168,3.650171041488648,-0.64,-0.81,-2.25,-0.64,2.25,2,7.1908,3.6137,3.5772,3.5407,3.5042,3.4677,3.4312,3.3947,3.3582,3.3217,3.2852,3.2487,3.2122,3.1756,3.1391,3.1026,3.0661,3.0296,2.9931,2.9566,2.9201,2.8836,2.8471,2.8106,2.7741,2.7376,True,True,False,False,False,False,False,False,False,False,False,False,False,False,False,False,False,False,False,False,False,False,False,False,False
AAPL,2007-07-03,3.648974127218344,3.8104861969452095,3.634019372503431,3.803607225418091,1162481600,2007,7,27,Tuesday,3.7243,3.626842498779297,4.87,0.61,0.2,4.87,-0.2,0,0.0,3.5906,3.5543,3.518,3.4818,3.4455,3.4092,3.373,3.3367,3.3004,3.2642,3.2279,3.1916,3.1554,3.1191,3.0828,3.0465,3.0103,2.974,2.9377,2.9015,2.8652,2.8289,2.7927,2.7564,2.7201,False,False,False,False,False,False,False,False,False,False,False,False,False,False,False,False,False,False,False,False,False,False,False,False,False
AAPL,2007-07-05,3.852359454172929,3.9770830437164153,3.84906892092464,3.970502376556397,1453051600,2007,7,27,Thursday,3.9123,3.803607225418091,4.39,1.28,1.2,4.39,-1.2,0,0.0,3.7656,3.7275,3.6895,3.6515,3.6134,3.5754,3.5374,3.4993,3.4613,3.4232,3.3852,3.3472,3.3091,3.2711,3.2331,3.195,3.157,3.119,3.0809,3.0429,3.0048,2.9668,2.9288,2.8907,2.8527,False,False,False,False,False,False,False,False,False,False,False,False,False,False,False,False,False,False,False,False,False,False,False,False,False
AAPL,2007-07-06,3.981868327683646,3.9881494924778185,3.9002151820422166,3.957043170928955,874694800,2007,7,27,Friday,3.9568,3.970502376556397,-0.34,0.29,-1.77,-0.34,1.77,1,3.9308,3.9308,3.8911,3.8514,3.8117,3.772,3.7323,3.6926,3.6529,3.6132,3.5735,3.5337,3.494,3.4543,3.4146,3.3749,3.3352,3.2955,3.2558,3.2161,3.1764,3.1367,3.097,3.0573,3.0176,2.9779,True,False,False,False,False,False,False,False,False,False,False,False,False,False,False,False,False,False,False,False,False,False,False,False,False
AAPL,2007-07-09,3.959438070023264,3.9749914386146266,3.863727029221812,3.8981235027313232,995820000,2007,7,28,Monday,3.9241,3.957043170928955,-1.49,0.06,-2.36,-1.49,2.36,2,7.7954,3.9175,3.8779,3.8383,3.7988,3.7592,3.7196,3.6801,3.6405,3.6009,3.5613,3.5218,3.4822,3.4426,3.4031,3.3635,3.3239,3.2843,3.2448,3.2052,3.1656,3.1261,3.0865,3.0469,3.0074,2.9678,True,True,False,False,False,False,False,False,False,False,False,False,False,False,False,False,False,False,False,False,False,False,False,False,False
AAPL,2007-07-10,3.854752004971168,4.022843932244406,3.8526582835397263,3.958538770675659,1255007600,2007,7,28,Tuesday,3.9222,3.8981235027313232,1.55,-1.11,-1.17,1.55,1.17,1,3.8591,3.8591,3.8202,3.7812,3.7422,3.7032,3.6642,3.6253,3.5863,3.5473,3.5083,3.4693,3.4303,3.3914,3.3524,3.3134,3.2744,3.2354,3.1965,3.1575,3.1185,3.0795,3.0405,3.0016,2.9626,2.9236,True,False,False,False,False,False,False,False,False,False,False,False,False,False,False,False,False,False,False,False,False,False,False,False,False
AAPL,2007-07-11,3.9501660809972186,3.9989187091374734,3.927434635012259,3.9597365856170654,821772000,2007,7,28,Wednesday,3.9591,3.958538770675659,0.03,-0.21,-0.79,0.03,0.79,0,0.0,3.919,3.8794,3.8398,3.8002,3.7606,3.721,3.6814,3.6419,3.6023,3.5627,3.5231,3.4835,3.4439,3.4043,3.3648,3.3252,3.2856,3.246,3.2064,3.1668,3.1272,3.0877,3.0481,3.0085,2.9689,False,False,False,False,False,False,False,False,False,False,False,False,False,False,False,False,False,False,False,False,False,False,False,False,False
AAPL,2007-07-12,4.003402795121011,4.015067814998377,3.9597345450224255,4.009983062744141,704608800,2007,7,28,Thursday,3.997,3.9597365856170654,1.27,1.1,-0.0,1.27,0.0,0,0.0,3.9201,3.8805,3.8409,3.8013,3.7617,3.7222,3.6826,3.643,3.6034,3.5638,3.5242,3.4846,3.445,3.4054,3.3658,3.3262,3.2866,3.247,3.2074,3.1678,3.1282,3.0886,3.049,3.0094,2.9698,False,False,False,False,False,False,False,False,False,False,False,False,False,False,False,False,False,False,False,False,False,False,False,False,False
AAPL,2007-07-13,4.038696717583419,4.123041391692229,4.023442859556374,4.119452953338623,907606000,2007,7,28,Friday,4.0762,4.009983062744141,2.73,0.72,0.34,2.73,-0.34,0,0.0,3.9699,3.9298,3.8897,3.8496,3.8095,3.7694,3.7293,3.6892,3.6491,3.609,3.5689,3.5288,3.4887,3.4486,3.4085,3.3684,3.3283,3.2882,3.2481,3.208,3.1679,3.1278,3.0877,3.0476,3.0075,False,False,False,False,False,False,False,False,False,False,False,False,False,False,False,False,False,False,False,False,False,False,False,False,False
AAPL,2007-07-16,4.139194413812349,4.186751022466145,4.112574629173449,4.130520820617676,936112800,2007,7,29,Monday,4.1423,4.119452953338623,0.27,0.48,-0.17,0.27,0.17,0,0.0,4.0783,4.0371,3.9959,3.9547,3.9135,3.8723,3.8311,3.7899,3.7487,3.7075,3.6663,3.6251,3.5839,3.5427,3.5015,3.4603,3.4191,3.378,3.3368,3.2956,3.2544,3.2132,3.172,3.1308,3.0896,False,False,False,False,False,False,False,False,False,False,False,False,False,False,False,False,False,False,False,False,False,False,False,False,False
AAPL,2007-07-17,4.136503387271868,4.175385209447413,4.112575129104144,4.154747486114502,709959600,2007,7,29,Tuesday,4.1448,4.130520820617676,0.59,0.14,-0.43,0.59,0.43,0,0.0,4.0892,4.0479,4.0066,3.9653,3.924,3.8827,3.8414,3.8001,3.7588,3.7175,3.6762,3.6349,3.5936,3.5522,3.5109,3.4696,3.4283,3.387,3.3457,3.3044,3.2631,3.2218,3.1805,3.1392,3.0979,False,False,False,False,False,False,False,False,False,False,False,False,False,False,False,False,False,False,False,False,False,False,False,False,False
AAPL,2007-07-18,4.133213450981254,4.14069103274152,4.0689074458533865,4.131119728088379,756856800,2007,7,29,Wednesday,4.1185,4.154747486114502,-0.57,-0.52,-2.07,-0.57,2.07,2,8.1849,4.1132,4.0717,4.0301,3.9886,3.947,3.9055,3.8639,3.8224,3.7808,3.7393,3.6977,3.6562,3.6146,3.5731,3.5315,3.49,3.4484,3.4069,3.3653,3.3238,3.2823,3.2407,3.1992,3.1576,3.1161,True,True,False,False,False,False,False,False,False,False,False,False,False,False,False,False,False,False,False,False,False,False,False,False,False
AAPL,2007-07-19,4.196322494752212,4.211577160338538,4.1768815815391465,4.187349796295166,732891600,2007,7,29,Thursday,4.193,4.131119728088379,1.36,1.58,1.11,1.36,-1.11,0,0.0,4.0898,4.0485,4.0072,3.9659,3.9246,3.8833,3.8419,3.8006,3.7593,3.718,3.6767,3.6354,3.5941,3.5528,3.5115,3.4701,3.4288,3.3875,3.3462,3.3049,3.2636,3.2223,3.181,3.1397,3.0983,False,False,False,False,False,False,False,False,False,False,False,False,False,False,False,False,False,False,False,False,False,False,False,False,False
AAPL,2007-07-20,4.236698051811587,4.31236912656465,4.187346847374419,4.299508094787598,1167773600,2007,7,29,Friday,4.259,4.187349796295166,2.68,1.18,-0.0,2.68,0.0,0,0.0,4.1455,4.1036,4.0617,4.0199,3.978,3.9361,3.8942,3.8524,3.8105,3.7686,3.7267,3.6849,3.643,3.6011,3.5592,3.5174,3.4755,3.4336,3.3918,3.3499,3.308,3.2661,3.2243,3.1824,3.1405,False,False,False,False,False,False,False,False,False,False,False,False,False,False,False,False,False,False,False,False,False,False,False,False,False
AAPL,2007-07-23,4.286348189667776,4.343476081766715,4.215163250868746,4.298013210296631,1036490000,2007,7,30,Monday,4.2858,4.299508094787598,-0.03,-0.31,-1.96,-0.03,1.96,1,4.2565,4.2565,4.2135,4.1705,4.1275,4.0845,4.0415,3.9985,3.9555,3.9126,3.8696,3.8266,3.7836,3.7406,3.6976,3.6546,3.6116,3.5686,3.5256,3.4826,3.4396,3.3966,3.3536,3.3106,3.2676,3.2246,True,False,False,False,False,False,False,False,False,False,False,False,False,False,False,False,False,False,False,False,False,False,False,False,False
AAPL,2007-07-24,4.153849496909423,4.2172577672381415,4.012376502594159,4.034510135650635,1795292800,2007,7,30,Tuesday,4.1045,4.298013210296631,-6.13,-3.35,-6.65,-6.13,6.65,6,24.8855,4.255,4.2121,4.1691,4.1261,4.0831,4.0401,3.9972,3.9542,3.9112,3.8682,3.8252,3.7823,3.7393,3.6963,3.6533,3.6103,3.5674,3.5244,3.4814,3.4384,3.3954,3.3525,3.3095,3.2665,3.2235,True,True,True,True,True,True,False,False,False,False,False,False,False,False,False,False,False,False,False,False,False,False,False,False,False
AAPL,2007-07-25,4.108088277097316,4.138297700801498,4.037801020607831,4.105396747589111,1496182800,2007,7,30,Wednesday,4.0974,4.034510135650635,1.76,1.82,0.08,1.76,-0.08,0,0.0,3.9942,3.9538,3.9135,3.8731,3.8328,3.7924,3.7521,3.7117,3.6714,3.6311,3.5907,3.5504,3.51,3.4697,3.4293,3.389,3.3486,3.3083,3.268,3.2276,3.1873,3.1469,3.1066,3.0662,3.0259,False,False,False,False,False,False,False,False,False,False,False,False,False,False,False,False,False,False,False,False,False,False,False,False,False
AAPL,2007-07-26,4.36411274957787,4.441578848935833,4.096422285209544,4.366805076599121,2186629200,2007,7,30,Thursday,4.3172,4.105396747589111,6.37,6.3,-0.22,6.37,0.22,0,0.0,4.0643,4.0233,3.9822,3.9412,3.9001,3.8591,3.818,3.777,3.7359,3.6949,3.6538,3.6127,3.5717,3.5306,3.4896,3.4485,3.4075,3.3664,3.3254,3.2843,3.2433,3.2022,3.1612,3.1201,3.079,False,False,False,False,False,False,False,False,False,False,False,False,False,False,False,False,False,False,False,False,False,False,False,False,False
AAPL,2007-07-27,4.372490327908036,4.454143928063656,4.300408831627892,4.302502155303955,1161098400,2007,7,30,Friday,4.3574,4.366805076599121,-1.47,0.13,-1.52,-1.47,1.52,1,4.3231,4.3231,4.2795,4.2358,4.1921,4.1485,4.1048,4.0611,4.0175,3.9738,3.9301,3.8865,3.8428,3.7991,3.7555,3.7118,3.6681,3.6244,3.5808,3.5371,3.4934,3.4498,3.4061,3.3624,3.3188,3.2751,True,False,False,False,False,False,False,False,False,False,False,False,False,False,False,False,False,False,False,False,False,False,False,False,False
AAPL,2007-07-30,4.316857066446558,4.350355820097176,4.174487163763111,4.230118751525879,1106988400,2007,7,31,Monday,4.268,4.302502155303955,-1.68,0.33,-2.98,-1.68,2.98,2,8.4759,4.2595,4.2165,4.1734,4.1304,4.0874,4.0444,4.0013,3.9583,3.9153,3.8723,3.8292,3.7862,3.7432,3.7002,3.6571,3.6141,3.5711,3.5281,3.485,3.442,3.399,3.356,3.3129,3.2699,3.2269,True,True,False,False,False,False,False,False,False,False,False,False,False,False,False,False,False,False,False,False,False,False,False,False,False
AAPL,2007-07-31,4.276179844766478,4.291434505987547,3.9337150963735663,3.940893173217773,1762392800,2007,7,31,Tuesday,4.1106,4.230118751525879,-6.84,1.09,-7.01,-6.84,7.01,7,28.4264,4.1878,4.1455,4.1032,4.0609,4.0186,3.9763,3.934,3.8917,3.8494,3.8071,3.7648,3.7225,3.6802,3.6379,3.5956,3.5533,3.511,3.4687,3.4264,3.3841,3.3418,3.2995,3.2572,3.2149,3.1726,True,True,True,True,True,True,True,False,False,False,False,False,False,False,False,False,False,False,False,False,False,False,False,False,False
AAPL,2007-08-01,3.997124970108747,4.04916774521815,3.821554930684015,4.037802219390869,1750156800,2007,8,31,Wednesday,3.9764,3.940893173217773,2.46,1.43,-3.03,2.46,3.03,3,11.5862,3.9015,3.8621,3.8227,3.7833,3.7438,3.7044,3.665,3.6256,3.5862,3.5468,3.5074,3.468,3.4286,3.3892,3.3498,3.3104,3.2709,3.2315,3.1921,3.1527,3.1133,3.0739,3.0345,2.9951,2.9557,True,True,True,False,False,False,False,False,False,False,False,False,False,False,False,False,False,False,False,False,False,False,False,False,False
AAPL,2007-08-02,4.087151241381515,4.09642383959496,4.012377041335229,4.082365989685059,852644800,2007,8,31,Thursday,4.0696,4.037802219390869,1.1,1.22,-0.63,1.1,0.63,0,0.0,3.9974,3.957,3.9167,3.8763,3.8359,3.7955,3.7552,3.7148,3.6744,3.634,3.5936,3.5533,3.5129,3.4725,3.4321,3.3918,3.3514,3.311,3.2706,3.2302,3.1899,3.1495,3.1091,3.0687,3.0284,False,False,False,False,False,False,False,False,False,False,False,False,False,False,False,False,False,False,False,False,False,False,False,False,False
AAPL,2007-08-03,4.045575801797286,4.066213515938746,3.933115833852713,3.943584442138672,679187600,2007,8,31,Friday,3.9971,4.082365989685059,-3.4,-0.9,-3.66,-3.4,3.66,3,12.0022,4.0415,4.0007,3.9599,3.9191,3.8782,3.8374,3.7966,3.7558,3.715,3.6741,3.6333,3.5925,3.5517,3.5108,3.47,3.4292,3.3884,3.3475,3.3067,3.2659,3.2251,3.1842,3.1434,3.1026,3.0618,True,True,True,False,False,False,False,False,False,False,False,False,False,False,False,False,False,False,False,False,False,False,False,False,False
AAPL,2007-08-06,3.974990818109757,4.04587587941137,3.8374061435592974,4.045278072357178,925170400,2007,8,32,Monday,3.9759,3.943584442138672,2.58,0.8,-2.69,2.58,2.69,2,7.7689,3.9041,3.8647,3.8253,3.7858,3.7464,3.707,3.6675,3.6281,3.5887,3.5492,3.5098,3.4704,3.4309,3.3915,3.352,3.3126,3.2732,3.2337,3.1943,3.1549,3.1154,3.076,3.0366,2.9971,2.9577,True,True,False,False,False,False,False,False,False,False,False,False,False,False,False,False,False,False,False,False,False,False,False,False,False
AAPL,2007-08-07,4.036005791136065,4.1047983198726445,3.9669145585763808,4.038697719573975,949936400,2007,8,32,Tuesday,4.0366,4.045278072357178,-0.16,-0.23,-1.94,-0.16,1.94,1,4.0048,4.0048,3.9644,3.9239,3.8835,3.843,3.8026,3.7621,3.7217,3.6812,3.6408,3.6003,3.5598,3.5194,3.4789,3.4385,3.398,3.3576,3.3171,3.2767,3.2362,3.1958,3.1553,3.1149,3.0744,3.034,True,False,False,False,False,False,False,False,False,False,False,False,False,False,False,False,False,False,False,False,False,False,False,False,False
AAPL,2007-08-08,4.090440399120079,4.093431030672571,3.9480705234934175,4.008188247680664,808096800,2007,8,32,Wednesday,4.035,4.038697719573975,-0.76,1.28,-2.24,-0.76,2.24,2,7.9562,3.9983,3.9579,3.9175,3.8771,3.8368,3.7964,3.756,3.7156,3.6752,3.6348,3.5944,3.5541,3.5137,3.4733,3.4329,3.3925,3.3521,3.3117,3.2713,3.231,3.1906,3.1502,3.1098,3.0694,3.029,True,True,False,False,False,False,False,False,False,False,False,False,False,False,False,False,False,False,False,False,False,False,False,False,False
AAPL,2007-08-09,3.921451783940256,3.97798108466845,3.741396069551568,3.78027868270874,1125395600,2007,8,32,Thursday,3.8553,4.008188247680664,-5.69,-2.16,-6.66,-5.69,6.66,6,23.2074,3.9681,3.928,3.8879,3.8479,3.8078,3.7677,3.7276,3.6875,3.6475,3.6074,3.5673,3.5272,3.4871,3.447,3.407,3.3669,3.3268,3.2867,3.2466,3.2066,3.1665,3.1264,3.0863,3.0462,3.0061,True,True,True,True,True,True,False,False,False,False,False,False,False,False,False,False,False,False,False,False,False,False,False,False,False
AAPL,2007-08-10,3.68247518020752,3.820956798772223,3.598130454545677,3.7387053966522217,1410749200,2007,8,32,Friday,3.7101,3.78027868270874,-1.1,-2.59,-4.82,-1.1,4.82,4,14.7431,3.7425,3.7047,3.6669,3.6291,3.5913,3.5535,3.5157,3.4779,3.4401,3.4023,3.3644,3.3266,3.2888,3.251,3.2132,3.1754,3.1376,3.0998,3.062,3.0242,2.9864,2.9486,2.9108,2.873,2.8352,True,True,True,True,False,False,False,False,False,False,False,False,False,False,False,False,False,False,False,False,False,False,False,False,False
AAPL,2007-08-13,3.838002369751766,3.868809583651672,3.783566814275584,3.822150707244873,752911600,2007,8,33,Monday,3.8281,3.7387053966522217,2.23,2.66,1.2,2.23,-1.2,0,0.0,3.7013,3.6639,3.6265,3.5892,3.5518,3.5144,3.477,3.4396,3.4022,3.3648,3.3274,3.2901,3.2527,3.2153,3.1779,3.1405,3.1031,3.0657,3.0284,2.991,2.9536,2.9162,2.8788,2.8414,2.804,False,False,False,False,False,False,False,False,False,False,False,False,False,False,False,False,False,False,False,False,False,False,False,False,False
AAPL,2007-08-14,3.837108144319838,3.837406848233431,3.700121251668271,3.70969295501709,739006800,2007,8,33,Tuesday,3.7711,3.822150707244873,-2.94,0.39,-3.19,-2.94,3.19,3,11.2371,3.7839,3.7457,3.7075,3.6693,3.631,3.5928,3.5546,3.5164,3.4782,3.4399,3.4017,3.3635,3.3253,3.287,3.2488,3.2106,3.1724,3.1342,3.0959,3.0577,3.0195,2.9813,2.9431,2.9048,2.8666,True,True,True,False,False,False,False,False,False,False,False,False,False,False,False,False,False,False,False,False,False,False,False,False,False
AAPL,2007-08-15,3.671108583211459,3.734517665813175,3.578687686904412,3.5861656665802,992852000,2007,8,33,Wednesday,3.6426,3.70969295501709,-3.33,-1.04,-3.53,-3.33,3.53,3,10.9065,3.6726,3.6355,3.5984,3.5613,3.5242,3.4871,3.45,3.4129,3.3758,3.3387,3.3016,3.2645,3.2274,3.1903,3.1532,3.1161,3.079,3.0419,3.0049,2.9678,2.9307,2.8936,2.8565,2.8194,2.7823,True,True,True,False,False,False,False,False,False,False,False,False,False,False,False,False,False,False,False,False,False,False,False,False,False
AAPL,2007-08-16,3.4997271431153134,3.54429232785519,3.3385142904901297,3.500923156738281,1866690000,2007,8,33,Thursday,3.4709,3.5861656665802,-2.38,-2.41,-6.91,-2.38,6.91,6,20.7639,3.5503,3.5144,3.4786,3.4427,3.4069,3.371,3.3351,3.2993,3.2634,3.2275,3.1917,3.1558,3.12,3.0841,3.0482,3.0124,2.9765,2.9407,2.9048,2.8689,2.8331,2.7972,2.7613,2.7255,2.6896,True,True,True,True,True,True,False,False,False,False,False,False,False,False,False,False,False,False,False,False,False,False,False,False,False
AAPL,2007-08-17,3.6492744330612976,3.693839608813215,3.583772434073325,3.650769948959351,1195062400,2007,8,33,Friday,3.6444,3.500923156738281,4.28,4.24,2.37,4.28,-2.37,0,0.0,3.4659,3.4309,3.3959,3.3609,3.3259,3.2909,3.2559,3.2208,3.1858,3.1508,3.1158,3.0808,3.0458,3.0108,2.9758,2.9408,2.9058,2.8708,2.8357,2.8007,2.7657,2.7307,2.6957,2.6607,2.6257,False,False,False,False,False,False,False,False,False,False,False,False,False,False,False,False,False,False,False,False,False,False,False,False,False
AAPL,2007-08-20,3.707598403519373,3.723749576092692,3.604110698705354,3.655555248260498,803317200,2007,8,34,Monday,3.6728,3.650769948959351,0.13,1.56,-1.28,0.13,1.28,1,3.6143,3.6143,3.5778,3.5412,3.5047,3.4682,3.4317,3.3952,3.3587,3.3222,3.2857,3.2492,3.2127,3.1762,3.1397,3.1032,3.0666,3.0301,2.9936,2.9571,2.9206,2.8841,2.8476,2.8111,2.7746,2.7381,True,False,False,False,False,False,False,False,False,False,False,False,False,False,False,False,False,False,False,False,False,False,False,False,False
AAPL,2007-08-21,3.6552568575758295,3.857146332370741,3.6190661679428304,3.815571784973145,1303047200,2007,8,34,Tuesday,3.7368,3.655555248260498,4.38,-0.01,-1.0,4.38,1.0,0,0.0,3.619,3.5824,3.5459,3.5093,3.4728,3.4362,3.3997,3.3631,3.3266,3.29,3.2534,3.2169,3.1803,3.1438,3.1072,3.0707,3.0341,2.9976,2.961,2.9244,2.8879,2.8513,2.8148,2.7782,2.7417,False,False,False,False,False,False,False,False,False,False,False,False,False,False,False,False,False,False,False,False,False,False,False,False,False
AAPL,2007-08-22,3.9247423891375934,3.970503577311737,3.8981226060471066,3.963325500488281,1061765600,2007,8,34,Wednesday,3.9392,3.815571784973145,3.87,2.86,2.16,3.87,-2.16,0,0.0,3.7774,3.7393,3.7011,3.6629,3.6248,3.5866,3.5485,3.5103,3.4722,3.434,3.3959,3.3577,3.3195,3.2814,3.2432,3.2051,3.1669,3.1288,3.0906,3.0525,3.0143,2.9761,2.938,2.8998,2.8617,False,False,False,False,False,False,False,False,False,False,False,False,False,False,False,False,False,False,False,False,False,False,False,False,False
AAPL,2007-08-23,3.980672103076812,3.98815008065215,3.881073556293458,3.920254468917847,866838000,2007,8,34,Thursday,3.9425,3.963325500488281,-1.09,0.44,-2.08,-1.09,2.08,2,7.8078,3.9237,3.8841,3.8444,3.8048,3.7652,3.7255,3.6859,3.6463,3.6066,3.567,3.5274,3.4877,3.4481,3.4085,3.3688,3.3292,3.2896,3.2499,3.2103,3.1707,3.131,3.0914,3.0518,3.0121,2.9725,True,True,False,False,False,False,False,False,False,False,False,False,False,False,False,False,False,False,False,False,False,False,False,False,False
AAPL,2007-08-24,3.904104348911429,4.048866678889582,3.882568922199498,4.0467729568481445,911834000,2007,8,34,Friday,3.9706,3.920254468917847,3.23,-0.41,-0.96,3.23,0.96,0,0.0,3.8811,3.8418,3.8026,3.7634,3.7242,3.685,3.6458,3.6066,3.5674,3.5282,3.489,3.4498,3.4106,3.3714,3.3322,3.293,3.2538,3.2146,3.1754,3.1362,3.097,3.0578,3.0186,2.9794,2.9402,False,False,False,False,False,False,False,False,False,False,False,False,False,False,False,False,False,False,False,False,False,False,False,False,False
AAPL,2007-08-27,3.98964372048974,4.027629001409643,3.951059834255564,3.955546379089356,707439600,2007,8,35,Monday,3.981,4.0467729568481445,-2.25,-1.41,-2.37,-2.25,2.37,2,7.9721,4.0063,3.9658,3.9254,3.8849,3.8444,3.804,3.7635,3.723,3.6826,3.6421,3.6016,3.5612,3.5207,3.4802,3.4398,3.3993,3.3588,3.3184,3.2779,3.2374,3.197,3.1565,3.116,3.0755,3.0351,True,True,False,False,False,False,False,False,False,False,False,False,False,False,False,False,False,False,False,False,False,False,False,False,False
AAPL,2007-08-28,3.917861290391348,3.960333527289492,3.78745554565889,3.79313850402832,1179365600,2007,8,35,Tuesday,3.8647,3.955546379089356,-4.11,-0.95,-4.25,-4.11,4.25,4,15.4266,3.916,3.8764,3.8369,3.7973,3.7578,3.7182,3.6787,3.6391,3.5995,3.56,3.5204,3.4809,3.4413,3.4018,3.3622,3.3227,3.2831,3.2435,3.204,3.1644,3.1249,3.0853,3.0458,3.0062,2.9667,True,True,True,True,False,False,False,False,False,False,False,False,False,False,False,False,False,False,False,False,False,False,False,False,False
AAPL,2007-08-29,3.8846596878527935,4.013271561149028,3.8744913854975422,4.010280132293701,1166860800,2007,8,35,Wednesday,3.9457,3.79313850402832,5.72,2.41,2.14,5.72,-2.14,0,0.0,3.7552,3.7173,3.6793,3.6414,3.6035,3.5656,3.5276,3.4897,3.4518,3.4138,3.3759,3.338,3.3,3.2621,3.2242,3.1862,3.1483,3.1104,3.0724,3.0345,2.9966,2.9586,2.9207,2.8828,2.8449,False,False,False,False,False,False,False,False,False,False,False,False,False,False,False,False,False,False,False,False,False,False,False,False,False
AAPL,2007-08-30,3.968109739868327,4.13500567399495,3.957043324613928,4.075186252593994,1435582400,2007,8,35,Thursday,4.0338,4.010280132293701,1.62,-1.05,-1.33,1.62,1.33,1,3.9702,3.9702,3.9301,3.89,3.8499,3.8098,3.7697,3.7296,3.6895,3.6494,3.6093,3.5691,3.529,3.4889,3.4488,3.4087,3.3686,3.3285,3.2884,3.2483,3.2082,3.1681,3.128,3.0879,3.0478,3.0077,True,False,False,False,False,False,False,False,False,False,False,False,False,False,False,False,False,False,False,False,False,False,False,False,False
AAPL,2007-08-31,4.172094298704298,4.176879948990525,4.109882042993267,4.141885280609131,876887200,2007,8,35,Friday,4.1502,4.075186252593994,1.64,2.38,0.85,1.64,-0.85,0,0.0,4.0344,3.9937,3.9529,3.9122,3.8714,3.8307,3.7899,3.7492,3.7084,3.6677,3.6269,3.5862,3.5454,3.5047,3.4639,3.4232,3.3824,3.3417,3.3009,3.2601,3.2194,3.1786,3.1379,3.0971,3.0564,False,False,False,False,False,False,False,False,False,False,False,False,False,False,False,False,False,False,False,False,False,False,False,False,False
AAPL,2007-09-04,4.185553538133642,4.358730264389857,4.182562906043294,4.311771869659424,1316842800,2007,9,36,Tuesday,4.2597,4.141885280609131,4.1,1.05,0.98,4.1,-0.98,0,0.0,4.1005,4.059,4.0176,3.9762,3.9348,3.8934,3.852,3.8105,3.7691,3.7277,3.6863,3.6449,3.6034,3.562,3.5206,3.4792,3.4378,3.3963,3.3549,3.3135,3.2721,3.2307,3.1893,3.1478,3.1064,False,False,False,False,False,False,False,False,False,False,False,False,False,False,False,False,False,False,False,False,False,False,False,False,False
AAPL,2007-09-05,4.335998417136668,4.36201958943123,4.070699944560317,4.09044075012207,2328222400,2007,9,36,Wednesday,4.2148,4.311771869659424,-5.13,0.56,-5.59,-5.13,5.59,5,20.9121,4.2687,4.2255,4.1824,4.1393,4.0962,4.0531,4.0099,3.9668,3.9237,3.8806,3.8375,3.7944,3.7512,3.7081,3.665,3.6219,3.5788,3.5357,3.4925,3.4494,3.4063,3.3632,3.3201,3.2769,3.2338,True,True,True,True,True,False,False,False,False,False,False,False,False,False,False,False,False,False,False,False,False,False,False,False,False
AAPL,2007-09-06,4.0545499618138265,4.1146676969043146,3.9693071633618735,4.03809928894043,1901261600,2007,9,36,Thursday,4.0442,4.09044075012207,-1.28,-0.88,-2.96,-1.28,2.96,2,8.0582,4.0495,4.0086,3.9677,3.9268,3.8859,3.845,3.8041,3.7632,3.7223,3.6814,3.6405,3.5996,3.5587,3.5178,3.4769,3.436,3.3951,3.3542,3.3133,3.2724,3.2314,3.1905,3.1496,3.1087,3.0678,True,True,False,False,False,False,False,False,False,False,False,False,False,False,False,False,False,False,False,False,False,False,False,False,False
AAPL,2007-09-07,3.9483712649837743,3.95704485882464,3.888252717176825,3.941192388534546,1430576000,2007,9,36,Friday,3.9337,4.03809928894043,-2.4,-2.22,-3.71,-2.4,3.71,3,11.872,3.9977,3.9573,3.917,3.8766,3.8362,3.7958,3.7554,3.7151,3.6747,3.6343,3.5939,3.5535,3.5131,3.4728,3.4324,3.392,3.3516,3.3112,3.2709,3.2305,3.1901,3.1497,3.1093,3.069,3.0286,True,True,True,False,False,False,False,False,False,False,False,False,False,False,False,False,False,False,False,False,False,False,False,False,False
AAPL,2007-09-10,4.097321788236301,4.128726832427169,4.006396791582834,4.088947296142578,1487838800,2007,9,37,Monday,4.0803,3.941192388534546,3.75,3.96,1.65,3.75,-1.65,0,0.0,3.9018,3.8624,3.823,3.7835,3.7441,3.7047,3.6653,3.6259,3.5865,3.5471,3.5077,3.4682,3.4288,3.3894,3.35,3.3106,3.2712,3.2318,3.1924,3.153,3.1135,3.0741,3.0347,2.9953,2.9559,False,False,False,False,False,False,False,False,False,False,False,False,False,False,False,False,False,False,False,False,False,False,False,False,False
AAPL,2007-09-11,4.124538242228007,4.136502368364855,4.000413228914788,4.052456378936768,971885600,2007,9,37,Tuesday,4.0785,4.088947296142578,-0.89,0.87,-2.17,-0.89,2.17,2,8.0552,4.0481,4.0072,3.9663,3.9254,3.8845,3.8436,3.8027,3.7618,3.7209,3.6801,3.6392,3.5983,3.5574,3.5165,3.4756,3.4347,3.3938,3.3529,3.312,3.2712,3.2303,3.1894,3.1485,3.1076,3.0667,True,True,False,False,False,False,False,False,False,False,False,False,False,False,False,False,False,False,False,False,False,False,False,False,False
AAPL,2007-09-12,4.067410425336066,4.16940179745763,4.060231950205655,4.093132495880127,1022770000,2007,9,37,Wednesday,4.0975,4.052456378936768,1.0,0.37,0.19,1.0,-0.19,0,0.0,4.0119,3.9714,3.9309,3.8904,3.8498,3.8093,3.7688,3.7283,3.6877,3.6472,3.6067,3.5662,3.5256,3.4851,3.4446,3.4041,3.3635,3.323,3.2825,3.242,3.2014,3.1609,3.1204,3.0799,3.0393,False,False,False,False,False,False,False,False,False,False,False,False,False,False,False,False,False,False,False,False,False,False,False,False,False
AAPL,2007-09-13,4.152351742755105,4.157436893379549,4.087148882408169,4.103599548339844,656163200,2007,9,37,Thursday,4.1251,4.093132495880127,0.26,1.45,-0.15,0.26,0.15,0,0.0,4.0522,4.0113,3.9703,3.9294,3.8885,3.8475,3.8066,3.7657,3.7248,3.6838,3.6429,3.602,3.561,3.5201,3.4792,3.4382,3.3973,3.3564,3.3154,3.2745,3.2336,3.1926,3.1517,3.1108,3.0698,False,False,False,False,False,False,False,False,False,False,False,False,False,False,False,False,False,False,False,False,False,False,False,False,False
AAPL,2007-09-14,4.084757831956394,4.156839686608947,4.073691415942724,4.151755332946777,607320000,2007,9,37,Friday,4.1168,4.103599548339844,1.17,-0.46,-0.73,1.17,0.73,0,0.0,4.0626,4.0215,3.9805,3.9395,3.8984,3.8574,3.8163,3.7753,3.7343,3.6932,3.6522,3.6112,3.5701,3.5291,3.4881,3.447,3.406,3.365,3.3239,3.2829,3.2418,3.2008,3.1598,3.1187,3.0777,False,False,False,False,False,False,False,False,False,False,False,False,False,False,False,False,False,False,False,False,False,False,False,False,False
AAPL,2007-09-17,4.157138912307666,4.204993406653875,4.11556438439938,4.1397905349731445,793371600,2007,9,38,Monday,4.1544,4.151755332946777,-0.29,0.13,-0.87,-0.29,0.87,0,0.0,4.1102,4.0687,4.0272,3.9857,3.9442,3.9027,3.8611,3.8196,3.7781,3.7366,3.6951,3.6535,3.612,3.5705,3.529,3.4875,3.446,3.4044,3.3629,3.3214,3.2799,3.2384,3.1969,3.1553,3.1138,False,False,False,False,False,False,False,False,False,False,False,False,False,False,False,False,False,False,False,False,False,False,False,False,False
AAPL,2007-09-18,4.159233544515291,4.272590837105481,4.1224442583178025,4.214864730834961,1064089600,2007,9,38,Tuesday,4.1923,4.1397905349731445,1.81,0.47,-0.42,1.81,0.42,0,0.0,4.0984,4.057,4.0156,3.9742,3.9328,3.8914,3.85,3.8086,3.7672,3.7258,3.6844,3.643,3.6016,3.5602,3.5188,3.4774,3.436,3.3946,3.3532,3.3118,3.2704,3.229,3.1876,3.1462,3.1048,False,False,False,False,False,False,False,False,False,False,False,False,False,False,False,False,False,False,False,False,False,False,False,False,False
AAPL,2007-09-19,4.277676709143546,4.2818637551747765,4.169403332740549,4.2103800773620605,1026880400,2007,9,38,Wednesday,4.2348,4.214864730834961,-0.11,1.49,-1.08,-0.11,1.08,1,4.1727,4.1727,4.1306,4.0884,4.0463,4.0041,3.962,3.9198,3.8777,3.8355,3.7934,3.7512,3.7091,3.6669,3.6248,3.5826,3.5405,3.4983,3.4562,3.414,3.3719,3.3297,3.2876,3.2454,3.2033,3.1611,True,False,False,False,False,False,False,False,False,False,False,False,False,False,False,False,False,False,False,False,False,False,False,False,False
AAPL,2007-09-20,4.191835766047831,4.240888299213277,4.167010995223311,4.196621417999268,691840800,2007,9,38,Thursday,4.1991,4.2103800773620605,-0.33,-0.44,-1.03,-0.33,1.03,1,4.1683,4.1683,4.1262,4.0841,4.042,3.9999,3.9578,3.9157,3.8735,3.8314,3.7893,3.7472,3.7051,3.663,3.6209,3.5788,3.5367,3.4946,3.4525,3.4104,3.3683,3.3262,3.2841,3.242,3.1999,3.1578,True,False,False,False,False,False,False,False,False,False,False,False,False,False,False,False,False,False,False,False,False,False,False,False,False
AAPL,2007-09-21,4.221445774616572,4.326428607979651,4.196621006227852,4.311473846435547,1138880400,2007,9,38,Friday,4.264,4.196621417999268,2.74,0.59,-0.0,2.74,0.0,0,0.0,4.1547,4.1127,4.0707,4.0288,3.9868,3.9448,3.9029,3.8609,3.8189,3.777,3.735,3.693,3.6511,3.6091,3.5671,3.5252,3.4832,3.4412,3.3993,3.3573,3.3153,3.2734,3.2314,3.1894,3.1475,False,False,False,False,False,False,False,False,False,False,False,False,False,False,False,False,False,False,False,False,False,False,False,False,False
AAPL,2007-09-24,4.388641565323056,4.481960186461332,4.386249138544845,4.435001373291016,1052161600,2007,9,39,Monday,4.423,4.311473846435547,2.87,1.79,1.73,2.87,-1.73,0,0.0,4.2684,4.2252,4.1821,4.139,4.0959,4.0528,4.0097,3.9666,3.9234,3.8803,3.8372,3.7941,3.751,3.7079,3.6648,3.6216,3.5785,3.5354,3.4923,3.4492,3.4061,3.3629,3.3198,3.2767,3.2336,False,False,False,False,False,False,False,False,False,False,False,False,False,False,False,False,False,False,False,False,False,False,False,False,False
AAPL,2007-09-25,4.391930201451019,4.582753608904381,4.391331196507679,4.581556797027588,1192550800,2007,9,39,Tuesday,4.4869,4.435001373291016,3.3,-0.97,-0.98,3.3,0.98,0,0.0,4.3907,4.3463,4.302,4.2576,4.2133,4.1689,4.1246,4.0802,4.0359,3.9915,3.9472,3.9028,3.8585,3.8141,3.7698,3.7254,3.6811,3.6367,3.5924,3.548,3.5037,3.4593,3.415,3.3706,3.3263,False,False,False,False,False,False,False,False,False,False,False,False,False,False,False,False,False,False,False,False,False,False,False,False,False
AAPL,2007-09-26,4.62014063183992,4.635992299082744,4.523831420504643,4.56929349899292,975268000,2007,9,39,Wednesday,4.5873,4.581556797027588,-0.27,0.84,-1.26,-0.27,1.26,1,4.5357,4.5357,4.4899,4.4441,4.3983,4.3525,4.3067,4.2608,4.215,4.1692,4.1234,4.0776,4.0318,3.986,3.9401,3.8943,3.8485,3.8027,3.7569,3.7111,3.6652,3.6194,3.5736,3.5278,3.482,3.4362,True,False,False,False,False,False,False,False,False,False,False,False,False,False,False,False,False,False,False,False,False,False,False,False,False
AAPL,2007-09-27,4.599205177392437,4.621636720828636,4.555836009269501,4.621038913726807,658198800,2007,9,39,Thursday,4.5994,4.56929349899292,1.13,0.65,-0.29,1.13,0.29,0,0.0,4.5236,4.4779,4.4322,4.3865,4.3408,4.2951,4.2494,4.2038,4.1581,4.1124,4.0667,4.021,3.9753,3.9296,3.8839,3.8382,3.7925,3.7468,3.7011,3.6554,3.6097,3.564,3.5184,3.4727,3.427,False,False,False,False,False,False,False,False,False,False,False,False,False,False,False,False,False,False,False,False,False,False,False,False,False
AAPL,2007-09-28,4.589332601363921,4.624028159060591,4.568694888327264,4.590229511260986,615101200,2007,9,39,Friday,4.5931,4.621038913726807,-0.67,-0.69,-1.13,-0.67,1.13,1,4.5748,4.5748,4.5286,4.4824,4.4362,4.39,4.3438,4.2976,4.2514,4.2051,4.1589,4.1127,4.0665,4.0203,3.9741,3.9279,3.8817,3.8355,3.7893,3.743,3.6968,3.6506,3.6044,3.5582,3.512,3.4658,True,False,False,False,False,False,False,False,False,False,False,False,False,False,False,False,False,False,False,False,False,False,False,False,False
AAPL,2007-10-01,4.62492706957257,4.708076163842932,4.574080722349169,4.676072120666504,837068400,2007,10,40,Monday,4.6458,4.590229511260986,1.87,0.76,-0.35,1.87,0.35,0,0.0,4.5443,4.4984,4.4525,4.4066,4.3607,4.3148,4.2689,4.223,4.1771,4.1312,4.0853,4.0394,3.9935,3.9476,3.9017,3.8558,3.8099,3.764,3.7181,3.6722,3.6263,3.5804,3.5345,3.4886,3.4427,False,False,False,False,False,False,False,False,False,False,False,False,False,False,False,False,False,False,False,False,False,False,False,False,False
AAPL,2007-10-02,4.682354128164228,4.743370394719096,4.662614111616849,4.739182949066162,792069600,2007,10,40,Tuesday,4.7069,4.676072120666504,1.35,0.13,-0.29,1.35,0.29,0,0.0,4.6293,4.5826,4.5358,4.489,4.4423,4.3955,4.3487,4.302,4.2552,4.2085,4.1617,4.1149,4.0682,4.0214,3.9747,3.9279,3.8811,3.8344,3.7876,3.7409,3.6941,3.6473,3.6006,3.5538,3.5071,False,False,False,False,False,False,False,False,False,False,False,False,False,False,False,False,False,False,False,False,False,False,False,False,False
AAPL,2007-10-03,4.7191415457486565,4.761014787549221,4.696111003189532,4.723328590393066,692518400,2007,10,40,Wednesday,4.7249,4.739182949066162,-0.33,-0.42,-0.91,-0.33,0.91,0,0.0,4.6918,4.6444,4.597,4.5496,4.5022,4.4548,4.4074,4.36,4.3127,4.2653,4.2179,4.1705,4.1231,4.0757,4.0283,3.9809,3.9335,3.8861,3.8387,3.7913,3.744,3.6966,3.6492,3.6018,3.5544,False,False,False,False,False,False,False,False,False,False,False,False,False,False,False,False,False,False,False,False,False,False,False,False,False
AAPL,2007-10-04,4.72572043462988,4.728112859928685,4.591127243583311,4.673079490661621,656958400,2007,10,40,Thursday,4.6795,4.723328590393066,-1.06,0.05,-2.8,-1.06,2.8,2,9.305,4.6761,4.6289,4.5816,4.5344,4.4872,4.4399,4.3927,4.3455,4.2982,4.251,4.2038,4.1565,4.1093,4.0621,4.0148,3.9676,3.9204,3.8731,3.8259,3.7787,3.7314,3.6842,3.637,3.5897,3.5425,True,True,False,False,False,False,False,False,False,False,False,False,False,False,False,False,False,False,False,False,False,False,False,False,False
AAPL,2007-10-05,4.7367880218775165,4.832797738120307,4.716748909268575,4.828909397125244,943471200,2007,10,40,Friday,4.7788,4.673079490661621,3.33,1.36,0.93,3.33,-0.93,0,0.0,4.6263,4.5796,4.5329,4.4862,4.4394,4.3927,4.346,4.2992,4.2525,4.2058,4.159,4.1123,4.0656,4.0188,3.9721,3.9254,3.8787,3.8319,3.7852,3.7385,3.6917,3.645,3.5983,3.5515,3.5048,False,False,False,False,False,False,False,False,False,False,False,False,False,False,False,False,False,False,False,False,False,False,False,False,False
AAPL,2007-10-08,4.88992348363192,5.02212381362915,4.874369728449736,5.02212381362915,835928800,2007,10,41,Monday,4.9521,4.828909397125244,4.0,1.26,0.94,4.0,-0.94,0,0.0,4.7806,4.7323,4.684,4.6358,4.5875,4.5392,4.4909,4.4426,4.3943,4.346,4.2977,4.2494,4.2012,4.1529,4.1046,4.0563,4.008,3.9597,3.9114,3.8631,3.8148,3.7665,3.7183,3.67,3.6217,False,False,False,False,False,False,False,False,False,False,False,False,False,False,False,False,False,False,False,False,False,False,False,False,False
AAPL,2007-10-09,5.090618498570704,5.117836485302381,4.985336987377208,5.020630359649658,1104286400,2007,10,41,Tuesday,5.0536,5.02212381362915,-0.03,1.36,-0.73,-0.03,0.73,0,0.0,4.9719,4.9217,4.8715,4.8212,4.771,4.7208,4.6706,4.6204,4.5701,4.5199,4.4697,4.4195,4.3692,4.319,4.2688,4.2186,4.1684,4.1181,4.0679,4.0177,3.9675,3.9173,3.867,3.8168,3.7666,False,False,False,False,False,False,False,False,False,False,False,False,False,False,False,False,False,False,False,False,False,False,False,False,False
AAPL,2007-10-10,5.0113583939456925,5.021227997894943,4.953034485550147,4.988626956939697,667590000,2007,10,41,Wednesday,4.9936,5.020630359649658,-0.64,-0.18,-1.35,-0.64,1.35,1,4.9704,4.9704,4.9202,4.87,4.8198,4.7696,4.7194,4.6692,4.619,4.5688,4.5186,4.4684,4.4182,4.3679,4.3177,4.2675,4.2173,4.1671,4.1169,4.0667,4.0165,3.9663,3.9161,3.8659,3.8157,3.7655,True,False,False,False,False,False,False,False,False,False,False,False,False,False,False,False,False,False,False,False,False,False,False,False,False
AAPL,2007-10-11,5.069383395187375,5.140867055764971,4.58245501770467,4.852240085601807,1643992000,2007,10,41,Thursday,4.9112,4.988626956939697,-2.73,1.62,-8.14,-2.73,8.14,8,38.1131,4.9387,4.8889,4.839,4.7891,4.7392,4.6893,4.6394,4.5895,4.5397,4.4898,4.4399,4.39,4.3401,4.2902,4.2403,4.1904,4.1406,4.0907,4.0408,3.9909,3.941,3.8911,3.8412,3.7914,3.7415,True,True,True,True,True,True,True,True,False,False,False,False,False,False,False,False,False,False,False,False,False,False,False,False,False
AAPL,2007-10-12,4.875570003824119,5.003284278942166,4.839378914806063,5.002386569976807,988176000,2007,10,41,Friday,4.9302,4.852240085601807,3.09,0.48,-0.27,3.09,0.27,0,0.0,4.8037,4.7552,4.7067,4.6582,4.6096,4.5611,4.5126,4.4641,4.4155,4.367,4.3185,4.27,4.2214,4.1729,4.1244,4.0759,4.0274,3.9788,3.9303,3.8818,3.8333,3.7847,3.7362,3.6877,3.6392,False,False,False,False,False,False,False,False,False,False,False,False,False,False,False,False,False,False,False,False,False,False,False,False,False
AAPL,2007-10-15,5.02422021786856,5.071775623112334,4.890224798990421,4.994309902191162,1077930000,2007,10,42,Monday,4.9951,5.002386569976807,-0.16,0.44,-2.24,-0.16,2.24,2,9.8547,4.9524,4.9023,4.8523,4.8023,4.7523,4.7022,4.6522,4.6022,4.5522,4.5021,4.4521,4.4021,4.3521,4.3021,4.252,4.202,4.152,4.102,4.0519,4.0019,3.9519,3.9019,3.8518,3.8018,3.7518,True,True,False,False,False,False,False,False,False,False,False,False,False,False,False,False,False,False,False,False,False,False,False,False,False
AAPL,2007-10-16,4.951240490757166,5.090020757148095,4.939575068669639,5.072075366973877,1067830400,2007,10,42,Tuesday,5.0132,4.994309902191162,1.56,-0.86,-1.1,1.56,1.1,1,4.9444,4.9444,4.8944,4.8445,4.7945,4.7446,4.6947,4.6447,4.5948,4.5448,4.4949,4.4449,4.395,4.345,4.2951,4.2452,4.1952,4.1453,4.0953,4.0454,3.9954,3.9455,3.8956,3.8456,3.7957,3.7457,True,False,False,False,False,False,False,False,False,False,False,False,False,False,False,False,False,False,False,False,False,False,False,False,False
AAPL,2007-10-17,5.165092664921627,5.175560872939237,5.060109884332109,5.166887283325195,1127613200,2007,10,42,Wednesday,5.1419,5.072075366973877,1.87,1.83,-0.24,1.87,0.24,0,0.0,5.0214,4.9706,4.9199,4.8692,4.8185,4.7678,4.717,4.6663,4.6156,4.5649,4.5141,4.4634,4.4127,4.362,4.3113,4.2605,4.2098,4.1591,4.1084,4.0577,4.0069,3.9562,3.9055,3.8548,3.8041,False,False,False,False,False,False,False,False,False,False,False,False,False,False,False,False,False,False,False,False,False,False,False,False,False
AAPL,2007-10-18,5.129500195192666,5.209956524213453,5.116041355847895,5.189319610595703,823676000,2007,10,42,Thursday,5.1612,5.166887283325195,0.43,-0.72,-0.98,0.43,0.98,0,0.0,5.1152,5.0635,5.0119,4.9602,4.9085,4.8569,4.8052,4.7535,4.7019,4.6502,4.5985,4.5469,4.4952,4.4435,4.3919,4.3402,4.2885,4.2368,4.1852,4.1335,4.0818,4.0302,3.9785,3.9268,3.8752,False,False,False,False,False,False,False,False,False,False,False,False,False,False,False,False,False,False,False,False,False,False,False,False,False
AAPL,2007-10-19,5.211453643334245,5.223118665645682,5.084637108282432,5.097199440002441,1291780000,2007,10,42,Friday,5.1541,5.189319610595703,-1.78,0.43,-2.02,-1.78,2.02,2,10.223,5.1374,5.0855,5.0336,4.9817,4.9299,4.878,4.8261,4.7742,4.7223,4.6704,4.6185,4.5666,4.5147,4.4628,4.4109,4.359,4.3071,4.2552,4.2033,4.1515,4.0996,4.0477,3.9958,3.9439,3.892,True,True,False,False,False,False,False,False,False,False,False,False,False,False,False,False,False,False,False,False,False,False,False,False,False
AAPL,2007-10-22,5.0951077641956966,5.231196551121378,5.083442737199696,5.215044975280762,1649499600,2007,10,43,Monday,5.1562,5.097199440002441,2.31,-0.04,-0.27,2.31,0.27,0,0.0,5.0462,4.9953,4.9443,4.8933,4.8423,4.7914,4.7404,4.6894,4.6385,4.5875,4.5365,4.4855,4.4346,4.3836,4.3326,4.2816,4.2307,4.1797,4.1287,4.0778,4.0268,3.9758,3.9248,3.8739,3.8229,False,False,False,False,False,False,False,False,False,False,False,False,False,False,False,False,False,False,False,False,False,False,False,False,False
AAPL,2007-10-23,5.639759550052154,5.640955563217824,5.466283730586754,5.567975997924805,1795164000,2007,10,43,Tuesday,5.5787,5.215044975280762,6.77,8.14,4.82,6.77,-4.82,0,0.0,5.1629,5.1107,5.0586,5.0064,4.9543,4.9021,4.85,4.7978,4.7457,4.6935,4.6414,4.5892,4.5371,4.4849,4.4328,4.3806,4.3285,4.2763,4.2242,4.172,4.1199,4.0677,4.0156,3.9634,3.9113,False,False,False,False,False,False,False,False,False,False,False,False,False,False,False,False,False,False,False,False,False,False,False,False,False
AAPL,2007-10-24,5.557508384025844,5.599381628087811,5.361002800821926,5.561097621917725,1288481600,2007,10,43,Wednesday,5.5197,5.567975997924805,-0.12,-0.19,-3.72,-0.12,3.72,3,16.3698,5.5123,5.4566,5.4009,5.3453,5.2896,5.2339,5.1782,5.1225,5.0669,5.0112,4.9555,4.8998,4.8441,4.7885,4.7328,4.6771,4.6214,4.5657,4.5101,4.4544,4.3987,4.343,4.2873,4.2317,4.176,True,True,True,False,False,False,False,False,False,False,False,False,False,False,False,False,False,False,False,False,False,False,False,False,False
AAPL,2007-10-25,5.529393109701648,5.560200333507745,5.433382999308923,5.46688175201416,973602000,2007,10,43,Thursday,5.4975,5.561097621917725,-1.69,-0.57,-2.3,-1.69,2.3,2,10.9554,5.5055,5.4499,5.3943,5.3387,5.283,5.2274,5.1718,5.1162,5.0606,5.005,4.9494,4.8938,4.8382,4.7825,4.7269,4.6713,4.6157,4.5601,4.5045,4.4489,4.3933,4.3377,4.282,4.2264,4.1708,True,True,False,False,False,False,False,False,False,False,False,False,False,False,False,False,False,False,False,False,False,False,False,False,False
AAPL,2007-10-26,5.541957359480471,5.544350185579487,5.46987546993162,5.524311065673828,706876800,2007,10,43,Friday,5.5201,5.46688175201416,1.05,1.37,0.05,1.05,-0.05,0,0.0,5.4122,5.3575,5.3029,5.2482,5.1935,5.1389,5.0842,5.0295,4.9749,4.9202,4.8655,4.8109,4.7562,4.7015,4.6468,4.5922,4.5375,4.4828,4.4282,4.3735,4.3188,4.2642,4.2095,4.1548,4.1002,False,False,False,False,False,False,False,False,False,False,False,False,False,False,False,False,False,False,False,False,False,False,False,False,False
AAPL,2007-10-29,5.5467399080741,5.580837663360991,5.524308372342537,5.535972595214844,540554000,2007,10,44,Monday,5.547,5.524311065673828,0.21,0.41,-0.0,0.21,0.0,0,0.0,5.4691,5.4138,5.3586,5.3033,5.2481,5.1929,5.1376,5.0824,5.0271,4.9719,4.9166,4.8614,4.8062,4.7509,4.6957,4.6404,4.5852,4.5299,4.4747,4.4194,4.3642,4.309,4.2537,4.1985,4.1432,False,False,False,False,False,False,False,False,False,False,False,False,False,False,False,False,False,False,False,False,False,False,False,False,False
AAPL,2007-10-30,5.568574414163675,5.663985911957048,5.525205261103703,5.593100070953369,939414000,2007,10,44,Tuesday,5.5877,5.535972595214844,1.03,0.59,-0.19,1.03,0.19,0,0.0,5.4806,5.4253,5.3699,5.3145,5.2592,5.2038,5.1485,5.0931,5.0377,4.9824,4.927,4.8717,4.8163,4.7609,4.7056,4.6502,4.5949,4.5395,4.4841,4.4288,4.3734,4.3181,4.2627,4.2073,4.152,False,False,False,False,False,False,False,False,False,False,False,False,False,False,False,False,False,False,False,False,False,False,False,False,False
AAPL,2007-10-31,5.611942893067753,5.6864183724453055,5.531785652381321,5.681334018707275,833310800,2007,10,44,Wednesday,5.6279,5.593100070953369,1.58,0.34,-1.1,1.58,1.1,1,5.5372,5.5372,5.4812,5.4253,5.3694,5.3134,5.2575,5.2016,5.1457,5.0897,5.0338,4.9779,4.9219,4.866,4.8101,4.7541,4.6982,4.6423,4.5863,4.5304,4.4745,4.4185,4.3626,4.3067,4.2508,4.1948,True,False,False,False,False,False,False,False,False,False,False,False,False,False,False,False,False,False,False,False,False,False,False,False,False
AAPL,2007-11-01,5.640956020727315,5.685821093865227,5.383733301922894,5.606261253356934,805036400,2007,11,44,Thursday,5.5792,5.681334018707275,-1.32,-0.71,-5.24,-1.32,5.24,5,27.5545,5.6245,5.5677,5.5109,5.4541,5.3973,5.3405,5.2836,5.2268,5.17,5.1132,5.0564,4.9996,4.9428,4.8859,4.8291,4.7723,4.7155,4.6587,4.6019,4.5451,4.4883,4.4314,4.3746,4.3178,4.261,True,True,True,True,True,False,False,False,False,False,False,False,False,False,False,False,False,False,False,False,False,False,False,False,False
AAPL,2007-11-02,5.659200089415889,5.6660790610381895,5.488116718728905,5.619121074676514,1002114400,2007,11,44,Friday,5.6081,5.606261253356934,0.23,0.94,-2.11,0.23,2.11,2,11.0443,5.5502,5.4941,5.4381,5.382,5.3259,5.2699,5.2138,5.1578,5.1017,5.0456,4.9896,4.9335,4.8774,4.8214,4.7653,4.7093,4.6532,4.5971,4.5411,4.485,4.4289,4.3729,4.3168,4.2608,4.2047,True,True,False,False,False,False,False,False,False,False,False,False,False,False,False,False,False,False,False,False,False,False,False,False,False
AAPL,2007-11-05,5.54195607422855,5.65172415070665,5.510551037635806,5.568575859069824,804176800,2007,11,45,Monday,5.5682,5.619121074676514,-0.9,-1.37,-1.93,-0.9,1.93,1,5.5629,5.5629,5.5067,5.4505,5.3944,5.3382,5.282,5.2258,5.1696,5.1134,5.0572,5.001,4.9448,4.8886,4.8324,4.7763,4.7201,4.6639,4.6077,4.5515,4.4953,4.4391,4.3829,4.3267,4.2705,4.2143,True,False,False,False,False,False,False,False,False,False,False,False,False,False,False,False,False,False,False,False,False,False,False,False,False
AAPL,2007-11-06,5.594596085337118,5.742648945968097,5.541357323395414,5.736368179321289,954727200,2007,11,45,Tuesday,5.6537,5.568575859069824,3.01,0.47,-0.49,3.01,0.49,0,0.0,5.5129,5.4572,5.4015,5.3458,5.2901,5.2345,5.1788,5.1231,5.0674,5.0117,4.956,4.9003,4.8447,4.789,4.7333,4.6776,4.6219,4.5662,4.5105,4.4549,4.3992,4.3435,4.2878,4.2321,4.1764,False,False,False,False,False,False,False,False,False,False,False,False,False,False,False,False,False,False,False,False,False,False,False,False,False
AAPL,2007-11-07,5.701072773249896,5.762986307232674,5.567077798715952,5.57216215133667,994327600,2007,11,45,Wednesday,5.6508,5.736368179321289,-2.86,-0.62,-2.95,-2.86,2.95,2,11.3006,5.679,5.6216,5.5643,5.5069,5.4495,5.3922,5.3348,5.2775,5.2201,5.1627,5.1054,5.048,4.9906,4.9333,4.8759,4.8185,4.7612,4.7038,4.6465,4.5891,4.5317,4.4744,4.417,4.3596,4.3023,True,True,False,False,False,False,False,False,False,False,False,False,False,False,False,False,False,False,False,False,False,False,False,False,False
AAPL,2007-11-08,5.583231282716096,5.590110256038971,5.017939090770883,5.24824333190918,1890378000,2007,11,45,Thursday,5.3599,5.57216215133667,-5.81,0.2,-9.95,-5.81,9.95,9,47.642,5.5164,5.4607,5.405,5.3493,5.2936,5.2378,5.1821,5.1264,5.0707,5.0149,4.9592,4.9035,4.8478,4.7921,4.7363,4.6806,4.6249,4.5692,4.5135,4.4577,4.402,4.3463,4.2906,4.2348,4.1791,True,True,True,True,True,True,True,True,True,False,False,False,False,False,False,False,False,False,False,False,False,False,False,False,False
AAPL,2007-11-09,5.119034074146752,5.237775244824356,4.9413703739088,4.946156024932861,1526380800,2007,11,45,Friday,5.0611,5.24824333190918,-5.76,-2.46,-5.85,-5.76,5.85,5,25.454,5.1958,5.1433,5.0908,5.0383,4.9858,4.9333,4.8809,4.8284,4.7759,4.7234,4.6709,4.6185,4.566,4.5135,4.461,4.4085,4.356,4.3036,4.2511,4.1986,4.1461,4.0936,4.0411,3.9887,3.9362,True,True,True,True,True,False,False,False,False,False,False,False,False,False,False,False,False,False,False,False,False,False,False,False,False
AAPL,2007-11-12,4.943465072753869,5.015846860780838,4.505289197061147,4.598906517028809,1769065200,2007,11,46,Monday,4.7659,4.946156024932861,-7.02,-0.05,-8.91,-7.02,8.91,8,37.7886,4.8967,4.8472,4.7978,4.7483,4.6988,4.6494,4.5999,4.5505,4.501,4.4515,4.4021,4.3526,4.3032,4.2537,4.2042,4.1548,4.1053,4.0558,4.0064,3.9569,3.9075,3.858,3.8085,3.7591,3.7096,True,True,True,True,True,True,True,True,False,False,False,False,False,False,False,False,False,False,False,False,False,False,False,False,False
AAPL,2007-11-13,4.810965562240086,5.1139503408006535,4.598906167503899,5.083442211151123,1739446800,2007,11,46,Tuesday,4.9018,4.598906517028809,10.54,4.61,-0.0,10.54,0.0,0,0.0,4.5529,4.5069,4.4609,4.415,4.369,4.323,4.277,4.231,4.185,4.139,4.093,4.047,4.001,3.9551,3.9091,3.8631,3.8171,3.7711,3.7251,3.6791,3.6331,3.5871,3.5412,3.4952,3.4492,False,False,False,False,False,False,False,False,False,False,False,False,False,False,False,False,False,False,False,False,False,False,False,False,False
AAPL,2007-11-14,5.29878918442908,5.311052011414472,4.897401635100288,4.968287467956543,1449168000,2007,11,46,Wednesday,5.1189,5.083442211151123,-2.27,4.24,-3.66,-2.27,3.66,3,14.9453,5.0326,4.9818,4.9309,4.8801,4.8293,4.7784,4.7276,4.6768,4.6259,4.5751,4.5243,4.4734,4.4226,4.3718,4.3209,4.2701,4.2193,4.1684,4.1176,4.0668,4.0159,3.9651,3.9143,3.8634,3.8126,True,True,True,False,False,False,False,False,False,False,False,False,False,False,False,False,False,False,False,False,False,False,False,False,False
AAPL,2007-11-15,4.976662539968695,5.072373532785525,4.794512750192816,4.914151191711426,1487410400,2007,11,46,Thursday,4.9394,4.968287467956543,-1.09,0.17,-3.5,-1.09,3.5,3,14.6068,4.9186,4.8689,4.8192,4.7696,4.7199,4.6702,4.6205,4.5708,4.5211,4.4715,4.4218,4.3721,4.3224,4.2727,4.223,4.1734,4.1237,4.074,4.0243,3.9746,3.9249,3.8753,3.8256,3.7759,3.7262,True,True,True,False,False,False,False,False,False,False,False,False,False,False,False,False,False,False,False,False,False,False,False,False,False
AAPL,2007-11-16,4.94406127117708,4.995506210279863,4.76550109729684,4.976663112640381,1383494000,2007,11,46,Friday,4.9204,4.914151191711426,1.27,0.61,-3.02,1.27,3.02,3,14.4476,4.865,4.8159,4.7667,4.7176,4.6684,4.6193,4.5702,4.521,4.4719,4.4227,4.3736,4.3245,4.2753,4.2262,4.177,4.1279,4.0787,4.0296,3.9805,3.9313,3.8822,3.833,3.7839,3.7348,3.6856,True,True,True,False,False,False,False,False,False,False,False,False,False,False,False,False,False,False,False,False,False,False,False,False,False
AAPL,2007-11-19,4.967988671956373,5.030798720458619,4.848350237124708,4.903682708740234,1154428800,2007,11,47,Monday,4.9377,4.976663112640381,-1.47,-0.17,-2.58,-1.47,2.58,2,9.804,4.9269,4.8771,4.8274,4.7776,4.7278,4.6781,4.6283,4.5785,4.5288,4.479,4.4292,4.3795,4.3297,4.2799,4.2302,4.1804,4.1306,4.0809,4.0311,3.9813,3.9316,3.8818,3.832,3.7823,3.7325,True,True,False,False,False,False,False,False,False,False,False,False,False,False,False,False,False,False,False,False,False,False,False,False,False
AAPL,2007-11-20,4.95512945287784,5.13817581003044,4.89112216997069,5.050241470336914,1543642800,2007,11,47,Tuesday,5.0087,4.903682708740234,2.99,1.05,-0.26,2.99,0.26,0,0.0,4.8546,4.8056,4.7566,4.7075,4.6585,4.6095,4.5604,4.5114,4.4624,4.4133,4.3643,4.3152,4.2662,4.2172,4.1681,4.1191,4.0701,4.021,3.972,3.9229,3.8739,3.8249,3.7758,3.7268,3.6778,False,False,False,False,False,False,False,False,False,False,False,False,False,False,False,False,False,False,False,False,False,False,False,False,False
AAPL,2007-11-21,4.96021277647018,5.154924532368539,4.925218506961642,5.038576602935791,1217809600,2007,11,47,Wednesday,5.0197,5.050241470336914,-0.23,-1.78,-2.48,-0.23,2.48,2,9.949,4.9997,4.9492,4.8987,4.8482,4.7977,4.7472,4.6967,4.6462,4.5957,4.5452,4.4947,4.4442,4.3937,4.3432,4.2927,4.2422,4.1917,4.1412,4.0907,4.0402,3.9897,3.9392,3.8887,3.8382,3.7877,True,True,False,False,False,False,False,False,False,False,False,False,False,False,False,False,False,False,False,False,False,False,False,False,False
AAPL,2007-11-23,5.144457584010149,5.145953100111413,5.077160956800225,5.130699634552002,465757600,2007,11,47,Friday,5.1246,5.038576602935791,1.83,2.1,0.77,1.83,-0.77,0,0.0,4.9882,4.9378,4.8874,4.837,4.7866,4.7363,4.6859,4.6355,4.5851,4.5347,4.4843,4.4339,4.3836,4.3332,4.2828,4.2324,4.182,4.1316,4.0812,4.0309,3.9805,3.9301,3.8797,3.8293,3.7789,False,False,False,False,False,False,False,False,False,False,False,False,False,False,False,False,False,False,False,False,False,False,False,False,False
AAPL,2007-11-26,5.192012366329353,5.3020791178720605,5.15492397943442,5.16060733795166,1305754800,2007,11,48,Monday,5.2024,5.130699634552002,0.58,1.2,0.47,0.58,-0.47,0,0.0,5.0794,5.0281,4.9768,4.9255,4.8742,4.8229,4.7716,4.7202,4.6689,4.6176,4.5663,4.515,4.4637,4.4124,4.3611,4.3098,4.2585,4.2072,4.1559,4.1046,4.0533,4.0019,3.9506,3.8993,3.848,False,False,False,False,False,False,False,False,False,False,False,False,False,False,False,False,False,False,False,False,False,False,False,False,False
AAPL,2007-11-27,5.2407641472493935,5.2578126240577125,5.0849354305890015,5.228501319885254,1317030400,2007,11,48,Tuesday,5.203,5.16060733795166,1.32,1.55,-1.47,1.32,1.47,1,5.109,5.109,5.0574,5.0058,4.9542,4.9026,4.851,4.7994,4.7478,4.6962,4.6445,4.5929,4.5413,4.4897,4.4381,4.3865,4.3349,4.2833,4.2317,4.1801,4.1285,4.0769,4.0253,3.9737,3.9221,3.8705,True,False,False,False,False,False,False,False,False,False,False,False,False,False,False,False,False,False,False,False,False,False,False,False,False
AAPL,2007-11-28,5.288621961113084,5.401680179155691,5.244654587908878,5.390315055847168,1150912000,2007,11,48,Wednesday,5.3313,5.228501319885254,3.09,1.15,0.31,3.09,-0.31,0,0.0,5.1762,5.1239,5.0716,5.0194,4.9671,4.9148,4.8625,4.8102,4.7579,4.7057,4.6534,4.6011,4.5488,4.4965,4.4442,4.3919,4.3397,4.2874,4.2351,4.1828,4.1305,4.0782,4.0259,3.9737,3.9214,False,False,False,False,False,False,False,False,False,False,False,False,False,False,False,False,False,False,False,False,False,False,False,False,False
AAPL,2007-11-29,5.366683139872304,5.538364300705886,5.358308254301631,5.512044429779053,1050926800,2007,11,48,Thursday,5.4439,5.390315055847168,2.26,-0.44,-0.59,2.26,0.59,0,0.0,5.3364,5.2825,5.2286,5.1747,5.1208,5.0669,5.013,4.9591,4.9052,4.8513,4.7974,4.7435,4.6896,4.6357,4.5818,4.5279,4.474,4.4201,4.3662,4.3123,4.2583,4.2044,4.1505,4.0966,4.0427,False,False,False,False,False,False,False,False,False,False,False,False,False,False,False,False,False,False,False,False,False,False,False,False,False
AAPL,2007-11-30,5.603269582107939,5.614036895703202,5.374760376155011,5.450132369995117,1187802000,2007,11,48,Friday,5.5105,5.512044429779053,-1.12,1.66,-2.49,-1.12,2.49,2,10.8587,5.4569,5.4018,5.3467,5.2916,5.2364,5.1813,5.1262,5.0711,5.016,4.9608,4.9057,4.8506,4.7955,4.7404,4.6852,4.6301,4.575,4.5199,4.4648,4.4096,4.3545,4.2994,4.2443,4.1892,4.134,True,True,False,False,False,False,False,False,False,False,False,False,False,False,False,False,False,False,False,False,False,False,False,False,False
AAPL,2007-12-03,5.439364536889716,5.5075588476019615,5.314940838475609,5.349635601043701,961469600,2007,12,49,Monday,5.4029,5.450132369995117,-1.84,-0.2,-2.48,-1.84,2.48,2,10.7368,5.3956,5.3411,5.2866,5.2321,5.1776,5.1231,5.0686,5.0141,4.9596,4.9051,4.8506,4.7961,4.7416,4.6871,4.6326,4.5781,4.5236,4.4691,4.4146,4.3601,4.3056,4.2511,4.1966,4.1421,4.0876,True,True,False,False,False,False,False,False,False,False,False,False,False,False,False,False,False,False,False,False,False,False,False,False,False
AAPL,2007-12-04,5.298492771388022,5.410653289023035,5.293706720325221,5.378052234649658,773799600,2007,12,49,Tuesday,5.3452,5.349635601043701,0.53,-0.96,-1.05,0.53,1.05,1,5.2961,5.2961,5.2426,5.1891,5.1357,5.0822,5.0287,4.9752,4.9217,4.8682,4.8147,4.7612,4.7077,4.6542,4.6007,4.5472,4.4937,4.4402,4.3867,4.3332,4.2797,4.2262,4.1727,4.1192,4.0657,4.0122,True,False,False,False,False,False,False,False,False,False,False,False,False,False,False,False,False,False,False,False,False,False,False,False,False
AAPL,2007-12-05,5.470171035267962,5.563189693685003,5.455814487296009,5.548234939575195,892402000,2007,12,49,Wednesday,5.5094,5.378052234649658,3.16,1.71,1.45,3.16,-1.45,0,0.0,5.3243,5.2705,5.2167,5.1629,5.1091,5.0554,5.0016,4.9478,4.894,4.8402,4.7865,4.7327,4.6789,4.6251,4.5713,4.5176,4.4638,4.41,4.3562,4.3024,4.2487,4.1949,4.1411,4.0873,4.0335,False,False,False,False,False,False,False,False,False,False,False,False,False,False,False,False,False,False,False,False,False,False,False,False,False
AAPL,2007-12-06,5.568873640840772,5.685820565537841,5.566779918986508,5.681334018707275,899810800,2007,12,49,Thursday,5.6257,5.548234939575195,2.4,0.37,0.33,2.4,-0.33,0,0.0,5.4928,5.4373,5.3818,5.3263,5.2708,5.2153,5.1599,5.1044,5.0489,4.9934,4.9379,4.8824,4.827,4.7715,4.716,4.6605,4.605,4.5496,4.4941,4.4386,4.3831,4.3276,4.2721,4.2167,4.1612,False,False,False,False,False,False,False,False,False,False,False,False,False,False,False,False,False,False,False,False,False,False,False,False,False
AAPL,2007-12-07,5.698982040553508,5.832080574391986,5.624207834608937,5.811442852020264,1066066400,2007,12,49,Friday,5.7417,5.681334018707275,2.29,0.31,-1.01,2.29,1.01,1,5.6245,5.6245,5.5677,5.5109,5.4541,5.3973,5.3405,5.2836,5.2268,5.17,5.1132,5.0564,4.9996,4.9428,4.8859,4.8291,4.7723,4.7155,4.6587,4.6019,4.5451,4.4883,4.4314,4.3746,4.3178,4.261,True,False,False,False,False,False,False,False,False,False,False,False,False,False,False,False,False,False,False,False,False,False,False,False,False
AAPL,2007-12-10,5.790205525347034,5.852117878841812,5.763286641997599,5.808748722076416,722377600,2007,12,50,Monday,5.8036,5.811442852020264,-0.05,-0.37,-0.83,-0.05,0.83,0,0.0,5.7533,5.6952,5.6371,5.579,5.5209,5.4628,5.4046,5.3465,5.2884,5.2303,5.1722,5.1141,5.056,4.9978,4.9397,4.8816,4.8235,4.7654,4.7073,4.6492,4.591,4.5329,4.4748,4.4167,4.3586,False,False,False,False,False,False,False,False,False,False,False,False,False,False,False,False,False,False,False,False,False,False,False,False,False
AAPL,2007-12-11,5.824900162987967,5.887112416922407,5.604765447484214,5.639161109924316,1110925200,2007,12,50,Tuesday,5.739,5.808748722076416,-2.92,0.28,-3.51,-2.92,3.51,3,17.0777,5.7507,5.6926,5.6345,5.5764,5.5183,5.4602,5.4021,5.344,5.286,5.2279,5.1698,5.1117,5.0536,4.9955,4.9374,4.8793,4.8213,4.7632,4.7051,4.647,4.5889,4.5308,4.4727,4.4146,4.3566,True,True,True,False,False,False,False,False,False,False,False,False,False,False,False,False,False,False,False,False,False,False,False,False,False
AAPL,2007-12-12,5.785718658773523,5.816824988672792,5.556013417542793,5.708552837371826,1225660800,2007,12,50,Wednesday,5.7168,5.639161109924316,1.23,2.6,-1.47,1.23,1.47,1,5.5828,5.5828,5.5264,5.47,5.4136,5.3572,5.3008,5.2444,5.188,5.1316,5.0752,5.0189,4.9625,4.9061,4.8497,4.7933,4.7369,4.6805,4.6241,4.5677,4.5113,4.4549,4.3985,4.3422,4.2858,4.2294,True,False,False,False,False,False,False,False,False,False,False,False,False,False,False,False,False,False,False,False,False,False,False,False,False
AAPL,2007-12-13,5.688513711971663,5.746239832267591,5.617627849236996,5.737565040588379,864617600,2007,12,50,Thursday,5.6975,5.708552837371826,0.51,-0.35,-1.59,0.51,1.59,1,5.6515,5.6515,5.5944,5.5373,5.4802,5.4231,5.366,5.309,5.2519,5.1948,5.1377,5.0806,5.0235,4.9664,4.9094,4.8523,4.7952,4.7381,4.681,4.6239,4.5668,4.5098,4.4527,4.3956,4.3385,4.2814,True,False,False,False,False,False,False,False,False,False,False,False,False,False,False,False,False,False,False,False,False,False,False,False,False
AAPL,2007-12-14,5.693897870880838,5.778541681009288,5.669072704456613,5.694495677947998,674312800,2007,12,50,Friday,5.709,5.737565040588379,-0.75,-0.76,-1.19,-0.75,1.19,1,5.6802,5.6802,5.6228,5.5654,5.5081,5.4507,5.3933,5.3359,5.2786,5.2212,5.1638,5.1064,5.0491,4.9917,4.9343,4.8769,4.8196,4.7622,4.7048,4.6474,4.5901,4.5327,4.4753,4.4179,4.3605,4.3032,True,False,False,False,False,False,False,False,False,False,False,False,False,False,False,False,False,False,False,False,False,False,False,False,False
AAPL,2007-12-17,5.704363679253599,5.762088576213519,5.472862690569783,5.515334129333496,1024693600,2007,12,51,Monday,5.6137,5.694495677947998,-3.15,0.17,-3.89,-3.15,3.89,3,16.7418,5.6376,5.5806,5.5237,5.4667,5.4098,5.3528,5.2959,5.2389,5.182,5.125,5.0681,5.0112,4.9542,4.8973,4.8403,4.7834,4.7264,4.6695,4.6125,4.5556,4.4987,4.4417,4.3848,4.3278,4.2709,True,True,True,False,False,False,False,False,False,False,False,False,False,False,False,False,False,False,False,False,False,False,False,False,False
AAPL,2007-12-18,5.578743699305399,5.602970252020913,5.341858833321716,5.47286319732666,1222603200,2007,12,51,Tuesday,5.4991,5.515334129333496,-0.77,1.15,-3.15,-0.77,3.15,3,16.2151,5.4602,5.405,5.3499,5.2947,5.2396,5.1844,5.1293,5.0741,5.019,4.9638,4.9086,4.8535,4.7983,4.7432,4.688,4.6329,4.5777,4.5226,4.4674,4.4123,4.3571,4.302,4.2468,4.1917,4.1365,True,True,True,False,False,False,False,False,False,False,False,False,False,False,False,False,False,False,False,False,False,False,False,False,False
AAPL,2007-12-19,5.472863337692705,5.522513655484577,5.4106510885655466,5.47705078125,827478400,2007,12,51,Wednesday,5.4708,5.47286319732666,0.08,0.0,-1.14,0.08,1.14,1,5.4181,5.4181,5.3634,5.3087,5.2539,5.1992,5.1445,5.0898,5.035,4.9803,4.9256,4.8708,4.8161,4.7614,4.7067,4.6519,4.5972,4.5425,4.4877,4.433,4.3783,4.3236,4.2688,4.2141,4.1594,4.1046,True,False,False,False,False,False,False,False,False,False,False,False,False,False,False,False,False,False,False,False,False,False,False,False,False
AAPL,2007-12-20,5.546143156148832,5.617925921092522,5.483333087071848,5.599381923675537,774057200,2007,12,51,Thursday,5.5617,5.47705078125,2.23,1.26,0.11,2.23,-0.11,0,0.0,5.4223,5.3675,5.3127,5.258,5.2032,5.1484,5.0937,5.0389,4.9841,4.9293,4.8746,4.8198,4.765,4.7103,4.6555,4.6007,4.546,4.4912,4.4364,4.3816,4.3269,4.2721,4.2173,4.1626,4.1078,False,False,False,False,False,False,False,False,False,False,False,False,False,False,False,False,False,False,False,False,False,False,False,False,False
AAPL,2007-12-21,5.686420183777535,5.799777507781982,5.679541209116075,5.799777507781982,993960800,2007,12,51,Friday,5.7414,5.599381923675537,3.58,1.55,1.43,3.58,-1.43,0,0.0,5.5434,5.4874,5.4314,5.3754,5.3194,5.2634,5.2074,5.1514,5.0954,5.0394,4.9834,4.9275,4.8715,4.8155,4.7595,4.7035,4.6475,4.5915,4.5355,4.4795,4.4235,4.3675,4.3115,4.2555,4.1995,False,False,False,False,False,False,False,False,False,False,False,False,False,False,False,False,False,False,False,False,False,False,False,False,False
AAPL,2007-12-24,5.833272601272431,5.961884507820709,5.826094927243981,5.9460320472717285,480202800,2007,12,52,Monday,5.8918,5.799777507781982,2.52,0.58,0.45,2.52,-0.45,0,0.0,5.7418,5.6838,5.6258,5.5678,5.5098,5.4518,5.3938,5.3358,5.2778,5.2198,5.1618,5.1038,5.0458,4.9878,4.9298,4.8718,4.8138,4.7558,4.6978,4.6398,4.5818,4.5238,4.4658,4.4078,4.3498,False,False,False,False,False,False,False,False,False,False,False,False,False,False,False,False,False,False,False,False,False,False,False,False,False
AAPL,2007-12-26,5.952317042120998,6.010640972351076,5.886815033905782,5.950522422790527,703732400,2007,12,52,Wednesday,5.9501,5.9460320472717285,0.08,0.11,-1.0,0.08,1.0,0,0.0,5.8866,5.8271,5.7677,5.7082,5.6487,5.5893,5.5298,5.4703,5.4109,5.3514,5.292,5.2325,5.173,5.1136,5.0541,4.9947,4.9352,4.8757,4.8163,4.7568,4.6974,4.6379,4.5784,4.519,4.4595,False,False,False,False,False,False,False,False,False,False,False,False,False,False,False,False,False,False,False,False,False,False,False,False,False
AAPL,2007-12-27,5.950520143675417,6.070457294964022,5.916124484358874,5.939154624938965,795527600,2007,12,52,Thursday,5.9691,5.950522422790527,-0.19,-0.0,-0.58,-0.19,0.58,0,0.0,5.891,5.8315,5.772,5.7125,5.653,5.5935,5.534,5.4745,5.415,5.3555,5.296,5.2365,5.177,5.1174,5.0579,4.9984,4.9389,4.8794,4.8199,4.7604,4.7009,4.6414,4.5819,4.5224,4.4629,False,False,False,False,False,False,False,False,False,False,False,False,False,False,False,False,False,False,False,False,False,False,False,False,False
AAPL,2007-12-28,5.999573367601265,6.028585176370645,5.888608490269208,5.976841926574707,699647200,2007,12,52,Friday,5.9734,5.939154624938965,0.63,1.02,-0.85,0.63,0.85,0,0.0,5.8798,5.8204,5.761,5.7016,5.6422,5.5828,5.5234,5.464,5.4046,5.3452,5.2858,5.2265,5.1671,5.1077,5.0483,4.9889,4.9295,4.8701,4.8107,4.7513,4.6919,4.6325,4.5731,4.5138,4.4544,False,False,False,False,False,False,False,False,False,False,False,False,False,False,False,False,False,False,False,False,False,False,False,False,False
AAPL,2007-12-31,5.966971439053757,5.996880956231021,5.914629584325216,5.924499988555908,539333200,2007,12,52,Monday,5.9507,5.976841926574707,-0.88,-0.17,-1.04,-0.88,1.04,1,5.9171,5.9171,5.8573,5.7975,5.7378,5.678,5.6182,5.5585,5.4987,5.4389,5.3792,5.3194,5.2596,5.1999,5.1401,5.0803,5.0205,4.9608,4.901,4.8412,4.7815,4.7217,4.6619,4.6022,4.5424,4.4826,True,False,False,False,False,False,False,False,False,False,False,False,False,False,False,False,False,False,False,False,False,False,False,False,False
