Symbol,Date,Open,High,Low,Close,Volume,Year,Month,Week,Weekday,avg_daily_price,Previous_Close,Daily_Gain_Loss_Pct,Open_vs_PrevClose_Pct,Low_vs_PrevClose_Pct,Close_vs_PrevClose_Pct,mx_percent_decline,BOD99-1,BOD98-2,BOD97-3,BOD96-4,BOD95-5,BOD94-6,BOD93-7,BOD92-8,BOD91-9,BOD90-10,BOD89-11,BOD88-12,BOD87-13,BOD86-14,BOD85-15,BOD84-16,BOD82-18,BOD81-19,BOD80-20,BOD79-21,BOD78-22,BOD77-23,BOD76-24,BOD75-25,Shares_Purchased,Total_Value_Purchased,BOD99-1_Executed,BOD98-2_Executed,BOD97-3_Executed,BOD96-4_Executed,BOD95-5_Executed,BOD94-6_Executed,BOD93-7_Executed,BOD92-8_Executed,BOD91-9_Executed,BOD90-10_Executed,BOD89-11_Executed,BOD88-12_Executed,BOD87-13_Executed,BOD86-14_Executed,BOD85-15_Executed,BOD84-16_Executed,BOD82-18_Executed,BOD81-19_Executed,BOD80-20_Executed,BOD79-21_Executed,BOD78-22_Executed,BOD77-23_Executed,BOD76-24_Executed,BOD75-25_Executed
AAPL,2019-01-02 05:00:00+00:00,36.8542616564938,37.79649888400641,36.69722151346666,37.57521438598633,148158800,2019,1,1,Wednesday,37.2308,37.53238677978516,0.11,-1.81,-2.23,0.11,2.23,37.1571,36.7817,36.4064,36.0311,35.6558,35.2804,34.9051,34.5298,34.1545,33.7791,33.4038,33.0285,32.6532,32.2779,31.9025,31.5272,30.7766,30.4012,30.0259,29.6506,29.2753,28.8999,28.5246,28.1493,2,73.9388,True,True,False,False,False,False,False,False,False,False,False,False,False,False,False,False,False,False,False,False,False,False,False,False
AAPL,2019-01-03 05:00:00+00:00,34.25833955552798,34.672353312870364,33.787222956240896,33.83243179321289,365248800,2019,1,1,Thursday,34.1376,37.57521438598633,-9.96,-8.83,-10.08,-9.96,10.08,37.1995,36.8237,36.448,36.0722,35.6965,35.3207,34.9449,34.5692,34.1934,33.8177,33.4419,33.0662,32.6904,32.3147,31.9389,31.5632,30.8117,30.4359,30.0602,29.6844,29.3087,28.9329,28.5572,28.1814,10,355.0858,True,True,True,True,True,True,True,True,True,True,False,False,False,False,False,False,False,False,False,False,False,False,False,False
AAPL,2019-01-04 05:00:00+00:00,34.38922449696078,35.34573754319353,34.2155305429845,35.2767333984375,234428400,2019,1,1,Friday,34.8068,33.83243179321289,4.27,1.65,1.13,4.27,-1.13,33.4941,33.1558,32.8175,32.4791,32.1408,31.8025,31.4642,31.1258,30.7875,30.4492,30.1109,29.7725,29.4342,29.0959,28.7576,28.4192,27.7426,27.4043,27.0659,26.7276,26.3893,26.051,25.7126,25.3743,0,0.0,False,False,False,False,False,False,False,False,False,False,False,False,False,False,False,False,False,False,False,False,False,False,False,False
AAPL,2019-01-07 05:00:00+00:00,35.38142134656096,35.41235448462619,34.715193439506045,35.19820785522461,219111200,2019,1,1,Monday,35.1768,35.2767333984375,-0.22,0.3,-1.59,-0.22,1.59,34.924,34.5712,34.2184,33.8657,33.5129,33.1601,32.8074,32.4546,32.1018,31.7491,31.3963,31.0435,30.6908,30.338,29.9852,29.6325,28.9269,28.5742,28.2214,27.8686,27.5159,27.1631,26.8103,26.4576,1,34.924,True,False,False,False,False,False,False,False,False,False,False,False,False,False,False,False,False,False,False,False,False,False,False,False
AAPL,2019-01-08 05:00:00+00:00,35.58604690991342,36.12378972115468,35.33859270778415,35.86919403076172,164101200,2019,1,1,Tuesday,35.7294,35.19820785522461,1.91,1.1,0.4,1.91,-0.4,34.8462,34.4942,34.1423,33.7903,33.4383,33.0863,32.7343,32.3824,32.0304,31.6784,31.3264,30.9744,30.6224,30.2705,29.9185,29.5665,28.8625,28.5105,28.1586,27.8066,27.4546,27.1026,26.7506,26.3987,0,0.0,False,False,False,False,False,False,False,False,False,False,False,False,False,False,False,False,False,False,False,False,False,False,False,False
AAPL,2019-01-09 05:00:00+00:00,35.99768468121847,36.7686060989209,35.60270985294818,36.47832107543945,180396400,2019,1,1,Wednesday,36.2118,35.86919403076172,1.7,0.36,-0.74,1.7,0.74,35.5105,35.1518,34.7931,34.4344,34.0757,33.717,33.3584,32.9997,32.641,32.2823,31.9236,31.5649,31.2062,30.8475,30.4888,30.1301,29.4127,29.054,28.6954,28.3367,27.978,27.6193,27.2606,26.9019,0,0.0,False,False,False,False,False,False,False,False,False,False,False,False,False,False,False,False,False,False,False,False,False,False,False,False
AAPL,2019-01-10 05:00:00+00:00,36.28558916534723,36.63535874152424,35.89537051561475,36.59490966796875,143122800,2019,1,1,Thursday,36.3528,36.47832107543945,0.32,-0.53,-1.6,0.32,1.6,36.1135,35.7488,35.384,35.0192,34.6544,34.2896,33.9248,33.5601,33.1953,32.8305,32.4657,32.1009,31.7361,31.3714,31.0066,30.6418,29.9122,29.5474,29.1827,28.8179,28.4531,28.0883,27.7235,27.3587,1,36.1135,True,False,False,False,False,False,False,False,False,False,False,False,False,False,False,False,False,False,False,False,False,False,False,False
AAPL,2019-01-11 05:00:00+00:00,36.375989616066754,36.57109703302551,36.05001184514355,36.23560333251953,108092800,2019,1,1,Friday,36.3082,36.59490966796875,-0.98,-0.6,-1.49,-0.98,1.49,36.229,35.863,35.4971,35.1311,34.7652,34.3992,34.0333,33.6673,33.3014,32.9354,32.5695,32.2035,31.8376,31.4716,31.1057,30.7397,30.0078,29.6419,29.2759,28.91,28.544,28.1781,27.8121,27.4462,1,36.229,True,False,False,False,False,False,False,False,False,False,False,False,False,False,False,False,False,False,False,False,False,False,False,False
AAPL,2019-01-14 05:00:00+00:00,35.89298381309956,35.992917435038834,35.505143332444135,35.69073486328125,129756800,2019,1,2,Monday,35.7704,36.23560333251953,-1.5,-0.95,-2.02,-1.5,2.02,35.8732,35.5109,35.1485,34.7862,34.4238,34.0615,33.6991,33.3368,32.9744,32.612,32.2497,31.8873,31.525,31.1626,30.8003,30.4379,29.7132,29.3508,28.9885,28.6261,28.2638,27.9014,27.5391,27.1767,2,71.3841,True,True,False,False,False,False,False,False,False,False,False,False,False,False,False,False,False,False,False,False,False,False,False,False
AAPL,2019-01-15 05:00:00+00:00,35.75497589794655,36.497341952681495,35.70262920119996,36.42120361328125,114843600,2019,1,2,Tuesday,36.094,35.69073486328125,2.05,0.18,0.03,2.05,-0.03,35.3338,34.9769,34.62,34.2631,33.9062,33.5493,33.1924,32.8355,32.4786,32.1217,31.7648,31.4078,31.0509,30.694,30.3371,29.9802,29.2664,28.9095,28.5526,28.1957,27.8388,27.4819,27.125,26.7681,0,0.0,False,False,False,False,False,False,False,False,False,False,False,False,False,False,False,False,False,False,False,False,False,False,False,False
AAPL,2019-01-16 05:00:00+00:00,36.42358464973506,37.08981241923674,36.4045491556751,36.86614990234375,122278800,2019,1,2,Wednesday,36.696,36.42120361328125,1.22,0.01,-0.05,1.22,0.05,36.057,35.6928,35.3286,34.9644,34.6001,34.2359,33.8717,33.5075,33.1433,32.7791,32.4149,32.0507,31.6864,31.3222,30.958,30.5938,29.8654,29.5012,29.137,28.7728,28.4085,28.0443,27.6801,27.3159,0,0.0,False,False,False,False,False,False,False,False,False,False,False,False,False,False,False,False,False,False,False,False,False,False,False,False
AAPL,2019-01-17 05:00:00+00:00,36.69008170716224,37.513349745758426,36.46641914514738,37.085060119628906,119284800,2019,1,2,Thursday,36.9387,36.86614990234375,0.59,-0.48,-1.08,0.59,1.08,36.4975,36.1288,35.7602,35.3915,35.0228,34.6542,34.2855,33.9169,33.5482,33.1795,32.8109,32.4422,32.0736,31.7049,31.3362,30.9676,30.2302,29.8616,29.4929,29.1243,28.7556,28.3869,28.0183,27.6496,1,36.4975,True,False,False,False,False,False,False,False,False,False,False,False,False,False,False,False,False,False,False,False,False,False,False,False
AAPL,2019-01-18 05:00:00+00:00,37.475280485564575,37.56569819711557,37.11361327001073,37.31348419189453,135004000,2019,1,2,Friday,37.367,37.085060119628906,0.62,1.05,0.08,0.62,-0.08,36.7142,36.3434,35.9725,35.6017,35.2308,34.86,34.4891,34.1183,33.7474,33.3766,33.0057,32.6349,32.264,31.8932,31.5223,31.1515,30.4097,30.0389,29.668,29.2972,28.9263,28.5555,28.1846,27.8138,0,0.0,False,False,False,False,False,False,False,False,False,False,False,False,False,False,False,False,False,False,False,False,False,False,False,False
AAPL,2019-01-22 05:00:00+00:00,37.21593282601693,37.2920711990945,36.31414457644596,36.47594451904297,121576000,2019,1,3,Tuesday,36.8245,37.31348419189453,-2.24,-0.26,-2.68,-2.24,2.68,36.9403,36.5672,36.1941,35.8209,35.4478,35.0747,34.7015,34.3284,33.9553,33.5821,33.209,32.8359,32.4627,32.0896,31.7165,31.3433,30.5971,30.2239,29.8508,29.4777,29.1045,28.7314,28.3582,27.9851,2,73.5076,True,True,False,False,False,False,False,False,False,False,False,False,False,False,False,False,False,False,False,False,False,False,False,False
AAPL,2019-01-23 05:00:00+00:00,36.67817600819282,36.91373615846914,36.095228081853584,36.62345123291016,92522400,2019,1,3,Wednesday,36.5776,36.47594451904297,0.4,0.55,-1.04,0.4,1.04,36.1112,35.7464,35.3817,35.0169,34.6521,34.2874,33.9226,33.5579,33.1931,32.8284,32.4636,32.0988,31.7341,31.3693,31.0046,30.6398,29.9103,29.5455,29.1808,28.816,28.4512,28.0865,27.7217,27.357,1,36.1112,True,False,False,False,False,False,False,False,False,False,False,False,False,False,False,False,False,False,False,False,False,False,False,False
AAPL,2019-01-24 05:00:00+00:00,36.66866566491867,36.756701659961614,36.10475314635756,36.33317184448242,101766000,2019,1,3,Thursday,36.4658,36.62345123291016,-0.79,0.12,-1.42,-0.79,1.42,36.2572,35.891,35.5247,35.1585,34.7923,34.426,34.0598,33.6936,33.3273,32.9611,32.5949,32.2286,31.8624,31.4962,31.1299,30.7637,30.0312,29.665,29.2988,28.9325,28.5663,28.2001,27.8338,27.4676,1,36.2572,True,False,False,False,False,False,False,False,False,False,False,False,False,False,False,False,False,False,False,False,False,False,False,False
AAPL,2019-01-25 05:00:00+00:00,36.99463717184698,37.62517569702941,36.71863156801621,37.53713607788086,134142000,2019,1,3,Friday,37.2189,36.33317184448242,3.31,1.82,1.06,3.31,-1.06,35.9698,35.6065,35.2432,34.8798,34.5165,34.1532,33.7898,33.4265,33.0632,32.6999,32.3365,31.9732,31.6099,31.2465,30.8832,30.5199,29.7932,29.4299,29.0665,28.7032,28.3399,27.9765,27.6132,27.2499,0,0.0,False,False,False,False,False,False,False,False,False,False,False,False,False,False,False,False,False,False,False,False,False,False,False,False
AAPL,2019-01-28 05:00:00+00:00,37.06839223097384,37.196880897858094,36.56158631124964,37.18974304199219,104768400,2019,1,4,Monday,37.0042,37.53713607788086,-0.93,-1.25,-2.6,-0.93,2.6,37.1618,36.7864,36.411,36.0357,35.6603,35.2849,34.9095,34.5342,34.1588,33.7834,33.4081,33.0327,32.6573,32.2819,31.9066,31.5312,30.7805,30.4051,30.0297,29.6543,29.279,28.9036,28.5282,28.1529,2,73.9482,True,True,False,False,False,False,False,False,False,False,False,False,False,False,False,False,False,False,False,False,False,False,False,False
AAPL,2019-01-29 05:00:00+00:00,37.1778556073389,37.62518072781439,36.66866784216678,36.804290771484375,166348800,2019,1,4,Tuesday,37.069,37.18974304199219,-1.04,-0.03,-1.4,-1.04,1.4,36.8178,36.4459,36.0741,35.7022,35.3303,34.9584,34.5865,34.2146,33.8427,33.4708,33.0989,32.727,32.3551,31.9832,31.6113,31.2394,30.4956,30.1237,29.7518,29.3799,29.008,28.6361,28.2642,27.8923,1,36.8178,True,False,False,False,False,False,False,False,False,False,False,False,False,False,False,False,False,False,False,False,False,False,False,False
AAPL,2019-01-30 05:00:00+00:00,38.84341749805906,39.53343693856728,38.124843000043,39.31929397583008,244439200,2019,1,4,Wednesday,38.9552,36.804290771484375,6.83,5.54,3.59,6.83,-3.59,36.4362,36.0682,35.7002,35.3321,34.9641,34.596,34.228,33.8599,33.4919,33.1239,32.7558,32.3878,32.0197,31.6517,31.2836,30.9156,30.1795,29.8115,29.4434,29.0754,28.7073,28.3393,27.9713,27.6032,0,0.0,False,False,False,False,False,False,False,False,False,False,False,False,False,False,False,False,False,False,False,False,False,False,False,False
AAPL,2019-01-31 05:00:00+00:00,39.523919828201805,40.21156117285484,39.15511484279429,39.60243988037109,162958400,2019,1,4,Thursday,39.6233,39.31929397583008,0.72,0.52,-0.42,0.72,0.42,38.9261,38.5329,38.1397,37.7465,37.3533,36.9601,36.5669,36.1738,35.7806,35.3874,34.9942,34.601,34.2078,33.8146,33.4214,33.0282,32.2418,31.8486,31.4554,31.0622,30.669,30.2759,29.8827,29.4895,0,0.0,False,False,False,False,False,False,False,False,False,False,False,False,False,False,False,False,False,False,False,False,False,False,False,False
AAPL,2019-02-01 05:00:00+00:00,39.72617244698673,40.206805105535146,39.4810927054056,39.62147903442383,130672400,2019,2,4,Friday,39.7589,39.60243988037109,0.05,0.31,-0.31,0.05,0.31,39.2064,38.8104,38.4144,38.0183,37.6223,37.2263,36.8303,36.4342,36.0382,35.6422,35.2462,34.8501,34.4541,34.0581,33.6621,33.266,32.474,32.078,31.682,31.2859,30.8899,30.4939,30.0979,29.7018,0,0.0,False,False,False,False,False,False,False,False,False,False,False,False,False,False,False,False,False,False,False,False,False,False,False,False
AAPL,2019-02-04 05:00:00+00:00,39.83324334442914,40.844480907959166,39.80231021008978,40.74692535400391,125982000,2019,2,5,Monday,40.3067,39.62147903442383,2.84,0.53,0.46,2.84,-0.46,39.2253,38.829,38.4328,38.0366,37.6404,37.2442,36.848,36.4518,36.0555,35.6593,35.2631,34.8669,34.4707,34.0745,33.6783,33.282,32.4896,32.0934,31.6972,31.301,30.9048,30.5085,30.1123,29.7161,0,0.0,False,False,False,False,False,False,False,False,False,False,False,False,False,False,False,False,False,False,False,False,False,False,False,False
AAPL,2019-02-05 05:00:00+00:00,41.13000376807158,41.65822694434279,41.00865657430904,41.4440803527832,144406400,2019,2,5,Tuesday,41.3102,40.74692535400391,1.71,0.94,0.64,1.71,-0.64,40.3395,39.932,39.5245,39.117,38.7096,38.3021,37.8946,37.4872,37.0797,36.6722,36.2648,35.8573,35.4498,35.0424,34.6349,34.2274,33.4125,33.005,32.5975,32.1901,31.7826,31.3751,30.9677,30.5602,0,0.0,False,False,False,False,False,False,False,False,False,False,False,False,False,False,False,False,False,False,False,False,False,False,False,False
AAPL,2019-02-06 05:00:00+00:00,41.55591832761903,41.77482473586032,41.127632336612045,41.45836639404297,112958400,2019,2,5,Wednesday,41.4792,41.4440803527832,0.03,0.27,-0.76,0.03,0.76,41.0296,40.6152,40.2008,39.7863,39.3719,38.9574,38.543,38.1286,37.7141,37.2997,36.8852,36.4708,36.0563,35.6419,35.2275,34.813,33.9841,33.5697,33.1553,32.7408,32.3264,31.9119,31.4975,31.0831,0,0.0,False,False,False,False,False,False,False,False,False,False,False,False,False,False,False,False,False,False,False,False,False,False,False,False
AAPL,2019-02-07 05:00:00+00:00,41.02055986836159,41.3869868692389,40.530407570376525,40.67317199707031,126966800,2019,2,5,Thursday,40.9028,41.45836639404297,-1.89,-1.06,-2.24,-1.89,2.24,41.0438,40.6292,40.2146,39.8,39.3854,38.9709,38.5563,38.1417,37.7271,37.3125,36.8979,36.4834,36.0688,35.6542,35.2396,34.825,33.9959,33.5813,33.1667,32.7521,32.3375,31.9229,31.5084,31.0938,2,81.673,True,True,False,False,False,False,False,False,False,False,False,False,False,False,False,False,False,False,False,False,False,False,False,False
AAPL,2019-02-08 05:00:00+00:00,40.38163017938253,40.78069075259095,40.24542197642421,40.720951080322266,95280000,2019,2,5,Friday,40.5322,40.67317199707031,0.12,-0.72,-1.05,0.12,1.05,40.2664,39.8597,39.453,39.0462,38.6395,38.2328,37.826,37.4193,37.0126,36.6059,36.1991,35.7924,35.3857,34.9789,34.5722,34.1655,33.352,32.9453,32.5385,32.1318,31.7251,31.3183,30.9116,30.5049,1,40.2664,True,False,False,False,False,False,False,False,False,False,False,False,False,False,False,False,False,False,False,False,False,False,False,False
AAPL,2019-02-11 05:00:00+00:00,40.87389005294555,40.91212432348893,40.44376362488432,40.48677444458008,83973600,2019,2,6,Monday,40.6791,40.720951080322266,-0.58,0.38,-0.68,-0.58,0.68,40.3137,39.9065,39.4993,39.0921,38.6849,38.2777,37.8705,37.4633,37.0561,36.6489,36.2416,35.8344,35.4272,35.02,34.6128,34.2056,33.3912,32.984,32.5768,32.1696,31.7623,31.3551,30.9479,30.5407,0,0.0,False,False,False,False,False,False,False,False,False,False,False,False,False,False,False,False,False,False,False,False,False,False,False,False
AAPL,2019-02-12 05:00:00+00:00,40.64687183521285,40.86193318295091,40.55128617804705,40.83564758300781,89134000,2019,2,6,Tuesday,40.7239,40.48677444458008,0.86,0.4,0.16,0.86,-0.16,40.0819,39.677,39.2722,38.8673,38.4624,38.0576,37.6527,37.2478,36.843,36.4381,36.0332,35.6284,35.2235,34.8186,34.4138,34.0089,33.1992,32.7943,32.3894,31.9846,31.5797,31.1748,30.7699,30.3651,0,0.0,False,False,False,False,False,False,False,False,False,False,False,False,False,False,False,False,False,False,False,False,False,False,False,False
AAPL,2019-02-13 05:00:00+00:00,40.95513438892217,41.21559851553818,40.60386478299316,40.665992736816406,89960800,2019,2,6,Wednesday,40.8601,40.83564758300781,-0.42,0.29,-0.57,-0.42,0.57,40.4273,40.0189,39.6106,39.2022,38.7939,38.3855,37.9772,37.5688,37.1604,36.7521,36.3437,35.9354,35.527,35.1187,34.7103,34.3019,33.4852,33.0769,32.6685,32.2602,31.8518,31.4434,31.0351,30.6267,0,0.0,False,False,False,False,False,False,False,False,False,False,False,False,False,False,False,False,False,False,False,False,False,False,False,False
AAPL,2019-02-14 05:00:00+00:00,40.553687623623816,40.92407073769949,40.474830805272624,40.814151763916016,87342800,2019,2,6,Thursday,40.6917,40.665992736816406,0.36,-0.28,-0.47,0.36,0.47,40.2593,39.8527,39.446,39.0394,38.6327,38.226,37.8194,37.4127,37.0061,36.5994,36.1927,35.7861,35.3794,34.9728,34.5661,34.1594,33.3461,32.9395,32.5328,32.1261,31.7195,31.3128,30.9062,30.4995,0,0.0,False,False,False,False,False,False,False,False,False,False,False,False,False,False,False,False,False,False,False,False,False,False,False,False
AAPL,2019-02-15 05:00:00+00:00,40.92169056206012,41.02922128246794,40.56325239655303,40.72335433959961,98507200,2019,2,6,Friday,40.8094,40.814151763916016,-0.22,0.26,-0.61,-0.22,0.61,40.406,39.9979,39.5897,39.1816,38.7734,38.3653,37.9572,37.549,37.1409,36.7327,36.3246,35.9165,35.5083,35.1002,34.692,34.2839,33.4676,33.0595,32.6513,32.2432,31.835,31.4269,31.0188,30.6106,0,0.0,False,False,False,False,False,False,False,False,False,False,False,False,False,False,False,False,False,False,False,False,False,False,False,False
AAPL,2019-02-19 05:00:00+00:00,40.55369232889822,40.96708995832154,40.50112111056447,40.84521865844727,75891200,2019,2,7,Tuesday,40.7168,40.72335433959961,0.3,-0.42,-0.55,0.3,0.55,40.3161,39.9089,39.5017,39.0944,38.6872,38.28,37.8727,37.4655,37.0583,36.651,36.2438,35.8366,35.4293,35.0221,34.6149,34.2076,33.3932,32.9859,32.5787,32.1714,31.7642,31.357,30.9497,30.5425,0,0.0,False,False,False,False,False,False,False,False,False,False,False,False,False,False,False,False,False,False,False,False,False,False,False,False
AAPL,2019-02-20 05:00:00+00:00,40.90734211768104,41.41632533639071,40.859551104960914,41.10806655883789,104457600,2019,2,7,Wednesday,41.0728,40.84521865844727,0.64,0.15,0.04,0.64,-0.04,40.4368,40.0283,39.6199,39.2114,38.803,38.3945,37.9861,37.5776,37.1691,36.7607,36.3522,35.9438,35.5353,35.1269,34.7184,34.31,33.4931,33.0846,32.6762,32.2677,31.8593,31.4508,31.0424,30.6339,0,0.0,False,False,False,False,False,False,False,False,False,False,False,False,False,False,False,False,False,False,False,False,False,False,False,False
AAPL,2019-02-21 05:00:00+00:00,41.0531048572345,41.18930941843482,40.69466681187952,40.87627410888672,68998800,2019,2,7,Thursday,40.9533,41.10806655883789,-0.56,-0.13,-1.01,-0.56,1.01,40.697,40.2859,39.8748,39.4637,39.0527,38.6416,38.2305,37.8194,37.4083,36.9973,36.5862,36.1751,35.764,35.3529,34.9419,34.5308,33.7086,33.2975,32.8865,32.4754,32.0643,31.6532,31.2421,30.831,1,40.697,True,False,False,False,False,False,False,False,False,False,False,False,False,False,False,False,False,False,False,False,False,False,False,False
AAPL,2019-02-22 05:00:00+00:00,41.00053114073161,41.33985203200279,40.95274013352245,41.33268356323242,75652800,2019,2,7,Friday,41.1565,40.87627410888672,1.12,0.3,0.19,1.12,-0.19,40.4675,40.0587,39.65,39.2412,38.8325,38.4237,38.0149,37.6062,37.1974,36.7886,36.3799,35.9711,35.5624,35.1536,34.7448,34.3361,33.5185,33.1098,32.701,32.2923,31.8835,31.4747,31.066,30.6572,0,0.0,False,False,False,False,False,False,False,False,False,False,False,False,False,False,False,False,False,False,False,False,False,False,False,False
AAPL,2019-02-25 05:00:00+00:00,41.61704477737037,42.02566208018677,41.56686185000022,41.63376998901367,87493600,2019,2,8,Monday,41.7108,41.33268356323242,0.73,0.69,0.57,0.73,-0.57,40.9194,40.506,40.0927,39.6794,39.266,38.8527,38.4394,38.0261,37.6127,37.1994,36.7861,36.3728,35.9594,35.5461,35.1328,34.7195,33.8928,33.4795,33.0661,32.6528,32.2395,31.8262,31.4128,30.9995,0,0.0,False,False,False,False,False,False,False,False,False,False,False,False,False,False,False,False,False,False,False,False,False,False,False,False
AAPL,2019-02-26 05:00:00+00:00,41.50952344791541,41.889466961350905,41.38048368917295,41.657676696777344,68280800,2019,2,8,Tuesday,41.6093,41.63376998901367,0.06,-0.3,-0.61,0.06,0.61,41.2174,40.8011,40.3848,39.9684,39.5521,39.1357,38.7194,38.3031,37.8867,37.4704,37.0541,36.6377,36.2214,35.805,35.3887,34.9724,34.1397,33.7234,33.307,32.8907,32.4743,32.058,31.6417,31.2253,0,0.0,False,False,False,False,False,False,False,False,False,False,False,False,False,False,False,False,False,False,False,False,False,False,False,False
AAPL,2019-02-27 05:00:00+00:00,41.39003636221368,41.81777081362759,41.27533356556058,41.78670501708984,111341600,2019,2,8,Wednesday,41.5675,41.657676696777344,0.31,-0.64,-0.92,0.31,0.92,41.2411,40.8245,40.4079,39.9914,39.5748,39.1582,38.7416,38.3251,37.9085,37.4919,37.0753,36.6588,36.2422,35.8256,35.409,34.9924,34.1593,33.7427,33.3261,32.9096,32.493,32.0764,31.6598,31.2433,0,0.0,False,False,False,False,False,False,False,False,False,False,False,False,False,False,False,False,False,False,False,False,False,False,False,False
AAPL,2019-02-28 05:00:00+00:00,41.65529066256711,41.79627544866212,41.32074622794749,41.37570571899414,112861600,2019,2,8,Thursday,41.537,41.78670501708984,-0.98,-0.31,-1.12,-0.98,1.12,41.3688,40.951,40.5331,40.1152,39.6974,39.2795,38.8616,38.4438,38.0259,37.608,37.1902,36.7723,36.3544,35.9366,35.5187,35.1008,34.2651,33.8472,33.4294,33.0115,32.5936,32.1758,31.7579,31.34,1,41.3688,True,False,False,False,False,False,False,False,False,False,False,False,False,False,False,False,False,False,False,False,False,False,False,False
AAPL,2019-03-01 05:00:00+00:00,41.6457182091545,41.853611092718346,41.31356579179362,41.81060028076172,103544800,2019,3,8,Friday,41.6559,41.37570571899414,1.05,0.65,-0.15,1.05,0.15,40.9619,40.5482,40.1344,39.7207,39.3069,38.8932,38.4794,38.0656,37.6519,37.2381,36.8244,36.4106,35.9969,35.5831,35.1693,34.7556,33.9281,33.5143,33.1006,32.6868,32.2731,31.8593,31.4455,31.0318,0,0.0,False,False,False,False,False,False,False,False,False,False,False,False,False,False,False,False,False,False,False,False,False,False,False,False
AAPL,2019-03-04 05:00:00+00:00,41.982662637196206,42.47491707019806,41.57165330268141,42.02089691162109,109744800,2019,3,9,Monday,42.0125,41.81060028076172,0.5,0.41,-0.57,0.5,0.57,41.3925,40.9744,40.5563,40.1382,39.7201,39.302,38.8839,38.4658,38.0476,37.6295,37.2114,36.7933,36.3752,35.9571,35.539,35.1209,34.2847,33.8666,33.4485,33.0304,32.6123,32.1942,31.7761,31.358,0,0.0,False,False,False,False,False,False,False,False,False,False,False,False,False,False,False,False,False,False,False,False,False,False,False,False
AAPL,2019-03-05 05:00:00+00:00,42.04240527268482,42.05674221504453,41.70786081733233,41.94443130493164,78949600,2019,3,9,Tuesday,41.9379,42.02089691162109,-0.18,0.05,-0.74,-0.18,0.74,41.6007,41.1805,40.7603,40.3401,39.9199,39.4996,39.0794,38.6592,38.239,37.8188,37.3986,36.9784,36.5582,36.138,35.7178,35.2976,34.4571,34.0369,33.6167,33.1965,32.7763,32.3561,31.9359,31.5157,0,0.0,False,False,False,False,False,False,False,False,False,False,False,False,False,False,False,False,False,False,False,False,False,False,False,False
AAPL,2019-03-06 05:00:00+00:00,41.73891393924546,41.93486181520532,41.56447511651015,41.70307159423828,83241600,2019,3,9,Wednesday,41.7353,41.94443130493164,-0.58,-0.49,-0.91,-0.58,0.91,41.525,41.1055,40.6861,40.2667,39.8472,39.4278,39.0083,38.5889,38.1694,37.75,37.3305,36.9111,36.4917,36.0722,35.6528,35.2333,34.3944,33.975,33.5555,33.1361,32.7167,32.2972,31.8778,31.4583,0,0.0,False,False,False,False,False,False,False,False,False,False,False,False,False,False,False,False,False,False,False,False,False,False,False,False
AAPL,2019-03-07 05:00:00+00:00,41.54775884275365,41.68396708747858,41.10568732014163,41.22038650512695,99185600,2019,3,9,Thursday,41.3894,41.70307159423828,-1.16,-0.37,-1.43,-1.16,1.43,41.286,40.869,40.452,40.0349,39.6179,39.2009,38.7839,38.3668,37.9498,37.5328,37.1157,36.6987,36.2817,35.8646,35.4476,35.0306,34.1965,33.7795,33.3625,32.9454,32.5284,32.1114,31.6943,31.2773,1,41.286,True,False,False,False,False,False,False,False,False,False,False,False,False,False,False,False,False,False,False,False,False,False,False,False
AAPL,2019-03-08 05:00:00+00:00,40.69944204182424,41.35657837814415,40.50349418408148,41.31834411621094,95997600,2019,3,9,Friday,40.9695,41.22038650512695,0.24,-1.26,-1.74,0.24,1.74,40.8082,40.396,39.9838,39.5716,39.1594,38.7472,38.335,37.9228,37.5106,37.0983,36.6861,36.2739,35.8617,35.4495,35.0373,34.6251,33.8007,33.3885,32.9763,32.5641,32.1519,31.7397,31.3275,30.9153,1,40.8082,True,False,False,False,False,False,False,False,False,False,False,False,False,False,False,False,False,False,False,False,False,False,False,False
AAPL,2019-03-11 04:00:00+00:00,41.93486368501011,42.80228128884256,41.90140961277167,42.74971008300781,128044000,2019,3,10,Monday,42.3471,41.31834411621094,3.46,1.49,1.41,3.46,-1.41,40.9052,40.492,40.0788,39.6656,39.2524,38.8392,38.4261,38.0129,37.5997,37.1865,36.7733,36.3601,35.947,35.5338,35.1206,34.7074,33.881,33.4679,33.0547,32.6415,32.2283,31.8151,31.4019,30.9888,0,0.0,False,False,False,False,False,False,False,False,False,False,False,False,False,False,False,False,False,False,False,False,False,False,False,False
AAPL,2019-03-12 04:00:00+00:00,43.01257291804957,43.65059231212079,42.86202774604568,43.23002624511719,129870400,2019,3,10,Tuesday,43.1888,42.74971008300781,1.12,0.61,0.26,1.12,-0.26,42.3222,41.8947,41.4672,41.0397,40.6122,40.1847,39.7572,39.3297,38.9022,38.4747,38.0472,37.6197,37.1922,36.7648,36.3373,35.9098,35.0548,34.6273,34.1998,33.7723,33.3448,32.9173,32.4898,32.0623,0,0.0,False,False,False,False,False,False,False,False,False,False,False,False,False,False,False,False,False,False,False,False,False,False,False,False
AAPL,2019-03-13 04:00:00+00:00,43.55023593033642,43.80114336864438,43.232420327975866,43.421199798583984,124130000,2019,3,10,Wednesday,43.5012,43.23002624511719,0.44,0.74,0.01,0.44,-0.01,42.7977,42.3654,41.9331,41.5008,41.0685,40.6362,40.2039,39.7716,39.3393,38.907,38.4747,38.0424,37.6101,37.1778,36.7455,36.3132,35.4486,35.0163,34.584,34.1517,33.7194,33.2871,32.8548,32.4225,0,0.0,False,False,False,False,False,False,False,False,False,False,False,False,False,False,False,False,False,False,False,False,False,False,False,False
AAPL,2019-03-14 04:00:00+00:00,43.94451125103757,43.99230591647501,43.62430741144457,43.90388870239258,94318000,2019,3,10,Thursday,43.8663,43.421199798583984,1.11,1.21,0.47,1.11,-0.47,42.987,42.5528,42.1186,41.6844,41.2501,40.8159,40.3817,39.9475,39.5133,39.0791,38.6449,38.2107,37.7764,37.3422,36.908,36.4738,35.6054,35.1712,34.737,34.3027,33.8685,33.4343,33.0001,32.5659,0,0.0,False,False,False,False,False,False,False,False,False,False,False,False,False,False,False,False,False,False,False,False,False,False,False,False
AAPL,2019-03-15 04:00:00+00:00,44.171519718082784,44.76413630754834,43.9062753998339,44.47499465942383,156171600,2019,3,10,Friday,44.3292,43.90388870239258,1.3,0.61,0.01,1.3,-0.01,43.4648,43.0258,42.5868,42.1477,41.7087,41.2697,40.8306,40.3916,39.9525,39.5135,39.0745,38.6354,38.1964,37.7573,37.3183,36.8793,36.0012,35.5621,35.1231,34.6841,34.245,33.806,33.367,32.9279,0,0.0,False,False,False,False,False,False,False,False,False,False,False,False,False,False,False,False,False,False,False,False,False,False,False,False
AAPL,2019-03-18 04:00:00+00:00,44.39853881279332,45.01744113272922,44.396146891586056,44.92902755737305,104879200,2019,3,11,Monday,44.6853,44.47499465942383,1.02,-0.17,-0.18,1.02,0.18,44.0302,43.5855,43.1407,42.696,42.2512,41.8065,41.3617,40.917,40.4722,40.0275,39.5827,39.138,38.6932,38.2485,37.8037,37.359,36.4695,36.0247,35.58,35.1352,34.6905,34.2457,33.801,33.3562,0,0.0,False,False,False,False,False,False,False,False,False,False,False,False,False,False,False,False,False,False,False,False,False,False,False,False
AAPL,2019-03-19 04:00:00+00:00,45.007881832051886,45.16081528556105,44.42721017595446,44.572975158691406,126585600,2019,3,11,Tuesday,44.7922,44.92902755737305,-0.79,0.18,-1.12,-0.79,1.12,44.4797,44.0304,43.5812,43.1319,42.6826,42.2333,41.784,41.3347,40.8854,40.4361,39.9868,39.5375,39.0883,38.639,38.1897,37.7404,36.8418,36.3925,35.9432,35.4939,35.0446,34.5954,34.1461,33.6968,1,44.4797,True,False,False,False,False,False,False,False,False,False,False,False,False,False,False,False,False,False,False,False,False,False,False,False
AAPL,2019-03-20 04:00:00+00:00,44.50128258512939,45.28029036657512,44.14284449562121,44.96247482299805,124140800,2019,3,11,Wednesday,44.7217,44.572975158691406,0.87,-0.16,-0.97,0.87,0.97,44.1272,43.6815,43.2358,42.7901,42.3443,41.8986,41.4529,41.0071,40.5614,40.1157,39.6699,39.2242,38.7785,38.3328,37.887,37.4413,36.5498,36.1041,35.6584,35.2127,34.7669,34.3212,33.8755,33.4297,0,0.0,False,False,False,False,False,False,False,False,False,False,False,False,False,False,False,False,False,False,False,False,False,False,False,False
AAPL,2019-03-21 04:00:00+00:00,45.40692778156842,46.914756415411176,45.35674485621421,46.618446350097656,204136800,2019,3,11,Thursday,46.0742,44.96247482299805,3.68,0.99,0.88,3.68,-0.88,44.5129,44.0632,43.6136,43.164,42.7144,42.2647,41.8151,41.3655,40.9159,40.4662,40.0166,39.567,39.1174,38.6677,38.2181,37.7685,36.8692,36.4196,35.97,35.5204,35.0707,34.6211,34.1715,33.7219,0,0.0,False,False,False,False,False,False,False,False,False,False,False,False,False,False,False,False,False,False,False,False,False,False,False,False
AAPL,2019-03-22 04:00:00+00:00,46.6781882437175,47.23974260703408,45.58853723306248,45.65305709838867,169630800,2019,3,11,Friday,46.2899,46.618446350097656,-2.07,0.13,-2.21,-2.07,2.21,46.1523,45.6861,45.2199,44.7537,44.2875,43.8213,43.3552,42.889,42.4228,41.9566,41.4904,41.0242,40.558,40.0919,39.6257,39.1595,38.2271,37.7609,37.2948,36.8286,36.3624,35.8962,35.43,34.9638,2,91.8383,True,True,False,False,False,False,False,False,False,False,False,False,False,False,False,False,False,False,False,False,False,False,False,False
AAPL,2019-03-25 04:00:00+00:00,45.76298343726282,45.87529432805428,44.58969888594255,45.101070404052734,175381200,2019,3,12,Monday,45.3323,45.65305709838867,-1.21,0.24,-2.33,-1.21,2.33,45.1965,44.74,44.2835,43.8269,43.3704,42.9139,42.4573,42.0008,41.5443,41.0878,40.6312,40.1747,39.7182,39.2616,38.8051,38.3486,37.4355,36.979,36.5224,36.0659,35.6094,35.1529,34.6963,34.2398,2,89.9365,True,True,False,False,False,False,False,False,False,False,False,False,False,False,False,False,False,False,False,False,False,False,False,False
AAPL,2019-03-26 04:00:00+00:00,45.79884068672037,46.09037069025252,44.107012085413366,44.63510894775391,199202000,2019,3,12,Tuesday,45.1578,45.101070404052734,-1.03,1.55,-2.2,-1.03,2.2,44.6501,44.199,43.748,43.297,42.846,42.395,41.944,41.493,41.042,40.591,40.14,39.6889,39.2379,38.7869,38.3359,37.8849,36.9829,36.5319,36.0809,35.6298,35.1788,34.7278,34.2768,33.8258,2,88.8491,True,True,False,False,False,False,False,False,False,False,False,False,False,False,False,False,False,False,False,False,False,False,False,False
AAPL,2019-03-27 04:00:00+00:00,45.10344912124531,45.34479606615557,44.57774077463903,45.03654098510742,119393600,2019,3,12,Wednesday,45.0156,44.63510894775391,0.9,1.05,-0.13,0.9,0.13,44.1888,43.7424,43.2961,42.8497,42.4034,41.957,41.5107,41.0643,40.6179,40.1716,39.7252,39.2789,38.8325,38.3862,37.9398,37.4935,36.6008,36.1544,35.7081,35.2617,34.8154,34.369,33.9227,33.4763,0,0.0,False,False,False,False,False,False,False,False,False,False,False,False,False,False,False,False,False,False,False,False,False,False,False,False
AAPL,2019-03-28 04:00:00+00:00,45.15125007383936,45.29701504101596,44.8119291240327,45.096290588378906,83121600,2019,3,12,Thursday,45.0891,45.03654098510742,0.13,0.25,-0.5,0.13,0.5,44.5862,44.1358,43.6854,43.2351,42.7847,42.3343,41.884,41.4336,40.9833,40.5329,40.0825,39.6322,39.1818,38.7314,38.2811,37.8307,36.93,36.4796,36.0292,35.5789,35.1285,34.6781,34.2278,33.7774,0,0.0,False,False,False,False,False,False,False,False,False,False,False,False,False,False,False,False,False,False,False,False,False,False,False,False
AAPL,2019-03-29 04:00:00+00:00,45.3615429422919,45.42128263373259,45.053284092573946,45.39021682739258,94256000,2019,3,12,Friday,45.3066,45.096290588378906,0.65,0.59,-0.1,0.65,0.1,44.6453,44.1944,43.7434,43.2924,42.8415,42.3905,41.9396,41.4886,41.0376,40.5867,40.1357,39.6847,39.2338,38.7828,38.3318,37.8809,36.979,36.528,36.077,35.6261,35.1751,34.7241,34.2732,33.8222,0,0.0,False,False,False,False,False,False,False,False,False,False,False,False,False,False,False,False,False,False,False,False,False,False,False,False
AAPL,2019-04-01 04:00:00+00:00,45.79404546216293,45.80360220589691,45.01504140701832,45.698463439941406,111448000,2019,4,13,Monday,45.5778,45.39021682739258,0.68,0.89,-0.83,0.68,0.83,44.9363,44.4824,44.0285,43.5746,43.1207,42.6668,42.2129,41.759,41.3051,40.8512,40.3973,39.9434,39.4895,39.0356,38.5817,38.1278,37.22,36.7661,36.3122,35.8583,35.4044,34.9505,34.4966,34.0427,0,0.0,False,False,False,False,False,False,False,False,False,False,False,False,False,False,False,False,False,False,False,False,False,False,False,False
AAPL,2019-04-02 04:00:00+00:00,45.6626229191249,46.467916320039805,45.653066174245645,46.36277389526367,91062800,2019,4,13,Tuesday,46.0366,45.698463439941406,1.45,-0.08,-0.1,1.45,0.1,45.2415,44.7845,44.3275,43.8705,43.4135,42.9566,42.4996,42.0426,41.5856,41.1286,40.6716,40.2146,39.7577,39.3007,38.8437,38.3867,37.4727,37.0158,36.5588,36.1018,35.6448,35.1878,34.7308,34.2738,0,0.0,False,False,False,False,False,False,False,False,False,False,False,False,False,False,False,False,False,False,False,False,False,False,False,False
AAPL,2019-04-03 04:00:00+00:00,46.17876544683841,46.95538116586674,46.15486812007256,46.68058013916016,93087200,2019,4,13,Wednesday,46.4924,46.36277389526367,0.69,-0.4,-0.45,0.69,0.45,45.8991,45.4355,44.9719,44.5083,44.0446,43.581,43.1174,42.6538,42.1901,41.7265,41.2629,40.7992,40.3356,39.872,39.4084,38.9447,38.0175,37.5538,37.0902,36.6266,36.163,35.6993,35.2357,34.7721,0,0.0,False,False,False,False,False,False,False,False,False,False,False,False,False,False,False,False,False,False,False,False,False,False,False,False
AAPL,2019-04-04 04:00:00+00:00,46.54676435485593,46.92431954477944,46.15248395168455,46.7618293762207,76457200,2019,4,13,Thursday,46.5963,46.68058013916016,0.17,-0.29,-1.13,0.17,1.13,46.2138,45.747,45.2802,44.8134,44.3466,43.8797,43.4129,42.9461,42.4793,42.0125,41.5457,41.0789,40.6121,40.1453,39.6785,39.2117,38.2781,37.8113,37.3445,36.8777,36.4109,35.944,35.4772,35.0104,1,46.2138,True,False,False,False,False,False,False,False,False,False,False,False,False,False,False,False,False,False,False,False,False,False,False,False
AAPL,2019-04-05 04:00:00+00:00,46.9434468330364,47.09877221199074,46.81918725911717,47.07487487792969,74106400,2019,4,13,Friday,46.9841,46.7618293762207,0.67,0.39,0.12,0.67,-0.12,46.2942,45.8266,45.359,44.8914,44.4237,43.9561,43.4885,43.0209,42.5533,42.0856,41.618,41.1504,40.6828,40.2152,39.7476,39.2799,38.3447,37.8771,37.4095,36.9418,36.4742,36.0066,35.539,35.0714,0,0.0,False,False,False,False,False,False,False,False,False,False,False,False,False,False,False,False,False,False,False,False,False,False,False,False
AAPL,2019-04-08 04:00:00+00:00,46.93627328849716,47.84670546600309,46.91715615255903,47.81564331054688,103526800,2019,4,14,Monday,47.3789,47.07487487792969,1.57,-0.29,-0.34,1.57,0.34,46.6041,46.1334,45.6626,45.1919,44.7211,44.2504,43.7796,43.3089,42.8381,42.3674,41.8966,41.4259,40.9551,40.4844,40.0136,39.5429,38.6014,38.1306,37.6599,37.1892,36.7184,36.2477,35.7769,35.3062,0,0.0,False,False,False,False,False,False,False,False,False,False,False,False,False,False,False,False,False,False,False,False,False,False,False,False
AAPL,2019-04-09 04:00:00+00:00,47.86821582786071,48.47278113928064,47.60774803404576,47.67226791381836,143072800,2019,4,14,Tuesday,47.9053,47.81564331054688,-0.3,0.11,-0.43,-0.3,0.43,47.3375,46.8593,46.3812,45.903,45.4249,44.9467,44.4685,43.9904,43.5122,43.0341,42.5559,42.0778,41.5996,41.1215,40.6433,40.1651,39.2088,38.7307,38.2525,37.7744,37.2962,36.818,36.3399,35.8617,0,0.0,False,False,False,False,False,False,False,False,False,False,False,False,False,False,False,False,False,False,False,False,False,False,False,False
AAPL,2019-04-10 04:00:00+00:00,47.47631892306262,47.96857697172916,47.35683955756723,47.93989944458008,86781200,2019,4,14,Wednesday,47.6854,47.67226791381836,0.56,-0.41,-0.66,0.56,0.66,47.1955,46.7188,46.2421,45.7654,45.2887,44.8119,44.3352,43.8585,43.3818,42.905,42.4283,41.9516,41.4749,40.9982,40.5214,40.0447,39.0913,38.6145,38.1378,37.6611,37.1844,36.7076,36.2309,35.7542,0,0.0,False,False,False,False,False,False,False,False,False,False,False,False,False,False,False,False,False,False,False,False,False,False,False,False
AAPL,2019-04-11 04:00:00+00:00,47.99486008728185,48.03070243658207,47.41896870038708,47.54083633422852,83603200,2019,4,14,Thursday,47.7463,47.93989944458008,-0.83,0.11,-1.09,-0.83,1.09,47.4605,46.9811,46.5017,46.0223,45.5429,45.0635,44.5841,44.1047,43.6253,43.1459,42.6665,42.1871,41.7077,41.2283,40.7489,40.2695,39.3107,38.8313,38.3519,37.8725,37.3931,36.9137,36.4343,35.9549,1,47.4605,True,False,False,False,False,False,False,False,False,False,False,False,False,False,False,False,False,False,False,False,False,False,False,False
AAPL,2019-04-12 04:00:00+00:00,47.60057770371108,47.82519949055509,46.88609344334392,47.52172088623047,111042800,2019,4,14,Friday,47.4584,47.54083633422852,-0.04,0.13,-1.38,-0.04,1.38,47.0654,46.59,46.1146,45.6392,45.1638,44.6884,44.213,43.7376,43.2622,42.7868,42.3113,41.8359,41.3605,40.8851,40.4097,39.9343,38.9835,38.5081,38.0327,37.5573,37.0819,36.6064,36.131,35.6556,1,47.0654,True,False,False,False,False,False,False,False,False,False,False,False,False,False,False,False,False,False,False,False,False,False,False,False
AAPL,2019-04-15 04:00:00+00:00,47.4524206080684,47.75589918776008,47.316212394506586,47.60774230957031,70146400,2019,4,15,Monday,47.5331,47.52172088623047,0.18,-0.15,-0.43,0.18,0.43,47.0465,46.5713,46.0961,45.6209,45.1456,44.6704,44.1952,43.72,43.2448,42.7695,42.2943,41.8191,41.3439,40.8687,40.3935,39.9182,38.9678,38.4926,38.0174,37.5422,37.0669,36.5917,36.1165,35.6413,0,0.0,False,False,False,False,False,False,False,False,False,False,False,False,False,False,False,False,False,False,False,False,False,False,False,False
AAPL,2019-04-16 04:00:00+00:00,47.66270505779345,48.11911341469207,47.44764003486559,47.61252212524414,102785600,2019,4,15,Tuesday,47.7105,47.60774230957031,0.01,0.12,-0.34,0.01,0.34,47.1317,46.6556,46.1795,45.7034,45.2274,44.7513,44.2752,43.7991,43.323,42.847,42.3709,41.8948,41.4187,40.9427,40.4666,39.9905,39.0383,38.5623,38.0862,37.6101,37.134,36.658,36.1819,35.7058,0,0.0,False,False,False,False,False,False,False,False,False,False,False,False,False,False,False,False,False,False,False,False,False,False,False,False
AAPL,2019-04-17 04:00:00+00:00,47.68182349642656,48.5994277929976,47.459593627169305,48.53968811035156,115627200,2019,4,15,Wednesday,48.0701,47.61252212524414,1.95,0.15,-0.32,1.95,0.32,47.1364,46.6603,46.1841,45.708,45.2319,44.7558,44.2796,43.8035,43.3274,42.8513,42.3751,41.899,41.4229,40.9468,40.4706,39.9945,39.0423,38.5661,38.09,37.6139,37.1378,36.6616,36.1855,35.7094,0,0.0,False,False,False,False,False,False,False,False,False,False,False,False,False,False,False,False,False,False,False,False,False,False,False,False
AAPL,2019-04-18 04:00:00+00:00,48.53729201415646,48.78341919378796,48.39391897587181,48.7141227722168,96783200,2019,4,15,Thursday,48.6072,48.53968811035156,0.36,-0.0,-0.3,0.36,0.3,48.0543,47.5689,47.0835,46.5981,46.1127,45.6273,45.1419,44.6565,44.1711,43.6857,43.2003,42.7149,42.2295,41.7441,41.2587,40.7733,39.8025,39.3171,38.8318,38.3464,37.861,37.3756,36.8902,36.4048,0,0.0,False,False,False,False,False,False,False,False,False,False,False,False,False,False,False,False,False,False,False,False,False,False,False,False
AAPL,2019-04-22 04:00:00+00:00,48.46799653078765,48.97219956455611,48.35090544796784,48.87422561645508,77758000,2019,4,16,Monday,48.6663,48.7141227722168,0.33,-0.51,-0.75,0.33,0.75,48.227,47.7398,47.2527,46.7656,46.2784,45.7913,45.3041,44.817,44.3299,43.8427,43.3556,42.8684,42.3813,41.8941,41.407,40.9199,39.9456,39.4584,38.9713,38.4842,37.997,37.5099,37.0227,36.5356,0,0.0,False,False,False,False,False,False,False,False,False,False,False,False,False,False,False,False,False,False,False,False,False,False,False,False
AAPL,2019-04-23 04:00:00+00:00,48.850337649033136,49.64368248392029,48.72368979769124,49.57916259765625,93292000,2019,4,16,Tuesday,49.1992,48.87422561645508,1.44,-0.05,-0.31,1.44,0.31,48.3855,47.8967,47.408,46.9193,46.4305,45.9418,45.453,44.9643,44.4755,43.9868,43.4981,43.0093,42.5206,42.0318,41.5431,41.0543,40.0769,39.5881,39.0994,38.6106,38.1219,37.6332,37.1444,36.6557,0,0.0,False,False,False,False,False,False,False,False,False,False,False,False,False,False,False,False,False,False,False,False,False,False,False,False
AAPL,2019-04-24 04:00:00+00:00,49.55048419475769,49.81811681526818,49.4764075691679,49.50269317626953,70162400,2019,4,16,Wednesday,49.5869,49.57916259765625,-0.15,-0.06,-0.21,-0.15,0.21,49.0834,48.5876,48.0918,47.596,47.1002,46.6044,46.1086,45.6128,45.117,44.6212,44.1255,43.6297,43.1339,42.6381,42.1423,41.6465,40.6549,40.1591,39.6633,39.1675,38.6717,38.176,37.6802,37.1844,0,0.0,False,False,False,False,False,False,False,False,False,False,False,False,False,False,False,False,False,False,False,False,False,False,False,False
AAPL,2019-04-25 04:00:00+00:00,49.42383832703479,49.646068212671416,49.01521726328142,49.05345153808594,74172800,2019,4,16,Thursday,49.2846,49.50269317626953,-0.91,-0.16,-0.98,-0.91,0.98,49.0077,48.5126,48.0176,47.5226,47.0276,46.5325,46.0375,45.5425,45.0475,44.5524,44.0574,43.5624,43.0673,42.5723,42.0773,41.5823,40.5922,40.0972,39.6022,39.1071,38.6121,38.1171,37.622,37.127,0,0.0,False,False,False,False,False,False,False,False,False,False,False,False,False,False,False,False,False,False,False,False,False,False,False,False
AAPL,2019-04-26 04:00:00+00:00,48.96263266555626,48.98652999233326,48.29832781882126,48.81925964355469,74596400,2019,4,16,Friday,48.7667,49.05345153808594,-0.48,-0.19,-1.54,-0.48,1.54,48.5629,48.0724,47.5818,47.0913,46.6008,46.1102,45.6197,45.1292,44.6386,44.1481,43.6576,43.167,42.6765,42.186,41.6954,41.2049,40.2238,39.7333,39.2428,38.7522,38.2617,37.7712,37.2806,36.7901,1,48.5629,True,False,False,False,False,False,False,False,False,False,False,False,False,False,False,False,False,False,False,False,False,False,False,False
AAPL,2019-04-29 04:00:00+00:00,48.843158131769954,49.2183250510199,48.71412203464543,48.893341064453125,88818800,2019,4,17,Monday,48.9172,48.81925964355469,0.15,0.05,-0.22,0.15,0.22,48.3311,47.8429,47.3547,46.8665,46.3783,45.8901,45.4019,44.9137,44.4255,43.9373,43.4491,42.9609,42.4728,41.9846,41.4964,41.0082,40.0318,39.5436,39.0554,38.5672,38.079,37.5908,37.1026,36.6144,0,0.0,False,False,False,False,False,False,False,False,False,False,False,False,False,False,False,False,False,False,False,False,False,False,False,False
AAPL,2019-04-30 04:00:00+00:00,48.52295828532061,48.604203377012624,47.57907204750367,47.951847076416016,186139600,2019,4,17,Tuesday,48.1645,48.893341064453125,-1.93,-0.76,-2.69,-1.93,2.69,48.4044,47.9155,47.4265,46.9376,46.4487,45.9597,45.4708,44.9819,44.4929,44.004,43.5151,43.0261,42.5372,42.0483,41.5593,41.0704,40.0925,39.6036,39.1147,38.6257,38.1368,37.6479,37.1589,36.67,2,96.3199,True,True,False,False,False,False,False,False,False,False,False,False,False,False,False,False,False,False,False,False,False,False,False,False
AAPL,2019-05-01 04:00:00+00:00,50.15265434268361,51.45019836505876,49.9973289961733,50.30558776855469,259309200,2019,5,17,Wednesday,50.4764,47.951847076416016,4.91,4.59,4.27,4.91,-4.27,47.4723,46.9928,46.5133,46.0338,45.5543,45.0747,44.5952,44.1157,43.6362,43.1567,42.6771,42.1976,41.7181,41.2386,40.7591,40.2796,39.3205,38.841,38.3615,37.882,37.4024,36.9229,36.4434,35.9639,0,0.0,False,False,False,False,False,False,False,False,False,False,False,False,False,False,False,False,False,False,False,False,False,False,False,False
AAPL,2019-05-02 04:00:00+00:00,50.143111671374406,50.81458528858688,49.73449418192778,49.97822952270508,127985200,2019,5,17,Thursday,50.1676,50.30558776855469,-0.65,-0.32,-1.14,-0.65,1.14,49.8025,49.2995,48.7964,48.2934,47.7903,47.2873,46.7842,46.2811,45.7781,45.275,44.772,44.2689,43.7659,43.2628,42.7597,42.2567,41.2506,40.7475,40.2445,39.7414,39.2384,38.7353,38.2322,37.7292,1,49.8025,True,False,False,False,False,False,False,False,False,False,False,False,False,False,False,False,False,False,False,False,False,False,False,False
AAPL,2019-05-03 04:00:00+00:00,50.39400174361082,50.62101178678356,50.23628812136514,50.59950637817383,83569600,2019,5,17,Friday,50.4627,49.97822952270508,1.24,0.83,0.52,1.24,-0.52,49.4784,48.9787,48.4789,47.9791,47.4793,46.9795,46.4798,45.98,45.4802,44.9804,44.4806,43.9808,43.4811,42.9813,42.4815,41.9817,40.9821,40.4824,39.9826,39.4828,38.983,38.4832,37.9835,37.4837,0,0.0,False,False,False,False,False,False,False,False,False,False,False,False,False,False,False,False,False,False,False,False,False,False,False,False
AAPL,2019-05-06 04:00:00+00:00,48.81688130578932,49.904144344696654,48.62810549811918,49.818119049072266,129772400,2019,5,18,Monday,49.2918,50.59950637817383,-1.54,-3.52,-3.9,-1.54,3.9,50.0935,49.5875,49.0815,48.5755,48.0695,47.5635,47.0575,46.5515,46.0456,45.5396,45.0336,44.5276,44.0216,43.5156,43.0096,42.5036,41.4916,40.9856,40.4796,39.9736,39.4676,38.9616,38.4556,37.9496,3,148.7625,True,True,True,False,False,False,False,False,False,False,False,False,False,False,False,False,False,False,False,False,False,False,False,False
AAPL,2019-05-07 04:00:00+00:00,49.19682655113943,49.56482140635094,47.99008418506328,48.47517013549805,155054800,2019,5,18,Tuesday,48.8067,49.818119049072266,-2.7,-1.25,-3.67,-2.7,3.67,49.3199,48.8218,48.3236,47.8254,47.3272,46.829,46.3309,45.8327,45.3345,44.8363,44.3381,43.8399,43.3418,42.8436,42.3454,41.8472,40.8509,40.3527,39.8545,39.3563,38.8581,38.36,37.8618,37.3636,3,146.4653,True,True,True,False,False,False,False,False,False,False,False,False,False,False,False,False,False,False,False,False,False,False,False,False
AAPL,2019-05-08 04:00:00+00:00,48.24575962496562,49.067778128752565,48.209917278785525,48.48471832275391,105358000,2019,5,18,Wednesday,48.502,48.47517013549805,0.02,-0.47,-0.55,0.02,0.55,47.9904,47.5057,47.0209,46.5362,46.0514,45.5667,45.0819,44.5972,44.1124,43.6277,43.1429,42.6581,42.1734,41.6886,41.2039,40.7191,39.7496,39.2649,38.7801,38.2954,37.8106,37.3259,36.8411,36.3564,0,0.0,False,False,False,False,False,False,False,False,False,False,False,False,False,False,False,False,False,False,False,False,False,False,False,False
AAPL,2019-05-09 04:00:00+00:00,47.88733378467676,48.19320070411305,46.99363036072626,47.96380233764648,139634400,2019,5,18,Thursday,47.7595,48.48471832275391,-1.07,-1.23,-3.08,-1.07,3.08,47.9999,47.515,47.0302,46.5453,46.0605,45.5756,45.0908,44.6059,44.1211,43.6362,43.1514,42.6666,42.1817,41.6969,41.212,40.7272,39.7575,39.2726,38.7878,38.3029,37.8181,37.3332,36.8484,36.3635,3,142.5451,True,True,True,False,False,False,False,False,False,False,False,False,False,False,False,False,False,False,False,False,False,False,False,False
AAPL,2019-05-10 04:00:00+00:00,47.35690775258256,47.699936597031,46.24147196062477,47.29933547973633,164834800,2019,5,18,Friday,47.1494,47.96380233764648,-1.39,-1.27,-3.59,-1.39,3.59,47.4842,47.0045,46.5249,46.0453,45.5656,45.086,44.6063,44.1267,43.6471,43.1674,42.6878,42.2081,41.7285,41.2489,40.7692,40.2896,39.3303,38.8507,38.371,37.8914,37.4118,36.9321,36.4525,35.9729,3,141.0136,True,True,True,False,False,False,False,False,False,False,False,False,False,False,False,False,False,False,False,False,False,False,False,False
AAPL,2019-05-13 04:00:00+00:00,45.02768010823459,45.4522632218253,43.86186824428685,44.55031967163086,229722400,2019,5,19,Monday,44.723,47.29933547973633,-5.81,-4.8,-7.27,-5.81,7.27,46.8263,46.3533,45.8804,45.4074,44.9344,44.4614,43.9884,43.5154,43.0424,42.5694,42.0964,41.6234,41.1504,40.6774,40.2044,39.7314,38.7855,38.3125,37.8395,37.3665,36.8935,36.4205,35.9475,35.4745,7,317.8515,True,True,True,True,True,True,True,False,False,False,False,False,False,False,False,False,False,False,False,False,False,False,False,False
AAPL,2019-05-14 04:00:00+00:00,44.715841750470574,45.50504198786496,44.47596276934291,45.25556945800781,146118800,2019,5,19,Tuesday,44.9881,44.55031967163086,1.58,0.37,-0.17,1.58,0.17,44.1048,43.6593,43.2138,42.7683,42.3228,41.8773,41.4318,40.9863,40.5408,40.0953,39.6498,39.2043,38.7588,38.3133,37.8678,37.4223,36.5313,36.0858,35.6403,35.1948,34.7492,34.3037,33.8582,33.4127,0,0.0,False,False,False,False,False,False,False,False,False,False,False,False,False,False,False,False,False,False,False,False,False,False,False,False
AAPL,2019-05-15 04:00:00+00:00,44.68226307084137,45.99679898703123,44.62229331988045,45.797698974609375,106178800,2019,5,19,Wednesday,45.2748,45.25556945800781,1.2,-1.27,-1.4,1.2,1.4,44.803,44.3505,43.8979,43.4453,42.9928,42.5402,42.0877,41.6351,41.1826,40.73,40.2775,39.8249,39.3723,38.9198,38.4672,38.0147,37.1096,36.657,36.2045,35.7519,35.2993,34.8468,34.3942,33.9417,1,44.803,True,False,False,False,False,False,False,False,False,False,False,False,False,False,False,False,False,False,False,False,False,False,False,False
AAPL,2019-05-16 04:00:00+00:00,45.55541242384641,46.16950195223836,45.29874018957039,45.59619140625,132125600,2019,5,19,Thursday,45.655,45.797698974609375,-0.44,-0.53,-1.09,-0.44,1.09,45.3397,44.8817,44.4238,43.9658,43.5078,43.0498,42.5919,42.1339,41.6759,41.2179,40.76,40.302,39.844,39.386,38.928,38.4701,37.5541,37.0961,36.6382,36.1802,35.7222,35.2642,34.8063,34.3483,1,45.3397,True,False,False,False,False,False,False,False,False,False,False,False,False,False,False,False,False,False,False,False,False,False,False,False
AAPL,2019-05-17 04:00:00+00:00,44.84056511617059,45.792884728984006,44.79978613867689,45.33711624145508,131516400,2019,5,19,Friday,45.1926,45.59619140625,-0.57,-1.66,-1.75,-0.57,1.75,45.1402,44.6843,44.2283,43.7723,43.3164,42.8604,42.4045,41.9485,41.4925,41.0366,40.5806,40.1246,39.6687,39.2127,38.7568,38.3008,37.3889,36.9329,36.477,36.021,35.565,35.1091,34.6531,34.1971,1,45.1402,True,False,False,False,False,False,False,False,False,False,False,False,False,False,False,False,False,False,False,False,False,False,False,False
AAPL,2019-05-20 04:00:00+00:00,44.02257961609759,44.22167955527841,43.24537061185384,43.919429779052734,154449200,2019,5,20,Monday,43.8523,45.33711624145508,-3.13,-2.9,-4.61,-3.13,4.61,44.8837,44.4304,43.977,43.5236,43.0703,42.6169,42.1635,41.7101,41.2568,40.8034,40.35,39.8967,39.4433,38.9899,38.5365,38.0832,37.1764,36.7231,36.2697,35.8163,35.363,34.9096,34.4562,34.0028,4,176.8148,True,True,True,True,False,False,False,False,False,False,False,False,False,False,False,False,False,False,False,False,False,False,False,False
AAPL,2019-05-21 04:00:00+00:00,44.43038323812373,45.097246483732384,44.30564514850796,44.761417388916016,113459200,2019,5,20,Tuesday,44.6487,43.919429779052734,1.92,1.16,0.88,1.92,-0.88,43.4802,43.041,42.6018,42.1627,41.7235,41.2843,40.8451,40.4059,39.9667,39.5275,39.0883,38.6491,38.2099,37.7707,37.3315,36.8923,36.0139,35.5747,35.1355,34.6963,34.2572,33.818,33.3788,32.9396,0,0.0,False,False,False,False,False,False,False,False,False,False,False,False,False,False,False,False,False,False,False,False,False,False,False,False
AAPL,2019-05-22 04:00:00+00:00,44.2960434382796,44.547917043113365,43.78989875704181,43.84506988525391,118994400,2019,5,20,Wednesday,44.1197,44.761417388916016,-2.05,-1.04,-2.17,-2.05,2.17,44.3138,43.8662,43.4186,42.971,42.5233,42.0757,41.6281,41.1805,40.7329,40.2853,39.8377,39.39,38.9424,38.4948,38.0472,37.5996,36.7044,36.2567,35.8091,35.3615,34.9139,34.4663,34.0187,33.5711,2,88.18,True,True,False,False,False,False,False,False,False,False,False,False,False,False,False,False,False,False,False,False,False,False,False,False
AAPL,2019-05-23 04:00:00+00:00,43.13023207349917,43.30774013800977,42.65287168812144,43.09664916992188,146118800,2019,5,20,Thursday,43.0469,43.84506988525391,-1.71,-1.63,-2.72,-1.71,2.72,43.4066,42.9682,42.5297,42.0913,41.6528,41.2144,40.7759,40.3375,39.899,39.4606,39.0221,38.5837,38.1452,37.7068,37.2683,36.8299,35.953,35.5145,35.0761,34.6376,34.1992,33.7607,33.3223,32.8838,2,86.3748,True,True,False,False,False,False,False,False,False,False,False,False,False,False,False,False,False,False,False,False,False,False,False,False
AAPL,2019-05-24 04:00:00+00:00,43.22617949439193,43.691545172371775,42.847170371710014,42.931129455566406,94858800,2019,5,20,Friday,43.174,43.09664916992188,-0.38,0.3,-0.58,-0.38,0.58,42.6657,42.2347,41.8037,41.3728,40.9418,40.5109,40.0799,39.6489,39.218,38.787,38.356,37.9251,37.4941,37.0631,36.6322,36.2012,35.3393,34.9083,34.4773,34.0464,33.6154,33.1844,32.7535,32.3225,0,0.0,False,False,False,False,False,False,False,False,False,False,False,False,False,False,False,False,False,False,False,False,False,False,False,False
AAPL,2019-05-28 04:00:00+00:00,42.91912953409766,43.31972683159478,42.67685317868049,42.75361251831055,111792800,2019,5,21,Tuesday,42.9173,42.931129455566406,-0.41,-0.03,-0.59,-0.41,0.59,42.5018,42.0725,41.6432,41.2139,40.7846,40.3553,39.926,39.4966,39.0673,38.638,38.2087,37.7794,37.3501,36.9208,36.4915,36.0621,35.2035,34.7742,34.3449,33.9156,33.4863,33.057,32.6277,32.1983,0,0.0,False,False,False,False,False,False,False,False,False,False,False,False,False,False,False,False,False,False,False,False,False,False,False,False
AAPL,2019-05-29 04:00:00+00:00,42.31943920201413,43.0222863504974,42.21869049347704,42.54972457885742,113924800,2019,5,21,Wednesday,42.5275,42.75361251831055,-0.48,-1.02,-1.25,-0.48,1.25,42.3261,41.8985,41.471,41.0435,40.6159,40.1884,39.7609,39.3333,38.9058,38.4783,38.0507,37.6232,37.1956,36.7681,36.3406,35.913,35.058,34.6304,34.2029,33.7754,33.3478,32.9203,32.4927,32.0652,1,42.3261,True,False,False,False,False,False,False,False,False,False,False,False,False,False,False,False,False,False,False,False,False,False,False,False
AAPL,2019-05-30 04:00:00+00:00,42.68645716562878,42.993501919781856,42.37941241147571,42.770416259765625,84873600,2019,5,21,Thursday,42.7074,42.54972457885742,0.52,0.32,-0.4,0.52,0.4,42.1242,41.6987,41.2732,40.8477,40.4222,39.9967,39.5712,39.1457,38.7202,38.2948,37.8693,37.4438,37.0183,36.5928,36.1673,35.7418,34.8908,34.4653,34.0398,33.6143,33.1888,32.7633,32.3378,31.9123,0,0.0,False,False,False,False,False,False,False,False,False,False,False,False,False,False,False,False,False,False,False,False,False,False,False,False
AAPL,2019-05-31 04:00:00+00:00,42.27387760191028,42.69606700901456,41.97642996719221,41.99562072753906,108174400,2019,5,21,Friday,42.2355,42.770416259765625,-1.81,-1.16,-1.86,-1.81,1.86,42.3427,41.915,41.4873,41.0596,40.6319,40.2042,39.7765,39.3488,38.9211,38.4934,38.0657,37.638,37.2103,36.7826,36.3549,35.9271,35.0717,34.644,34.2163,33.7886,33.3609,32.9332,32.5055,32.0778,1,42.3427,True,False,False,False,False,False,False,False,False,False,False,False,False,False,False,False,False,False,False,False,False,False,False,False
AAPL,2019-06-03 04:00:00+00:00,42.122752071661175,42.679269424642975,40.844196616835816,41.57102966308594,161584400,2019,6,22,Monday,41.8043,41.99562072753906,-1.01,0.3,-2.74,-1.01,2.74,41.5757,41.1557,40.7358,40.3158,39.8958,39.4759,39.0559,38.636,38.216,37.7961,37.3761,36.9561,36.5362,36.1162,35.6963,35.2763,34.4364,34.0165,33.5965,33.1765,32.7566,32.3366,31.9167,31.4967,2,82.7314,True,True,False,False,False,False,False,False,False,False,False,False,False,False,False,False,False,False,False,False,False,False,False,False
AAPL,2019-06-04 04:00:00+00:00,42.08436697087955,43.13743549997744,41.863678758296096,43.09185791015625,123872000,2019,6,22,Tuesday,42.5443,41.57102966308594,3.66,1.23,0.7,3.66,-0.7,41.1553,40.7396,40.3239,39.9082,39.4925,39.0768,38.6611,38.2453,37.8296,37.4139,36.9982,36.5825,36.1668,35.7511,35.3354,34.9197,34.0882,33.6725,33.2568,32.8411,32.4254,32.0097,31.594,31.1783,0,0.0,False,False,False,False,False,False,False,False,False,False,False,False,False,False,False,False,False,False,False,False,False,False,False,False
AAPL,2019-06-05 04:00:00+00:00,44.20489298300475,44.37520864944505,43.45167322011368,43.78750228881836,119093600,2019,6,22,Wednesday,43.9548,43.09185791015625,1.61,2.58,0.83,1.61,-0.83,42.6609,42.23,41.7991,41.3682,40.9373,40.5063,40.0754,39.6445,39.2136,38.7827,38.3518,37.9208,37.4899,37.059,36.6281,36.1972,35.3353,34.9044,34.4735,34.0426,33.6116,33.1807,32.7498,32.3189,0,0.0,False,False,False,False,False,False,False,False,False,False,False,False,False,False,False,False,False,False,False,False,False,False,False,False
AAPL,2019-06-06 04:00:00+00:00,43.91704094101021,44.490351515591904,43.69395160230855,44.43038177490234,90105200,2019,6,22,Thursday,44.1329,43.78750228881836,1.47,0.3,-0.21,1.47,0.21,43.3496,42.9118,42.4739,42.036,41.5981,41.1603,40.7224,40.2845,39.8466,39.4088,38.9709,38.533,38.0951,37.6573,37.2194,36.7815,35.9058,35.4679,35.03,34.5921,34.1543,33.7164,33.2785,32.8406,0,0.0,False,False,False,False,False,False,False,False,False,False,False,False,False,False,False,False,False,False,False,False,False,False,False,False
AAPL,2019-06-07 04:00:00+00:00,44.73981693459453,46.037562795872695,44.5623088728584,45.61297607421875,122737600,2019,6,22,Friday,45.2382,44.43038177490234,2.66,0.7,0.3,2.66,-0.3,43.9861,43.5418,43.0975,42.6532,42.2089,41.7646,41.3203,40.876,40.4316,39.9873,39.543,39.0987,38.6544,38.2101,37.7658,37.3215,36.4329,35.9886,35.5443,35.1,34.6557,34.2114,33.7671,33.3228,0,0.0,False,False,False,False,False,False,False,False,False,False,False,False,False,False,False,False,False,False,False,False,False,False,False,False
AAPL,2019-06-10 04:00:00+00:00,46.01118450280199,46.8651530476269,45.96560691300584,46.195892333984375,104883600,2019,6,23,Monday,46.2595,45.61297607421875,1.28,0.87,0.77,1.28,-0.77,45.1568,44.7007,44.2446,43.7885,43.3323,42.8762,42.4201,41.9639,41.5078,41.0517,40.5955,40.1394,39.6833,39.2272,38.771,38.3149,37.4026,36.9465,36.4904,36.0343,35.5781,35.122,34.6659,34.2097,0,0.0,False,False,False,False,False,False,False,False,False,False,False,False,False,False,False,False,False,False,False,False,False,False,False,False
AAPL,2019-06-11 04:00:00+00:00,46.74281438222408,47.01627625074136,46.440568209735225,46.73081970214844,107731600,2019,6,23,Tuesday,46.7326,46.195892333984375,1.16,1.18,0.53,1.16,-0.53,45.7339,45.272,44.81,44.3481,43.8861,43.4241,42.9622,42.5002,42.0383,41.5763,41.1143,40.6524,40.1904,39.7285,39.2665,38.8045,37.8806,37.4187,36.9567,36.4948,36.0328,35.5708,35.1089,34.6469,0,0.0,False,False,False,False,False,False,False,False,False,False,False,False,False,False,False,False,False,False,False,False,False,False,False,False
AAPL,2019-06-12 04:00:00+00:00,46.52451621145797,47.00907265899637,46.39018460071747,46.58208847045898,73012800,2019,6,23,Wednesday,46.6265,46.73081970214844,-0.32,-0.44,-0.73,-0.32,0.73,46.2635,45.7962,45.3289,44.8616,44.3943,43.927,43.4597,42.9924,42.525,42.0577,41.5904,41.1231,40.6558,40.1885,39.7212,39.2539,38.3193,37.852,37.3847,36.9173,36.45,35.9827,35.5154,35.0481,0,0.0,False,False,False,False,False,False,False,False,False,False,False,False,False,False,False,False,False,False,False,False,False,False,False,False
AAPL,2019-06-13 04:00:00+00:00,46.70442865523664,47.20577475889717,46.440564018697366,46.57249450683594,86698400,2019,6,23,Thursday,46.7308,46.58208847045898,-0.02,0.26,-0.3,-0.02,0.3,46.1163,45.6504,45.1846,44.7188,44.253,43.7872,43.3213,42.8555,42.3897,41.9239,41.4581,40.9922,40.5264,40.0606,39.5948,39.129,38.1973,37.7315,37.2657,36.7998,36.334,35.8682,35.4024,34.9366,0,0.0,False,False,False,False,False,False,False,False,False,False,False,False,False,False,False,False,False,False,False,False,False,False,False,False
AAPL,2019-06-14 04:00:00+00:00,45.94881166438785,46.43816309120982,45.6489629895488,46.23426818847656,75046000,2019,6,23,Friday,46.0676,46.57249450683594,-0.73,-1.34,-1.98,-0.73,1.98,46.1068,45.641,45.1753,44.7096,44.2439,43.7781,43.3124,42.8467,42.381,41.9152,41.4495,40.9838,40.5181,40.0523,39.5866,39.1209,38.1894,37.7237,37.258,36.7923,36.3265,35.8608,35.3951,34.9294,1,46.1068,True,False,False,False,False,False,False,False,False,False,False,False,False,False,False,False,False,False,False,False,False,False,False,False
AAPL,2019-06-17 04:00:00+00:00,46.27264275521919,46.766796410926815,46.09753216640612,46.51012420654297,58676400,2019,6,24,Monday,46.4118,46.23426818847656,0.6,0.08,-0.3,0.6,0.3,45.7719,45.3096,44.8472,44.3849,43.9226,43.4602,42.9979,42.5355,42.0732,41.6108,41.1485,40.6862,40.2238,39.7615,39.2991,38.8368,37.9121,37.4498,36.9874,36.5251,36.0627,35.6004,35.138,34.6757,0,0.0,False,False,False,False,False,False,False,False,False,False,False,False,False,False,False,False,False,False,False,False,False,False,False,False
AAPL,2019-06-18 04:00:00+00:00,47.028265415186674,48.045349745694665,46.82676799049305,47.60397338867188,106204000,2019,6,24,Tuesday,47.3761,46.51012420654297,2.35,1.11,0.68,2.35,-0.68,46.045,45.5799,45.1148,44.6497,44.1846,43.7195,43.2544,42.7893,42.3242,41.8591,41.394,40.9289,40.4638,39.9987,39.5336,39.0685,38.1383,37.6732,37.2081,36.743,36.2779,35.8128,35.3477,34.8826,0,0.0,False,False,False,False,False,False,False,False,False,False,False,False,False,False,False,False,False,False,False,False,False,False,False,False
AAPL,2019-06-19 04:00:00+00:00,47.899027886783216,47.947006605902274,47.33051593579359,47.46484756469727,84496800,2019,6,24,Wednesday,47.6603,47.60397338867188,-0.29,0.62,-0.57,-0.29,0.57,47.1279,46.6519,46.1759,45.6998,45.2238,44.7477,44.2717,43.7957,43.3196,42.8436,42.3675,41.8915,41.4155,40.9394,40.4634,39.9873,39.0353,38.5592,38.0832,37.6071,37.1311,36.6551,36.179,35.703,0,0.0,False,False,False,False,False,False,False,False,False,False,False,False,False,False,False,False,False,False,False,False,False,False,False,False
AAPL,2019-06-20 04:00:00+00:00,48.06454714761381,48.12211941703031,47.503231246787394,47.84626007080078,86056000,2019,6,24,Thursday,47.884,47.46484756469727,0.8,1.26,0.08,0.8,-0.08,46.9902,46.5156,46.0409,45.5663,45.0916,44.617,44.1423,43.6677,43.193,42.7184,42.2437,41.7691,41.2944,40.8198,40.3451,39.8705,38.9212,38.4465,37.9719,37.4972,37.0226,36.5479,36.0733,35.5986,0,0.0,False,False,False,False,False,False,False,False,False,False,False,False,False,False,False,False,False,False,False,False,False,False,False,False
AAPL,2019-06-21 04:00:00+00:00,47.68794222022281,48.17969486399945,47.53201868620141,47.683143615722656,191202400,2019,6,24,Friday,47.7707,47.84626007080078,-0.34,-0.33,-0.66,-0.34,0.66,47.3678,46.8893,46.4109,45.9324,45.4539,44.9755,44.497,44.0186,43.5401,43.0616,42.5832,42.1047,41.6262,41.1478,40.6693,40.1909,39.2339,38.7555,38.277,37.7985,37.3201,36.8416,36.3632,35.8847,0,0.0,False,False,False,False,False,False,False,False,False,False,False,False,False,False,False,False,False,False,False,False,False,False,False,False
AAPL,2019-06-24 04:00:00+00:00,47.62556514576405,48.01417153393236,47.5368111055046,47.635162353515625,72881600,2019,6,25,Monday,47.7029,47.683143615722656,-0.1,-0.12,-0.31,-0.1,0.31,47.2063,46.7295,46.2526,45.7758,45.299,44.8222,44.3453,43.8685,43.3917,42.9148,42.438,41.9612,41.4843,41.0075,40.5307,40.0538,39.1002,38.6233,38.1465,37.6697,37.1929,36.716,36.2392,35.7624,0,0.0,False,False,False,False,False,False,False,False,False,False,False,False,False,False,False,False,False,False,False,False,False,False,False,False
AAPL,2019-06-25 04:00:00+00:00,47.59918205120318,47.7982820346606,46.84596223512048,46.91313171386719,84281200,2019,6,25,Tuesday,47.2891,47.635162353515625,-1.52,-0.08,-1.66,-1.52,1.66,47.1588,46.6825,46.2061,45.7298,45.2534,44.7771,44.3007,43.8243,43.348,42.8716,42.3953,41.9189,41.4426,40.9662,40.4899,40.0135,39.0608,38.5845,38.1081,37.6318,37.1554,36.6791,36.2027,35.7264,1,47.1588,True,False,False,False,False,False,False,False,False,False,False,False,False,False,False,False,False,False,False,False,False,False,False,False
AAPL,2019-06-26 04:00:00+00:00,47.44085673668173,48.21326717963679,47.34010802589567,47.92781066894531,104270000,2019,6,25,Wednesday,47.7305,46.91313171386719,2.16,1.12,0.91,2.16,-0.91,46.444,45.9749,45.5057,45.0366,44.5675,44.0983,43.6292,43.1601,42.6909,42.2218,41.7527,41.2836,40.8144,40.3453,39.8762,39.407,38.4688,37.9996,37.5305,37.0614,36.5922,36.1231,35.654,35.1848,0,0.0,False,False,False,False,False,False,False,False,False,False,False,False,False,False,False,False,False,False,False,False,False,False,False,False
AAPL,2019-06-27 04:00:00+00:00,48.04536359755922,48.352412086906185,47.87265408392975,47.91343307495117,83598800,2019,6,25,Thursday,48.046,47.92781066894531,-0.03,0.25,-0.12,-0.03,0.12,47.4485,46.9693,46.49,46.0107,45.5314,45.0521,44.5729,44.0936,43.6143,43.135,42.6558,42.1765,41.6972,41.2179,40.7386,40.2594,39.3008,38.8215,38.3422,37.863,37.3837,36.9044,36.4251,35.9459,0,0.0,False,False,False,False,False,False,False,False,False,False,False,False,False,False,False,False,False,False,False,False,False,False,False,False
AAPL,2019-06-28 04:00:00+00:00,47.65913999708732,47.85584245986299,47.26813986346088,47.47683334350586,124442400,2019,6,25,Friday,47.565,47.91343307495117,-0.91,-0.53,-1.35,-0.91,1.35,47.4343,46.9552,46.476,45.9969,45.5178,45.0386,44.5595,44.0804,43.6012,43.1221,42.643,42.1638,41.6847,41.2056,40.7264,40.2473,39.289,38.8099,38.3307,37.8516,37.3725,36.8933,36.4142,35.9351,1,47.4343,True,False,False,False,False,False,False,False,False,False,False,False,False,False,False,False,False,False,False,False,False,False,False,False
AAPL,2019-07-01 04:00:00+00:00,48.73621326057921,49.05285527976728,48.13171718956926,48.34761047363281,109012000,2019,7,26,Monday,48.5671,47.47683334350586,1.83,2.65,1.38,1.83,-1.38,47.0021,46.5273,46.0525,45.5778,45.103,44.6282,44.1535,43.6787,43.2039,42.7292,42.2544,41.7796,41.3048,40.8301,40.3553,39.8805,38.931,38.4562,37.9815,37.5067,37.0319,36.5572,36.0824,35.6076,0,0.0,False,False,False,False,False,False,False,False,False,False,False,False,False,False,False,False,False,False,False,False,False,False,False,False
AAPL,2019-07-02 04:00:00+00:00,48.3140226837871,48.726614791836525,48.30202800361749,48.63066101074219,67740800,2019,7,26,Tuesday,48.4933,48.34761047363281,0.59,-0.07,-0.09,0.59,0.09,47.8641,47.3807,46.8972,46.4137,45.9302,45.4468,44.9633,44.4798,43.9963,43.5128,43.0294,42.5459,42.0624,41.5789,41.0955,40.612,39.645,39.1616,38.6781,38.1946,37.7111,37.2277,36.7442,36.2607,0,0.0,False,False,False,False,False,False,False,False,False,False,False,False,False,False,False,False,False,False,False,False,False,False,False,False
AAPL,2019-07-03 04:00:00+00:00,48.76258889543775,49.040849334400335,48.62106120433613,49.033653259277344,45448000,2019,7,26,Wednesday,48.8645,48.63066101074219,0.83,0.27,-0.02,0.83,0.02,48.1444,47.658,47.1717,46.6854,46.1991,45.7128,45.2265,44.7402,44.2539,43.7676,43.2813,42.795,42.3087,41.8224,41.3361,40.8498,39.8771,39.3908,38.9045,38.4182,37.9319,37.4456,36.9593,36.473,0,0.0,False,False,False,False,False,False,False,False,False,False,False,False,False,False,False,False,False,False,False,False,False,False,False,False
AAPL,2019-07-05 04:00:00+00:00,48.77938372352639,49.19437326324015,48.67143527273621,48.99047470092773,69062000,2019,7,26,Friday,48.9089,49.033653259277344,-0.09,-0.52,-0.74,-0.09,0.74,48.5433,48.053,47.5626,47.0723,46.582,46.0916,45.6013,45.111,44.6206,44.1303,43.64,43.1496,42.6593,42.1689,41.6786,41.1883,40.2076,39.7173,39.2269,38.7366,38.2462,37.7559,37.2656,36.7752,0,0.0,False,False,False,False,False,False,False,False,False,False,False,False,False,False,False,False,False,False,False,False,False,False,False,False
AAPL,2019-07-08 04:00:00+00:00,48.17009741881476,48.31162513864177,47.59438933055346,47.980594635009766,101354400,2019,7,27,Monday,48.0142,48.99047470092773,-2.06,-1.67,-2.85,-2.06,2.85,48.5006,48.0107,47.5208,47.0309,46.541,46.051,45.5611,45.0712,44.5813,44.0914,43.6015,43.1116,42.6217,42.1318,41.6419,41.152,40.1722,39.6823,39.1924,38.7025,38.2126,37.7227,37.2328,36.7429,2,96.5112,True,True,False,False,False,False,False,False,False,False,False,False,False,False,False,False,False,False,False,False,False,False,False,False
AAPL,2019-07-09 04:00:00+00:00,47.78388027305323,48.337999994247646,47.69032764038744,48.27323532104492,82312000,2019,7,27,Tuesday,48.0214,47.980594635009766,0.61,-0.41,-0.6,0.61,0.6,47.5008,47.021,46.5412,46.0614,45.5816,45.1018,44.622,44.1421,43.6623,43.1825,42.7027,42.2229,41.7431,41.2633,40.7835,40.3037,39.3441,38.8643,38.3845,37.9047,37.4249,36.9451,36.4653,35.9854,0,0.0,False,False,False,False,False,False,False,False,False,False,False,False,False,False,False,False,False,False,False,False,False,False,False,False
AAPL,2019-07-10 04:00:00+00:00,48.41956465038152,48.87053456066116,48.34999770925987,48.75059509277344,71588400,2019,7,27,Wednesday,48.5977,48.27323532104492,0.99,0.3,0.16,0.99,-0.16,47.7905,47.3078,46.825,46.3423,45.8596,45.3768,44.8941,44.4114,43.9286,43.4459,42.9632,42.4804,41.9977,41.515,41.0323,40.5495,39.5841,39.1013,38.6186,38.1359,37.6531,37.1704,36.6877,36.2049,0,0.0,False,False,False,False,False,False,False,False,False,False,False,False,False,False,False,False,False,False,False,False,False,False,False,False
AAPL,2019-07-11 04:00:00+00:00,48.769787040376364,49.02885673658535,48.3859829299003,48.39557647705078,80767200,2019,7,27,Thursday,48.6451,48.75059509277344,-0.73,0.04,-0.75,-0.73,0.75,48.2631,47.7756,47.2881,46.8006,46.3131,45.8256,45.3381,44.8505,44.363,43.8755,43.388,42.9005,42.413,41.9255,41.438,40.9505,39.9755,39.488,39.0005,38.513,38.0255,37.538,37.0505,36.5629,0,0.0,False,False,False,False,False,False,False,False,False,False,False,False,False,False,False,False,False,False,False,False,False,False,False,False
AAPL,2019-07-12 04:00:00+00:00,48.56348883474135,48.93530190973537,48.50351910200883,48.76738739013672,70380800,2019,7,27,Friday,48.6924,48.39557647705078,0.77,0.35,0.22,0.77,-0.22,47.9116,47.4277,46.9437,46.4598,45.9758,45.4918,45.0079,44.5239,44.04,43.556,43.0721,42.5881,42.1042,41.6202,41.1362,40.6523,39.6844,39.2004,38.7165,38.2325,37.7485,37.2646,36.7806,36.2967,0,0.0,False,False,False,False,False,False,False,False,False,False,False,False,False,False,False,False,False,False,False,False,False,False,False,False
AAPL,2019-07-15 04:00:00+00:00,48.95689991870288,49.383884208266856,48.93531168906781,49.22556686401367,67789600,2019,7,28,Monday,49.1254,48.76738739013672,0.94,0.39,0.34,0.94,-0.34,48.2797,47.792,47.3044,46.8167,46.329,45.8413,45.3537,44.866,44.3783,43.8906,43.403,42.9153,42.4276,41.94,41.4523,40.9646,39.9893,39.5016,39.0139,38.5262,38.0386,37.5509,37.0632,36.5755,0,0.0,False,False,False,False,False,False,False,False,False,False,False,False,False,False,False,False,False,False,False,False,False,False,False,False
AAPL,2019-07-16 04:00:00+00:00,49.07683648884896,49.44145353991296,48.81536929589903,49.05524826049805,67467200,2019,7,28,Tuesday,49.0972,49.22556686401367,-0.35,-0.3,-0.83,-0.35,0.83,48.7333,48.2411,47.7488,47.2565,46.7643,46.272,45.7798,45.2875,44.7953,44.303,43.8108,43.3185,42.8262,42.334,41.8417,41.3495,40.365,39.8727,39.3805,38.8882,38.3959,37.9037,37.4114,36.9192,0,0.0,False,False,False,False,False,False,False,False,False,False,False,False,False,False,False,False,False,False,False,False,False,False,False,False
AAPL,2019-07-17 04:00:00+00:00,48.947291485736685,49.19676393738198,48.7601862319373,48.77937698364258,56430000,2019,7,28,Wednesday,48.9209,49.05524826049805,-0.56,-0.22,-0.6,-0.56,0.6,48.5647,48.0741,47.5836,47.093,46.6025,46.1119,45.6214,45.1308,44.6403,44.1497,43.6592,43.1686,42.6781,42.1875,41.697,41.2064,40.2253,39.7348,39.2442,38.7536,38.2631,37.7725,37.282,36.7914,0,0.0,False,False,False,False,False,False,False,False,False,False,False,False,False,False,False,False,False,False,False,False,False,False,False,False
AAPL,2019-07-18 04:00:00+00:00,48.93530380392419,49.38627738281287,48.863339389807166,49.33350372314453,74162400,2019,7,28,Thursday,49.1296,48.77937698364258,1.14,0.32,0.17,1.14,-0.17,48.2916,47.8038,47.316,46.8282,46.3404,45.8526,45.3648,44.877,44.3892,43.9014,43.4136,42.9259,42.4381,41.9503,41.4625,40.9747,39.9991,39.5113,39.0235,38.5357,38.0479,37.5601,37.0723,36.5845,0,0.0,False,False,False,False,False,False,False,False,False,False,False,False,False,False,False,False,False,False,False,False,False,False,False,False
AAPL,2019-07-19 04:00:00+00:00,49.36468833682032,49.53500400468843,48.54190528146498,48.597076416015625,83717200,2019,7,28,Friday,49.0097,49.33350372314453,-1.49,0.06,-1.6,-1.49,1.6,48.8402,48.3468,47.8535,47.3602,46.8668,46.3735,45.8802,45.3868,44.8935,44.4002,43.9068,43.4135,42.9201,42.4268,41.9335,41.4401,40.4535,39.9601,39.4668,38.9735,38.4801,37.9868,37.4935,37.0001,1,48.8402,True,False,False,False,False,False,False,False,False,False,False,False,False,False,False,False,False,False,False,False,False,False,False,False
AAPL,2019-07-22 04:00:00+00:00,48.851348259798,49.71011536738977,48.84175471200776,49.70771789550781,89111600,2019,7,29,Monday,49.2777,48.597076416015625,2.29,0.52,0.5,2.29,-0.5,48.1111,47.6251,47.1392,46.6532,46.1672,45.6813,45.1953,44.7093,44.2233,43.7374,43.2514,42.7654,42.2795,41.7935,41.3075,40.8215,39.8496,39.3636,38.8777,38.3917,37.9057,37.4197,36.9338,36.4478,0,0.0,False,False,False,False,False,False,False,False,False,False,False,False,False,False,False,False,False,False,False,False,False,False,False,False
AAPL,2019-07-23 04:00:00+00:00,50.0051581669065,50.11310294214756,49.72449662691352,50.096309661865234,73420800,2019,7,29,Tuesday,49.9848,49.70771789550781,0.78,0.6,0.03,0.78,-0.03,49.2106,48.7136,48.2165,47.7194,47.2223,46.7253,46.2282,45.7311,45.234,44.7369,44.2399,43.7428,43.2457,42.7486,42.2516,41.7545,40.7603,40.2633,39.7662,39.2691,38.772,38.2749,37.7779,37.2808,0,0.0,False,False,False,False,False,False,False,False,False,False,False,False,False,False,False,False,False,False,False,False,False,False,False,False
AAPL,2019-07-24 04:00:00+00:00,49.81565544008235,50.17067522082073,49.69571597872704,50.05553436279297,59966400,2019,7,29,Wednesday,49.9344,50.096309661865234,-0.08,-0.56,-0.8,-0.08,0.8,49.5953,49.0944,48.5934,48.0925,47.5915,47.0905,46.5896,46.0886,45.5876,45.0867,44.5857,44.0848,43.5838,43.0828,42.5819,42.0809,41.079,40.578,40.077,39.5761,39.0751,38.5742,38.0732,37.5722,0,0.0,False,False,False,False,False,False,False,False,False,False,False,False,False,False,False,False,False,False,False,False,False,False,False,False
AAPL,2019-07-25 04:00:00+00:00,50.1083129059347,50.19227200117714,49.59017350388009,49.65974044799805,55638400,2019,7,29,Thursday,49.8876,50.05553436279297,-0.79,0.11,-0.93,-0.79,0.93,49.555,49.0544,48.5539,48.0533,47.5528,47.0522,46.5516,46.0511,45.5505,45.05,44.5494,44.0489,43.5483,43.0478,42.5472,42.0466,41.0455,40.545,40.0444,39.5439,39.0433,38.5428,38.0422,37.5417,0,0.0,False,False,False,False,False,False,False,False,False,False,False,False,False,False,False,False,False,False,False,False,False,False,False,False
AAPL,2019-07-26 04:00:00+00:00,49.770083811464765,50.30981145211332,49.688525846451945,49.83245468139648,70475600,2019,7,29,Friday,49.9002,49.65974044799805,0.35,0.22,0.06,0.35,-0.06,49.1631,48.6665,48.1699,47.6734,47.1768,46.6802,46.1836,45.687,45.1904,44.6938,44.1972,43.7006,43.204,42.7074,42.2108,41.7142,40.721,40.2244,39.7278,39.2312,38.7346,38.238,37.7414,37.2448,0,0.0,False,False,False,False,False,False,False,False,False,False,False,False,False,False,False,False,False,False,False,False,False,False,False,False
AAPL,2019-07-29 04:00:00+00:00,50.005164481793365,50.5280988040165,50.00036587821219,50.297813415527344,86693600,2019,7,30,Monday,50.2079,49.83245468139648,0.93,0.35,0.34,0.93,-0.34,49.3341,48.8358,48.3375,47.8392,47.3408,46.8425,46.3442,45.8459,45.3475,44.8492,44.3509,43.8526,43.3542,42.8559,42.3576,41.8593,40.8626,40.3643,39.866,39.3676,38.8693,38.371,37.8727,37.3743,0,0.0,False,False,False,False,False,False,False,False,False,False,False,False,False,False,False,False,False,False,False,False,False,False,False,False
AAPL,2019-07-30 04:00:00+00:00,50.07713346350136,50.41296622439202,49.72930968208036,50.08193206787109,135742800,2019,7,30,Tuesday,50.0753,50.297813415527344,-0.43,-0.44,-1.13,-0.43,1.13,49.7948,49.2919,48.7889,48.2859,47.7829,47.2799,46.777,46.274,45.771,45.268,44.7651,44.2621,43.7591,43.2561,42.7531,42.2502,41.2442,40.7412,40.2383,39.7353,39.2323,38.7293,38.2263,37.7234,1,49.7948,True,False,False,False,False,False,False,False,False,False,False,False,False,False,False,False,False,False,False,False,False,False,False,False
AAPL,2019-07-31 04:00:00+00:00,51.91459361995399,53.101993500566685,50.68641476359228,51.10380172729492,277125600,2019,7,30,Wednesday,51.7017,50.08193206787109,2.04,3.66,1.21,2.04,-1.21,49.5811,49.0803,48.5795,48.0787,47.5778,47.077,46.5762,46.0754,45.5746,45.0737,44.5729,44.0721,43.5713,43.0705,42.5696,42.0688,41.0672,40.5664,40.0655,39.5647,39.0639,38.5631,38.0623,37.5614,0,0.0,False,False,False,False,False,False,False,False,False,False,False,False,False,False,False,False,False,False,False,False,False,False,False,False
AAPL,2019-08-01 04:00:00+00:00,51.31010097396327,52.300802112845126,49.59257064002337,49.99796295166016,216071600,2019,8,30,Thursday,50.8004,51.10380172729492,-2.16,0.4,-2.96,-2.16,2.96,50.5928,50.0817,49.5707,49.0596,48.5486,48.0376,47.5265,47.0155,46.5045,45.9934,45.4824,44.9713,44.4603,43.9493,43.4382,42.9272,41.9051,41.3941,40.883,40.372,39.861,39.3499,38.8389,38.3279,2,100.6745,True,True,False,False,False,False,False,False,False,False,False,False,False,False,False,False,False,False,False,False,False,False,False,False
AAPL,2019-08-02 04:00:00+00:00,49.30231749976287,49.51820707839303,48.36679111201602,48.94010162353516,163448400,2019,8,30,Friday,49.0319,49.99796295166016,-2.12,-1.39,-3.26,-2.12,3.26,49.498,48.998,48.498,47.998,47.4981,46.9981,46.4981,45.9981,45.4981,44.9982,44.4982,43.9982,43.4982,42.9982,42.4983,41.9983,40.9983,40.4983,39.9984,39.4984,38.9984,38.4984,37.9985,37.4985,3,146.994,True,True,True,False,False,False,False,False,False,False,False,False,False,False,False,False,False,False,False,False,False,False,False,False
AAPL,2019-08-05 04:00:00+00:00,47.49363997012424,47.6519573131319,46.19589382619503,46.37820053100586,209572000,2019,8,31,Monday,46.9299,48.94010162353516,-5.23,-2.96,-5.61,-5.23,5.61,48.4507,47.9613,47.4719,46.9825,46.4931,46.0037,45.5143,45.0249,44.5355,44.0461,43.5567,43.0673,42.5779,42.0885,41.5991,41.1097,40.1309,39.6415,39.1521,38.6627,38.1733,37.6839,37.1945,36.7051,5,237.3595,True,True,True,True,True,False,False,False,False,False,False,False,False,False,False,False,False,False,False,False,False,False,False,False
AAPL,2019-08-06 04:00:00+00:00,47.09063984703528,47.51282917529694,46.54611356220465,47.25615692138672,143299200,2019,8,31,Tuesday,47.1014,46.37820053100586,1.89,1.54,0.36,1.89,-0.36,45.9144,45.4506,44.9869,44.5231,44.0593,43.5955,43.1317,42.6679,42.2042,41.7404,41.2766,40.8128,40.349,39.8853,39.4215,38.9577,38.0301,37.5663,37.1026,36.6388,36.175,35.7112,35.2474,34.7837,0,0.0,False,False,False,False,False,False,False,False,False,False,False,False,False,False,False,False,False,False,False,False,False,False,False,False
AAPL,2019-08-07 04:00:00+00:00,46.874744411167086,47.87024054524412,46.493337776109705,47.74550247192383,133457600,2019,8,31,Wednesday,47.246,47.25615692138672,1.04,-0.81,-1.61,1.04,1.61,46.7836,46.311,45.8385,45.3659,44.8933,44.4208,43.9482,43.4757,43.0031,42.5305,42.058,41.5854,41.1129,40.6403,40.1677,39.6952,38.75,38.2775,37.8049,37.3324,36.8598,36.3872,35.9147,35.4421,1,46.7836,True,False,False,False,False,False,False,False,False,False,False,False,False,False,False,False,False,False,False,False,False,False,False,False
AAPL,2019-08-08 04:00:00+00:00,48.02377958113092,48.822577165431966,47.82947815851293,48.798587799072266,108038000,2019,8,31,Thursday,48.3686,47.74550247192383,2.21,0.58,0.18,2.21,-0.18,47.268,46.7906,46.3131,45.8357,45.3582,44.8808,44.4033,43.9259,43.4484,42.971,42.4935,42.016,41.5386,41.0611,40.5837,40.1062,39.1513,38.6739,38.1964,37.7189,37.2415,36.764,36.2866,35.8091,0,0.0,False,False,False,False,False,False,False,False,False,False,False,False,False,False,False,False,False,False,False,False,False,False,False,False
AAPL,2019-08-09 04:00:00+00:00,48.47109063702913,48.82264243571531,47.98709975747671,48.396446228027344,98478800,2019,8,31,Friday,48.4193,48.798587799072266,-0.82,-0.67,-1.66,-0.82,1.66,48.3106,47.8226,47.3346,46.8466,46.3587,45.8707,45.3827,44.8947,44.4067,43.9187,43.4307,42.9428,42.4548,41.9668,41.4788,40.9908,40.0148,39.5269,39.0389,38.5509,38.0629,37.5749,37.0869,36.5989,1,48.3106,True,False,False,False,False,False,False,False,False,False,False,False,False,False,False,False,False,False,False,False,False,False,False,False
AAPL,2019-08-12 04:00:00+00:00,48.06656746480503,48.65168991337772,47.95339570878828,48.27364730834961,89927600,2019,8,32,Monday,48.2363,48.396446228027344,-0.25,-0.68,-0.92,-0.25,0.92,47.9125,47.4285,46.9446,46.4606,45.9766,45.4927,45.0087,44.5247,44.0408,43.5568,43.0728,42.5889,42.1049,41.6209,41.137,40.653,39.6851,39.2011,38.7172,38.2332,37.7492,37.2653,36.7813,36.2973,0,0.0,False,False,False,False,False,False,False,False,False,False,False,False,False,False,False,False,False,False,False,False,False,False,False,False
AAPL,2019-08-13 04:00:00+00:00,48.403679987994906,51.08126765927399,48.27365113393243,50.317962646484375,188874000,2019,8,32,Tuesday,49.5191,48.27364730834961,4.23,0.27,0.0,4.23,-0.0,47.7909,47.3082,46.8254,46.3427,45.86,45.3772,44.8945,44.4118,43.929,43.4463,42.9635,42.4808,41.9981,41.5153,41.0326,40.5499,39.5844,39.1017,38.6189,38.1362,37.6534,37.1707,36.688,36.2052,0,0.0,False,False,False,False,False,False,False,False,False,False,False,False,False,False,False,False,False,False,False,False,False,False,False,False
AAPL,2019-08-14 04:00:00+00:00,48.918968761504,49.70876082160388,48.7817164973543,48.82024383544922,146189600,2019,8,32,Wednesday,49.0574,50.317962646484375,-2.98,-2.78,-3.05,-2.98,3.05,49.8148,49.3116,48.8084,48.3052,47.8021,47.2989,46.7957,46.2925,45.7893,45.2862,44.783,44.2798,43.7766,43.2734,42.7703,42.2671,41.2607,40.7575,40.2544,39.7512,39.248,38.7448,38.2417,37.7385,3,147.9348,True,True,True,False,False,False,False,False,False,False,False,False,False,False,False,False,False,False,False,False,False,False,False,False
AAPL,2019-08-15 04:00:00+00:00,48.99120512730545,49.39573114261871,48.07860766376741,48.57704544067383,108909600,2019,8,32,Thursday,48.7606,48.82024383544922,-0.5,0.35,-1.52,-0.5,1.52,48.332,47.8438,47.3556,46.8674,46.3792,45.891,45.4028,44.9146,44.4264,43.9382,43.45,42.9618,42.4736,41.9854,41.4972,41.009,40.0326,39.5444,39.0562,38.568,38.0798,37.5916,37.1034,36.6152,1,48.332,True,False,False,False,False,False,False,False,False,False,False,False,False,False,False,False,False,False,False,False,False,False,False,False
AAPL,2019-08-16 04:00:00+00:00,49.18865448752808,49.88213190063552,49.08270614117341,49.72320938110352,110481600,2019,8,32,Friday,49.4692,48.57704544067383,2.36,1.26,1.04,2.36,-1.04,48.0913,47.6055,47.1197,46.634,46.1482,45.6624,45.1767,44.6909,44.2051,43.7193,43.2336,42.7478,42.262,41.7763,41.2905,40.8047,39.8332,39.3474,38.8616,38.3759,37.8901,37.4043,36.9186,36.4328,0,0.0,False,False,False,False,False,False,False,False,False,False,False,False,False,False,False,False,False,False,False,False,False,False,False,False
AAPL,2019-08-19 04:00:00+00:00,50.71527168637045,51.2233395654569,50.5732062354932,50.65026092529297,97654400,2019,8,33,Monday,50.7905,49.72320938110352,1.86,2.0,1.71,1.86,-1.71,49.226,48.7287,48.2315,47.7343,47.237,46.7398,46.2426,45.7454,45.2481,44.7509,44.2537,43.7564,43.2592,42.762,42.2647,41.7675,40.773,40.2758,39.7786,39.2813,38.7841,38.2869,37.7896,37.2924,0,0.0,False,False,False,False,False,False,False,False,False,False,False,False,False,False,False,False,False,False,False,False,False,False,False,False
AAPL,2019-08-20 04:00:00+00:00,50.7778762101982,51.37262873921867,50.64303418606183,50.65266418457031,107537200,2019,8,33,Tuesday,50.8616,50.65026092529297,0.0,0.25,-0.01,0.0,0.01,50.1438,49.6373,49.1308,48.6243,48.1177,47.6112,47.1047,46.5982,46.0917,45.5852,45.0787,44.5722,44.0657,43.5592,43.0527,42.5462,41.5332,41.0267,40.5202,40.0137,39.5072,39.0007,38.4942,37.9877,0,0.0,False,False,False,False,False,False,False,False,False,False,False,False,False,False,False,False,False,False,False,False,False,False,False,False
AAPL,2019-08-21 04:00:00+00:00,51.285945890829794,51.444864754007845,50.95124739959902,51.20166778564453,86141600,2019,8,33,Wednesday,51.2209,50.65266418457031,1.08,1.25,0.59,1.08,-0.59,50.1461,49.6396,49.1331,48.6266,48.12,47.6135,47.107,46.6005,46.0939,45.5874,45.0809,44.5743,44.0678,43.5613,43.0548,42.5482,41.5352,41.0287,40.5221,40.0156,39.5091,39.0026,38.496,37.9895,0,0.0,False,False,False,False,False,False,False,False,False,False,False,False,False,False,False,False,False,False,False,False,False,False,False,False
AAPL,2019-08-22 04:00:00+00:00,51.33409348642569,51.635081413266526,50.74656446536533,51.15831756591797,89014800,2019,8,33,Thursday,51.2185,51.20166778564453,-0.08,0.26,-0.89,-0.08,0.89,50.6897,50.1776,49.6656,49.1536,48.6416,48.1296,47.6176,47.1055,46.5935,46.0815,45.5695,45.0575,44.5455,44.0334,43.5214,43.0094,41.9854,41.4734,40.9613,40.4493,39.9373,39.4253,38.9133,38.4013,0,0.0,False,False,False,False,False,False,False,False,False,False,False,False,False,False,False,False,False,False,False,False,False,False,False,False
AAPL,2019-08-23 04:00:00+00:00,50.42872331972758,51.0595965612192,48.39886234899058,48.793758392333984,187272000,2019,8,33,Friday,49.6702,51.15831756591797,-4.62,-1.43,-5.39,-4.62,5.39,50.6467,50.1352,49.6236,49.112,48.6004,48.0888,47.5772,47.0657,46.5541,46.0425,45.5309,45.0193,44.5077,43.9962,43.4846,42.973,41.9498,41.4382,40.9267,40.4151,39.9035,39.3919,38.8803,38.3687,5,248.1178,True,True,True,True,True,False,False,False,False,False,False,False,False,False,False,False,False,False,False,False,False,False,False,False
AAPL,2019-08-26 04:00:00+00:00,49.569110812090805,49.88936247802089,49.3764777614495,49.72080993652344,104174400,2019,8,34,Monday,49.6389,48.793758392333984,1.9,1.59,1.19,1.9,-1.19,48.3058,47.8179,47.3299,46.842,46.3541,45.8661,45.3782,44.8903,44.4023,43.9144,43.4264,42.9385,42.4506,41.9626,41.4747,40.9868,40.0109,39.5229,39.035,38.5471,38.0591,37.5712,37.0833,36.5953,0,0.0,False,False,False,False,False,False,False,False,False,False,False,False,False,False,False,False,False,False,False,False,False,False,False,False
AAPL,2019-08-27 04:00:00+00:00,50.05069474734663,50.21684071804008,49.0080718316091,49.15977096557617,103493200,2019,8,34,Tuesday,49.6088,49.72080993652344,-1.13,0.66,-1.43,-1.13,1.43,49.2236,48.7264,48.2292,47.732,47.2348,46.7376,46.2404,45.7431,45.2459,44.7487,44.2515,43.7543,43.2571,42.7599,42.2627,41.7655,40.7711,40.2739,39.7766,39.2794,38.7822,38.285,37.7878,37.2906,1,49.2236,True,False,False,False,False,False,False,False,False,False,False,False,False,False,False,False,False,False,False,False,False,False,False,False
AAPL,2019-08-28 04:00:00+00:00,49.14531464085439,49.53539385383809,48.95749845133117,49.48964309692383,63755200,2019,8,34,Wednesday,49.282,49.15977096557617,0.67,-0.03,-0.41,0.67,0.41,48.6682,48.1766,47.685,47.1934,46.7018,46.2102,45.7186,45.227,44.7354,44.2438,43.7522,43.2606,42.769,42.2774,41.7858,41.2942,40.311,39.8194,39.3278,38.8362,38.3446,37.853,37.3614,36.8698,0,0.0,False,False,False,False,False,False,False,False,False,False,False,False,False,False,False,False,False,False,False,False,False,False,False,False
AAPL,2019-08-29 04:00:00+00:00,50.20478537823817,50.402235218626586,49.76173203895499,50.32758712768555,83962000,2019,8,34,Thursday,50.1741,49.48964309692383,1.69,1.45,0.55,1.69,-0.55,48.9947,48.4999,48.005,47.5101,47.0152,46.5203,46.0254,45.5305,45.0356,44.5407,44.0458,43.5509,43.056,42.5611,42.0662,41.5713,40.5815,40.0866,39.5917,39.0968,38.6019,38.107,37.6121,37.1172,0,0.0,False,False,False,False,False,False,False,False,False,False,False,False,False,False,False,False,False,False,False,False,False,False,False,False
AAPL,2019-08-30 04:00:00+00:00,50.604498899890494,50.674326482082,49.89175787455064,50.262577056884766,84573600,2019,8,34,Friday,50.3583,50.32758712768555,-0.13,0.55,-0.87,-0.13,0.87,49.8243,49.321,48.8178,48.3145,47.8112,47.3079,46.8047,46.3014,45.7981,45.2948,44.7916,44.2883,43.785,43.2817,42.7784,42.2752,41.2686,40.7653,40.2621,39.7588,39.2555,38.7522,38.249,37.7457,0,0.0,False,False,False,False,False,False,False,False,False,False,False,False,False,False,False,False,False,False,False,False,False,False,False,False
AAPL,2019-09-03 04:00:00+00:00,49.70635455546238,49.83878999443562,49.174209892728285,49.53057861328125,80092000,2019,9,35,Tuesday,49.5625,50.262577056884766,-1.46,-1.11,-2.17,-1.46,2.17,49.76,49.2573,48.7547,48.2521,47.7494,47.2468,46.7442,46.2416,45.7389,45.2363,44.7337,44.2311,43.7284,43.2258,42.7232,42.2206,41.2153,40.7127,40.2101,39.7074,39.2048,38.7022,38.1996,37.6969,2,99.0173,True,True,False,False,False,False,False,False,False,False,False,False,False,False,False,False,False,False,False,False,False,False,False,False
AAPL,2019-09-04 04:00:00+00:00,50.17830431941108,50.44076493705066,49.92066053786811,50.37093734741211,76752400,2019,9,35,Wednesday,50.2277,49.53057861328125,1.7,1.31,0.79,1.7,-0.79,49.0353,48.54,48.0447,47.5494,47.054,46.5587,46.0634,45.5681,45.0728,44.5775,44.0822,43.5869,43.0916,42.5963,42.101,41.6057,40.6151,40.1198,39.6245,39.1292,38.6339,38.1385,37.6432,37.1479,0,0.0,False,False,False,False,False,False,False,False,False,False,False,False,False,False,False,False,False,False,False,False,False,False,False,False
AAPL,2019-09-05 04:00:00+00:00,51.0475587296686,51.52191605519389,50.92957012499807,51.355770111083984,95654800,2019,9,35,Thursday,51.2137,50.37093734741211,1.96,1.34,1.11,1.96,-1.11,49.8672,49.3635,48.8598,48.3561,47.8524,47.3487,46.845,46.3413,45.8376,45.3338,44.8301,44.3264,43.8227,43.319,42.8153,42.3116,41.3042,40.8005,40.2967,39.793,39.2893,38.7856,38.2819,37.7782,0,0.0,False,False,False,False,False,False,False,False,False,False,False,False,False,False,False,False,False,False,False,False,False,False,False,False
AAPL,2019-09-06 04:00:00+00:00,51.541182424007545,51.63027369034283,51.170363175155885,51.350955963134766,77449200,2019,9,35,Friday,51.4232,51.355770111083984,-0.01,0.36,-0.36,-0.01,0.36,50.8422,50.3287,49.8151,49.3015,48.788,48.2744,47.7609,47.2473,46.7338,46.2202,45.7066,45.1931,44.6795,44.166,43.6524,43.1388,42.1117,41.5982,41.0846,40.5711,40.0575,39.5439,39.0304,38.5168,0,0.0,False,False,False,False,False,False,False,False,False,False,False,False,False,False,False,False,False,False,False,False,False,False,False,False
AAPL,2019-09-09 04:00:00+00:00,51.731397451538086,52.116663477775006,50.82362048552351,51.570068359375,109237600,2019,9,36,Monday,51.5604,51.350955963134766,0.43,0.74,-1.03,0.43,1.03,50.8374,50.3239,49.8104,49.2969,48.7834,48.2699,47.7564,47.2429,46.7294,46.2159,45.7024,45.1888,44.6753,44.1618,43.6483,43.1348,42.1078,41.5943,41.0808,40.5673,40.0537,39.5402,39.0267,38.5132,1,50.8374,True,False,False,False,False,False,False,False,False,False,False,False,False,False,False,False,False,False,False,False,False,False,False,False
AAPL,2019-09-10 04:00:00+00:00,51.4954241740746,52.19853155211733,50.97772639349312,52.17926788330078,127111600,2019,9,36,Tuesday,51.7127,51.570068359375,1.18,-0.14,-1.15,1.18,1.15,51.0544,50.5387,50.023,49.5073,48.9916,48.4759,47.9602,47.4445,46.9288,46.4131,45.8974,45.3817,44.866,44.3503,43.8346,43.3189,42.2875,41.7718,41.2561,40.7404,40.2247,39.709,39.1933,38.6776,1,51.0544,True,False,False,False,False,False,False,False,False,False,False,False,False,False,False,False,False,False,False,False,False,False,False,False
AAPL,2019-09-11 04:00:00+00:00,52.50915023491731,53.86720758039896,52.42727872846515,53.83831024169922,177158400,2019,9,36,Wednesday,53.1605,52.17926788330078,3.18,0.63,0.48,3.18,-0.48,51.6575,51.1357,50.6139,50.0921,49.5703,49.0485,48.5267,48.0049,47.4831,46.9613,46.4395,45.9178,45.396,44.8742,44.3524,43.8306,42.787,42.2652,41.7434,41.2216,40.6998,40.178,39.6562,39.1345,0,0.0,False,False,False,False,False,False,False,False,False,False,False,False,False,False,False,False,False,False,False,False,False,False,False,False
AAPL,2019-09-12 04:00:00+00:00,54.12966766793136,54.51974683219561,53.6625338333997,53.71791458129883,128906800,2019,9,36,Thursday,54.0075,53.83831024169922,-0.22,0.54,-0.33,-0.22,0.33,53.2999,52.7615,52.2232,51.6848,51.1464,50.608,50.0696,49.5312,48.9929,48.4545,47.9161,47.3777,46.8393,46.3009,45.7626,45.2242,44.1474,43.609,43.0706,42.5323,41.9939,41.4555,40.9171,40.3787,0,0.0,False,False,False,False,False,False,False,False,False,False,False,False,False,False,False,False,False,False,False,False,False,False,False,False
AAPL,2019-09-13 04:00:00+00:00,52.97387765066964,53.16410041287169,52.25632342762341,52.672889709472656,159053200,2019,9,36,Friday,52.7668,53.71791458129883,-1.95,-1.39,-2.72,-1.95,2.72,53.1807,52.6436,52.1064,51.5692,51.032,50.4948,49.9577,49.4205,48.8833,48.3461,47.8089,47.2718,46.7346,46.1974,45.6602,45.123,44.0487,43.5115,42.9743,42.4372,41.9,41.3628,40.8256,40.2884,2,105.8243,True,True,False,False,False,False,False,False,False,False,False,False,False,False,False,False,False,False,False,False,False,False,False,False
AAPL,2019-09-16 04:00:00+00:00,52.42728016772022,53.0051791933835,52.38634625045487,52.94979476928711,84632400,2019,9,37,Monday,52.6922,52.672889709472656,0.53,-0.47,-0.54,0.53,0.54,52.1462,51.6194,51.0927,50.566,50.0392,49.5125,48.9858,48.4591,47.9323,47.4056,46.8789,46.3521,45.8254,45.2987,44.772,44.2452,43.1918,42.665,42.1383,41.6116,41.0849,40.5581,40.0314,39.5047,0,0.0,False,False,False,False,False,False,False,False,False,False,False,False,False,False,False,False,False,False,False,False,False,False,False,False
AAPL,2019-09-17 04:00:00+00:00,52.9642582505265,53.171338142470326,52.76199152120304,53.14244079589844,73274800,2019,9,37,Tuesday,53.01,52.94979476928711,0.36,0.03,-0.35,0.36,0.35,52.4203,51.8908,51.3613,50.8318,50.3023,49.7728,49.2433,48.7138,48.1843,47.6548,47.1253,46.5958,46.0663,45.5368,45.0073,44.4778,43.4188,42.8893,42.3598,41.8303,41.3008,40.7713,40.2418,39.7123,0,0.0,False,False,False,False,False,False,False,False,False,False,False,False,False,False,False,False,False,False,False,False,False,False,False,False
AAPL,2019-09-18 04:00:00+00:00,53.2291122259332,53.66012899411973,52.83903304901028,53.64086532592773,101360000,2019,9,37,Wednesday,53.3423,53.14244079589844,0.94,0.16,-0.57,0.94,0.57,52.611,52.0796,51.5482,51.0167,50.4853,49.9539,49.4225,48.891,48.3596,47.8282,47.2968,46.7653,46.2339,45.7025,45.1711,44.6397,43.5768,43.0454,42.514,41.9825,41.4511,40.9197,40.3883,39.8568,0,0.0,False,False,False,False,False,False,False,False,False,False,False,False,False,False,False,False,False,False,False,False,False,False,False,False
AAPL,2019-09-19 04:00:00+00:00,53.45786691866771,53.87925005196079,53.062970872148405,53.205039978027344,88242400,2019,9,37,Thursday,53.4013,53.64086532592773,-0.81,-0.34,-1.08,-0.81,1.08,53.1045,52.568,52.0316,51.4952,50.9588,50.4224,49.886,49.3496,48.8132,48.2768,47.7404,47.204,46.6676,46.1311,45.5947,45.0583,43.9855,43.4491,42.9127,42.3763,41.8399,41.3035,40.7671,40.2306,1,53.1045,True,False,False,False,False,False,False,False,False,False,False,False,False,False,False,False,False,False,False,False,False,False,False,False
AAPL,2019-09-20 04:00:00+00:00,53.30616738370734,53.590298225244,52.3646762594586,52.42728042602539,221652400,2019,9,37,Friday,52.9221,53.205039978027344,-1.46,0.19,-1.58,-1.46,1.58,52.673,52.1409,51.6089,51.0768,50.5448,50.0127,49.4807,48.9486,48.4166,47.8845,47.3525,46.8204,46.2884,45.7563,45.2243,44.6922,43.6281,43.0961,42.564,42.032,41.4999,40.9679,40.4358,39.9038,1,52.673,True,False,False,False,False,False,False,False,False,False,False,False,False,False,False,False,False,False,False,False,False,False,False,False
AAPL,2019-09-23 04:00:00+00:00,52.72104160485233,52.93534484990348,52.408013443475554,52.6656608581543,76662000,2019,9,38,Monday,52.6825,52.42728042602539,0.45,0.56,-0.04,0.45,0.04,51.903,51.3787,50.8545,50.3302,49.8059,49.2816,48.7574,48.2331,47.7088,47.1846,46.6603,46.136,45.6117,45.0875,44.5632,44.0389,42.9904,42.4661,41.9418,41.4176,40.8933,40.369,39.8447,39.3205,0,0.0,False,False,False,False,False,False,False,False,False,False,False,False,False,False,False,False,False,False,False,False,False,False,False,False
AAPL,2019-09-24 04:00:00+00:00,53.2218865043255,53.57344200380583,52.29725251617482,52.41523742675781,124763200,2019,9,38,Tuesday,52.877,52.6656608581543,-0.48,1.06,-0.7,-0.48,0.7,52.139,51.6123,51.0857,50.559,50.0324,49.5057,48.9791,48.4524,47.9258,47.3991,46.8724,46.3458,45.8191,45.2925,44.7658,44.2392,43.1858,42.6592,42.1325,41.6059,41.0792,40.5526,40.0259,39.4992,0,0.0,False,False,False,False,False,False,False,False,False,False,False,False,False,False,False,False,False,False,False,False,False,False,False,False
AAPL,2019-09-25 04:00:00+00:00,52.624730470874646,53.335061251581074,52.28521520368025,53.22188949584961,87613600,2019,9,38,Wednesday,52.8667,52.41523742675781,1.54,0.4,-0.25,1.54,0.25,51.8911,51.3669,50.8428,50.3186,49.7945,49.2703,48.7462,48.222,47.6979,47.1737,46.6496,46.1254,45.6013,45.0771,44.553,44.0288,42.9805,42.4563,41.9322,41.408,40.8839,40.3597,39.8356,39.3114,0,0.0,False,False,False,False,False,False,False,False,False,False,False,False,False,False,False,False,False,False,False,False,False,False,False,False
AAPL,2019-09-26 04:00:00+00:00,52.973874779669096,53.20021828704927,52.6921505228775,52.9473876953125,75334000,2019,9,38,Thursday,52.9534,53.22188949584961,-0.52,-0.47,-1.0,-0.52,1.0,52.6897,52.1575,51.6252,51.093,50.5608,50.0286,49.4964,48.9641,48.4319,47.8997,47.3675,46.8353,46.303,45.7708,45.2386,44.7064,43.6419,43.1097,42.5775,42.0453,41.5131,40.9809,40.4486,39.9164,0,0.0,False,False,False,False,False,False,False,False,False,False,False,False,False,False,False,False,False,False,False,False,False,False,False,False
AAPL,2019-09-27 04:00:00+00:00,53.10390672868572,53.205041917632,52.31893144303567,52.68975067138672,101408000,2019,9,38,Friday,52.8294,52.9473876953125,-0.49,0.3,-1.19,-0.49,1.19,52.4179,51.8884,51.359,50.8295,50.3,49.7705,49.2411,48.7116,48.1821,47.6526,47.1232,46.5937,46.0642,45.5348,45.0053,44.4758,43.4169,42.8874,42.3579,41.8284,41.299,40.7695,40.24,39.7105,1,52.4179,True,False,False,False,False,False,False,False,False,False,False,False,False,False,False,False,False,False,False,False,False,False,False,False
AAPL,2019-09-30 04:00:00+00:00,53.19058903122688,54.07669946621,53.16410194467161,53.92981719970703,103909600,2019,9,39,Monday,53.5903,52.68975067138672,2.35,0.95,0.9,2.35,-0.9,52.1629,51.636,51.1091,50.5822,50.0553,49.5284,49.0015,48.4746,47.9477,47.4208,46.8939,46.367,45.8401,45.3132,44.7863,44.2594,43.2056,42.6787,42.1518,41.6249,41.098,40.5711,40.0442,39.5173,0,0.0,False,False,False,False,False,False,False,False,False,False,False,False,False,False,False,False,False,False,False,False,False,False,False,False
AAPL,2019-10-01 04:00:00+00:00,54.19467974821652,54.95316779581715,53.985189668822,54.079097747802734,139223200,2019,10,39,Tuesday,54.303,53.92981719970703,0.28,0.49,0.1,0.28,-0.1,53.3905,52.8512,52.3119,51.7726,51.2333,50.694,50.1547,49.6154,49.0761,48.5368,47.9975,47.4582,46.9189,46.3796,45.8403,45.301,44.2225,43.6832,43.1439,42.6046,42.0653,41.526,40.9867,40.4474,0,0.0,False,False,False,False,False,False,False,False,False,False,False,False,False,False,False,False,False,False,False,False,False,False,False,False
AAPL,2019-10-02 04:00:00+00:00,53.71070723810874,53.8359192776784,52.47545128273094,52.72346878051758,138449200,2019,10,39,Wednesday,53.1864,54.079097747802734,-2.51,-0.68,-2.97,-2.51,2.97,53.5383,52.9975,52.4567,51.9159,51.3751,50.8344,50.2936,49.7528,49.212,48.6712,48.1304,47.5896,47.0488,46.508,45.9672,45.4264,44.3449,43.8041,43.2633,42.7225,42.1817,41.6409,41.1001,40.5593,2,106.5358,True,True,False,False,False,False,False,False,False,False,False,False,False,False,False,False,False,False,False,False,False,False,False,False
AAPL,2019-10-03 04:00:00+00:00,52.5958332325223,53.20503618488711,51.80122803429767,53.17132568359375,114426000,2019,10,39,Thursday,52.6934,52.72346878051758,0.85,-0.24,-1.75,0.85,1.75,52.1962,51.669,51.1418,50.6145,50.0873,49.5601,49.0328,48.5056,47.9784,47.4511,46.9239,46.3967,45.8694,45.3422,44.8149,44.2877,43.2332,42.706,42.1788,41.6515,41.1243,40.5971,40.0698,39.5426,1,52.1962,True,False,False,False,False,False,False,False,False,False,False,False,False,False,False,False,False,False,False,False,False,False,False,False
AAPL,2019-10-04 04:00:00+00:00,54.33194162523464,54.77740530141983,53.91055845690742,54.66182327270508,138478800,2019,10,39,Friday,54.4204,53.17132568359375,2.8,2.18,1.39,2.8,-1.39,52.6396,52.1079,51.5762,51.0445,50.5128,49.981,49.4493,48.9176,48.3859,47.8542,47.3225,46.7908,46.2591,45.7273,45.1956,44.6639,43.6005,43.0688,42.5371,42.0053,41.4736,40.9419,40.4102,39.8785,0,0.0,False,False,False,False,False,False,False,False,False,False,False,False,False,False,False,False,False,False,False,False,False,False,False,False
AAPL,2019-10-07 04:00:00+00:00,54.48362827165337,55.36491807533831,54.38008652056568,54.6738510131836,122306000,2019,10,40,Monday,54.7256,54.66182327270508,0.02,-0.33,-0.52,0.02,0.52,54.1152,53.5686,53.022,52.4754,51.9287,51.3821,50.8355,50.2889,49.7423,49.1956,48.649,48.1024,47.5558,47.0092,46.4625,45.9159,44.8227,44.2761,43.7295,43.1828,42.6362,42.0896,41.543,40.9964,0,0.0,False,False,False,False,False,False,False,False,False,False,False,False,False,False,False,False,False,False,False,False,False,False,False,False
AAPL,2019-10-08 04:00:00+00:00,54.37528509871856,54.91465319570747,54.01650611164179,54.03335952758789,111820000,2019,10,40,Tuesday,54.335,54.6738510131836,-1.17,-0.55,-1.2,-1.17,1.2,54.1271,53.5804,53.0336,52.4869,51.9402,51.3934,50.8467,50.2999,49.7532,49.2065,48.6597,48.113,47.5663,47.0195,46.4728,45.926,44.8326,44.2858,43.7391,43.1923,42.6456,42.0989,41.5521,41.0054,1,54.1271,True,False,False,False,False,False,False,False,False,False,False,False,False,False,False,False,False,False,False,False,False,False,False,False
AAPL,2019-10-09 04:00:00+00:00,54.66663360595703,54.84963295173128,54.33193516189685,54.66663360595703,74770400,2019,10,40,Wednesday,54.6287,54.03335952758789,1.17,1.17,0.55,1.17,-0.55,53.493,52.9527,52.4124,51.872,51.3317,50.7914,50.251,49.7107,49.1704,48.63,48.0897,47.5494,47.009,46.4687,45.9284,45.388,44.3074,43.767,43.2267,42.6864,42.146,41.6057,41.0654,40.525,0,0.0,False,False,False,False,False,False,False,False,False,False,False,False,False,False,False,False,False,False,False,False,False,False,False,False
AAPL,2019-10-10 04:00:00+00:00,54.88334576021598,55.48773192375291,54.73165032972558,55.4034538269043,113013600,2019,10,40,Thursday,55.1265,54.66663360595703,1.35,0.4,0.12,1.35,-0.12,54.12,53.5733,53.0266,52.48,51.9333,51.3866,50.84,50.2933,49.7466,49.2,48.6533,48.1066,47.56,47.0133,46.4666,45.92,44.8266,44.28,43.7333,43.1866,42.64,42.0933,41.5466,41.0,0,0.0,False,False,False,False,False,False,False,False,False,False,False,False,False,False,False,False,False,False,False,False,False,False,False,False
AAPL,2019-10-11 04:00:00+00:00,56.09211532003962,57.22142273038948,55.938009631955445,56.87709426879883,166795600,2019,10,40,Friday,56.5322,55.4034538269043,2.66,1.24,0.96,2.66,-0.96,54.8494,54.2954,53.7414,53.1873,52.6333,52.0792,51.5252,50.9712,50.4171,49.8631,49.3091,48.755,48.201,47.647,47.0929,46.5389,45.4308,44.8768,44.3228,43.7687,43.2147,42.6607,42.1066,41.5526,0,0.0,False,False,False,False,False,False,False,False,False,False,False,False,False,False,False,False,False,False,False,False,False,False,False,False
AAPL,2019-10-14 04:00:00+00:00,56.561652484899206,57.33940797097047,56.50627173244244,56.79521942138672,96427600,2019,10,41,Monday,56.8006,56.87709426879883,-0.14,-0.55,-0.65,-0.14,0.65,56.3083,55.7396,55.1708,54.602,54.0332,53.4645,52.8957,52.3269,51.7582,51.1894,50.6206,50.0518,49.4831,48.9143,48.3455,47.7768,46.6392,46.0704,45.5017,44.9329,44.3641,43.7954,43.2266,42.6578,0,0.0,False,False,False,False,False,False,False,False,False,False,False,False,False,False,False,False,False,False,False,False,False,False,False,False
AAPL,2019-10-15 04:00:00+00:00,56.92043216170895,57.223826687854974,56.556840046506,56.66278839111328,87360000,2019,10,41,Tuesday,56.841,56.79521942138672,-0.23,0.22,-0.42,-0.23,0.42,56.2273,55.6593,55.0914,54.5234,53.9555,53.3875,52.8196,52.2516,51.6836,51.1157,50.5477,49.9798,49.4118,48.8439,48.2759,47.708,46.5721,46.0041,45.4362,44.8682,44.3003,43.7323,43.1644,42.5964,0,0.0,False,False,False,False,False,False,False,False,False,False,False,False,False,False,False,False,False,False,False,False,False,False,False,False
AAPL,2019-10-16 04:00:00+00:00,56.19323449638847,56.64351488275589,56.15230058384027,56.434024810791016,73903200,2019,10,41,Wednesday,56.3558,56.66278839111328,-0.4,-0.83,-0.9,-0.4,0.9,56.0962,55.5295,54.9629,54.3963,53.8296,53.263,52.6964,52.1298,51.5631,50.9965,50.4299,49.8633,49.2966,48.73,48.1634,47.5967,46.4635,45.8969,45.3302,44.7636,44.197,43.6303,43.0637,42.4971,0,0.0,False,False,False,False,False,False,False,False,False,False,False,False,False,False,False,False,False,False,False,False,False,False,False,False
AAPL,2019-10-17 04:00:00+00:00,56.60740933532315,56.86264654927724,56.22937035074104,56.65316009521485,67585200,2019,10,41,Thursday,56.5881,56.434024810791016,0.39,0.31,-0.36,0.39,0.36,55.8697,55.3053,54.741,54.1767,53.6123,53.048,52.4836,51.9193,51.355,50.7906,50.2263,49.6619,49.0976,48.5333,47.9689,47.4046,46.2759,45.7116,45.1472,44.5829,44.0185,43.4542,42.8899,42.3255,0,0.0,False,False,False,False,False,False,False,False,False,False,False,False,False,False,False,False,False,False,False,False,False,False,False,False
AAPL,2019-10-18 04:00:00+00:00,56.48701077967433,57.20697529291118,56.414772935422135,56.92525100708008,97433600,2019,10,41,Friday,56.7585,56.65316009521485,0.48,-0.29,-0.42,0.48,0.42,56.0866,55.5201,54.9536,54.387,53.8205,53.254,52.6874,52.1209,51.5544,50.9878,50.4213,49.8548,49.2882,48.7217,48.1552,47.5887,46.4556,45.8891,45.3225,44.756,44.1895,43.6229,43.0564,42.4899,0,0.0,False,False,False,False,False,False,False,False,False,False,False,False,False,False,False,False,False,False,False,False,False,False,False,False
AAPL,2019-10-21 04:00:00+00:00,57.19252998642991,58.02807286828486,57.14437264703203,57.91249084472656,87247200,2019,10,42,Monday,57.5694,56.92525100708008,1.73,0.47,0.38,1.73,-0.38,56.356,55.7867,55.2175,54.6482,54.079,53.5097,52.9405,52.3712,51.802,51.2327,50.6635,50.0942,49.525,48.9557,48.3865,47.8172,46.6787,46.1095,45.5402,44.9709,44.4017,43.8324,43.2632,42.6939,0,0.0,False,False,False,False,False,False,False,False,False,False,False,False,False,False,False,False,False,False,False,False,False,False,False,False
AAPL,2019-10-22 04:00:00+00:00,58.0689998611354,58.31942020062354,57.69818067626545,57.780052185058594,82293600,2019,10,42,Tuesday,57.9667,57.91249084472656,-0.23,0.27,-0.37,-0.23,0.37,57.3334,56.7542,56.1751,55.596,55.0169,54.4377,53.8586,53.2795,52.7004,52.1212,51.5421,50.963,50.3839,49.8047,49.2256,48.6465,47.4882,46.9091,46.33,45.7509,45.1717,44.5926,44.0135,43.4344,0,0.0,False,False,False,False,False,False,False,False,False,False,False,False,False,False,False,False,False,False,False,False,False,False,False,False
AAPL,2019-10-23 04:00:00+00:00,58.29534668236837,58.5698475413598,58.083449993262974,58.555397033691406,75828800,2019,10,42,Wednesday,58.376,57.780052185058594,1.34,0.89,0.53,1.34,-0.53,57.2023,56.6245,56.0467,55.4689,54.891,54.3132,53.7354,53.1576,52.5798,52.002,51.4242,50.8464,50.2686,49.6908,49.113,48.5352,47.3796,46.8018,46.224,45.6462,45.0684,44.4906,43.9128,43.335,0,0.0,False,False,False,False,False,False,False,False,False,False,False,False,False,False,False,False,False,False,False,False,False,False,False,False
AAPL,2019-10-24 04:00:00+00:00,58.875639929972046,58.94547118043636,58.225506799596936,58.65170669555664,69275200,2019,10,42,Thursday,58.6746,58.555397033691406,0.16,0.55,-0.56,0.16,0.56,57.9698,57.3843,56.7987,56.2132,55.6276,55.0421,54.4565,53.871,53.2854,52.6999,52.1143,51.5287,50.9432,50.3576,49.7721,49.1865,48.0154,47.4299,46.8443,46.2588,45.6732,45.0877,44.5021,43.9165,0,0.0,False,False,False,False,False,False,False,False,False,False,False,False,False,False,False,False,False,False,False,False,False,False,False,False
AAPL,2019-10-25 04:00:00+00:00,58.55058192309258,59.41020155520193,58.48316091956122,59.37408447265625,73477200,2019,10,42,Friday,58.9545,58.65170669555664,1.23,-0.17,-0.29,1.23,0.29,58.0652,57.4787,56.8922,56.3056,55.7191,55.1326,54.5461,53.9596,53.3731,52.7865,52.2,51.6135,51.027,50.4405,49.854,49.2674,48.0944,47.5079,46.9214,46.3348,45.7483,45.1618,44.5753,43.9888,0,0.0,False,False,False,False,False,False,False,False,False,False,False,False,False,False,False,False,False,False,False,False,False,False,False,False
AAPL,2019-10-28 04:00:00+00:00,59.57634828960584,60.01699507347286,59.40779577849612,59.96883773803711,96572800,2019,10,43,Monday,59.7425,59.37408447265625,1.0,0.34,0.06,1.0,-0.06,58.7803,58.1866,57.5929,56.9991,56.4054,55.8116,55.2179,54.6242,54.0304,53.4367,52.8429,52.2492,51.6555,51.0617,50.468,49.8742,48.6867,48.093,47.4993,46.9055,46.3118,45.718,45.1243,44.5306,0,0.0,False,False,False,False,False,False,False,False,False,False,False,False,False,False,False,False,False,False,False,False,False,False,False,False
AAPL,2019-10-29 04:00:00+00:00,59.949565764169066,60.1373819182686,58.408509198693714,58.58187484741211,142839600,2019,10,43,Tuesday,59.2693,59.96883773803711,-2.31,-0.03,-2.6,-2.31,2.6,59.3691,58.7695,58.1698,57.5701,56.9704,56.3707,55.771,55.1713,54.5716,53.972,53.3723,52.7726,52.1729,51.5732,50.9735,50.3738,49.1744,48.5748,47.9751,47.3754,46.7757,46.176,45.5763,44.9766,2,118.1386,True,True,False,False,False,False,False,False,False,False,False,False,False,False,False,False,False,False,False,False,False,False,False,False
AAPL,2019-10-30 04:00:00+00:00,58.93583911600165,59.065867950121,58.08103639445505,58.57465362548828,124522000,2019,10,43,Wednesday,58.6643,58.58187484741211,-0.01,0.6,-0.85,-0.01,0.85,57.9961,57.4102,56.8244,56.2386,55.6528,55.067,54.4811,53.8953,53.3095,52.7237,52.1379,51.552,50.9662,50.3804,49.7946,49.2088,48.0371,47.4513,46.8655,46.2797,45.6939,45.108,44.5222,43.9364,0,0.0,False,False,False,False,False,False,False,False,False,False,False,False,False,False,False,False,False,False,False,False,False,False,False,False
AAPL,2019-10-31 04:00:00+00:00,59.53301099623121,59.997734635760125,57.129920514953874,59.89900970458984,139162000,2019,10,43,Thursday,59.1399,58.57465362548828,2.26,1.64,-2.47,2.26,2.47,57.9889,57.4032,56.8174,56.2317,55.6459,55.0602,54.4744,53.8887,53.3029,52.7172,52.1314,51.5457,50.9599,50.3742,49.7885,49.2027,48.0312,47.4455,46.8597,46.274,45.6882,45.1025,44.5167,43.931,2,115.3921,True,True,False,False,False,False,False,False,False,False,False,False,False,False,False,False,False,False,False,False,False,False,False,False
AAPL,2019-11-01 04:00:00+00:00,60.08682828055856,61.62547862266393,59.99533043692069,61.59899520874024,151125200,2019,11,43,Friday,60.8267,59.89900970458984,2.84,0.31,0.16,2.84,-0.16,59.3,58.701,58.102,57.503,56.9041,56.3051,55.7061,55.1071,54.5081,53.9091,53.3101,52.7111,52.1121,51.5131,50.9142,50.3152,49.1172,48.5182,47.9192,47.3202,46.7212,46.1222,45.5232,44.9243,0,0.0,False,False,False,False,False,False,False,False,False,False,False,False,False,False,False,False,False,False,False,False,False,False,False,False
AAPL,2019-11-04 05:00:00+00:00,61.96257955677247,62.08779524580024,61.49304276793399,62.003517150878906,103272000,2019,11,44,Monday,61.8867,61.59899520874024,0.66,0.59,-0.17,0.66,0.17,60.983,60.367,59.751,59.135,58.519,57.9031,57.2871,56.6711,56.0551,55.4391,54.8231,54.2071,53.5911,52.9751,52.3591,51.7432,50.5112,49.8952,49.2792,48.6632,48.0472,47.4312,46.8152,46.1992,0,0.0,False,False,False,False,False,False,False,False,False,False,False,False,False,False,False,False,False,False,False,False,False,False,False,False
AAPL,2019-11-05 05:00:00+00:00,61.8951575528518,62.16966208359867,61.71938529737838,61.91442489624024,79897600,2019,11,44,Tuesday,61.9247,62.003517150878906,-0.14,-0.17,-0.46,-0.14,0.46,61.3835,60.7634,60.1434,59.5234,58.9033,58.2833,57.6633,57.0432,56.4232,55.8032,55.1831,54.5631,53.9431,53.323,52.703,52.083,50.8429,50.2228,49.6028,48.9828,48.3627,47.7427,47.1227,46.5026,0,0.0,False,False,False,False,False,False,False,False,False,False,False,False,False,False,False,False,False,False,False,False,False,False,False,False
AAPL,2019-11-06 05:00:00+00:00,61.82773095988191,62.00110029301706,61.490625964435175,61.94090270996094,75864400,2019,11,44,Wednesday,61.8151,61.91442489624024,0.04,-0.14,-0.68,0.04,0.68,61.2953,60.6761,60.057,59.4378,58.8187,58.1996,57.5804,56.9613,56.3421,55.723,55.1038,54.4847,53.8655,53.2464,52.6273,52.0081,50.7698,50.1507,49.5315,48.9124,48.2933,47.6741,47.055,46.4358,0,0.0,False,False,False,False,False,False,False,False,False,False,False,False,False,False,False,False,False,False,False,False,False,False,False,False
AAPL,2019-11-07 05:00:00+00:00,62.48914747345624,62.87798771029091,62.33699291862533,62.655792236328125,94940400,2019,11,44,Thursday,62.59,61.94090270996094,1.15,0.89,0.64,1.15,-0.64,61.3215,60.7021,60.0827,59.4633,58.8439,58.2244,57.605,56.9856,56.3662,55.7468,55.1274,54.508,53.8886,53.2692,52.6498,52.0304,50.7915,50.1721,49.5527,48.9333,48.3139,47.6945,47.0751,46.4557,0,0.0,False,False,False,False,False,False,False,False,False,False,False,False,False,False,False,False,False,False,False,False,False,False,False,False
AAPL,2019-11-08 05:00:00+00:00,62.47705811703485,62.89970626993197,62.03267465786518,62.82725524902344,69986400,2019,11,44,Friday,62.5592,62.655792236328125,0.27,-0.29,-0.99,0.27,0.99,62.0292,61.4027,60.7761,60.1496,59.523,58.8964,58.2699,57.6433,57.0168,56.3902,55.7637,55.1371,54.5105,53.884,53.2574,52.6309,51.3777,50.7512,50.1246,49.4981,48.8715,48.245,47.6184,46.9918,0,0.0,False,False,False,False,False,False,False,False,False,False,False,False,False,False,False,False,False,False,False,False,False,False,False,False
AAPL,2019-11-11 05:00:00+00:00,62.38286814534022,63.38998161851296,62.378040533790944,63.32477569580078,81821200,2019,11,45,Monday,62.8689,62.82725524902344,0.79,-0.71,-0.71,0.79,0.71,62.199,61.5707,60.9424,60.3142,59.6859,59.0576,58.4293,57.8011,57.1728,56.5445,55.9163,55.288,54.6597,54.0314,53.4032,52.7749,51.5183,50.8901,50.2618,49.6335,49.0053,48.377,47.7487,47.1204,0,0.0,False,False,False,False,False,False,False,False,False,False,False,False,False,False,False,False,False,False,False,False,False,False,False,False
AAPL,2019-11-12 05:00:00+00:00,63.167790050044296,63.46727150358225,63.01564288775295,63.26681137084961,87388800,2019,11,45,Tuesday,63.2294,63.32477569580078,-0.09,-0.25,-0.49,-0.09,0.49,62.6915,62.0583,61.425,60.7918,60.1585,59.5253,58.892,58.2588,57.6255,56.9923,56.3591,55.7258,55.0926,54.4593,53.8261,53.1928,51.9263,51.2931,50.6598,50.0266,49.3933,48.7601,48.1268,47.4936,0,0.0,False,False,False,False,False,False,False,False,False,False,False,False,False,False,False,False,False,False,False,False,False,False,False,False
AAPL,2019-11-13 05:00:00+00:00,63.06636290054914,63.94788488330166,63.051872693630486,63.87301635742188,102734400,2019,11,45,Wednesday,63.4848,63.26681137084961,0.96,-0.32,-0.34,0.96,0.34,62.6341,62.0015,61.3688,60.7361,60.1035,59.4708,58.8381,58.2055,57.5728,56.9401,56.3075,55.6748,55.0421,54.4095,53.7768,53.1441,51.8788,51.2461,50.6134,49.9808,49.3481,48.7154,48.0828,47.4501,0,0.0,False,False,False,False,False,False,False,False,False,False,False,False,False,False,False,False,False,False,False,False,False,False,False,False
AAPL,2019-11-14 05:00:00+00:00,63.699121710448345,63.97203287087934,63.30062630937287,63.43104553222656,89182800,2019,11,45,Thursday,63.6007,63.87301635742188,-0.69,-0.27,-0.9,-0.69,0.9,63.2343,62.5956,61.9568,61.3181,60.6794,60.0406,59.4019,58.7632,58.1244,57.4857,56.847,56.2083,55.5695,54.9308,54.2921,53.6533,52.3759,51.7371,51.0984,50.4597,49.821,49.1822,48.5435,47.9048,0,0.0,False,False,False,False,False,False,False,False,False,False,False,False,False,False,False,False,False,False,False,False,False,False,False,False
AAPL,2019-11-15 05:00:00+00:00,63.6822261428361,64.18940555462353,63.52041635680175,64.18457794189453,100206400,2019,11,45,Friday,63.8942,63.43104553222656,1.19,0.4,0.14,1.19,-0.14,62.7967,62.1624,61.5281,60.8938,60.2595,59.6252,58.9909,58.3566,57.7223,57.0879,56.4536,55.8193,55.185,54.5507,53.9164,53.2821,52.0135,51.3791,50.7448,50.1105,49.4762,48.8419,48.2076,47.5733,0,0.0,False,False,False,False,False,False,False,False,False,False,False,False,False,False,False,False,False,False,False,False,False,False,False,False
AAPL,2019-11-18 05:00:00+00:00,64.1942298980991,64.587897742297,63.815059632152085,64.5082015991211,86703200,2019,11,46,Monday,64.2763,64.18457794189453,0.5,0.02,-0.58,0.5,0.58,63.5427,62.9009,62.259,61.6172,60.9753,60.3335,59.6917,59.0498,58.408,57.7661,57.1243,56.4824,55.8406,55.1987,54.5569,53.915,52.6314,51.9895,51.3477,50.7058,50.064,49.4221,48.7803,48.1384,0,0.0,False,False,False,False,False,False,False,False,False,False,False,False,False,False,False,False,False,False,False,False,False,False,False,False
AAPL,2019-11-19 05:00:00+00:00,64.70141683000237,64.72556963603644,64.09522340983646,64.31258392333984,76167200,2019,11,46,Tuesday,64.4587,64.5082015991211,-0.3,0.3,-0.64,-0.3,0.64,63.8631,63.218,62.573,61.9279,61.2828,60.6377,59.9926,59.3475,58.7025,58.0574,57.4123,56.7672,56.1221,55.4771,54.832,54.1869,52.8967,52.2516,51.6066,50.9615,50.3164,49.6713,49.0262,48.3812,0,0.0,False,False,False,False,False,False,False,False,False,False,False,False,False,False,False,False,False,False,False,False,False,False,False,False
AAPL,2019-11-20 05:00:00+00:00,64.13143860398654,64.26185046884207,62.8900568037216,63.56388092041016,106234400,2019,11,46,Wednesday,63.7118,64.31258392333984,-1.16,-0.28,-2.21,-1.16,2.21,63.6695,63.0263,62.3832,61.7401,61.097,60.4538,59.8107,59.1676,58.5245,57.8813,57.2382,56.5951,55.9519,55.3088,54.6657,54.0226,52.7363,52.0932,51.4501,50.8069,50.1638,49.5207,48.8776,48.2344,2,126.6958,True,True,False,False,False,False,False,False,False,False,False,False,False,False,False,False,False,False,False,False,False,False,False,False
AAPL,2019-11-21 05:00:00+00:00,63.68463686995975,63.76192288782129,63.07843618360873,63.27889633178711,121395200,2019,11,46,Thursday,63.451,63.56388092041016,-0.45,0.19,-0.76,-0.45,0.76,62.9282,62.2926,61.657,61.0213,60.3857,59.75,59.1144,58.4788,57.8431,57.2075,56.5719,55.9362,55.3006,54.6649,54.0293,53.3937,52.1224,51.4867,50.8511,50.2155,49.5798,48.9442,48.3085,47.6729,0,0.0,False,False,False,False,False,False,False,False,False,False,False,False,False,False,False,False,False,False,False,False,False,False,False,False
AAPL,2019-11-22 05:00:00+00:00,63.418983358628296,63.56147533644984,62.996335038336646,63.22335815429688,65325200,2019,11,46,Friday,63.3,63.27889633178711,-0.09,0.22,-0.45,-0.09,0.45,62.6461,62.0133,61.3805,60.7477,60.115,59.4822,58.8494,58.2166,57.5838,56.951,56.3182,55.6854,55.0526,54.4199,53.7871,53.1543,51.8887,51.2559,50.6231,49.9903,49.3575,48.7248,48.092,47.4592,0,0.0,False,False,False,False,False,False,False,False,False,False,False,False,False,False,False,False,False,False,False,False,False,False,False,False
AAPL,2019-11-25 05:00:00+00:00,63.447961919025765,64.34880925150556,63.40207379882107,64.33190155029297,84020400,2019,11,47,Monday,63.8827,63.22335815429688,1.75,0.36,0.28,1.75,-0.28,62.5911,61.9589,61.3267,60.6944,60.0622,59.43,58.7977,58.1655,57.5333,56.901,56.2688,55.6366,55.0043,54.3721,53.7399,53.1076,51.8432,51.2109,50.5787,49.9465,49.3142,48.682,48.0498,47.4175,0,0.0,False,False,False,False,False,False,False,False,False,False,False,False,False,False,False,False,False,False,False,False,False,False,False,False
AAPL,2019-11-26 05:00:00+00:00,64.46954505165989,64.52267825942127,63.397225673493445,63.82953643798828,105207600,2019,11,47,Tuesday,64.0547,64.33190155029297,-0.78,0.21,-1.45,-0.78,1.45,63.6886,63.0453,62.4019,61.7586,61.1153,60.472,59.8287,59.1853,58.542,57.8987,57.2554,56.6121,55.9688,55.3254,54.6821,54.0388,52.7522,52.1088,51.4655,50.8222,50.1789,49.5356,48.8922,48.2489,1,63.6886,True,False,False,False,False,False,False,False,False,False,False,False,False,False,False,False,False,False,False,False,False,False,False,False
AAPL,2019-11-27 05:00:00+00:00,64.14107506473935,64.72071266502104,64.07586915138688,64.68689727783203,65235600,2019,11,47,Wednesday,64.4061,63.82953643798828,1.34,0.49,0.39,1.34,-0.39,63.1912,62.5529,61.9147,61.2764,60.6381,59.9998,59.3615,58.7232,58.0849,57.4466,56.8083,56.17,55.5317,54.8934,54.2551,53.6168,52.3402,51.7019,51.0636,50.4253,49.787,49.1487,48.5104,47.8722,0,0.0,False,False,False,False,False,False,False,False,False,False,False,False,False,False,False,False,False,False,False,False,False,False,False,False
AAPL,2019-11-29 05:00:00+00:00,64.38745141269115,64.72556858044902,64.21838914361147,64.54443359375,46617600,2019,11,47,Friday,64.469,64.68689727783203,-0.22,-0.46,-0.72,-0.22,0.72,64.04,63.3932,62.7463,62.0994,61.4526,60.8057,60.1588,59.5119,58.8651,58.2182,57.5713,56.9245,56.2776,55.6307,54.9839,54.337,53.0433,52.3964,51.7495,51.1026,50.4558,49.8089,49.162,48.5152,0,0.0,False,False,False,False,False,False,False,False,False,False,False,False,False,False,False,False,False,False,False,False,False,False,False,False
AAPL,2019-12-02 05:00:00+00:00,64.54925573361756,64.78594141618035,63.62668054776039,63.798152923583984,94487200,2019,12,48,Monday,64.19,64.54443359375,-1.16,0.01,-1.42,-1.16,1.42,63.899,63.2535,62.6081,61.9627,61.3172,60.6718,60.0263,59.3809,58.7354,58.09,57.4445,56.7991,56.1537,55.5082,54.8628,54.2173,52.9264,52.281,51.6355,50.9901,50.3447,49.6992,49.0538,48.4083,1,63.899,True,False,False,False,False,False,False,False,False,False,False,False,False,False,False,False,False,False,False,False,False,False,False,False
AAPL,2019-12-03 05:00:00+00:00,62.385292973988165,62.67993946193497,61.89743881575501,62.660621643066406,114430400,2019,12,48,Tuesday,62.4058,63.798152923583984,-1.78,-2.21,-2.98,-1.78,2.98,63.1602,62.5222,61.8842,61.2462,60.6082,59.9703,59.3323,58.6943,58.0563,57.4183,56.7804,56.1424,55.5044,54.8664,54.2284,53.5904,52.3145,51.6765,51.0385,50.4005,49.7626,49.1246,48.4866,47.8486,2,125.6824,True,True,False,False,False,False,False,False,False,False,False,False,False,False,False,False,False,False,False,False,False,False,False,False
AAPL,2019-12-04 05:00:00+00:00,63.0518552858268,63.592842515830895,62.957661596460966,63.21366500854492,67181600,2019,12,48,Wednesday,63.204,62.660621643066406,0.88,0.62,0.47,0.88,-0.47,62.034,61.4074,60.7808,60.1542,59.5276,58.901,58.2744,57.6478,57.0212,56.3946,55.768,55.1413,54.5147,53.8881,53.2615,52.6349,51.3817,50.7551,50.1285,49.5019,48.8753,48.2487,47.6221,46.9955,0,0.0,False,False,False,False,False,False,False,False,False,False,False,False,False,False,False,False,False,False,False,False,False,False,False,False
AAPL,2019-12-05 05:00:00+00:00,63.708786950569554,64.21596628682174,63.45278347643845,64.1410903930664,74424400,2019,12,48,Thursday,63.8797,63.21366500854492,1.47,0.78,0.38,1.47,-0.38,62.5815,61.9494,61.3173,60.6851,60.053,59.4208,58.7887,58.1566,57.5244,56.8923,56.2602,55.628,54.9959,54.3638,53.7316,53.0995,51.8352,51.2031,50.5709,49.9388,49.3067,48.6745,48.0424,47.4102,0,0.0,False,False,False,False,False,False,False,False,False,False,False,False,False,False,False,False,False,False,False,False,False,False,False,False
AAPL,2019-12-06 05:00:00+00:00,64.5999751073708,65.45009920383288,64.55649711525137,65.38005828857422,106075600,2019,12,48,Friday,64.9967,64.1410903930664,1.93,0.72,0.65,1.93,-0.65,63.4997,62.8583,62.2169,61.5754,60.934,60.2926,59.6512,59.0098,58.3684,57.727,57.0856,56.4442,55.8027,55.1613,54.5199,53.8785,52.5957,51.9543,51.3129,50.6715,50.0301,49.3886,48.7472,48.1058,0,0.0,False,False,False,False,False,False,False,False,False,False,False,False,False,False,False,False,False,False,False,False,False,False,False,False
AAPL,2019-12-09 05:00:00+00:00,65.208571549437,65.40177918364618,63.979270103563984,64.46471405029297,128042400,2019,12,49,Monday,64.7636,65.38005828857422,-1.4,-0.26,-2.14,-1.4,2.14,64.7263,64.0725,63.4187,62.7649,62.1111,61.4573,60.8035,60.1497,59.4959,58.8421,58.1883,57.5345,56.8807,56.2269,55.573,54.9192,53.6116,52.9578,52.304,51.6502,50.9964,50.3426,49.6888,49.035,2,128.7987,True,True,False,False,False,False,False,False,False,False,False,False,False,False,False,False,False,False,False,False,False,False,False,False
AAPL,2019-12-10 05:00:00+00:00,64.87045684956888,65.22548160232219,64.20870556916125,64.84147644042969,90420400,2019,12,49,Tuesday,64.7865,64.46471405029297,0.58,0.63,-0.4,0.58,0.4,63.8201,63.1754,62.5308,61.8861,61.2415,60.5968,59.9522,59.3075,58.6629,58.0182,57.3736,56.7289,56.0843,55.4397,54.795,54.1504,52.8611,52.2164,51.5718,50.9271,50.2825,49.6378,48.9932,48.3485,0,0.0,False,False,False,False,False,False,False,False,False,False,False,False,False,False,False,False,False,False,False,False,False,False,False,False
AAPL,2019-12-11 05:00:00+00:00,64.9211749815738,65.47424237789252,64.84630646504499,65.39453887939453,78756800,2019,12,49,Wednesday,65.1591,64.84147644042969,0.85,0.12,0.01,0.85,-0.01,64.1931,63.5446,62.8962,62.2478,61.5994,60.951,60.3026,59.6542,59.0057,58.3573,57.7089,57.0605,56.4121,55.7637,55.1153,54.4668,53.17,52.5216,51.8732,51.2248,50.5764,49.9279,49.2795,48.6311,0,0.0,False,False,False,False,False,False,False,False,False,False,False,False,False,False,False,False,False,False,False,False,False,False,False,False
AAPL,2019-12-12 05:00:00+00:00,64.67243576480755,65.82686912584704,64.56134170264266,65.56120300292969,137310400,2019,12,49,Thursday,65.1555,65.39453887939453,0.25,-1.1,-1.27,0.25,1.27,64.7406,64.0866,63.4327,62.7788,62.1248,61.4709,60.8169,60.163,59.509,58.8551,58.2011,57.5472,56.8932,56.2393,55.5854,54.9314,53.6235,52.9696,52.3156,51.6617,51.0077,50.3538,49.6998,49.0459,1,64.7406,True,False,False,False,False,False,False,False,False,False,False,False,False,False,False,False,False,False,False,False,False,False,False,False
AAPL,2019-12-13 05:00:00+00:00,65.56120025624476,66.48861047070119,65.43319849834741,66.45238494873047,133587600,2019,12,49,Friday,65.9838,65.56120300292969,1.36,-0.0,-0.2,1.36,0.2,64.9056,64.25,63.5944,62.9388,62.2831,61.6275,60.9719,60.3163,59.6607,59.0051,58.3495,57.6939,57.0382,56.3826,55.727,55.0714,53.7602,53.1046,52.449,51.7934,51.1377,50.4821,49.8265,49.1709,0,0.0,False,False,False,False,False,False,False,False,False,False,False,False,False,False,False,False,False,False,False,False,False,False,False,False
AAPL,2019-12-16 05:00:00+00:00,66.89917277250892,67.8145100882346,66.8943451606707,67.58989715576172,128186000,2019,12,50,Monday,67.2995,66.45238494873047,1.71,0.67,0.67,1.71,-0.67,65.7879,65.1233,64.4588,63.7943,63.1298,62.4652,61.8007,61.1362,60.4717,59.8071,59.1426,58.4781,57.8136,57.1491,56.4845,55.82,54.491,53.8264,53.1619,52.4974,51.8329,51.1683,50.5038,49.8393,0,0.0,False,False,False,False,False,False,False,False,False,False,False,False,False,False,False,False,False,False,False,False,False,False,False,False
AAPL,2019-12-17 05:00:00+00:00,67.51986229471765,68.05118703210448,67.33389237179259,67.72273254394531,114158400,2019,12,50,Tuesday,67.6569,67.58989715576172,0.2,-0.1,-0.38,0.2,0.38,66.914,66.2381,65.5622,64.8863,64.2104,63.5345,62.8586,62.1827,61.5068,60.8309,60.155,59.4791,58.8032,58.1273,57.4514,56.7755,55.4237,54.7478,54.0719,53.396,52.7201,52.0442,51.3683,50.6924,0,0.0,False,False,False,False,False,False,False,False,False,False,False,False,False,False,False,False,False,False,False,False,False,False,False,False
AAPL,2019-12-18 05:00:00+00:00,67.5753956600365,68.08257489350582,67.41116844017742,67.56090545654297,116028400,2019,12,50,Wednesday,67.6575,67.72273254394531,-0.24,-0.22,-0.46,-0.24,0.46,67.0455,66.3683,65.6911,65.0138,64.3366,63.6594,62.9821,62.3049,61.6277,60.9505,60.2732,59.596,58.9188,58.2415,57.5643,56.8871,55.5326,54.8554,54.1782,53.501,52.8237,52.1465,51.4693,50.792,0,0.0,False,False,False,False,False,False,False,False,False,False,False,False,False,False,False,False,False,False,False,False,False,False,False,False
AAPL,2019-12-19 05:00:00+00:00,67.50297102835262,67.90871162556589,67.37014165427492,67.62855529785156,98369200,2019,12,50,Thursday,67.6026,67.56090545654297,0.1,-0.09,-0.28,0.1,0.28,66.8853,66.2097,65.5341,64.8585,64.1829,63.5073,62.8316,62.156,61.4804,60.8048,60.1292,59.4536,58.778,58.1024,57.4268,56.7512,55.3999,54.7243,54.0487,53.3731,52.6975,52.0219,51.3463,50.6707,0,0.0,False,False,False,False,False,False,False,False,False,False,False,False,False,False,False,False,False,False,False,False,False,False,False,False
AAPL,2019-12-20 05:00:00+00:00,68.16231151522607,68.26374298898429,67.27595432857517,67.48848724365234,275978000,2019,12,50,Friday,67.7976,67.62855529785156,-0.21,0.79,-0.52,-0.21,0.52,66.9523,66.276,65.5997,64.9234,64.2471,63.5708,62.8946,62.2183,61.542,60.8657,60.1894,59.5131,58.8368,58.1606,57.4843,56.808,55.4554,54.7791,54.1028,53.4266,52.7503,52.074,51.3977,50.7214,0,0.0,False,False,False,False,False,False,False,False,False,False,False,False,False,False,False,False,False,False,False,False,False,False,False,False
AAPL,2019-12-23 05:00:00+00:00,67.75171612929323,68.65014577247727,67.71307312233479,68.58976745605469,98572000,2019,12,51,Monday,68.1762,67.48848724365234,1.63,0.39,0.33,1.63,-0.33,66.8136,66.1387,65.4638,64.7889,64.1141,63.4392,62.7643,62.0894,61.4145,60.7396,60.0648,59.3899,58.715,58.0401,57.3652,56.6903,55.3406,54.6657,53.9908,53.3159,52.641,51.9661,51.2913,50.6164,0,0.0,False,False,False,False,False,False,False,False,False,False,False,False,False,False,False,False,False,False,False,False,False,False,False,False
AAPL,2019-12-24 05:00:00+00:00,68.75640706871576,68.80471266640946,68.32893127368419,68.65496826171875,48478800,2019,12,51,Tuesday,68.6363,68.58976745605469,0.1,0.24,-0.38,0.1,0.38,67.9039,67.218,66.5321,65.8462,65.1603,64.4744,63.7885,63.1026,62.4167,61.7308,61.0449,60.359,59.6731,58.9872,58.3013,57.6154,56.2436,55.5577,54.8718,54.1859,53.5,52.8141,52.1282,51.4423,0,0.0,False,False,False,False,False,False,False,False,False,False,False,False,False,False,False,False,False,False,False,False,False,False,False,False
AAPL,2019-12-26 05:00:00+00:00,68.78781857205915,70.03402806090413,68.7588381558722,70.01712036132812,93121200,2019,12,51,Thursday,69.3995,68.65496826171875,1.98,0.19,0.15,1.98,-0.15,67.9684,67.2819,66.5953,65.9088,65.2222,64.5357,63.8491,63.1626,62.476,61.7895,61.1029,60.4164,59.7298,59.0433,58.3567,57.6702,56.2971,55.6105,54.924,54.2374,53.5509,52.8643,52.1778,51.4912,0,0.0,False,False,False,False,False,False,False,False,False,False,False,False,False,False,False,False,False,False,False,False,False,False,False,False
AAPL,2019-12-27 05:00:00+00:00,70.30934648588836,70.99766082354941,69.58480662948736,69.99054718017578,146266000,2019,12,51,Friday,70.2206,70.01712036132812,-0.04,0.42,-0.62,-0.04,0.62,69.3169,68.6168,67.9166,67.2164,66.5163,65.8161,65.1159,64.4158,63.7156,63.0154,62.3152,61.6151,60.9149,60.2147,59.5146,58.8144,57.414,56.7139,56.0137,55.3135,54.6134,53.9132,53.213,52.5128,0,0.0,False,False,False,False,False,False,False,False,False,False,False,False,False,False,False,False,False,False,False,False,False,False,False,False
AAPL,2019-12-30 05:00:00+00:00,69.90843566014871,70.6885262491251,68.88442165735184,70.40595245361328,144114400,2019,12,52,Monday,69.9718,69.99054718017578,0.59,-0.12,-1.58,0.59,1.58,69.2906,68.5907,67.8908,67.1909,66.491,65.7911,65.0912,64.3913,63.6914,62.9915,62.2916,61.5917,60.8918,60.1919,59.492,58.7921,57.3922,56.6923,55.9924,55.2925,54.5926,53.8927,53.1928,52.4929,1,69.2906,True,False,False,False,False,False,False,False,False,False,False,False,False,False,False,False,False,False,False,False,False,False,False,False
AAPL,2019-12-31 05:00:00+00:00,70.02194986066347,70.92762474291384,69.92292852242264,70.92037963867188,100805600,2019,12,52,Tuesday,70.4482,70.40595245361328,0.73,-0.55,-0.69,0.73,0.69,69.7019,68.9978,68.2938,67.5897,66.8857,66.1816,65.4775,64.7735,64.0694,63.3654,62.6613,61.9572,61.2532,60.5491,59.8451,59.141,57.7329,57.0288,56.3248,55.6207,54.9166,54.2126,53.5085,52.8045,0,0.0,False,False,False,False,False,False,False,False,False,False,False,False,False,False,False,False,False,False,False,False,False,False,False,False
