Symbol,Date,Open,High,Low,Close,Volume,Year,Month,Week,Weekday,avg_daily_price,Previous_Close,Daily_Gain_Loss_Pct,Open_vs_PrevClose_Pct,Low_vs_PrevClose_Pct,Close_vs_PrevClose_Pct,mx_percent_decline,Shares_Purchased,Total_Value_Purchased,BOD99-1,BOD98-2,BOD97-3,BOD96-4,BOD95-5,BOD94-6,BOD93-7,BOD92-8,BOD91-9,BOD90-10,BOD89-11,BOD88-12,BOD87-13,BOD86-14,BOD85-15,BOD84-16,BOD83-17,BOD82-18,BOD81-19,BOD80-20,BOD79-21,BOD78-22,BOD77-23,BOD76-24,BOD75-25,BOD99-1_Executed,BOD98-2_Executed,BOD97-3_Executed,BOD96-4_Executed,BOD95-5_Executed,BOD94-6_Executed,BOD93-7_Executed,BOD92-8_Executed,BOD91-9_Executed,BOD90-10_Executed,BOD89-11_Executed,BOD88-12_Executed,BOD87-13_Executed,BOD86-14_Executed,BOD85-15_Executed,BOD84-16_Executed,BOD83-17_Executed,BOD82-18_Executed,BOD81-19_Executed,BOD80-20_Executed,BOD79-21_Executed,BOD78-22_Executed,BOD77-23_Executed,BOD76-24_Executed,BOD75-25_Executed
AAPL,2023-01-03,127.99538262842437,128.6045053870652,121.99252821247748,122.87674713134766,112117500,2023,1,1,Tuesday,125.3673,127.65150451660156,-3.74,0.27,-4.43,-3.74,4.43,4,497.8409,126.375,125.0985,123.822,122.5454,121.2689,119.9924,118.7159,117.4394,116.1629,114.8864,113.6098,112.3333,111.0568,109.7803,108.5038,107.2273,105.9507,104.6742,103.3977,102.1212,100.8447,99.5682,98.2917,97.0151,95.7386,True,True,True,True,False,False,False,False,False,False,False,False,False,False,False,False,False,False,False,False,False,False,False,False,False
AAPL,2023-01-04,124.66484683178275,126.40381217640665,122.88658952629493,124.1441421508789,89113600,2023,1,1,Wednesday,124.5248,122.87674713134766,1.03,1.46,0.01,1.03,-0.01,0,0.0,121.648,120.4192,119.1904,117.9617,116.7329,115.5041,114.2754,113.0466,111.8178,110.5891,109.3603,108.1315,106.9028,105.674,104.4452,103.2165,101.9877,100.7589,99.5302,98.3014,97.0726,95.8439,94.6151,93.3863,92.1576,False,False,False,False,False,False,False,False,False,False,False,False,False,False,False,False,False,False,False,False,False,False,False,False,False
AAPL,2023-01-05,124.90061292758642,125.52938912334946,122.57217865426507,122.8276138305664,80962700,2023,1,1,Thursday,123.9574,124.1441421508789,-1.06,0.61,-1.27,-1.06,1.27,1,122.9027,122.9027,121.6613,120.4198,119.1784,117.9369,116.6955,115.4541,114.2126,112.9712,111.7297,110.4883,109.2468,108.0054,106.764,105.5225,104.2811,103.0396,101.7982,100.5568,99.3153,98.0739,96.8324,95.591,94.3495,93.1081,True,False,False,False,False,False,False,False,False,False,False,False,False,False,False,False,False,False,False,False,False,False,False,False,False
AAPL,2023-01-06,123.80027430194448,128.00521096875735,122.69991206962038,127.34696197509766,87754700,2023,1,1,Friday,125.4631,122.8276138305664,3.68,0.79,-0.1,3.68,0.1,0,0.0,121.5993,120.3711,119.1428,117.9145,116.6862,115.458,114.2297,113.0014,111.7731,110.5449,109.3166,108.0883,106.86,105.6317,104.4035,103.1752,101.9469,100.7186,99.4904,98.2621,97.0338,95.8055,94.5773,93.349,92.1207,False,False,False,False,False,False,False,False,False,False,False,False,False,False,False,False,False,False,False,False,False,False,False,False,False
AAPL,2023-01-09,128.182025548878,131.07047089671403,127.6121948687902,127.8676300048828,70790800,2023,1,2,Monday,128.6831,127.34696197509766,0.41,0.66,0.21,0.41,-0.21,0,0.0,126.0735,124.8,123.5266,122.2531,120.9796,119.7061,118.4327,117.1592,115.8857,114.6123,113.3388,112.0653,110.7919,109.5184,108.2449,106.9714,105.698,104.4245,103.151,101.8776,100.6041,99.3306,98.0572,96.7837,95.5102,False,False,False,False,False,False,False,False,False,False,False,False,False,False,False,False,False,False,False,False,False,False,False,False,False
AAPL,2023-01-10,127.97572556898378,128.95818934117645,125.87325369613974,128.43748474121094,63896200,2023,1,2,Tuesday,127.8112,127.8676300048828,0.45,0.08,-1.56,0.45,1.56,1,126.589,126.589,125.3103,124.0316,122.7529,121.4742,120.1956,118.9169,117.6382,116.3595,115.0809,113.8022,112.5235,111.2448,109.9662,108.6875,107.4088,106.1301,104.8515,103.5728,102.2941,101.0154,99.7368,98.4581,97.1794,95.9007,True,False,False,False,False,False,False,False,False,False,False,False,False,False,False,False,False,False,False,False,False,False,False,False,False
AAPL,2023-01-11,128.94836939344688,131.1687321095965,128.17222961380045,131.1490936279297,69458900,2023,1,2,Wednesday,129.8596,128.43748474121094,2.11,0.4,-0.21,2.11,0.21,0,0.0,127.1531,125.8687,124.5844,123.3,122.0156,120.7312,119.4469,118.1625,116.8781,115.5937,114.3094,113.025,111.7406,110.4562,109.1719,107.8875,106.6031,105.3187,104.0344,102.75,101.4656,100.1812,98.8969,97.6125,96.3281,False,False,False,False,False,False,False,False,False,False,False,False,False,False,False,False,False,False,False,False,False,False,False,False,False
AAPL,2023-01-12,131.53227009080285,131.90559617413024,129.13505580606935,131.0705108642578,71379600,2023,1,2,Thursday,130.9109,131.1490936279297,-0.06,0.29,-1.54,-0.06,1.54,1,129.8376,129.8376,128.5261,127.2146,125.9031,124.5916,123.2801,121.9687,120.6572,119.3457,118.0342,116.7227,115.4112,114.0997,112.7882,111.4767,110.1652,108.8537,107.5423,106.2308,104.9193,103.6078,102.2963,100.9848,99.6733,98.3618,True,False,False,False,False,False,False,False,False,False,False,False,False,False,False,False,False,False,False,False,False,False,False,False,False
AAPL,2023-01-13,129.71471296505177,132.55403315564018,129.35120610397337,132.39683532714844,57809700,2023,1,2,Friday,131.0042,131.0705108642578,1.01,-1.03,-1.31,1.01,1.31,1,129.7598,129.7598,128.4491,127.1384,125.8277,124.517,123.2063,121.8956,120.5849,119.2742,117.9635,116.6528,115.342,114.0313,112.7206,111.4099,110.0992,108.7885,107.4778,106.1671,104.8564,103.5457,102.235,100.9243,99.6136,98.3029,True,False,False,False,False,False,False,False,False,False,False,False,False,False,False,False,False,False,False,False,False,False,False,False,False
AAPL,2023-01-17,132.4655864864573,134.8824388666635,131.77786487384603,133.55612182617188,63646600,2023,1,3,Tuesday,133.1705,132.39683532714844,0.88,0.05,-0.47,0.88,0.47,0,0.0,131.0729,129.7489,128.4249,127.101,125.777,124.453,123.1291,121.8051,120.4811,119.1572,117.8332,116.5092,115.1852,113.8613,112.5373,111.2133,109.8894,108.5654,107.2414,105.9175,104.5935,103.2695,101.9456,100.6216,99.2976,False,False,False,False,False,False,False,False,False,False,False,False,False,False,False,False,False,False,False,False,False,False,False,False,False
AAPL,2023-01-18,134.4206645548957,136.17926764063154,132.66204647795638,132.83889770507812,69672800,2023,1,3,Wednesday,134.0252,133.55612182617188,-0.54,0.65,-0.67,-0.54,0.67,0,0.0,132.2206,130.885,129.5494,128.2139,126.8783,125.5428,124.2072,122.8716,121.5361,120.2005,118.8649,117.5294,116.1938,114.8583,113.5227,112.1871,110.8516,109.516,108.1805,106.8449,105.5093,104.1738,102.8382,101.5027,100.1671,False,False,False,False,False,False,False,False,False,False,False,False,False,False,False,False,False,False,False,False,False,False,False,False,False
AAPL,2023-01-19,131.72873868777404,133.86068318245066,131.4241773301355,132.8978729248047,58280400,2023,1,3,Thursday,132.4779,132.83889770507812,0.04,-0.84,-1.06,0.04,1.06,1,131.5105,131.5105,130.1821,128.8537,127.5253,126.197,124.8686,123.5402,122.2118,120.8834,119.555,118.2266,116.8982,115.5698,114.2415,112.9131,111.5847,110.2563,108.9279,107.5995,106.2711,104.9427,103.6143,102.286,100.9576,99.6292,True,False,False,False,False,False,False,False,False,False,False,False,False,False,False,False,False,False,False,False,False,False,False,False,False
AAPL,2023-01-20,132.9077080011768,135.59966433835268,131.86629872212012,135.45228576660156,80223600,2023,1,3,Friday,133.9565,132.8978729248047,1.92,0.01,-0.78,1.92,0.78,0,0.0,131.5689,130.2399,128.9109,127.582,126.253,124.924,123.595,122.266,120.9371,119.6081,118.2791,116.9501,115.6211,114.2922,112.9632,111.6342,110.3052,108.9763,107.6473,106.3183,104.9893,103.6603,102.3314,101.0024,99.6734,False,False,False,False,False,False,False,False,False,False,False,False,False,False,False,False,False,False,False,False,False,False,False,False,False
AAPL,2023-01-23,135.6978804326285,140.806703627411,135.4817372209474,138.6354522705078,81760300,2023,1,4,Monday,137.6554,135.45228576660156,2.35,0.18,0.02,2.35,-0.02,0,0.0,134.0978,132.7432,131.3887,130.0342,128.6797,127.3251,125.9706,124.6161,123.2616,121.9071,120.5525,119.198,117.8435,116.489,115.1344,113.7799,112.4254,111.0709,109.7164,108.3618,107.0073,105.6528,104.2983,102.9437,101.5892,False,False,False,False,False,False,False,False,False,False,False,False,False,False,False,False,False,False,False,False,False,False,False,False,False
AAPL,2023-01-24,137.84949253259393,140.64952034187644,137.83967329148908,140.0305633544922,66435100,2023,1,4,Tuesday,139.0923,138.6354522705078,1.01,-0.57,-0.57,1.01,0.57,0,0.0,137.2491,135.8627,134.4764,133.09,131.7037,130.3173,128.931,127.5446,126.1583,124.7719,123.3856,121.9992,120.6128,119.2265,117.8401,116.4538,115.0674,113.6811,112.2947,110.9084,109.522,108.1357,106.7493,105.3629,103.9766,False,False,False,False,False,False,False,False,False,False,False,False,False,False,False,False,False,False,False,False,False,False,False,False,False
AAPL,2023-01-25,138.41930821894437,139.93229570032543,136.37578195167205,139.37229919433594,65799300,2023,1,4,Wednesday,138.5249,140.0305633544922,-0.47,-1.15,-2.61,-0.47,2.61,2,275.8602,138.6303,137.23,135.8296,134.4293,133.029,131.6287,130.2284,128.8281,127.4278,126.0275,124.6272,123.2269,121.8266,120.4263,119.026,117.6257,116.2254,114.8251,113.4248,112.0245,110.6241,109.2238,107.8235,106.4232,105.0229,True,True,False,False,False,False,False,False,False,False,False,False,False,False,False,False,False,False,False,False,False,False,False,False,False
AAPL,2023-01-26,140.65933109437518,141.72039372676826,139.41159795380088,141.43548583984375,54105100,2023,1,4,Thursday,140.8067,139.37229919433594,1.48,0.92,0.03,1.48,-0.03,0,0.0,137.9786,136.5849,135.1911,133.7974,132.4037,131.01,129.6162,128.2225,126.8288,125.4351,124.0413,122.6476,121.2539,119.8602,118.4665,117.0727,115.679,114.2853,112.8916,111.4978,110.1041,108.7104,107.3167,105.9229,104.5292,False,False,False,False,False,False,False,False,False,False,False,False,False,False,False,False,False,False,False,False,False,False,False,False,False
AAPL,2023-01-27,140.6495420845882,144.64816254873466,140.57094316997566,143.37095642089844,70555800,2023,1,4,Friday,142.3099,141.43548583984375,1.37,-0.56,-0.61,1.37,0.61,0,0.0,140.0211,138.6068,137.1924,135.7781,134.3637,132.9494,131.535,130.1206,128.7063,127.2919,125.8776,124.4632,123.0489,121.6345,120.2202,118.8058,117.3915,115.9771,114.5627,113.1484,111.734,110.3197,108.9053,107.491,106.0766,False,False,False,False,False,False,False,False,False,False,False,False,False,False,False,False,False,False,False,False,False,False,False,False,False
AAPL,2023-01-30,142.41794502488958,142.9975950119405,140.34494601130174,140.4923095703125,64015300,2023,1,5,Monday,141.5632,143.37095642089844,-2.01,-0.66,-2.11,-2.01,2.11,2,282.4408,141.9372,140.5035,139.0698,137.6361,136.2024,134.7687,133.335,131.9013,130.4676,129.0339,127.6002,126.1664,124.7327,123.299,121.8653,120.4316,118.9979,117.5642,116.1305,114.6968,113.2631,111.8293,110.3956,108.9619,107.5282,True,True,False,False,False,False,False,False,False,False,False,False,False,False,False,False,False,False,False,False,False,False,False,False,False
AAPL,2023-01-31,140.19757555057984,141.80881551729502,139.78494257033407,141.7596893310547,65874500,2023,1,5,Tuesday,140.8878,140.4923095703125,0.9,-0.21,-0.5,0.9,0.5,0,0.0,139.0874,137.6825,136.2775,134.8726,133.4677,132.0628,130.6578,129.2529,127.848,126.4431,125.0382,123.6332,122.2283,120.8234,119.4185,118.0135,116.6086,115.2037,113.7988,112.3938,110.9889,109.584,108.1791,106.7742,105.3692,False,False,False,False,False,False,False,False,False,False,False,False,False,False,False,False,False,False,False,False,False,False,False,False,False
AAPL,2023-02-01,141.44531098955775,144.03901475780756,138.84178798038548,142.87969970703125,77663600,2023,2,5,Wednesday,141.8015,141.7596893310547,0.79,-0.22,-2.06,0.79,2.06,2,279.2666,140.3421,138.9245,137.5069,136.0893,134.6717,133.2541,131.8365,130.4189,129.0013,127.5837,126.1661,124.7485,123.3309,121.9133,120.4957,119.0781,117.6605,116.2429,114.8253,113.4078,111.9902,110.5726,109.155,107.7374,106.3198,True,True,False,False,False,False,False,False,False,False,False,False,False,False,False,False,False,False,False,False,False,False,False,False,False
AAPL,2023-02-02,146.2888426135127,148.52885870656533,145.57164829200897,148.17518615722656,118339000,2023,2,5,Thursday,147.1411,142.87969970703125,3.71,2.39,1.88,3.71,-1.88,0,0.0,141.4509,140.0221,138.5933,137.1645,135.7357,134.3069,132.8781,131.4493,130.0205,128.5917,127.1629,125.7341,124.3053,122.8765,121.4477,120.0189,118.5902,117.1614,115.7326,114.3038,112.875,111.4462,110.0174,108.5886,107.1598,False,False,False,False,False,False,False,False,False,False,False,False,False,False,False,False,False,False,False,False,False,False,False,False,False
AAPL,2023-02-03,145.43410775063012,154.62014981197694,145.23761799882098,151.7906494140625,154357300,2023,2,5,Friday,149.2706,148.17518615722656,2.44,-1.85,-1.98,2.44,1.98,1,146.6934,146.6934,145.2117,143.7299,142.2482,140.7664,139.2847,137.8029,136.3212,134.8394,133.3577,131.8759,130.3942,128.9124,127.4307,125.9489,124.4672,122.9854,121.5037,120.0219,118.5401,117.0584,115.5766,114.0949,112.6131,111.1314,True,False,False,False,False,False,False,False,False,False,False,False,False,False,False,False,False,False,False,False,False,False,False,False,False
AAPL,2023-02-06,149.8945101165513,150.41521473457135,148.13589150827315,149.06922912597656,69858300,2023,2,6,Monday,149.3787,151.7906494140625,-1.79,-1.25,-2.41,-1.79,2.41,2,299.0276,150.2727,148.7548,147.2369,145.719,144.2011,142.6832,141.1653,139.6474,138.1295,136.6116,135.0937,133.5758,132.0579,130.54,129.0221,127.5041,125.9862,124.4683,122.9504,121.4325,119.9146,118.3967,116.8788,115.3609,113.843,True,True,False,False,False,False,False,False,False,False,False,False,False,False,False,False,False,False,False,False,False,False,False,False,False
AAPL,2023-02-07,147.9983146799996,152.50781896271047,147.9983146799996,151.93798828125,83322600,2023,2,6,Tuesday,150.1106,149.06922912597656,1.92,-0.72,-0.72,1.92,0.72,0,0.0,147.5785,146.0878,144.5972,143.1065,141.6158,140.1251,138.6344,137.1437,135.653,134.1623,132.6716,131.1809,129.6902,128.1995,126.7088,125.2182,123.7275,122.2368,120.7461,119.2554,117.7647,116.274,114.7833,113.2926,111.8019,False,False,False,False,False,False,False,False,False,False,False,False,False,False,False,False,False,False,False,False,False,False,False,False,False
AAPL,2023-02-08,151.18150996746658,151.8692315183495,148.5190269025848,149.25587463378906,64120100,2023,2,6,Wednesday,150.2064,151.93798828125,-1.77,-0.5,-2.25,-1.77,2.25,2,299.3178,150.4186,148.8992,147.3798,145.8605,144.3411,142.8217,141.3023,139.7829,138.2636,136.7442,135.2248,133.7054,132.186,130.6667,129.1473,127.6279,126.1085,124.5892,123.0698,121.5504,120.031,118.5116,116.9923,115.4729,113.9535,True,True,False,False,False,False,False,False,False,False,False,False,False,False,False,False,False,False,False,False,False,False,False,False,False
AAPL,2023-02-09,151.08326181502397,151.62361983119905,147.78218328763404,148.2242889404297,56007100,2023,2,6,Thursday,149.6783,149.25587463378906,-0.69,1.22,-0.99,-0.69,0.99,0,0.0,147.7633,146.2708,144.7782,143.2856,141.7931,140.3005,138.808,137.3154,135.8228,134.3303,132.8377,131.3452,129.8526,128.3601,126.8675,125.3749,123.8824,122.3898,120.8973,119.4047,117.9121,116.4196,114.927,113.4345,111.9419,False,False,False,False,False,False,False,False,False,False,False,False,False,False,False,False,False,False,False,False,False,False,False,False,False
AAPL,2023-02-10,147.0632318137508,148.9130734935689,146.8270751036462,148.58836364746094,57450700,2023,2,6,Friday,147.8479,148.2242889404297,0.25,-0.78,-0.94,0.25,0.94,0,0.0,146.742,145.2598,143.7776,142.2953,140.8131,139.3308,137.8486,136.3663,134.8841,133.4019,131.9196,130.4374,128.9551,127.4729,125.9906,124.5084,123.0262,121.5439,120.0617,118.5794,117.0972,115.6149,114.1327,112.6505,111.1682,False,False,False,False,False,False,False,False,False,False,False,False,False,False,False,False,False,False,False,False,False,False,False,False,False
AAPL,2023-02-13,148.52933886882354,151.78625678187208,148.49982115470684,151.38284301757812,62199000,2023,2,7,Monday,150.0496,148.58836364746094,1.88,-0.04,-0.06,1.88,0.06,0,0.0,147.1025,145.6166,144.1307,142.6448,141.1589,139.6731,138.1872,136.7013,135.2154,133.7295,132.2436,130.7578,129.2719,127.786,126.3001,124.8142,123.3283,121.8425,120.3566,118.8707,117.3848,115.8989,114.413,112.9272,111.4413,False,False,False,False,False,False,False,False,False,False,False,False,False,False,False,False,False,False,False,False,False,False,False,False,False
AAPL,2023-02-14,149.68060318055606,151.30415283571156,148.4408139099733,150.7432861328125,61707600,2023,2,7,Tuesday,150.0422,151.38284301757812,-0.42,-1.12,-1.94,-0.42,1.94,1,149.869,149.869,148.3552,146.8414,145.3275,143.8137,142.2999,140.786,139.2722,137.7584,136.2446,134.7307,133.2169,131.7031,130.1892,128.6754,127.1616,125.6478,124.1339,122.6201,121.1063,119.5924,118.0786,116.5648,115.051,113.5371,True,False,False,False,False,False,False,False,False,False,False,False,False,False,False,False,False,False,False,False,False,False,False,False,False
AAPL,2023-02-15,150.6546952720313,153.0063681105949,150.42838780610393,152.83909606933594,65573800,2023,2,7,Wednesday,151.7321,150.7432861328125,1.39,-0.06,-0.21,1.39,0.21,0,0.0,149.2359,147.7284,146.221,144.7136,143.2061,141.6987,140.1913,138.6838,137.1764,135.669,134.1615,132.6541,131.1467,129.6392,128.1318,126.6244,125.1169,123.6095,122.1021,120.5946,119.0872,117.5798,116.0723,114.5649,113.0575,False,False,False,False,False,False,False,False,False,False,False,False,False,False,False,False,False,False,False,False,False,False,False,False,False
AAPL,2023-02-16,151.04826665403036,153.82305157694913,150.8908438680814,151.2450714111328,68167900,2023,2,7,Thursday,151.7518,152.83909606933594,-1.04,-1.17,-1.27,-1.04,1.27,1,151.3107,151.3107,149.7823,148.2539,146.7255,145.1971,143.6688,142.1404,140.612,139.0836,137.5552,136.0268,134.4984,132.97,131.4416,129.9132,128.3848,126.8564,125.3281,123.7997,122.2713,120.7429,119.2145,117.6861,116.1577,114.6293,True,False,False,False,False,False,False,False,False,False,False,False,False,False,False,False,False,False,False,False,False,False,False,False,False
AAPL,2023-02-17,149.90689371085574,150.54646418705764,148.43094798353164,150.1036834716797,59144100,2023,2,7,Friday,149.747,151.2450714111328,-0.75,-0.88,-1.86,-0.75,1.86,1,149.7326,149.7326,148.2202,146.7077,145.1953,143.6828,142.1704,140.6579,139.1455,137.633,136.1206,134.6081,133.0957,131.5832,130.0708,128.5583,127.0459,125.5334,124.021,122.5085,120.9961,119.4836,117.9712,116.4587,114.9463,113.4338,True,False,False,False,False,False,False,False,False,False,False,False,False,False,False,False,False,False,False,False,False,False,False,False,False
AAPL,2023-02-21,147.79137232815333,148.87373860585663,146.0300835825423,146.0989532470703,58867200,2023,2,8,Tuesday,147.1985,150.1036834716797,-2.67,-1.54,-2.71,-2.67,2.71,2,295.7043,148.6026,147.1016,145.6006,144.0995,142.5985,141.0975,139.5964,138.0954,136.5944,135.0933,133.5923,132.0912,130.5902,129.0892,127.5881,126.0871,124.5861,123.085,121.584,120.0829,118.5819,117.0809,115.5798,114.0788,112.5778,True,True,False,False,False,False,False,False,False,False,False,False,False,False,False,False,False,False,False,False,False,False,False,False,False
AAPL,2023-02-22,146.48271250078488,147.54539539799444,144.80014250744384,146.52207946777344,51011300,2023,2,8,Wednesday,146.3376,146.0989532470703,0.29,0.26,-0.89,0.29,0.89,0,0.0,144.638,143.177,141.716,140.255,138.794,137.333,135.872,134.411,132.95,131.4891,130.0281,128.5671,127.1061,125.6451,124.1841,122.7231,121.2621,119.8011,118.3402,116.8792,115.4182,113.9572,112.4962,111.0352,109.5742,False,False,False,False,False,False,False,False,False,False,False,False,False,False,False,False,False,False,False,False,False,False,False,False,False
AAPL,2023-02-23,147.6831183102613,147.92910925221886,144.8788305804024,147.00418090820312,48394200,2023,2,8,Thursday,146.8738,146.52207946777344,0.33,0.79,-1.12,0.33,1.12,1,145.0569,145.0569,143.5916,142.1264,140.6612,139.196,137.7308,136.2655,134.8003,133.3351,131.8699,130.4047,128.9394,127.4742,126.009,124.5438,123.0785,121.6133,120.1481,118.6829,117.2177,115.7524,114.2872,112.822,111.3568,109.8916,True,False,False,False,False,False,False,False,False,False,False,False,False,False,False,False,False,False,False,False,False,False,False,False,False
AAPL,2023-02-24,144.75094042273577,144.8296593421339,143.38323110315275,144.35736083984375,55469600,2023,2,8,Friday,144.3303,147.00418090820312,-1.8,-1.53,-2.46,-1.8,2.46,2,289.5982,145.5341,144.0641,142.5941,141.124,139.654,138.1839,136.7139,135.2438,133.7738,132.3038,130.8337,129.3637,127.8936,126.4236,124.9536,123.4835,122.0135,120.5434,119.0734,117.6033,116.1333,114.6633,113.1932,111.7232,110.2531,True,True,False,False,False,False,False,False,False,False,False,False,False,False,False,False,False,False,False,False,False,False,False,False,False
AAPL,2023-02-27,145.3413038601465,146.7778826433076,145.08546365545735,145.5479278564453,44998500,2023,2,9,Monday,145.6881,144.35736083984375,0.82,0.68,0.5,0.82,-0.5,0,0.0,142.9138,141.4702,140.0266,138.5831,137.1395,135.6959,134.2523,132.8088,131.3652,129.9216,128.4781,127.0345,125.5909,124.1473,122.7038,121.2602,119.8166,118.373,116.9295,115.4859,114.0423,112.5987,111.1552,109.7116,108.268,False,False,False,False,False,False,False,False,False,False,False,False,False,False,False,False,False,False,False,False,False,False,False,False,False
AAPL,2023-02-28,144.69189970203135,146.68934528974674,144.47542643511753,145.04612731933594,50547000,2023,2,9,Tuesday,145.2257,145.5479278564453,-0.34,-0.59,-0.74,-0.34,0.74,0,0.0,144.0924,142.637,141.1815,139.726,138.2705,136.8151,135.3596,133.9041,132.4486,130.9931,129.5377,128.0822,126.6267,125.1712,123.7157,122.2603,120.8048,119.3493,117.8938,116.4383,114.9829,113.5274,112.0719,110.6164,109.1609,False,False,False,False,False,False,False,False,False,False,False,False,False,False,False,False,False,False,False,False,False,False,False,False,False
AAPL,2023-03-01,144.47538049709885,144.86895994047163,142.68455949733774,142.97975158691406,55479000,2023,3,9,Wednesday,143.7522,145.04612731933594,-1.42,-0.39,-1.63,-1.42,1.63,1,143.5957,143.5957,142.1452,140.6947,139.2443,137.7938,136.3434,134.8929,133.4424,131.992,130.5415,129.0911,127.6406,126.1901,124.7397,123.2892,121.8387,120.3883,118.9378,117.4874,116.0369,114.5864,113.136,111.6855,110.2351,108.7846,True,False,False,False,False,False,False,False,False,False,False,False,False,False,False,False,False,False,False,False,False,False,False,False,False
AAPL,2023-03-02,142.0646965175798,144.3573339453376,141.59238308918532,143.57015991210938,52238100,2023,3,9,Thursday,142.8961,142.97975158691406,0.41,-0.64,-0.97,0.41,0.97,0,0.0,141.55,140.1202,138.6904,137.2606,135.8308,134.401,132.9712,131.5414,130.1116,128.6818,127.252,125.8222,124.3924,122.9626,121.5328,120.103,118.6732,117.2434,115.8136,114.3838,112.954,111.5242,110.0944,108.6646,107.2348,False,False,False,False,False,False,False,False,False,False,False,False,False,False,False,False,False,False,False,False,False,False,False,False,False
AAPL,2023-03-03,145.66599039801153,148.6867663889097,144.96738452683869,148.60804748535156,70732300,2023,3,9,Friday,146.982,143.57015991210938,3.51,1.46,0.97,3.51,-0.97,0,0.0,142.1345,140.6988,139.2631,137.8274,136.3917,134.956,133.5202,132.0845,130.6488,129.2131,127.7774,126.3417,124.906,123.4703,122.0346,120.5989,119.1632,117.7275,116.2918,114.8561,113.4204,111.9847,110.549,109.1133,107.6776,False,False,False,False,False,False,False,False,False,False,False,False,False,False,False,False,False,False,False,False,False,False,False,False,False
AAPL,2023-03-06,151.32379221822697,153.79355106354063,150.99909736370918,151.3631591796875,87558000,2023,3,10,Monday,151.8699,148.60804748535156,1.85,1.83,1.61,1.85,-1.61,0,0.0,147.122,145.6359,144.1498,142.6637,141.1776,139.6916,138.2055,136.7194,135.2333,133.7472,132.2612,130.7751,129.289,127.8029,126.3168,124.8308,123.3447,121.8586,120.3725,118.8864,117.4004,115.9143,114.4282,112.9421,111.456,False,False,False,False,False,False,False,False,False,False,False,False,False,False,False,False,False,False,False,False,False,False,False,False,False
AAPL,2023-03-07,151.23522972088062,151.55993956940895,148.7064506179963,149.16891479492188,56182000,2023,3,10,Tuesday,150.1676,151.3631591796875,-1.45,-0.08,-1.76,-1.45,1.76,1,149.8495,149.8495,148.3359,146.8223,145.3086,143.795,142.2814,140.7677,139.2541,137.7405,136.2268,134.7132,133.1996,131.6859,130.1723,128.6587,127.1451,125.6314,124.1178,122.6042,121.0905,119.5769,118.0633,116.5496,115.036,113.5224,True,False,False,False,False,False,False,False,False,False,False,False,False,False,False,False,False,False,False,False,False,False,False,False,False
AAPL,2023-03-08,150.35951315538156,151.00893289820618,149.39523278864294,150.41854858398438,47204800,2023,3,10,Wednesday,150.2956,149.16891479492188,0.84,0.8,0.15,0.84,-0.15,0,0.0,147.6772,146.1855,144.6938,143.2022,141.7105,140.2188,138.7271,137.2354,135.7437,134.252,132.7603,131.2686,129.777,128.2853,126.7936,125.3019,123.8102,122.3185,120.8268,119.3351,117.8434,116.3518,114.8601,113.3684,111.8767,False,False,False,False,False,False,False,False,False,False,False,False,False,False,False,False,False,False,False,False,False,False,False,False,False
AAPL,2023-03-09,151.097452526104,152.06173267895514,147.82085183856077,148.17507934570312,53833600,2023,3,10,Thursday,149.7888,150.41854858398438,-1.49,0.45,-1.73,-1.49,1.73,1,148.9144,148.9144,147.4102,145.906,144.4018,142.8976,141.3934,139.8893,138.3851,136.8809,135.3767,133.8725,132.3683,130.8641,129.36,127.8558,126.3516,124.8474,123.3432,121.839,120.3348,118.8307,117.3265,115.8223,114.3181,112.8139,True,False,False,False,False,False,False,False,False,False,False,False,False,False,False,False,False,False,False,False,False,False,False,False,False
AAPL,2023-03-10,147.80122193638456,148.5195113692859,145.24290982690115,146.11863708496094,68572400,2023,3,10,Friday,146.9206,148.17507934570312,-1.39,-0.25,-1.98,-1.39,1.98,1,146.6933,146.6933,145.2116,143.7298,142.2481,140.7663,139.2846,137.8028,136.3211,134.8393,133.3576,131.8758,130.3941,128.9123,127.4306,125.9488,124.4671,122.9853,121.5036,120.0218,118.5401,117.0583,115.5766,114.0948,112.6131,111.1313,True,False,False,False,False,False,False,False,False,False,False,False,False,False,False,False,False,False,False,False,False,False,False,False,False
AAPL,2023-03-13,145.43970497520198,150.68423448355665,145.33146834316847,148.0570526123047,84457100,2023,3,11,Monday,147.3781,146.11863708496094,1.33,-0.46,-0.54,1.33,0.54,0,0.0,144.6575,143.1963,141.7351,140.2739,138.8127,137.3515,135.8903,134.4291,132.968,131.5068,130.0456,128.5844,127.1232,125.662,124.2008,122.7397,121.2785,119.8173,118.3561,116.8949,115.4337,113.9725,112.5114,111.0502,109.589,False,False,False,False,False,False,False,False,False,False,False,False,False,False,False,False,False,False,False,False,False,False,False,False,False
AAPL,2023-03-14,148.8540608128164,150.94005952145656,147.69299059245188,150.14305114746094,73695900,2023,3,11,Tuesday,149.4075,148.0570526123047,1.41,0.54,-0.25,1.41,0.25,0,0.0,146.5765,145.0959,143.6153,142.1348,140.6542,139.1736,137.6931,136.2125,134.7319,133.2513,131.7708,130.2902,128.8096,127.3291,125.8485,124.3679,122.8874,121.4068,119.9262,118.4456,116.9651,115.4845,114.0039,112.5234,111.0428,False,False,False,False,False,False,False,False,False,False,False,False,False,False,False,False,False,False,False,False,False,False,False,False,False
AAPL,2023-03-15,148.76548332238644,150.7924462663543,147.51584514285557,150.53662109375,77167900,2023,3,11,Wednesday,149.4026,150.14305114746094,0.26,-0.92,-1.75,0.26,1.75,1,148.6416,148.6416,147.1402,145.6388,144.1373,142.6359,141.1345,139.633,138.1316,136.6302,135.1287,133.6273,132.1259,130.6245,129.123,127.6216,126.1202,124.6187,123.1173,121.6159,120.1144,118.613,117.1116,115.6101,114.1087,112.6073,True,False,False,False,False,False,False,False,False,False,False,False,False,False,False,False,False,False,False,False,False,False,False,False,False
AAPL,2023-03-16,149.71992520737962,153.95097226183628,149.20825986230471,153.3507537841797,76161100,2023,3,11,Thursday,151.5575,150.53662109375,1.87,-0.54,-0.88,1.87,0.88,0,0.0,149.0313,147.5259,146.0205,144.5152,143.0098,141.5044,139.9991,138.4937,136.9883,135.483,133.9776,132.4722,130.9669,129.4615,127.9561,126.4508,124.9454,123.44,121.9347,120.4293,118.9239,117.4186,115.9132,114.4078,112.9025,False,False,False,False,False,False,False,False,False,False,False,False,False,False,False,False,False,False,False,False,False,False,False,False,False
AAPL,2023-03-17,153.5770871091514,154.2265068856699,151.80594908869074,152.514404296875,98944600,2023,3,11,Friday,153.031,153.3507537841797,-0.55,0.15,-1.01,-0.55,1.01,1,151.8172,151.8172,150.2837,148.7502,147.2167,145.6832,144.1497,142.6162,141.0827,139.5492,138.0157,136.4822,134.9487,133.4152,131.8816,130.3481,128.8146,127.2811,125.7476,124.2141,122.6806,121.1471,119.6136,118.0801,116.5466,115.0131,True,False,False,False,False,False,False,False,False,False,False,False,False,False,False,False,False,False,False,False,False,False,False,False,False
AAPL,2023-03-20,152.5832927983786,155.28919358755078,151.6780327765039,154.87591552734375,73641400,2023,3,12,Monday,153.6066,152.514404296875,1.55,0.05,-0.55,1.55,0.55,0,0.0,150.9893,149.4641,147.939,146.4138,144.8887,143.3635,141.8384,140.3133,138.7881,137.263,135.7378,134.2127,132.6875,131.1624,129.6372,128.1121,126.587,125.0618,123.5367,122.0115,120.4864,118.9612,117.4361,115.9109,114.3858,False,False,False,False,False,False,False,False,False,False,False,False,False,False,False,False,False,False,False,False,False,False,False,False,False
AAPL,2023-03-21,154.7971931327365,156.84382463636302,154.02968755125636,156.7257537841797,73938300,2023,3,12,Tuesday,155.5991,154.87591552734375,1.19,-0.05,-0.55,1.19,0.55,0,0.0,153.3272,151.7784,150.2296,148.6809,147.1321,145.5834,144.0346,142.4858,140.9371,139.3883,137.8396,136.2908,134.742,133.1933,131.6445,130.0958,128.547,126.9983,125.4495,123.9007,122.352,120.8032,119.2545,117.7057,116.1569,False,False,False,False,False,False,False,False,False,False,False,False,False,False,False,False,False,False,False,False,False,False,False,False,False
AAPL,2023-03-22,156.74542384346483,159.53987720924363,155.27931249330243,155.2989959716797,75701800,2023,3,12,Wednesday,156.7159,156.7257537841797,-0.91,0.01,-0.92,-0.91,0.92,0,0.0,155.1585,153.5912,152.024,150.4567,148.8895,147.3222,145.755,144.1877,142.6204,141.0532,139.4859,137.9187,136.3514,134.7841,133.2169,131.6496,130.0824,128.5151,126.9479,125.3806,123.8133,122.2461,120.6788,119.1116,117.5443,False,False,False,False,False,False,False,False,False,False,False,False,False,False,False,False,False,False,False,False,False,False,False,False,False
AAPL,2023-03-23,156.2829907905543,158.95937384680835,155.15142327717084,156.38137817382812,67622100,2023,3,12,Thursday,156.6938,155.2989959716797,0.7,0.63,-0.1,0.7,0.1,0,0.0,153.746,152.193,150.64,149.087,147.534,145.9811,144.4281,142.8751,141.3221,139.7691,138.2161,136.6631,135.1101,133.5571,132.0041,130.4512,128.8982,127.3452,125.7922,124.2392,122.6862,121.1332,119.5802,118.0272,116.4742,False,False,False,False,False,False,False,False,False,False,False,False,False,False,False,False,False,False,False,False,False,False,False,False,False
AAPL,2023-03-24,156.31248202721346,157.76874417421377,155.3186840441415,157.68019104003906,59196500,2023,3,12,Friday,156.77,156.38137817382812,0.83,-0.04,-0.68,0.83,0.68,0,0.0,154.8176,153.2538,151.6899,150.1261,148.5623,146.9985,145.4347,143.8709,142.3071,140.7432,139.1794,137.6156,136.0518,134.488,132.9242,131.3604,129.7965,128.2327,126.6689,125.1051,123.5413,121.9775,120.4137,118.8498,117.286,False,False,False,False,False,False,False,False,False,False,False,False,False,False,False,False,False,False,False,False,False,False,False,False,False
AAPL,2023-03-27,157.37515888196728,158.19185056660328,155.33834678641222,155.7417755126953,52390300,2023,3,13,Monday,156.6618,157.68019104003906,-1.23,-0.19,-1.49,-1.23,1.49,1,156.1034,156.1034,154.5266,152.9498,151.373,149.7962,148.2194,146.6426,145.0658,143.489,141.9122,140.3354,138.7586,137.1818,135.605,134.0282,132.4514,130.8746,129.2978,127.721,126.1442,124.5674,122.9905,121.4137,119.8369,118.2601,True,False,False,False,False,False,False,False,False,False,False,False,False,False,False,False,False,False,False,False,False,False,False,False,False
AAPL,2023-03-28,155.43676283008696,155.94842821050446,153.47866946121147,155.12188720703125,45992200,2023,3,13,Tuesday,154.9964,155.7417755126953,-0.4,-0.2,-1.45,-0.4,1.45,1,154.1844,154.1844,152.6269,151.0695,149.5121,147.9547,146.3973,144.8399,143.2824,141.725,140.1676,138.6102,137.0528,135.4953,133.9379,132.3805,130.8231,129.2657,127.7083,126.1508,124.5934,123.036,121.4786,119.9212,118.3637,116.8063,True,False,False,False,False,False,False,False,False,False,False,False,False,False,False,False,False,False,False,False,False,False,False,False,False
AAPL,2023-03-29,156.8143056879684,158.46737267599335,156.7946372221569,158.19186401367188,51305700,2023,3,13,Wednesday,157.567,155.12188720703125,1.98,1.09,1.08,1.98,-1.08,0,0.0,153.5707,152.0194,150.4682,148.917,147.3658,145.8146,144.2634,142.7121,141.1609,139.6097,138.0585,136.5073,134.956,133.4048,131.8536,130.3024,128.7512,127.1999,125.6487,124.0975,122.5463,120.9951,119.4439,117.8926,116.3414,False,False,False,False,False,False,False,False,False,False,False,False,False,False,False,False,False,False,False,False,False,False,False,False,False
AAPL,2023-03-30,158.93965597985908,159.86458426430409,158.68383082177425,159.75634765625,49501700,2023,3,13,Thursday,159.3111,158.19186401367188,0.99,0.47,0.31,0.99,-0.31,0,0.0,156.6099,155.028,153.4461,151.8642,150.2823,148.7004,147.1184,145.5365,143.9546,142.3727,140.7908,139.2088,137.6269,136.045,134.4631,132.8812,131.2992,129.7173,128.1354,126.5535,124.9716,123.3897,121.8077,120.2258,118.6439,False,False,False,False,False,False,False,False,False,False,False,False,False,False,False,False,False,False,False,False,False,False,False,False,False
AAPL,2023-03-31,159.8350878653574,162.35403288236776,159.31358823359025,162.25563049316406,68749800,2023,3,13,Friday,160.9396,159.75634765625,1.56,0.05,-0.28,1.56,0.28,0,0.0,158.1588,156.5612,154.9637,153.3661,151.7685,150.171,148.5734,146.9758,145.3783,143.7807,142.1831,140.5856,138.988,137.3905,135.7929,134.1953,132.5978,131.0002,129.4026,127.8051,126.2075,124.61,123.0124,121.4148,119.8173,False,False,False,False,False,False,False,False,False,False,False,False,False,False,False,False,False,False,False,False,False,False,False,False,False
AAPL,2023-04-03,161.6357239671043,163.6233198649464,161.586522778444,163.5052490234375,56976200,2023,4,14,Monday,162.5877,162.25563049316406,0.77,-0.38,-0.41,0.77,0.41,0,0.0,160.6331,159.0105,157.388,155.7654,154.1428,152.5203,150.8977,149.2752,147.6526,146.0301,144.4075,142.785,141.1624,139.5398,137.9173,136.2947,134.6722,133.0496,131.4271,129.8045,128.1819,126.5594,124.9368,123.3143,121.6917,False,False,False,False,False,False,False,False,False,False,False,False,False,False,False,False,False,False,False,False,False,False,False,False,False
AAPL,2023-04-04,163.92839947620809,164.16454121432164,162.46228779099377,162.9739532470703,46278300,2023,4,14,Tuesday,163.3823,163.5052490234375,-0.32,0.26,-0.64,-0.32,0.64,0,0.0,161.8702,160.2351,158.6001,156.965,155.33,153.6949,152.0599,150.4248,148.7898,147.1547,145.5197,143.8846,142.2496,140.6145,138.9795,137.3444,135.7094,134.0743,132.4393,130.8042,129.1691,127.5341,125.899,124.264,122.6289,False,False,False,False,False,False,False,False,False,False,False,False,False,False,False,False,False,False,False,False,False,False,False,False,False
AAPL,2023-04-05,162.09819114468434,162.4032175003463,159.2053353608918,161.13389587402344,51511700,2023,4,14,Wednesday,161.2102,162.9739532470703,-1.13,-0.54,-2.31,-1.13,2.31,2,321.0587,161.3442,159.7145,158.0847,156.455,154.8253,153.1955,151.5658,149.936,148.3063,146.6766,145.0468,143.4171,141.7873,140.1576,138.5279,136.8981,135.2684,133.6386,132.0089,130.3792,128.7494,127.1197,125.4899,123.8602,122.2305,True,True,False,False,False,False,False,False,False,False,False,False,False,False,False,False,False,False,False,False,False,False,False,False,False
AAPL,2023-04-06,159.8252203026454,162.31466233453045,159.40212310856722,162.01947021484375,45390100,2023,4,14,Thursday,160.8904,161.13389587402344,0.55,-0.81,-1.07,0.55,1.07,1,159.5226,159.5226,157.9112,156.2999,154.6885,153.0772,151.4659,149.8545,148.2432,146.6318,145.0205,143.4092,141.7978,140.1865,138.5752,136.9638,135.3525,133.7411,132.1298,130.5185,128.9071,127.2958,125.6844,124.0731,122.4618,120.8504,True,False,False,False,False,False,False,False,False,False,False,False,False,False,False,False,False,False,False,False,False,False,False,False,False
AAPL,2023-04-10,158.8314221542027,159.431640625,157.5129143705151,159.431640625,47716900,2023,4,15,Monday,158.8019,162.01947021484375,-1.6,-1.97,-2.78,-1.6,2.78,2,319.1784,160.3993,158.7791,157.1589,155.5387,153.9185,152.2983,150.6781,149.0579,147.4377,145.8175,144.1973,142.5771,140.9569,139.3367,137.7165,136.0964,134.4762,132.856,131.2358,129.6156,127.9954,126.3752,124.755,123.1348,121.5146,True,True,False,False,False,False,False,False,False,False,False,False,False,False,False,False,False,False,False,False,False,False,False,False,False
AAPL,2023-04-11,159.7465059260698,159.7563401575787,157.93600138413825,158.2213592529297,47644200,2023,4,15,Tuesday,158.9151,159.431640625,-0.76,0.2,-0.94,-0.76,0.94,0,0.0,157.8373,156.243,154.6487,153.0544,151.4601,149.8657,148.2714,146.6771,145.0828,143.4885,141.8942,140.2998,138.7055,137.1112,135.5169,133.9226,132.3283,130.7339,129.1396,127.5453,125.951,124.3567,122.7624,121.168,119.5737,False,False,False,False,False,False,False,False,False,False,False,False,False,False,False,False,False,False,False,False,False,False,False,False,False
AAPL,2023-04-12,158.6346426672523,159.4611686435216,157.21773241416443,157.53260803222656,50133100,2023,4,15,Wednesday,158.2115,158.2213592529297,-0.44,0.26,-0.63,-0.44,0.63,0,0.0,156.6391,155.0569,153.4747,151.8925,150.3103,148.7281,147.1459,145.5637,143.9814,142.3992,140.817,139.2348,137.6526,136.0704,134.4882,132.9059,131.3237,129.7415,128.1593,126.5771,124.9949,123.4127,121.8304,120.2482,118.666,False,False,False,False,False,False,False,False,False,False,False,False,False,False,False,False,False,False,False,False,False,False,False,False,False
AAPL,2023-04-13,159.0380889195549,163.14121655398105,158.83144989570576,162.90505981445312,68445600,2023,4,15,Thursday,160.979,157.53260803222656,3.41,0.96,0.82,3.41,-0.82,0,0.0,155.9573,154.382,152.8066,151.2313,149.656,148.0807,146.5053,144.93,143.3547,141.7793,140.204,138.6287,137.0534,135.478,133.9027,132.3274,130.7521,129.1767,127.6014,126.0261,124.4508,122.8754,121.3001,119.7248,118.1495,False,False,False,False,False,False,False,False,False,False,False,False,False,False,False,False,False,False,False,False,False,False,False,False,False
AAPL,2023-04-14,161.95058596716467,163.6528540223282,161.19294470872245,162.56065368652344,49386500,2023,4,15,Friday,162.3393,162.90505981445312,-0.21,-0.59,-1.05,-0.21,1.05,1,161.276,161.276,159.647,158.0179,156.3889,154.7598,153.1308,151.5017,149.8727,148.2436,146.6146,144.9855,143.3565,141.7274,140.0984,138.4693,136.8403,135.2112,133.5821,131.9531,130.324,128.695,127.0659,125.4369,123.8078,122.1788,True,False,False,False,False,False,False,False,False,False,False,False,False,False,False,False,False,False,False,False,False,False,False,False,False
AAPL,2023-04-17,162.44259843625022,162.73779061232008,161.39959909302152,162.58035278320312,41516200,2023,4,16,Monday,162.2901,162.56065368652344,0.01,-0.07,-0.71,0.01,0.71,0,0.0,160.935,159.3094,157.6838,156.0582,154.4326,152.807,151.1814,149.5558,147.9302,146.3046,144.679,143.0534,141.4278,139.8022,138.1766,136.5509,134.9253,133.2997,131.6741,130.0485,128.4229,126.7973,125.1717,123.5461,121.9205,False,False,False,False,False,False,False,False,False,False,False,False,False,False,False,False,False,False,False,False,False,False,False,False,False
AAPL,2023-04-18,163.43642945073643,164.72541991249665,162.9936336312071,163.8004913330078,49923000,2023,4,16,Tuesday,163.739,162.58035278320312,0.75,0.53,0.25,0.75,-0.25,0,0.0,160.9545,159.3287,157.7029,156.0771,154.4513,152.8255,151.1997,149.5739,147.9481,146.3223,144.6965,143.0707,141.4449,139.8191,138.1933,136.5675,134.9417,133.3159,131.6901,130.0643,128.4385,126.8127,125.1869,123.5611,121.9353,False,False,False,False,False,False,False,False,False,False,False,False,False,False,False,False,False,False,False,False,False,False,False,False,False
AAPL,2023-04-19,163.1412083770297,165.46336364998885,162.8853681685066,164.94186401367188,47720200,2023,4,16,Wednesday,164.108,163.8004913330078,0.7,-0.4,-0.56,0.7,0.56,0,0.0,162.1625,160.5245,158.8865,157.2485,155.6105,153.9725,152.3345,150.6965,149.0584,147.4204,145.7824,144.1444,142.5064,140.8684,139.2304,137.5924,135.9544,134.3164,132.6784,131.0404,129.4024,127.7644,126.1264,124.4884,122.8504,False,False,False,False,False,False,False,False,False,False,False,False,False,False,False,False,False,False,False,False,False,False,False,False,False
AAPL,2023-04-20,163.4265370188754,165.17799130758831,162.9050374280842,163.97755432128906,52456400,2023,4,16,Thursday,163.8718,164.94186401367188,-0.58,-0.92,-1.23,-0.58,1.23,1,163.2924,163.2924,161.643,159.9936,158.3442,156.6948,155.0454,153.3959,151.7465,150.0971,148.4477,146.7983,145.1488,143.4994,141.85,140.2006,138.5512,136.9017,135.2523,133.6029,131.9535,130.3041,128.6547,127.0052,125.3558,123.7064,True,False,False,False,False,False,False,False,False,False,False,False,False,False,False,False,False,False,False,False,False,False,False,False,False
AAPL,2023-04-21,162.40320545287983,163.78074857435575,161.85218820428946,162.37368774414062,58337300,2023,4,16,Friday,162.6025,163.97755432128906,-0.98,-0.96,-1.3,-0.98,1.3,1,162.3378,162.3378,160.698,159.0582,157.4185,155.7787,154.1389,152.4991,150.8593,149.2196,147.5798,145.94,144.3002,142.6605,141.0207,139.3809,137.7411,136.1014,134.4616,132.8218,131.182,129.5423,127.9025,126.2627,124.6229,122.9832,True,False,False,False,False,False,False,False,False,False,False,False,False,False,False,False,False,False,False,False,False,False,False,False,False
AAPL,2023-04-24,162.35406204687058,162.94444645995347,161.26186139253676,162.67877197265625,41949600,2023,4,17,Monday,162.3098,162.37368774414062,0.19,-0.01,-0.68,0.19,0.68,0,0.0,160.75,159.1262,157.5025,155.8787,154.255,152.6313,151.0075,149.3838,147.7601,146.1363,144.5126,142.8888,141.2651,139.6414,138.0176,136.3939,134.7702,133.1464,131.5227,129.899,128.2752,126.6515,125.0277,123.404,121.7803,False,False,False,False,False,False,False,False,False,False,False,False,False,False,False,False,False,False,False,False,False,False,False,False,False
AAPL,2023-04-25,162.54099521393778,163.6430299514636,161.10440134757968,161.14376831054688,48714100,2023,4,17,Tuesday,162.108,162.67877197265625,-0.94,-0.08,-0.97,-0.94,0.97,0,0.0,161.052,159.4252,157.7984,156.1716,154.5448,152.918,151.2913,149.6645,148.0377,146.4109,144.7841,143.1573,141.5305,139.9037,138.277,136.6502,135.0234,133.3966,131.7698,130.143,128.5162,126.8894,125.2627,123.6359,122.0091,False,False,False,False,False,False,False,False,False,False,False,False,False,False,False,False,False,False,False,False,False,False,False,False,False
AAPL,2023-04-26,160.44512426219072,162.62952495549953,160.18929909610858,161.13389587402344,45498800,2023,4,17,Wednesday,161.0995,161.14376831054688,-0.01,-0.43,-0.59,-0.01,0.59,0,0.0,159.5323,157.9209,156.3095,154.698,153.0866,151.4751,149.8637,148.2523,146.6408,145.0294,143.418,141.8065,140.1951,138.5836,136.9722,135.3608,133.7493,132.1379,130.5265,128.915,127.3036,125.6921,124.0807,122.4693,120.8578,False,False,False,False,False,False,False,False,False,False,False,False,False,False,False,False,False,False,False,False,False,False,False,False,False
AAPL,2023-04-27,162.54100085037314,165.85695442572842,162.54100085037314,165.70936584472656,64902300,2023,4,17,Thursday,164.1621,161.13389587402344,2.84,0.87,0.87,2.84,-0.87,0,0.0,159.5226,157.9112,156.2999,154.6885,153.0772,151.4659,149.8545,148.2432,146.6318,145.0205,143.4092,141.7978,140.1865,138.5752,136.9638,135.3525,133.7411,132.1298,130.5185,128.9071,127.2958,125.6844,124.0731,122.4618,120.8504,False,False,False,False,False,False,False,False,False,False,False,False,False,False,False,False,False,False,False,False,False,False,False,False,False
AAPL,2023-04-28,165.78806481489534,167.12625617335198,165.1878463008649,166.95896911621094,55275900,2023,4,17,Friday,166.2653,165.70936584472656,0.75,0.05,-0.31,0.75,0.31,0,0.0,164.0523,162.3952,160.7381,159.081,157.4239,155.7668,154.1097,152.4526,150.7955,149.1384,147.4813,145.8242,144.1671,142.5101,140.853,139.1959,137.5388,135.8817,134.2246,132.5675,130.9104,129.2533,127.5962,125.9391,124.282,False,False,False,False,False,False,False,False,False,False,False,False,False,False,False,False,False,False,False,False,False,False,False,False,False
AAPL,2023-05-01,166.56535028547762,167.71658584933078,165.93561420745303,166.87037658691406,52472900,2023,5,18,Monday,166.772,166.95896911621094,-0.05,-0.24,-0.61,-0.05,0.61,0,0.0,165.2894,163.6198,161.9502,160.2806,158.611,156.9414,155.2718,153.6023,151.9327,150.2631,148.5935,146.9239,145.2543,143.5847,141.9151,140.2455,138.5759,136.9064,135.2368,133.5672,131.8976,130.228,128.5584,126.8888,125.2192,False,False,False,False,False,False,False,False,False,False,False,False,False,False,False,False,False,False,False,False,False,False,False,False,False
AAPL,2023-05-02,167.36238122666072,167.61822139630092,164.85327080237903,165.8372344970703,48425700,2023,5,18,Tuesday,166.4178,166.87037658691406,-0.62,0.29,-1.21,-0.62,1.21,1,165.2017,165.2017,163.533,161.8643,160.1956,158.5269,156.8582,155.1895,153.5207,151.852,150.1833,148.5146,146.8459,145.1772,143.5085,141.8398,140.1711,138.5024,136.8337,135.165,133.4963,131.8276,130.1589,128.4902,126.8215,125.1528,True,False,False,False,False,False,False,False,False,False,False,False,False,False,False,False,False,False,False,False,False,False,False,False,False
AAPL,2023-05-03,166.78183794919684,168.17906452442512,164.47936662159927,164.76470947265625,65136000,2023,5,18,Wednesday,166.0512,165.8372344970703,-0.65,0.57,-0.82,-0.65,0.82,0,0.0,164.1789,162.5205,160.8621,159.2037,157.5454,155.887,154.2286,152.5703,150.9119,149.2535,147.5951,145.9368,144.2784,142.62,140.9616,139.3033,137.6449,135.9865,134.3282,132.6698,131.0114,129.353,127.6947,126.0363,124.3779,False,False,False,False,False,False,False,False,False,False,False,False,False,False,False,False,False,False,False,False,False,False,False,False,False
AAPL,2023-05-04,162.24578626436005,164.36130237503923,161.67508547315035,163.13134765625,81235400,2023,5,18,Thursday,162.8534,164.76470947265625,-0.99,-1.53,-1.88,-0.99,1.88,1,163.1171,163.1171,161.4694,159.8218,158.1741,156.5265,154.8788,153.2312,151.5835,149.9359,148.2882,146.6406,144.9929,143.3453,141.6977,140.05,138.4024,136.7547,135.1071,133.4594,131.8118,130.1641,128.5165,126.8688,125.2212,123.5735,True,False,False,False,False,False,False,False,False,False,False,False,False,False,False,False,False,False,False,False,False,False,False,False,False
AAPL,2023-05-05,168.23812815446027,171.504895212846,168.02165491497223,170.78660583496094,113453200,2023,5,18,Friday,169.6378,163.13134765625,4.69,3.13,3.0,4.69,-3.0,0,0.0,161.5,159.8687,158.2374,156.6061,154.9748,153.3435,151.7122,150.0808,148.4495,146.8182,145.1869,143.5556,141.9243,140.293,138.6616,137.0303,135.399,133.7677,132.1364,130.5051,128.8738,127.2425,125.6111,123.9798,122.3485,False,False,False,False,False,False,False,False,False,False,False,False,False,False,False,False,False,False,False,False,False,False,False,False,False
AAPL,2023-05-08,169.71408033203093,171.06212101363838,169.35001851271124,170.7177276611328,55962800,2023,5,19,Monday,170.211,170.78660583496094,-0.04,-0.63,-0.84,-0.04,0.84,0,0.0,169.0787,167.3709,165.663,163.9551,162.2473,160.5394,158.8315,157.1237,155.4158,153.7079,152.0001,150.2922,148.5843,146.8765,145.1686,143.4607,141.7529,140.045,138.3372,136.6293,134.9214,133.2136,131.5057,129.7978,128.09,False,False,False,False,False,False,False,False,False,False,False,False,False,False,False,False,False,False,False,False,False,False,False,False,False
AAPL,2023-05-09,170.27494492179522,170.7570775926942,168.84820036158354,169.01547241210938,45326900,2023,5,19,Tuesday,169.7239,170.7177276611328,-1.0,-0.26,-1.1,-1.0,1.1,1,169.0106,169.0106,167.3034,165.5962,163.889,162.1818,160.4747,158.7675,157.0603,155.3531,153.646,151.9388,150.2316,148.5244,146.8172,145.1101,143.4029,141.6957,139.9885,138.2814,136.5742,134.867,133.1598,131.4527,129.7455,128.0383,True,False,False,False,False,False,False,False,False,False,False,False,False,False,False,False,False,False,False,False,False,False,False,False,False
AAPL,2023-05-10,170.24539961899495,171.23919752781077,169.14335009103814,170.7767333984375,53724500,2023,5,19,Wednesday,170.3512,169.01547241210938,1.04,0.73,0.08,1.04,-0.08,0,0.0,167.3253,165.6352,163.945,162.2549,160.5647,158.8745,157.1844,155.4942,153.8041,152.1139,150.4238,148.7336,147.0435,145.3533,143.6632,141.973,140.2828,138.5927,136.9025,135.2124,133.5222,131.8321,130.1419,128.4518,126.7616,False,False,False,False,False,False,False,False,False,False,False,False,False,False,False,False,False,False,False,False,False,False,False,False,False
AAPL,2023-05-11,171.06213225532295,171.7902559418124,169.40906507439723,170.96372985839844,49514700,2023,5,19,Thursday,170.8063,170.7767333984375,0.11,0.17,-0.8,0.11,0.8,0,0.0,169.069,167.3612,165.6534,163.9457,162.2379,160.5301,158.8224,157.1146,155.4068,153.6991,151.9913,150.2835,148.5758,146.868,145.1602,143.4525,141.7447,140.0369,138.3292,136.6214,134.9136,133.2059,131.4981,129.7903,128.0826,False,False,False,False,False,False,False,False,False,False,False,False,False,False,False,False,False,False,False,False,False,False,False,False,False
AAPL,2023-05-12,171.07208510437357,171.50563041723674,168.49053896760506,170.03750610351562,45533100,2023,5,19,Friday,170.2764,170.96372985839844,-0.54,0.06,-1.45,-0.54,1.45,1,169.2541,169.2541,167.5445,165.8348,164.1252,162.4155,160.7059,158.9963,157.2866,155.577,153.8674,152.1577,150.4481,148.7384,147.0288,145.3192,143.6095,141.8999,140.1903,138.4806,136.771,135.0613,133.3517,131.6421,129.9324,128.2228,True,False,False,False,False,False,False,False,False,False,False,False,False,False,False,False,False,False,False,False,False,False,False,False,False
AAPL,2023-05-15,170.6188460048669,170.66811525184778,168.95364468701064,169.5448455810547,37266700,2023,5,20,Monday,169.9464,170.03750610351562,-0.29,0.34,-0.64,-0.29,0.64,0,0.0,168.3371,166.6368,164.9364,163.236,161.5356,159.8353,158.1349,156.4345,154.7341,153.0338,151.3334,149.633,147.9326,146.2323,144.5319,142.8315,141.1311,139.4308,137.7304,136.03,134.3296,132.6293,130.9289,129.2285,127.5281,False,False,False,False,False,False,False,False,False,False,False,False,False,False,False,False,False,False,False,False,False,False,False,False,False
AAPL,2023-05-16,169.46601779285794,170.5991352991019,169.27880367524853,169.5448455810547,42110300,2023,5,20,Tuesday,169.7222,169.5448455810547,0.0,-0.05,-0.16,0.0,0.16,0,0.0,167.8494,166.1539,164.4585,162.7631,161.0676,159.3722,157.6767,155.9813,154.2858,152.5904,150.8949,149.1995,147.504,145.8086,144.1131,142.4177,140.7222,139.0268,137.3313,135.6359,133.9404,132.245,130.5495,128.8541,127.1586,False,False,False,False,False,False,False,False,False,False,False,False,False,False,False,False,False,False,False,False,False,False,False,False,False
AAPL,2023-05-17,169.1901019966857,170.3921842356942,167.91902478069315,170.1557159423828,57951600,2023,5,20,Wednesday,169.4143,169.5448455810547,0.36,-0.21,-0.96,0.36,0.96,0,0.0,167.8494,166.1539,164.4585,162.7631,161.0676,159.3722,157.6767,155.9813,154.2858,152.5904,150.8949,149.1995,147.504,145.8086,144.1131,142.4177,140.7222,139.0268,137.3313,135.6359,133.9404,132.245,130.5495,128.8541,127.1586,False,False,False,False,False,False,False,False,False,False,False,False,False,False,False,False,False,False,False,False,False,False,False,False,False
AAPL,2023-05-18,170.46120584790356,172.66833901247392,170.04737119858373,172.4811248779297,65496700,2023,5,20,Thursday,171.4145,170.1557159423828,1.37,0.18,-0.06,1.37,0.06,0,0.0,168.4542,166.7526,165.051,163.3495,161.6479,159.9464,158.2448,156.5433,154.8417,153.1401,151.4386,149.737,148.0355,146.3339,144.6324,142.9308,141.2292,139.5277,137.8261,136.1246,134.423,132.7215,131.0199,129.3183,127.6168,False,False,False,False,False,False,False,False,False,False,False,False,False,False,False,False,False,False,False,False,False,False,False,False,False
AAPL,2023-05-19,173.80145343851697,173.80145343851697,172.37273538217633,172.58950805664062,55809500,2023,5,20,Friday,173.1413,172.4811248779297,0.06,0.77,-0.06,0.06,0.06,0,0.0,170.7563,169.0315,167.3067,165.5819,163.8571,162.1323,160.4074,158.6826,156.9578,155.233,153.5082,151.7834,150.0586,148.3338,146.609,144.8841,143.1593,141.4345,139.7097,137.9849,136.2601,134.5353,132.8105,131.0857,129.3608,False,False,False,False,False,False,False,False,False,False,False,False,False,False,False,False,False,False,False,False,False,False,False,False,False
AAPL,2023-05-22,171.42681253611994,172.14611049896482,170.90459157041087,171.64358520507812,43570900,2023,5,21,Monday,171.5303,172.58950805664062,-0.55,-0.67,-0.98,-0.55,0.98,0,0.0,170.8636,169.1377,167.4118,165.6859,163.96,162.2341,160.5082,158.7823,157.0565,155.3306,153.6047,151.8788,150.1529,148.427,146.7011,144.9752,143.2493,141.5234,139.7975,138.0716,136.3457,134.6198,132.8939,131.168,129.4421,False,False,False,False,False,False,False,False,False,False,False,False,False,False,False,False,False,False,False,False,False,False,False,False,False
AAPL,2023-05-23,170.58927970470205,170.83561089353927,168.76642289336164,169.0423126220703,50747300,2023,5,21,Tuesday,169.8084,171.64358520507812,-1.52,-0.61,-1.68,-1.52,1.68,1,169.9271,169.9271,168.2107,166.4943,164.7778,163.0614,161.345,159.6285,157.9121,156.1957,154.4792,152.7628,151.0464,149.3299,147.6135,145.897,144.1806,142.4642,140.7477,139.0313,137.3149,135.5984,133.882,132.1656,130.4491,128.7327,True,False,False,False,False,False,False,False,False,False,False,False,False,False,False,False,False,False,False,False,False,False,False,False,False
AAPL,2023-05-24,168.57921320123526,169.8896969643689,168.01758589409968,169.31820678710938,45143500,2023,5,21,Wednesday,168.9512,169.0423126220703,0.16,-0.27,-0.61,0.16,0.61,0,0.0,167.3519,165.6615,163.971,162.2806,160.5902,158.8998,157.2094,155.5189,153.8285,152.1381,150.4477,148.7572,147.0668,145.3764,143.686,141.9955,140.3051,138.6147,136.9243,135.2339,133.5434,131.853,130.1626,128.4722,126.7817,False,False,False,False,False,False,False,False,False,False,False,False,False,False,False,False,False,False,False,False,False,False,False,False,False
AAPL,2023-05-25,169.8798343353984,171.34795850917342,169.17039935195018,170.45132446289062,56058300,2023,5,21,Thursday,170.2124,169.31820678710938,0.67,0.33,-0.09,0.67,0.09,0,0.0,167.625,165.9318,164.2387,162.5455,160.8523,159.1591,157.4659,155.7728,154.0796,152.3864,150.6932,149.0,147.3068,145.6137,143.9205,142.2273,140.5341,138.8409,137.1477,135.4546,133.7614,132.0682,130.375,128.6818,126.9887,False,False,False,False,False,False,False,False,False,False,False,False,False,False,False,False,False,False,False,False,False,False,False,False,False
AAPL,2023-05-26,170.77652387763237,173.19056694623742,170.5695990272421,172.8555450439453,54835000,2023,5,21,Friday,171.8481,170.45132446289062,1.41,0.19,0.07,1.41,-0.07,0,0.0,168.7468,167.0423,165.3378,163.6333,161.9288,160.2242,158.5197,156.8152,155.1107,153.4062,151.7017,149.9972,148.2927,146.5881,144.8836,143.1791,141.4746,139.7701,138.0656,136.3611,134.6565,132.952,131.2475,129.543,127.8385,False,False,False,False,False,False,False,False,False,False,False,False,False,False,False,False,False,False,False,False,False,False,False,False,False
AAPL,2023-05-30,174.36308277683443,176.36329091292328,173.978806707213,174.69808959960938,55964400,2023,5,22,Tuesday,174.8508,172.8555450439453,1.07,0.87,0.65,1.07,-0.65,0,0.0,171.127,169.3984,167.6699,165.9413,164.2128,162.4842,160.7557,159.0271,157.2985,155.57,153.8414,152.1129,150.3843,148.6558,146.9272,145.1987,143.4701,141.7415,140.013,138.2844,136.5559,134.8273,133.0988,131.3702,129.6417,False,False,False,False,False,False,False,False,False,False,False,False,False,False,False,False,False,False,False,False,False,False,False,False,False
AAPL,2023-05-31,174.72763149140792,176.7179916024166,174.16598919362923,174.6488037109375,99625300,2023,5,22,Wednesday,175.0651,174.69808959960938,-0.03,0.02,-0.3,-0.03,0.3,0,0.0,172.9511,171.2041,169.4571,167.7102,165.9632,164.2162,162.4692,160.7222,158.9753,157.2283,155.4813,153.7343,151.9873,150.2404,148.4934,146.7464,144.9994,143.2524,141.5055,139.7585,138.0115,136.2645,134.5175,132.7705,131.0236,False,False,False,False,False,False,False,False,False,False,False,False,False,False,False,False,False,False,False,False,False,False,False,False,False
AAPL,2023-06-01,175.0922328882,177.47671735788407,174.33352850038895,177.44715881347656,68901800,2023,6,22,Thursday,176.0874,174.6488037109375,1.6,0.25,-0.18,1.6,0.18,0,0.0,172.9023,171.1558,169.4093,167.6629,165.9164,164.1699,162.4234,160.6769,158.9304,157.1839,155.4374,153.6909,151.9445,150.198,148.4515,146.705,144.9585,143.212,141.4655,139.719,137.9726,136.2261,134.4796,132.7331,130.9866,False,False,False,False,False,False,False,False,False,False,False,False,False,False,False,False,False,False,False,False,False,False,False,False,False
AAPL,2023-06-02,178.37335293714096,179.11234656032465,176.62932377666553,178.29452514648438,61996900,2023,6,22,Friday,178.1024,177.44715881347656,0.48,0.52,-0.46,0.48,0.46,0,0.0,175.6727,173.8982,172.1237,170.3493,168.5748,166.8003,165.0259,163.2514,161.4769,159.7024,157.928,156.1535,154.379,152.6046,150.8301,149.0556,147.2811,145.5067,143.7322,141.9577,140.1833,138.4088,136.6343,134.8598,133.0854,False,False,False,False,False,False,False,False,False,False,False,False,False,False,False,False,False,False,False,False,False,False,False,False,False
AAPL,2023-06-05,179.949884959394,182.2358308287415,175.4272324012079,176.94464111328125,121946500,2023,6,23,Monday,178.6394,178.29452514648438,-0.76,0.93,-1.61,-0.76,1.61,1,176.5116,176.5116,174.7286,172.9457,171.1627,169.3798,167.5969,165.8139,164.031,162.248,160.4651,158.6821,156.8992,155.1162,153.3333,151.5503,149.7674,147.9845,146.2015,144.4186,142.6356,140.8527,139.0697,137.2868,135.5038,133.7209,True,False,False,False,False,False,False,False,False,False,False,False,False,False,False,False,False,False,False,False,False,False,False,False,False
AAPL,2023-06-06,177.328904296753,177.4766970018392,174.82617090162998,176.58006286621094,64848400,2023,6,23,Tuesday,176.553,176.94464111328125,-0.21,0.22,-1.2,-0.21,1.2,1,175.1752,175.1752,173.4057,171.6363,169.8669,168.0974,166.328,164.5585,162.7891,161.0196,159.2502,157.4807,155.7113,153.9418,152.1724,150.4029,148.6335,146.8641,145.0946,143.3252,141.5557,139.7863,138.0168,136.2474,134.4779,132.7085,True,False,False,False,False,False,False,False,False,False,False,False,False,False,False,False,False,False,False,False,False,False,False,False,False
AAPL,2023-06-07,175.82136104700194,178.5507149734009,174.71780207381394,175.21046447753906,61944600,2023,6,23,Wednesday,176.0751,176.58006286621094,-0.78,-0.43,-1.05,-0.78,1.05,1,174.8143,174.8143,173.0485,171.2827,169.5169,167.7511,165.9853,164.2195,162.4537,160.6879,158.9221,157.1563,155.3905,153.6247,151.8589,150.0931,148.3273,146.5615,144.7957,143.0299,141.2641,139.4982,137.7324,135.9666,134.2008,132.435,True,False,False,False,False,False,False,False,False,False,False,False,False,False,False,False,False,False,False,False,False,False,False,False,False
AAPL,2023-06-08,175.28927455408018,178.18613184931536,174.85574427470908,177.92010498046875,50214900,2023,6,23,Thursday,176.5628,175.21046447753906,1.55,0.04,-0.2,1.55,0.2,0,0.0,173.4584,171.7063,169.9542,168.202,166.4499,164.6978,162.9457,161.1936,159.4415,157.6894,155.9373,154.1852,152.4331,150.681,148.9289,147.1768,145.4247,143.6726,141.9205,140.1684,138.4163,136.6642,134.9121,133.16,131.4078,False,False,False,False,False,False,False,False,False,False,False,False,False,False,False,False,False,False,False,False,False,False,False,False,False
AAPL,2023-06-09,178.83646640490514,179.5557493602978,177.97923856717878,178.3043975830078,48900000,2023,6,23,Friday,178.669,177.92010498046875,0.22,0.52,0.03,0.22,-0.03,0,0.0,176.1409,174.3617,172.5825,170.8033,169.0241,167.2449,165.4657,163.6865,161.9073,160.1281,158.3489,156.5697,154.7905,153.0113,151.2321,149.4529,147.6737,145.8945,144.1153,142.3361,140.5569,138.7777,136.9985,135.2193,133.4401,False,False,False,False,False,False,False,False,False,False,False,False,False,False,False,False,False,False,False,False,False,False,False,False,False
AAPL,2023-06-12,178.6098569544308,181.191403498661,178.3142564640164,181.0928649902344,54274900,2023,6,24,Monday,179.8021,178.3043975830078,1.56,0.17,0.01,1.56,-0.01,0,0.0,176.5214,174.7383,172.9553,171.1722,169.3892,167.6061,165.8231,164.04,162.257,160.474,158.6909,156.9079,155.1248,153.3418,151.5587,149.7757,147.9926,146.2096,144.4266,142.6435,140.8605,139.0774,137.2944,135.5113,133.7283,False,False,False,False,False,False,False,False,False,False,False,False,False,False,False,False,False,False,False,False,False,False,False,False,False
AAPL,2023-06-13,180.11737806569877,181.4475575367352,179.76266053311636,180.6198883056641,54929100,2023,6,24,Tuesday,180.4869,181.0928649902344,-0.26,-0.54,-0.73,-0.26,0.73,0,0.0,179.2819,177.471,175.6601,173.8492,172.0382,170.2273,168.4164,166.6054,164.7945,162.9836,161.1726,159.3617,157.5508,155.7399,153.9289,152.118,150.3071,148.4961,146.6852,144.8743,143.0634,141.2524,139.4415,137.6306,135.8196,False,False,False,False,False,False,False,False,False,False,False,False,False,False,False,False,False,False,False,False,False,False,False,False,False
AAPL,2023-06-14,180.67898290027227,181.6840182899738,179.3488035947976,181.2504730224609,57462900,2023,6,24,Wednesday,180.7406,180.6198883056641,0.35,0.03,-0.7,0.35,0.7,0,0.0,178.8137,177.0075,175.2013,173.3951,171.5889,169.7827,167.9765,166.1703,164.3641,162.5579,160.7517,158.9455,157.1393,155.3331,153.5269,151.7207,149.9145,148.1083,146.3021,144.4959,142.6897,140.8835,139.0773,137.2711,135.4649,False,False,False,False,False,False,False,False,False,False,False,False,False,False,False,False,False,False,False,False,False,False,False,False,False
AAPL,2023-06-15,181.26036948430115,183.78279874291368,181.08300318978328,183.2802734375,65433200,2023,6,24,Thursday,182.3516,181.2504730224609,1.12,0.01,-0.09,1.12,0.09,0,0.0,179.438,177.6255,175.813,174.0005,172.1879,170.3754,168.5629,166.7504,164.9379,163.1254,161.3129,159.5004,157.6879,155.8754,154.0629,152.2504,150.4379,148.6254,146.8129,145.0004,143.1879,141.3754,139.5629,137.7504,135.9379,False,False,False,False,False,False,False,False,False,False,False,False,False,False,False,False,False,False,False,False,False,False,False,False,False
AAPL,2023-06-16,183.98971928038128,184.245913383536,181.5658283811796,182.206283569336,101256200,2023,6,24,Friday,183.0019,183.2802734375,-0.59,0.39,-0.94,-0.59,0.94,0,0.0,181.4475,179.6147,177.7819,175.9491,174.1163,172.2835,170.4507,168.6179,166.785,164.9522,163.1194,161.2866,159.4538,157.621,155.7882,153.9554,152.1226,150.2898,148.457,146.6242,144.7914,142.9586,141.1258,139.293,137.4602,False,False,False,False,False,False,False,False,False,False,False,False,False,False,False,False,False,False,False,False,False,False,False,False,False
AAPL,2023-06-20,181.70376647980103,183.3689679486228,181.70376647980103,182.29495239257807,49799100,2023,6,25,Tuesday,182.2679,182.206283569336,0.05,-0.28,-0.28,0.05,0.28,0,0.0,180.3842,178.5622,176.7401,174.918,173.096,171.2739,169.4518,167.6298,165.8077,163.9857,162.1636,160.3415,158.5195,156.6974,154.8753,153.0533,151.2312,149.4092,147.5871,145.765,143.943,142.1209,140.2988,138.4768,136.6547,False,False,False,False,False,False,False,False,False,False,False,False,False,False,False,False,False,False,False,False,False,False,False,False,False
AAPL,2023-06-21,182.18656875714527,182.68909408055805,179.91047063421516,181.2603759765625,49515700,2023,6,25,Wednesday,181.5116,182.29495239257807,-0.57,-0.06,-1.31,-0.57,1.31,1,180.472,180.472,178.6491,176.8261,175.0032,173.1802,171.3573,169.5343,167.7114,165.8884,164.0655,162.2425,160.4196,158.5966,156.7737,154.9507,153.1278,151.3048,149.4819,147.6589,145.836,144.013,142.1901,140.3671,138.5442,136.7212,True,False,False,False,False,False,False,False,False,False,False,False,False,False,False,False,False,False,False,False,False,False,False,False,False
AAPL,2023-06-22,181.0435838743865,184.3050065515812,180.97460392176268,184.2557373046875,51245300,2023,6,25,Thursday,182.6447,181.2603759765625,1.65,-0.12,-0.16,1.65,0.16,0,0.0,179.4478,177.6352,175.8226,174.01,172.1974,170.3848,168.5721,166.7595,164.9469,163.1343,161.3217,159.5091,157.6965,155.8839,154.0713,152.2587,150.4461,148.6335,146.8209,145.0083,143.1957,141.3831,139.5705,137.7579,135.9453,False,False,False,False,False,False,False,False,False,False,False,False,False,False,False,False,False,False,False,False,False,False,False,False,False
AAPL,2023-06-23,182.8270228675936,184.8075203379306,182.29493904669715,183.9404296875,53117000,2023,6,25,Friday,183.4675,184.2557373046875,-0.17,-0.78,-1.06,-0.17,1.06,1,182.4132,182.4132,180.5706,178.7281,176.8855,175.043,173.2004,171.3578,169.5153,167.6727,165.8302,163.9876,162.145,160.3025,158.4599,156.6174,154.7748,152.9323,151.0897,149.2471,147.4046,145.562,143.7195,141.8769,140.0344,138.1918,True,False,False,False,False,False,False,False,False,False,False,False,False,False,False,False,False,False,False,False,False,False,False,False,False
AAPL,2023-06-26,184.0882365039062,185.2903339778169,182.51171079012911,182.55113220214844,48088700,2023,6,26,Monday,183.6104,183.9404296875,-0.76,0.08,-0.78,-0.76,0.78,0,0.0,182.101,180.2616,178.4222,176.5828,174.7434,172.904,171.0646,169.2252,167.3858,165.5464,163.707,161.8676,160.0282,158.1888,156.3494,154.51,152.6706,150.8312,148.9917,147.1523,145.3129,143.4735,141.6341,139.7947,137.9553,False,False,False,False,False,False,False,False,False,False,False,False,False,False,False,False,False,False,False,False,False,False,False,False,False
AAPL,2023-06-27,183.16204815111053,185.6253604426876,182.9452754666625,185.3002014160156,50730800,2023,6,26,Tuesday,184.2582,182.55113220214844,1.51,0.33,0.22,1.51,-0.22,0,0.0,180.7256,178.9001,177.0746,175.2491,173.4236,171.5981,169.7726,167.947,166.1215,164.296,162.4705,160.645,158.8195,156.994,155.1685,153.343,151.5174,149.6919,147.8664,146.0409,144.2154,142.3899,140.5644,138.7389,136.9133,False,False,False,False,False,False,False,False,False,False,False,False,False,False,False,False,False,False,False,False,False,False,False,False,False
AAPL,2023-06-28,185.17209649255776,187.11318769857849,184.8469525145753,186.4727325439453,51216800,2023,6,26,Wednesday,185.9012,185.3002014160156,0.63,-0.07,-0.24,0.63,0.24,0,0.0,183.4472,181.5942,179.7412,177.8882,176.0352,174.1822,172.3292,170.4762,168.6232,166.7702,164.9172,163.0642,161.2112,159.3582,157.5052,155.6522,153.7992,151.9462,150.0932,148.2402,146.3872,144.5342,142.6812,140.8282,138.9752,False,False,False,False,False,False,False,False,False,False,False,False,False,False,False,False,False,False,False,False,False,False,False,False,False
AAPL,2023-06-29,186.3052289846116,187.2807060224463,186.1672841036428,186.8077392578125,46347300,2023,6,26,Thursday,186.6402,186.4727325439453,0.18,-0.09,-0.16,0.18,0.16,0,0.0,184.608,182.7433,180.8786,179.0138,177.1491,175.2844,173.4196,171.5549,169.6902,167.8255,165.9607,164.096,162.2313,160.3665,158.5018,156.6371,154.7724,152.9076,151.0429,149.1782,147.3135,145.4487,143.584,141.7193,139.8545,False,False,False,False,False,False,False,False,False,False,False,False,False,False,False,False,False,False,False,False,False,False,False,False,False
AAPL,2023-06-30,188.8178174385461,191.6259844129726,188.4532369978983,191.1234741210937,85213200,2023,6,26,Friday,190.0051,186.8077392578125,2.31,1.08,0.88,2.31,-0.88,0,0.0,184.9397,183.0716,181.2035,179.3354,177.4674,175.5993,173.7312,171.8631,169.995,168.127,166.2589,164.3908,162.5227,160.6547,158.7866,156.9185,155.0504,153.1823,151.3143,149.4462,147.5781,145.71,143.842,141.9739,140.1058,False,False,False,False,False,False,False,False,False,False,False,False,False,False,False,False,False,False,False,False,False,False,False,False,False
AAPL,2023-07-03,190.93622568872084,191.03476417603324,188.94586551693624,189.63560485839844,31458200,2023,7,27,Monday,190.1381,191.1234741210937,-0.78,-0.1,-1.14,-0.78,1.14,1,189.2122,189.2122,187.301,185.3898,183.4785,181.5673,179.6561,177.7448,175.8336,173.9224,172.0111,170.0999,168.1887,166.2774,164.3662,162.455,160.5437,158.6325,156.7212,154.81,152.8988,150.9875,149.0763,147.1651,145.2538,143.3426,True,False,False,False,False,False,False,False,False,False,False,False,False,False,False,False,False,False,False,False,False,False,False,False,False
AAPL,2023-07-05,188.7587001877792,190.14799688410469,187.822629495574,188.522216796875,46920300,2023,7,27,Wednesday,188.8129,189.63560485839844,-0.59,-0.46,-0.96,-0.59,0.96,0,0.0,187.7392,185.8429,183.9465,182.0502,180.1538,178.2575,176.3611,174.4648,172.5684,170.672,168.7757,166.8793,164.983,163.0866,161.1903,159.2939,157.3976,155.5012,153.6048,151.7085,149.8121,147.9158,146.0194,144.1231,142.2267,False,False,False,False,False,False,False,False,False,False,False,False,False,False,False,False,False,False,False,False,False,False,False,False,False
AAPL,2023-07-06,187.0540868481469,189.2021030796526,186.42347947497265,188.99517822265625,45094300,2023,7,27,Thursday,187.9187,188.522216796875,0.25,-0.78,-1.11,0.25,1.11,1,186.637,186.637,184.7518,182.8666,180.9813,179.0961,177.2109,175.3257,173.4404,171.5552,169.67,167.7848,165.8996,164.0143,162.1291,160.2439,158.3587,156.4734,154.5882,152.703,150.8178,148.9326,147.0473,145.1621,143.2769,141.3917,True,False,False,False,False,False,False,False,False,False,False,False,False,False,False,False,False,False,False,False,False,False,False,False,False
AAPL,2023-07-07,188.60102706839623,189.84253092683244,187.4481988352347,187.88172912597656,46815000,2023,7,27,Friday,188.4434,188.99517822265625,-0.59,-0.21,-0.82,-0.59,0.82,0,0.0,187.1052,185.2153,183.3253,181.4354,179.5454,177.6555,175.7655,173.8756,171.9856,170.0957,168.2057,166.3158,164.4258,162.5359,160.6459,158.7559,156.866,154.976,153.0861,151.1961,149.3062,147.4162,145.5263,143.6363,141.7464,False,False,False,False,False,False,False,False,False,False,False,False,False,False,False,False,False,False,False,False,False,False,False,False,False
AAPL,2023-07-10,186.4825877482977,187.2018857603784,184.29516523716504,185.8421325683593,59922200,2023,7,28,Monday,185.9554,187.88172912597656,-1.09,-0.74,-1.91,-1.09,1.91,1,186.0029,186.0029,184.1241,182.2453,180.3665,178.4876,176.6088,174.73,172.8512,170.9724,169.0936,167.2147,165.3359,163.4571,161.5783,159.6995,157.8207,155.9418,154.063,152.1842,150.3054,148.4266,146.5477,144.6689,142.7901,140.9113,True,False,False,False,False,False,False,False,False,False,False,False,False,False,False,False,False,False,False,False,False,False,False,False,False
AAPL,2023-07-11,186.3840531601648,186.52199803845545,183.8616239372137,185.3199005126953,46638100,2023,7,28,Tuesday,185.5219,185.8421325683593,-0.28,0.29,-1.07,-0.28,1.07,1,183.9837,183.9837,182.1253,180.2669,178.4084,176.55,174.6916,172.8332,170.9748,169.1163,167.2579,165.3995,163.5411,161.6827,159.8242,157.9658,156.1074,154.249,152.3905,150.5321,148.6737,146.8153,144.9569,143.0984,141.24,139.3816,True,False,False,False,False,False,False,False,False,False,False,False,False,False,False,False,False,False,False,False,False,False,False,False,False
AAPL,2023-07-12,186.8964015042781,188.88676181703667,185.7041669116104,186.985092163086,60750200,2023,7,28,Wednesday,187.1181,185.3199005126953,0.9,0.85,0.21,0.9,-0.21,0,0.0,183.4667,181.6135,179.7603,177.9071,176.0539,174.2007,172.3475,170.4943,168.6411,166.7879,164.9347,163.0815,161.2283,159.3751,157.5219,155.6687,153.8155,151.9623,150.1091,148.2559,146.4027,144.5495,142.6963,140.8431,138.9899,False,False,False,False,False,False,False,False,False,False,False,False,False,False,False,False,False,False,False,False,False,False,False,False,False
AAPL,2023-07-13,187.7043832943241,188.38425984411805,186.99494820191867,187.7437896728516,41342300,2023,7,28,Thursday,187.7068,186.985092163086,0.41,0.38,0.01,0.41,-0.01,0,0.0,185.1152,183.2454,181.3755,179.5057,177.6358,175.766,173.8961,172.0263,170.1564,168.2866,166.4167,164.5469,162.677,160.8072,158.9373,157.0675,155.1976,153.3278,151.4579,149.5881,147.7182,145.8484,143.9785,142.1087,140.2388,False,False,False,False,False,False,False,False,False,False,False,False,False,False,False,False,False,False,False,False,False,False,False,False,False
AAPL,2023-07-14,187.4383455076916,188.3744011257073,186.8471596075647,187.8916015625,41616200,2023,7,28,Friday,187.6379,187.7437896728516,0.08,-0.16,-0.48,0.08,0.48,0,0.0,185.8664,183.9889,182.1115,180.234,178.3566,176.4792,174.6017,172.7243,170.8468,168.9694,167.092,165.2145,163.3371,161.4597,159.5822,157.7048,155.8273,153.9499,152.0725,150.195,148.3176,146.4402,144.5627,142.6853,140.8078,False,False,False,False,False,False,False,False,False,False,False,False,False,False,False,False,False,False,False,False,False,False,False,False,False
AAPL,2023-07-17,189.08383285312053,191.46833222271863,188.99515722491665,191.14317321777344,50520200,2023,7,29,Monday,190.1726,187.8916015625,1.73,0.63,0.59,1.73,-0.59,0,0.0,186.0127,184.1338,182.2549,180.3759,178.497,176.6181,174.7392,172.8603,170.9814,169.1024,167.2235,165.3446,163.4657,161.5868,159.7079,157.8289,155.95,154.0711,152.1922,150.3133,148.4344,146.5554,144.6765,142.7976,140.9187,False,False,False,False,False,False,False,False,False,False,False,False,False,False,False,False,False,False,False,False,False,False,False,False,False
AAPL,2023-07-18,190.5125344740325,191.47814845869007,189.59617469589472,190.886947631836,48288200,2023,7,29,Tuesday,190.6185,191.14317321777344,-0.13,-0.33,-0.81,-0.13,0.81,0,0.0,189.2317,187.3203,185.4089,183.4974,181.586,179.6746,177.7632,175.8517,173.9403,172.0289,170.1174,168.206,166.2946,164.3831,162.4717,160.5603,158.6488,156.7374,154.826,152.9145,151.0031,149.0917,147.1802,145.2688,143.3574,False,False,False,False,False,False,False,False,False,False,False,False,False,False,False,False,False,False,False,False,False,False,False,False,False
AAPL,2023-07-19,190.2661976064536,195.32090288181368,189.82278948215543,192.23684692382807,80507300,2023,7,29,Wednesday,191.9117,190.886947631836,0.71,-0.33,-0.56,0.71,0.56,0,0.0,188.9781,187.0692,185.1603,183.2515,181.3426,179.4337,177.5249,175.616,173.7071,171.7983,169.8894,167.9805,166.0716,164.1628,162.2539,160.345,158.4362,156.5273,154.6184,152.7096,150.8007,148.8918,146.9829,145.0741,143.1652,False,False,False,False,False,False,False,False,False,False,False,False,False,False,False,False,False,False,False,False,False,False,False,False,False
AAPL,2023-07-20,192.2270044839344,193.58675746858663,189.6750169550875,190.2957763671875,59581200,2023,7,29,Thursday,191.4461,192.23684692382807,-1.01,-0.01,-1.33,-1.01,1.33,1,190.3145,190.3145,188.3921,186.4697,184.5474,182.625,180.7026,178.7803,176.8579,174.9355,173.0132,171.0908,169.1684,167.2461,165.3237,163.4013,161.479,159.5566,157.6342,155.7118,153.7895,151.8671,149.9447,148.0224,146.1,144.1776,True,False,False,False,False,False,False,False,False,False,False,False,False,False,False,False,False,False,False,False,False,False,False,False,False
AAPL,2023-07-21,191.25153499324207,192.10876269219432,188.42364281090323,189.12322998046875,71951700,2023,7,29,Friday,190.2268,190.2957763671875,-0.62,0.5,-0.98,-0.62,0.98,0,0.0,188.3928,186.4899,184.5869,182.6839,180.781,178.878,176.9751,175.0721,173.1692,171.2662,169.3632,167.4603,165.5573,163.6544,161.7514,159.8485,157.9455,156.0425,154.1396,152.2366,150.3337,148.4307,146.5277,144.6248,142.7218,False,False,False,False,False,False,False,False,False,False,False,False,False,False,False,False,False,False,False,False,False,False,False,False,False
AAPL,2023-07-24,190.5716741809672,192.04966138875844,189.4286937985748,189.92135620117188,45377800,2023,7,30,Monday,190.4928,189.12322998046875,0.42,0.77,0.16,0.42,-0.16,0,0.0,187.232,185.3408,183.4495,181.5583,179.6671,177.7758,175.8846,173.9934,172.1021,170.2109,168.3197,166.4284,164.5372,162.646,160.7547,158.8635,156.9723,155.081,153.1898,151.2986,149.4074,147.5161,145.6249,143.7337,141.8424,False,False,False,False,False,False,False,False,False,False,False,False,False,False,False,False,False,False,False,False,False,False,False,False,False
AAPL,2023-07-25,190.49285737606127,191.586568574284,190.08887057427083,190.77859497070312,37283200,2023,7,30,Tuesday,190.7367,189.92135620117188,0.45,0.3,0.09,0.45,-0.09,0,0.0,188.0221,186.1229,184.2237,182.3245,180.4253,178.5261,176.6269,174.7276,172.8284,170.9292,169.03,167.1308,165.2316,163.3324,161.4332,159.5339,157.6347,155.7355,153.8363,151.9371,150.0379,148.1387,146.2394,144.3402,142.441,False,False,False,False,False,False,False,False,False,False,False,False,False,False,False,False,False,False,False,False,False,False,False,False,False
AAPL,2023-07-26,190.8278846495574,192.7689760383015,190.4830299318555,191.6457061767578,47471900,2023,7,30,Wednesday,191.4314,190.77859497070312,0.45,0.03,-0.15,0.45,0.15,0,0.0,188.8708,186.963,185.0552,183.1475,181.2397,179.3319,177.4241,175.5163,173.6085,171.7007,169.7929,167.8852,165.9774,164.0696,162.1618,160.254,158.3462,156.4384,154.5307,152.6229,150.7151,148.8073,146.8995,144.9917,143.0839,False,False,False,False,False,False,False,False,False,False,False,False,False,False,False,False,False,False,False,False,False,False,False,False,False
AAPL,2023-07-27,193.14340387615707,194.3060801182846,189.72432504433817,190.38449096679688,47460200,2023,7,30,Thursday,191.8896,191.6457061767578,-0.66,0.78,-1.0,-0.66,1.0,1,189.7292,189.7292,187.8128,185.8963,183.9799,182.0634,180.147,178.2305,176.314,174.3976,172.4811,170.5647,168.6482,166.7318,164.8153,162.8989,160.9824,159.0659,157.1495,155.233,153.3166,151.4001,149.4837,147.5672,145.6507,143.7343,True,False,False,False,False,False,False,False,False,False,False,False,False,False,False,False,False,False,False,False,False,False,False,False,False
AAPL,2023-07-28,191.8131659299023,193.7444090416655,191.2909450188625,192.9561462402344,48291400,2023,7,30,Friday,192.4512,190.38449096679688,1.35,0.75,0.48,1.35,-0.48,0,0.0,188.4806,186.5768,184.673,182.7691,180.8653,178.9614,177.0576,175.1537,173.2499,171.346,169.4422,167.5384,165.6345,163.7307,161.8268,159.923,158.0191,156.1153,154.2114,152.3076,150.4037,148.4999,146.5961,144.6922,142.7884,False,False,False,False,False,False,False,False,False,False,False,False,False,False,False,False,False,False,False,False,False,False,False,False,False
AAPL,2023-07-31,193.1828167475924,193.6065143149622,192.3945537420343,193.5670928955078,38824100,2023,7,31,Monday,193.1877,192.9561462402344,0.32,0.12,-0.29,0.32,0.29,0,0.0,191.0266,189.097,187.1675,185.2379,183.3083,181.3788,179.4492,177.5197,175.5901,173.6605,171.731,169.8014,167.8718,165.9423,164.0127,162.0832,160.1536,158.224,156.2945,154.3649,152.4354,150.5058,148.5762,146.6467,144.7171,False,False,False,False,False,False,False,False,False,False,False,False,False,False,False,False,False,False,False,False,False,False,False,False,False
AAPL,2023-08-01,193.3601546102926,193.842954166062,192.4142361358521,192.7393951416016,35175100,2023,8,31,Tuesday,193.0892,193.5670928955078,-0.43,-0.11,-0.6,-0.43,0.6,0,0.0,191.6314,189.6958,187.7601,185.8244,183.8887,181.9531,180.0174,178.0817,176.1461,174.2104,172.2747,170.339,168.4034,166.4677,164.532,162.5964,160.6607,158.725,156.7893,154.8537,152.918,150.9823,149.0467,147.111,145.1753,False,False,False,False,False,False,False,False,False,False,False,False,False,False,False,False,False,False,False,False,False,False,False,False,False
AAPL,2023-08-02,192.17775117305607,192.31569604997568,189.03457754647133,189.7538604736328,50389300,2023,8,31,Wednesday,190.8205,192.7393951416016,-1.55,-0.29,-1.92,-1.55,1.92,1,190.812,190.812,188.8846,186.9572,185.0298,183.1024,181.175,179.2476,177.3202,175.3928,173.4655,171.5381,169.6107,167.6833,165.7559,163.8285,161.9011,159.9737,158.0463,156.1189,154.1915,152.2641,150.3367,148.4093,146.4819,144.5545,True,False,False,False,False,False,False,False,False,False,False,False,False,False,False,False,False,False,False,False,False,False,False,False,False
AAPL,2023-08-03,188.75868668614032,189.5469345297089,187.8915960163783,188.3645477294922,61235200,2023,8,31,Thursday,188.6404,189.7538604736328,-0.73,-0.52,-0.98,-0.73,0.98,0,0.0,187.8563,185.9588,184.0612,182.1637,180.2662,178.3686,176.4711,174.5736,172.676,170.7785,168.8809,166.9834,165.0859,163.1883,161.2908,159.3932,157.4957,155.5982,153.7006,151.8031,149.9055,148.008,146.1105,144.2129,142.3154,False,False,False,False,False,False,False,False,False,False,False,False,False,False,False,False,False,False,False,False,False,False,False,False,False
AAPL,2023-08-04,182.797485975556,184.63019095429203,179.25031019901363,179.3192901611328,115956800,2023,8,31,Friday,181.4993,188.3645477294922,-4.8,-2.96,-4.84,-4.8,4.84,4,734.6217,186.4809,184.5973,182.7136,180.83,178.9463,177.0627,175.179,173.2954,171.4117,169.5281,167.6444,165.7608,163.8772,161.9935,160.1099,158.2262,156.3426,154.4589,152.5753,150.6916,148.808,146.9243,145.0407,143.1571,141.2734,True,True,True,True,False,False,False,False,False,False,False,False,False,False,False,False,False,False,False,False,False,False,False,False,False
AAPL,2023-08-07,179.45723692919626,180.4425618735659,174.7473848978987,176.22537231445312,97576100,2023,8,32,Monday,177.7181,179.3192901611328,-1.73,0.08,-2.55,-1.73,2.55,2,353.259,177.5261,175.7329,173.9397,172.1465,170.3533,168.5601,166.7669,164.9737,163.1806,161.3874,159.5942,157.801,156.0078,154.2146,152.4214,150.6282,148.835,147.0418,145.2486,143.4554,141.6622,139.869,138.0759,136.2827,134.4895,True,True,False,False,False,False,False,False,False,False,False,False,False,False,False,False,False,False,False,False,False,False,False,False,False
AAPL,2023-08-08,177.05302113799038,177.62451134366992,174.97398514494694,177.16140747070312,67823000,2023,8,32,Tuesday,176.7032,176.22537231445312,0.53,0.47,-0.71,0.53,0.71,0,0.0,174.4631,172.7009,170.9386,169.1764,167.4141,165.6518,163.8896,162.1273,160.3651,158.6028,156.8406,155.0783,153.3161,151.5538,149.7916,148.0293,146.2671,144.5048,142.7426,140.9803,139.218,137.4558,135.6935,133.9313,132.169,False,False,False,False,False,False,False,False,False,False,False,False,False,False,False,False,False,False,False,False,False,False,False,False,False
AAPL,2023-08-09,178.21570618554995,178.2748232727554,174.41235154839882,175.57504272460938,60378500,2023,8,32,Wednesday,176.6195,177.16140747070312,-0.9,0.6,-1.55,-0.9,1.55,1,175.3898,175.3898,173.6182,171.8466,170.075,168.3033,166.5317,164.7601,162.9885,161.2169,159.4453,157.6737,155.902,154.1304,152.3588,150.5872,148.8156,147.044,145.2724,143.5007,141.7291,139.9575,138.1859,136.4143,134.6427,132.8711,True,False,False,False,False,False,False,False,False,False,False,False,False,False,False,False,False,False,False,False,False,False,False,False,False
AAPL,2023-08-10,176.84611157664116,178.097478428752,174.9937109597073,175.3582763671875,54686900,2023,8,32,Thursday,176.3239,175.57504272460938,-0.12,0.72,-0.33,-0.12,0.33,0,0.0,173.8193,172.0635,170.3078,168.552,166.7963,165.0405,163.2848,161.529,159.7733,158.0175,156.2618,154.506,152.7503,150.9945,149.2388,147.483,145.7273,143.9715,142.2158,140.46,138.7043,136.9485,135.1928,133.437,131.6813,False,False,False,False,False,False,False,False,False,False,False,False,False,False,False,False,False,False,False,False,False,False,False,False,False
AAPL,2023-08-11,174.95378143776247,176.23642169722828,174.19405239633537,175.41749572753906,52036700,2023,8,32,Friday,175.2004,175.3582763671875,0.03,-0.23,-0.66,0.03,0.66,0,0.0,173.6047,171.8511,170.0975,168.3439,166.5904,164.8368,163.0832,161.3296,159.576,157.8224,156.0689,154.3153,152.5617,150.8081,149.0545,147.301,145.5474,143.7938,142.0402,140.2866,138.533,136.7795,135.0259,133.2723,131.5187,False,False,False,False,False,False,False,False,False,False,False,False,False,False,False,False,False,False,False,False,False,False,False,False,False
AAPL,2023-08-14,175.59503330985302,177.29208151781367,174.943837241764,177.06515502929688,43675600,2023,8,33,Monday,176.224,175.41749572753906,0.94,0.1,-0.27,0.94,0.27,0,0.0,173.6633,171.9091,170.155,168.4008,166.6466,164.8924,163.1383,161.3841,159.6299,157.8757,156.1216,154.3674,152.6132,150.859,149.1049,147.3507,145.5965,143.8423,142.0882,140.334,138.5798,136.8256,135.0715,133.3173,131.5631,False,False,False,False,False,False,False,False,False,False,False,False,False,False,False,False,False,False,False,False,False,False,False,False,False
AAPL,2023-08-15,176.4929258073929,177.084910024482,174.68734458769583,175.08200073242188,43622600,2023,8,33,Tuesday,175.8368,177.06515502929688,-1.12,-0.32,-1.34,-1.12,1.34,1,175.2945,175.2945,173.5239,171.7532,169.9825,168.2119,166.4412,164.6706,162.8999,161.1293,159.3586,157.588,155.8173,154.0467,152.276,150.5054,148.7347,146.9641,145.1934,143.4228,141.6521,139.8815,138.1108,136.3402,134.5695,132.7989,True,False,False,False,False,False,False,False,False,False,False,False,False,False,False,False,False,False,False,False,False,False,False,False,False
AAPL,2023-08-16,174.76630032742042,176.15747319458026,174.1447025205994,174.21377563476562,46964900,2023,8,33,Wednesday,174.8206,175.08200073242188,-0.5,-0.18,-0.54,-0.5,0.54,0,0.0,173.3312,171.5804,169.8295,168.0787,166.3279,164.5771,162.8263,161.0754,159.3246,157.5738,155.823,154.0722,152.3213,150.5705,148.8197,147.0689,145.3181,143.5672,141.8164,140.0656,138.3148,136.564,134.8131,133.0623,131.3115,False,False,False,False,False,False,False,False,False,False,False,False,False,False,False,False,False,False,False,False,False,False,False,False,False
AAPL,2023-08-17,174.77612136953763,175.14117901733323,171.16495931429398,171.6780242919922,66062900,2023,8,33,Thursday,173.1901,174.21377563476562,-1.46,0.32,-1.75,-1.46,1.75,1,172.4716,172.4716,170.7295,168.9874,167.2452,165.5031,163.7609,162.0188,160.2767,158.5345,156.7924,155.0503,153.3081,151.566,149.8238,148.0817,146.3396,144.5974,142.8553,141.1132,139.371,137.6289,135.8867,134.1446,132.4025,130.6603,True,False,False,False,False,False,False,False,False,False,False,False,False,False,False,False,False,False,False,False,False,False,False,False,False
AAPL,2023-08-18,170.0007213782545,172.76335939467492,169.6652621694116,172.1614990234375,61172200,2023,8,33,Friday,171.1477,171.6780242919922,0.28,-0.98,-1.17,0.28,1.17,1,169.9612,169.9612,168.2445,166.5277,164.8109,163.0941,161.3773,159.6606,157.9438,156.227,154.5102,152.7934,151.0767,149.3599,147.6431,145.9263,144.2095,142.4928,140.776,139.0592,137.3424,135.6256,133.9089,132.1921,130.4753,128.7585,True,False,False,False,False,False,False,False,False,False,False,False,False,False,False,False,False,False,False,False,False,False,False,False,False
AAPL,2023-08-21,172.73378585948967,173.77963828216437,171.42153223598535,173.49349975585938,46311900,2023,8,34,Monday,172.8571,172.1614990234375,0.77,0.33,-0.43,0.77,0.43,0,0.0,170.4399,168.7183,166.9967,165.275,163.5534,161.8318,160.1102,158.3886,156.667,154.9453,153.2237,151.5021,149.7805,148.0589,146.3373,144.6157,142.894,141.1724,139.4508,137.7292,136.0076,134.286,132.5644,130.8427,129.1211,False,False,False,False,False,False,False,False,False,False,False,False,False,False,False,False,False,False,False,False,False,False,False,False,False
AAPL,2023-08-22,174.69718434668556,175.30890581271296,173.89799596554266,174.8649139404297,42038900,2023,8,34,Tuesday,174.6923,173.49349975585938,0.79,0.69,0.23,0.79,-0.23,0,0.0,171.7586,170.0236,168.2887,166.5538,164.8188,163.0839,161.349,159.614,157.8791,156.1441,154.4092,152.6743,150.9393,149.2044,147.4695,145.7345,143.9996,142.2647,140.5297,138.7948,137.0599,135.3249,133.59,131.8551,130.1201,False,False,False,False,False,False,False,False,False,False,False,False,False,False,False,False,False,False,False,False,False,False,False,False,False
AAPL,2023-08-23,176.13770818549477,179.12727253692543,175.95024126986627,178.7030029296875,52722800,2023,8,34,Wednesday,177.4796,174.8649139404297,2.19,0.73,0.62,2.19,-0.62,0,0.0,173.1163,171.3676,169.619,167.8703,166.1217,164.373,162.6244,160.8757,159.1271,157.3784,155.6298,153.8811,152.1325,150.3838,148.6352,146.8865,145.1379,143.3892,141.6406,139.8919,138.1433,136.3946,134.646,132.8973,131.1487,False,False,False,False,False,False,False,False,False,False,False,False,False,False,False,False,False,False,False,False,False,False,False,False,False
AAPL,2023-08-24,178.25902046647073,178.68329009610582,173.6612029173666,174.02627563476562,54945800,2023,8,34,Thursday,176.1574,178.7030029296875,-2.62,-0.25,-2.82,-2.62,2.82,2,352.0449,176.916,175.1289,173.3419,171.5549,169.7679,167.9808,166.1938,164.4068,162.6197,160.8327,159.0457,157.2586,155.4716,153.6846,151.8976,150.1105,148.3235,146.5365,144.7494,142.9624,141.1754,139.3883,137.6013,135.8143,134.0273,True,True,False,False,False,False,False,False,False,False,False,False,False,False,False,False,False,False,False,False,False,False,False,False,False
AAPL,2023-08-25,175.0129348306344,176.7593040006282,173.4737548580186,176.2265167236328,51449600,2023,8,34,Friday,175.3681,174.02627563476562,1.26,0.57,-0.32,1.26,0.32,0,0.0,172.286,170.5458,168.8055,167.0652,165.325,163.5847,161.8444,160.1042,158.3639,156.6236,154.8834,153.1431,151.4029,149.6626,147.9223,146.1821,144.4418,142.7015,140.9613,139.221,137.4808,135.7405,134.0002,132.26,130.5197,False,False,False,False,False,False,False,False,False,False,False,False,False,False,False,False,False,False,False,False,False,False,False,False,False
AAPL,2023-08-28,177.68677460091166,178.1801023209798,176.1673318473753,177.7854461669922,43820700,2023,8,35,Monday,177.4549,176.2265167236328,0.88,0.83,-0.03,0.88,0.03,0,0.0,174.4643,172.702,170.9397,169.1775,167.4152,165.6529,163.8907,162.1284,160.3661,158.6039,156.8416,155.0793,153.3171,151.5548,149.7925,148.0303,146.268,144.5057,142.7435,140.9812,139.2189,137.4567,135.6944,133.9322,132.1699,False,False,False,False,False,False,False,False,False,False,False,False,False,False,False,False,False,False,False,False,False,False,False,False,False
AAPL,2023-08-29,177.3019791564373,182.4325844218137,177.10465107991652,181.6629943847656,53003900,2023,8,35,Tuesday,179.6256,177.7854461669922,2.18,-0.27,-0.38,2.18,0.38,0,0.0,176.0076,174.2297,172.4519,170.674,168.8962,167.1183,165.3405,163.5626,161.7848,160.0069,158.229,156.4512,154.6733,152.8955,151.1176,149.3398,147.5619,145.7841,144.0062,142.2284,140.4505,138.6726,136.8948,135.1169,133.3391,False,False,False,False,False,False,False,False,False,False,False,False,False,False,False,False,False,False,False,False,False,False,False,False,False
AAPL,2023-08-30,182.47203136515444,185.34320186637345,182.2747033185944,185.14585876464844,60813900,2023,8,35,Wednesday,183.8089,181.6629943847656,1.92,0.45,0.34,1.92,-0.34,0,0.0,179.8464,178.0297,176.2131,174.3965,172.5798,170.7632,168.9466,167.13,165.3133,163.4967,161.6801,159.8634,158.0468,156.2302,154.4135,152.5969,150.7803,148.9637,147.147,145.3304,143.5138,141.6971,139.8805,138.0639,136.2472,False,False,False,False,False,False,False,False,False,False,False,False,False,False,False,False,False,False,False,False,False,False,False,False,False
AAPL,2023-08-31,185.3333318426413,186.59624944883035,184.9781353249528,185.3629302978516,60794500,2023,8,35,Thursday,185.5677,185.14585876464844,0.12,0.1,-0.09,0.12,0.09,0,0.0,183.2944,181.4429,179.5915,177.74,175.8886,174.0371,172.1856,170.3342,168.4827,166.6313,164.7798,162.9284,161.0769,159.2254,157.374,155.5225,153.6711,151.8196,149.9681,148.1167,146.2652,144.4138,142.5623,140.7109,138.8594,False,False,False,False,False,False,False,False,False,False,False,False,False,False,False,False,False,False,False,False,False,False,False,False,False
AAPL,2023-09-01,186.9613458954921,187.38560051082152,185.76748618147488,186.93174743652344,45766500,2023,9,35,Friday,186.7615,185.3629302978516,0.85,0.86,0.22,0.85,-0.22,0,0.0,183.5093,181.6557,179.802,177.9484,176.0948,174.2412,172.3875,170.5339,168.6803,166.8266,164.973,163.1194,161.2657,159.4121,157.5585,155.7049,153.8512,151.9976,150.144,148.2903,146.4367,144.5831,142.7295,140.8758,139.0222,False,False,False,False,False,False,False,False,False,False,False,False,False,False,False,False,False,False,False,False,False,False,False,False,False
AAPL,2023-09-05,185.76746926717504,187.44478036173828,185.10641198511868,187.16851806640625,45280000,2023,9,36,Tuesday,186.3718,186.93174743652344,0.13,-0.62,-0.98,0.13,0.98,0,0.0,185.0624,183.1931,181.3238,179.4545,177.5852,175.7158,173.8465,171.9772,170.1079,168.2386,166.3693,164.4999,162.6306,160.7613,158.892,157.0227,155.1534,153.284,151.4147,149.5454,147.6761,145.8068,143.9374,142.0681,140.1988,False,False,False,False,False,False,False,False,False,False,False,False,False,False,False,False,False,False,False,False,False,False,False,False,False
AAPL,2023-09-06,185.88585963952747,186.329866585718,179.04834537431464,180.46913146972656,81755800,2023,9,36,Wednesday,182.9333,187.16851806640625,-3.58,-0.69,-4.34,-3.58,4.34,4,729.9572,185.2968,183.4251,181.5535,179.6818,177.8101,175.9384,174.0667,172.195,170.3234,168.4517,166.58,164.7083,162.8366,160.9649,159.0932,157.2216,155.3499,153.4782,151.6065,149.7348,147.8631,145.9914,144.1198,142.2481,140.3764,True,True,True,True,False,False,False,False,False,False,False,False,False,False,False,False,False,False,False,False,False,False,False,False,False
AAPL,2023-09-07,172.84229174782251,175.8318715643951,171.22417743783686,175.19053649902344,112488800,2023,9,36,Thursday,173.7722,180.46913146972656,-2.92,-4.23,-5.12,-2.92,5.12,5,875.2753,178.6644,176.8597,175.0551,173.2504,171.4457,169.641,167.8363,166.0316,164.2269,162.4222,160.6175,158.8128,157.0081,155.2035,153.3988,151.5941,149.7894,147.9847,146.18,144.3753,142.5706,140.7659,138.9612,137.1565,135.3518,True,True,True,True,True,False,False,False,False,False,False,False,False,False,False,False,False,False,False,False,False,False,False,False,False
AAPL,2023-09-08,175.96999075471308,177.8347687964352,175.417451102765,175.80224609375,65551300,2023,9,36,Friday,176.2561,175.19053649902344,0.35,0.44,0.13,0.35,-0.13,0,0.0,173.4386,171.6867,169.9348,168.1829,166.431,164.6791,162.9272,161.1753,159.4234,157.6715,155.9196,154.1677,152.4158,150.6639,148.912,147.1601,145.4081,143.6562,141.9043,140.1524,138.4005,136.6486,134.8967,133.1448,131.3929,False,False,False,False,False,False,False,False,False,False,False,False,False,False,False,False,False,False,False,False,False,False,False,False,False
AAPL,2023-09-11,177.6670388917848,177.89396541040293,174.97345890425444,176.9665069580078,58953100,2023,9,37,Monday,176.8752,175.80224609375,0.66,1.06,-0.47,0.66,0.47,0,0.0,174.0442,172.2862,170.5282,168.7702,167.0121,165.2541,163.4961,161.7381,159.98,158.222,156.464,154.706,152.948,151.1899,149.4319,147.6739,145.9159,144.1578,142.3998,140.6418,138.8838,137.1258,135.3677,133.6097,131.8517,False,False,False,False,False,False,False,False,False,False,False,False,False,False,False,False,False,False,False,False,False,False,False,False,False
AAPL,2023-09-12,177.09477490699047,177.72623373133553,172.487096210491,173.9473419189453,90370200,2023,9,37,Tuesday,175.3139,176.9665069580078,-1.71,0.07,-2.53,-1.71,2.53,2,348.624,175.1968,173.4272,171.6575,169.8878,168.1182,166.3485,164.5789,162.8092,161.0395,159.2699,157.5002,155.7305,153.9609,152.1912,150.4215,148.6519,146.8822,145.1125,143.3429,141.5732,139.8035,138.0339,136.2642,134.4945,132.7249,True,True,False,False,False,False,False,False,False,False,False,False,False,False,False,False,False,False,False,False,False,False,False,False,False
AAPL,2023-09-13,174.15451849429098,174.93398459835862,171.6582818339781,171.88522338867188,84267900,2023,9,37,Wednesday,173.158,173.9473419189453,-1.19,0.12,-1.32,-1.19,1.32,1,172.2079,172.2079,170.4684,168.7289,166.9894,165.25,163.5105,161.771,160.0316,158.2921,156.5526,154.8131,153.0737,151.3342,149.5947,147.8552,146.1158,144.3763,142.6368,140.8973,139.1579,137.4184,135.6789,133.9395,132.2,130.4605,True,False,False,False,False,False,False,False,False,False,False,False,False,False,False,False,False,False,False,False,False,False,False,False,False
AAPL,2023-09-14,171.67802028548886,173.75000241444866,171.2636268707299,173.39480590820312,60895800,2023,9,37,Thursday,172.5216,171.88522338867188,0.88,-0.12,-0.36,0.88,0.36,0,0.0,170.1664,168.4475,166.7287,165.0098,163.291,161.5721,159.8533,158.1344,156.4156,154.6967,152.9778,151.259,149.5401,147.8213,146.1024,144.3836,142.6647,140.9459,139.227,137.5082,135.7893,134.0705,132.3516,130.6328,128.9139,False,False,False,False,False,False,False,False,False,False,False,False,False,False,False,False,False,False,False,False,False,False,False,False,False
AAPL,2023-09-15,174.12494522635322,174.14468255030425,171.5004532372104,172.674560546875,109259500,2023,9,37,Friday,173.1112,173.39480590820312,-0.42,0.42,-1.09,-0.42,1.09,1,171.6609,171.6609,169.9269,168.193,166.459,164.7251,162.9911,161.2572,159.5232,157.7893,156.0553,154.3214,152.5874,150.8535,149.1195,147.3856,145.6516,143.9177,142.1837,140.4498,138.7158,136.9819,135.2479,133.514,131.7801,130.0461,True,False,False,False,False,False,False,False,False,False,False,False,False,False,False,False,False,False,False,False,False,False,False,False,False
AAPL,2023-09-18,174.12494029407293,176.98624997924455,173.8190795297471,175.59506225585938,67257600,2023,9,38,Monday,175.1313,172.674560546875,1.69,0.84,0.66,1.69,-0.66,0,0.0,170.9478,169.2211,167.4943,165.7676,164.0408,162.3141,160.5873,158.8606,157.1339,155.4071,153.6804,151.9536,150.2269,148.5001,146.7734,145.0466,143.3199,141.5931,139.8664,138.1396,136.4129,134.6862,132.9594,131.2327,129.5059,False,False,False,False,False,False,False,False,False,False,False,False,False,False,False,False,False,False,False,False,False,False,False,False,False
AAPL,2023-09-19,175.15107052586188,177.23291401853146,174.7662755227223,176.68038940429688,51826900,2023,9,38,Tuesday,175.9577,175.59506225585938,0.62,-0.25,-0.47,0.62,0.47,0,0.0,173.8391,172.0832,170.3272,168.5713,166.8153,165.0594,163.3034,161.5475,159.7915,158.0356,156.2796,154.5237,152.7677,151.0118,149.2558,147.4999,145.7439,143.988,142.232,140.476,138.7201,136.9641,135.2082,133.4522,131.6963,False,False,False,False,False,False,False,False,False,False,False,False,False,False,False,False,False,False,False,False,False,False,False,False,False
AAPL,2023-09-20,176.86782730089922,177.30195805066697,173.0593371622532,173.1481475830078,58436200,2023,9,38,Wednesday,175.0943,176.68038940429688,-2.0,0.11,-2.05,-2.0,2.05,2,348.0604,174.9136,173.1468,171.38,169.6132,167.8464,166.0796,164.3128,162.546,160.7792,159.0124,157.2455,155.4787,153.7119,151.9451,150.1783,148.4115,146.6447,144.8779,143.1111,141.3443,139.5775,137.8107,136.0439,134.2771,132.5103,True,True,False,False,False,False,False,False,False,False,False,False,False,False,False,False,False,False,False,False,False,False,False,False,False
AAPL,2023-09-21,172.22069958579337,173.94734650075085,171.53990496478352,171.6089630126953,63149100,2023,9,38,Thursday,172.3292,173.1481475830078,-0.89,-0.54,-0.93,-0.89,0.93,0,0.0,171.4167,169.6852,167.9537,166.2222,164.4907,162.7593,161.0278,159.2963,157.5648,155.8333,154.1019,152.3704,150.6389,148.9074,147.1759,145.4444,143.713,141.9815,140.25,138.5185,136.787,135.0556,133.3241,131.5926,129.8611,False,False,False,False,False,False,False,False,False,False,False,False,False,False,False,False,False,False,False,False,False,False,False,False,False
AAPL,2023-09-22,172.33909518451154,174.7169382879251,171.7273736602944,172.45748901367188,56725400,2023,9,38,Friday,172.8102,171.6089630126953,0.49,0.43,0.07,0.49,-0.07,0,0.0,169.8929,168.1768,166.4607,164.7446,163.0285,161.3124,159.5963,157.8802,156.1642,154.4481,152.732,151.0159,149.2998,147.5837,145.8676,144.1515,142.4354,140.7193,139.0033,137.2872,135.5711,133.855,132.1389,130.4228,128.7067,False,False,False,False,False,False,False,False,False,False,False,False,False,False,False,False,False,False,False,False,False,False,False,False,False
AAPL,2023-09-25,171.87535356826675,174.6083930174941,171.82601779128095,173.7302703857422,46172700,2023,9,39,Monday,173.01,172.45748901367188,0.74,-0.34,-0.37,0.74,0.37,0,0.0,170.7329,169.0083,167.2838,165.5592,163.8346,162.11,160.3855,158.6609,156.9363,155.2117,153.4872,151.7626,150.038,148.3134,146.5889,144.8643,143.1397,141.4151,139.6906,137.966,136.2414,134.5168,132.7923,131.0677,129.3431,False,False,False,False,False,False,False,False,False,False,False,False,False,False,False,False,False,False,False,False,False,False,False,False,False
AAPL,2023-09-26,172.48711848209095,172.86203732750283,169.36928354767613,169.665283203125,64588900,2023,9,39,Tuesday,171.0959,173.7302703857422,-2.34,-0.72,-2.51,-2.34,2.51,2,342.2486,171.993,170.2557,168.5184,166.7811,165.0438,163.3065,161.5692,159.8318,158.0945,156.3572,154.6199,152.8826,151.1453,149.408,147.6707,145.9334,144.1961,142.4588,140.7215,138.9842,137.2469,135.5096,133.7723,132.035,130.2977,True,True,False,False,False,False,False,False,False,False,False,False,False,False,False,False,False,False,False,False,False,False,False,False,False
AAPL,2023-09-27,170.31643241476104,170.730825832551,166.79408083596385,168.15565490722656,66921800,2023,9,39,Wednesday,168.9992,169.665283203125,-0.89,0.38,-1.69,-0.89,1.69,1,167.9686,167.9686,166.272,164.5753,162.8787,161.182,159.4854,157.7887,156.0921,154.3954,152.6988,151.0021,149.3054,147.6088,145.9121,144.2155,142.5188,140.8222,139.1255,137.4289,135.7322,134.0356,132.3389,130.6423,128.9456,127.249,True,False,False,False,False,False,False,False,False,False,False,False,False,False,False,False,False,False,False,False,False,False,False,False,False
AAPL,2023-09-28,167.08022534636603,169.7343308371659,165.38317681816312,168.41221618652344,56294400,2023,9,39,Thursday,167.6525,168.15565490722656,0.15,-0.64,-1.65,0.15,1.65,1,166.4741,166.4741,164.7925,163.111,161.4294,159.7479,158.0663,156.3848,154.7032,153.0216,151.3401,149.6585,147.977,146.2954,144.6139,142.9323,141.2508,139.5692,137.8876,136.2061,134.5245,132.843,131.1614,129.4799,127.7983,126.1167,True,False,False,False,False,False,False,False,False,False,False,False,False,False,False,False,False,False,False,False,False,False,False,False,False
AAPL,2023-09-29,169.72445084440017,170.7604419321708,168.06686209293406,168.92526245117188,51861100,2023,9,39,Friday,169.3693,168.41221618652344,0.3,0.78,-0.21,0.3,0.21,0,0.0,166.7281,165.044,163.3598,161.6757,159.9916,158.3075,156.6234,154.9392,153.2551,151.571,149.8869,148.2028,146.5186,144.8345,143.1504,141.4663,139.7821,138.098,136.4139,134.7298,133.0457,131.3615,129.6774,127.9933,126.3092,False,False,False,False,False,False,False,False,False,False,False,False,False,False,False,False,False,False,False,False,False,False,False,False,False
AAPL,2023-10-02,168.93514418826848,171.97404472395215,168.64900568223578,171.43138122558594,52164500,2023,10,40,Monday,170.2474,168.92526245117188,1.48,0.01,-0.16,1.48,0.16,0,0.0,167.236,165.5468,163.8575,162.1683,160.479,158.7897,157.1005,155.4112,153.722,152.0327,150.3435,148.6542,146.965,145.2757,143.5865,141.8972,140.208,138.5187,136.8295,135.1402,133.451,131.7617,130.0725,128.3832,126.6939,False,False,False,False,False,False,False,False,False,False,False,False,False,False,False,False,False,False,False,False,False,False,False,False,False
AAPL,2023-10-03,169.96126458937815,171.31299281082715,168.54049336939298,170.09939575195312,49594600,2023,10,40,Tuesday,169.9785,171.43138122558594,-0.78,-0.86,-1.69,-0.78,1.69,1,169.7171,169.7171,168.0028,166.2884,164.5741,162.8598,161.1455,159.4312,157.7169,156.0026,154.2882,152.5739,150.8596,149.1453,147.431,145.7167,144.0024,142.288,140.5737,138.8594,137.1451,135.4308,133.7165,132.0022,130.2878,128.5735,True,False,False,False,False,False,False,False,False,False,False,False,False,False,False,False,False,False,False,False,False,False,False,False,False
AAPL,2023-10-04,168.80687858022958,171.88525384459265,168.68848474300435,171.34259033203125,53020300,2023,10,40,Wednesday,170.1808,170.09939575195312,0.73,-0.76,-0.83,0.73,0.83,0,0.0,168.3984,166.6974,164.9964,163.2954,161.5944,159.8934,158.1924,156.4914,154.7905,153.0895,151.3885,149.6875,147.9865,146.2855,144.5845,142.8835,141.1825,139.4815,137.7805,136.0795,134.3785,132.6775,130.9765,129.2755,127.5745,False,False,False,False,False,False,False,False,False,False,False,False,False,False,False,False,False,False,False,False,False,False,False,False,False
AAPL,2023-10-05,171.47084810780015,173.10869980697885,170.3756599300563,172.57591247558594,48527900,2023,10,40,Thursday,171.8828,171.34259033203125,0.72,0.07,-0.56,0.72,0.56,0,0.0,169.6292,167.9157,166.2023,164.4889,162.7755,161.062,159.3486,157.6352,155.9218,154.2083,152.4949,150.7815,149.0681,147.3546,145.6412,143.9278,142.2143,140.5009,138.7875,137.0741,135.3606,133.6472,131.9338,130.2204,128.5069,False,False,False,False,False,False,False,False,False,False,False,False,False,False,False,False,False,False,False,False,False,False,False,False,False
AAPL,2023-10-06,171.48071432556827,175.61480292776608,170.8689777300858,175.12147521972656,57266700,2023,10,40,Friday,173.2715,172.57591247558594,1.48,-0.63,-0.99,1.48,0.99,0,0.0,170.8502,169.1244,167.3986,165.6729,163.9471,162.2214,160.4956,158.7698,157.0441,155.3183,153.5926,151.8668,150.141,148.4153,146.6895,144.9638,143.238,141.5122,139.7865,138.0607,136.335,134.6092,132.8835,131.1577,129.4319,False,False,False,False,False,False,False,False,False,False,False,False,False,False,False,False,False,False,False,False,False,False,False,False,False
AAPL,2023-10-09,174.45055415802327,176.66066786762835,173.45403753652568,176.60147094726562,42390800,2023,10,41,Monday,175.2917,175.12147521972656,0.85,-0.38,-0.95,0.85,0.95,0,0.0,173.3703,171.619,169.8678,168.1166,166.3654,164.6142,162.863,161.1118,159.3605,157.6093,155.8581,154.1069,152.3557,150.6045,148.8533,147.102,145.3508,143.5996,141.8484,140.0972,138.346,136.5948,134.8435,133.0923,131.3411,False,False,False,False,False,False,False,False,False,False,False,False,False,False,False,False,False,False,False,False,False,False,False,False,False
AAPL,2023-10-10,175.72333700059065,177.32171396949087,175.57532965392068,176.00946044921875,43698000,2023,10,41,Tuesday,176.1575,176.60147094726562,-0.34,-0.5,-0.58,-0.34,0.58,0,0.0,174.8355,173.0694,171.3034,169.5374,167.7714,166.0054,164.2394,162.4734,160.7073,158.9413,157.1753,155.4093,153.6433,151.8773,150.1113,148.3452,146.5792,144.8132,143.0472,141.2812,139.5152,137.7491,135.9831,134.2171,132.4511,False,False,False,False,False,False,False,False,False,False,False,False,False,False,False,False,False,False,False,False,False,False,False,False,False
AAPL,2023-10-11,175.82198018511957,177.4499705441094,175.22999600880442,177.400634765625,47551100,2023,10,41,Wednesday,176.4756,176.00946044921875,0.79,-0.11,-0.44,0.79,0.44,0,0.0,174.2494,172.4893,170.7292,168.9691,167.209,165.4489,163.6888,161.9287,160.1686,158.4085,156.6484,154.8883,153.1282,151.3681,149.608,147.8479,146.0879,144.3278,142.5677,140.8076,139.0475,137.2874,135.5273,133.7672,132.0071,False,False,False,False,False,False,False,False,False,False,False,False,False,False,False,False,False,False,False,False,False,False,False,False,False
AAPL,2023-10-12,177.6670640281674,179.90676118500224,176.6507950071692,178.29852294921875,56743100,2023,10,41,Thursday,178.1308,177.400634765625,0.51,0.15,-0.42,0.51,0.42,0,0.0,175.6266,173.8526,172.0786,170.3046,168.5306,166.7566,164.9826,163.2086,161.4346,159.6606,157.8866,156.1126,154.3386,152.5645,150.7905,149.0165,147.2425,145.4685,143.6945,141.9205,140.1465,138.3725,136.5985,134.8245,133.0505,False,False,False,False,False,False,False,False,False,False,False,False,False,False,False,False,False,False,False,False,False,False,False,False,False
AAPL,2023-10-13,178.99904528395493,179.5022341867499,175.76281633481818,176.46334838867188,51427100,2023,10,41,Friday,177.6819,178.29852294921875,-1.03,0.39,-1.42,-1.03,1.42,1,176.5155,176.5155,174.7326,172.9496,171.1666,169.3836,167.6006,165.8176,164.0346,162.2517,160.4687,158.6857,156.9027,155.1197,153.3367,151.5537,149.7708,147.9878,146.2048,144.4218,142.6388,140.8558,139.0728,137.2899,135.5069,133.7239,True,False,False,False,False,False,False,False,False,False,False,False,False,False,False,False,False,False,False,False,False,False,False,False,False
AAPL,2023-10-16,174.39134016768617,176.69024903281087,174.15453745424634,176.33505249023438,52517000,2023,10,42,Monday,175.3928,176.46334838867188,-0.07,-1.17,-1.31,-0.07,1.31,1,174.6987,174.6987,172.9341,171.1694,169.4048,167.6402,165.8755,164.1109,162.3463,160.5816,158.817,157.0524,155.2877,153.5231,151.7585,149.9938,148.2292,146.4646,144.6999,142.9353,141.1707,139.406,137.6414,135.8768,134.1121,132.3475,True,False,False,False,False,False,False,False,False,False,False,False,False,False,False,False,False,False,False,False,False,False,False,False,False
AAPL,2023-10-17,174.29266779074965,176.03905203817294,172.467364361049,174.78599548339844,57549400,2023,10,42,Tuesday,174.3963,176.33505249023438,-0.88,-1.16,-2.19,-0.88,2.19,2,347.3801,174.5717,172.8084,171.045,169.2817,167.5183,165.7549,163.9916,162.2282,160.4649,158.7015,156.9382,155.1748,153.4115,151.6481,149.8848,148.1214,146.3581,144.5947,142.8314,141.068,139.3047,137.5413,135.778,134.0146,132.2513,True,True,False,False,False,False,False,False,False,False,False,False,False,False,False,False,False,False,False,False,False,False,False,False,False
AAPL,2023-10-18,173.2369747453516,175.21028574818484,172.77324545527233,173.49349975585938,54764400,2023,10,42,Wednesday,173.6785,174.78599548339844,-0.74,-0.89,-1.15,-0.74,1.15,1,173.0381,173.0381,171.2903,169.5424,167.7946,166.0467,164.2988,162.551,160.8031,159.0553,157.3074,155.5595,153.8117,152.0638,150.316,148.5681,146.8202,145.0724,143.3245,141.5767,139.8288,138.0809,136.3331,134.5852,132.8374,131.0895,True,False,False,False,False,False,False,False,False,False,False,False,False,False,False,False,False,False,False,False,False,False,False,False,False
AAPL,2023-10-19,173.69080766680926,175.46679037407037,172.85215962113486,173.11856079101562,59302900,2023,10,42,Thursday,173.7821,173.49349975585938,-0.22,0.11,-0.37,-0.22,0.37,0,0.0,171.7586,170.0236,168.2887,166.5538,164.8188,163.0839,161.349,159.614,157.8791,156.1441,154.4092,152.6743,150.9393,149.2044,147.4695,145.7345,143.9996,142.2647,140.5297,138.7948,137.0599,135.3249,133.59,131.8551,130.1201,False,False,False,False,False,False,False,False,False,False,False,False,False,False,False,False,False,False,False,False,False,False,False,False,False
AAPL,2023-10-20,172.9705790235715,173.07911173437196,170.33621055796252,170.57301330566406,64244000,2023,10,42,Friday,171.7397,173.11856079101562,-1.47,-0.09,-1.61,-1.47,1.61,1,171.3874,171.3874,169.6562,167.925,166.1938,164.4626,162.7314,161.0003,159.2691,157.5379,155.8067,154.0755,152.3443,150.6131,148.882,147.1508,145.4196,143.6884,141.9572,140.226,138.4948,136.7637,135.0325,133.3013,131.5701,129.8389,True,False,False,False,False,False,False,False,False,False,False,False,False,False,False,False,False,False,False,False,False,False,False,False,False
AAPL,2023-10-23,168.62926966195786,171.68789221712717,167.66233657820504,170.69137573242188,55980100,2023,10,43,Monday,169.6677,170.57301330566406,0.07,-1.14,-1.71,0.07,1.71,1,168.8673,168.8673,167.1616,165.4558,163.7501,162.0444,160.3386,158.6329,156.9272,155.2214,153.5157,151.81,150.1043,148.3985,146.6928,144.9871,143.2813,141.5756,139.8699,138.1641,136.4584,134.7527,133.047,131.3412,129.6355,127.9298,True,False,False,False,False,False,False,False,False,False,False,False,False,False,False,False,False,False,False,False,False,False,False,False,False
AAPL,2023-10-24,170.74073901093655,171.35246060946264,169.16208417292097,171.1255340576172,43816600,2023,10,43,Tuesday,170.5952,170.69137573242188,0.25,0.03,-0.9,0.25,0.9,0,0.0,168.9845,167.2775,165.5706,163.8637,162.1568,160.4499,158.743,157.0361,155.3292,153.6222,151.9153,150.2084,148.5015,146.7946,145.0877,143.3808,141.6738,139.9669,138.26,136.5531,134.8462,133.1393,131.4324,129.7254,128.0185,False,False,False,False,False,False,False,False,False,False,False,False,False,False,False,False,False,False,False,False,False,False,False,False,False
AAPL,2023-10-25,169.58633193718455,170.75057806188605,168.3727349771656,168.81674194335938,57157000,2023,10,43,Wednesday,169.3816,171.1255340576172,-1.35,-0.9,-1.61,-1.35,1.61,1,169.4143,169.4143,167.703,165.9918,164.2805,162.5693,160.858,159.1467,157.4355,155.7242,154.013,152.3017,150.5905,148.8792,147.168,145.4567,143.7454,142.0342,140.3229,138.6117,136.9004,135.1892,133.4779,131.7667,130.0554,128.3442,True,False,False,False,False,False,False,False,False,False,False,False,False,False,False,False,False,False,False,False,False,False,False,False,False
AAPL,2023-10-26,168.0964746462511,169.0930062294273,163.459197305812,164.6629180908203,70625300,2023,10,43,Thursday,166.3279,168.81674194335938,-2.46,-0.43,-3.17,-2.46,3.17,3,496.3212,167.1286,165.4404,163.7522,162.0641,160.3759,158.6877,156.9996,155.3114,153.6232,151.9351,150.2469,148.5587,146.8706,145.1824,143.4942,141.8061,140.1179,138.4297,136.7416,135.0534,133.3652,131.6771,129.9889,128.3007,126.6126,True,True,True,False,False,False,False,False,False,False,False,False,False,False,False,False,False,False,False,False,False,False,False,False,False
AAPL,2023-10-27,164.68264263448572,166.70528904611524,164.60370840247674,165.97515869140625,58499100,2023,10,43,Friday,165.4917,164.6629180908203,0.8,0.01,-0.04,0.8,0.04,0,0.0,163.0163,161.3697,159.723,158.0764,156.4298,154.7831,153.1365,151.4899,149.8433,148.1966,146.55,144.9034,143.2567,141.6101,139.9635,138.3169,136.6702,135.0236,133.377,131.7303,130.0837,128.4371,126.7904,125.1438,123.4972,False,False,False,False,False,False,False,False,False,False,False,False,False,False,False,False,False,False,False,False,False,False,False,False,False
AAPL,2023-10-30,166.76447575317525,168.88577853365425,166.61646843152695,168.01751708984375,51131000,2023,10,44,Monday,167.5711,165.97515869140625,1.23,0.48,0.39,1.23,-0.39,0,0.0,164.3154,162.6557,160.9959,159.3362,157.6764,156.0166,154.3569,152.6971,151.0374,149.3776,147.7179,146.0581,144.3984,142.7386,141.0789,139.4191,137.7594,136.0996,134.4399,132.7801,131.1204,129.4606,127.8009,126.1411,124.4814,False,False,False,False,False,False,False,False,False,False,False,False,False,False,False,False,False,False,False,False,False,False,False,False,False
AAPL,2023-10-31,167.09010101577766,168.61940486913602,165.65943861592592,168.49114990234375,44846000,2023,10,44,Tuesday,167.465,168.01751708984375,0.28,-0.55,-1.4,0.28,1.4,1,166.3373,166.3373,164.6572,162.977,161.2968,159.6166,157.9365,156.2563,154.5761,152.8959,151.2158,149.5356,147.8554,146.1752,144.4951,142.8149,141.1347,139.4545,137.7744,136.0942,134.414,132.7338,131.0537,129.3735,127.6933,126.0131,True,False,False,False,False,False,False,False,False,False,False,False,False,False,False,False,False,False,False,False,False,False,False,False,False
AAPL,2023-11-01,168.71806981976965,171.90496247869652,167.849808268541,171.6484375,56934900,2023,11,44,Wednesday,170.0303,168.49114990234375,1.87,0.13,-0.38,1.87,0.38,0,0.0,166.8062,165.1213,163.4364,161.7515,160.0666,158.3817,156.6968,155.0119,153.3269,151.642,149.9571,148.2722,146.5873,144.9024,143.2175,141.5326,139.8477,138.1627,136.4778,134.7929,133.108,131.4231,129.7382,128.0533,126.3684,False,False,False,False,False,False,False,False,False,False,False,False,False,False,False,False,False,False,False,False,False,False,False,False,False
AAPL,2023-11-02,173.17774724497193,175.40758286457637,173.11855033416663,175.2003936767578,77334800,2023,11,44,Thursday,174.2261,171.6484375,2.07,0.89,0.86,2.07,-0.86,0,0.0,169.932,168.2155,166.499,164.7825,163.066,161.3495,159.633,157.9166,156.2001,154.4836,152.7671,151.0506,149.3341,147.6177,145.9012,144.1847,142.4682,140.7517,139.0352,137.3188,135.6023,133.8858,132.1693,130.4528,128.7363,False,False,False,False,False,False,False,False,False,False,False,False,False,False,False,False,False,False,False,False,False,False,False,False,False
AAPL,2023-11-03,171.91483559510309,174.46040823420765,171.03671292563865,174.29266357421875,79829200,2023,11,44,Friday,172.9262,175.2003936767578,-0.52,-1.88,-2.38,-0.52,2.38,2,345.1448,173.4484,171.6964,169.9444,168.1924,166.4404,164.6884,162.9364,161.1844,159.4324,157.6804,155.9284,154.1763,152.4243,150.6723,148.9203,147.1683,145.4163,143.6643,141.9123,140.1603,138.4083,136.6563,134.9043,133.1523,131.4003,True,True,False,False,False,False,False,False,False,False,False,False,False,False,False,False,False,False,False,False,False,False,False,False,False
AAPL,2023-11-06,174.02629776104038,177.035584920202,173.85856813665714,176.8382568359375,63841300,2023,11,45,Monday,175.4397,174.29266357421875,1.46,-0.15,-0.25,1.46,0.25,0,0.0,172.5497,170.8068,169.0639,167.321,165.578,163.8351,162.0922,160.3493,158.6063,156.8634,155.1205,153.3775,151.6346,149.8917,148.1488,146.4058,144.6629,142.92,141.1771,139.4341,137.6912,135.9483,134.2054,132.4624,130.7195,False,False,False,False,False,False,False,False,False,False,False,False,False,False,False,False,False,False,False,False,False,False,False,False,False
AAPL,2023-11-07,176.78889227095914,180.00539823599848,176.58170308551922,179.3936767578125,70530000,2023,11,45,Tuesday,178.1924,176.8382568359375,1.45,-0.03,-0.15,1.45,0.15,0,0.0,175.0699,173.3015,171.5331,169.7647,167.9963,166.228,164.4596,162.6912,160.9228,159.1544,157.386,155.6177,153.8493,152.0809,150.3125,148.5441,146.7758,145.0074,143.239,141.4706,139.7022,137.9338,136.1655,134.3971,132.6287,False,False,False,False,False,False,False,False,False,False,False,False,False,False,False,False,False,False,False,False,False,False,False,False,False
AAPL,2023-11-08,179.91661457451394,181.00192645947115,179.16674685036813,180.44940185546875,49340300,2023,11,45,Wednesday,180.1337,179.3936767578125,0.59,0.29,-0.13,0.59,0.13,0,0.0,177.5997,175.8058,174.0119,172.2179,170.424,168.6301,166.8361,165.0422,163.2482,161.4543,159.6604,157.8664,156.0725,154.2786,152.4846,150.6907,148.8968,147.1028,145.3089,143.5149,141.721,139.9271,138.1331,136.3392,134.5453,False,False,False,False,False,False,False,False,False,False,False,False,False,False,False,False,False,False,False,False,False,False,False,False,False
AAPL,2023-11-09,180.51846299464347,181.66297171772456,179.38380034968415,179.97579956054688,53763500,2023,11,45,Thursday,180.3853,180.44940185546875,-0.26,0.04,-0.59,-0.26,0.59,0,0.0,178.6449,176.8404,175.0359,173.2314,171.4269,169.6224,167.8179,166.0134,164.209,162.4045,160.6,158.7955,156.991,155.1865,153.382,151.5775,149.773,147.9685,146.164,144.3595,142.555,140.7505,138.946,137.1415,135.3371,False,False,False,False,False,False,False,False,False,False,False,False,False,False,False,False,False,False,False,False,False,False,False,False,False
AAPL,2023-11-10,181.7541222530608,184.32281184408907,181.3194195461175,184.15484619140625,66133400,2023,11,45,Friday,182.8878,179.97579956054688,2.32,0.99,0.75,2.32,-0.75,0,0.0,178.176,176.3763,174.5765,172.7768,170.977,169.1773,167.3775,165.5777,163.778,161.9782,160.1785,158.3787,156.5789,154.7792,152.9794,151.1797,149.3799,147.5802,145.7804,143.9806,142.1809,140.3811,138.5814,136.7816,134.9818,False,False,False,False,False,False,False,False,False,False,False,False,False,False,False,False,False,False,False,False,False,False,False,False,False
AAPL,2023-11-13,183.5818764260709,183.7893386144101,181.9912676571252,182.5741577148437,43627500,2023,11,46,Monday,182.9842,184.15484619140625,-0.86,-0.31,-1.17,-0.86,1.17,1,182.3133,182.3133,180.4717,178.6302,176.7887,174.9471,173.1056,171.264,169.4225,167.5809,165.7394,163.8978,162.0563,160.2147,158.3732,156.5316,154.6901,152.8485,151.007,149.1654,147.3239,145.4823,143.6408,141.7992,139.9577,138.1161,True,False,False,False,False,False,False,False,False,False,False,False,False,False,False,False,False,False,False,False,False,False,False,False,False
AAPL,2023-11-14,185.4392054784728,185.8442707665973,184.05607409829287,185.18234252929688,60108400,2023,11,46,Tuesday,185.1305,182.5741577148437,1.43,1.57,0.81,1.43,-0.81,0,0.0,180.7484,178.9227,177.0969,175.2712,173.4454,171.6197,169.794,167.9682,166.1425,164.3167,162.491,160.6653,158.8395,157.0138,155.188,153.3623,151.5366,149.7108,147.8851,146.0593,144.2336,142.4078,140.5821,138.7564,136.9306,False,False,False,False,False,False,False,False,False,False,False,False,False,False,False,False,False,False,False,False,False,False,False,False,False
AAPL,2023-11-15,185.5874067506803,187.2175269447368,185.5182426445681,185.74546813964844,53790500,2023,11,46,Wednesday,186.0172,185.18234252929688,0.3,0.22,0.18,0.3,-0.18,0,0.0,183.3305,181.4787,179.6269,177.775,175.9232,174.0714,172.2196,170.3678,168.5159,166.6641,164.8123,162.9605,161.1086,159.2568,157.405,155.5532,153.7013,151.8495,149.9977,148.1459,146.2941,144.4422,142.5904,140.7386,138.8868,False,False,False,False,False,False,False,False,False,False,False,False,False,False,False,False,False,False,False,False,False,False,False,False,False
AAPL,2023-11-16,187.28668991537344,188.6599471534048,186.3777577905601,187.4250030517578,54412900,2023,11,46,Thursday,187.4373,185.74546813964844,0.9,0.83,0.34,0.9,-0.34,0,0.0,183.888,182.0306,180.1731,178.3156,176.4582,174.6007,172.7433,170.8858,169.0284,167.1709,165.3135,163.456,161.5986,159.7411,157.8836,156.0262,154.1687,152.3113,150.4538,148.5964,146.7389,144.8815,143.024,141.1666,139.3091,False,False,False,False,False,False,False,False,False,False,False,False,False,False,False,False,False,False,False,False,False,False,False,False,False
AAPL,2023-11-17,187.95848017105547,188.08691917335904,186.29872264128755,187.4052276611328,50922700,2023,11,46,Friday,187.4373,187.4250030517578,-0.01,0.28,-0.6,-0.01,0.6,0,0.0,185.5508,183.6765,181.8023,179.928,178.0538,176.1795,174.3053,172.431,170.5568,168.6825,166.8083,164.934,163.0598,161.1855,159.3113,157.437,155.5628,153.6885,151.8143,149.94,148.0658,146.1915,144.3173,142.443,140.5688,False,False,False,False,False,False,False,False,False,False,False,False,False,False,False,False,False,False,False,False,False,False,False,False,False
AAPL,2023-11-20,187.60280481288592,189.59847845797387,187.5929306882813,189.14401245117188,46505100,2023,11,47,Monday,188.4846,187.4052276611328,0.93,0.11,0.1,0.93,-0.1,0,0.0,185.5312,183.6571,181.7831,179.909,178.035,176.1609,174.2869,172.4128,170.5388,168.6647,166.7907,164.9166,163.0425,161.1685,159.2944,157.4204,155.5463,153.6723,151.7982,149.9242,148.0501,146.1761,144.302,142.428,140.5539,False,False,False,False,False,False,False,False,False,False,False,False,False,False,False,False,False,False,False,False,False,False,False,False,False
AAPL,2023-11-21,189.10451024981845,189.2131859258528,187.4546268591156,188.34378051757807,38134500,2023,11,47,Tuesday,188.529,189.14401245117188,-0.42,-0.02,-0.89,-0.42,0.89,0,0.0,187.2526,185.3611,183.4697,181.5783,179.6868,177.7954,175.9039,174.0125,172.1211,170.2296,168.3382,166.4467,164.5553,162.6639,160.7724,158.881,156.9895,155.0981,153.2067,151.3152,149.4238,147.5323,145.6409,143.7494,141.858,False,False,False,False,False,False,False,False,False,False,False,False,False,False,False,False,False,False,False,False,False,False,False,False,False
AAPL,2023-11-22,189.1835618351496,190.60620477415247,188.53150773289747,189.00572204589844,39617700,2023,11,47,Wednesday,189.3317,188.34378051757807,0.35,0.45,0.1,0.35,-0.1,0,0.0,186.4603,184.5769,182.6935,180.81,178.9266,177.0432,175.1597,173.2763,171.3928,169.5094,167.626,165.7425,163.8591,161.9757,160.0922,158.2088,156.3253,154.4419,152.5585,150.675,148.7916,146.9081,145.0247,143.1413,141.2578,False,False,False,False,False,False,False,False,False,False,False,False,False,False,False,False,False,False,False,False,False,False,False,False,False
AAPL,2023-11-24,188.57100791556653,188.60064536615056,186.970525284031,187.68185424804688,24048300,2023,11,47,Friday,187.956,189.00572204589844,-0.7,-0.23,-1.08,-0.7,1.08,1,187.1157,187.1157,185.2256,183.3356,181.4455,179.5554,177.6654,175.7753,173.8853,171.9952,170.1051,168.2151,166.325,164.435,162.5449,160.6549,158.7648,156.8747,154.9847,153.0946,151.2046,149.3145,147.4245,145.5344,143.6443,141.7543,True,False,False,False,False,False,False,False,False,False,False,False,False,False,False,False,False,False,False,False,False,False,False,False,False
AAPL,2023-11-27,187.63243679384848,188.3734031425855,186.6247183385664,187.5039978027344,40552600,2023,11,48,Monday,187.5336,187.68185424804688,-0.09,-0.03,-0.56,-0.09,0.56,0,0.0,185.805,183.9282,182.0514,180.1746,178.2978,176.4209,174.5441,172.6673,170.7905,168.9137,167.0369,165.16,163.2832,161.4064,159.5296,157.6528,155.7759,153.8991,152.0223,150.1455,148.2687,146.3918,144.515,142.6382,140.7614,False,False,False,False,False,False,False,False,False,False,False,False,False,False,False,False,False,False,False,False,False,False,False,False,False
AAPL,2023-11-28,187.4941467613032,188.77849160556613,187.11871894105684,188.106674194336,38415400,2023,11,48,Tuesday,187.8745,187.5039978027344,0.32,-0.01,-0.21,0.32,0.21,0,0.0,185.629,183.7539,181.8789,180.0038,178.1288,176.2538,174.3787,172.5037,170.6286,168.7536,166.8786,165.0035,163.1285,161.2534,159.3784,157.5034,155.6283,153.7533,151.8782,150.0032,148.1282,146.2531,144.3781,142.503,140.628,False,False,False,False,False,False,False,False,False,False,False,False,False,False,False,False,False,False,False,False,False,False,False,False,False
AAPL,2023-11-29,188.6006511365786,189.77632029571453,186.6939047406696,187.08908081054688,43014200,2023,11,48,Wednesday,188.04,188.106674194336,-0.54,0.26,-0.75,-0.54,0.75,0,0.0,186.2256,184.3445,182.4635,180.5824,178.7013,176.8203,174.9392,173.0581,171.1771,169.296,167.4149,165.5339,163.6528,161.7717,159.8907,158.0096,156.1285,154.2475,152.3664,150.4853,148.6043,146.7232,144.8421,142.9611,141.08,False,False,False,False,False,False,False,False,False,False,False,False,False,False,False,False,False,False,False,False,False,False,False,False,False
AAPL,2023-11-30,187.55341843722024,188.02764780463457,185.92329832736,187.6620941162109,48794400,2023,11,48,Thursday,187.2916,187.08908081054688,0.31,0.25,-0.62,0.31,0.62,0,0.0,185.2182,183.3473,181.4764,179.6055,177.7346,175.8637,173.9928,172.122,170.2511,168.3802,166.5093,164.6384,162.7675,160.8966,159.0257,157.1548,155.2839,153.413,151.5422,149.6713,147.8004,145.9295,144.0586,142.1877,140.3168,False,False,False,False,False,False,False,False,False,False,False,False,False,False,False,False,False,False,False,False,False,False,False,False,False
AAPL,2023-12-01,188.0375111237308,189.2526917735191,186.95075439627809,188.93655395507807,45704800,2023,12,48,Friday,188.2944,187.6620941162109,0.68,0.2,-0.38,0.68,0.38,0,0.0,185.7855,183.9089,182.0322,180.1556,178.279,176.4024,174.5257,172.6491,170.7725,168.8959,167.0193,165.1426,163.266,161.3894,159.5128,157.6362,155.7595,153.8829,152.0063,150.1297,148.2531,146.3764,144.4998,142.6232,140.7466,False,False,False,False,False,False,False,False,False,False,False,False,False,False,False,False,False,False,False,False,False,False,False,False,False
AAPL,2023-12-04,187.69175492742627,187.76091903857423,185.19222907454912,187.1483764648437,43389500,2023,12,49,Monday,186.9483,188.93655395507807,-0.95,-0.66,-1.98,-0.95,1.98,1,187.0472,187.0472,185.1578,183.2685,181.3791,179.4897,177.6004,175.711,173.8216,171.9323,170.0429,168.1535,166.2642,164.3748,162.4854,160.5961,158.7067,156.8173,154.928,153.0386,151.1492,149.2599,147.3705,145.4811,143.5918,141.7024,True,False,False,False,False,False,False,False,False,False,False,False,False,False,False,False,False,False,False,False,False,False,False,False,False
AAPL,2023-12-05,187.9189736219644,192.0584934319345,187.8893210956394,191.09030151367188,66628400,2023,12,49,Tuesday,189.7393,187.1483764648437,2.11,0.41,0.4,2.11,-0.4,0,0.0,185.2769,183.4054,181.5339,179.6624,177.791,175.9195,174.048,172.1765,170.305,168.4335,166.5621,164.6906,162.8191,160.9476,159.0761,157.2046,155.3332,153.4617,151.5902,149.7187,147.8472,145.9757,144.1042,142.2328,140.3613,False,False,False,False,False,False,False,False,False,False,False,False,False,False,False,False,False,False,False,False,False,False,False,False,False
AAPL,2023-12-06,192.10787423934497,192.41413792119363,189.79606282635905,190.0035400390625,41089700,2023,12,49,Wednesday,191.0804,191.09030151367188,-0.57,0.53,-0.68,-0.57,0.68,0,0.0,189.1794,187.2685,185.3576,183.4467,181.5358,179.6249,177.714,175.8031,173.8922,171.9813,170.0704,168.1595,166.2486,164.3377,162.4268,160.5159,158.605,156.694,154.7831,152.8722,150.9613,149.0504,147.1395,145.2286,143.3177,False,False,False,False,False,False,False,False,False,False,False,False,False,False,False,False,False,False,False,False,False,False,False,False,False
AAPL,2023-12-07,191.29777821822407,192.6512720749557,191.2582515665674,191.93006896972656,47477700,2023,12,49,Thursday,191.7843,190.0035400390625,1.01,0.68,0.66,1.01,-0.66,0,0.0,188.1035,186.2035,184.3034,182.4034,180.5034,178.6033,176.7033,174.8033,172.9032,171.0032,169.1032,167.2031,165.3031,163.403,161.503,159.603,157.7029,155.8029,153.9029,152.0028,150.1028,148.2028,146.3027,144.4027,142.5027,False,False,False,False,False,False,False,False,False,False,False,False,False,False,False,False,False,False,False,False,False,False,False,False,False
AAPL,2023-12-08,191.86091528323507,193.629363703371,191.33730018286,193.3527374267578,53406400,2023,12,49,Friday,192.5451,191.93006896972656,0.74,-0.04,-0.31,0.74,0.31,0,0.0,190.0108,188.0915,186.1722,184.2529,182.3336,180.4143,178.495,176.5757,174.6564,172.7371,170.8178,168.8985,166.9792,165.0599,163.1406,161.2213,159.302,157.3827,155.4634,153.5441,151.6248,149.7055,147.7862,145.8669,143.9476,False,False,False,False,False,False,False,False,False,False,False,False,False,False,False,False,False,False,False,False,False,False,False,False,False
AAPL,2023-12-11,190.78404615931,191.15947399253525,189.1143993115469,190.8531951904297,60943700,2023,12,50,Monday,190.4778,193.3527374267578,-1.29,-1.33,-2.19,-1.29,2.19,2,380.9049,191.4192,189.4857,187.5522,185.6186,183.6851,181.7516,179.818,177.8845,175.951,174.0175,172.0839,170.1504,168.2169,166.2834,164.3498,162.4163,160.4828,158.5492,156.6157,154.6822,152.7487,150.8151,148.8816,146.9481,145.0146,True,True,False,False,False,False,False,False,False,False,False,False,False,False,False,False,False,False,False,False,False,False,False,False,False
AAPL,2023-12-12,190.75440470261373,192.3746507369947,189.4107849369075,192.36477661132807,52696900,2023,12,50,Tuesday,191.2262,190.8531951904297,0.79,-0.05,-0.76,0.79,0.76,0,0.0,188.9447,187.0361,185.1276,183.2191,181.3105,179.402,177.4935,175.5849,173.6764,171.7679,169.8593,167.9508,166.0423,164.1337,162.2252,160.3167,158.4082,156.4996,154.5911,152.6826,150.774,148.8655,146.957,145.0484,143.1399,False,False,False,False,False,False,False,False,False,False,False,False,False,False,False,False,False,False,False,False,False,False,False,False,False
AAPL,2023-12-13,192.7401657802978,195.6151188726379,192.50306619330016,195.5756072998047,70404200,2023,12,50,Wednesday,194.1085,192.36477661132807,1.67,0.2,0.07,1.67,-0.07,0,0.0,190.4411,188.5175,186.5938,184.6702,182.7465,180.8229,178.8992,176.9756,175.0519,173.1283,171.2047,169.281,167.3574,165.4337,163.5101,161.5864,159.6628,157.7391,155.8155,153.8918,151.9682,150.0445,148.1209,146.1972,144.2736,False,False,False,False,False,False,False,False,False,False,False,False,False,False,False,False,False,False,False,False,False,False,False,False,False
AAPL,2023-12-14,195.63490356313392,197.21562292408947,193.79730618821,195.72381591796875,66831600,2023,12,50,Thursday,195.5929,195.5756072998047,0.08,0.03,-0.91,0.08,0.91,0,0.0,193.6199,191.6641,189.7083,187.7526,185.7968,183.8411,181.8853,179.9296,177.9738,176.018,174.0623,172.1065,170.1508,168.195,166.2393,164.2835,162.3278,160.372,158.4162,156.4605,154.5047,152.549,150.5932,148.6375,146.6817,False,False,False,False,False,False,False,False,False,False,False,False,False,False,False,False,False,False,False,False,False,False,False,False,False
AAPL,2023-12-15,195.1507809689053,196.01029713155145,194.6271659416612,195.1903076171875,128538400,2023,12,50,Friday,195.2446,195.72381591796875,-0.27,-0.29,-0.56,-0.27,0.56,0,0.0,193.7666,191.8093,189.8521,187.8949,185.9376,183.9804,182.0231,180.0659,178.1087,176.1514,174.1942,172.237,170.2797,168.3225,166.3652,164.408,162.4508,160.4935,158.5363,156.5791,154.6218,152.6646,150.7073,148.7501,146.7929,False,False,False,False,False,False,False,False,False,False,False,False,False,False,False,False,False,False,False,False,False,False,False,False,False
AAPL,2023-12-18,193.7281513997374,194.2616557044012,192.04863040265064,193.5305633544922,55751900,2023,12,51,Monday,193.3923,195.1903076171875,-0.85,-0.75,-1.61,-0.85,1.61,1,193.2384,193.2384,191.2865,189.3346,187.3827,185.4308,183.4789,181.527,179.5751,177.6232,175.6713,173.7194,171.7675,169.8156,167.8637,165.9118,163.9599,162.008,160.0561,158.1041,156.1522,154.2003,152.2484,150.2965,148.3446,146.3927,True,False,False,False,False,False,False,False,False,False,False,False,False,False,False,False,False,False,False,False,False,False,False,False,False
AAPL,2023-12-19,193.7973129513213,194.5777909959987,193.53056080250687,194.5679168701172,40714100,2023,12,51,Tuesday,194.1184,193.5305633544922,0.54,0.14,-0.0,0.54,0.0,0,0.0,191.5953,189.66,187.7246,185.7893,183.854,181.9187,179.9834,178.0481,176.1128,174.1775,172.2422,170.3069,168.3716,166.4363,164.501,162.5657,160.6304,158.6951,156.7598,154.8245,152.8891,150.9538,149.0185,147.0832,145.1479,False,False,False,False,False,False,False,False,False,False,False,False,False,False,False,False,False,False,False,False,False,False,False,False,False
AAPL,2023-12-20,194.52836624027825,195.29897006409448,192.4833068847656,192.4833068847656,52242800,2023,12,51,Wednesday,193.6985,194.5679168701172,-1.07,-0.02,-1.07,-1.07,1.07,1,192.6222,192.6222,190.6766,188.7309,186.7852,184.8395,182.8938,180.9482,179.0025,177.0568,175.1111,173.1654,171.2198,169.2741,167.3284,165.3827,163.4371,161.4914,159.5457,157.6,155.6543,153.7087,151.763,149.8173,147.8716,145.9259,True,False,False,False,False,False,False,False,False,False,False,False,False,False,False,False,False,False,False,False,False,False,False,False,False
AAPL,2023-12-21,193.73803856316968,194.7062305271897,191.16934877699248,192.3351287841797,46482500,2023,12,51,Thursday,192.9872,192.4833068847656,-0.08,0.65,-0.68,-0.08,0.68,0,0.0,190.5585,188.6336,186.7088,184.784,182.8591,180.9343,179.0095,177.0846,175.1598,173.235,171.3101,169.3853,167.4605,165.5356,163.6108,161.686,159.7611,157.8363,155.9115,153.9866,152.0618,150.137,148.2121,146.2873,144.3625,False,False,False,False,False,False,False,False,False,False,False,False,False,False,False,False,False,False,False,False,False,False,False,False,False
AAPL,2023-12-22,192.8290987313997,193.0563392932213,190.6457260678158,191.2681427001953,37149600,2023,12,51,Friday,191.9498,192.3351287841797,-0.55,0.26,-0.88,-0.55,0.88,0,0.0,190.4118,188.4884,186.5651,184.6417,182.7184,180.795,178.8717,176.9483,175.025,173.1016,171.1783,169.2549,167.3316,165.4082,163.4849,161.5615,159.6382,157.7148,155.7915,153.8681,151.9448,150.0214,148.098,146.1747,144.2513,False,False,False,False,False,False,False,False,False,False,False,False,False,False,False,False,False,False,False,False,False,False,False,False,False
AAPL,2023-12-26,191.2780297879531,191.55465607108985,190.50742584564344,190.7247772216797,28919300,2023,12,52,Tuesday,191.0162,191.2681427001953,-0.28,0.01,-0.4,-0.28,0.4,0,0.0,189.3555,187.4428,185.5301,183.6174,181.7047,179.7921,177.8794,175.9667,174.054,172.1413,170.2286,168.316,166.4033,164.4906,162.5779,160.6652,158.7526,156.8399,154.9272,153.0145,151.1018,149.1892,147.2765,145.3638,143.4511,False,False,False,False,False,False,False,False,False,False,False,False,False,False,False,False,False,False,False,False,False,False,False,False,False
AAPL,2023-12-27,190.1715235726757,191.16935301152336,188.7883770898652,190.8235626220703,48087700,2023,12,52,Wednesday,190.2382,190.7247772216797,0.05,-0.29,-1.02,0.05,1.02,1,188.8175,188.8175,186.9103,185.003,183.0958,181.1885,179.2813,177.374,175.4668,173.5595,171.6523,169.7451,167.8378,165.9306,164.0233,162.1161,160.2088,158.3016,156.3943,154.4871,152.5798,150.6726,148.7653,146.8581,144.9508,143.0436,True,False,False,False,False,False,False,False,False,False,False,False,False,False,False,False,False,False,False,False,False,False,False,False,False
AAPL,2023-12-28,191.8016351063812,192.31537606668743,190.84331729052167,191.2483825683593,34049900,2023,12,52,Thursday,191.5522,190.8235626220703,0.22,0.51,0.01,0.22,-0.01,0,0.0,188.9153,187.0071,185.0989,183.1906,181.2824,179.3741,177.4659,175.5577,173.6494,171.7412,169.833,167.9247,166.0165,164.1083,162.2,160.2918,158.3836,156.4753,154.5671,152.6589,150.7506,148.8424,146.9341,145.0259,143.1177,False,False,False,False,False,False,False,False,False,False,False,False,False,False,False,False,False,False,False,False,False,False,False,False,False
AAPL,2023-12-29,191.56452296375952,192.0585006042798,189.4206618129017,190.2110290527344,42672100,2023,12,52,Friday,190.8137,191.2483825683593,-0.54,0.17,-0.96,-0.54,0.96,0,0.0,189.3359,187.4234,185.5109,183.5984,181.686,179.7735,177.861,175.9485,174.036,172.1235,170.2111,168.2986,166.3861,164.4736,162.5611,160.6486,158.7362,156.8237,154.9112,152.9987,151.0862,149.1737,147.2613,145.3488,143.4363,False,False,False,False,False,False,False,False,False,False,False,False,False,False,False,False,False,False,False,False,False,False,False,False,False
