Symbol,Date,Open,High,Low,Close,Volume,Year,Month,Week,Weekday,avg_daily_price,Previous_Close,Daily_Gain_Loss_Pct,Open_vs_PrevClose_Pct,Low_vs_PrevClose_Pct,Close_vs_PrevClose_Pct,mx_percent_decline,Shares_Purchased,Total_Value_Purchased,BOD99-1,BOD98-2,BOD97-3,BOD96-4,BOD95-5,BOD94-6,BOD93-7,BOD92-8,BOD91-9,BOD90-10,BOD89-11,BOD88-12,BOD87-13,BOD86-14,BOD85-15,BOD84-16,BOD83-17,BOD82-18,BOD81-19,BOD80-20,BOD79-21,BOD78-22,BOD77-23,BOD76-24,BOD75-25,BOD99-1_Executed,BOD98-2_Executed,BOD97-3_Executed,BOD96-4_Executed,BOD95-5_Executed,BOD94-6_Executed,BOD93-7_Executed,BOD92-8_Executed,BOD91-9_Executed,BOD90-10_Executed,BOD89-11_Executed,BOD88-12_Executed,BOD87-13_Executed,BOD86-14_Executed,BOD85-15_Executed,BOD84-16_Executed,BOD83-17_Executed,BOD82-18_Executed,BOD81-19_Executed,BOD80-20_Executed,BOD79-21_Executed,BOD78-22_Executed,BOD77-23_Executed,BOD76-24_Executed,BOD75-25_Executed
OEF,2017-01-03,86.62205825318769,86.95148985545637,86.30996863736993,86.7694320678711,777500,2017,1,1,Tuesday,86.6632,86.08457946777344,0.8,0.62,0.26,0.8,-0.26,0,0.0,85.2237,84.3629,83.502,82.6412,81.7804,80.9195,80.0587,79.1978,78.337,77.4761,76.6153,75.7544,74.8936,74.0327,73.1719,72.311,71.4502,70.5894,69.7285,68.8677,68.0068,67.146,66.2851,65.4243,64.5634,False,False,False,False,False,False,False,False,False,False,False,False,False,False,False,False,False,False,False,False,False,False,False,False,False
OEF,2017-01-04,86.96880439400219,87.2028682427792,86.89078531575264,87.09017181396484,268200,2017,1,1,Wednesday,87.0382,86.7694320678711,0.37,0.23,0.14,0.37,-0.14,0,0.0,85.9017,85.034,84.1663,83.2987,82.431,81.5633,80.6956,79.8279,78.9602,78.0925,77.2248,76.3571,75.4894,74.6217,73.754,72.8863,72.0186,71.1509,70.2832,69.4155,68.5479,67.6802,66.8125,65.9448,65.0771,False,False,False,False,False,False,False,False,False,False,False,False,False,False,False,False,False,False,False,False,False,False,False,False,False
OEF,2017-01-05,87.00349523212103,87.20288176124276,86.81277308146242,87.12486267089844,414900,2017,1,1,Thursday,87.036,87.09017181396484,0.04,-0.1,-0.32,0.04,0.32,0,0.0,86.2193,85.3484,84.4775,83.6066,82.7357,81.8648,80.9939,80.123,79.2521,78.3812,77.5103,76.6394,75.7684,74.8975,74.0266,73.1557,72.2848,71.4139,70.543,69.6721,68.8012,67.9303,67.0594,66.1885,65.3176,False,False,False,False,False,False,False,False,False,False,False,False,False,False,False,False,False,False,False,False,False,False,False,False,False
OEF,2017-01-06,87.18554392100869,87.71436200957417,86.98615078350483,87.51496887207031,351000,2017,1,1,Friday,87.3503,87.12486267089844,0.45,0.07,-0.16,0.45,0.16,0,0.0,86.2536,85.3824,84.5111,83.6399,82.7686,81.8974,81.0261,80.1549,79.2836,78.4124,77.5411,76.6699,75.7986,74.9274,74.0561,73.1849,72.3136,71.4424,70.5711,69.6999,68.8286,67.9574,67.0861,66.2149,65.3436,False,False,False,False,False,False,False,False,False,False,False,False,False,False,False,False,False,False,False,False,False,False,False,False,False
OEF,2017-01-09,87.42827107914762,87.50629677442836,87.3069036545141,87.3155746459961,200800,2017,1,2,Monday,87.3893,87.51496887207031,-0.23,-0.1,-0.24,-0.23,0.24,0,0.0,86.6398,85.7647,84.8895,84.0144,83.1392,82.2641,81.3889,80.5138,79.6386,78.7635,77.8883,77.0132,76.138,75.2629,74.3877,73.5126,72.6374,71.7623,70.8871,70.012,69.1368,68.2617,67.3865,66.5114,65.6362,False,False,False,False,False,False,False,False,False,False,False,False,False,False,False,False,False,False,False,False,False,False,False,False,False
OEF,2017-01-10,87.3329076435059,87.63632619685072,87.09017280083005,87.21154022216797,528200,2017,1,2,Tuesday,87.3177,87.3155746459961,-0.12,0.02,-0.26,-0.12,0.26,0,0.0,86.4424,85.5693,84.6961,83.823,82.9498,82.0766,81.2035,80.3303,79.4572,78.584,77.7109,76.8377,75.9645,75.0914,74.2182,73.3451,72.4719,71.5988,70.7256,69.8525,68.9793,68.1061,67.233,66.3598,65.4867,False,False,False,False,False,False,False,False,False,False,False,False,False,False,False,False,False,False,False,False,False,False,False,False,False
OEF,2017-01-11,87.2028765688337,87.44561804596408,86.86478063608116,87.42827606201172,276500,2017,1,2,Wednesday,87.2354,87.21154022216797,0.25,-0.01,-0.4,0.25,0.4,0,0.0,86.3394,85.4673,84.5952,83.7231,82.851,81.9788,81.1067,80.2346,79.3625,78.4904,77.6183,76.7462,75.874,75.0019,74.1298,73.2577,72.3856,71.5135,70.6413,69.7692,68.8971,68.025,67.1529,66.2808,65.4087,False,False,False,False,False,False,False,False,False,False,False,False,False,False,False,False,False,False,False,False,False,False,False,False,False
OEF,2017-01-12,87.25488905770685,87.31557276871891,86.69139367600711,87.27222442626953,236600,2017,1,2,Thursday,87.1335,87.42827606201172,-0.18,-0.2,-0.84,-0.18,0.84,0,0.0,86.554,85.6797,84.8054,83.9311,83.0569,82.1826,81.3083,80.434,79.5597,78.6854,77.8112,76.9369,76.0626,75.1883,74.314,73.4398,72.5655,71.6912,70.8169,69.9426,69.0683,68.1941,67.3198,66.4455,65.5712,False,False,False,False,False,False,False,False,False,False,False,False,False,False,False,False,False,False,False,False,False,False,False,False,False
OEF,2017-01-13,87.29821652909152,87.58429966886774,87.28955215323943,87.3935775756836,474600,2017,1,2,Friday,87.3914,87.27222442626953,0.14,0.03,0.02,0.14,-0.02,0,0.0,86.3995,85.5268,84.6541,83.7813,82.9086,82.0359,81.1632,80.2904,79.4177,78.545,77.6723,76.7996,75.9268,75.0541,74.1814,73.3087,72.4359,71.5632,70.6905,69.8178,68.9451,68.0723,67.1996,66.3269,65.4542,False,False,False,False,False,False,False,False,False,False,False,False,False,False,False,False,False,False,False,False,False,False,False,False,False
OEF,2017-01-17,87.12485642684214,87.22021749533711,86.89945693639685,87.1075210571289,191000,2017,1,3,Tuesday,87.088,87.3935775756836,-0.33,-0.31,-0.57,-0.33,0.57,0,0.0,86.5196,85.6457,84.7718,83.8978,83.0239,82.15,81.276,80.4021,79.5282,78.6542,77.7803,76.9063,76.0324,75.1585,74.2845,73.4106,72.5367,71.6627,70.7888,69.9149,69.0409,68.167,67.2931,66.4191,65.5452,False,False,False,False,False,False,False,False,False,False,False,False,False,False,False,False,False,False,False,False,False,False,False,False,False
OEF,2017-01-18,87.15087351802643,87.23756360532322,86.97749334343285,87.1768798828125,255200,2017,1,3,Wednesday,87.1357,87.1075210571289,0.08,0.05,-0.15,0.08,0.15,0,0.0,86.2364,85.3654,84.4943,83.6232,82.7521,81.8811,81.01,80.1389,79.2678,78.3968,77.5257,76.6546,75.7835,74.9125,74.0414,73.1703,72.2992,71.4282,70.5571,69.686,68.8149,67.9439,67.0728,66.2017,65.3306,False,False,False,False,False,False,False,False,False,False,False,False,False,False,False,False,False,False,False,False,False,False,False,False,False
OEF,2017-01-19,87.19424242453768,87.22024879545468,86.69143054003796,86.87348175048828,644000,2017,1,3,Thursday,86.9949,87.1768798828125,-0.35,0.02,-0.56,-0.35,0.56,0,0.0,86.3051,85.4333,84.5616,83.6898,82.818,81.9463,81.0745,80.2027,79.331,78.4592,77.5874,76.7157,75.8439,74.9721,74.1003,73.2286,72.3568,71.485,70.6133,69.7415,68.8697,67.998,67.1262,66.2544,65.3827,False,False,False,False,False,False,False,False,False,False,False,False,False,False,False,False,False,False,False,False,False,False,False,False,False
OEF,2017-01-20,87.16821464986536,87.35893019443786,86.91680876934707,87.13353729248047,365200,2017,1,3,Friday,87.1444,86.87348175048828,0.3,0.34,0.05,0.3,-0.05,0,0.0,86.0047,85.136,84.2673,83.3985,82.5298,81.6611,80.7923,79.9236,79.0549,78.1861,77.3174,76.4487,75.5799,74.7112,73.8425,72.9737,72.105,71.2363,70.3675,69.4988,68.6301,67.7613,66.8926,66.0238,65.1551,False,False,False,False,False,False,False,False,False,False,False,False,False,False,False,False,False,False,False,False,False,False,False,False,False
OEF,2017-01-23,87.0295135467835,87.13354562889137,86.59605645904615,86.89947509765625,1063100,2017,1,4,Monday,86.9146,87.13353729248047,-0.27,-0.12,-0.62,-0.27,0.62,0,0.0,86.2622,85.3909,84.5195,83.6482,82.7769,81.9055,81.0342,80.1629,79.2915,78.4202,77.5488,76.6775,75.8062,74.9348,74.0635,73.1922,72.3208,71.4495,70.5782,69.7068,68.8355,67.9642,67.0928,66.2215,65.3502,False,False,False,False,False,False,False,False,False,False,False,False,False,False,False,False,False,False,False,False,False,False,False,False,False
OEF,2017-01-24,86.88211181950243,87.47161353405014,86.77807977080761,87.28089141845703,834800,2017,1,4,Tuesday,87.1032,86.89947509765625,0.44,-0.02,-0.14,0.44,0.14,0,0.0,86.0305,85.1615,84.2925,83.4235,82.5545,81.6855,80.8165,79.9475,79.0785,78.2095,77.3405,76.4715,75.6025,74.7335,73.8646,72.9956,72.1266,71.2576,70.3886,69.5196,68.6506,67.7816,66.9126,66.0436,65.1746,False,False,False,False,False,False,False,False,False,False,False,False,False,False,False,False,False,False,False,False,False,False,False,False,False
OEF,2017-01-25,87.671013554179,88.0611288364584,87.58432347390442,88.00910949707031,703300,2017,1,4,Wednesday,87.8314,87.28089141845703,0.83,0.45,0.35,0.83,-0.35,0,0.0,86.4081,85.5353,84.6625,83.7897,82.9168,82.044,81.1712,80.2984,79.4256,78.5528,77.68,76.8072,75.9344,75.0616,74.1888,73.3159,72.4431,71.5703,70.6975,69.8247,68.9519,68.0791,67.2063,66.3335,65.4607,False,False,False,False,False,False,False,False,False,False,False,False,False,False,False,False,False,False,False,False,False,False,False,False,False
OEF,2017-01-26,87.9744387561838,88.07846420690164,87.90508404635247,88.00910949707031,296300,2017,1,4,Thursday,87.9918,88.00910949707031,0.0,-0.04,-0.12,0.0,0.12,0,0.0,87.129,86.2489,85.3688,84.4887,83.6087,82.7286,81.8485,80.9684,80.0883,79.2082,78.3281,77.448,76.5679,75.6878,74.8077,73.9277,73.0476,72.1675,71.2874,70.4073,69.5272,68.6471,67.767,66.8869,66.0068,False,False,False,False,False,False,False,False,False,False,False,False,False,False,False,False,False,False,False,False,False,False,False,False,False
OEF,2017-01-27,88.06978108319201,88.07845207423381,87.86172359638677,87.95708465576172,217200,2017,1,4,Friday,87.9918,88.00910949707031,-0.06,0.07,-0.17,-0.06,0.17,0,0.0,87.129,86.2489,85.3688,84.4887,83.6087,82.7286,81.8485,80.9684,80.0883,79.2082,78.3281,77.448,76.5679,75.6878,74.8077,73.9277,73.0476,72.1675,71.2874,70.4073,69.5272,68.6471,67.767,66.8869,66.0068,False,False,False,False,False,False,False,False,False,False,False,False,False,False,False,False,False,False,False,False,False,False,False,False,False
OEF,2017-01-30,87.66231820637918,87.67965357069814,87.03813926646718,87.45425415039062,346900,2017,1,5,Monday,87.4586,87.95708465576172,-0.57,-0.34,-1.04,-0.57,1.04,1,87.0775,87.0775,86.1979,85.3184,84.4388,83.5592,82.6797,81.8001,80.9205,80.0409,79.1614,78.2818,77.4022,76.5227,75.6431,74.7635,73.884,73.0044,72.1248,71.2452,70.3657,69.4861,68.6065,67.727,66.8474,65.9678,True,False,False,False,False,False,False,False,False,False,False,False,False,False,False,False,False,False,False,False,False,False,False,False,False
OEF,2017-01-31,87.09019389839861,87.26358069519026,86.85612999026739,87.2462387084961,743200,2017,1,5,Tuesday,87.114,87.45425415039062,-0.24,-0.42,-0.68,-0.24,0.68,0,0.0,86.5797,85.7052,84.8306,83.9561,83.0815,82.207,81.3325,80.4579,79.5834,78.7088,77.8343,76.9597,76.0852,75.2107,74.3361,73.4616,72.587,71.7125,70.8379,69.9634,69.0889,68.2143,67.3398,66.4652,65.5907,False,False,False,False,False,False,False,False,False,False,False,False,False,False,False,False,False,False,False,False,False,False,False,False,False
OEF,2017-02-01,87.67968330689753,87.72303165343659,87.21154894319771,87.41094207763672,508400,2017,2,5,Wednesday,87.5063,87.2462387084961,0.19,0.5,-0.04,0.19,0.04,0,0.0,86.3738,85.5013,84.6289,83.7564,82.8839,82.0115,81.139,80.2665,79.3941,78.5216,77.6492,76.7767,75.9042,75.0318,74.1593,73.2868,72.4144,71.5419,70.6695,69.797,68.9245,68.0521,67.1796,66.3071,65.4347,False,False,False,False,False,False,False,False,False,False,False,False,False,False,False,False,False,False,False,False,False,False,False,False,False
OEF,2017-02-02,87.32423900021888,87.52362549094977,87.14218126307767,87.43693542480469,463100,2017,2,5,Thursday,87.3567,87.41094207763672,0.03,-0.1,-0.31,0.03,0.31,0,0.0,86.5368,85.6627,84.7886,83.9145,83.0404,82.1663,81.2922,80.4181,79.544,78.6698,77.7957,76.9216,76.0475,75.1734,74.2993,73.4252,72.5511,71.677,70.8029,69.9288,69.0546,68.1805,67.3064,66.4323,65.5582,False,False,False,False,False,False,False,False,False,False,False,False,False,False,False,False,False,False,False,False,False,False,False,False,False
OEF,2017-02-03,87.78369703767852,88.12179290518324,87.71434234331149,88.03510284423828,289400,2017,2,5,Friday,87.9137,87.43693542480469,0.68,0.4,0.32,0.68,-0.32,0,0.0,86.5626,85.6882,84.8138,83.9395,83.0651,82.1907,81.3163,80.442,79.5676,78.6932,77.8189,76.9445,76.0701,75.1958,74.3214,73.447,72.5727,71.6983,70.8239,69.9495,69.0752,68.2008,67.3264,66.4521,65.5777,False,False,False,False,False,False,False,False,False,False,False,False,False,False,False,False,False,False,False,False,False,False,False,False,False
OEF,2017-02-06,87.92241456240978,88.05245298265655,87.81838911743542,87.97443389892578,162200,2017,2,6,Monday,87.9419,88.03510284423828,-0.07,-0.13,-0.25,-0.07,0.25,0,0.0,87.1548,86.2744,85.394,84.5137,83.6333,82.753,81.8726,80.9923,80.1119,79.2316,78.3512,77.4709,76.5905,75.7102,74.8298,73.9495,73.0691,72.1888,71.3084,70.4281,69.5477,68.6674,67.787,66.9067,66.0263,False,False,False,False,False,False,False,False,False,False,False,False,False,False,False,False,False,False,False,False,False,False,False,False,False
OEF,2017-02-07,88.1478279481838,88.23451803734048,87.92242842515256,87.99178314208984,232400,2017,2,6,Tuesday,88.0741,87.97443389892578,0.02,0.2,-0.06,0.02,0.06,0,0.0,87.0947,86.2149,85.3352,84.4555,83.5757,82.696,81.8162,80.9365,80.0567,79.177,78.2972,77.4175,76.5378,75.658,74.7783,73.8985,73.0188,72.139,71.2593,70.3795,69.4998,68.6201,67.7403,66.8606,65.9808,False,False,False,False,False,False,False,False,False,False,False,False,False,False,False,False,False,False,False,False,False,False,False,False,False
OEF,2017-02-08,87.99177412662706,88.0611288364584,87.74903925624655,88.00910949707031,223600,2017,2,6,Wednesday,87.9528,87.99178314208984,0.02,-0.0,-0.28,0.02,0.28,0,0.0,87.1119,86.2319,85.352,84.4721,83.5922,82.7123,81.8324,80.9524,80.0725,79.1926,78.3127,77.4328,76.5529,75.6729,74.793,73.9131,73.0332,72.1533,71.2733,70.3934,69.5135,68.6336,67.7537,66.8738,65.9938,False,False,False,False,False,False,False,False,False,False,False,False,False,False,False,False,False,False,False,False,False,False,False,False,False
OEF,2017-02-09,88.13915456452004,88.61595996299448,88.12181919277081,88.45991516113281,1005500,2017,2,6,Thursday,88.3342,88.00910949707031,0.51,0.15,0.13,0.51,-0.13,0,0.0,87.129,86.2489,85.3688,84.4887,83.6087,82.7286,81.8485,80.9684,80.0883,79.2082,78.3281,77.448,76.5679,75.6878,74.8077,73.9277,73.0476,72.1675,71.2874,70.4073,69.5272,68.6471,67.767,66.8869,66.0068,False,False,False,False,False,False,False,False,False,False,False,False,False,False,False,False,False,False,False,False,False,False,False,False,False
OEF,2017-02-10,88.65061650054365,88.90202232305646,88.52924908471375,88.78065490722656,860400,2017,2,6,Friday,88.7156,88.45991516113281,0.36,0.22,0.08,0.36,-0.08,0,0.0,87.5753,86.6907,85.8061,84.9215,84.0369,83.1523,82.2677,81.3831,80.4985,79.6139,78.7293,77.8447,76.9601,76.0755,75.1909,74.3063,73.4217,72.5371,71.6525,70.7679,69.8833,68.9987,68.1141,67.2295,66.3449,False,False,False,False,False,False,False,False,False,False,False,False,False,False,False,False,False,False,False,False,False,False,False,False,False
OEF,2017-02-13,88.9973842123075,89.43084116261713,88.9973842123075,89.3181381225586,567400,2017,2,7,Monday,89.1859,88.78065490722656,0.61,0.24,0.24,0.61,-0.24,0,0.0,87.8928,87.005,86.1172,85.2294,84.3416,83.4538,82.566,81.6782,80.7904,79.9026,79.0148,78.127,77.2392,76.3514,75.4636,74.5758,73.6879,72.8001,71.9123,71.0245,70.1367,69.2489,68.3611,67.4733,66.5855,False,False,False,False,False,False,False,False,False,False,False,False,False,False,False,False,False,False,False,False,False,False,False,False,False
OEF,2017-02-14,89.21414296822103,89.81230926513672,89.16212361898849,89.81230926513672,375500,2017,2,7,Tuesday,89.5002,89.3181381225586,0.55,-0.12,-0.17,0.55,0.17,0,0.0,88.425,87.5318,86.6386,85.7454,84.8522,83.959,83.0659,82.1727,81.2795,80.3863,79.4931,78.6,77.7068,76.8136,75.9204,75.0272,74.1341,73.2409,72.3477,71.4545,70.5613,69.6681,68.775,67.8818,66.9886,False,False,False,False,False,False,False,False,False,False,False,False,False,False,False,False,False,False,False,False,False,False,False,False,False
OEF,2017-02-15,89.74291606872067,90.35843070354538,89.73425169258842,90.3237533569336,441200,2017,2,7,Wednesday,90.0398,89.81230926513672,0.57,-0.08,-0.09,0.57,0.09,0,0.0,88.9142,88.0161,87.1179,86.2198,85.3217,84.4236,83.5254,82.6273,81.7292,80.8311,79.933,79.0348,78.1367,77.2386,76.3405,75.4423,74.5442,73.6461,72.748,71.8498,70.9517,70.0536,69.1555,68.2574,67.3592,False,False,False,False,False,False,False,False,False,False,False,False,False,False,False,False,False,False,False,False,False,False,False,False,False
OEF,2017-02-16,90.28911051593349,90.38447160205294,89.98569188465794,90.31511688232422,496800,2017,2,7,Thursday,90.2436,90.3237533569336,-0.01,-0.04,-0.37,-0.01,0.37,0,0.0,89.4205,88.5173,87.614,86.7108,85.8076,84.9043,84.0011,83.0979,82.1946,81.2914,80.3881,79.4849,78.5817,77.6784,76.7752,75.872,74.9687,74.0655,73.1622,72.259,71.3558,70.4525,69.5493,68.6461,67.7428,False,False,False,False,False,False,False,False,False,False,False,False,False,False,False,False,False,False,False,False,False,False,False,False,False
OEF,2017-02-17,90.05502973101397,90.42780303955078,90.03769436007175,90.42780303955078,544100,2017,2,7,Friday,90.2371,90.31511688232422,0.12,-0.29,-0.31,0.12,0.31,0,0.0,89.412,88.5088,87.6057,86.7025,85.7994,84.8962,83.9931,83.0899,82.1868,81.2836,80.3805,79.4773,78.5742,77.671,76.7678,75.8647,74.9615,74.0584,73.1552,72.2521,71.3489,70.4458,69.5426,68.6395,67.7363,False,False,False,False,False,False,False,False,False,False,False,False,False,False,False,False,False,False,False,False,False,False,False,False,False
OEF,2017-02-21,90.61853091809569,91.0259816083014,90.59252455302378,90.95662689208984,530100,2017,2,8,Tuesday,90.7984,90.42780303955078,0.58,0.21,0.18,0.58,-0.18,0,0.0,89.5235,88.6192,87.715,86.8107,85.9064,85.0021,84.0979,83.1936,82.2893,81.385,80.4807,79.5765,78.6722,77.7679,76.8636,75.9594,75.0551,74.1508,73.2465,72.3422,71.438,70.5337,69.6294,68.7251,67.8209,False,False,False,False,False,False,False,False,False,False,False,False,False,False,False,False,False,False,False,False,False,False,False,False,False
OEF,2017-02-22,90.72253030890413,91.04328418127638,90.72253030890413,90.93058776855467,329200,2017,2,8,Wednesday,90.8547,90.95662689208984,-0.03,-0.26,-0.26,-0.03,0.26,0,0.0,90.0471,89.1375,88.2279,87.3184,86.4088,85.4992,84.5897,83.6801,82.7705,81.861,80.9514,80.0418,79.1323,78.2227,77.3131,76.4036,75.494,74.5844,73.6749,72.7653,71.8557,70.9462,70.0366,69.127,68.2175,False,False,False,False,False,False,False,False,False,False,False,False,False,False,False,False,False,False,False,False,False,False,False,False,False
OEF,2017-02-23,91.18201083530252,91.23402355656052,90.80923756688686,91.17333984375,428500,2017,2,8,Thursday,91.0997,90.93058776855467,0.27,0.28,-0.13,0.27,0.13,0,0.0,90.0213,89.112,88.2027,87.2934,86.3841,85.4748,84.5654,83.6561,82.7468,81.8375,80.9282,80.0189,79.1096,78.2003,77.291,76.3817,75.4724,74.5631,73.6538,72.7445,71.8352,70.9259,70.0166,69.1072,68.1979,False,False,False,False,False,False,False,False,False,False,False,False,False,False,False,False,False,False,False,False,False,False,False,False,False
OEF,2017-02-24,90.78323530682502,91.2426986694336,90.74855795307715,91.2426986694336,397800,2017,2,8,Friday,91.0043,91.17333984375,0.08,-0.43,-0.47,0.08,0.47,0,0.0,90.2616,89.3499,88.4381,87.5264,86.6147,85.7029,84.7912,83.8795,82.9677,82.056,81.1443,80.2325,79.3208,78.4091,77.4973,76.5856,75.6739,74.7621,73.8504,72.9387,72.0269,71.1152,70.2035,69.2917,68.38,False,False,False,False,False,False,False,False,False,False,False,False,False,False,False,False,False,False,False,False,False,False,False,False,False
OEF,2017-02-27,91.13864062340896,91.38138203043536,91.06929254971416,91.29468536376952,401500,2017,2,9,Monday,91.221,91.2426986694336,0.06,-0.11,-0.19,0.06,0.19,0,0.0,90.3303,89.4178,88.5054,87.593,86.6806,85.7681,84.8557,83.9433,83.0309,82.1184,81.206,80.2936,79.3811,78.4687,77.5563,76.6439,75.7314,74.819,73.9066,72.9942,72.0817,71.1693,70.2569,69.3445,68.432,False,False,False,False,False,False,False,False,False,False,False,False,False,False,False,False,False,False,False,False,False,False,False,False,False
OEF,2017-02-28,91.18200058929646,91.28603263415113,90.94793675590836,91.16466522216795,505800,2017,2,9,Tuesday,91.1452,91.29468536376952,-0.14,-0.12,-0.38,-0.14,0.38,0,0.0,90.3817,89.4688,88.5558,87.6429,86.73,85.817,84.9041,83.9911,83.0782,82.1652,81.2523,80.3393,79.4264,78.5134,77.6005,76.6875,75.7746,74.8616,73.9487,73.0357,72.1228,71.2099,70.2969,69.384,68.471,False,False,False,False,False,False,False,False,False,False,False,False,False,False,False,False,False,False,False,False,False,False,False,False,False
OEF,2017-03-01,91.8408723540302,92.62976066399096,91.8408723540302,92.4303741455078,667500,2017,3,9,Wednesday,92.1855,91.16466522216795,1.39,0.74,0.74,1.39,-0.74,0,0.0,90.253,89.3414,88.4297,87.5181,86.6064,85.6948,84.7831,83.8715,82.9598,82.0482,81.1366,80.2249,79.3133,78.4016,77.49,76.5783,75.6667,74.755,73.8434,72.9317,72.0201,71.1084,70.1968,69.2851,68.3735,False,False,False,False,False,False,False,False,False,False,False,False,False,False,False,False,False,False,False,False,False,False,False,False,False
OEF,2017-03-02,92.3610127347287,92.3610127347287,91.92755576109886,91.97956848144533,378100,2017,3,9,Thursday,92.1573,92.4303741455078,-0.49,-0.08,-0.54,-0.49,0.54,0,0.0,91.5061,90.5818,89.6575,88.7332,87.8089,86.8846,85.9602,85.0359,84.1116,83.1873,82.263,81.3387,80.4144,79.4901,78.5658,77.6415,76.7172,75.7929,74.8686,73.9443,73.02,72.0957,71.1714,70.2471,69.3228,False,False,False,False,False,False,False,False,False,False,False,False,False,False,False,False,False,False,False,False,False,False,False,False,False
OEF,2017-03-03,91.9448813872026,92.0922617692817,91.78883662866954,92.03157806396484,678200,2017,3,9,Friday,91.9644,91.97956848144533,0.06,-0.04,-0.21,0.06,0.21,0,0.0,91.0598,90.14,89.2202,88.3004,87.3806,86.4608,85.541,84.6212,83.7014,82.7816,81.8618,80.942,80.0222,79.1024,78.1826,77.2628,76.343,75.4232,74.5035,73.5837,72.6639,71.7441,70.8243,69.9045,68.9847,False,False,False,False,False,False,False,False,False,False,False,False,False,False,False,False,False,False,False,False,False,False,False,False,False
OEF,2017-03-06,91.7195255192831,91.95358944442056,91.53746771591668,91.83222198486328,346700,2017,3,10,Monday,91.7607,92.03157806396484,-0.22,-0.34,-0.54,-0.22,0.54,0,0.0,91.1113,90.1909,89.2706,88.3503,87.43,86.5097,85.5894,84.6691,83.7487,82.8284,81.9081,80.9878,80.0675,79.1472,78.2268,77.3065,76.3862,75.4659,74.5456,73.6253,72.7049,71.7846,70.8643,69.944,69.0237,False,False,False,False,False,False,False,False,False,False,False,False,False,False,False,False,False,False,False,False,False,False,False,False,False
OEF,2017-03-07,91.62414726505024,91.83220478331464,91.5201151989034,91.58946990966795,295600,2017,3,10,Tuesday,91.6415,91.83222198486328,-0.26,-0.23,-0.34,-0.26,0.34,0,0.0,90.9139,89.9956,89.0773,88.1589,87.2406,86.3223,85.404,84.4856,83.5673,82.649,81.7307,80.8124,79.894,78.9757,78.0574,77.1391,76.2207,75.3024,74.3841,73.4658,72.5475,71.6291,70.7108,69.7925,68.8742,False,False,False,False,False,False,False,False,False,False,False,False,False,False,False,False,False,False,False,False,False,False,False,False,False
OEF,2017-03-08,91.7281739919686,91.8408770520346,91.44209738064023,91.49411010742188,357500,2017,3,10,Wednesday,91.6263,91.58946990966795,-0.1,0.15,-0.16,-0.1,0.16,0,0.0,90.6736,89.7577,88.8418,87.9259,87.01,86.0941,85.1782,84.2623,83.3464,82.4305,81.5146,80.5987,79.6828,78.7669,77.851,76.9352,76.0193,75.1034,74.1875,73.2716,72.3557,71.4398,70.5239,69.608,68.6921,False,False,False,False,False,False,False,False,False,False,False,False,False,False,False,False,False,False,False,False,False,False,False,False,False
OEF,2017-03-09,91.56344964990068,91.7541651545141,91.27736647193817,91.6934814453125,411700,2017,3,10,Thursday,91.5721,91.49411010742188,0.22,0.08,-0.24,0.22,0.24,0,0.0,90.5792,89.6642,88.7493,87.8343,86.9194,86.0045,85.0895,84.1746,83.2596,82.3447,81.4298,80.5148,79.5999,78.6849,77.77,76.8551,75.9401,75.0252,74.1102,73.1953,72.2803,71.3654,70.4505,69.5355,68.6206,False,False,False,False,False,False,False,False,False,False,False,False,False,False,False,False,False,False,False,False,False,False,False,False,False
OEF,2017-03-10,92.10096021412994,92.10096021412994,91.61549039201842,91.9622573852539,337600,2017,3,10,Friday,91.9449,91.6934814453125,0.29,0.44,-0.09,0.29,0.09,0,0.0,90.7765,89.8596,88.9427,88.0257,87.1088,86.1919,85.2749,84.358,83.4411,82.5241,81.6072,80.6903,79.7733,78.8564,77.9395,77.0225,76.1056,75.1887,74.2717,73.3548,72.4379,71.5209,70.604,69.687,68.7701,False,False,False,False,False,False,False,False,False,False,False,False,False,False,False,False,False,False,False,False,False,False,False,False,False
OEF,2017-03-13,91.91022630131042,91.99692299907186,91.76285249756305,91.89289093017578,330400,2017,3,11,Monday,91.8907,91.9622573852539,-0.08,-0.06,-0.22,-0.08,0.22,0,0.0,91.0426,90.123,89.2034,88.2838,87.3641,86.4445,85.5249,84.6053,83.6857,82.766,81.8464,80.9268,80.0072,79.0875,78.1679,77.2483,76.3287,75.4091,74.4894,73.5698,72.6502,71.7306,70.8109,69.8913,68.9717,False,False,False,False,False,False,False,False,False,False,False,False,False,False,False,False,False,False,False,False,False,False,False,False,False
OEF,2017-03-14,91.69346931528791,91.75415301646176,91.41605716506083,91.6414566040039,1139400,2017,3,11,Tuesday,91.6263,91.89289093017578,-0.27,-0.22,-0.52,-0.27,0.52,0,0.0,90.974,90.055,89.1361,88.2172,87.2982,86.3793,85.4604,84.5415,83.6225,82.7036,81.7847,80.8657,79.9468,79.0279,78.109,77.19,76.2711,75.3522,74.4332,73.5143,72.5954,71.6765,70.7575,69.8386,68.9197,False,False,False,False,False,False,False,False,False,False,False,False,False,False,False,False,False,False,False,False,False,False,False,False,False
OEF,2017-03-15,91.82353114620402,92.43903930494534,91.75417643743708,92.27433013916016,702900,2017,3,11,Wednesday,92.0728,91.6414566040039,0.69,0.2,0.12,0.69,-0.12,0,0.0,90.725,89.8086,88.8922,87.9758,87.0594,86.143,85.2266,84.3101,83.3937,82.4773,81.5609,80.6445,79.7281,78.8117,77.8952,76.9788,76.0624,75.146,74.2296,73.3132,72.3968,71.4803,70.5639,69.6475,68.7311,False,False,False,False,False,False,False,False,False,False,False,False,False,False,False,False,False,False,False,False,False,False,False,False,False
OEF,2017-03-16,92.40433889346193,92.42168087334096,92.02290131847964,92.19628143310548,353800,2017,3,11,Thursday,92.2613,92.27433013916016,-0.08,0.14,-0.27,-0.08,0.27,0,0.0,91.3516,90.4288,89.5061,88.5834,87.6606,86.7379,85.8151,84.8924,83.9696,83.0469,82.1242,81.2014,80.2787,79.3559,78.4332,77.5104,76.5877,75.665,74.7422,73.8195,72.8967,71.974,71.0512,70.1285,69.2057,False,False,False,False,False,False,False,False,False,False,False,False,False,False,False,False,False,False,False,False,False,False,False,False,False
OEF,2017-03-17,92.33503074552677,92.33503074552677,91.94491539787548,91.9622573852539,537500,2017,3,11,Friday,92.1443,92.19628143310548,-0.25,0.15,-0.27,-0.25,0.27,0,0.0,91.2743,90.3524,89.4304,88.5084,87.5865,86.6645,85.7425,84.8206,83.8986,82.9767,82.0547,81.1327,80.2108,79.2888,78.3668,77.4449,76.5229,75.601,74.679,73.757,72.8351,71.9131,70.9911,70.0692,69.1472,False,False,False,False,False,False,False,False,False,False,False,False,False,False,False,False,False,False,False,False,False,False,False,False,False
OEF,2017-03-20,91.95358944442056,92.06628591000074,91.69351253735184,91.83222198486328,324600,2017,3,12,Monday,91.8864,91.9622573852539,-0.14,-0.01,-0.29,-0.14,0.29,0,0.0,91.0426,90.123,89.2034,88.2838,87.3641,86.4445,85.5249,84.6053,83.6857,82.766,81.8464,80.9268,80.0072,79.0875,78.1679,77.2483,76.3287,75.4091,74.4894,73.5698,72.6502,71.7306,70.8109,69.8913,68.9717,False,False,False,False,False,False,False,False,False,False,False,False,False,False,False,False,False,False,False,False,False,False,False,False,False
OEF,2017-03-21,92.06625858184762,92.17029063660122,90.69653957141529,90.79190063476562,864800,2017,3,12,Tuesday,91.4312,91.83222198486328,-1.13,0.25,-1.24,-1.13,1.24,1,90.9139,90.9139,89.9956,89.0773,88.1589,87.2406,86.3223,85.404,84.4856,83.5673,82.649,81.7307,80.8124,79.894,78.9757,78.0574,77.1391,76.2207,75.3024,74.3841,73.4658,72.5475,71.6291,70.7108,69.7925,68.8742,True,False,False,False,False,False,False,False,False,False,False,False,False,False,False,False,False,False,False,False,False,False,False,False,False
OEF,2017-03-22,90.71387543177735,91.00862961482896,90.45379860049822,90.8525848388672,705800,2017,3,12,Wednesday,90.7572,90.79190063476562,0.07,-0.09,-0.37,0.07,0.37,0,0.0,89.884,88.9761,88.0681,87.1602,86.2523,85.3444,84.4365,83.5285,82.6206,81.7127,80.8048,79.8969,78.989,78.081,77.1731,76.2652,75.3573,74.4494,73.5414,72.6335,71.7256,70.8177,69.9098,69.0018,68.0939,False,False,False,False,False,False,False,False,False,False,False,False,False,False,False,False,False,False,False,False,False,False,False,False,False
OEF,2017-03-23,90.75721014435844,91.17332507507534,90.5578170551204,90.7398681640625,715200,2017,3,12,Thursday,90.8071,90.8525848388672,-0.12,-0.1,-0.32,-0.12,0.32,0,0.0,89.9441,89.0355,88.127,87.2185,86.31,85.4014,84.4929,83.5844,82.6759,81.7673,80.8588,79.9503,79.0417,78.1332,77.2247,76.3162,75.4076,74.4991,73.5906,72.6821,71.7735,70.865,69.9565,69.048,68.1394,False,False,False,False,False,False,False,False,False,False,False,False,False,False,False,False,False,False,False,False,False,False,False,False,False
OEF,2017-03-24,90.86705854381611,91.05868875719632,90.27474999587729,90.60574340820312,867800,2017,3,12,Friday,90.7016,90.7398681640625,-0.15,0.14,-0.51,-0.15,0.51,0,0.0,89.8325,88.9251,88.0177,87.1103,86.2029,85.2955,84.3881,83.4807,82.5733,81.6659,80.7585,79.8511,78.9437,78.0363,77.1289,76.2215,75.3141,74.4067,73.4993,72.5919,71.6845,70.7771,69.8697,68.9623,68.0549,False,False,False,False,False,False,False,False,False,False,False,False,False,False,False,False,False,False,False,False,False,False,False,False,False
OEF,2017-03-27,89.83923530864021,90.6231741232616,89.7347079181839,90.50994110107422,520700,2017,3,13,Monday,90.1768,90.60574340820312,-0.11,-0.85,-0.96,-0.11,0.96,0,0.0,89.6997,88.7936,87.8876,86.9815,86.0755,85.1694,84.2633,83.3573,82.4512,81.5452,80.6391,79.7331,78.827,77.9209,77.0149,76.1088,75.2028,74.2967,73.3907,72.4846,71.5785,70.6725,69.7664,68.8604,67.9543,False,False,False,False,False,False,False,False,False,False,False,False,False,False,False,False,False,False,False,False,False,False,False,False,False
OEF,2017-03-28,90.40542830497805,91.3461550343874,90.31832545496344,91.13710021972656,516600,2017,3,13,Tuesday,90.8018,90.50994110107422,0.69,-0.12,-0.21,0.69,0.21,0,0.0,89.6048,88.6997,87.7946,86.8895,85.9844,85.0793,84.1742,83.2691,82.364,81.4589,80.5538,79.6487,78.7436,77.8385,76.9334,76.0284,75.1233,74.2182,73.3131,72.408,71.5029,70.5978,69.6927,68.7876,67.8825,False,False,False,False,False,False,False,False,False,False,False,False,False,False,False,False,False,False,False,False,False,False,False,False,False
OEF,2017-03-29,91.0412713175166,91.28516856438864,90.93675057152048,91.19805908203124,272700,2017,3,13,Wednesday,91.1153,91.13710021972656,0.07,-0.11,-0.22,0.07,0.22,0,0.0,90.2257,89.3144,88.403,87.4916,86.5802,85.6689,84.7575,83.8461,82.9348,82.0234,81.112,80.2006,79.2893,78.3779,77.4665,76.5552,75.6438,74.7324,73.8211,72.9097,71.9983,71.0869,70.1756,69.2642,68.3528,False,False,False,False,False,False,False,False,False,False,False,False,False,False,False,False,False,False,False,False,False,False,False,False,False
OEF,2017-03-30,91.171905812569,91.56387844737594,91.06738509303553,91.48548126220705,411500,2017,3,13,Thursday,91.3222,91.19805908203124,0.32,-0.03,-0.14,0.32,0.14,0,0.0,90.2861,89.3741,88.4621,87.5501,86.6382,85.7262,84.8142,83.9022,82.9902,82.0783,81.1663,80.2543,79.3423,78.4303,77.5184,76.6064,75.6944,74.7824,73.8704,72.9584,72.0465,71.1345,70.2225,69.3105,68.3985,False,False,False,False,False,False,False,False,False,False,False,False,False,False,False,False,False,False,False,False,False,False,False,False,False
OEF,2017-03-31,91.37227140122556,91.51163461106051,91.18935345021188,91.19805908203124,456100,2017,3,13,Friday,91.3178,91.48548126220705,-0.31,-0.12,-0.32,-0.31,0.32,0,0.0,90.5706,89.6558,88.7409,87.8261,86.9112,85.9964,85.0815,84.1666,83.2518,82.3369,81.4221,80.5072,79.5924,78.6775,77.7627,76.8478,75.9329,75.0181,74.1032,73.1884,72.2735,71.3587,70.4438,69.529,68.6141,False,False,False,False,False,False,False,False,False,False,False,False,False,False,False,False,False,False,False,False,False,False,False,False,False
OEF,2017-04-03,91.19805908347588,91.32871666149356,90.59704485742728,91.1806411743164,771100,2017,4,14,Monday,91.0761,91.19805908203124,-0.02,0.0,-0.66,-0.02,0.66,0,0.0,90.2861,89.3741,88.4621,87.5501,86.6382,85.7262,84.8142,83.9022,82.9902,82.0783,81.1663,80.2543,79.3423,78.4303,77.5184,76.6064,75.6944,74.7824,73.8704,72.9584,72.0465,71.1345,70.2225,69.3105,68.3985,False,False,False,False,False,False,False,False,False,False,False,False,False,False,False,False,False,False,False,False,False,False,False,False,False
OEF,2017-04-04,90.98031017534102,91.3461527691645,90.88449504904456,91.33744049072266,387200,2017,4,14,Tuesday,91.1371,91.1806411743164,0.17,-0.22,-0.32,0.17,0.32,0,0.0,90.2688,89.357,88.4452,87.5334,86.6216,85.7098,84.798,83.8862,82.9744,82.0626,81.1508,80.239,79.3272,78.4154,77.5035,76.5917,75.6799,74.7681,73.8563,72.9445,72.0327,71.1209,70.2091,69.2973,68.3855,False,False,False,False,False,False,False,False,False,False,False,False,False,False,False,False,False,False,False,False,False,False,False,False,False
OEF,2017-04-05,91.62487033367267,91.99070621994362,90.95416456332244,91.00643157958984,739200,2017,4,14,Wednesday,91.394,91.33744049072266,-0.36,0.31,-0.42,-0.36,0.42,0,0.0,90.4241,89.5107,88.5973,87.6839,86.7706,85.8572,84.9438,84.0304,83.1171,82.2037,81.2903,80.3769,79.4636,78.5502,77.6368,76.7235,75.8101,74.8967,73.9833,73.07,72.1566,71.2432,70.3298,69.4165,68.5031,False,False,False,False,False,False,False,False,False,False,False,False,False,False,False,False,False,False,False,False,False,False,False,False,False
OEF,2017-04-06,91.07611083984376,91.3635561730903,90.86706270908276,91.07611083984376,337500,2017,4,14,Thursday,91.0957,91.00643157958984,0.08,0.08,-0.15,0.08,0.15,0,0.0,90.0964,89.1863,88.2762,87.3662,86.4561,85.546,84.636,83.7259,82.8159,81.9058,80.9957,80.0857,79.1756,78.2655,77.3555,76.4454,75.5353,74.6253,73.7152,72.8051,71.8951,70.985,70.075,69.1649,68.2548,False,False,False,False,False,False,False,False,False,False,False,False,False,False,False,False,False,False,False,False,False,False,False,False,False
OEF,2017-04-07,91.01514385915726,91.31130148790454,90.79738343777748,90.989013671875,402200,2017,4,14,Friday,91.0282,91.07611083984376,-0.1,-0.07,-0.31,-0.1,0.31,0,0.0,90.1653,89.2546,88.3438,87.4331,86.5223,85.6115,84.7008,83.79,82.8793,81.9685,81.0577,80.147,79.2362,78.3255,77.4147,76.5039,75.5932,74.6824,73.7716,72.8609,71.9501,71.0394,70.1286,69.2178,68.3071,False,False,False,False,False,False,False,False,False,False,False,False,False,False,False,False,False,False,False,False,False,False,False,False,False
OEF,2017-04-10,91.032575556901,91.36356903098108,90.7973905618663,90.98030853271484,400000,2017,4,15,Monday,91.0435,90.989013671875,-0.01,0.05,-0.21,-0.01,0.21,0,0.0,90.0791,89.1692,88.2593,87.3495,86.4396,85.5297,84.6198,83.7099,82.8,81.8901,80.9802,80.0703,79.1604,78.2506,77.3407,76.4308,75.5209,74.611,73.7011,72.7912,71.8813,70.9714,70.0615,69.1517,68.2418,False,False,False,False,False,False,False,False,False,False,False,False,False,False,False,False,False,False,False,False,False,False,False,False,False
OEF,2017-04-11,90.84963841556784,90.94545351991614,90.20506286894847,90.78866577148438,473600,2017,4,15,Tuesday,90.6972,90.98030853271484,-0.21,-0.14,-0.85,-0.21,0.85,0,0.0,90.0705,89.1607,88.2509,87.3411,86.4313,85.5215,84.6117,83.7019,82.7921,81.8823,80.9725,80.0627,79.1529,78.2431,77.3333,76.4235,75.5137,74.6039,73.694,72.7842,71.8744,70.9646,70.0548,69.145,68.2352,False,False,False,False,False,False,False,False,False,False,False,False,False,False,False,False,False,False,False,False,False,False,False,False,False
OEF,2017-04-12,90.70156566208468,90.7886751444998,90.40541468753888,90.57962036132812,804200,2017,4,15,Wednesday,90.6188,90.78866577148438,-0.23,-0.1,-0.42,-0.23,0.42,0,0.0,89.8808,88.9729,88.065,87.1571,86.2492,85.3413,84.4335,83.5256,82.6177,81.7098,80.8019,79.894,78.9861,78.0783,77.1704,76.2625,75.3546,74.4467,73.5388,72.6309,71.723,70.8152,69.9073,68.9994,68.0915,False,False,False,False,False,False,False,False,False,False,False,False,False,False,False,False,False,False,False,False,False,False,False,False,False
OEF,2017-04-13,90.4054214321374,90.67544224031153,89.92634582519531,89.92634582519531,637200,2017,4,15,Thursday,90.2334,90.57962036132812,-0.72,-0.19,-0.72,-0.72,0.72,0,0.0,89.6738,88.768,87.8622,86.9564,86.0506,85.1448,84.239,83.3333,82.4275,81.5217,80.6159,79.7101,78.8043,77.8985,76.9927,76.0869,75.1811,74.2753,73.3695,72.4637,71.5579,70.6521,69.7463,68.8405,67.9347,False,False,False,False,False,False,False,False,False,False,False,False,False,False,False,False,False,False,False,False,False,False,False,False,False
OEF,2017-04-17,90.065696739874,90.7102656199793,90.065696739874,90.68413543701172,416200,2017,4,16,Monday,90.3814,89.92634582519531,0.84,0.15,0.15,0.84,-0.15,0,0.0,89.0271,88.1278,87.2286,86.3293,85.43,84.5308,83.6315,82.7322,81.833,80.9337,80.0344,79.1352,78.2359,77.3367,76.4374,75.5381,74.6389,73.7396,72.8403,71.9411,71.0418,70.1425,69.2433,68.344,67.4448,False,False,False,False,False,False,False,False,False,False,False,False,False,False,False,False,False,False,False,False,False,False,False,False,False
OEF,2017-04-18,90.43155767768933,90.68416059231252,90.19637932022434,90.46640014648438,417100,2017,4,16,Tuesday,90.4446,90.68413543701172,-0.24,-0.28,-0.54,-0.24,0.54,0,0.0,89.7773,88.8705,87.9636,87.0568,86.1499,85.2431,84.3362,83.4294,82.5226,81.6157,80.7089,79.802,78.8952,77.9884,77.0815,76.1747,75.2678,74.361,73.4541,72.5473,71.6405,70.7336,69.8268,68.9199,68.0131,False,False,False,False,False,False,False,False,False,False,False,False,False,False,False,False,False,False,False,False,False,False,False,False,False
OEF,2017-04-19,90.72768544922285,90.80607599404472,90.08310995715316,90.18763732910156,445400,2017,4,16,Wednesday,90.4511,90.46640014648438,-0.31,0.29,-0.42,-0.31,0.42,0,0.0,89.5617,88.6571,87.7524,86.8477,85.9431,85.0384,84.1338,83.2291,82.3244,81.4198,80.5151,79.6104,78.7058,77.8011,76.8964,75.9918,75.0871,74.1824,73.2778,72.3731,71.4685,70.5638,69.6591,68.7545,67.8498,False,False,False,False,False,False,False,False,False,False,False,False,False,False,False,False,False,False,False,False,False,False,False,False,False
OEF,2017-04-20,90.39670116088864,91.06740695130098,90.2921804162678,90.83222198486328,1133200,2017,4,16,Thursday,90.6471,90.18763732910156,0.71,0.23,0.12,0.71,-0.12,0,0.0,89.2858,88.3839,87.482,86.5801,85.6783,84.7764,83.8745,82.9726,82.0707,81.1689,80.267,79.3651,78.4632,77.5614,76.6595,75.7576,74.8557,73.9539,73.052,72.1501,71.2482,70.3464,69.4445,68.5426,67.6407,False,False,False,False,False,False,False,False,False,False,False,False,False,False,False,False,False,False,False,False,False,False,False,False,False
OEF,2017-04-21,90.77124195791536,90.86705706304406,90.37927590640332,90.54476928710938,440800,2017,4,16,Friday,90.6406,90.83222198486328,-0.32,-0.07,-0.5,-0.32,0.5,0,0.0,89.9239,89.0156,88.1073,87.1989,86.2906,85.3823,84.474,83.5656,82.6573,81.749,80.8407,79.9324,79.024,78.1157,77.2074,76.2991,75.3907,74.4824,73.5741,72.6658,71.7575,70.8491,69.9408,69.0325,68.1242,False,False,False,False,False,False,False,False,False,False,False,False,False,False,False,False,False,False,False,False,False,False,False,False,False
OEF,2017-04-24,91.4593596957827,91.64227761771194,91.3635445968408,91.52033233642578,624900,2017,4,17,Monday,91.4964,90.54476928710938,1.08,1.01,0.9,1.08,-0.9,0,0.0,89.6393,88.7339,87.8284,86.923,86.0175,85.1121,84.2066,83.3012,82.3957,81.4903,80.5848,79.6794,78.7739,77.8685,76.9631,76.0576,75.1522,74.2467,73.3413,72.4358,71.5304,70.6249,69.7195,68.814,67.9086,False,False,False,False,False,False,False,False,False,False,False,False,False,False,False,False,False,False,False,False,False,False,False,False,False
OEF,2017-04-25,91.88618343545336,92.29557408153325,91.88618343545336,92.13878631591795,406200,2017,4,17,Tuesday,92.0517,91.52033233642578,0.68,0.4,0.4,0.68,-0.4,0,0.0,90.6051,89.6899,88.7747,87.8595,86.9443,86.0291,85.1139,84.1987,83.2835,82.3683,81.4531,80.5379,79.6227,78.7075,77.7923,76.8771,75.9619,75.0467,74.1315,73.2163,72.3011,71.3859,70.4707,69.5555,68.6402,False,False,False,False,False,False,False,False,False,False,False,False,False,False,False,False,False,False,False,False,False,False,False,False,False
OEF,2017-04-26,92.14750377752556,92.47849723665922,92.04297637939452,92.04297637939452,753400,2017,4,17,Wednesday,92.178,92.13878631591795,-0.1,0.01,-0.1,-0.1,0.1,0,0.0,91.2174,90.296,89.3746,88.4532,87.5318,86.6105,85.6891,84.7677,83.8463,82.9249,82.0035,81.0821,80.1607,79.2394,78.318,77.3966,76.4752,75.5538,74.6324,73.711,72.7896,71.8683,70.9469,70.0255,69.1041,False,False,False,False,False,False,False,False,False,False,False,False,False,False,False,False,False,False,False,False,False,False,False,False,False
OEF,2017-04-27,92.1736287800014,92.26944389485077,91.9297381769378,92.13878631591795,255700,2017,4,17,Thursday,92.1279,92.04297637939452,0.1,0.14,-0.12,0.1,0.12,0,0.0,91.1225,90.2021,89.2817,88.3613,87.4408,86.5204,85.6,84.6795,83.7591,82.8387,81.9182,80.9978,80.0774,79.157,78.2365,77.3161,76.3957,75.4752,74.5548,73.6344,72.714,71.7935,70.8731,69.9527,69.0322,False,False,False,False,False,False,False,False,False,False,False,False,False,False,False,False,False,False,False,False,False,False,False,False,False
OEF,2017-04-28,92.35653143612626,92.35653143612626,92.04295595683038,92.12135314941406,443900,2017,4,17,Friday,92.2193,92.13878631591795,-0.02,0.24,-0.1,-0.02,0.1,0,0.0,91.2174,90.296,89.3746,88.4532,87.5318,86.6105,85.6891,84.7677,83.8463,82.9249,82.0035,81.0821,80.1607,79.2394,78.318,77.3966,76.4752,75.5538,74.6324,73.711,72.7896,71.8683,70.9469,70.0255,69.1041,False,False,False,False,False,False,False,False,False,False,False,False,False,False,False,False,False,False,False,False,False,False,False,False,False
OEF,2017-05-01,92.278146313562,92.57429725835075,92.1997491163698,92.35653686523438,359200,2017,5,18,Monday,92.3522,92.12135314941406,0.26,0.17,0.09,0.26,-0.09,0,0.0,91.2001,90.2789,89.3577,88.4365,87.5153,86.5941,85.6729,84.7516,83.8304,82.9092,81.988,81.0668,80.1456,79.2244,78.3032,77.3819,76.4607,75.5395,74.6183,73.6971,72.7759,71.8547,70.9334,70.0122,69.091,False,False,False,False,False,False,False,False,False,False,False,False,False,False,False,False,False,False,False,False,False,False,False,False,False
OEF,2017-05-02,92.40007683287013,92.48717964709024,92.24328910906642,92.38265228271484,476400,2017,5,18,Tuesday,92.3783,92.35653686523438,0.03,0.05,-0.12,0.03,0.12,0,0.0,91.433,90.5094,89.5858,88.6623,87.7387,86.8151,85.8916,84.968,84.0444,83.1209,82.1973,81.2738,80.3502,79.4266,78.5031,77.5795,76.6559,75.7324,74.8088,73.8852,72.9617,72.0381,71.1145,70.191,69.2674,False,False,False,False,False,False,False,False,False,False,False,False,False,False,False,False,False,False,False,False,False,False,False,False,False
OEF,2017-05-03,92.18236263971286,92.4872259649189,92.0778352229899,92.39141082763672,631700,2017,5,18,Wednesday,92.2847,92.38265228271484,0.01,-0.22,-0.33,0.01,0.33,0,0.0,91.4588,90.535,89.6112,88.6873,87.7635,86.8397,85.9159,84.992,84.0682,83.1444,82.2206,81.2967,80.3729,79.4491,78.5253,77.6014,76.6776,75.7538,74.8299,73.9061,72.9823,72.0585,71.1346,70.2108,69.287,False,False,False,False,False,False,False,False,False,False,False,False,False,False,False,False,False,False,False,False,False,False,False,False,False
OEF,2017-05-04,92.51331894829644,92.54816140652356,92.13005855331733,92.42621612548828,545900,2017,5,18,Thursday,92.4044,92.39141082763672,0.04,0.13,-0.28,0.04,0.28,0,0.0,91.4675,90.5436,89.6197,88.6958,87.7718,86.8479,85.924,85.0001,84.0762,83.1523,82.2284,81.3044,80.3805,79.4566,78.5327,77.6088,76.6849,75.761,74.837,73.9131,72.9892,72.0653,71.1414,70.2175,69.2936,False,False,False,False,False,False,False,False,False,False,False,False,False,False,False,False,False,False,False,False,False,False,False,False,False
OEF,2017-05-05,92.58301838529192,92.6875457763672,92.33912778497002,92.6875457763672,386600,2017,5,18,Friday,92.5743,92.42621612548828,0.28,0.17,-0.09,0.28,0.09,0,0.0,91.502,90.5777,89.6534,88.7292,87.8049,86.8806,85.9564,85.0321,84.1079,83.1836,82.2593,81.3351,80.4108,79.4865,78.5623,77.638,76.7138,75.7895,74.8652,73.941,73.0167,72.0924,71.1682,70.2439,69.3197,False,False,False,False,False,False,False,False,False,False,False,False,False,False,False,False,False,False,False,False,False,False,False,False,False
OEF,2017-05-08,92.73108869671216,92.81819152832033,92.5655886647926,92.81819152832033,231500,2017,5,19,Monday,92.7333,92.6875457763672,0.14,0.05,-0.13,0.14,0.13,0,0.0,91.7607,90.8338,89.9069,88.98,88.0532,87.1263,86.1994,85.2725,84.3457,83.4188,82.4919,81.565,80.6382,79.7113,78.7844,77.8575,76.9307,76.0038,75.0769,74.15,73.2232,72.2963,71.3694,70.4425,69.5157,False,False,False,False,False,False,False,False,False,False,False,False,False,False,False,False,False,False,False,False,False,False,False,False,False
OEF,2017-05-09,92.8966148965713,92.98371775271536,92.46980624960008,92.6352996826172,418200,2017,5,19,Tuesday,92.7464,92.81819152832033,-0.2,0.08,-0.38,-0.2,0.38,0,0.0,91.89,90.9618,90.0336,89.1055,88.1773,87.2491,86.3209,85.3927,84.4646,83.5364,82.6082,81.68,80.7518,79.8236,78.8955,77.9673,77.0391,76.1109,75.1827,74.2546,73.3264,72.3982,71.47,70.5418,69.6136,False,False,False,False,False,False,False,False,False,False,False,False,False,False,False,False,False,False,False,False,False,False,False,False,False
OEF,2017-05-10,92.53945258441776,92.57429504394533,92.33040447277207,92.57429504394533,197600,2017,5,19,Wednesday,92.5046,92.6352996826172,-0.07,-0.1,-0.33,-0.07,0.33,0,0.0,91.7089,90.7826,89.8562,88.9299,88.0035,87.0772,86.1508,85.2245,84.2981,83.3718,82.4454,81.5191,80.5927,79.6664,78.74,77.8137,76.8873,75.9609,75.0346,74.1082,73.1819,72.2555,71.3292,70.4028,69.4765,False,False,False,False,False,False,False,False,False,False,False,False,False,False,False,False,False,False,False,False,False,False,False,False,False
OEF,2017-05-11,92.4000711867338,92.461043817514,91.99068067484464,92.45233154296876,311100,2017,5,19,Thursday,92.326,92.57429504394533,-0.13,-0.19,-0.63,-0.13,0.63,0,0.0,91.6486,90.7228,89.7971,88.8713,87.9456,87.0198,86.0941,85.1684,84.2426,83.3169,82.3911,81.4654,80.5396,79.6139,78.6882,77.7624,76.8367,75.9109,74.9852,74.0594,73.1337,72.208,71.2822,70.3565,69.4307,False,False,False,False,False,False,False,False,False,False,False,False,False,False,False,False,False,False,False,False,False,False,False,False,False
OEF,2017-05-12,92.35656884427912,92.4001235961914,92.21720560009952,92.4001235961914,184300,2017,5,19,Friday,92.3435,92.45233154296876,-0.06,-0.1,-0.25,-0.06,0.25,0,0.0,91.5278,90.6033,89.6788,88.7542,87.8297,86.9052,85.9807,85.0561,84.1316,83.2071,82.2826,81.3581,80.4335,79.509,78.5845,77.66,76.7354,75.8109,74.8864,73.9619,73.0373,72.1128,71.1883,70.2638,69.3392,False,False,False,False,False,False,False,False,False,False,False,False,False,False,False,False,False,False,False,False,False,False,False,False,False
OEF,2017-05-15,92.5743004514234,92.81819103684286,92.48719762027648,92.79206085205078,291700,2017,5,20,Monday,92.6679,92.4001235961914,0.42,0.19,0.09,0.42,-0.09,0,0.0,91.4761,90.5521,89.6281,88.7041,87.7801,86.8561,85.9321,85.0081,84.0841,83.1601,82.2361,81.3121,80.3881,79.4641,78.5401,77.6161,76.6921,75.7681,74.8441,73.9201,72.9961,72.0721,71.1481,70.2241,69.3001,False,False,False,False,False,False,False,False,False,False,False,False,False,False,False,False,False,False,False,False,False,False,False,False,False
OEF,2017-05-16,92.89658010442918,92.983682927951,92.64397726435227,92.76592254638672,1339200,2017,5,20,Tuesday,92.8225,92.79206085205078,-0.03,0.11,-0.16,-0.03,0.16,0,0.0,91.8641,90.9362,90.0083,89.0804,88.1525,87.2245,86.2966,85.3687,84.4408,83.5129,82.5849,81.657,80.7291,79.8012,78.8733,77.9453,77.0174,76.0895,75.1616,74.2336,73.3057,72.3778,71.4499,70.522,69.594,False,False,False,False,False,False,False,False,False,False,False,False,False,False,False,False,False,False,False,False,False,False,False,False,False
OEF,2017-05-17,92.03426294380944,92.1823384277997,91.02385145077406,91.09353637695312,960800,2017,5,20,Wednesday,91.5835,92.76592254638672,-1.8,-0.79,-1.88,-1.8,1.88,1,91.8383,91.8383,90.9106,89.9829,89.0553,88.1276,87.2,86.2723,85.3446,84.417,83.4893,82.5617,81.634,80.7064,79.7787,78.851,77.9234,76.9957,76.0681,75.1404,74.2127,73.2851,72.3574,71.4298,70.5021,69.5744,True,False,False,False,False,False,False,False,False,False,False,False,False,False,False,False,False,False,False,False,False,False,False,False,False
OEF,2017-05-18,90.92801330058964,91.79034244562952,90.92801330058964,91.39837646484376,781000,2017,5,20,Thursday,91.2612,91.09353637695312,0.33,-0.18,-0.18,0.33,0.18,0,0.0,90.1826,89.2717,88.3607,87.4498,86.5389,85.6279,84.717,83.8061,82.8951,81.9842,81.0732,80.1623,79.2514,78.3404,77.4295,76.5186,75.6076,74.6967,73.7858,72.8748,71.9639,71.053,70.142,69.2311,68.3202,False,False,False,False,False,False,False,False,False,False,False,False,False,False,False,False,False,False,False,False,False,False,False,False,False
OEF,2017-05-19,91.61614206368291,92.22586843436392,91.6074297882392,91.92100524902344,355000,2017,5,20,Friday,91.8426,91.39837646484376,0.57,0.24,0.23,0.57,-0.23,0,0.0,90.4844,89.5704,88.6564,87.7424,86.8285,85.9145,85.0005,84.0865,83.1725,82.2585,81.3446,80.4306,79.5166,78.6026,77.6886,76.7746,75.8607,74.9467,74.0327,73.1187,72.2047,71.2907,70.3767,69.4628,68.5488,False,False,False,False,False,False,False,False,False,False,False,False,False,False,False,False,False,False,False,False,False,False,False,False,False
OEF,2017-05-22,92.17362703710836,92.40880535832407,92.09523647854328,92.3652572631836,210500,2017,5,21,Monday,92.2607,91.92100524902344,0.48,0.27,0.19,0.48,-0.19,0,0.0,91.0018,90.0826,89.1634,88.2442,87.325,86.4057,85.4865,84.5673,83.6481,82.7289,81.8097,80.8905,79.9713,79.0521,78.1329,77.2136,76.2944,75.3752,74.456,73.5368,72.6176,71.6984,70.7792,69.86,68.9408,False,False,False,False,False,False,False,False,False,False,False,False,False,False,False,False,False,False,False,False,False,False,False,False,False
OEF,2017-05-23,92.53074842987556,92.68753617749104,92.45235123330792,92.61785125732422,452100,2017,5,21,Tuesday,92.5721,92.3652572631836,0.27,0.18,0.09,0.27,-0.09,0,0.0,91.4416,90.518,89.5943,88.6706,87.747,86.8233,85.8997,84.976,84.0524,83.1287,82.2051,81.2814,80.3578,79.4341,78.5105,77.5868,76.6632,75.7395,74.8159,73.8922,72.9686,72.0449,71.1212,70.1976,69.2739,False,False,False,False,False,False,False,False,False,False,False,False,False,False,False,False,False,False,False,False,False,False,False,False,False
OEF,2017-05-24,92.75720412567698,92.85301921885954,92.54815603396912,92.82688903808594,221700,2017,5,21,Wednesday,92.7463,92.61785125732422,0.23,0.15,-0.08,0.23,0.08,0,0.0,91.6917,90.7655,89.8393,88.9131,87.987,87.0608,86.1346,85.2084,84.2822,83.3561,82.4299,81.5037,80.5775,79.6514,78.7252,77.799,76.8728,75.9466,75.0205,74.0943,73.1681,72.2419,71.3157,70.3896,69.4634,False,False,False,False,False,False,False,False,False,False,False,False,False,False,False,False,False,False,False,False,False,False,False,False,False
OEF,2017-05-25,92.98368663515618,93.34081686500951,92.94013189889904,93.2101593017578,471000,2017,5,21,Thursday,93.1187,92.82688903808594,0.41,0.17,0.12,0.41,-0.12,0,0.0,91.8986,90.9704,90.0421,89.1138,88.1855,87.2573,86.329,85.4007,84.4725,83.5442,82.6159,81.6877,80.7594,79.8311,78.9029,77.9746,77.0463,76.118,75.1898,74.2615,73.3332,72.405,71.4767,70.5484,69.6202,False,False,False,False,False,False,False,False,False,False,False,False,False,False,False,False,False,False,False,False,False,False,False,False,False
OEF,2017-05-26,93.16659644898348,93.26241154398618,93.10562381084716,93.21885681152344,156000,2017,5,21,Friday,93.1884,93.2101593017578,0.01,-0.05,-0.11,0.01,0.11,0,0.0,92.2781,91.346,90.4139,89.4818,88.5497,87.6175,86.6854,85.7533,84.8212,83.8891,82.957,82.0249,81.0928,80.1607,79.2286,78.2965,77.3644,76.4323,75.5002,74.5681,73.636,72.7039,71.7718,70.8397,69.9076,False,False,False,False,False,False,False,False,False,False,False,False,False,False,False,False,False,False,False,False,False,False,False,False,False
OEF,2017-05-30,93.08823638729412,93.28857227297752,93.04468164056922,93.18405151367188,217300,2017,5,22,Tuesday,93.1514,93.21885681152344,-0.04,-0.14,-0.19,-0.04,0.19,0,0.0,92.2867,91.3545,90.4223,89.4901,88.5579,87.6257,86.6935,85.7613,84.8292,83.897,82.9648,82.0326,81.1004,80.1682,79.236,78.3038,77.3717,76.4395,75.5073,74.5751,73.6429,72.7107,71.7785,70.8463,69.9141,False,False,False,False,False,False,False,False,False,False,False,False,False,False,False,False,False,False,False,False,False,False,False,False,False
OEF,2017-05-31,93.27984793730914,93.27984793730914,92.8269091993144,93.03595733642578,469900,2017,5,22,Wednesday,93.1056,93.18405151367188,-0.16,0.1,-0.38,-0.16,0.38,0,0.0,92.2522,91.3204,90.3885,89.4567,88.5248,87.593,86.6612,85.7293,84.7975,83.8656,82.9338,82.002,81.0701,80.1383,79.2064,78.2746,77.3428,76.4109,75.4791,74.5472,73.6154,72.6836,71.7517,70.8199,69.888,False,False,False,False,False,False,False,False,False,False,False,False,False,False,False,False,False,False,False,False,False,False,False,False,False
OEF,2017-06-01,93.26241477324172,93.66309307279974,93.06207230070302,93.636962890625,273900,2017,6,22,Thursday,93.4061,93.03595733642578,0.65,0.24,0.03,0.65,-0.03,0,0.0,92.1056,91.1752,90.2449,89.3145,88.3842,87.4538,86.5234,85.5931,84.6627,83.7324,82.802,81.8716,80.9413,80.0109,79.0806,78.1502,77.2198,76.2895,75.3591,74.4288,73.4984,72.568,71.6377,70.7073,69.777,False,False,False,False,False,False,False,False,False,False,False,False,False,False,False,False,False,False,False,False,False,False,False,False,False
OEF,2017-06-02,93.72406745604104,94.08119767378918,93.6282523559388,94.01151275634766,430300,2017,6,22,Friday,93.8613,93.636962890625,0.4,0.09,-0.01,0.4,0.01,0,0.0,92.7006,91.7642,90.8279,89.8915,88.9551,88.0187,87.0824,86.146,85.2096,84.2733,83.3369,82.4005,81.4642,80.5278,79.5914,78.655,77.7187,76.7823,75.8459,74.9096,73.9732,73.0368,72.1005,71.1641,70.2277,False,False,False,False,False,False,False,False,False,False,False,False,False,False,False,False,False,False,False,False,False,False,False,False,False
OEF,2017-06-05,93.9854140522274,94.142201846224,93.95057158183684,94.06380462646484,134600,2017,6,23,Monday,94.0355,94.01151275634766,0.06,-0.03,-0.06,0.06,0.06,0,0.0,93.0714,92.1313,91.1912,90.2511,89.3109,88.3708,87.4307,86.4906,85.5505,84.6104,83.6702,82.7301,81.79,80.8499,79.9098,78.9697,78.0296,77.0894,76.1493,75.2092,74.2691,73.329,72.3889,71.4487,70.5086,False,False,False,False,False,False,False,False,False,False,False,False,False,False,False,False,False,False,False,False,False,False,False,False,False
OEF,2017-06-06,93.79376318911692,94.1334688939174,93.79376318911692,93.82860565185548,188500,2017,6,23,Tuesday,93.8874,94.06380462646484,-0.25,-0.29,-0.29,-0.25,0.29,0,0.0,93.1232,92.1825,91.2419,90.3013,89.3606,88.42,87.4793,86.5387,85.5981,84.6574,83.7168,82.7761,81.8355,80.8949,79.9542,79.0136,78.073,77.1323,76.1917,75.251,74.3104,73.3698,72.4291,71.4885,70.5479,False,False,False,False,False,False,False,False,False,False,False,False,False,False,False,False,False,False,False,False,False,False,False,False,False
OEF,2017-06-07,93.98536682532183,94.0811819093691,93.65436684569738,94.0027847290039,255400,2017,6,23,Wednesday,93.9309,93.82860565185548,0.19,0.17,-0.19,0.19,0.19,0,0.0,92.8903,91.952,91.0137,90.0755,89.1372,88.1989,87.2606,86.3223,85.384,84.4457,83.5075,82.5692,81.6309,80.6926,79.7543,78.816,77.8777,76.9395,76.0012,75.0629,74.1246,73.1863,72.248,71.3097,70.3715,False,False,False,False,False,False,False,False,False,False,False,False,False,False,False,False,False,False,False,False,False,False,False,False,False
OEF,2017-06-08,93.97669171205249,94.22058233315352,93.76764355761172,93.9505615234375,554300,2017,6,23,Thursday,93.9789,94.0027847290039,-0.06,-0.03,-0.25,-0.06,0.25,0,0.0,93.0628,92.1227,91.1827,90.2427,89.3026,88.3626,87.4226,86.4826,85.5425,84.6025,83.6625,82.7225,81.7824,80.8424,79.9024,78.9623,78.0223,77.0823,76.1423,75.2022,74.2622,73.3222,72.3821,71.4421,70.5021,False,False,False,False,False,False,False,False,False,False,False,False,False,False,False,False,False,False,False,False,False,False,False,False,False
OEF,2017-06-09,94.13346938597007,94.4383326296256,93.14048245205196,93.854736328125,729400,2017,6,23,Friday,93.8918,93.9505615234375,-0.1,0.19,-0.86,-0.1,0.86,0,0.0,93.0111,92.0716,91.132,90.1925,89.253,88.3135,87.374,86.4345,85.495,84.5555,83.616,82.6765,81.737,80.7975,79.858,78.9185,77.979,77.0395,76.1,75.1604,74.2209,73.2814,72.3419,71.4024,70.4629,False,False,False,False,False,False,False,False,False,False,False,False,False,False,False,False,False,False,False,False,False,False,False,False,False
OEF,2017-06-12,93.70664363665178,93.85471909273195,93.3843558979604,93.7850341796875,308700,2017,6,24,Monday,93.6827,93.854736328125,-0.07,-0.16,-0.5,-0.07,0.5,0,0.0,92.9162,91.9776,91.0391,90.1005,89.162,88.2235,87.2849,86.3464,85.4078,84.4693,83.5307,82.5922,81.6536,80.7151,79.7765,78.838,77.8994,76.9609,76.0223,75.0838,74.1452,73.2067,72.2681,71.3296,70.3911,False,False,False,False,False,False,False,False,False,False,False,False,False,False,False,False,False,False,False,False,False,False,False,False,False
OEF,2017-06-13,94.03765351620544,94.18572899828432,93.84602329444677,94.15088653564452,251100,2017,6,24,Tuesday,94.0551,93.7850341796875,0.39,0.27,0.07,0.39,-0.07,0,0.0,92.8472,91.9093,90.9715,90.0336,89.0958,88.1579,87.2201,86.2822,85.3444,84.4065,83.4687,82.5308,81.593,80.6551,79.7173,78.7794,77.8416,76.9037,75.9659,75.028,74.0902,73.1523,72.2145,71.2766,70.3388,False,False,False,False,False,False,False,False,False,False,False,False,False,False,False,False,False,False,False,False,False,False,False,False,False
OEF,2017-06-14,94.28152734118608,94.28152734118608,93.70664342367348,94.07247924804688,390500,2017,6,24,Wednesday,94.0855,94.15088653564452,-0.08,0.14,-0.47,-0.08,0.47,0,0.0,93.2094,92.2679,91.3264,90.3849,89.4433,88.5018,87.5603,86.6188,85.6773,84.7358,83.7943,82.8528,81.9113,80.9698,80.0283,79.0867,78.1452,77.2037,76.2622,75.3207,74.3792,73.4377,72.4962,71.5547,70.6132,False,False,False,False,False,False,False,False,False,False,False,False,False,False,False,False,False,False,False,False,False,False,False,False,False
OEF,2017-06-15,93.49760753313618,93.9592651899325,93.323401861322,93.91571044921876,234600,2017,6,24,Thursday,93.674,94.07247924804688,-0.17,-0.61,-0.8,-0.17,0.8,0,0.0,93.1318,92.191,91.2503,90.3096,89.3689,88.4281,87.4874,86.5467,85.606,84.6652,83.7245,82.7838,81.8431,80.9023,79.9616,79.0209,78.0802,77.1394,76.1987,75.258,74.3173,73.3765,72.4358,71.4951,70.5544,False,False,False,False,False,False,False,False,False,False,False,False,False,False,False,False,False,False,False,False,False,False,False,False,False
OEF,2017-06-16,94.00278224010236,94.00278224010236,93.50628892932964,93.8895492553711,322000,2017,6,24,Friday,93.8504,93.91571044921876,-0.03,0.09,-0.44,-0.03,0.44,0,0.0,92.9766,92.0374,91.0982,90.1591,89.2199,88.2808,87.3416,86.4025,85.4633,84.5241,83.585,82.6458,81.7067,80.7675,79.8284,78.8892,77.95,77.0109,76.0717,75.1326,74.1934,73.2543,72.3151,71.3759,70.4368,False,False,False,False,False,False,False,False,False,False,False,False,False,False,False,False,False,False,False,False,False,False,False,False,False
OEF,2017-06-19,94.27283844078184,94.74319507243432,94.24670160967204,94.73448944091795,390300,2017,6,25,Monday,94.4993,93.8895492553711,0.9,0.41,0.38,0.9,-0.38,0,0.0,92.9507,92.0118,91.0729,90.134,89.1951,88.2562,87.3173,86.3784,85.4395,84.5006,83.5617,82.6228,81.6839,80.745,79.8061,78.8672,77.9283,76.9894,76.0505,75.1116,74.1727,73.2338,72.295,71.3561,70.4172,False,False,False,False,False,False,False,False,False,False,False,False,False,False,False,False,False,False,False,False,False,False,False,False,False
OEF,2017-06-20,94.58640883131524,94.6125456628445,94.15088800977937,94.1770248413086,312600,2017,6,25,Tuesday,94.3817,94.73448944091795,-0.59,-0.16,-0.62,-0.59,0.62,0,0.0,93.7871,92.8398,91.8925,90.9451,89.9978,89.0504,88.1031,87.1557,86.2084,85.261,84.3137,83.3664,82.419,81.4717,80.5243,79.577,78.6296,77.6823,76.7349,75.7876,74.8402,73.8929,72.9456,71.9982,71.0509,False,False,False,False,False,False,False,False,False,False,False,False,False,False,False,False,False,False,False,False,False,False,False,False,False
OEF,2017-06-21,94.2379960150041,94.33381112588344,93.95926295940612,94.15088653564452,323900,2017,6,25,Wednesday,94.1705,94.1770248413086,-0.03,0.06,-0.23,-0.03,0.23,0,0.0,93.2353,92.2935,91.3517,90.4099,89.4682,88.5264,87.5846,86.6429,85.7011,84.7593,83.8176,82.8758,81.934,80.9922,80.0505,79.1087,78.1669,77.2252,76.2834,75.3416,74.3998,73.4581,72.5163,71.5745,70.6328,False,False,False,False,False,False,False,False,False,False,False,False,False,False,False,False,False,False,False,False,False,False,False,False,False
OEF,2017-06-22,94.2292674752858,94.35992502625524,94.05506183767268,94.0986099243164,147000,2017,6,25,Thursday,94.1857,94.15088653564452,-0.06,0.08,-0.1,-0.06,0.1,0,0.0,93.2094,92.2679,91.3264,90.3849,89.4433,88.5018,87.5603,86.6188,85.6773,84.7358,83.7943,82.8528,81.9113,80.9698,80.0283,79.0867,78.1452,77.2037,76.2622,75.3207,74.3792,73.4377,72.4962,71.5547,70.6132,False,False,False,False,False,False,False,False,False,False,False,False,False,False,False,False,False,False,False,False,False,False,False,False,False
OEF,2017-06-23,94.1595783954947,94.3599208508519,93.99408504074098,94.22926330566406,186900,2017,6,25,Friday,94.1857,94.0986099243164,0.14,0.06,-0.11,0.14,0.11,0,0.0,93.1576,92.2166,91.2757,90.3347,89.3937,88.4527,87.5117,86.5707,85.6297,84.6887,83.7478,82.8068,81.8658,80.9248,79.9838,79.0428,78.1018,77.1609,76.2199,75.2789,74.3379,73.3969,72.4559,71.5149,70.574,False,False,False,False,False,False,False,False,False,False,False,False,False,False,False,False,False,False,False,False,False,False,False,False,False
OEF,2017-06-26,94.52541420560564,94.7083387561799,94.17700294579645,94.22926330566406,233300,2017,6,26,Monday,94.41,94.22926330566406,0.0,0.31,-0.06,0.0,0.06,0,0.0,93.287,92.3447,91.4024,90.4601,89.5178,88.5755,87.6332,86.6909,85.7486,84.8063,83.864,82.9218,81.9795,81.0372,80.0949,79.1526,78.2103,77.268,76.3257,75.3834,74.4411,73.4988,72.5565,71.6142,70.6719,False,False,False,False,False,False,False,False,False,False,False,False,False,False,False,False,False,False,False,False,False,False,False,False,False
OEF,2017-06-27,94.132953009546,94.21175080984032,93.45006991122524,93.47633361816406,273300,2017,6,26,Tuesday,93.8178,94.22926330566406,-0.8,-0.1,-0.83,-0.8,0.83,0,0.0,93.287,92.3447,91.4024,90.4601,89.5178,88.5755,87.6332,86.6909,85.7486,84.8063,83.864,82.9218,81.9795,81.0372,80.0949,79.1526,78.2103,77.268,76.3257,75.3834,74.4411,73.4988,72.5565,71.6142,70.6719,False,False,False,False,False,False,False,False,False,False,False,False,False,False,False,False,False,False,False,False,False,False,False,False,False
OEF,2017-06-28,93.80905355084,94.3343478876362,93.78278983592216,94.27306365966795,243700,2017,6,26,Wednesday,94.0498,93.47633361816406,0.85,0.36,0.33,0.85,-0.33,0,0.0,92.5416,91.6068,90.672,89.7373,88.8025,87.8678,86.933,85.9982,85.0635,84.1287,83.1939,82.2592,81.3244,80.3896,79.4549,78.5201,77.5854,76.6506,75.7158,74.7811,73.8463,72.9115,71.9768,71.042,70.1073,False,False,False,False,False,False,False,False,False,False,False,False,False,False,False,False,False,False,False,False,False,False,False,False,False
OEF,2017-06-29,94.30808374433794,94.30808374433794,92.96858085377416,93.45885467529295,478400,2017,6,26,Thursday,93.7609,94.27306365966795,-0.86,0.04,-1.38,-0.86,1.38,1,93.3303,93.3303,92.3876,91.4449,90.5021,89.5594,88.6167,87.6739,86.7312,85.7885,84.8458,83.903,82.9603,82.0176,81.0748,80.1321,79.1894,78.2466,77.3039,76.3612,75.4185,74.4757,73.533,72.5903,71.6475,70.7048,True,False,False,False,False,False,False,False,False,False,False,False,False,False,False,False,False,False,False,False,False,False,False,False,False
OEF,2017-06-30,93.80903734371128,93.92284898185224,93.52887996719,93.59016418457033,435100,2017,6,26,Friday,93.7127,93.45885467529295,0.14,0.37,0.07,0.14,-0.07,0,0.0,92.5243,91.5897,90.6551,89.7205,88.7859,87.8513,86.9167,85.9821,85.0476,84.113,83.1784,82.2438,81.3092,80.3746,79.44,78.5054,77.5708,76.6363,75.7017,74.7671,73.8325,72.8979,71.9633,71.0287,70.0941,False,False,False,False,False,False,False,False,False,False,False,False,False,False,False,False,False,False,False,False,False,False,False,False,False
OEF,2017-07-03,93.9403885483889,94.2555665190528,93.7915496826172,93.7915496826172,329700,2017,7,27,Monday,93.9448,93.59016418457033,0.22,0.37,0.22,0.22,-0.22,0,0.0,92.6543,91.7184,90.7825,89.8466,88.9107,87.9748,87.0389,86.103,85.167,84.2311,83.2952,82.3593,81.4234,80.4875,79.5516,78.6157,77.6798,76.7439,75.808,74.8721,73.9362,73.0003,72.0644,71.1285,70.1926,False,False,False,False,False,False,False,False,False,False,False,False,False,False,False,False,False,False,False,False,False,False,False,False,False
OEF,2017-07-05,94.02791436704906,94.14172600986726,93.61643174223708,94.06293487548828,671400,2017,7,27,Wednesday,93.9623,93.7915496826172,0.29,0.25,-0.19,0.29,0.19,0,0.0,92.8536,91.9157,90.9778,90.0399,89.102,88.1641,87.2261,86.2882,85.3503,84.4124,83.4745,82.5366,81.5986,80.6607,79.7228,78.7849,77.847,76.9091,75.9712,75.0332,74.0953,73.1574,72.2195,71.2816,70.3437,False,False,False,False,False,False,False,False,False,False,False,False,False,False,False,False,False,False,False,False,False,False,False,False,False
OEF,2017-07-06,93.80901587744978,93.80901587744978,93.15239655028071,93.2399444580078,309300,2017,7,27,Thursday,93.5026,94.06293487548828,-0.87,-0.27,-0.97,-0.87,0.97,0,0.0,93.1223,92.1817,91.241,90.3004,89.3598,88.4192,87.4785,86.5379,85.5973,84.6566,83.716,82.7754,81.8348,80.8941,79.9535,79.0129,78.0722,77.1316,76.191,75.2503,74.3097,73.3691,72.4285,71.4878,70.5472,False,False,False,False,False,False,False,False,False,False,False,False,False,False,False,False,False,False,False,False,False,False,False,False,False
OEF,2017-07-07,93.38879573521872,93.79152153699631,93.36253202545822,93.71273040771484,343400,2017,7,27,Friday,93.5639,93.2399444580078,0.51,0.16,0.13,0.51,-0.13,0,0.0,92.3075,91.3751,90.4427,89.5103,88.5779,87.6455,86.7131,85.7807,84.8483,83.916,82.9836,82.0512,81.1188,80.1864,79.254,78.3216,77.3892,76.4568,75.5244,74.592,73.6596,72.7272,71.7948,70.8624,69.93,False,False,False,False,False,False,False,False,False,False,False,False,False,False,False,False,False,False,False,False,False,False,False,False,False
OEF,2017-07-10,93.66895264577236,93.9928873166799,93.66020252888084,93.84405517578124,209700,2017,7,28,Monday,93.7915,93.71273040771484,0.14,-0.05,-0.06,0.14,0.06,0,0.0,92.7756,91.8385,90.9013,89.9642,89.0271,88.09,87.1528,86.2157,85.2786,84.3415,83.4043,82.4672,81.5301,80.5929,79.6558,78.7187,77.7816,76.8444,75.9073,74.9702,74.0331,73.0959,72.1588,71.2217,70.2845,False,False,False,False,False,False,False,False,False,False,False,False,False,False,False,False,False,False,False,False,False,False,False,False,False
OEF,2017-07-11,93.78275712042908,93.88781194345272,93.24870617180044,93.76524353027344,522700,2017,7,28,Tuesday,93.6711,93.84405517578124,-0.08,-0.07,-0.63,-0.08,0.63,0,0.0,92.9056,91.9672,91.0287,90.0903,89.1519,88.2134,87.275,86.3365,85.3981,84.4596,83.5212,82.5828,81.6443,80.7059,79.7674,78.829,77.8906,76.9521,76.0137,75.0752,74.1368,73.1984,72.2599,71.3215,70.383,False,False,False,False,False,False,False,False,False,False,False,False,False,False,False,False,False,False,False,False,False,False,False,False,False
OEF,2017-07-12,94.185487328113,94.5006651710882,94.185487328113,94.42186737060548,355400,2017,7,28,Wednesday,94.3234,93.76524353027344,0.7,0.45,0.45,0.7,-0.45,0,0.0,92.8276,91.8899,90.9523,90.0146,89.077,88.1393,87.2017,86.264,85.3264,84.3887,83.4511,82.5134,81.5758,80.6381,79.7005,78.7628,77.8252,76.8875,75.9498,75.0122,74.0745,73.1369,72.1992,71.2616,70.3239,False,False,False,False,False,False,False,False,False,False,False,False,False,False,False,False,False,False,False,False,False,False,False,False,False
OEF,2017-07-13,94.43938830015342,94.65826144814532,94.31681987163624,94.59697723388672,202500,2017,7,28,Thursday,94.5029,94.42186737060548,0.19,0.02,-0.11,0.19,0.11,0,0.0,93.4776,92.5334,91.5892,90.645,89.7008,88.7566,87.8123,86.8681,85.9239,84.9797,84.0355,83.0912,82.147,81.2028,80.2586,79.3144,78.3701,77.4259,76.4817,75.5375,74.5933,73.6491,72.7048,71.7606,70.8164,False,False,False,False,False,False,False,False,False,False,False,False,False,False,False,False,False,False,False,False,False,False,False,False,False
OEF,2017-07-14,94.57947905819331,95.18357118255231,94.51819483394527,95.00846862792967,357500,2017,7,28,Friday,94.8224,94.59697723388672,0.43,-0.02,-0.08,0.43,0.08,0,0.0,93.651,92.705,91.7591,90.8131,89.8671,88.9212,87.9752,87.0292,86.0832,85.1373,84.1913,83.2453,82.2994,81.3534,80.4074,79.4615,78.5155,77.5695,76.6236,75.6776,74.7316,73.7856,72.8397,71.8937,70.9477,False,False,False,False,False,False,False,False,False,False,False,False,False,False,False,False,False,False,False,False,False,False,False,False,False
OEF,2017-07-17,94.99969052443431,95.13101573184514,94.88587222758876,94.97342681884766,347600,2017,7,29,Monday,94.9975,95.00846862792967,-0.04,-0.01,-0.13,-0.04,0.13,0,0.0,94.0584,93.1083,92.1582,91.2081,90.258,89.308,88.3579,87.4078,86.4577,85.5076,84.5575,83.6075,82.6574,81.7073,80.7572,79.8071,78.857,77.9069,76.9569,76.0068,75.0567,74.1066,73.1565,72.2064,71.2564,False,False,False,False,False,False,False,False,False,False,False,False,False,False,False,False,False,False,False,False,False,False,False,False,False
OEF,2017-07-18,94.7895805482162,95.1047584175277,94.64074840978532,95.09600830078124,296300,2017,7,29,Tuesday,94.9078,94.97342681884766,0.13,-0.19,-0.35,0.13,0.35,0,0.0,94.0237,93.074,92.1242,91.1745,90.2248,89.275,88.3253,87.3756,86.4258,85.4761,84.5263,83.5766,82.6269,81.6771,80.7274,79.7777,78.8279,77.8782,76.9285,75.9787,75.029,74.0793,73.1295,72.1798,71.2301,False,False,False,False,False,False,False,False,False,False,False,False,False,False,False,False,False,False,False,False,False,False,False,False,False
OEF,2017-07-19,95.25362218162498,95.56004333496094,95.21860166703227,95.56004333496094,246700,2017,7,29,Wednesday,95.3981,95.09600830078124,0.49,0.17,0.13,0.49,-0.13,0,0.0,94.145,93.1941,92.2431,91.2922,90.3412,89.3902,88.4393,87.4883,86.5374,85.5864,84.6354,83.6845,82.7335,81.7826,80.8316,79.8806,78.9297,77.9787,77.0278,76.0768,75.1258,74.1749,73.2239,72.273,71.322,False,False,False,False,False,False,False,False,False,False,False,False,False,False,False,False,False,False,False,False,False,False,False,False,False
OEF,2017-07-20,95.68260097357084,95.78766250546538,95.38492997294269,95.63007354736328,428600,2017,7,29,Thursday,95.6213,95.56004333496094,0.07,0.13,-0.18,0.07,0.18,0,0.0,94.6044,93.6488,92.6932,91.7376,90.782,89.8264,88.8708,87.9152,86.9596,86.004,85.0484,84.0928,83.1372,82.1816,81.226,80.2704,79.3148,78.3592,77.4036,76.448,75.4924,74.5368,73.5812,72.6256,71.67,False,False,False,False,False,False,False,False,False,False,False,False,False,False,False,False,False,False,False,False,False,False,False,False,False
OEF,2017-07-21,95.20980984317892,95.4461898803711,95.1747893414694,95.4461898803711,242500,2017,7,29,Friday,95.3192,95.63007354736328,-0.19,-0.44,-0.48,-0.19,0.48,0,0.0,94.6738,93.7175,92.7612,91.8049,90.8486,89.8923,88.936,87.9797,87.0234,86.0671,85.1108,84.1545,83.1982,82.2419,81.2856,80.3293,79.373,78.4167,77.4604,76.5041,75.5478,74.5915,73.6352,72.6789,71.7226,False,False,False,False,False,False,False,False,False,False,False,False,False,False,False,False,False,False,False,False,False,False,False,False,False
OEF,2017-07-24,95.4462119708716,95.51625299050129,95.21858867629408,95.43746185302734,290300,2017,7,30,Monday,95.4046,95.4461898803711,-0.01,0.0,-0.24,-0.01,0.24,0,0.0,94.4917,93.5373,92.5828,91.6283,90.6739,89.7194,88.765,87.8105,86.856,85.9016,84.9471,83.9926,83.0382,82.0837,81.1293,80.1748,79.2203,78.2659,77.3114,76.357,75.4025,74.448,73.4936,72.5391,71.5846,False,False,False,False,False,False,False,False,False,False,False,False,False,False,False,False,False,False,False,False,False,False,False,False,False
OEF,2017-07-25,95.72635554239513,95.81391014402472,95.60378711548763,95.673828125,208100,2017,7,30,Tuesday,95.7045,95.43746185302734,0.25,0.3,0.17,0.25,-0.17,0,0.0,94.4831,93.5287,92.5743,91.62,90.6656,89.7112,88.7568,87.8025,86.8481,85.8937,84.9393,83.985,83.0306,82.0762,81.1218,80.1675,79.2131,78.2587,77.3043,76.35,75.3956,74.4412,73.4868,72.5325,71.5781,False,False,False,False,False,False,False,False,False,False,False,False,False,False,False,False,False,False,False,False,False,False,False,False,False
OEF,2017-07-26,95.86642166530476,95.8839285750408,95.64754855647988,95.76136016845705,333400,2017,7,30,Wednesday,95.7898,95.673828125,0.09,0.2,-0.03,0.09,0.03,0,0.0,94.7171,93.7604,92.8036,91.8469,90.8901,89.9334,88.9767,88.0199,87.0632,86.1064,85.1497,84.193,83.2362,82.2795,81.3228,80.366,79.4093,78.4525,77.4958,76.5391,75.5823,74.6256,73.6688,72.7121,71.7554,False,False,False,False,False,False,False,False,False,False,False,False,False,False,False,False,False,False,False,False,False,False,False,False,False
OEF,2017-07-27,95.99777857527025,96.1641176508757,95.21859058484024,95.85769653320312,1015900,2017,7,30,Thursday,95.8095,95.76136016845705,0.1,0.25,-0.57,0.1,0.57,0,0.0,94.8037,93.8461,92.8885,91.9309,90.9733,90.0157,89.0581,88.1005,87.1428,86.1852,85.2276,84.27,83.3124,82.3548,81.3972,80.4395,79.4819,78.5243,77.5667,76.6091,75.6515,74.6939,73.7362,72.7786,71.821,False,False,False,False,False,False,False,False,False,False,False,False,False,False,False,False,False,False,False,False,False,False,False,False,False
OEF,2017-07-28,95.49873544493202,95.66507449868745,95.28861240943276,95.60379028320312,296100,2017,7,30,Friday,95.5141,95.85769653320312,-0.26,-0.37,-0.59,-0.26,0.59,0,0.0,94.8991,93.9405,92.982,92.0234,91.0648,90.1062,89.1477,88.1891,87.2305,86.2719,85.3133,84.3548,83.3962,82.4376,81.479,80.5205,79.5619,78.6033,77.6447,76.6862,75.7276,74.769,73.8104,72.8518,71.8933,False,False,False,False,False,False,False,False,False,False,False,False,False,False,False,False,False,False,False,False,False,False,False,False,False
OEF,2017-07-31,95.78765979674176,95.83143042418382,95.49874560181138,95.56878662109376,185600,2017,7,31,Monday,95.6717,95.60379028320312,-0.04,0.19,-0.11,-0.04,0.11,0,0.0,94.6478,93.6917,92.7357,91.7796,90.8236,89.8676,88.9115,87.9555,86.9994,86.0434,85.0874,84.1313,83.1753,82.2193,81.2632,80.3072,79.3511,78.3951,77.4391,76.483,75.527,74.571,73.6149,72.6589,71.7028,False,False,False,False,False,False,False,False,False,False,False,False,False,False,False,False,False,False,False,False,False,False,False,False,False
OEF,2017-08-01,95.86646270751952,95.9365037354039,95.7001169361642,95.86646270751952,501500,2017,8,31,Tuesday,95.8424,95.56878662109376,0.31,0.31,0.14,0.31,-0.14,0,0.0,94.6131,93.6574,92.7017,91.746,90.7903,89.8347,88.879,87.9233,86.9676,86.0119,85.0562,84.1005,83.1448,82.1892,81.2335,80.2778,79.3221,78.3664,77.4107,76.455,75.4993,74.5437,73.588,72.6323,71.6766,False,False,False,False,False,False,False,False,False,False,False,False,False,False,False,False,False,False,False,False,False,False,False,False,False
OEF,2017-08-02,96.14658671887004,96.14658671887004,95.69133355482852,96.07654571533205,361800,2017,8,31,Wednesday,96.0153,95.86646270751952,0.22,0.29,-0.18,0.22,0.18,0,0.0,94.9078,93.9491,92.9905,92.0318,91.0731,90.1145,89.1558,88.1971,87.2385,86.2798,85.3212,84.3625,83.4038,82.4452,81.4865,80.5278,79.5692,78.6105,77.6518,76.6932,75.7345,74.7758,73.8172,72.8585,71.8998,False,False,False,False,False,False,False,False,False,False,False,False,False,False,False,False,False,False,False,False,False,False,False,False,False
OEF,2017-08-03,96.06782245997506,96.11159308981624,95.8489492723304,95.96276092529295,527500,2017,8,31,Thursday,95.9978,96.07654571533205,-0.12,-0.01,-0.24,-0.12,0.24,0,0.0,95.1158,94.155,93.1942,92.2335,91.2727,90.312,89.3512,88.3904,87.4297,86.4689,85.5081,84.5474,83.5866,82.6258,81.6651,80.7043,79.7435,78.7828,77.822,76.8612,75.9005,74.9397,73.9789,73.0182,72.0574,False,False,False,False,False,False,False,False,False,False,False,False,False,False,False,False,False,False,False,False,False,False,False,False,False
OEF,2017-08-04,96.21665001032324,96.33046165782784,95.97151312063374,96.16411590576172,237500,2017,8,31,Friday,96.1707,95.96276092529295,0.21,0.26,0.01,0.21,-0.01,0,0.0,95.0031,94.0435,93.0839,92.1243,91.1646,90.205,89.2454,88.2857,87.3261,86.3665,85.4069,84.4472,83.4876,82.528,81.5683,80.6087,79.6491,78.6895,77.7298,76.7702,75.8106,74.851,73.8913,72.9317,71.9721,False,False,False,False,False,False,False,False,False,False,False,False,False,False,False,False,False,False,False,False,False,False,False,False,False
OEF,2017-08-07,96.18164013635936,96.3392291085118,96.137862824297,96.3129653930664,171900,2017,8,32,Monday,96.2429,96.16411590576172,0.15,0.02,-0.03,0.15,0.03,0,0.0,95.2025,94.2408,93.2792,92.3176,91.3559,90.3943,89.4326,88.471,87.5093,86.5477,85.5861,84.6244,83.6628,82.7011,81.7395,80.7779,79.8162,78.8546,77.8929,76.9313,75.9697,75.008,74.0464,73.0847,72.1231,False,False,False,False,False,False,False,False,False,False,False,False,False,False,False,False,False,False,False,False,False,False,False,False,False
OEF,2017-08-08,96.18161598800444,96.75068750453792,95.99776334656654,96.17285919189452,416900,2017,8,32,Tuesday,96.2757,96.3129653930664,-0.15,-0.14,-0.33,-0.15,0.33,0,0.0,95.3498,94.3867,93.4236,92.4604,91.4973,90.5342,89.5711,88.6079,87.6448,86.6817,85.7185,84.7554,83.7923,82.8292,81.866,80.9029,79.9398,78.9766,78.0135,77.0504,76.0872,75.1241,74.161,73.1979,72.2347,False,False,False,False,False,False,False,False,False,False,False,False,False,False,False,False,False,False,False,False,False,False,False,False,False
OEF,2017-08-09,95.77016886070412,96.19915851621585,95.66510730692376,96.15538787841795,437800,2017,8,32,Wednesday,95.9475,96.17285919189452,-0.02,-0.42,-0.53,-0.02,0.53,0,0.0,95.2111,94.2494,93.2877,92.3259,91.3642,90.4025,89.4408,88.479,87.5173,86.5556,85.5938,84.6321,83.6704,82.7087,81.7469,80.7852,79.8235,78.8617,77.9,76.9383,75.9766,75.0148,74.0531,73.0914,72.1296,False,False,False,False,False,False,False,False,False,False,False,False,False,False,False,False,False,False,False,False,False,False,False,False,False
OEF,2017-08-10,95.82266927213672,95.84893966278314,94.86838547582994,94.91216278076172,488500,2017,8,32,Thursday,95.363,96.15538787841795,-1.29,-0.35,-1.34,-1.29,1.34,1,95.1938,95.1938,94.2323,93.2707,92.3092,91.3476,90.3861,89.4245,88.463,87.5014,86.5398,85.5783,84.6167,83.6552,82.6936,81.7321,80.7705,79.809,78.8474,77.8859,76.9243,75.9628,75.0012,74.0396,73.0781,72.1165,True,False,False,False,False,False,False,False,False,False,False,False,False,False,False,False,False,False,False,False,False,False,False,False,False
OEF,2017-08-11,95.00846290631452,95.31489068858052,94.90340805934706,95.06099700927734,332800,2017,8,32,Friday,95.0719,94.91216278076172,0.16,0.1,-0.01,0.16,0.01,0,0.0,93.963,93.0139,92.0648,91.1157,90.1666,89.2174,88.2683,87.3192,86.3701,85.4209,84.4718,83.5227,82.5736,81.6245,80.6753,79.7262,78.7771,77.828,76.8789,75.9297,74.9806,74.0315,73.0824,72.1332,71.1841,False,False,False,False,False,False,False,False,False,False,False,False,False,False,False,False,False,False,False,False,False,False,False,False,False
OEF,2017-08-14,95.63881257600492,96.04153838235176,95.60379206943406,95.92772674560548,386800,2017,8,33,Monday,95.803,95.06099700927734,0.91,0.61,0.57,0.91,-0.57,0,0.0,94.1104,93.1598,92.2092,91.2586,90.3079,89.3573,88.4067,87.4561,86.5055,85.5549,84.6043,83.6537,82.7031,81.7525,80.8018,79.8512,78.9006,77.95,76.9994,76.0488,75.0982,74.1476,73.197,72.2464,71.2957,False,False,False,False,False,False,False,False,False,False,False,False,False,False,False,False,False,False,False,False,False,False,False,False,False
OEF,2017-08-15,96.21665127875892,96.26042190707804,95.87520965226452,95.98902130126952,380300,2017,8,33,Tuesday,96.0853,95.92772674560548,0.06,0.3,-0.05,0.06,0.05,0,0.0,94.9684,94.0092,93.0499,92.0906,91.1313,90.1721,89.2128,88.2535,87.2942,86.335,85.3757,84.4164,83.4571,82.4978,81.5386,80.5793,79.62,78.6607,77.7015,76.7422,75.7829,74.8236,73.8643,72.9051,71.9458,False,False,False,False,False,False,False,False,False,False,False,False,False,False,False,False,False,False,False,False,False,False,False,False,False
OEF,2017-08-16,96.12911717882848,96.37425410703304,95.90148716857554,96.06783294677734,449700,2017,8,33,Wednesday,96.1182,95.98902130126952,0.08,0.15,-0.09,0.08,0.09,0,0.0,95.0291,94.0692,93.1094,92.1495,91.1896,90.2297,89.2698,88.3099,87.35,86.3901,85.4302,84.4703,83.5104,82.5506,81.5907,80.6308,79.6709,78.711,77.7511,76.7912,75.8313,74.8714,73.9115,72.9517,71.9918,False,False,False,False,False,False,False,False,False,False,False,False,False,False,False,False,False,False,False,False,False,False,False,False,False
OEF,2017-08-17,95.80515976451574,95.88395089588543,94.63199615478516,94.63199615478516,690600,2017,8,33,Thursday,95.2383,96.06783294677734,-1.49,-0.27,-1.49,-1.49,1.49,1,95.1072,95.1072,94.1465,93.1858,92.2251,91.2644,90.3038,89.3431,88.3824,87.4217,86.461,85.5004,84.5397,83.579,82.6183,81.6577,80.697,79.7363,78.7756,77.8149,76.8543,75.8936,74.9329,73.9722,73.0116,72.0509,True,False,False,False,False,False,False,False,False,False,False,False,False,False,False,False,False,False,False,False,False,False,False,False,False
OEF,2017-08-18,94.54447558449836,94.99973562907712,94.26431812609634,94.38688659667967,504200,2017,8,33,Friday,94.5489,94.63199615478516,-0.26,-0.09,-0.39,-0.26,0.39,0,0.0,93.6857,92.7394,91.793,90.8467,89.9004,88.9541,88.0078,87.0614,86.1151,85.1688,84.2225,83.2762,82.3298,81.3835,80.4372,79.4909,78.5446,77.5982,76.6519,75.7056,74.7593,73.813,72.8666,71.9203,70.974,False,False,False,False,False,False,False,False,False,False,False,False,False,False,False,False,False,False,False,False,False,False,False,False,False
OEF,2017-08-21,94.351840188835,94.60573385951103,94.0629326900123,94.50067901611328,269900,2017,8,34,Monday,94.3803,94.38688659667967,0.12,-0.04,-0.34,0.12,0.34,0,0.0,93.443,92.4991,91.5553,90.6114,89.6675,88.7237,87.7798,86.8359,85.8921,84.9482,84.0043,83.0605,82.1166,81.1727,80.2289,79.285,78.3411,77.3972,76.4534,75.5095,74.5656,73.6218,72.6779,71.734,70.7902,False,False,False,False,False,False,False,False,False,False,False,False,False,False,False,False,False,False,False,False,False,False,False,False,False
OEF,2017-08-22,94.71077938290412,95.52498767908698,94.71077938290412,95.4461898803711,363700,2017,8,34,Tuesday,95.0982,94.50067901611328,1.0,0.22,0.22,1.0,-0.22,0,0.0,93.5557,92.6107,91.6657,90.7207,89.7756,88.8306,87.8856,86.9406,85.9956,85.0506,84.1056,83.1606,82.2156,81.2706,80.3256,79.3806,78.4356,77.4906,76.5456,75.6005,74.6555,73.7105,72.7655,71.8205,70.8755,False,False,False,False,False,False,False,False,False,False,False,False,False,False,False,False,False,False,False,False,False,False,False,False,False
OEF,2017-08-23,95.06100718257932,95.30614409104308,95.01722987200516,95.0785140991211,309500,2017,8,34,Wednesday,95.1157,95.4461898803711,-0.39,-0.4,-0.45,-0.39,0.45,0,0.0,94.4917,93.5373,92.5828,91.6283,90.6739,89.7194,88.765,87.8105,86.856,85.9016,84.9471,83.9926,83.0382,82.0837,81.1293,80.1748,79.2203,78.2659,77.3114,76.357,75.4025,74.448,73.4936,72.5391,71.5846,False,False,False,False,False,False,False,False,False,False,False,False,False,False,False,False,False,False,False,False,False,False,False,False,False
OEF,2017-08-24,95.23607865644784,95.27109916003526,94.7107844615924,94.84210968017578,272500,2017,8,34,Thursday,95.015,95.0785140991211,-0.25,0.17,-0.39,-0.25,0.39,0,0.0,94.1277,93.1769,92.2262,91.2754,90.3246,89.3738,88.423,87.4722,86.5214,85.5707,84.6199,83.6691,82.7183,81.7675,80.8167,79.866,78.9152,77.9644,77.0136,76.0628,75.112,74.1612,73.2105,72.2597,71.3089,False,False,False,False,False,False,False,False,False,False,False,False,False,False,False,False,False,False,False,False,False,False,False,False,False
OEF,2017-08-25,95.18355175684866,95.47246590340283,94.98218552999867,95.02596282958984,319600,2017,8,34,Friday,95.166,94.84210968017578,0.19,0.36,0.15,0.19,-0.15,0,0.0,93.8937,92.9453,91.9968,91.0484,90.1,89.1516,88.2032,87.2547,86.3063,85.3579,84.4095,83.4611,82.5126,81.5642,80.6158,79.6674,78.719,77.7705,76.8221,75.8737,74.9253,73.9768,73.0284,72.08,71.1316,False,False,False,False,False,False,False,False,False,False,False,False,False,False,False,False,False,False,False,False,False,False,False,False,False
OEF,2017-08-28,95.20982073345432,95.32363236742,94.91215645409252,95.1047592163086,209100,2017,8,35,Monday,95.1376,95.02596282958984,0.08,0.19,-0.12,0.08,0.12,0,0.0,94.0757,93.1254,92.1752,91.2249,90.2747,89.3244,88.3741,87.4239,86.4736,85.5234,84.5731,83.6228,82.6726,81.7223,80.7721,79.8218,78.8715,77.9213,76.971,76.0208,75.0705,74.1203,73.17,72.2197,71.2695,False,False,False,False,False,False,False,False,False,False,False,False,False,False,False,False,False,False,False,False,False,False,False,False,False
OEF,2017-08-29,94.49194199332328,95.42871906003614,94.49194199332328,95.29739379882812,454300,2017,8,35,Tuesday,94.9275,95.1047592163086,0.2,-0.64,-0.64,0.2,0.64,0,0.0,94.1537,93.2027,92.2516,91.3006,90.3495,89.3985,88.4474,87.4964,86.5453,85.5943,84.6432,83.6922,82.7411,81.7901,80.839,79.888,78.937,77.9859,77.0349,76.0838,75.1328,74.1817,73.2307,72.2796,71.3286,False,False,False,False,False,False,False,False,False,False,False,False,False,False,False,False,False,False,False,False,False,False,False,False,False
OEF,2017-08-30,95.35865802684258,95.85768857116776,95.2536031834976,95.71761322021484,595200,2017,8,35,Wednesday,95.5469,95.29739379882812,0.44,0.06,-0.05,0.44,0.05,0,0.0,94.3444,93.3914,92.4385,91.4855,90.5325,89.5796,88.6266,87.6736,86.7206,85.7677,84.8147,83.8617,82.9087,81.9558,81.0028,80.0498,79.0968,78.1439,77.1909,76.2379,75.2849,74.332,73.379,72.426,71.473,False,False,False,False,False,False,False,False,False,False,False,False,False,False,False,False,False,False,False,False,False,False,False,False,False
OEF,2017-08-31,96.1028454916172,96.40051652863828,95.9977906263582,96.24292755126952,588500,2017,8,35,Thursday,96.186,95.71761322021484,0.55,0.4,0.29,0.55,-0.29,0,0.0,94.7604,93.8033,92.8461,91.8889,90.9317,89.9746,89.0174,88.0602,87.103,86.1459,85.1887,84.2315,83.2743,82.3171,81.36,80.4028,79.4456,78.4884,77.5313,76.5741,75.6169,74.6597,73.7026,72.7454,71.7882,False,False,False,False,False,False,False,False,False,False,False,False,False,False,False,False,False,False,False,False,False,False,False,False,False
OEF,2017-09-01,96.37423785831383,96.55809052346966,96.28668992435573,96.38298797607422,608200,2017,9,35,Friday,96.4005,96.24292755126952,0.15,0.14,0.05,0.15,-0.05,0,0.0,95.2805,94.3181,93.3556,92.3932,91.4308,90.4684,89.5059,88.5435,87.5811,86.6186,85.6562,84.6938,83.7313,82.7689,81.8065,80.8441,79.8816,78.9192,77.9568,76.9943,76.0319,75.0695,74.1071,73.1446,72.1822,False,False,False,False,False,False,False,False,False,False,False,False,False,False,False,False,False,False,False,False,False,False,False,False,False
OEF,2017-09-05,96.06781991103809,96.20789527408468,95.20107730173682,95.63007354736328,833900,2017,9,36,Tuesday,95.7767,96.38298797607422,-0.78,-0.33,-1.23,-0.78,1.23,1,95.4192,95.4192,94.4553,93.4915,92.5277,91.5638,90.6,89.6362,88.6723,87.7085,86.7447,85.7809,84.817,83.8532,82.8894,81.9255,80.9617,79.9979,79.0341,78.0702,77.1064,76.1426,75.1787,74.2149,73.2511,72.2872,True,False,False,False,False,False,False,False,False,False,False,False,False,False,False,False,False,False,False,False,False,False,False,False,False
OEF,2017-09-06,95.89271482182394,96.13785171028202,95.71761895277652,95.98026275634766,419900,2017,9,36,Wednesday,95.9321,95.63007354736328,0.37,0.27,0.09,0.37,-0.09,0,0.0,94.6738,93.7175,92.7612,91.8049,90.8486,89.8923,88.936,87.9797,87.0234,86.0671,85.1108,84.1545,83.1982,82.2419,81.2856,80.3293,79.373,78.4167,77.4604,76.5041,75.5478,74.5915,73.6352,72.6789,71.7226,False,False,False,False,False,False,False,False,False,False,False,False,False,False,False,False,False,False,False,False,False,False,False,False,False
OEF,2017-09-07,96.12034654518568,96.1728739709604,95.7789049186913,95.98902130126952,388900,2017,9,36,Thursday,96.0153,95.98026275634766,0.01,0.15,-0.21,0.01,0.21,0,0.0,95.0205,94.0607,93.1009,92.1411,91.1812,90.2214,89.2616,88.3018,87.342,86.3822,85.4224,84.4626,83.5028,82.543,81.5832,80.6234,79.6636,78.7038,77.744,76.7842,75.8244,74.8646,73.9048,72.945,71.9852,False,False,False,False,False,False,False,False,False,False,False,False,False,False,False,False,False,False,False,False,False,False,False,False,False
OEF,2017-09-08,95.80518740372725,95.96277639140888,95.6300914971835,95.69137573242188,565800,2017,9,36,Friday,95.7724,95.98902130126952,-0.31,-0.19,-0.37,-0.31,0.37,0,0.0,95.0291,94.0692,93.1094,92.1495,91.1896,90.2297,89.2698,88.3099,87.35,86.3901,85.4302,84.4703,83.5104,82.5506,81.5907,80.6308,79.6709,78.711,77.7511,76.7912,75.8313,74.8714,73.9115,72.9517,71.9918,False,False,False,False,False,False,False,False,False,False,False,False,False,False,False,False,False,False,False,False,False,False,False,False,False
OEF,2017-09-11,96.28668914151092,96.75944931693692,96.28668914151092,96.68941497802734,428300,2017,9,37,Monday,96.5056,95.69137573242188,1.04,0.62,0.62,1.04,-0.62,0,0.0,94.7345,93.7775,92.8206,91.8637,90.9068,89.9499,88.993,88.0361,87.0792,86.1222,85.1653,84.2084,83.2515,82.2946,81.3377,80.3808,79.4238,78.4669,77.51,76.5531,75.5962,74.6393,73.6824,72.7254,71.7685,False,False,False,False,False,False,False,False,False,False,False,False,False,False,False,False,False,False,False,False,False,False,False,False,False
OEF,2017-09-12,96.91703765289448,97.1096471125003,96.87326702628894,97.0921401977539,462100,2017,9,37,Tuesday,96.998,96.68941497802734,0.42,0.24,0.19,0.42,-0.19,0,0.0,95.7225,94.7556,93.7887,92.8218,91.8549,90.8881,89.9212,88.9543,87.9874,87.0205,86.0536,85.0867,84.1198,83.1529,82.186,81.2191,80.2522,79.2853,78.3184,77.3515,76.3846,75.4177,74.4508,73.484,72.5171,False,False,False,False,False,False,False,False,False,False,False,False,False,False,False,False,False,False,False,False,False,False,False,False,False
OEF,2017-09-13,96.94331771891558,97.24098205566406,96.94331771891558,97.24098205566406,429600,2017,9,37,Wednesday,97.0921,97.0921401977539,0.15,-0.15,-0.15,0.15,0.15,0,0.0,96.1212,95.1503,94.1794,93.2085,92.2375,91.2666,90.2957,89.3248,88.3538,87.3829,86.412,85.4411,84.4702,83.4992,82.5283,81.5574,80.5865,79.6156,78.6446,77.6737,76.7028,75.7319,74.7609,73.79,72.8191,False,False,False,False,False,False,False,False,False,False,False,False,False,False,False,False,False,False,False,False,False,False,False,False,False
OEF,2017-09-14,97.11840756938182,97.31101703624586,97.0221028359498,97.2059555053711,553400,2017,9,37,Thursday,97.1644,97.24098205566406,-0.04,-0.13,-0.23,-0.04,0.23,0,0.0,96.2686,95.2962,94.3238,93.3513,92.3789,91.4065,90.4341,89.4617,88.4893,87.5169,86.5445,85.5721,84.5997,83.6272,82.6548,81.6824,80.71,79.7376,78.7652,77.7928,76.8204,75.848,74.8756,73.9031,72.9307,False,False,False,False,False,False,False,False,False,False,False,False,False,False,False,False,False,False,False,False,False,False,False,False,False
OEF,2017-09-15,97.23220253713644,97.35477096238957,97.1008839954211,97.28473663330078,373400,2017,9,37,Friday,97.2431,97.2059555053711,0.08,0.03,-0.11,0.08,0.11,0,0.0,96.2339,95.2618,94.2898,93.3177,92.3457,91.3736,90.4015,89.4295,88.4574,87.4854,86.5133,85.5412,84.5692,83.5971,82.6251,81.653,80.6809,79.7089,78.7368,77.7648,76.7927,75.8206,74.8486,73.8765,72.9045,False,False,False,False,False,False,False,False,False,False,False,False,False,False,False,False,False,False,False,False,False,False,False,False,False
OEF,2017-09-18,97.42479373065618,97.60864633411416,97.275961624925,97.45105743408205,256500,2017,9,38,Monday,97.4401,97.28473663330078,0.17,0.14,-0.01,0.17,0.01,0,0.0,96.3119,95.339,94.3662,93.3933,92.4205,91.4477,90.4748,89.502,88.5291,87.5563,86.5834,85.6106,84.6377,83.6649,82.692,81.7192,80.7463,79.7735,78.8006,77.8278,76.8549,75.8821,74.9092,73.9364,72.9636,False,False,False,False,False,False,False,False,False,False,False,False,False,False,False,False,False,False,False,False,False,False,False,False,False
OEF,2017-09-19,97.57364354488928,97.7487460653024,97.46858871211958,97.68746185302734,349000,2017,9,38,Tuesday,97.6196,97.45105743408205,0.24,0.13,0.02,0.24,-0.02,0,0.0,96.4765,95.502,94.5275,93.553,92.5785,91.604,90.6295,89.655,88.6805,87.706,86.7314,85.7569,84.7824,83.8079,82.8334,81.8589,80.8844,79.9099,78.9354,77.9608,76.9863,76.0118,75.0373,74.0628,73.0883,False,False,False,False,False,False,False,False,False,False,False,False,False,False,False,False,False,False,False,False,False,False,False,False,False
OEF,2017-09-20,97.6787196832844,97.79253132898616,97.34603486390144,97.7750244140625,383400,2017,9,38,Wednesday,97.6481,97.68746185302734,0.09,-0.01,-0.35,0.09,0.35,0,0.0,96.7106,95.7337,94.7568,93.78,92.8031,91.8262,90.8493,89.8725,88.8956,87.9187,86.9418,85.965,84.9881,84.0112,83.0343,82.0575,81.0806,80.1037,79.1268,78.15,77.1731,76.1962,75.2193,74.2425,73.2656,False,False,False,False,False,False,False,False,False,False,False,False,False,False,False,False,False,False,False,False,False,False,False,False,False
OEF,2017-09-21,97.61744818489647,97.69623933154104,97.38981818434546,97.44235229492188,559100,2017,9,38,Thursday,97.5365,97.7750244140625,-0.34,-0.16,-0.39,-0.34,0.39,0,0.0,96.7973,95.8195,94.8418,93.864,92.8863,91.9085,90.9308,89.953,88.9753,87.9975,87.0198,86.042,85.0643,84.0865,83.1088,82.131,81.1533,80.1755,79.1978,78.22,77.2423,76.2645,75.2868,74.309,73.3313,False,False,False,False,False,False,False,False,False,False,False,False,False,False,False,False,False,False,False,False,False,False,False,False,False
OEF,2017-09-22,97.26728258242684,97.49491265987147,97.26728258242684,97.4161148071289,283400,2017,9,38,Friday,97.3614,97.44235229492188,-0.03,-0.18,-0.18,-0.03,0.18,0,0.0,96.4679,95.4935,94.5191,93.5447,92.5702,91.5958,90.6214,89.647,88.6725,87.6981,86.7237,85.7493,84.7748,83.8004,82.826,81.8516,80.8772,79.9027,78.9283,77.9539,76.9795,76.005,75.0306,74.0562,73.0818,False,False,False,False,False,False,False,False,False,False,False,False,False,False,False,False,False,False,False,False,False,False,False,False,False
OEF,2017-09-25,97.2584727492994,97.43357528242625,96.89076744895104,97.18843841552734,454500,2017,9,39,Monday,97.1928,97.4161148071289,-0.23,-0.16,-0.54,-0.23,0.54,0,0.0,96.442,95.4678,94.4936,93.5195,92.5453,91.5711,90.597,89.6228,88.6487,87.6745,86.7003,85.7262,84.752,83.7779,82.8037,81.8295,80.8554,79.8812,78.9071,77.9329,76.9587,75.9846,75.0104,74.0362,73.0621,False,False,False,False,False,False,False,False,False,False,False,False,False,False,False,False,False,False,False,False,False,False,False,False,False
OEF,2017-09-26,97.31689894409354,97.44885465286208,97.08816452908223,97.1849365234375,377500,2017,9,39,Tuesday,97.2597,97.18843841552734,-0.0,0.13,-0.1,-0.0,0.1,0,0.0,96.2166,95.2447,94.2728,93.3009,92.329,91.3571,90.3852,89.4134,88.4415,87.4696,86.4977,85.5258,84.5539,83.5821,82.6102,81.6383,80.6664,79.6945,78.7226,77.7508,76.7789,75.807,74.8351,73.8632,72.8913,False,False,False,False,False,False,False,False,False,False,False,False,False,False,False,False,False,False,False,False,False,False,False,False,False
OEF,2017-09-27,97.4752507054656,97.71277768874772,97.14974430211338,97.51923370361328,691500,2017,9,39,Wednesday,97.4643,97.1849365234375,0.34,0.3,-0.04,0.34,0.04,0,0.0,96.2131,95.2412,94.2694,93.2975,92.3257,91.3538,90.382,89.4101,88.4383,87.4664,86.4946,85.5227,84.5509,83.579,82.6072,81.6353,80.6635,79.6916,78.7198,77.7479,76.7761,75.8043,74.8324,73.8606,72.8887,False,False,False,False,False,False,False,False,False,False,False,False,False,False,False,False,False,False,False,False,False,False,False,False,False
OEF,2017-09-28,97.46644960644156,97.71277586952203,97.4224598972255,97.64239501953124,560700,2017,9,39,Thursday,97.561,97.51923370361328,0.13,-0.05,-0.1,0.13,0.1,0,0.0,96.544,95.5688,94.5937,93.6185,92.6433,91.6681,90.6929,89.7177,88.7425,87.7673,86.7921,85.8169,84.8417,83.8665,82.8913,81.9162,80.941,79.9658,78.9906,78.0154,77.0402,76.065,75.0898,74.1146,73.1394,False,False,False,False,False,False,False,False,False,False,False,False,False,False,False,False,False,False,False,False,False,False,False,False,False
OEF,2017-09-29,97.65121336159888,97.95912125054151,97.51925092008386,97.9151382446289,418500,2017,9,39,Friday,97.7612,97.64239501953124,0.28,0.01,-0.13,0.28,0.13,0,0.0,96.666,95.6895,94.7131,93.7367,92.7603,91.7839,90.8074,89.831,88.8546,87.8782,86.9017,85.9253,84.9489,83.9725,82.996,82.0196,81.0432,80.0668,79.0903,78.1139,77.1375,76.1611,75.1846,74.2082,73.2318,False,False,False,False,False,False,False,False,False,False,False,False,False,False,False,False,False,False,False,False,False,False,False,False,False
OEF,2017-10-02,98.08225029515503,98.37256622314452,98.05585915840804,98.37256622314452,337100,2017,10,40,Monday,98.2208,97.9151382446289,0.47,0.17,0.14,0.47,-0.14,0,0.0,96.936,95.9568,94.9777,93.9985,93.0194,92.0402,91.0611,90.0819,89.1028,88.1236,87.1445,86.1653,85.1862,84.207,83.2279,82.2487,81.2696,80.2904,79.3113,78.3321,77.353,76.3738,75.3947,74.4155,73.4364,False,False,False,False,False,False,False,False,False,False,False,False,False,False,False,False,False,False,False,False,False,False,False,False,False
OEF,2017-10-03,98.46054400624828,98.62769683013536,98.39896244669303,98.5925064086914,244000,2017,10,40,Tuesday,98.5199,98.37256622314452,0.22,0.09,0.03,0.22,-0.03,0,0.0,97.3888,96.4051,95.4214,94.4377,93.4539,92.4702,91.4865,90.5028,89.519,88.5353,87.5516,86.5679,85.5841,84.6004,83.6167,82.633,81.6492,80.6655,79.6818,78.6981,77.7143,76.7306,75.7469,74.7632,73.7794,False,False,False,False,False,False,False,False,False,False,False,False,False,False,False,False,False,False,False,False,False,False,False,False,False
OEF,2017-10-04,98.52212556580352,98.7420606659132,98.4429521514696,98.5925064086914,269100,2017,10,40,Wednesday,98.5749,98.5925064086914,0.0,-0.07,-0.15,0.0,0.15,0,0.0,97.6066,96.6207,95.6347,94.6488,93.6629,92.677,91.691,90.7051,89.7192,88.7333,87.7473,86.7614,85.7755,84.7896,83.8036,82.8177,81.8318,80.8459,79.8599,78.874,77.8881,76.9022,75.9162,74.9303,73.9444,False,False,False,False,False,False,False,False,False,False,False,False,False,False,False,False,False,False,False,False,False,False,False,False,False
OEF,2017-10-05,98.75965058373384,99.27869415283205,98.74205201860975,99.27869415283205,367600,2017,10,40,Thursday,99.0148,98.5925064086914,0.7,0.17,0.15,0.7,-0.15,0,0.0,97.6066,96.6207,95.6347,94.6488,93.6629,92.677,91.691,90.7051,89.7192,88.7333,87.7473,86.7614,85.7755,84.7896,83.8036,82.8177,81.8318,80.8459,79.8599,78.874,77.8881,76.9022,75.9162,74.9303,73.9444,False,False,False,False,False,False,False,False,False,False,False,False,False,False,False,False,False,False,False,False,False,False,False,False,False
OEF,2017-10-06,99.1027490346699,99.16433058899482,98.95319479015023,99.137939453125,258700,2017,10,40,Friday,99.0896,99.27869415283205,-0.14,-0.18,-0.33,-0.14,0.33,0,0.0,98.2859,97.2931,96.3003,95.3075,94.3148,93.322,92.3292,91.3364,90.3436,89.3508,88.358,87.3653,86.3725,85.3797,84.3869,83.3941,82.4013,81.4085,80.4157,79.423,78.4302,77.4374,76.4446,75.4518,74.459,False,False,False,False,False,False,False,False,False,False,False,False,False,False,False,False,False,False,False,False,False,False,False,False,False
OEF,2017-10-09,99.29631314277891,99.30510571526354,98.91802445743096,99.04998016357422,328300,2017,10,41,Monday,99.1424,99.137939453125,-0.09,0.16,-0.22,-0.09,0.22,0,0.0,98.1466,97.1552,96.1638,95.1724,94.181,93.1897,92.1983,91.2069,90.2155,89.2241,88.2328,87.2414,86.25,85.2586,84.2672,83.2759,82.2845,81.2931,80.3017,79.3104,78.319,77.3276,76.3362,75.3448,74.3535,False,False,False,False,False,False,False,False,False,False,False,False,False,False,False,False,False,False,False,False,False,False,False,False,False
OEF,2017-10-10,99.24352905724344,99.43707305167656,99.04998506281034,99.29631805419922,196000,2017,10,41,Tuesday,99.2567,99.04998016357422,0.25,0.2,0.0,0.25,-0.0,0,0.0,98.0595,97.069,96.0785,95.088,94.0975,93.107,92.1165,91.126,90.1355,89.145,88.1545,87.164,86.1735,85.183,84.1925,83.202,82.2115,81.221,80.2305,79.24,78.2495,77.259,76.2685,75.278,74.2875,False,False,False,False,False,False,False,False,False,False,False,False,False,False,False,False,False,False,False,False,False,False,False,False,False
OEF,2017-10-11,99.27870685877664,99.50744125146164,99.2347238641094,99.49864196777344,240400,2017,10,41,Wednesday,99.3799,99.29631805419922,0.2,-0.02,-0.06,0.2,0.06,0,0.0,98.3034,97.3104,96.3174,95.3245,94.3315,93.3385,92.3456,91.3526,90.3596,89.3667,88.3737,87.3808,86.3878,85.3948,84.4019,83.4089,82.4159,81.423,80.43,79.4371,78.4441,77.4511,76.4582,75.4652,74.4722,False,False,False,False,False,False,False,False,False,False,False,False,False,False,False,False,False,False,False,False,False,False,False,False,False
OEF,2017-10-12,99.29630460255788,99.41066844200836,99.09396135072892,99.1731414794922,630200,2017,10,41,Thursday,99.2435,99.49864196777344,-0.33,-0.2,-0.41,-0.33,0.41,0,0.0,98.5037,97.5087,96.5137,95.5187,94.5237,93.5287,92.5337,91.5388,90.5438,89.5488,88.5538,87.5588,86.5638,85.5688,84.5738,83.5789,82.5839,81.5889,80.5939,79.5989,78.6039,77.6089,76.614,75.619,74.624,False,False,False,False,False,False,False,False,False,False,False,False,False,False,False,False,False,False,False,False,False,False,False,False,False
OEF,2017-10-13,99.35790359476056,99.46346816911536,99.26113159367668,99.33151245117188,270600,2017,10,41,Friday,99.3535,99.1731414794922,0.16,0.19,0.09,0.16,-0.09,0,0.0,98.1814,97.1897,96.1979,95.2062,94.2145,93.2228,92.231,91.2393,90.2476,89.2558,88.2641,87.2724,86.2806,85.2889,84.2972,83.3054,82.3137,81.322,80.3302,79.3385,78.3468,77.3551,76.3633,75.3716,74.3799,False,False,False,False,False,False,False,False,False,False,False,False,False,False,False,False,False,False,False,False,False,False,False,False,False
OEF,2017-10-16,99.4458650387394,99.63940901896946,99.3754841892217,99.57782745361328,214700,2017,10,42,Monday,99.5096,99.33151245117188,0.25,0.12,0.04,0.25,-0.04,0,0.0,98.3382,97.3449,96.3516,95.3583,94.3649,93.3716,92.3783,91.385,90.3917,89.3984,88.405,87.4117,86.4184,85.4251,84.4318,83.4385,82.4452,81.4518,80.4585,79.4652,78.4719,77.4786,76.4853,75.4919,74.4986,False,False,False,False,False,False,False,False,False,False,False,False,False,False,False,False,False,False,False,False,False,False,False,False,False
OEF,2017-10-17,99.57782975538892,99.73618331452052,99.53384004545173,99.70978546142578,297400,2017,10,42,Tuesday,99.6394,99.57782745361328,0.13,0.0,-0.04,0.13,0.04,0,0.0,98.582,97.5863,96.5905,95.5947,94.5989,93.6032,92.6074,91.6116,90.6158,89.62,88.6243,87.6285,86.6327,85.6369,84.6412,83.6454,82.6496,81.6538,80.658,79.6623,78.6665,77.6707,76.6749,75.6791,74.6834,False,False,False,False,False,False,False,False,False,False,False,False,False,False,False,False,False,False,False,False,False,False,False,False,False
OEF,2017-10-18,99.93851652298709,99.93851652298709,99.76257111290856,99.81535339355467,192700,2017,10,42,Wednesday,99.8637,99.70978546142578,0.11,0.23,0.05,0.11,-0.05,0,0.0,98.7127,97.7156,96.7185,95.7214,94.7243,93.7272,92.7301,91.733,90.7359,89.7388,88.7417,87.7446,86.7475,85.7504,84.7533,83.7562,82.7591,81.762,80.7649,79.7678,78.7707,77.7736,76.7765,75.7794,74.7823,False,False,False,False,False,False,False,False,False,False,False,False,False,False,False,False,False,False,False,False,False,False,False,False,False
OEF,2017-10-19,99.3579020824795,99.73619079589844,99.28752122605552,99.73619079589844,1414600,2017,10,42,Thursday,99.5295,99.81535339355467,-0.08,-0.46,-0.53,-0.08,0.53,0,0.0,98.8172,97.819,96.8209,95.8227,94.8246,93.8264,92.8283,91.8301,90.832,89.8338,88.8357,87.8375,86.8394,85.8412,84.8431,83.8449,82.8467,81.8486,80.8504,79.8523,78.8541,77.856,76.8578,75.8597,74.8615,False,False,False,False,False,False,False,False,False,False,False,False,False,False,False,False,False,False,False,False,False,False,False,False,False
OEF,2017-10-20,100.06167893377297,100.13205978205376,99.85054310081767,100.12326049804688,454400,2017,10,42,Friday,100.0419,99.73619079589844,0.39,0.33,0.11,0.39,-0.11,0,0.0,98.7388,97.7415,96.7441,95.7467,94.7494,93.752,92.7547,91.7573,90.7599,89.7626,88.7652,87.7678,86.7705,85.7731,84.7758,83.7784,82.781,81.7837,80.7863,79.789,78.7916,77.7942,76.7969,75.7995,74.8021,False,False,False,False,False,False,False,False,False,False,False,False,False,False,False,False,False,False,False,False,False,False,False,False,False
OEF,2017-10-23,100.14966077194646,100.22004162664606,99.65700821282462,99.71858978271484,306000,2017,10,43,Monday,99.9363,100.12326049804688,-0.4,0.03,-0.47,-0.4,0.47,0,0.0,99.122,98.1208,97.1196,96.1183,95.1171,94.1159,93.1146,92.1134,91.1122,90.1109,89.1097,88.1085,87.1072,86.106,85.1048,84.1035,83.1023,82.1011,81.0998,80.0986,79.0974,78.0961,77.0949,76.0937,75.0924,False,False,False,False,False,False,False,False,False,False,False,False,False,False,False,False,False,False,False,False,False,False,False,False,False
OEF,2017-10-24,99.8505386326832,99.94731061676714,99.692185087081,99.83294677734376,304300,2017,10,43,Tuesday,99.8307,99.71858978271484,0.11,0.13,-0.03,0.11,0.03,0,0.0,98.7214,97.7242,96.727,95.7298,94.7327,93.7355,92.7383,91.7411,90.7439,89.7467,88.7495,87.7524,86.7552,85.758,84.7608,83.7636,82.7664,81.7692,80.7721,79.7749,78.7777,77.7805,76.7833,75.7861,74.7889,False,False,False,False,False,False,False,False,False,False,False,False,False,False,False,False,False,False,False,False,False,False,False,False,False
OEF,2017-10-25,99.74497294934162,99.81535379841335,98.95321188888964,99.43706512451172,439500,2017,10,43,Wednesday,99.4877,99.83294677734376,-0.4,-0.09,-0.88,-0.4,0.88,0,0.0,98.8346,97.8363,96.838,95.8396,94.8413,93.843,92.8446,91.8463,90.848,89.8497,88.8513,87.853,86.8547,85.8563,84.858,83.8597,82.8613,81.863,80.8647,79.8664,78.868,77.8697,76.8714,75.873,74.8747,False,False,False,False,False,False,False,False,False,False,False,False,False,False,False,False,False,False,False,False,False,False,False,False,False
OEF,2017-10-26,99.57782422700416,99.78016077295224,99.42826324865348,99.44586181640624,544700,2017,10,43,Thursday,99.558,99.43706512451172,0.01,0.14,-0.01,0.01,0.01,0,0.0,98.4427,97.4483,96.454,95.4596,94.4652,93.4708,92.4765,91.4821,90.4877,89.4934,88.499,87.5046,86.5102,85.5159,84.5215,83.5271,82.5328,81.5384,80.544,79.5497,78.5553,77.5609,76.5665,75.5722,74.5778,False,False,False,False,False,False,False,False,False,False,False,False,False,False,False,False,False,False,False,False,False,False,False,False,False
OEF,2017-10-27,100.04408304035766,100.68628979731405,99.9385117721968,100.53673553466795,1706000,2017,10,43,Friday,100.3014,99.44586181640624,1.1,0.6,0.5,1.1,-0.5,0,0.0,98.4514,97.4569,96.4625,95.468,94.4736,93.4791,92.4847,91.4902,90.4957,89.5013,88.5068,87.5124,86.5179,85.5234,84.529,83.5345,82.5401,81.5456,80.5511,79.5567,78.5622,77.5678,76.5733,75.5789,74.5844,False,False,False,False,False,False,False,False,False,False,False,False,False,False,False,False,False,False,False,False,False,False,False,False,False
OEF,2017-10-30,100.04406851284732,100.57191135322928,100.04406851284732,100.22881317138672,519300,2017,10,44,Monday,100.2222,100.53673553466795,-0.31,-0.49,-0.49,-0.31,0.49,0,0.0,99.5314,98.526,97.5206,96.5153,95.5099,94.5045,93.4992,92.4938,91.4884,90.4831,89.4777,88.4723,87.467,86.4616,85.4562,84.4509,83.4455,82.4401,81.4348,80.4294,79.424,78.4187,77.4133,76.4079,75.4026,False,False,False,False,False,False,False,False,False,False,False,False,False,False,False,False,False,False,False,False,False,False,False,False,False
OEF,2017-10-31,100.38716808515686,100.39596736765276,100.1672330059609,100.2728042602539,276200,2017,10,44,Tuesday,100.3058,100.22881317138672,0.04,0.16,-0.06,0.04,0.06,0,0.0,99.2265,98.2242,97.2219,96.2197,95.2174,94.2151,93.2128,92.2105,91.2082,90.2059,89.2036,88.2014,87.1991,86.1968,85.1945,84.1922,83.1899,82.1876,81.1853,80.1831,79.1808,78.1785,77.1762,76.1739,75.1716,False,False,False,False,False,False,False,False,False,False,False,False,False,False,False,False,False,False,False,False,False,False,False,False,False
OEF,2017-11-01,100.59831709645675,100.80066034912667,100.36079013295338,100.53673553466795,258600,2017,11,44,Wednesday,100.5741,100.2728042602539,0.26,0.32,0.09,0.26,-0.09,0,0.0,99.2701,98.2673,97.2646,96.2619,95.2592,94.2564,93.2537,92.251,91.2483,90.2455,89.2428,88.2401,87.2373,86.2346,85.2319,84.2292,83.2264,82.2237,81.221,80.2182,79.2155,78.2128,77.2101,76.2073,75.2046,False,False,False,False,False,False,False,False,False,False,False,False,False,False,False,False,False,False,False,False,False,False,False,False,False
OEF,2017-11-02,100.50153854651288,100.57191938735572,99.92970596046618,100.51033782958984,374100,2017,11,44,Thursday,100.3784,100.53673553466795,-0.03,-0.04,-0.6,-0.03,0.6,0,0.0,99.5314,98.526,97.5206,96.5153,95.5099,94.5045,93.4992,92.4938,91.4884,90.4831,89.4777,88.4723,87.467,86.4616,85.4562,84.4509,83.4455,82.4401,81.4348,80.4294,79.424,78.4187,77.4133,76.4079,75.4026,False,False,False,False,False,False,False,False,False,False,False,False,False,False,False,False,False,False,False,False,False,False,False,False,False
OEF,2017-11-03,100.66871490949303,100.91504119816622,100.413589335685,100.8622589111328,345100,2017,11,44,Friday,100.7149,100.51033782958984,0.35,0.16,-0.1,0.35,0.1,0,0.0,99.5052,98.5001,97.495,96.4899,95.4848,94.4797,93.4746,92.4695,91.4644,90.4593,89.4542,88.4491,87.444,86.4389,85.4338,84.4287,83.4236,82.4185,81.4134,80.4083,79.4032,78.3981,77.393,76.3879,75.3828,False,False,False,False,False,False,False,False,False,False,False,False,False,False,False,False,False,False,False,False,False,False,False,False,False
OEF,2017-11-06,100.80065737566102,101.00299391047548,100.73027653229656,100.92382049560548,260200,2017,11,45,Monday,100.8644,100.8622589111328,0.06,-0.06,-0.13,0.06,0.13,0,0.0,99.8536,98.845,97.8364,96.8278,95.8191,94.8105,93.8019,92.7933,91.7847,90.776,89.7674,88.7588,87.7502,86.7415,85.7329,84.7243,83.7157,82.7071,81.6984,80.6898,79.6812,78.6726,77.6639,76.6553,75.6467,False,False,False,False,False,False,False,False,False,False,False,False,False,False,False,False,False,False,False,False,False,False,False,False,False
OEF,2017-11-07,100.9062345927994,101.11737714939164,100.69509874809468,100.93263244628906,313200,2017,11,45,Tuesday,100.9128,100.92382049560548,0.01,-0.02,-0.23,0.01,0.23,0,0.0,99.9146,98.9053,97.8961,96.8869,95.8776,94.8684,93.8592,92.8499,91.8407,90.8314,89.8222,88.813,87.8037,86.7945,85.7852,84.776,83.7668,82.7575,81.7483,80.7391,79.7298,78.7206,77.7113,76.7021,75.6929,False,False,False,False,False,False,False,False,False,False,False,False,False,False,False,False,False,False,False,False,False,False,False,False,False
OEF,2017-11-08,100.80064796523622,101.07336531795512,100.69507671004536,101.0469741821289,405300,2017,11,45,Wednesday,100.904,100.93263244628906,0.11,-0.13,-0.24,0.11,0.24,0,0.0,99.9233,98.914,97.9047,96.8953,95.886,94.8767,93.8673,92.858,91.8487,90.8394,89.83,88.8207,87.8114,86.8021,85.7927,84.7834,83.7741,82.7648,81.7554,80.7461,79.7368,78.7275,77.7181,76.7088,75.6995,False,False,False,False,False,False,False,False,False,False,False,False,False,False,False,False,False,False,False,False,False,False,False,False,False
OEF,2017-11-09,100.56313311846912,100.86224837481736,100.05288873604236,100.80066680908205,628200,2017,11,45,Thursday,100.5697,101.0469741821289,-0.24,-0.48,-0.98,-0.24,0.98,0,0.0,100.0365,99.026,98.0156,97.0051,95.9946,94.9842,93.9737,92.9632,91.9527,90.9423,89.9318,88.9213,87.9109,86.9004,85.8899,84.8795,83.869,82.8585,81.848,80.8376,79.8271,78.8166,77.8062,76.7957,75.7852,False,False,False,False,False,False,False,False,False,False,False,False,False,False,False,False,False,False,False,False,False,False,False,False,False
OEF,2017-11-10,100.66867967416908,100.76545164111754,100.44874460599269,100.7126693725586,384100,2017,11,45,Friday,100.6489,100.80066680908205,-0.09,-0.13,-0.35,-0.09,0.35,0,0.0,99.7927,98.7847,97.7766,96.7686,95.7606,94.7526,93.7446,92.7366,91.7286,90.7206,89.7126,88.7046,87.6966,86.6886,85.6806,84.6726,83.6646,82.6565,81.6485,80.6405,79.6325,78.6245,77.6165,76.6085,75.6005,False,False,False,False,False,False,False,False,False,False,False,False,False,False,False,False,False,False,False,False,False,False,False,False,False
OEF,2017-11-13,100.36958016258806,100.84464078944946,100.36078759104582,100.75666809082033,162700,2017,11,46,Monday,100.5829,100.7126693725586,0.04,-0.34,-0.35,0.04,0.35,0,0.0,99.7055,98.6984,97.6913,96.6842,95.677,94.6699,93.6628,92.6557,91.6485,90.6414,89.6343,88.6271,87.62,86.6129,85.6058,84.5986,83.5915,82.5844,81.5773,80.5701,79.563,78.5559,77.5488,76.5416,75.5345,False,False,False,False,False,False,False,False,False,False,False,False,False,False,False,False,False,False,False,False,False,False,False,False,False
OEF,2017-11-14,100.41358291428992,100.46636519794794,99.9385222257053,100.38719177246094,425000,2017,11,46,Tuesday,100.3014,100.75666809082033,-0.37,-0.34,-0.81,-0.37,0.81,0,0.0,99.7491,98.7415,97.734,96.7264,95.7188,94.7113,93.7037,92.6961,91.6886,90.681,89.6734,88.6659,87.6583,86.6507,85.6432,84.6356,83.628,82.6205,81.6129,80.6053,79.5978,78.5902,77.5826,76.5751,75.5675,False,False,False,False,False,False,False,False,False,False,False,False,False,False,False,False,False,False,False,False,False,False,False,False,False
OEF,2017-11-15,99.93850920549234,100.22002586813764,99.60421026606564,99.88572692871094,337300,2017,11,46,Wednesday,99.9121,100.38719177246094,-0.5,-0.45,-0.78,-0.5,0.78,0,0.0,99.3833,98.3794,97.3756,96.3717,95.3678,94.364,93.3601,92.3562,91.3523,90.3485,89.3446,88.3407,87.3369,86.333,85.3291,84.3252,83.3214,82.3175,81.3136,80.3098,79.3059,78.302,77.2981,76.2943,75.2904,False,False,False,False,False,False,False,False,False,False,False,False,False,False,False,False,False,False,False,False,False,False,False,False,False
OEF,2017-11-16,100.37836529953783,100.88861627631778,100.3255830301764,100.73026275634766,376800,2017,11,46,Thursday,100.5807,99.88572692871094,0.85,0.49,0.44,0.85,-0.44,0,0.0,98.8869,97.888,96.8892,95.8903,94.8914,93.8926,92.8937,91.8949,90.896,89.8972,88.8983,87.8994,86.9006,85.9017,84.9029,83.904,82.9052,81.9063,80.9074,79.9086,78.9097,77.9109,76.912,75.9132,74.9143,False,False,False,False,False,False,False,False,False,False,False,False,False,False,False,False,False,False,False,False,False,False,False,False,False
OEF,2017-11-17,100.52792245542376,100.61590185609434,100.29039552451654,100.34317779541016,288900,2017,11,46,Friday,100.4443,100.73026275634766,-0.38,-0.2,-0.44,-0.38,0.44,0,0.0,99.723,98.7157,97.7084,96.7011,95.6937,94.6864,93.6791,92.6718,91.6645,90.6572,89.6499,88.6426,87.6353,86.628,85.6207,84.6134,83.6061,82.5988,81.5915,80.5842,79.5769,78.5696,77.5623,76.555,75.5477,False,False,False,False,False,False,False,False,False,False,False,False,False,False,False,False,False,False,False,False,False,False,False,False,False
OEF,2017-11-20,100.43116515563872,100.52793042265073,100.32559389359862,100.41356658935548,260500,2017,11,47,Monday,100.4246,100.34317779541016,0.07,0.09,-0.02,0.07,0.02,0,0.0,99.3397,98.3363,97.3329,96.3295,95.326,94.3226,93.3192,92.3157,91.3123,90.3089,89.3054,88.302,87.2986,86.2951,85.2917,84.2883,83.2848,82.2814,81.278,80.2745,79.2711,78.2677,77.2642,76.2608,75.2574,False,False,False,False,False,False,False,False,False,False,False,False,False,False,False,False,False,False,False,False,False,False,False,False,False
OEF,2017-11-21,100.739073745746,101.26691663636016,100.739073745746,101.18773651123048,415300,2017,11,47,Tuesday,100.9832,100.41356658935548,0.77,0.32,0.32,0.77,-0.32,0,0.0,99.4094,98.4053,97.4012,96.397,95.3929,94.3888,93.3846,92.3805,91.3763,90.3722,89.3681,88.3639,87.3598,86.3557,85.3515,84.3474,83.3433,82.3391,81.335,80.3309,79.3267,78.3226,77.3184,76.3143,75.3102,False,False,False,False,False,False,False,False,False,False,False,False,False,False,False,False,False,False,False,False,False,False,False,False,False
OEF,2017-11-22,101.240527624958,101.26691876326004,101.08217408325925,101.13495635986328,284700,2017,11,47,Wednesday,101.1811,101.18773651123048,-0.05,0.05,-0.1,-0.05,0.1,0,0.0,100.1759,99.164,98.1521,97.1402,96.1283,95.1165,94.1046,93.0927,92.0808,91.069,90.0571,89.0452,88.0333,87.0215,86.0096,84.9977,83.9858,82.9739,81.9621,80.9502,79.9383,78.9264,77.9146,76.9027,75.8908,False,False,False,False,False,False,False,False,False,False,False,False,False,False,False,False,False,False,False,False,False,False,False,False,False
OEF,2017-11-24,101.39008941480633,101.4604702634309,101.28451814186946,101.37249755859376,194700,2017,11,47,Friday,101.3769,101.13495635986328,0.23,0.25,0.15,0.23,-0.15,0,0.0,100.1236,99.1123,98.1009,97.0896,96.0782,95.0669,94.0555,93.0442,92.0328,91.0215,90.0101,88.9988,87.9874,86.9761,85.9647,84.9534,83.942,82.9307,81.9193,80.908,79.8966,78.8853,77.8739,76.8626,75.8512,False,False,False,False,False,False,False,False,False,False,False,False,False,False,False,False,False,False,False,False,False,False,False,False,False
OEF,2017-11-27,101.4340669163556,101.64520272493364,101.32849565612342,101.4076690673828,1631700,2017,11,48,Monday,101.4539,101.37249755859376,0.03,0.06,-0.04,0.03,0.04,0,0.0,100.3588,99.345,98.3313,97.3176,96.3039,95.2901,94.2764,93.2627,92.249,91.2352,90.2215,89.2078,88.1941,87.1803,86.1666,85.1529,84.1392,83.1254,82.1117,81.098,80.0843,79.0705,78.0568,77.0431,76.0294,False,False,False,False,False,False,False,False,False,False,False,False,False,False,False,False,False,False,False,False,False,False,False,False,False
OEF,2017-11-28,101.60122479370516,102.44577483775583,101.60122479370516,102.41059112548828,633100,2017,11,48,Tuesday,102.0147,101.4076690673828,0.99,0.19,0.19,0.99,-0.19,0,0.0,100.3936,99.3795,98.3654,97.3514,96.3373,95.3232,94.3091,93.2951,92.281,91.2669,90.2528,89.2387,88.2247,87.2106,86.1965,85.1824,84.1684,83.1543,82.1402,81.1261,80.1121,79.098,78.0839,77.0698,76.0558,False,False,False,False,False,False,False,False,False,False,False,False,False,False,False,False,False,False,False,False,False,False,False,False,False
OEF,2017-11-29,102.53376968233276,102.70971511769348,102.1818720997232,102.38420867919922,549200,2017,11,48,Wednesday,102.4524,102.41059112548828,-0.03,0.12,-0.22,-0.03,0.22,0,0.0,101.3865,100.3624,99.3383,98.3142,97.2901,96.266,95.2418,94.2177,93.1936,92.1695,91.1454,90.1213,89.0972,88.0731,87.049,86.0249,85.0008,83.9767,82.9526,81.9285,80.9044,79.8803,78.8562,77.832,76.8079,False,False,False,False,False,False,False,False,False,False,False,False,False,False,False,False,False,False,False,False,False,False,False,False,False
OEF,2017-11-30,102.79768464532566,103.6774252186051,102.79768464532566,103.21996307373048,599400,2017,11,48,Thursday,103.1232,102.38420867919922,0.82,0.4,0.4,0.82,-0.4,0,0.0,101.3604,100.3365,99.3127,98.2888,97.265,96.2412,95.2173,94.1935,93.1696,92.1458,91.1219,90.0981,89.0743,88.0504,87.0266,86.0027,84.9789,83.9551,82.9312,81.9074,80.8835,79.8597,78.8358,77.812,76.7882,False,False,False,False,False,False,False,False,False,False,False,False,False,False,False,False,False,False,False,False,False,False,False,False,False
OEF,2017-12-01,103.07039429553554,103.49266595268148,101.80356590032376,103.12317657470705,1316500,2017,12,48,Friday,102.8725,103.21996307373048,-0.09,-0.14,-1.37,-0.09,1.37,1,102.1878,102.1878,101.1556,100.1234,99.0912,98.059,97.0268,95.9946,94.9624,93.9302,92.898,91.8658,90.8336,89.8014,88.7692,87.737,86.7048,85.6726,84.6404,83.6082,82.576,81.5438,80.5116,79.4794,78.4472,77.415,True,False,False,False,False,False,False,False,False,False,False,False,False,False,False,False,False,False,False,False,False,False,False,False,False
OEF,2017-12-04,103.8973314489538,104.08207611250444,103.09677124023438,103.09677124023438,904600,2017,12,49,Monday,103.5432,103.12317657470705,-0.03,0.75,-0.03,-0.03,0.03,0,0.0,102.0919,101.0607,100.0295,98.9982,97.967,96.9358,95.9046,94.8733,93.8421,92.8109,91.7796,90.7484,89.7172,88.6859,87.6547,86.6235,85.5922,84.561,83.5298,82.4985,81.4673,80.4361,79.4048,78.3736,77.3424,False,False,False,False,False,False,False,False,False,False,False,False,False,False,False,False,False,False,False,False,False,False,False,False,False
OEF,2017-12-05,103.12315326948672,103.60700638028048,102.76245654496486,102.84163665771484,646600,2017,12,49,Tuesday,103.0836,103.09677124023438,-0.25,0.03,-0.32,-0.25,0.32,0,0.0,102.0658,101.0348,100.0039,98.9729,97.9419,96.911,95.88,94.849,93.8181,92.7871,91.7561,90.7252,89.6942,88.6632,87.6323,86.6013,85.5703,84.5394,83.5084,82.4774,81.4464,80.4155,79.3845,78.3535,77.3226,False,False,False,False,False,False,False,False,False,False,False,False,False,False,False,False,False,False,False,False,False,False,False,False,False
OEF,2017-12-06,102.6568920104788,103.06157172040804,102.6568920104788,102.84163665771484,395700,2017,12,49,Wednesday,102.8042,102.84163665771484,0.0,-0.18,-0.18,0.0,0.18,0,0.0,101.8132,100.7848,99.7564,98.728,97.6996,96.6711,95.6427,94.6143,93.5859,92.5575,91.5291,90.5006,89.4722,88.4438,87.4154,86.387,85.3586,84.3301,83.3017,82.2733,81.2449,80.2165,79.1881,78.1596,77.1312,False,False,False,False,False,False,False,False,False,False,False,False,False,False,False,False,False,False,False,False,False,False,False,False,False
OEF,2017-12-07,102.69209877284828,103.21994166495888,102.67450020637555,103.02639770507812,295000,2017,12,49,Thursday,102.9032,102.84163665771484,0.18,-0.15,-0.16,0.18,0.16,0,0.0,101.8132,100.7848,99.7564,98.728,97.6996,96.6711,95.6427,94.6143,93.5859,92.5575,91.5291,90.5006,89.4722,88.4438,87.4154,86.387,85.3586,84.3301,83.3017,82.2733,81.2449,80.2165,79.1881,78.1596,77.1312,False,False,False,False,False,False,False,False,False,False,False,False,False,False,False,False,False,False,False,False,False,False,False,False,False
OEF,2017-12-08,103.37828071902244,103.58941650390624,103.29030803464464,103.58941650390624,607600,2017,12,49,Friday,103.4619,103.02639770507812,0.55,0.34,0.26,0.55,-0.26,0,0.0,101.9961,100.9659,99.9356,98.9053,97.8751,96.8448,95.8145,94.7843,93.754,92.7238,91.6935,90.6632,89.633,88.6027,87.5724,86.5422,85.5119,84.4816,83.4514,82.4211,81.3909,80.3606,79.3303,78.3001,77.2698,False,False,False,False,False,False,False,False,False,False,False,False,False,False,False,False,False,False,False,False,False,False,False,False,False
OEF,2017-12-11,103.5454500644583,104.0996908531162,103.5454500644583,104.08209228515624,488800,2017,12,50,Monday,103.8182,103.58941650390624,0.48,-0.04,-0.04,0.48,0.04,0,0.0,102.5535,101.5176,100.4817,99.4458,98.4099,97.3741,96.3382,95.3023,94.2664,93.2305,92.1946,91.1587,90.1228,89.0869,88.051,87.0151,85.9792,84.9433,83.9074,82.8715,81.8356,80.7997,79.7639,78.728,77.6921,False,False,False,False,False,False,False,False,False,False,False,False,False,False,False,False,False,False,False,False,False,False,False,False,False
OEF,2017-12-12,104.2052356819294,104.61871469616328,104.16125269413196,104.45156860351562,481200,2017,12,50,Tuesday,104.3592,104.08209228515624,0.35,0.12,0.08,0.35,-0.08,0,0.0,103.0413,102.0005,100.9596,99.9188,98.878,97.8372,96.7963,95.7555,94.7147,93.6739,92.6331,91.5922,90.5514,89.5106,88.4698,87.429,86.3881,85.3473,84.3065,83.2657,82.2249,81.184,80.1432,79.1024,78.0616,False,False,False,False,False,False,False,False,False,False,False,False,False,False,False,False,False,False,False,False,False,False,False,False,False
OEF,2017-12-13,104.51316954599012,104.75069651744442,104.43398941424728,104.46038055419922,487200,2017,12,50,Wednesday,104.5396,104.45156860351562,0.01,0.06,-0.02,0.01,0.02,0,0.0,103.4071,102.3625,101.318,100.2735,99.229,98.1845,97.14,96.0954,95.0509,94.0064,92.9619,91.9174,90.8729,89.8283,88.7838,87.7393,86.6948,85.6503,84.6058,83.5613,82.5167,81.4722,80.4277,79.3832,78.3387,False,False,False,False,False,False,False,False,False,False,False,False,False,False,False,False,False,False,False,False,False,False,False,False,False
OEF,2017-12-14,104.53956752880087,104.66273066456311,104.0996972691108,104.1348876953125,543300,2017,12,50,Thursday,104.3592,104.46038055419922,-0.31,0.08,-0.35,-0.31,0.35,0,0.0,103.4158,102.3712,101.3266,100.282,99.2374,98.1928,97.1482,96.1036,95.0589,94.0143,92.9697,91.9251,90.8805,89.8359,88.7913,87.7467,86.7021,85.6575,84.6129,83.5683,82.5237,81.4791,80.4345,79.3899,78.3453,False,False,False,False,False,False,False,False,False,False,False,False,False,False,False,False,False,False,False,False,False,False,False,False,False
OEF,2017-12-15,104.65389797759931,105.12015923015196,104.54832673268945,104.9442138671875,698700,2017,12,50,Friday,104.8166,104.1348876953125,0.78,0.5,0.4,0.78,-0.4,0,0.0,103.0935,102.0522,101.0108,99.9695,98.9281,97.8868,96.8454,95.8041,94.7627,93.7214,92.6801,91.6387,90.5974,89.556,88.5147,87.4733,86.432,85.3906,84.3493,83.3079,82.2666,81.2252,80.1839,79.1425,78.1012,False,False,False,False,False,False,False,False,False,False,False,False,False,False,False,False,False,False,False,False,False,False,False,False,False
OEF,2017-12-18,105.51607666147297,105.76240292510498,105.4720869521584,105.5336685180664,366700,2017,12,51,Monday,105.5711,104.9442138671875,0.56,0.54,0.5,0.56,-0.5,0,0.0,103.8948,102.8453,101.7959,100.7464,99.697,98.6476,97.5981,96.5487,95.4992,94.4498,93.4004,92.3509,91.3015,90.252,89.2026,88.1531,87.1037,86.0543,85.0048,83.9554,82.9059,81.8565,80.807,79.7576,78.7082,False,False,False,False,False,False,False,False,False,False,False,False,False,False,False,False,False,False,False,False,False,False,False,False,False
OEF,2017-12-19,105.58582613537692,105.66538363628987,105.09082566347622,105.13502502441406,510100,2017,12,51,Tuesday,105.3693,105.5336685180664,-0.38,0.05,-0.42,-0.38,0.42,0,0.0,104.4783,103.423,102.3677,101.3123,100.257,99.2016,98.1463,97.091,96.0356,94.9803,93.925,92.8696,91.8143,90.759,89.7036,88.6483,87.5929,86.5376,85.4823,84.4269,83.3716,82.3163,81.2609,80.2056,79.1503,False,False,False,False,False,False,False,False,False,False,False,False,False,False,False,False,False,False,False,False,False,False,False,False,False
OEF,2017-12-20,105.4532199001128,105.50625372725456,104.92285465319834,105.0112533569336,375400,2017,12,51,Wednesday,105.2234,105.13502502441406,-0.12,0.3,-0.2,-0.12,0.2,0,0.0,104.0837,103.0323,101.981,100.9296,99.8783,98.8269,97.7756,96.7242,95.6729,94.6215,93.5702,92.5188,91.4675,90.4161,89.3648,88.3134,87.2621,86.2107,85.1594,84.108,83.0567,82.0053,80.954,79.9026,78.8513,False,False,False,False,False,False,False,False,False,False,False,False,False,False,False,False,False,False,False,False,False,False,False,False,False
OEF,2017-12-21,105.3648449142745,105.6919026576434,105.188060954758,105.35601043701172,478900,2017,12,51,Thursday,105.4002,105.0112533569336,0.33,0.34,0.17,0.33,-0.17,0,0.0,103.9611,102.911,101.8609,100.8108,99.7607,98.7106,97.6605,96.6104,95.5602,94.5101,93.46,92.4099,91.3598,90.3097,89.2596,88.2095,87.1593,86.1092,85.0591,84.009,82.9589,81.9088,80.8587,79.8086,78.7584,False,False,False,False,False,False,False,False,False,False,False,False,False,False,False,False,False,False,False,False,False,False,False,False,False
OEF,2017-12-22,105.3294646784345,105.39133972171156,105.06428206789056,105.2410659790039,771800,2017,12,51,Friday,105.2565,105.35601043701172,-0.11,-0.03,-0.28,-0.11,0.28,0,0.0,104.3025,103.2489,102.1953,101.1418,100.0882,99.0346,97.9811,96.9275,95.874,94.8204,93.7668,92.7133,91.6597,90.6062,89.5526,88.499,87.4455,86.3919,85.3384,84.2848,83.2312,82.1777,81.1241,80.0706,79.017,False,False,False,False,False,False,False,False,False,False,False,False,False,False,False,False,False,False,False,False,False,False,False,False,False
OEF,2017-12-26,105.0024121377852,105.13500344951385,104.90517895877583,105.0112533569336,236100,2017,12,52,Tuesday,105.0135,105.2410659790039,-0.22,-0.23,-0.32,-0.22,0.32,0,0.0,104.1887,103.1362,102.0838,101.0314,99.979,98.9266,97.8742,96.8218,95.7694,94.717,93.6645,92.6121,91.5597,90.5073,89.4549,88.4025,87.3501,86.2977,85.2453,84.1929,83.1404,82.088,81.0356,79.9832,78.9308,False,False,False,False,False,False,False,False,False,False,False,False,False,False,False,False,False,False,False,False,False,False,False,False,False
OEF,2017-12-27,105.13499039151128,105.24105803262094,104.95819974987285,105.0996322631836,362000,2017,12,52,Wednesday,105.1085,105.0112533569336,0.08,0.12,-0.05,0.08,0.05,0,0.0,103.9611,102.911,101.8609,100.8108,99.7607,98.7106,97.6605,96.6104,95.5602,94.5101,93.46,92.4099,91.3598,90.3097,89.2596,88.2095,87.1593,86.1092,85.0591,84.009,82.9589,81.9088,80.8587,79.8086,78.7584,False,False,False,False,False,False,False,False,False,False,False,False,False,False,False,False,False,False,False,False,False,False,False,False,False
OEF,2017-12-28,105.24992531657894,105.31180037050784,105.0996582918766,105.2676010131836,181000,2017,12,52,Thursday,105.2322,105.0996322631836,0.16,0.14,0.0,0.16,-0.0,0,0.0,104.0486,102.9976,101.9466,100.8956,99.8447,98.7937,97.7427,96.6917,95.6407,94.5897,93.5387,92.4877,91.4367,90.3857,89.3347,88.2837,87.2327,86.1817,85.1307,84.0797,83.0287,81.9777,80.9267,79.8757,78.8247,False,False,False,False,False,False,False,False,False,False,False,False,False,False,False,False,False,False,False,False,False,False,False,False,False
OEF,2017-12-29,105.3560161897214,105.42672573106346,104.78145817410672,104.8698501586914,345900,2017,12,52,Friday,105.1085,105.2676010131836,-0.38,0.08,-0.46,-0.38,0.46,0,0.0,104.2149,103.1622,102.1096,101.0569,100.0042,98.9515,97.8989,96.8462,95.7935,94.7408,93.6882,92.6355,91.5828,90.5301,89.4775,88.4248,87.3721,86.3194,85.2668,84.2141,83.1614,82.1087,81.0561,80.0034,78.9507,False,False,False,False,False,False,False,False,False,False,False,False,False,False,False,False,False,False,False,False,False,False,False,False,False
