Symbol,Date,Open,High,Low,Close,Volume,Year,Month,Week,Weekday,avg_daily_price,Previous_Close,Daily_Gain_Loss_Pct,Open_vs_PrevClose_Pct,Low_vs_PrevClose_Pct,Close_vs_PrevClose_Pct,mx_percent_decline,Shares_Purchased,Total_Value_Purchased,BOD99-1,BOD98-2,BOD97-3,BOD96-4,BOD95-5,BOD94-6,BOD93-7,BOD92-8,BOD91-9,BOD90-10,BOD89-11,BOD88-12,BOD87-13,BOD86-14,BOD85-15,BOD84-16,BOD83-17,BOD82-18,BOD81-19,BOD80-20,BOD79-21,BOD78-22,BOD77-23,BOD76-24,BOD75-25,BOD99-1_Executed,BOD98-2_Executed,BOD97-3_Executed,BOD96-4_Executed,BOD95-5_Executed,BOD94-6_Executed,BOD93-7_Executed,BOD92-8_Executed,BOD91-9_Executed,BOD90-10_Executed,BOD89-11_Executed,BOD88-12_Executed,BOD87-13_Executed,BOD86-14_Executed,BOD85-15_Executed,BOD84-16_Executed,BOD83-17_Executed,BOD82-18_Executed,BOD81-19_Executed,BOD80-20_Executed,BOD79-21_Executed,BOD78-22_Executed,BOD77-23_Executed,BOD76-24_Executed,BOD75-25_Executed
OEF,2012-01-03,45.264887355067295,45.49901548734577,45.264887355067295,45.31171417236328,843900,2012,1,1,Tuesday,45.3351,44.50785827636719,1.81,1.7,1.7,1.81,-1.7,0,0.0,44.0628,43.6177,43.1726,42.7275,42.2825,41.8374,41.3923,40.9472,40.5022,40.0571,39.612,39.1669,38.7218,38.2768,37.8317,37.3866,36.9415,36.4964,36.0514,35.6063,35.1612,34.7161,34.2711,33.826,33.3809,False,False,False,False,False,False,False,False,False,False,False,False,False,False,False,False,False,False,False,False,False,False,False,False,False
OEF,2012-01-04,45.2102569175777,45.44438504654602,45.03856156702062,45.38975524902344,527700,2012,1,1,Wednesday,45.2707,45.31171417236328,0.17,-0.22,-0.6,0.17,0.6,0,0.0,44.8586,44.4055,43.9524,43.4992,43.0461,42.593,42.1399,41.6868,41.2337,40.7805,40.3274,39.8743,39.4212,38.9681,38.515,38.0618,37.6087,37.1556,36.7025,36.2494,35.7963,35.3431,34.89,34.4369,33.9838,False,False,False,False,False,False,False,False,False,False,False,False,False,False,False,False,False,False,False,False,False,False,False,False,False
OEF,2012-01-05,45.17124000804272,45.5692575643756,44.991741660904296,45.4834098815918,6298900,2012,1,1,Thursday,45.3039,45.38975524902344,0.21,-0.48,-0.88,0.21,0.88,0,0.0,44.9359,44.482,44.0281,43.5742,43.1203,42.6664,42.2125,41.7586,41.3047,40.8508,40.3969,39.943,39.4891,39.0352,38.5813,38.1274,37.6735,37.2196,36.7657,36.3118,35.8579,35.404,34.9501,34.4962,34.0423,False,False,False,False,False,False,False,False,False,False,False,False,False,False,False,False,False,False,False,False,False,False,False,False,False
OEF,2012-01-06,45.49900831829292,45.50681427516266,45.21025043321763,45.366336822509766,897700,2012,1,1,Friday,45.3956,45.4834098815918,-0.26,0.03,-0.6,-0.26,0.6,0,0.0,45.0286,44.5737,44.1189,43.6641,43.2092,42.7544,42.2996,41.8447,41.3899,40.9351,40.4802,40.0254,39.5706,39.1157,38.6609,38.2061,37.7512,37.2964,36.8416,36.3867,35.9319,35.4771,35.0222,34.5674,34.1126,False,False,False,False,False,False,False,False,False,False,False,False,False,False,False,False,False,False,False,False,False,False,False,False,False
OEF,2012-01-09,45.47560231862473,45.522429134635,45.27268909301424,45.45219039916992,2192200,2012,1,2,Monday,45.4307,45.366336822509766,0.19,0.24,-0.21,0.19,0.21,0,0.0,44.9127,44.459,44.0053,43.5517,43.098,42.6444,42.1907,41.737,41.2834,40.8297,40.376,39.9224,39.4687,39.015,38.5614,38.1077,37.6541,37.2004,36.7467,36.2931,35.8394,35.3857,34.9321,34.4784,34.0248,False,False,False,False,False,False,False,False,False,False,False,False,False,False,False,False,False,False,False,False,False,False,False,False,False
OEF,2012-01-10,45.96727254490234,45.98287850615878,45.71753548539128,45.77996826171875,671100,2012,1,2,Tuesday,45.8619,45.45219039916992,0.72,1.13,0.58,0.72,-0.58,0,0.0,44.9977,44.5431,44.0886,43.6341,43.1796,42.7251,42.2705,41.816,41.3615,40.907,40.4524,39.9979,39.5434,39.0889,38.6344,38.1798,37.7253,37.2708,36.8163,36.3618,35.9072,35.4527,34.9982,34.5437,34.0891,False,False,False,False,False,False,False,False,False,False,False,False,False,False,False,False,False,False,False,False,False,False,False,False,False
OEF,2012-01-11,45.55364771434998,45.84240863741953,45.53803877441912,45.79558181762695,361200,2012,1,2,Wednesday,45.6824,45.77996826171875,0.03,-0.49,-0.53,0.03,0.53,0,0.0,45.3222,44.8644,44.4066,43.9488,43.491,43.0332,42.5754,42.1176,41.6598,41.202,40.7442,40.2864,39.8286,39.3708,38.913,38.4552,37.9974,37.5396,37.0818,36.624,36.1662,35.7084,35.2506,34.7928,34.335,False,False,False,False,False,False,False,False,False,False,False,False,False,False,False,False,False,False,False,False,False,False,False,False,False
OEF,2012-01-12,45.928248875485394,45.95166377165534,45.569252223285886,45.87361907958984,667800,2012,1,2,Thursday,45.8307,45.79558181762695,0.17,0.29,-0.49,0.17,0.49,0,0.0,45.3376,44.8797,44.4217,43.9638,43.5058,43.0478,42.5899,42.1319,41.674,41.216,40.7581,40.3001,39.8422,39.3842,38.9262,38.4683,38.0103,37.5524,37.0944,36.6365,36.1785,35.7206,35.2626,34.8046,34.3467,False,False,False,False,False,False,False,False,False,False,False,False,False,False,False,False,False,False,False,False,False,False,False,False,False
OEF,2012-01-13,45.53803590209064,45.694122314453125,45.249277974335484,45.694122314453125,630800,2012,1,2,Friday,45.5439,45.87361907958984,-0.39,-0.73,-1.36,-0.39,1.36,1,45.4149,45.4149,44.9561,44.4974,44.0387,43.5799,43.1212,42.6625,42.2037,41.745,41.2863,40.8275,40.3688,39.91,39.4513,38.9926,38.5338,38.0751,37.6164,37.1576,36.6989,36.2402,35.7814,35.3227,34.864,34.4052,True,False,False,False,False,False,False,False,False,False,False,False,False,False,False,False,False,False,False,False,False,False,False,False,False
OEF,2012-01-17,46.03750905905593,46.13896268783361,45.71753328091764,45.81118392944336,606900,2012,1,3,Tuesday,45.9263,45.694122314453125,0.26,0.75,0.05,0.26,-0.05,0,0.0,45.2372,44.7802,44.3233,43.8664,43.4094,42.9525,42.4955,42.0386,41.5817,41.1247,40.6678,40.2108,39.7539,39.2969,38.84,38.3831,37.9261,37.4692,37.0122,36.5553,36.0984,35.6414,35.1845,34.7275,34.2706,False,False,False,False,False,False,False,False,False,False,False,False,False,False,False,False,False,False,False,False,False,False,False,False,False
OEF,2012-01-18,45.81119771585114,46.31847494370073,45.7409589640441,46.29506301879883,397600,2012,1,3,Wednesday,46.0414,45.81118392944336,1.06,0.0,-0.15,1.06,0.15,0,0.0,45.3531,44.895,44.4368,43.9787,43.5206,43.0625,42.6044,42.1463,41.6882,41.2301,40.772,40.3138,39.8557,39.3976,38.9395,38.4814,38.0233,37.5652,37.1071,36.6489,36.1908,35.7327,35.2746,34.8165,34.3584,False,False,False,False,False,False,False,False,False,False,False,False,False,False,False,False,False,False,False,False,False,False,False,False,False
OEF,2012-01-19,46.46675378787464,46.536992532699415,46.30286437565051,46.49016571044922,785500,2012,1,3,Thursday,46.4492,46.29506301879883,0.42,0.37,0.02,0.42,-0.02,0,0.0,45.8321,45.3692,44.9062,44.4433,43.9803,43.5174,43.0544,42.5915,42.1285,41.6656,41.2026,40.7397,40.2767,39.8138,39.3508,38.8879,38.4249,37.962,37.499,37.0361,36.5731,36.1101,35.6472,35.1842,34.7213,False,False,False,False,False,False,False,False,False,False,False,False,False,False,False,False,False,False,False,False,False,False,False,False,False
OEF,2012-01-20,46.43551704359358,46.583797454833984,46.31845152407232,46.583797454833984,253100,2012,1,3,Friday,46.4804,46.49016571044922,0.2,-0.12,-0.37,0.2,0.37,0,0.0,46.0253,45.5604,45.0955,44.6306,44.1657,43.7008,43.2359,42.771,42.3061,41.8411,41.3762,40.9113,40.4464,39.9815,39.5166,39.0517,38.5868,38.1219,37.657,37.1921,36.7272,36.2623,35.7974,35.3325,34.8676,False,False,False,False,False,False,False,False,False,False,False,False,False,False,False,False,False,False,False,False,False,False,False,False,False
OEF,2012-01-23,46.5838039979829,46.78671719670758,46.37308781950739,46.591609954833984,826300,2012,1,4,Monday,46.5838,46.583797454833984,0.02,0.0,-0.45,0.02,0.45,0,0.0,46.118,45.6521,45.1863,44.7204,44.2546,43.7888,43.3229,42.8571,42.3913,41.9254,41.4596,40.9937,40.5279,40.0621,39.5962,39.1304,38.6646,38.1987,37.7329,37.267,36.8012,36.3354,35.8695,35.4037,34.9378,False,False,False,False,False,False,False,False,False,False,False,False,False,False,False,False,False,False,False,False,False,False,False,False,False
OEF,2012-01-24,46.26383814312329,46.46675138528134,46.22481728181624,46.443336486816406,1077600,2012,1,4,Tuesday,46.3497,46.591609954833984,-0.32,-0.7,-0.79,-0.32,0.79,0,0.0,46.1257,45.6598,45.1939,44.7279,44.262,43.7961,43.3302,42.8643,42.3984,41.9324,41.4665,41.0006,40.5347,40.0688,39.6029,39.137,38.671,38.2051,37.7392,37.2733,36.8074,36.3415,35.8755,35.4096,34.9437,False,False,False,False,False,False,False,False,False,False,False,False,False,False,False,False,False,False,False,False,False,False,False,False,False
OEF,2012-01-25,46.44333088082131,46.95841392836293,46.29505043491253,46.85696029663086,1089500,2012,1,4,Wednesday,46.6384,46.443336486816406,0.89,-0.0,-0.32,0.89,0.32,0,0.0,45.9789,45.5145,45.05,44.5856,44.1212,43.6567,43.1923,42.7279,42.2634,41.799,41.3346,40.8701,40.4057,39.9413,39.4768,39.0124,38.548,38.0835,37.6191,37.1547,36.6902,36.2258,35.7614,35.2969,34.8325,False,False,False,False,False,False,False,False,False,False,False,False,False,False,False,False,False,False,False,False,False,False,False,False,False
OEF,2012-01-26,47.09109991665682,47.106708858528656,46.4667571272899,46.64625549316406,454700,2012,1,4,Thursday,46.8277,46.85696029663086,-0.45,0.5,-0.83,-0.45,0.83,0,0.0,46.3884,45.9198,45.4513,44.9827,44.5141,44.0455,43.577,43.1084,42.6398,42.1713,41.7027,41.2341,40.7656,40.297,39.8284,39.3598,38.8913,38.4227,37.9541,37.4856,37.017,36.5484,36.0799,35.6113,35.1427,False,False,False,False,False,False,False,False,False,False,False,False,False,False,False,False,False,False,False,False,False,False,False,False,False
OEF,2012-01-27,46.41991874686647,46.67746175799238,46.38870087089354,46.55259323120117,552300,2012,1,4,Friday,46.5097,46.64625549316406,-0.2,-0.49,-0.55,-0.2,0.55,0,0.0,46.1798,45.7133,45.2469,44.7804,44.3139,43.8475,43.381,42.9146,42.4481,41.9816,41.5152,41.0487,40.5822,40.1158,39.6493,39.1829,38.7164,38.2499,37.7835,37.317,36.8505,36.3841,35.9176,35.4512,34.9847,False,False,False,False,False,False,False,False,False,False,False,False,False,False,False,False,False,False,False,False,False,False,False,False,False
OEF,2012-01-30,46.11555360896816,46.49015920323316,46.01409699684411,46.46674728393555,478000,2012,1,5,Monday,46.2716,46.55259323120117,-0.18,-0.94,-1.16,-0.18,1.16,1,46.0871,46.0871,45.6215,45.156,44.6905,44.225,43.7594,43.2939,42.8284,42.3629,41.8973,41.4318,40.9663,40.5008,40.0352,39.5697,39.1042,38.6387,38.1731,37.7076,37.2421,36.7765,36.311,35.8455,35.38,34.9144,True,False,False,False,False,False,False,False,False,False,False,False,False,False,False,False,False,False,False,False,False,False,False,False,False
OEF,2012-01-31,46.71647808439,46.73208702086289,46.2170040256583,46.41991424560547,1157600,2012,1,5,Tuesday,46.5214,46.46674728393555,-0.1,0.54,-0.54,-0.1,0.54,0,0.0,46.0021,45.5374,45.0727,44.6081,44.1434,43.6787,43.2141,42.7494,42.2847,41.8201,41.3554,40.8907,40.4261,39.9614,39.4967,39.0321,38.5674,38.1027,37.6381,37.1734,36.7087,36.2441,35.7794,35.3147,34.8501,False,False,False,False,False,False,False,False,False,False,False,False,False,False,False,False,False,False,False,False,False,False,False,False,False
OEF,2012-02-01,46.76331140412098,47.0130514612547,46.70087862266317,46.75550842285156,466800,2012,2,5,Wednesday,46.8082,46.41991424560547,0.72,0.74,0.61,0.72,-0.61,0,0.0,45.9557,45.4915,45.0273,44.5631,44.0989,43.6347,43.1705,42.7063,42.2421,41.7779,41.3137,40.8495,40.3853,39.9211,39.4569,38.9927,38.5285,38.0643,37.6001,37.1359,36.6717,36.2075,35.7433,35.2791,34.8149,False,False,False,False,False,False,False,False,False,False,False,False,False,False,False,False,False,False,False,False,False,False,False,False,False
OEF,2012-02-02,46.864761669467406,46.94280635708468,46.66965441607487,46.82574081420898,271100,2012,2,5,Thursday,46.8257,46.75550842285156,0.15,0.23,-0.18,0.15,0.18,0,0.0,46.288,45.8204,45.3528,44.8853,44.4177,43.9502,43.4826,43.0151,42.5475,42.08,41.6124,41.1448,40.6773,40.2097,39.7422,39.2746,38.8071,38.3395,37.872,37.4044,36.9369,36.4693,36.0017,35.5342,35.0666,False,False,False,False,False,False,False,False,False,False,False,False,False,False,False,False,False,False,False,False,False,False,False,False,False
OEF,2012-02-03,47.30961595097912,47.48131132286301,47.2081623013214,47.42668151855469,504000,2012,2,5,Friday,47.3564,46.82574081420898,1.28,1.03,0.82,1.28,-0.82,0,0.0,46.3575,45.8892,45.421,44.9527,44.4845,44.0162,43.5479,43.0797,42.6114,42.1432,41.6749,41.2067,40.7384,40.2701,39.8019,39.3336,38.8654,38.3971,37.9289,37.4606,36.9923,36.5241,36.0558,35.5876,35.1193,False,False,False,False,False,False,False,False,False,False,False,False,False,False,False,False,False,False,False,False,False,False,False,False,False
OEF,2012-02-06,47.27839280617541,47.52812986151502,47.23936897238441,47.50471496582031,262700,2012,2,6,Monday,47.3877,47.42668151855469,0.16,-0.31,-0.39,0.16,0.39,0,0.0,46.9524,46.4781,46.0039,45.5296,45.0553,44.5811,44.1068,43.6325,43.1583,42.684,42.2097,41.7355,41.2612,40.7869,40.3127,39.8384,39.3641,38.8899,38.4156,37.9413,37.4671,36.9928,36.5185,36.0443,35.57,False,False,False,False,False,False,False,False,False,False,False,False,False,False,False,False,False,False,False,False,False,False,False,False,False
OEF,2012-02-07,47.39545066191,47.70762343858354,47.23936427357324,47.60616683959961,661500,2012,2,6,Tuesday,47.4872,47.50471496582031,0.21,-0.23,-0.56,0.21,0.56,0,0.0,47.0297,46.5546,46.0796,45.6045,45.1295,44.6544,44.1794,43.7043,43.2293,42.7542,42.2792,41.8041,41.3291,40.8541,40.379,39.904,39.4289,38.9539,38.4788,38.0038,37.5287,37.0537,36.5786,36.1036,35.6285,False,False,False,False,False,False,False,False,False,False,False,False,False,False,False,False,False,False,False,False,False,False,False,False,False
OEF,2012-02-08,47.66080762930835,47.770067233231686,47.45009140298438,47.76226425170898,414900,2012,2,6,Wednesday,47.6608,47.60616683959961,0.33,0.11,-0.33,0.33,0.33,0,0.0,47.1301,46.654,46.178,45.7019,45.2259,44.7498,44.2737,43.7977,43.3216,42.8456,42.3695,41.8934,41.4174,40.9413,40.4652,39.9892,39.5131,39.0371,38.561,38.0849,37.6089,37.1328,36.6567,36.1807,35.7046,False,False,False,False,False,False,False,False,False,False,False,False,False,False,False,False,False,False,False,False,False,False,False,False,False
OEF,2012-02-09,47.82469751285063,47.91835115466395,47.59837532122083,47.81689453125,320600,2012,2,6,Thursday,47.7896,47.76226425170898,0.11,0.13,-0.34,0.11,0.34,0,0.0,47.2846,46.807,46.3294,45.8518,45.3742,44.8965,44.4189,43.9413,43.4637,42.986,42.5084,42.0308,41.5532,41.0755,40.5979,40.1203,39.6427,39.1651,38.6874,38.2098,37.7322,37.2546,36.7769,36.2993,35.8217,False,False,False,False,False,False,False,False,False,False,False,False,False,False,False,False,False,False,False,False,False,False,False,False,False
OEF,2012-02-10,47.42666374701477,47.512511400788206,47.309598223305535,47.49690246582031,457600,2012,2,6,Friday,47.4364,47.81689453125,-0.67,-0.82,-1.06,-0.67,1.06,1,47.3387,47.3387,46.8606,46.3824,45.9042,45.426,44.9479,44.4697,43.9915,43.5134,43.0352,42.557,42.0789,41.6007,41.1225,40.6444,40.1662,39.688,39.2099,38.7317,38.2535,37.7753,37.2972,36.819,36.3408,35.8627,True,False,False,False,False,False,False,False,False,False,False,False,False,False,False,False,False,False,False,False,False,False,False,False,False
OEF,2012-02-13,47.84029279840923,47.91833747764454,47.66860045829175,47.84809875488281,166500,2012,2,7,Monday,47.8188,47.49690246582031,0.74,0.72,0.36,0.74,-0.36,0,0.0,47.0219,46.547,46.072,45.597,45.1221,44.6471,44.1721,43.6972,43.2222,42.7472,42.2722,41.7973,41.3223,40.8473,40.3724,39.8974,39.4224,38.9475,38.4725,37.9975,37.5226,37.0476,36.5726,36.0976,35.6227,False,False,False,False,False,False,False,False,False,False,False,False,False,False,False,False,False,False,False,False,False,False,False,False,False
OEF,2012-02-14,47.74664544596847,47.809078216552734,47.45788755567806,47.809078216552734,446000,2012,2,7,Tuesday,47.7057,47.84809875488281,-0.08,-0.21,-0.82,-0.08,0.82,0,0.0,47.3696,46.8911,46.4127,45.9342,45.4557,44.9772,44.4987,44.0203,43.5418,43.0633,42.5848,42.1063,41.6278,41.1494,40.6709,40.1924,39.7139,39.2354,38.757,38.2785,37.8,37.3215,36.843,36.3646,35.8861,False,False,False,False,False,False,False,False,False,False,False,False,False,False,False,False,False,False,False,False,False,False,False,False,False
OEF,2012-02-15,47.96517288084895,47.99639076007514,47.43448084240688,47.52032852172852,364200,2012,2,7,Wednesday,47.7291,47.809078216552734,-0.6,0.33,-0.78,-0.6,0.78,0,0.0,47.331,46.8529,46.3748,45.8967,45.4186,44.9405,44.4624,43.9844,43.5063,43.0282,42.5501,42.072,41.5939,41.1158,40.6377,40.1596,39.6815,39.2034,38.7254,38.2473,37.7692,37.2911,36.813,36.3349,35.8568,False,False,False,False,False,False,False,False,False,False,False,False,False,False,False,False,False,False,False,False,False,False,False,False,False
OEF,2012-02-16,47.48911196584083,48.06663083921541,47.41887322417501,48.012001037597656,778900,2012,2,7,Thursday,47.7467,47.52032852172852,1.03,-0.07,-0.21,1.03,0.21,0,0.0,47.0451,46.5699,46.0947,45.6195,45.1443,44.6691,44.1939,43.7187,43.2435,42.7683,42.2931,41.8179,41.3427,40.8675,40.3923,39.9171,39.4419,38.9667,38.4915,38.0163,37.5411,37.0659,36.5907,36.1154,35.6402,False,False,False,False,False,False,False,False,False,False,False,False,False,False,False,False,False,False,False,False,False,False,False,False,False
OEF,2012-02-17,48.1837043762207,48.22272524424899,48.01981196713964,48.1837043762207,872100,2012,2,7,Friday,48.1525,48.012001037597656,0.36,0.36,0.02,0.36,-0.02,0,0.0,47.5319,47.0518,46.5716,46.0915,45.6114,45.1313,44.6512,44.171,43.6909,43.2108,42.7307,42.2506,41.7704,41.2903,40.8102,40.3301,39.85,39.3698,38.8897,38.4096,37.9295,37.4494,36.9692,36.4891,36.009,False,False,False,False,False,False,False,False,False,False,False,False,False,False,False,False,False,False,False,False,False,False,False,False,False
OEF,2012-02-21,48.29294012411961,48.45682947508124,48.144656730973445,48.300743103027344,327600,2012,2,8,Tuesday,48.2988,48.1837043762207,0.24,0.23,-0.08,0.24,0.08,0,0.0,47.7019,47.22,46.7382,46.2564,45.7745,45.2927,44.8108,44.329,43.8472,43.3653,42.8835,42.4017,41.9198,41.438,40.9561,40.4743,39.9925,39.5106,39.0288,38.547,38.0651,37.5833,37.1015,36.6196,36.1378,False,False,False,False,False,False,False,False,False,False,False,False,False,False,False,False,False,False,False,False,False,False,False,False,False
OEF,2012-02-22,48.1836935384654,48.27734419608913,48.05882500260018,48.12125778198242,451900,2012,2,8,Wednesday,48.1603,48.300743103027344,-0.37,-0.24,-0.5,-0.37,0.5,0,0.0,47.8177,47.3347,46.8517,46.3687,45.8857,45.4027,44.9197,44.4367,43.9537,43.4707,42.9877,42.5047,42.0216,41.5386,41.0556,40.5726,40.0896,39.6066,39.1236,38.6406,38.1576,37.6746,37.1916,36.7086,36.2256,False,False,False,False,False,False,False,False,False,False,False,False,False,False,False,False,False,False,False,False,False,False,False,False,False
OEF,2012-02-23,48.11344183824261,48.34756990777349,47.92613759635795,48.300743103027344,542400,2012,2,8,Thursday,48.172,48.12125778198242,0.37,-0.02,-0.41,0.37,0.41,0,0.0,47.64,47.1588,46.6776,46.1964,45.7152,45.234,44.7528,44.2716,43.7903,43.3091,42.8279,42.3467,41.8655,41.3843,40.9031,40.4219,39.9406,39.4594,38.9782,38.497,38.0158,37.5346,37.0534,36.5722,36.0909,False,False,False,False,False,False,False,False,False,False,False,False,False,False,False,False,False,False,False,False,False,False,False,False,False
OEF,2012-02-24,48.40220642089844,48.48805408631868,48.3085557754856,48.40220642089844,476000,2012,2,8,Friday,48.4003,48.300743103027344,0.21,0.21,0.02,0.21,-0.02,0,0.0,47.8177,47.3347,46.8517,46.3687,45.8857,45.4027,44.9197,44.4367,43.9537,43.4707,42.9877,42.5047,42.0216,41.5386,41.0556,40.5726,40.0896,39.6066,39.1236,38.6406,38.1576,37.6746,37.1916,36.7086,36.2256,False,False,False,False,False,False,False,False,False,False,False,False,False,False,False,False,False,False,False,False,False,False,False,False,False
OEF,2012-02-27,48.11347406752633,48.65196928587366,48.02762635653576,48.51929473876953,380600,2012,2,9,Monday,48.3281,48.40220642089844,0.24,-0.6,-0.77,0.24,0.77,0,0.0,47.9182,47.4342,46.9501,46.4661,45.9821,45.4981,45.0141,44.53,44.046,43.562,43.078,42.5939,42.1099,41.6259,41.1419,40.6579,40.1738,39.6898,39.2058,38.7218,38.2377,37.7537,37.2697,36.7857,36.3017,False,False,False,False,False,False,False,False,False,False,False,False,False,False,False,False,False,False,False,False,False,False,False,False,False
OEF,2012-02-28,48.55050117845679,48.76902338501115,48.46465348771414,48.72999954223633,387400,2012,2,9,Tuesday,48.6285,48.51929473876953,0.43,0.06,-0.11,0.43,0.11,0,0.0,48.0341,47.5489,47.0637,46.5785,46.0933,45.6081,45.1229,44.6378,44.1526,43.6674,43.1822,42.697,42.2118,41.7266,41.2414,40.7562,40.271,39.7858,39.3006,38.8154,38.3302,37.845,37.3599,36.8747,36.3895,False,False,False,False,False,False,False,False,False,False,False,False,False,False,False,False,False,False,False,False,False,False,False,False,False
OEF,2012-02-29,48.83144437110976,49.00313971109279,48.47244773032752,48.54268646240234,866900,2012,2,9,Wednesday,48.7124,48.72999954223633,-0.38,0.21,-0.53,-0.38,0.53,0,0.0,48.2427,47.7554,47.2681,46.7808,46.2935,45.8062,45.3189,44.8316,44.3443,43.857,43.3697,42.8824,42.3951,41.9078,41.4205,40.9332,40.4459,39.9586,39.4713,38.984,38.4967,38.0094,37.5221,37.0348,36.5475,False,False,False,False,False,False,False,False,False,False,False,False,False,False,False,False,False,False,False,False,False,False,False,False,False
OEF,2012-03-01,48.683177470525024,48.92510863278919,48.62854766116852,48.839263916015625,476100,2012,3,9,Thursday,48.769,48.54268646240234,0.61,0.29,0.18,0.61,-0.18,0,0.0,48.0573,47.5718,47.0864,46.601,46.1156,45.6301,45.1447,44.6593,44.1738,43.6884,43.203,42.7176,42.2321,41.7467,41.2613,40.7759,40.2904,39.805,39.3196,38.8341,38.3487,37.8633,37.3779,36.8924,36.407,False,False,False,False,False,False,False,False,False,False,False,False,False,False,False,False,False,False,False,False,False,False,False,False,False
OEF,2012-03-02,48.78462934959961,48.85486809865258,48.62073992750976,48.72999954223633,365000,2012,3,9,Friday,48.7476,48.839263916015625,-0.22,-0.11,-0.45,-0.22,0.45,0,0.0,48.3509,47.8625,47.3741,46.8857,46.3973,45.9089,45.4205,44.9321,44.4437,43.9553,43.4669,42.9786,42.4902,42.0018,41.5134,41.025,40.5366,40.0482,39.5598,39.0714,38.583,38.0946,37.6062,37.1178,36.6294,False,False,False,False,False,False,False,False,False,False,False,False,False,False,False,False,False,False,False,False,False,False,False,False,False
OEF,2012-03-05,48.60511923696858,48.70657584487678,48.363188142011225,48.54268646240234,669000,2012,3,10,Monday,48.5544,48.72999954223633,-0.38,-0.26,-0.75,-0.38,0.75,0,0.0,48.2427,47.7554,47.2681,46.7808,46.2935,45.8062,45.3189,44.8316,44.3443,43.857,43.3697,42.8824,42.3951,41.9078,41.4205,40.9332,40.4459,39.9586,39.4713,38.984,38.4967,38.0094,37.5221,37.0348,36.5475,False,False,False,False,False,False,False,False,False,False,False,False,False,False,False,False,False,False,False,False,False,False,False,False,False
OEF,2012-03-06,48.05100211595982,48.05100211595982,47.71541748584325,47.86370086669922,374500,2012,3,10,Tuesday,47.9203,48.54268646240234,-1.4,-1.01,-1.7,-1.4,1.7,1,48.0573,48.0573,47.5718,47.0864,46.601,46.1156,45.6301,45.1447,44.6593,44.1738,43.6884,43.203,42.7176,42.2321,41.7467,41.2613,40.7759,40.2904,39.805,39.3196,38.8341,38.3487,37.8633,37.3779,36.8924,36.407,True,False,False,False,False,False,False,False,False,False,False,False,False,False,False,False,False,False,False,False,False,False,False,False,False
OEF,2012-03-07,48.01199486304978,48.25392893702959,47.933950172846366,48.17588424682617,698600,2012,3,10,Wednesday,48.0939,47.86370086669922,0.65,0.31,0.15,0.65,-0.15,0,0.0,47.3851,46.9064,46.4278,45.9492,45.4705,44.9919,44.5132,44.0346,43.556,43.0773,42.5987,42.1201,41.6414,41.1628,40.6841,40.2055,39.7269,39.2482,38.7696,38.291,37.8123,37.3337,36.855,36.3764,35.8978,False,False,False,False,False,False,False,False,False,False,False,False,False,False,False,False,False,False,False,False,False,False,False,False,False
OEF,2012-03-08,48.50365847591626,48.722177620425605,48.37098401167841,48.59730911254883,310200,2012,3,10,Thursday,48.5485,48.17588424682617,0.87,0.68,0.4,0.87,-0.4,0,0.0,47.6941,47.2124,46.7306,46.2488,45.7671,45.2853,44.8036,44.3218,43.8401,43.3583,42.8765,42.3948,41.913,41.4313,40.9495,40.4677,39.986,39.5042,39.0225,38.5407,38.0589,37.5772,37.0954,36.6137,36.1319,False,False,False,False,False,False,False,False,False,False,False,False,False,False,False,False,False,False,False,False,False,False,False,False,False
OEF,2012-03-09,48.68316345850084,48.88607369526591,48.6519455829676,48.7143783569336,220600,2012,3,10,Friday,48.7339,48.59730911254883,0.24,0.18,0.11,0.24,-0.11,0,0.0,48.1113,47.6254,47.1394,46.6534,46.1674,45.6815,45.1955,44.7095,44.2236,43.7376,43.2516,42.7656,42.2797,41.7937,41.3077,40.8217,40.3358,39.8498,39.3638,38.8778,38.3919,37.9059,37.4199,36.934,36.448,False,False,False,False,False,False,False,False,False,False,False,False,False,False,False,False,False,False,False,False,False,False,False,False,False
OEF,2012-03-12,48.745589897495854,48.83143755550526,48.61291840937229,48.784610748291016,444600,2012,3,11,Monday,48.7436,48.7143783569336,0.14,0.06,-0.21,0.14,0.21,0,0.0,48.2272,47.7401,47.2529,46.7658,46.2787,45.7915,45.3044,44.8172,44.3301,43.8429,43.3558,42.8687,42.3815,41.8944,41.4072,40.9201,40.4329,39.9458,39.4586,38.9715,38.4844,37.9972,37.5101,37.0229,36.5358,False,False,False,False,False,False,False,False,False,False,False,False,False,False,False,False,False,False,False,False,False,False,False,False,False
OEF,2012-03-13,49.06558040164654,49.72894697317752,48.97973271780481,49.70553207397461,534600,2012,3,11,Tuesday,49.3699,48.784610748291016,1.89,0.58,0.4,1.89,-0.4,0,0.0,48.2968,47.8089,47.3211,46.8332,46.3454,45.8575,45.3697,44.8818,44.394,43.9061,43.4183,42.9305,42.4426,41.9548,41.4669,40.9791,40.4912,40.0034,39.5155,39.0277,38.5398,38.052,37.5642,37.0763,36.5885,False,False,False,False,False,False,False,False,False,False,False,False,False,False,False,False,False,False,False,False,False,False,False,False,False
OEF,2012-03-14,49.73673549229264,49.86940995885986,49.55723719513706,49.72112655639648,729500,2012,3,11,Wednesday,49.7211,49.70553207397461,0.03,0.06,-0.3,0.03,0.3,0,0.0,49.2085,48.7114,48.2144,47.7173,47.2203,46.7232,46.2261,45.7291,45.232,44.735,44.2379,43.7409,43.2438,42.7468,42.2497,41.7526,41.2556,40.7585,40.2615,39.7644,39.2674,38.7703,38.2733,37.7762,37.2791,False,False,False,False,False,False,False,False,False,False,False,False,False,False,False,False,False,False,False,False,False,False,False,False,False
OEF,2012-03-15,49.84601009035509,49.99429056041098,49.68212067969841,49.95527267456055,374200,2012,3,11,Thursday,49.8694,49.72112655639648,0.47,0.25,-0.08,0.47,0.08,0,0.0,49.2239,48.7267,48.2295,47.7323,47.2351,46.7379,46.2406,45.7434,45.2462,44.749,44.2518,43.7546,43.2574,42.7602,42.263,41.7657,41.2685,40.7713,40.2741,39.7769,39.2797,38.7825,38.2853,37.7881,37.2908,False,False,False,False,False,False,False,False,False,False,False,False,False,False,False,False,False,False,False,False,False,False,False,False,False
OEF,2012-03-16,50.11915109315155,50.11915109315155,49.93184682412252,50.009891510009766,426500,2012,3,11,Friday,50.045,49.95527267456055,0.11,0.33,-0.05,0.11,0.05,0,0.0,49.4557,48.9562,48.4566,47.9571,47.4575,46.958,46.4584,45.9589,45.4593,44.9597,44.4602,43.9606,43.4611,42.9615,42.462,41.9624,41.4629,40.9633,40.4638,39.9642,39.4647,38.9651,38.4656,37.966,37.4665,False,False,False,False,False,False,False,False,False,False,False,False,False,False,False,False,False,False,False,False,False,False,False,False,False
OEF,2012-03-19,50.01770044687003,50.439132894634334,49.99428852547232,50.29085540771485,306100,2012,3,12,Monday,50.1855,50.009891510009766,0.56,0.02,-0.03,0.56,0.03,0,0.0,49.5098,49.0097,48.5096,48.0095,47.5094,47.0093,46.5092,46.0091,45.509,45.0089,44.5088,44.0087,43.5086,43.0085,42.5084,42.0083,41.5082,41.0081,40.508,40.0079,39.5078,39.0077,38.5076,38.0075,37.5074,False,False,False,False,False,False,False,False,False,False,False,False,False,False,False,False,False,False,False,False,False,False,False,False,False
OEF,2012-03-20,49.99427345230538,50.251816418435205,49.90062281784908,50.17377471923828,850700,2012,3,12,Tuesday,50.0801,50.29085540771485,-0.23,-0.59,-0.78,-0.23,0.78,0,0.0,49.7879,49.285,48.7821,48.2792,47.7763,47.2734,46.7705,46.2676,45.7647,45.2618,44.7589,44.256,43.753,43.2501,42.7472,42.2443,41.7414,41.2385,40.7356,40.2327,39.7298,39.2269,38.724,38.2211,37.7181,False,False,False,False,False,False,False,False,False,False,False,False,False,False,False,False,False,False,False,False,False,False,False,False,False
OEF,2012-03-21,50.26743991967439,50.26743991967439,49.98648497443288,50.05672073364258,375300,2012,3,12,Wednesday,50.1445,50.17377471923828,-0.23,0.19,-0.37,-0.23,0.37,0,0.0,49.672,49.1703,48.6686,48.1668,47.6651,47.1633,46.6616,46.1599,45.6581,45.1564,44.6547,44.1529,43.6512,43.1494,42.6477,42.146,41.6442,41.1425,40.6408,40.139,39.6373,39.1355,38.6338,38.1321,37.6303,False,False,False,False,False,False,False,False,False,False,False,False,False,False,False,False,False,False,False,False,False,False,False,False,False
OEF,2012-03-22,49.728946685791016,49.85381523144801,49.572860259444525,49.728946685791016,693500,2012,3,12,Thursday,49.7211,50.05672073364258,-0.65,-0.65,-0.97,-0.65,0.97,0,0.0,49.5562,49.0556,48.555,48.0545,47.5539,47.0533,46.5528,46.0522,45.5516,45.051,44.5505,44.0499,43.5493,43.0488,42.5482,42.0476,41.5471,41.0465,40.5459,40.0454,39.5448,39.0442,38.5437,38.0431,37.5425,False,False,False,False,False,False,False,False,False,False,False,False,False,False,False,False,False,False,False,False,False,False,False,False,False
OEF,2012-03-23,49.77576546536057,49.93965783375492,49.53383435738436,49.86941909790039,585200,2012,3,12,Friday,49.7797,49.728946685791016,0.28,0.09,-0.39,0.28,0.39,0,0.0,49.2317,48.7344,48.2371,47.7398,47.2425,46.7452,46.2479,45.7506,45.2533,44.7561,44.2588,43.7615,43.2642,42.7669,42.2696,41.7723,41.275,40.7777,40.2804,39.7832,39.2859,38.7886,38.2913,37.794,37.2967,False,False,False,False,False,False,False,False,False,False,False,False,False,False,False,False,False,False,False,False,False,False,False,False,False
OEF,2012-03-26,50.21438599912803,50.55933632348815,50.1987029044969,50.54365921020508,748200,2012,3,13,Monday,50.379,49.86941909790039,1.35,0.69,0.66,1.35,-0.66,0,0.0,49.3707,48.872,48.3733,47.8746,47.3759,46.8773,46.3786,45.8799,45.3812,44.8825,44.3838,43.8851,43.3864,42.8877,42.389,41.8903,41.3916,40.8929,40.3942,39.8955,39.3968,38.8981,38.3995,37.9008,37.4021,False,False,False,False,False,False,False,False,False,False,False,False,False,False,False,False,False,False,False,False,False,False,False,False,False
OEF,2012-03-27,50.63771832594318,50.64555987085436,50.38684272090168,50.42604446411133,1192900,2012,3,13,Tuesday,50.524,50.54365921020508,-0.23,0.19,-0.31,-0.23,0.31,0,0.0,50.0382,49.5328,49.0273,48.5219,48.0165,47.511,47.0056,46.5002,45.9947,45.4893,44.9839,44.4784,43.973,43.4675,42.9621,42.4567,41.9512,41.4458,40.9404,40.4349,39.9295,39.4241,38.9186,38.4132,37.9077,False,False,False,False,False,False,False,False,False,False,False,False,False,False,False,False,False,False,False,False,False,False,False,False,False
OEF,2012-03-28,50.394689093910685,50.46525104217904,49.932136592049055,50.198692321777344,442400,2012,3,13,Wednesday,50.2477,50.42604446411133,-0.45,-0.06,-0.98,-0.45,0.98,0,0.0,49.9218,49.4175,48.9133,48.409,47.9047,47.4005,46.8962,46.392,45.8877,45.3834,44.8792,44.3749,43.8707,43.3664,42.8621,42.3579,41.8536,41.3494,40.8451,40.3408,39.8366,39.3323,38.8281,38.3238,37.8195,False,False,False,False,False,False,False,False,False,False,False,False,False,False,False,False,False,False,False,False,False,False,False,False,False
OEF,2012-03-29,49.92429863146172,50.135975506766776,49.71262175615666,50.08109664916992,1158700,2012,3,13,Thursday,49.9635,50.198692321777344,-0.23,-0.55,-0.97,-0.23,0.97,0,0.0,49.6967,49.1947,48.6927,48.1907,47.6888,47.1868,46.6848,46.1828,45.6808,45.1788,44.6768,44.1748,43.6729,43.1709,42.6689,42.1669,41.6649,41.1629,40.6609,40.159,39.657,39.155,38.653,38.151,37.649,False,False,False,False,False,False,False,False,False,False,False,False,False,False,False,False,False,False,False,False,False,False,False,False,False
OEF,2012-03-30,50.32413077872005,50.34764943326312,50.026214861590425,50.2065315246582,403900,2012,3,13,Friday,50.2261,50.08109664916992,0.25,0.49,-0.11,0.25,0.11,0,0.0,49.5803,49.0795,48.5787,48.0779,47.577,47.0762,46.5754,46.0746,45.5738,45.073,44.5722,44.0714,43.5706,43.0697,42.5689,42.0681,41.5673,41.0665,40.5657,40.0649,39.5641,39.0633,38.5624,38.0616,37.5608,False,False,False,False,False,False,False,False,False,False,False,False,False,False,False,False,False,False,False,False,False,False,False,False,False
OEF,2012-04-02,50.21438432709697,50.74749588119085,50.11246215943258,50.62205505371094,438600,2012,4,14,Monday,50.4241,50.2065315246582,0.83,0.02,-0.19,0.83,0.19,0,0.0,49.7045,49.2024,48.7003,48.1983,47.6962,47.1941,46.6921,46.19,45.6879,45.1859,44.6838,44.1817,43.6797,43.1776,42.6756,42.1735,41.6714,41.1694,40.6673,40.1652,39.6632,39.1611,38.659,38.157,37.6549,False,False,False,False,False,False,False,False,False,False,False,False,False,False,False,False,False,False,False,False,False,False,False,False,False
OEF,2012-04-03,50.5906810191686,50.64555987085436,50.14380866077136,50.42604446411133,1490800,2012,4,14,Tuesday,50.4515,50.62205505371094,-0.39,-0.06,-0.94,-0.39,0.94,0,0.0,50.1158,49.6096,49.1034,48.5972,48.091,47.5847,47.0785,46.5723,46.0661,45.5598,45.0536,44.5474,44.0412,43.535,43.0287,42.5225,42.0163,41.5101,41.0039,40.4976,39.9914,39.4852,38.979,38.4728,37.9665,False,False,False,False,False,False,False,False,False,False,False,False,False,False,False,False,False,False,False,False,False,False,False,False,False
OEF,2012-04-04,50.07324892726909,50.09677057096184,49.743975822301216,49.94781112670898,471400,2012,4,14,Wednesday,49.9655,50.42604446411133,-0.95,-0.7,-1.35,-0.95,1.35,1,49.9218,49.9218,49.4175,48.9133,48.409,47.9047,47.4005,46.8962,46.392,45.8877,45.3834,44.8792,44.3749,43.8707,43.3664,42.8621,42.3579,41.8536,41.3494,40.8451,40.3408,39.8366,39.3323,38.8281,38.3238,37.8195,True,False,False,False,False,False,False,False,False,False,False,False,False,False,False,False,False,False,False,False,False,False,False,False,False
OEF,2012-04-05,49.75180634518642,50.03404209855476,49.72828769596325,49.91644287109375,462600,2012,4,14,Thursday,49.8576,49.94781112670898,-0.06,-0.39,-0.44,-0.06,0.44,0,0.0,49.4483,48.9489,48.4494,47.9499,47.4504,46.9509,46.4515,45.952,45.4525,44.953,44.4536,43.9541,43.4546,42.9551,42.4556,41.9562,41.4567,40.9572,40.4577,39.9582,39.4588,38.9593,38.4598,37.9603,37.4609,False,False,False,False,False,False,False,False,False,False,False,False,False,False,False,False,False,False,False,False,False,False,False,False,False
OEF,2012-04-09,49.25790221321535,49.62637405136288,49.25790221321535,49.42253875732422,469700,2012,4,15,Monday,49.3912,49.91644287109375,-0.99,-1.32,-1.32,-0.99,1.32,1,49.4173,49.4173,48.9181,48.4189,47.9198,47.4206,46.9215,46.4223,45.9231,45.424,44.9248,44.4256,43.9265,43.4273,42.9281,42.429,41.9298,41.4306,40.9315,40.4323,39.9332,39.434,38.9348,38.4357,37.9365,37.4373,True,False,False,False,False,False,False,False,False,False,False,False,False,False,False,False,False,False,False,False,False,False,False,False,False
OEF,2012-04-10,49.34414183463595,49.46174108360129,48.57583491590229,48.62287521362305,7740200,2012,4,15,Tuesday,49.0011,49.42253875732422,-1.62,-0.16,-1.71,-1.62,1.71,1,48.9283,48.9283,48.4341,47.9399,47.4456,46.9514,46.4572,45.963,45.4687,44.9745,44.4803,43.9861,43.4918,42.9976,42.5034,42.0092,41.5149,41.0207,40.5265,40.0323,39.538,39.0438,38.5496,38.0554,37.5611,37.0669,True,False,False,False,False,False,False,False,False,False,False,False,False,False,False,False,False,False,False,False,False,False,False,False,False
OEF,2012-04-11,49.0775894157748,49.17950857232572,48.89727274844521,48.944313049316406,394300,2012,4,15,Wednesday,49.0247,48.62287521362305,0.66,0.94,0.56,0.66,-0.56,0,0.0,48.1366,47.6504,47.1642,46.678,46.1917,45.7055,45.2193,44.733,44.2468,43.7606,43.2744,42.7881,42.3019,41.8157,41.3294,40.8432,40.357,39.8708,39.3845,38.8983,38.4121,37.9258,37.4396,36.9534,36.4672,False,False,False,False,False,False,False,False,False,False,False,False,False,False,False,False,False,False,False,False,False,False,False,False,False
OEF,2012-04-12,49.06975311118608,49.610703137981496,48.99919415198029,49.55582427978516,568600,2012,4,15,Thursday,49.3089,48.944313049316406,1.25,0.26,0.11,1.25,-0.11,0,0.0,48.4549,47.9654,47.476,46.9865,46.4971,46.0077,45.5182,45.0288,44.5393,44.0499,43.5604,43.071,42.5816,42.0921,41.6027,41.1132,40.6238,40.1343,39.6449,39.1555,38.666,38.1766,37.6871,37.1977,36.7082,False,False,False,False,False,False,False,False,False,False,False,False,False,False,False,False,False,False,False,False,False,False,False,False,False
OEF,2012-04-13,49.469577606627176,49.47741915126189,48.88158736729006,48.936466217041016,418500,2012,4,15,Friday,49.1913,49.55582427978516,-1.25,-0.17,-1.36,-1.25,1.36,1,49.0603,49.0603,48.5647,48.0691,47.5736,47.078,46.5825,46.0869,45.5914,45.0958,44.6002,44.1047,43.6091,43.1136,42.618,42.1225,41.6269,41.1313,40.6358,40.1402,39.6447,39.1491,38.6535,38.158,37.6624,37.1669,True,False,False,False,False,False,False,False,False,False,False,False,False,False,False,False,False,False,False,False,False,False,False,False,False
OEF,2012-04-16,49.18735074240709,49.24222959878369,48.7483169007209,48.889434814453125,377700,2012,4,16,Monday,49.0168,48.936466217041016,-0.1,0.51,-0.38,-0.1,0.38,0,0.0,48.4471,47.9577,47.4684,46.979,46.4896,46.0003,45.5109,45.0215,44.5322,44.0428,43.5535,43.0641,42.5747,42.0854,41.596,41.1066,40.6173,40.1279,39.6385,39.1492,38.6598,38.1704,37.6811,37.1917,36.7023,False,False,False,False,False,False,False,False,False,False,False,False,False,False,False,False,False,False,False,False,False,False,False,False,False
OEF,2012-04-17,49.22654611398488,49.743977431872,49.15598716196967,49.66557693481445,783000,2012,4,16,Tuesday,49.448,48.889434814453125,1.59,0.69,0.55,1.59,-0.55,0,0.0,48.4005,47.9116,47.4228,46.9339,46.445,45.9561,45.4672,44.9783,44.4894,44.0005,43.5116,43.0227,42.5338,42.0449,41.556,41.0671,40.5782,40.0893,39.6004,39.1115,38.6227,38.1338,37.6449,37.156,36.6671,False,False,False,False,False,False,False,False,False,False,False,False,False,False,False,False,False,False,False,False,False,False,False,False,False
OEF,2012-04-18,49.46957228346193,49.66556900881744,49.40685488649796,49.48525238037109,254500,2012,4,16,Wednesday,49.5068,49.66557693481445,-0.36,-0.39,-0.52,-0.36,0.52,0,0.0,49.1689,48.6723,48.1756,47.679,47.1823,46.6856,46.189,45.6923,45.1957,44.699,44.2024,43.7057,43.2091,42.7124,42.2157,41.7191,41.2224,40.7258,40.2291,39.7325,39.2358,38.7392,38.2425,37.7458,37.2492,False,False,False,False,False,False,False,False,False,False,False,False,False,False,False,False,False,False,False,False,False,False,False,False,False
OEF,2012-04-19,49.50878560980666,49.62638187814262,48.86591643941523,49.132469177246094,501900,2012,4,16,Thursday,49.2834,49.48525238037109,-0.71,0.05,-1.25,-0.71,1.25,1,48.9904,48.9904,48.4955,48.0007,47.5058,47.011,46.5161,46.0213,45.5264,45.0316,44.5367,44.0419,43.547,43.0522,42.5573,42.0625,41.5676,41.0728,40.5779,40.0831,39.5882,39.0933,38.5985,38.1036,37.6088,37.1139,True,False,False,False,False,False,False,False,False,False,False,False,False,False,False,False,False,False,False,False,False,False,False,False,False
OEF,2012-04-20,49.40686795563424,49.54014432860745,49.17951097631978,49.20302963256836,246000,2012,4,16,Friday,49.3324,49.132469177246094,0.14,0.56,0.1,0.14,-0.1,0,0.0,48.6411,48.1498,47.6585,47.1672,46.6758,46.1845,45.6932,45.2019,44.7105,44.2192,43.7279,43.2366,42.7452,42.2539,41.7626,41.2713,40.7799,40.2886,39.7973,39.306,38.8147,38.3233,37.832,37.3407,36.8494,False,False,False,False,False,False,False,False,False,False,False,False,False,False,False,False,False,False,False,False,False,False,False,False,False
OEF,2012-04-23,48.68560156662456,48.8815983571354,48.55232518460055,48.84239959716797,315600,2012,4,17,Monday,48.7405,49.20302963256836,-0.73,-1.05,-1.32,-0.73,1.32,1,48.711,48.711,48.219,47.7269,47.2349,46.7429,46.2508,45.7588,45.2668,44.7748,44.2827,43.7907,43.2987,42.8066,42.3146,41.8226,41.3305,40.8385,40.3465,39.8545,39.3624,38.8704,38.3784,37.8863,37.3943,36.9023,True,False,False,False,False,False,False,False,False,False,False,False,False,False,False,False,False,False,False,False,False,False,False,False,False
OEF,2012-04-24,48.88944436185382,49.16383869732206,48.87376425830221,49.054080963134766,334400,2012,4,17,Tuesday,48.9953,48.84239959716797,0.43,0.1,0.06,0.43,-0.06,0,0.0,48.354,47.8656,47.3771,46.8887,46.4003,45.9119,45.4234,44.935,44.4466,43.9582,43.4697,42.9813,42.4929,42.0045,41.516,41.0276,40.5392,40.0508,39.5623,39.0739,38.5855,38.0971,37.6086,37.1202,36.6318,False,False,False,False,False,False,False,False,False,False,False,False,False,False,False,False,False,False,False,False,False,False,False,False,False
OEF,2012-04-25,49.58717859221981,49.76749524640165,49.540138294778544,49.74397659301758,590500,2012,4,17,Wednesday,49.6597,49.054080963134766,1.41,1.09,0.99,1.41,-0.99,0,0.0,48.5635,48.073,47.5825,47.0919,46.6014,46.1108,45.6203,45.1298,44.6392,44.1487,43.6581,43.1676,42.6771,42.1865,41.696,41.2054,40.7149,40.2243,39.7338,39.2433,38.7527,38.2622,37.7716,37.2811,36.7906,False,False,False,False,False,False,False,False,False,False,False,False,False,False,False,False,False,False,False,False,False,False,False,False,False
OEF,2012-04-26,49.62637913637676,50.12029180998552,49.62637913637676,50.05757141113281,425000,2012,4,17,Thursday,49.8577,49.74397659301758,0.63,-0.24,-0.24,0.63,0.24,0,0.0,49.2465,48.7491,48.2517,47.7542,47.2568,46.7593,46.2619,45.7645,45.267,44.7696,44.2721,43.7747,43.2773,42.7798,42.2824,41.7849,41.2875,40.7901,40.2926,39.7952,39.2977,38.8003,38.3029,37.8054,37.308,False,False,False,False,False,False,False,False,False,False,False,False,False,False,False,False,False,False,False,False,False,False,False,False,False
OEF,2012-04-27,50.2457334302384,50.26141652274848,49.97134211545813,50.13597869873047,228400,2012,4,17,Friday,50.1536,50.05757141113281,0.16,0.38,-0.17,0.16,0.17,0,0.0,49.557,49.0564,48.5558,48.0553,47.5547,47.0541,46.5535,46.053,45.5524,45.0518,44.5512,44.0507,43.5501,43.0495,42.5489,42.0484,41.5478,41.0472,40.5466,40.0461,39.5455,39.0449,38.5443,38.0438,37.5432,False,False,False,False,False,False,False,False,False,False,False,False,False,False,False,False,False,False,False,False,False,False,False,False,False
OEF,2012-04-30,50.02621988861483,50.04189999011029,49.79102135685656,49.89294052124024,369900,2012,4,18,Monday,49.938,50.13597869873047,-0.48,-0.22,-0.69,-0.48,0.69,0,0.0,49.6346,49.1333,48.6319,48.1305,47.6292,47.1278,46.6265,46.1251,45.6237,45.1224,44.621,44.1197,43.6183,43.1169,42.6156,42.1142,41.6129,41.1115,40.6101,40.1088,39.6074,39.1061,38.6047,38.1033,37.602,False,False,False,False,False,False,False,False,False,False,False,False,False,False,False,False,False,False,False,False,False,False,False,False,False
OEF,2012-05-01,49.87725773510559,50.55149010042545,49.86157763445412,50.198692321777344,879400,2012,5,18,Tuesday,50.1223,49.89294052124024,0.61,-0.03,-0.06,0.61,0.06,0,0.0,49.394,48.8951,48.3962,47.8972,47.3983,46.8994,46.4004,45.9015,45.4026,44.9036,44.4047,43.9058,43.4069,42.9079,42.409,41.9101,41.4111,40.9122,40.4133,39.9144,39.4154,38.9165,38.4176,37.9186,37.4197,False,False,False,False,False,False,False,False,False,False,False,False,False,False,False,False,False,False,False,False,False,False,False,False,False
OEF,2012-05-02,49.9243003217603,50.104617001494056,49.79102095546016,50.0654182434082,2282100,2012,5,18,Wednesday,49.9713,50.198692321777344,-0.27,-0.55,-0.81,-0.27,0.81,0,0.0,49.6967,49.1947,48.6927,48.1907,47.6888,47.1868,46.6848,46.1828,45.6808,45.1788,44.6768,44.1748,43.6729,43.1709,42.6689,42.1669,41.6649,41.1629,40.6609,40.159,39.657,39.155,38.653,38.151,37.649,False,False,False,False,False,False,False,False,False,False,False,False,False,False,False,False,False,False,False,False,False,False,False,False,False
OEF,2012-05-03,50.08893193758337,50.128130691785614,49.64205956019656,49.75965881347656,419800,2012,5,18,Thursday,49.9047,50.0654182434082,-0.61,0.05,-0.85,-0.61,0.85,0,0.0,49.5648,49.0641,48.5635,48.0628,47.5621,47.0615,46.5608,46.0602,45.5595,45.0589,44.5582,44.0576,43.5569,43.0563,42.5556,42.055,41.5543,41.0536,40.553,40.0523,39.5517,39.051,38.5504,38.0497,37.5491,False,False,False,False,False,False,False,False,False,False,False,False,False,False,False,False,False,False,False,False,False,False,False,False,False
OEF,2012-05-04,49.42254564081691,49.49310459678704,48.92863294902601,48.944313049316406,307000,2012,5,18,Friday,49.1971,49.75965881347656,-1.64,-0.68,-1.67,-1.64,1.67,1,49.2621,49.2621,48.7645,48.2669,47.7693,47.2717,46.7741,46.2765,45.7789,45.2813,44.7837,44.2861,43.7885,43.2909,42.7933,42.2957,41.7981,41.3005,40.8029,40.3053,39.8077,39.3101,38.8125,38.3149,37.8173,37.3197,True,False,False,False,False,False,False,False,False,False,False,False,False,False,False,False,False,False,False,False,False,False,False,False,False
OEF,2012-05-07,48.756160122504994,49.155995246575785,48.74832156684663,49.01487731933594,253600,2012,5,19,Monday,48.9188,48.944313049316406,0.14,-0.38,-0.4,0.14,0.4,0,0.0,48.4549,47.9654,47.476,46.9865,46.4971,46.0077,45.5182,45.0288,44.5393,44.0499,43.5604,43.071,42.5816,42.0921,41.6027,41.1132,40.6238,40.1343,39.6449,39.1555,38.666,38.1766,37.6871,37.1977,36.7082,False,False,False,False,False,False,False,False,False,False,False,False,False,False,False,False,False,False,False,False,False,False,False,False,False
OEF,2012-05-08,48.677748842389455,48.88942567340977,48.30143547302208,48.81886672973633,846600,2012,5,19,Tuesday,48.6719,49.01487731933594,-0.4,-0.69,-1.46,-0.4,1.46,1,48.5247,48.5247,48.0346,47.5444,47.0543,46.5641,46.074,45.5838,45.0937,44.6035,44.1134,43.6232,43.1331,42.6429,42.1528,41.6626,41.1725,40.6823,40.1922,39.7021,39.2119,38.7218,38.2316,37.7415,37.2513,36.7612,True,False,False,False,False,False,False,False,False,False,False,False,False,False,False,False,False,False,False,False,False,False,False,False,False
OEF,2012-05-09,48.30927578427613,48.78750830983371,48.10544048995423,48.45039367675781,872700,2012,5,19,Wednesday,48.4132,48.81886672973633,-0.75,-1.04,-1.46,-0.75,1.46,1,48.3307,48.3307,47.8425,47.3543,46.8661,46.3779,45.8897,45.4015,44.9134,44.4252,43.937,43.4488,42.9606,42.4724,41.9842,41.496,41.0078,40.5197,40.0315,39.5433,39.0551,38.5669,38.0787,37.5905,37.1023,36.6142,True,False,False,False,False,False,False,False,False,False,False,False,False,False,False,False,False,False,False,False,False,False,False,False,False
OEF,2012-05-10,48.834549936216185,48.865910133328136,48.50527384788673,48.60719299316406,453000,2012,5,19,Thursday,48.7032,48.45039367675781,0.32,0.79,0.11,0.32,-0.11,0,0.0,47.9659,47.4814,46.9969,46.5124,46.0279,45.5434,45.0589,44.5744,44.0899,43.6054,43.1209,42.6363,42.1518,41.6673,41.1828,40.6983,40.2138,39.7293,39.2448,38.7603,38.2758,37.7913,37.3068,36.8223,36.3378,False,False,False,False,False,False,False,False,False,False,False,False,False,False,False,False,False,False,False,False,False,False,False,False,False
OEF,2012-05-11,48.34847791406112,48.87375077072276,48.31712070628543,48.419036865234375,318300,2012,5,19,Friday,48.4896,48.60719299316406,-0.39,-0.53,-0.6,-0.39,0.6,0,0.0,48.1211,47.635,47.149,46.6629,46.1768,45.6908,45.2047,44.7186,44.2325,43.7465,43.2604,42.7743,42.2883,41.8022,41.3161,40.83,40.344,39.8579,39.3718,38.8858,38.3997,37.9136,37.4275,36.9415,36.4554,False,False,False,False,False,False,False,False,False,False,False,False,False,False,False,False,False,False,False,False,False,False,False,False,False
OEF,2012-05-14,47.94864165090197,48.2073587794314,47.83888395661901,47.90944290161133,936100,2012,5,20,Monday,47.9761,48.419036865234375,-1.05,-0.97,-1.2,-1.05,1.2,1,47.9348,47.9348,47.4507,46.9665,46.4823,45.9981,45.5139,45.0297,44.5455,44.0613,43.5771,43.0929,42.6088,42.1246,41.6404,41.1562,40.672,40.1878,39.7036,39.2194,38.7352,38.251,37.7668,37.2827,36.7985,36.3143,True,False,False,False,False,False,False,False,False,False,False,False,False,False,False,False,False,False,False,False,False,False,False,False,False
OEF,2012-05-15,47.83889769662264,48.16033231820306,47.58018049378599,47.63505935668945,1666900,2012,5,20,Tuesday,47.8036,47.90944290161133,-0.57,-0.15,-0.69,-0.57,0.69,0,0.0,47.4303,46.9513,46.4722,45.9931,45.514,45.0349,44.5558,44.0767,43.5976,43.1185,42.6394,42.1603,41.6812,41.2021,40.723,40.2439,39.7648,39.2857,38.8066,38.3276,37.8485,37.3694,36.8903,36.4112,35.9321,False,False,False,False,False,False,False,False,False,False,False,False,False,False,False,False,False,False,False,False,False,False,False,False,False
OEF,2012-05-16,47.870251257879815,48.08976667902922,47.501776380373336,47.5488166809082,1453300,2012,5,20,Wednesday,47.7527,47.63505935668945,-0.18,0.49,-0.28,-0.18,0.28,0,0.0,47.1587,46.6824,46.206,45.7297,45.2533,44.777,44.3006,43.8243,43.3479,42.8716,42.3952,41.9189,41.4425,40.9662,40.4898,40.0134,39.5371,39.0607,38.5844,38.108,37.6317,37.1553,36.679,36.2026,35.7263,False,False,False,False,False,False,False,False,False,False,False,False,False,False,False,False,False,False,False,False,False,False,False,False,False
OEF,2012-05-17,47.55666196991251,47.59586073057231,46.93731138319704,46.9529914855957,1338100,2012,5,20,Thursday,47.2607,47.5488166809082,-1.25,0.02,-1.29,-1.25,1.29,1,47.0733,47.0733,46.5978,46.1224,45.6469,45.1714,44.6959,44.2204,43.7449,43.2694,42.7939,42.3184,41.843,41.3675,40.892,40.4165,39.941,39.4655,38.99,38.5145,38.0391,37.5636,37.0881,36.6126,36.1371,35.6616,True,False,False,False,False,False,False,False,False,False,False,False,False,False,False,False,False,False,False,False,False,False,False,False,False
OEF,2012-05-18,47.08626890178221,47.17250497537671,46.47475689636909,46.58451461791992,589800,2012,5,20,Friday,46.8295,46.9529914855957,-0.78,0.28,-1.02,-0.78,1.02,1,46.4835,46.4835,46.0139,45.5444,45.0749,44.6053,44.1358,43.6663,43.1968,42.7272,42.2577,41.7882,41.3186,40.8491,40.3796,39.91,39.4405,38.971,38.5015,38.0319,37.5624,37.0929,36.6233,36.1538,35.6843,35.2147,True,False,False,False,False,False,False,False,False,False,False,False,False,False,False,False,False,False,False,False,False,False,False,False,False
OEF,2012-05-21,46.69427835476615,47.25874710083008,46.60803928491191,47.25874710083008,305700,2012,5,21,Monday,46.955,46.58451461791992,1.45,0.24,0.05,1.45,-0.05,0,0.0,46.1187,45.6528,45.187,44.7211,44.2553,43.7894,43.3236,42.8578,42.3919,41.9261,41.4602,40.9944,40.5285,40.0627,39.5968,39.131,38.6651,38.1993,37.7335,37.2676,36.8018,36.3359,35.8701,35.4042,34.9384,False,False,False,False,False,False,False,False,False,False,False,False,False,False,False,False,False,False,False,False,False,False,False,False,False
OEF,2012-05-22,47.40768553638176,47.6663996404216,47.01569211336732,47.29792785644531,958700,2012,5,21,Tuesday,47.3469,47.25874710083008,0.08,0.32,-0.51,0.08,0.51,0,0.0,46.7862,46.3136,45.841,45.3684,44.8958,44.4232,43.9506,43.478,43.0055,42.5329,42.0603,41.5877,41.1151,40.6425,40.1699,39.6973,39.2248,38.7522,38.2796,37.807,37.3344,36.8618,36.3892,35.9166,35.4441,False,False,False,False,False,False,False,False,False,False,False,False,False,False,False,False,False,False,False,False,False,False,False,False,False
OEF,2012-05-23,46.94513760857273,47.35281116586722,46.52962250730123,47.30577087402344,389000,2012,5,21,Wednesday,47.0333,47.29792785644531,0.02,-0.75,-1.62,0.02,1.62,1,46.8249,46.8249,46.352,45.879,45.406,44.933,44.4601,43.9871,43.5141,43.0411,42.5681,42.0952,41.6222,41.1492,40.6762,40.2032,39.7303,39.2573,38.7843,38.3113,37.8383,37.3654,36.8924,36.4194,35.9464,35.4734,True,False,False,False,False,False,False,False,False,False,False,False,False,False,False,False,False,False,False,False,False,False,False,False,False
OEF,2012-05-24,47.43905467306798,47.50961362659024,47.031384042354034,47.39201736450195,750000,2012,5,21,Thursday,47.343,47.30577087402344,0.18,0.28,-0.58,0.18,0.58,0,0.0,46.8327,46.3597,45.8866,45.4135,44.9405,44.4674,43.9944,43.5213,43.0483,42.5752,42.1021,41.6291,41.156,40.683,40.2099,39.7368,39.2638,38.7907,38.3177,37.8446,37.3716,36.8985,36.4254,35.9524,35.4793,False,False,False,False,False,False,False,False,False,False,False,False,False,False,False,False,False,False,False,False,False,False,False,False,False
OEF,2012-05-25,47.36065752148103,47.43905503012997,47.06274160540321,47.15682220458984,181800,2012,5,21,Friday,47.2548,47.39201736450195,-0.5,-0.07,-0.69,-0.5,0.69,0,0.0,46.9181,46.4442,45.9703,45.4963,45.0224,44.5485,44.0746,43.6007,43.1267,42.6528,42.1789,41.705,41.2311,40.7571,40.2832,39.8093,39.3354,38.8615,38.3875,37.9136,37.4397,36.9658,36.4919,36.0179,35.544,False,False,False,False,False,False,False,False,False,False,False,False,False,False,False,False,False,False,False,False,False,False,False,False,False
OEF,2012-05-29,47.58017583855996,47.791852713623086,47.40770071088416,47.71345520019531,255500,2012,5,22,Tuesday,47.6233,47.15682220458984,1.18,0.9,0.53,1.18,-0.53,0,0.0,46.6853,46.2137,45.7421,45.2705,44.799,44.3274,43.8558,43.3843,42.9127,42.4411,41.9696,41.498,41.0264,40.5549,40.0833,39.6117,39.1402,38.6686,38.197,37.7255,37.2539,36.7823,36.3108,35.8392,35.3676,False,False,False,False,False,False,False,False,False,False,False,False,False,False,False,False,False,False,False,False,False,False,False,False,False
OEF,2012-05-30,47.31360808840224,47.3528098258324,47.02353377358962,47.14897155761719,398000,2012,5,22,Wednesday,47.2097,47.71345520019531,-1.18,-0.84,-1.45,-1.18,1.45,1,47.2363,47.2363,46.7592,46.2821,45.8049,45.3278,44.8506,44.3735,43.8964,43.4192,42.9421,42.465,41.9878,41.5107,41.0336,40.5564,40.0793,39.6022,39.125,38.6479,38.1708,37.6936,37.2165,36.7394,36.2622,35.7851,True,False,False,False,False,False,False,False,False,False,False,False,False,False,False,False,False,False,False,False,False,False,False,False,False
OEF,2012-05-31,47.16466901888897,47.42338622595012,46.7099580058821,47.10195159912109,382600,2012,5,22,Thursday,47.1,47.14897155761719,-0.1,0.03,-0.93,-0.1,0.93,0,0.0,46.6775,46.206,45.7345,45.263,44.7915,44.32,43.8485,43.3771,42.9056,42.4341,41.9626,41.4911,41.0196,40.5481,40.0766,39.6051,39.1336,38.6622,38.1907,37.7192,37.2477,36.7762,36.3047,35.8332,35.3617,False,False,False,False,False,False,False,False,False,False,False,False,False,False,False,False,False,False,False,False,False,False,False,False,False
OEF,2012-06-01,46.35714964010529,46.52178618343919,45.98083625933943,45.99651336669922,980900,2012,6,22,Friday,46.2141,47.10195159912109,-2.35,-1.58,-2.38,-2.35,2.38,2,92.7908,46.6309,46.1599,45.6889,45.2179,44.7469,44.2758,43.8048,43.3338,42.8628,42.3918,41.9207,41.4497,40.9787,40.5077,40.0367,39.5656,39.0946,38.6236,38.1526,37.6816,37.2105,36.7395,36.2685,35.7975,35.3265,True,True,False,False,False,False,False,False,False,False,False,False,False,False,False,False,False,False,False,False,False,False,False,False,False
OEF,2012-06-04,46.03571935269317,46.1611571578501,45.66724449162515,46.02787780761719,1295000,2012,6,23,Monday,45.973,45.99651336669922,0.07,0.09,-0.72,0.07,0.72,0,0.0,45.5365,45.0766,44.6166,44.1567,43.6967,43.2367,42.7768,42.3168,41.8568,41.3969,40.9369,40.4769,40.017,39.557,39.097,38.6371,38.1771,37.7171,37.2572,36.7972,36.3372,35.8773,35.4173,34.9574,34.4974,False,False,False,False,False,False,False,False,False,False,False,False,False,False,False,False,False,False,False,False,False,False,False,False,False
OEF,2012-06-05,45.88675784262398,46.28659288469656,45.87891928857314,46.21603393554688,1076400,2012,6,23,Tuesday,46.0671,46.02787780761719,0.41,-0.31,-0.32,0.41,0.32,0,0.0,45.5676,45.1073,44.647,44.1868,43.7265,43.2662,42.8059,42.3456,41.8854,41.4251,40.9648,40.5045,40.0443,39.584,39.1237,38.6634,38.2031,37.7429,37.2826,36.8223,36.362,35.9017,35.4415,34.9812,34.5209,False,False,False,False,False,False,False,False,False,False,False,False,False,False,False,False,False,False,False,False,False,False,False,False,False
OEF,2012-06-06,46.58451429207137,47.29010391235352,46.513958320716746,47.29010391235352,862500,2012,6,23,Wednesday,46.9197,46.21603393554688,2.32,0.8,0.64,2.32,-0.64,0,0.0,45.7539,45.2917,44.8296,44.3674,43.9052,43.4431,42.9809,42.5188,42.0566,41.5944,41.1323,40.6701,40.2079,39.7458,39.2836,38.8215,38.3593,37.8971,37.435,36.9728,36.5107,36.0485,35.5863,35.1242,34.662,False,False,False,False,False,False,False,False,False,False,False,False,False,False,False,False,False,False,False,False,False,False,False,False,False
OEF,2012-06-07,47.8388980756538,47.8388980756538,47.25090769073771,47.3371467590332,408000,2012,6,23,Thursday,47.5665,47.29010391235352,0.1,1.16,-0.08,0.1,0.08,0,0.0,46.8172,46.3443,45.8714,45.3985,44.9256,44.4527,43.9798,43.5069,43.034,42.5611,42.0882,41.6153,41.1424,40.6695,40.1966,39.7237,39.2508,38.7779,38.305,37.8321,37.3592,36.8863,36.4134,35.9405,35.4676,False,False,False,False,False,False,False,False,False,False,False,False,False,False,False,False,False,False,False,False,False,False,False,False,False
OEF,2012-06-08,47.21170603330103,47.73697597607581,47.09410676726337,47.7291374206543,259800,2012,6,23,Friday,47.443,47.3371467590332,0.83,-0.26,-0.51,0.83,0.51,0,0.0,46.8638,46.3904,45.917,45.4437,44.9703,44.4969,44.0235,43.5502,43.0768,42.6034,42.1301,41.6567,41.1833,40.7099,40.2366,39.7632,39.2898,38.8165,38.3431,37.8697,37.3963,36.923,36.4496,35.9762,35.5029,False,False,False,False,False,False,False,False,False,False,False,False,False,False,False,False,False,False,False,False,False,False,False,False,False
OEF,2012-06-11,48.097605366378616,48.12112701204755,47.13330163280535,47.196022033691406,1452200,2012,6,24,Monday,47.637,47.7291374206543,-1.12,0.77,-1.25,-1.12,1.25,1,47.2518,47.2518,46.7746,46.2973,45.82,45.3427,44.8654,44.3881,43.9108,43.4335,42.9562,42.4789,42.0016,41.5243,41.0471,40.5698,40.0925,39.6152,39.1379,38.6606,38.1833,37.706,37.2287,36.7514,36.2741,35.7969,True,False,False,False,False,False,False,False,False,False,False,False,False,False,False,False,False,False,False,False,False,False,False,False,False
OEF,2012-06-12,47.32145451078039,47.75264675091204,47.125457766113925,47.74480819702149,582100,2012,6,24,Tuesday,47.4861,47.196022033691406,1.16,0.27,-0.15,1.16,0.15,0,0.0,46.7241,46.2521,45.7801,45.3082,44.8362,44.3643,43.8923,43.4203,42.9484,42.4764,42.0045,41.5325,41.0605,40.5886,40.1166,39.6447,39.1727,38.7007,38.2288,37.7568,37.2849,36.8129,36.3409,35.869,35.397,False,False,False,False,False,False,False,False,False,False,False,False,False,False,False,False,False,False,False,False,False,False,False,False,False
OEF,2012-06-13,47.58017833376577,47.91729304239642,47.337144234990376,47.49394226074219,674700,2012,6,24,Wednesday,47.5821,47.74480819702149,-0.53,-0.34,-0.85,-0.53,0.85,0,0.0,47.2674,46.7899,46.3125,45.835,45.3576,44.8801,44.4027,43.9252,43.4478,42.9703,42.4929,42.0154,41.538,41.0605,40.5831,40.1056,39.6282,39.1507,38.6733,38.1958,37.7184,37.241,36.7635,36.2861,35.8086,False,False,False,False,False,False,False,False,False,False,False,False,False,False,False,False,False,False,False,False,False,False,False,False,False
OEF,2012-06-14,47.58801158217148,48.19952048623598,47.48609243460304,48.027042388916016,1596700,2012,6,24,Thursday,47.8252,47.49394226074219,1.12,0.2,-0.02,1.12,0.02,0,0.0,47.019,46.5441,46.0691,45.5942,45.1192,44.6443,44.1694,43.6944,43.2195,42.7445,42.2696,41.7947,41.3197,40.8448,40.3699,39.8949,39.42,38.945,38.4701,37.9952,37.5202,37.0453,36.5703,36.0954,35.6205,False,False,False,False,False,False,False,False,False,False,False,False,False,False,False,False,False,False,False,False,False,False,False,False,False
OEF,2012-06-15,48.27792280550774,48.50527677159085,48.14464345508491,48.48175811767578,331300,2012,6,24,Friday,48.3524,48.027042388916016,0.95,0.52,0.24,0.95,-0.24,0,0.0,47.5468,47.0665,46.5862,46.106,45.6257,45.1454,44.6651,44.1849,43.7046,43.2243,42.7441,42.2638,41.7835,41.3033,40.823,40.3427,39.8624,39.3822,38.9019,38.4216,37.9414,37.4611,36.9808,36.5006,36.0203,False,False,False,False,False,False,False,False,False,False,False,False,False,False,False,False,False,False,False,False,False,False,False,False,False
OEF,2012-06-18,48.27792598511198,48.65423942590319,48.20736702804654,48.53664016723633,329700,2012,6,25,Monday,48.419,48.48175811767578,0.11,-0.42,-0.57,0.11,0.57,0,0.0,47.9969,47.5121,47.0273,46.5425,46.0577,45.5729,45.088,44.6032,44.1184,43.6336,43.1488,42.6639,42.1791,41.6943,41.2095,40.7247,40.2399,39.755,39.2702,38.7854,38.3006,37.8158,37.331,36.8461,36.3613,False,False,False,False,False,False,False,False,False,False,False,False,False,False,False,False,False,False,False,False,False,False,False,False,False
OEF,2012-06-19,48.80379095873413,49.16629215442582,48.74074570409391,48.96928024291992,4091100,2012,6,25,Tuesday,48.92,48.53664016723633,0.89,0.55,0.42,0.89,-0.42,0,0.0,48.0513,47.5659,47.0805,46.5952,46.1098,45.6244,45.1391,44.6537,44.1683,43.683,43.1976,42.7122,42.2269,41.7415,41.2561,40.7708,40.2854,39.8,39.3147,38.8293,38.3439,37.8586,37.3732,36.8878,36.4025,False,False,False,False,False,False,False,False,False,False,False,False,False,False,False,False,False,False,False,False,False,False,False,False,False
OEF,2012-06-20,48.98504514833389,49.09537134588058,48.5437373519837,48.92988204956055,3051300,2012,6,25,Wednesday,48.8885,48.96928024291992,-0.08,0.03,-0.87,-0.08,0.87,0,0.0,48.4796,47.9899,47.5002,47.0105,46.5208,46.0311,45.5414,45.0517,44.562,44.0724,43.5827,43.093,42.6033,42.1136,41.6239,41.1342,40.6445,40.1548,39.6651,39.1754,38.6857,38.196,37.7063,37.2167,36.727,False,False,False,False,False,False,False,False,False,False,False,False,False,False,False,False,False,False,False,False,False,False,False,False,False
OEF,2012-06-21,48.95351448905977,49.03232105021211,47.85812884142717,47.91329193115234,3786700,2012,6,25,Thursday,48.4393,48.92988204956055,-2.08,0.05,-2.19,-2.08,2.19,2,96.3919,48.4406,47.9513,47.462,46.9727,46.4834,45.9941,45.5048,45.0155,44.5262,44.0369,43.5476,43.0583,42.569,42.0797,41.5904,41.1011,40.6118,40.1225,39.6332,39.1439,38.6546,38.1653,37.676,37.1867,36.6974,True,True,False,False,False,False,False,False,False,False,False,False,False,False,False,False,False,False,False,False,False,False,False,False,False
OEF,2012-06-22,48.19699142483731,48.36248070048812,47.99997952349213,48.27579498291016,735600,2012,6,25,Friday,48.2088,47.91329193115234,0.76,0.59,0.18,0.76,-0.18,0,0.0,47.4342,46.955,46.4759,45.9968,45.5176,45.0385,44.5594,44.0802,43.6011,43.122,42.6428,42.1637,41.6846,41.2054,40.7263,40.2472,39.768,39.2889,38.8098,38.3306,37.8515,37.3724,36.8932,36.4141,35.935,False,False,False,False,False,False,False,False,False,False,False,False,False,False,False,False,False,False,False,False,False,False,False,False,False
OEF,2012-06-25,47.787217655029615,47.787217655029615,47.34591281518535,47.51140213012695,500200,2012,6,26,Monday,47.6079,48.27579498291016,-1.58,-1.01,-1.93,-1.58,1.93,1,47.793,47.793,47.3103,46.8275,46.3448,45.862,45.3792,44.8965,44.4137,43.931,43.4482,42.9655,42.4827,41.9999,41.5172,41.0344,40.5517,40.0689,39.5862,39.1034,38.6206,38.1379,37.6551,37.1724,36.6896,36.2068,True,False,False,False,False,False,False,False,False,False,False,False,False,False,False,False,False,False,False,False,False,False,False,False,False
OEF,2012-06-26,47.66900880266623,47.86602073637409,47.40895160721335,47.75569152832031,651100,2012,6,26,Tuesday,47.6749,47.51140213012695,0.51,0.33,-0.22,0.51,0.22,0,0.0,47.0363,46.5612,46.0861,45.6109,45.1358,44.6607,44.1856,43.7105,43.2354,42.7603,42.2851,41.81,41.3349,40.8598,40.3847,39.9096,39.4345,38.9593,38.4842,38.0091,37.534,37.0589,36.5838,36.1087,35.6336,False,False,False,False,False,False,False,False,False,False,False,False,False,False,False,False,False,False,False,False,False,False,False,False,False
OEF,2012-06-27,47.93693502930755,48.28367487718908,47.91329155806449,48.20486831665039,388400,2012,6,26,Wednesday,48.0847,47.75569152832031,0.94,0.38,0.33,0.94,-0.33,0,0.0,47.2781,46.8006,46.323,45.8455,45.3679,44.8904,44.4128,43.9352,43.4577,42.9801,42.5026,42.025,41.5475,41.0699,40.5923,40.1148,39.6372,39.1597,38.6821,38.2046,37.727,37.2494,36.7719,36.2943,35.8168,False,False,False,False,False,False,False,False,False,False,False,False,False,False,False,False,False,False,False,False,False,False,False,False,False
OEF,2012-06-28,47.826610498082665,48.0787855040173,47.49563193010466,48.015743255615234,645000,2012,6,26,Thursday,47.8542,48.20486831665039,-0.39,-0.78,-1.47,-0.39,1.47,1,47.7228,47.7228,47.2408,46.7587,46.2767,45.7946,45.3126,44.8305,44.3485,43.8664,43.3844,42.9023,42.4203,41.9382,41.4562,40.9741,40.4921,40.01,39.528,39.0459,38.5639,38.0818,37.5998,37.1177,36.6357,36.1537,True,False,False,False,False,False,False,False,False,False,False,False,False,False,False,False,False,False,False,False,False,False,False,False,False
OEF,2012-06-29,48.85894108353765,49.22932434082031,48.70921315275818,49.22932434082031,416100,2012,6,26,Friday,49.0067,48.015743255615234,2.53,1.76,1.44,2.53,-1.44,0,0.0,47.5356,47.0554,46.5753,46.0951,45.615,45.1348,44.6546,44.1745,43.6943,43.2142,42.734,42.2539,41.7737,41.2935,40.8134,40.3332,39.8531,39.3729,38.8928,38.4126,37.9324,37.4523,36.9721,36.492,36.0118,False,False,False,False,False,False,False,False,False,False,False,False,False,False,False,False,False,False,False,False,False,False,False,False,False
OEF,2012-07-02,49.27662861122898,49.363314351339646,48.97717260778246,49.30815124511719,645500,2012,7,27,Monday,49.2313,49.22932434082031,0.16,0.1,-0.51,0.16,0.51,0,0.0,48.737,48.2447,47.7524,47.2602,46.7679,46.2756,45.7833,45.291,44.7987,44.3064,43.8141,43.3218,42.8295,42.3372,41.8449,41.3526,40.8603,40.368,39.8758,39.3835,38.8912,38.3989,37.9066,37.4143,36.922,False,False,False,False,False,False,False,False,False,False,False,False,False,False,False,False,False,False,False,False,False,False,False,False,False
OEF,2012-07-03,49.355420563856185,49.63911817241637,49.284496161716135,49.61547470092773,322900,2012,7,27,Tuesday,49.4736,49.30815124511719,0.62,0.1,-0.05,0.62,0.05,0,0.0,48.8151,48.322,47.8289,47.3358,46.8427,46.3497,45.8566,45.3635,44.8704,44.3773,43.8843,43.3912,42.8981,42.405,41.9119,41.4188,40.9258,40.4327,39.9396,39.4465,38.9534,38.4604,37.9673,37.4742,36.9811,False,False,False,False,False,False,False,False,False,False,False,False,False,False,False,False,False,False,False,False,False,False,False,False,False
OEF,2012-07-05,49.44210588961965,49.59183384577703,49.21357137272449,49.37118148803711,1040000,2012,7,27,Thursday,49.4047,49.61547470092773,-0.49,-0.35,-0.81,-0.49,0.81,0,0.0,49.1193,48.6232,48.127,47.6309,47.1347,46.6385,46.1424,45.6462,45.1501,44.6539,44.1578,43.6616,43.1655,42.6693,42.1732,41.677,41.1808,40.6847,40.1885,39.6924,39.1962,38.7001,38.2039,37.7078,37.2116,False,False,False,False,False,False,False,False,False,False,False,False,False,False,False,False,False,False,False,False,False,False,False,False,False
OEF,2012-07-06,48.93775761559981,49.02444333764852,48.75650701775397,48.96928024291992,660500,2012,7,27,Friday,48.922,49.37118148803711,-0.81,-0.88,-1.25,-0.81,1.25,1,48.8775,48.8775,48.3838,47.89,47.3963,46.9026,46.4089,45.9152,45.4215,44.9278,44.4341,43.9404,43.4466,42.9529,42.4592,41.9655,41.4718,40.9781,40.4844,39.9907,39.4969,39.0032,38.5095,38.0158,37.5221,37.0284,True,False,False,False,False,False,False,False,False,False,False,False,False,False,False,False,False,False,False,False,False,False,False,False,False
OEF,2012-07-09,48.92199930810296,49.00868202398846,48.74074570409391,48.96928024291992,5239000,2012,7,28,Monday,48.9102,48.96928024291992,0.0,-0.1,-0.47,0.0,0.47,0,0.0,48.4796,47.9899,47.5002,47.0105,46.5208,46.0311,45.5414,45.0517,44.562,44.0724,43.5827,43.093,42.6033,42.1136,41.6239,41.1342,40.6445,40.1548,39.6651,39.1754,38.6857,38.196,37.7063,37.2167,36.727,False,False,False,False,False,False,False,False,False,False,False,False,False,False,False,False,False,False,False,False,False,False,False,False,False
OEF,2012-07-10,49.24510171599624,49.28450349945975,48.44917186168193,48.598899841308594,8730000,2012,7,28,Tuesday,48.8944,48.96928024291992,-0.76,0.56,-1.06,-0.76,1.06,1,48.4796,48.4796,47.9899,47.5002,47.0105,46.5208,46.0311,45.5414,45.0517,44.562,44.0724,43.5827,43.093,42.6033,42.1136,41.6239,41.1342,40.6445,40.1548,39.6651,39.1754,38.6857,38.196,37.7063,37.2167,36.727,True,False,False,False,False,False,False,False,False,False,False,False,False,False,False,False,False,False,False,False,False,False,False,False,False
OEF,2012-07-11,48.58313492223167,48.74074203464036,48.33095993498221,48.614654541015625,739500,2012,7,28,Wednesday,48.5674,48.598899841308594,0.03,-0.03,-0.55,0.03,0.55,0,0.0,48.1129,47.6269,47.1409,46.6549,46.169,45.683,45.197,44.711,44.225,43.739,43.253,42.767,42.281,41.7951,41.3091,40.8231,40.3371,39.8511,39.3651,38.8791,38.3931,37.9071,37.4212,36.9352,36.4492,False,False,False,False,False,False,False,False,False,False,False,False,False,False,False,False,False,False,False,False,False,False,False,False,False
OEF,2012-07-12,48.34672088177452,48.59101672921109,48.10242804050109,48.394004821777344,396900,2012,7,28,Thursday,48.3585,48.614654541015625,-0.45,-0.55,-1.05,-0.45,1.05,1,48.1285,48.1285,47.6424,47.1562,46.6701,46.1839,45.6978,45.2116,44.7255,44.2393,43.7532,43.267,42.7809,42.2947,41.8086,41.3225,40.8363,40.3502,39.864,39.3779,38.8917,38.4056,37.9194,37.4333,36.9471,36.461,True,False,False,False,False,False,False,False,False,False,False,False,False,False,False,False,False,False,False,False,False,False,False,False,False
OEF,2012-07-13,48.53586032317695,49.22146101378675,48.496458537493815,49.166297912597656,455100,2012,7,28,Friday,48.855,48.394004821777344,1.6,0.29,0.21,1.6,-0.21,0,0.0,47.9101,47.4261,46.9422,46.4582,45.9743,45.4904,45.0064,44.5225,44.0385,43.5546,43.0707,42.5867,42.1028,41.6188,41.1349,40.651,40.167,39.6831,39.1991,38.7152,38.2313,37.7473,37.2634,36.7794,36.2955,False,False,False,False,False,False,False,False,False,False,False,False,False,False,False,False,False,False,False,False,False,False,False,False,False
OEF,2012-07-16,49.10325442096654,49.23722109015038,48.953523430509925,49.11113357543945,473200,2012,7,29,Monday,49.1013,49.166297912597656,-0.11,-0.13,-0.43,-0.11,0.43,0,0.0,48.6746,48.183,47.6913,47.1996,46.708,46.2163,45.7247,45.233,44.7413,44.2497,43.758,43.2663,42.7747,42.283,41.7914,41.2997,40.808,40.3164,39.8247,39.333,38.8414,38.3497,37.858,37.3664,36.8747,False,False,False,False,False,False,False,False,False,False,False,False,False,False,False,False,False,False,False,False,False,False,False,False,False
OEF,2012-07-17,49.32389981085719,49.5209117124813,48.811667664169306,49.44210815429688,717400,2012,7,29,Tuesday,49.2746,49.11113357543945,0.67,0.43,-0.61,0.67,0.61,0,0.0,48.62,48.1289,47.6378,47.1467,46.6556,46.1645,45.6734,45.1822,44.6911,44.2,43.7089,43.2178,42.7267,42.2356,41.7445,41.2534,40.7622,40.2711,39.78,39.2889,38.7978,38.3067,37.8156,37.3245,36.8334,False,False,False,False,False,False,False,False,False,False,False,False,False,False,False,False,False,False,False,False,False,False,False,False,False
OEF,2012-07-18,49.3239119980835,49.84402342663664,49.30027152601957,49.78886032104492,740300,2012,7,29,Wednesday,49.5643,49.44210815429688,0.7,-0.24,-0.29,0.7,0.29,0,0.0,48.9477,48.4533,47.9588,47.4644,46.97,46.4756,45.9812,45.4867,44.9923,44.4979,44.0035,43.5091,43.0146,42.5202,42.0258,41.5314,41.0369,40.5425,40.0481,39.5537,39.0593,38.5648,38.0704,37.576,37.0816,False,False,False,False,False,False,False,False,False,False,False,False,False,False,False,False,False,False,False,False,False,False,False,False,False
OEF,2012-07-19,49.954354127753206,50.08044166703336,49.78886479610377,49.93071365356445,1697800,2012,7,29,Thursday,49.9386,49.78886032104492,0.28,0.33,0.0,0.28,-0.0,0,0.0,49.291,48.7931,48.2952,47.7973,47.2994,46.8015,46.3036,45.8058,45.3079,44.81,44.3121,43.8142,43.3163,42.8184,42.3205,41.8226,41.3248,40.8269,40.329,39.8311,39.3332,38.8353,38.3374,37.8395,37.3416,False,False,False,False,False,False,False,False,False,False,False,False,False,False,False,False,False,False,False,False,False,False,False,False,False
OEF,2012-07-20,49.70216097293011,49.76520622272319,49.48150861098029,49.552433013916016,466600,2012,7,29,Friday,49.6253,49.93071365356445,-0.76,-0.46,-0.9,-0.76,0.9,0,0.0,49.4314,48.9321,48.4328,47.9335,47.4342,46.9349,46.4356,45.9363,45.4369,44.9376,44.4383,43.939,43.4397,42.9404,42.4411,41.9418,41.4425,40.9432,40.4439,39.9446,39.4453,38.946,38.4466,37.9473,37.448,False,False,False,False,False,False,False,False,False,False,False,False,False,False,False,False,False,False,False,False,False,False,False,False,False
OEF,2012-07-23,48.81955676132609,49.213580620568166,48.614662671068665,49.11113357543945,807000,2012,7,30,Monday,48.9397,49.552433013916016,-0.89,-1.48,-1.89,-0.89,1.89,1,49.0569,49.0569,48.5614,48.0659,47.5703,47.0748,46.5793,46.0838,45.5882,45.0927,44.5972,44.1017,43.6061,43.1106,42.6151,42.1196,41.624,41.1285,40.633,40.1375,39.6419,39.1464,38.6509,38.1554,37.6598,37.1643,True,False,False,False,False,False,False,False,False,False,False,False,False,False,False,False,False,False,False,False,False,False,False,False,False
OEF,2012-07-24,49.142654368190975,49.142654368190975,48.37036799369228,48.74863052368164,1672900,2012,7,30,Tuesday,48.8511,49.11113357543945,-0.74,0.06,-1.51,-0.74,1.51,1,48.62,48.62,48.1289,47.6378,47.1467,46.6556,46.1645,45.6734,45.1822,44.6911,44.2,43.7089,43.2178,42.7267,42.2356,41.7445,41.2534,40.7622,40.2711,39.78,39.2889,38.7978,38.3067,37.8156,37.3245,36.8334,True,False,False,False,False,False,False,False,False,False,False,False,False,False,False,False,False,False,False,False,False,False,False,False,False
OEF,2012-07-25,48.77225064660004,48.88257679605297,48.43339004118766,48.69344711303711,1125400,2012,7,30,Wednesday,48.6954,48.74863052368164,-0.11,0.05,-0.65,-0.11,0.65,0,0.0,48.2611,47.7737,47.2862,46.7987,46.3112,45.8237,45.3362,44.8487,44.3613,43.8738,43.3863,42.8988,42.4113,41.9238,41.4363,40.9488,40.4614,39.9739,39.4864,38.9989,38.5114,38.0239,37.5364,37.049,36.5615,False,False,False,False,False,False,False,False,False,False,False,False,False,False,False,False,False,False,False,False,False,False,False,False,False
OEF,2012-07-26,49.355421651084434,49.56819486219165,49.18992937167015,49.46574783325195,4090000,2012,7,30,Thursday,49.3948,48.69344711303711,1.59,1.36,1.02,1.59,-1.02,0,0.0,48.2065,47.7196,47.2326,46.7457,46.2588,45.7718,45.2849,44.798,44.311,43.8241,43.3372,42.8502,42.3633,41.8764,41.3894,40.9025,40.4156,39.9286,39.4417,38.9548,38.4678,37.9809,37.494,37.007,36.5201,False,False,False,False,False,False,False,False,False,False,False,False,False,False,False,False,False,False,False,False,False,False,False,False,False
OEF,2012-07-27,49.67852171264133,50.450804998202855,49.61547646131865,50.35624313354492,437600,2012,7,30,Friday,50.0253,49.46574783325195,1.8,0.43,0.3,1.8,-0.3,0,0.0,48.9711,48.4764,47.9818,47.4871,46.9925,46.4978,46.0031,45.5085,45.0138,44.5192,44.0245,43.5299,43.0352,42.5405,42.0459,41.5512,41.0566,40.5619,40.0673,39.5726,39.0779,38.5833,38.0886,37.594,37.0993,False,False,False,False,False,False,False,False,False,False,False,False,False,False,False,False,False,False,False,False,False,False,False,False,False
OEF,2012-07-30,50.27744058427407,50.57689953964388,50.230159648169504,50.37200546264648,1015900,2012,7,31,Monday,50.3641,50.35624313354492,0.03,-0.16,-0.25,0.03,0.25,0,0.0,49.8527,49.3491,48.8456,48.342,47.8384,47.3349,46.8313,46.3277,45.8242,45.3206,44.8171,44.3135,43.8099,43.3064,42.8028,42.2992,41.7957,41.2921,40.7886,40.285,39.7814,39.2779,38.7743,38.2707,37.7672,False,False,False,False,False,False,False,False,False,False,False,False,False,False,False,False,False,False,False,False,False,False,False,False,False
OEF,2012-07-31,50.34046680841018,50.4901947264058,50.19861804139868,50.20649719238281,1607400,2012,7,31,Tuesday,50.3089,50.37200546264648,-0.33,-0.06,-0.34,-0.33,0.34,0,0.0,49.8683,49.3646,48.8608,48.3571,47.8534,47.3497,46.846,46.3422,45.8385,45.3348,44.8311,44.3274,43.8236,43.3199,42.8162,42.3125,41.8088,41.305,40.8013,40.2976,39.7939,39.2902,38.7864,38.2827,37.779,False,False,False,False,False,False,False,False,False,False,False,False,False,False,False,False,False,False,False,False,False,False,False,False,False
OEF,2012-08-01,50.498099230644165,50.498099230644165,50.00162832639901,50.08831405639648,774700,2012,8,31,Wednesday,50.2715,50.20649719238281,-0.24,0.58,-0.41,-0.24,0.41,0,0.0,49.7044,49.2024,48.7003,48.1982,47.6962,47.1941,46.692,46.19,45.6879,45.1858,44.6838,44.1817,43.6797,43.1776,42.6755,42.1735,41.6714,41.1693,40.6673,40.1652,39.6631,39.1611,38.659,38.1569,37.6549,False,False,False,False,False,False,False,False,False,False,False,False,False,False,False,False,False,False,False,False,False,False,False,False,False
OEF,2012-08-02,49.68639498964939,50.06465743435988,49.37905694120728,49.74155807495117,837600,2012,8,31,Thursday,49.7179,50.08831405639648,-0.69,-0.8,-1.42,-0.69,1.42,1,49.5874,49.5874,49.0865,48.5857,48.0848,47.5839,47.083,46.5821,46.0812,45.5804,45.0795,44.5786,44.0777,43.5768,43.076,42.5751,42.0742,41.5733,41.0724,40.5715,40.0707,39.5698,39.0689,38.568,38.0671,37.5662,True,False,False,False,False,False,False,False,False,False,False,False,False,False,False,False,False,False,False,False,False,False,False,False,False
OEF,2012-08-03,50.46659093275326,50.7581708357639,50.37990517813736,50.6478385925293,572400,2012,8,31,Friday,50.5631,49.74155807495117,1.82,1.46,1.28,1.82,-1.28,0,0.0,49.2441,48.7467,48.2493,47.7519,47.2545,46.7571,46.2596,45.7622,45.2648,44.7674,44.27,43.7726,43.2752,42.7777,42.2803,41.7829,41.2855,40.7881,40.2907,39.7932,39.2958,38.7984,38.301,37.8036,37.3062,False,False,False,False,False,False,False,False,False,False,False,False,False,False,False,False,False,False,False,False,False,False,False,False,False
OEF,2012-08-06,50.78967264597824,50.98668457402677,50.72663339837116,50.7739143371582,1052500,2012,8,32,Monday,50.8192,50.6478385925293,0.25,0.28,0.16,0.25,-0.16,0,0.0,50.1414,49.6349,49.1284,48.6219,48.1154,47.609,47.1025,46.596,46.0895,45.5831,45.0766,44.5701,44.0636,43.5571,43.0507,42.5442,42.0377,41.5312,41.0247,40.5183,40.0118,39.5053,38.9988,38.4924,37.9859,False,False,False,False,False,False,False,False,False,False,False,False,False,False,False,False,False,False,False,False,False,False,False,False,False
OEF,2012-08-07,50.963034380386304,51.128523646890855,50.89998913248197,50.95515823364258,1333200,2012,8,32,Tuesday,50.9867,50.7739143371582,0.36,0.37,0.25,0.36,-0.25,0,0.0,50.2662,49.7584,49.2507,48.743,48.2352,47.7275,47.2197,46.712,46.2043,45.6965,45.1888,44.681,44.1733,43.6656,43.1578,42.6501,42.1423,41.6346,41.1269,40.6191,40.1114,39.6037,39.0959,38.5882,38.0804,False,False,False,False,False,False,False,False,False,False,False,False,False,False,False,False,False,False,False,False,False,False,False,False,False
OEF,2012-08-08,50.76602191518043,51.05760167419252,50.702976667989866,50.99455642700195,727800,2012,8,32,Wednesday,50.8803,50.95515823364258,0.08,-0.37,-0.49,0.08,0.49,0,0.0,50.4456,49.9361,49.4265,48.917,48.4074,47.8978,47.3883,46.8787,46.3692,45.8596,45.3501,44.8405,44.331,43.8214,43.3119,42.8023,42.2928,41.7832,41.2737,40.7641,40.2546,39.745,39.2355,38.7259,38.2164,False,False,False,False,False,False,False,False,False,False,False,False,False,False,False,False,False,False,False,False,False,False,False,False,False
OEF,2012-08-09,50.90000279192249,51.11277905761846,50.86060401065361,51.0024528503418,506500,2012,8,32,Thursday,50.969,50.99455642700195,0.02,-0.19,-0.26,0.02,0.26,0,0.0,50.4846,49.9747,49.4647,48.9548,48.4448,47.9349,47.4249,46.915,46.405,45.8951,45.3852,44.8752,44.3653,43.8553,43.3454,42.8354,42.3255,41.8155,41.3056,40.7956,40.2857,39.7758,39.2658,38.7559,38.2459,False,False,False,False,False,False,False,False,False,False,False,False,False,False,False,False,False,False,False,False,False,False,False,False,False
OEF,2012-08-10,50.829055457606025,51.12851129431486,50.75025192292731,51.09698867797852,895600,2012,8,32,Friday,50.9512,51.0024528503418,0.19,-0.34,-0.49,0.19,0.49,0,0.0,50.4924,49.9824,49.4724,48.9624,48.4523,47.9423,47.4323,46.9223,46.4122,45.9022,45.3922,44.8822,44.3721,43.8621,43.3521,42.8421,42.332,41.822,41.312,40.802,40.2919,39.7819,39.2719,38.7619,38.2518,False,False,False,False,False,False,False,False,False,False,False,False,False,False,False,False,False,False,False,False,False,False,False,False,False
OEF,2012-08-13,51.05760416977729,51.12064942004937,50.85271011255603,51.10488510131836,800800,2012,8,33,Monday,51.034,51.09698867797852,0.02,-0.08,-0.48,0.02,0.48,0,0.0,50.586,50.075,49.5641,49.0531,48.5421,48.0312,47.5202,47.0092,46.4983,45.9873,45.4763,44.9654,44.4544,43.9434,43.4324,42.9215,42.4105,41.8995,41.3886,40.8776,40.3666,39.8557,39.3447,38.8337,38.3227,False,False,False,False,False,False,False,False,False,False,False,False,False,False,False,False,False,False,False,False,False,False,False,False,False
OEF,2012-08-14,51.30978302856198,51.3570639636692,51.01032708567223,51.15217590332031,1579700,2012,8,33,Tuesday,51.2073,51.10488510131836,0.09,0.4,-0.19,0.09,0.19,0,0.0,50.5938,50.0828,49.5717,49.0607,48.5496,48.0386,47.5275,47.0165,46.5054,45.9944,45.4833,44.9723,44.4613,43.9502,43.4392,42.9281,42.4171,41.906,41.395,40.8839,40.3729,39.8618,39.3508,38.8397,38.3287,False,False,False,False,False,False,False,False,False,False,False,False,False,False,False,False,False,False,False,False,False,False,False,False,False
OEF,2012-08-15,51.05761302765066,51.25462495968559,51.05761302765066,51.16005706787109,1118600,2012,8,33,Wednesday,51.1325,51.15217590332031,0.02,-0.18,-0.18,0.02,0.18,0,0.0,50.6407,50.1291,49.6176,49.1061,48.5946,48.083,47.5715,47.06,46.5485,46.037,45.5254,45.0139,44.5024,43.9909,43.4793,42.9678,42.4563,41.9448,41.4333,40.9217,40.4102,39.8987,39.3872,38.8757,38.3641,False,False,False,False,False,False,False,False,False,False,False,False,False,False,False,False,False,False,False,False,False,False,False,False,False
OEF,2012-08-16,51.223100139537614,51.60136567829952,51.136414412161486,51.506797790527344,1288100,2012,8,33,Thursday,51.3669,51.16005706787109,0.68,0.12,-0.05,0.68,0.05,0,0.0,50.6485,50.1369,49.6253,49.1137,48.6021,48.0905,47.5789,47.0673,46.5557,46.0441,45.5325,45.0209,44.5092,43.9976,43.486,42.9744,42.4628,41.9512,41.4396,40.928,40.4164,39.9048,39.3932,38.8816,38.37,False,False,False,False,False,False,False,False,False,False,False,False,False,False,False,False,False,False,False,False,False,False,False,False,False
OEF,2012-08-17,51.60925472331641,51.61713688568217,51.47528802473984,51.57773208618164,511900,2012,8,33,Friday,51.5699,51.506797790527344,0.14,0.2,-0.06,0.14,0.06,0,0.0,50.9917,50.4767,49.9616,49.4465,48.9315,48.4164,47.9013,47.3863,46.8712,46.3561,45.8411,45.326,44.8109,44.2958,43.7808,43.2657,42.7506,42.2356,41.7205,41.2054,40.6904,40.1753,39.6602,39.1452,38.6301,False,False,False,False,False,False,False,False,False,False,False,False,False,False,False,False,False,False,False,False,False,False,False,False,False
OEF,2012-08-20,51.5304495747536,51.67229843139648,51.45164599046935,51.67229843139648,592600,2012,8,34,Monday,51.5817,51.57773208618164,0.18,-0.09,-0.24,0.18,0.24,0,0.0,51.062,50.5462,50.0304,49.5146,48.9988,48.4831,47.9673,47.4515,46.9357,46.42,45.9042,45.3884,44.8726,44.3568,43.8411,43.3253,42.8095,42.2937,41.778,41.2622,40.7464,40.2306,39.7149,39.1991,38.6833,False,False,False,False,False,False,False,False,False,False,False,False,False,False,False,False,False,False,False,False,False,False,False,False,False
OEF,2012-08-21,51.78262071597437,51.95599219561898,51.34919802919047,51.44375991821289,715900,2012,8,34,Tuesday,51.6329,51.67229843139648,-0.44,0.21,-0.63,-0.44,0.63,0,0.0,51.1556,50.6389,50.1221,49.6054,49.0887,48.572,48.0552,47.5385,47.0218,46.5051,45.9883,45.4716,44.9549,44.4382,43.9215,43.4047,42.888,42.3713,41.8546,41.3378,40.8211,40.3044,39.7877,39.2709,38.7542,False,False,False,False,False,False,False,False,False,False,False,False,False,False,False,False,False,False,False,False,False,False,False,False,False
OEF,2012-08-22,51.33340810537006,51.561942577079954,51.2309641059103,51.48313903808594,868800,2012,8,34,Wednesday,51.4024,51.44375991821289,0.08,-0.21,-0.41,0.08,0.41,0,0.0,50.9293,50.4149,49.9004,49.386,48.8716,48.3571,47.8427,47.3283,46.8138,46.2994,45.7849,45.2705,44.7561,44.2416,43.7272,43.2128,42.6983,42.1839,41.6694,41.155,40.6406,40.1261,39.6117,39.0973,38.5828,False,False,False,False,False,False,False,False,False,False,False,False,False,False,False,False,False,False,False,False,False,False,False,False,False
OEF,2012-08-23,51.36494666872389,51.36494666872389,51.00244546695996,51.06549072265625,992500,2012,8,34,Thursday,51.1995,51.48313903808594,-0.81,-0.23,-0.93,-0.81,0.93,0,0.0,50.9683,50.4535,49.9386,49.4238,48.909,48.3942,47.8793,47.3645,46.8497,46.3348,45.82,45.3052,44.7903,44.2755,43.7607,43.2458,42.731,42.2162,41.7013,41.1865,40.6717,40.1568,39.642,39.1272,38.6124,False,False,False,False,False,False,False,False,False,False,False,False,False,False,False,False,False,False,False,False,False,False,False,False,False
OEF,2012-08-24,50.94728420400888,51.49103302005154,50.923643735353984,51.42799377441406,672200,2012,8,34,Friday,51.1975,51.06549072265625,0.71,-0.23,-0.28,0.71,0.28,0,0.0,50.5548,50.0442,49.5335,49.0229,48.5122,48.0016,47.4909,46.9803,46.4696,45.9589,45.4483,44.9376,44.427,43.9163,43.4057,42.895,42.3844,41.8737,41.363,40.8524,40.3417,39.8311,39.3204,38.8098,38.2991,False,False,False,False,False,False,False,False,False,False,False,False,False,False,False,False,False,False,False,False,False,False,False,False,False
OEF,2012-08-27,51.538318142072285,51.6013633978008,51.35706453493441,51.412227630615234,591500,2012,8,35,Monday,51.4772,51.42799377441406,-0.03,0.21,-0.14,-0.03,0.14,0,0.0,50.9137,50.3994,49.8852,49.3709,48.8566,48.3423,47.828,47.3138,46.7995,46.2852,45.7709,45.2566,44.7424,44.2281,43.7138,43.1995,42.6852,42.171,41.6567,41.1424,40.6281,40.1138,39.5996,39.0853,38.571,False,False,False,False,False,False,False,False,False,False,False,False,False,False,False,False,False,False,False,False,False,False,False,False,False
OEF,2012-08-28,51.30189461025961,51.53831128160797,51.20733275158082,51.388580322265625,1172000,2012,8,35,Tuesday,51.359,51.412227630615234,-0.05,-0.21,-0.4,-0.05,0.4,0,0.0,50.8981,50.384,49.8699,49.3557,48.8416,48.3275,47.8134,47.2992,46.7851,46.271,45.7569,45.2428,44.7286,44.2145,43.7004,43.1863,42.6721,42.158,41.6439,41.1298,40.6157,40.1015,39.5874,39.0733,38.5592,False,False,False,False,False,False,False,False,False,False,False,False,False,False,False,False,False,False,False,False,False,False,False,False,False
OEF,2012-08-29,51.43587934450243,51.530447248771786,51.286154344819074,51.396480560302734,359400,2012,8,35,Wednesday,51.4122,51.388580322265625,0.02,0.09,-0.2,0.02,0.2,0,0.0,50.8747,50.3608,49.8469,49.333,48.8192,48.3053,47.7914,47.2775,46.7636,46.2497,45.7358,45.222,44.7081,44.1942,43.6803,43.1664,42.6525,42.1386,41.6248,41.1109,40.597,40.0831,39.5692,39.0553,38.5414,False,False,False,False,False,False,False,False,False,False,False,False,False,False,False,False,False,False,False,False,False,False,False,False,False
OEF,2012-08-30,51.15216954497836,51.16004569163292,50.90787071519635,50.99455642700195,451400,2012,8,35,Thursday,51.0537,51.396480560302734,-0.78,-0.48,-0.95,-0.78,0.95,0,0.0,50.8825,50.3686,49.8546,49.3406,48.8267,48.3127,47.7987,47.2848,46.7708,46.2568,45.7429,45.2289,44.7149,44.201,43.687,43.173,42.6591,42.1451,41.6311,41.1172,40.6032,40.0893,39.5753,39.0613,38.5474,False,False,False,False,False,False,False,False,False,False,False,False,False,False,False,False,False,False,False,False,False,False,False,False,False
OEF,2012-08-31,51.286139196184365,51.459510629971376,50.96303679461294,51.23097610473633,1579200,2012,8,35,Friday,51.2349,50.99455642700195,0.46,0.57,-0.06,0.46,0.06,0,0.0,50.4846,49.9747,49.4647,48.9548,48.4448,47.9349,47.4249,46.915,46.405,45.8951,45.3852,44.8752,44.3653,43.8553,43.3454,42.8354,42.3255,41.8155,41.3056,40.7956,40.2857,39.7758,39.2658,38.7559,38.2459,False,False,False,False,False,False,False,False,False,False,False,False,False,False,False,False,False,False,False,False,False,False,False,False,False
OEF,2012-09-04,51.1836943047152,51.30190265893491,50.85271572276134,51.12065505981445,1022900,2012,9,36,Tuesday,51.1147,51.23097610473633,-0.22,-0.09,-0.74,-0.22,0.74,0,0.0,50.7187,50.2064,49.694,49.1817,48.6694,48.1571,47.6448,47.1325,46.6202,46.1079,45.5956,45.0833,44.5709,44.0586,43.5463,43.034,42.5217,42.0094,41.4971,40.9848,40.4725,39.9602,39.4479,38.9355,38.4232,False,False,False,False,False,False,False,False,False,False,False,False,False,False,False,False,False,False,False,False,False,False,False,False,False
OEF,2012-09-05,51.19158812787061,51.3097965090216,51.0576214349859,51.13642501831055,1306600,2012,9,36,Wednesday,51.1739,51.12065505981445,0.03,0.14,-0.12,0.03,0.12,0,0.0,50.6094,50.0982,49.587,49.0758,48.5646,48.0534,47.5422,47.031,46.5198,46.0086,45.4974,44.9862,44.475,43.9638,43.4526,42.9414,42.4301,41.9189,41.4077,40.8965,40.3853,39.8741,39.3629,38.8517,38.3405,False,False,False,False,False,False,False,False,False,False,False,False,False,False,False,False,False,False,False,False,False,False,False,False,False
OEF,2012-09-06,51.47525296155836,52.168732469163984,51.47525296155836,52.14509201049805,671500,2012,9,36,Thursday,51.8161,51.13642501831055,1.97,0.66,0.66,1.97,-0.66,0,0.0,50.6251,50.1137,49.6023,49.091,48.5796,48.0682,47.5569,47.0455,46.5341,46.0228,45.5114,45.0001,44.4887,43.9773,43.466,42.9546,42.4432,41.9319,41.4205,40.9091,40.3978,39.8864,39.375,38.8637,38.3523,False,False,False,False,False,False,False,False,False,False,False,False,False,False,False,False,False,False,False,False,False,False,False,False,False
OEF,2012-09-07,52.23180635916816,52.342132568359375,52.18452541589405,52.342132568359375,911800,2012,9,36,Friday,52.2751,52.14509201049805,0.38,0.17,0.08,0.38,-0.08,0,0.0,51.6236,51.1022,50.5807,50.0593,49.5378,49.0164,48.4949,47.9735,47.452,46.9306,46.4091,45.8877,45.3662,44.8448,44.3233,43.8019,43.2804,42.759,42.2375,41.7161,41.1946,40.6732,40.1517,39.6303,39.1088,False,False,False,False,False,False,False,False,False,False,False,False,False,False,False,False,False,False,False,False,False,False,False,False,False
OEF,2012-09-10,52.28696303025212,52.342126128060336,51.98750707248277,52.003265380859375,527700,2012,9,37,Monday,52.155,52.342132568359375,-0.65,-0.11,-0.68,-0.65,0.68,0,0.0,51.8187,51.2953,50.7719,50.2484,49.725,49.2016,48.6782,48.1548,47.6313,47.1079,46.5845,46.0611,45.5377,45.0142,44.4908,43.9674,43.444,42.9205,42.3971,41.8737,41.3503,40.8269,40.3034,39.78,39.2566,False,False,False,False,False,False,False,False,False,False,False,False,False,False,False,False,False,False,False,False,False,False,False,False,False
OEF,2012-09-11,52.07418566463255,52.302720184905326,52.05054519914328,52.12934875488281,529000,2012,9,37,Tuesday,52.1392,52.003265380859375,0.24,0.14,0.09,0.24,-0.09,0,0.0,51.4832,50.9632,50.4432,49.9231,49.4031,48.8831,48.363,47.843,47.323,46.8029,46.2829,45.7629,45.2428,44.7228,44.2028,43.6827,43.1627,42.6427,42.1226,41.6026,41.0826,40.5625,40.0425,39.5225,39.0024,False,False,False,False,False,False,False,False,False,False,False,False,False,False,False,False,False,False,False,False,False,False,False,False,False
OEF,2012-09-12,52.31847841711598,52.35788320109297,52.11358436262231,52.29483795166016,414300,2012,9,37,Wednesday,52.2712,52.12934875488281,0.32,0.36,-0.03,0.32,0.03,0,0.0,51.6081,51.0868,50.5655,50.0442,49.5229,49.0016,48.4803,47.959,47.4377,46.9164,46.3951,45.8738,45.3525,44.8312,44.3099,43.7887,43.2674,42.7461,42.2248,41.7035,41.1822,40.6609,40.1396,39.6183,39.097,False,False,False,False,False,False,False,False,False,False,False,False,False,False,False,False,False,False,False,False,False,False,False,False,False
OEF,2012-09-13,52.3263634398531,53.33506343667392,52.27120034666216,53.2089729309082,567200,2012,9,37,Thursday,52.7854,52.29483795166016,1.75,0.06,-0.05,1.75,0.05,0,0.0,51.7719,51.2489,50.726,50.203,49.6801,49.1571,48.6342,48.1113,47.5883,47.0654,46.5424,46.0195,45.4965,44.9736,44.4506,43.9277,43.4047,42.8818,42.3588,41.8359,41.3129,40.79,40.267,39.7441,39.2211,False,False,False,False,False,False,False,False,False,False,False,False,False,False,False,False,False,False,False,False,False,False,False,False,False
OEF,2012-09-14,53.31929799998118,53.64239435623183,53.18532535243781,53.33505630493164,1307600,2012,9,37,Friday,53.3705,53.2089729309082,0.24,0.21,-0.04,0.24,0.04,0,0.0,52.6769,52.1448,51.6127,51.0806,50.5485,50.0164,49.4843,48.9523,48.4202,47.8881,47.356,46.8239,46.2918,45.7597,45.2276,44.6955,44.1634,43.6314,43.0993,42.5672,42.0351,41.503,40.9709,40.4388,39.9067,False,False,False,False,False,False,False,False,False,False,False,False,False,False,False,False,False,False,False,False,False,False,False,False,False
OEF,2012-09-17,53.23261684077505,53.35870132812922,53.13016680670348,53.26413345336914,352600,2012,9,38,Monday,53.2464,53.33505630493164,-0.13,-0.19,-0.38,-0.13,0.38,0,0.0,52.8017,52.2684,51.735,51.2017,50.6683,50.135,49.6016,49.0683,48.5349,48.0016,47.4682,46.9348,46.4015,45.8681,45.3348,44.8014,44.2681,43.7347,43.2014,42.668,42.1347,41.6013,41.068,40.5346,40.0013,False,False,False,False,False,False,False,False,False,False,False,False,False,False,False,False,False,False,False,False,False,False,False,False,False
OEF,2012-09-18,53.16168364028223,53.3271728938398,53.09863839731021,53.27989196777344,237000,2012,9,38,Tuesday,53.2168,53.26413345336914,0.03,-0.19,-0.31,0.03,0.31,0,0.0,52.7315,52.1989,51.6662,51.1336,50.6009,50.0683,49.5356,49.003,48.4704,47.9377,47.4051,46.8724,46.3398,45.8072,45.2745,44.7419,44.2092,43.6766,43.1439,42.6113,42.0787,41.546,41.0134,40.4807,39.9481,False,False,False,False,False,False,False,False,False,False,False,False,False,False,False,False,False,False,False,False,False,False,False,False,False
OEF,2012-09-19,53.31929957017615,53.48478883249392,53.22473170071216,53.28777694702149,514400,2012,9,38,Wednesday,53.3291,53.27989196777344,0.01,0.07,-0.1,0.01,0.1,0,0.0,52.7471,52.2143,51.6815,51.1487,50.6159,50.0831,49.5503,49.0175,48.4847,47.9519,47.4191,46.8863,46.3535,45.8207,45.2879,44.7551,44.2223,43.6895,43.1567,42.6239,42.0911,41.5583,41.0255,40.4927,39.9599,False,False,False,False,False,False,False,False,False,False,False,False,False,False,False,False,False,False,False,False,False,False,False,False,False
OEF,2012-09-20,53.0198426901103,53.38234387231663,52.941039130904784,53.34294509887695,783100,2012,9,38,Thursday,53.1715,53.28777694702149,0.1,-0.5,-0.65,0.1,0.65,0,0.0,52.7549,52.222,51.6891,51.1563,50.6234,50.0905,49.5576,49.0248,48.4919,47.959,47.4261,46.8932,46.3604,45.8275,45.2946,44.7617,44.2289,43.696,43.1631,42.6302,42.0973,41.5645,41.0316,40.4987,39.9658,False,False,False,False,False,False,False,False,False,False,False,False,False,False,False,False,False,False,False,False,False,False,False,False,False
OEF,2012-09-21,53.63450914916609,53.63450914916609,53.27200803265465,53.3114128112793,346900,2012,9,38,Friday,53.4631,53.34294509887695,-0.06,0.55,-0.13,-0.06,0.13,0,0.0,52.8095,52.2761,51.7427,51.2092,50.6758,50.1424,49.6089,49.0755,48.5421,48.0087,47.4752,46.9418,46.4084,45.8749,45.3415,44.8081,44.2746,43.7412,43.2078,42.6744,42.1409,41.6075,41.0741,40.5406,40.0072,False,False,False,False,False,False,False,False,False,False,False,False,False,False,False,False,False,False,False,False,False,False,False,False,False
OEF,2012-09-24,52.964680916494736,53.35082257484677,52.964680916494736,53.23262023925781,295600,2012,9,39,Monday,53.1282,53.3114128112793,-0.15,-0.65,-0.65,-0.15,0.65,0,0.0,52.7783,52.2452,51.7121,51.179,50.6458,50.1127,49.5796,49.0465,48.5134,47.9803,47.4472,46.914,46.3809,45.8478,45.3147,44.7816,44.2485,43.7154,43.1822,42.6491,42.116,41.5829,41.0498,40.5167,39.9836,False,False,False,False,False,False,False,False,False,False,False,False,False,False,False,False,False,False,False,False,False,False,False,False,False
OEF,2012-09-25,53.35855097713045,53.4773495023721,52.71700872756886,52.74076843261719,554100,2012,9,39,Tuesday,53.0734,53.23262023925781,-0.92,0.24,-0.97,-0.92,0.97,0,0.0,52.7003,52.168,51.6356,51.1033,50.571,50.0387,49.5063,48.974,48.4417,47.9094,47.377,46.8447,46.3124,45.7801,45.2477,44.7154,44.1831,43.6507,43.1184,42.5861,42.0538,41.5214,40.9891,40.4568,39.9245,False,False,False,False,False,False,False,False,False,False,False,False,False,False,False,False,False,False,False,False,False,False,False,False,False
OEF,2012-09-26,52.701174143718255,52.701174143718255,52.321000711868734,52.44772720336914,532700,2012,9,39,Wednesday,52.5428,52.74076843261719,-0.56,-0.08,-0.8,-0.56,0.8,0,0.0,52.2134,51.686,51.1585,50.6311,50.1037,49.5763,49.0489,48.5215,47.9941,47.4667,46.9393,46.4119,45.8845,45.3571,44.8297,44.3022,43.7748,43.2474,42.72,42.1926,41.6652,41.1378,40.6104,40.083,39.5556,False,False,False,False,False,False,False,False,False,False,False,False,False,False,False,False,False,False,False,False,False,False,False,False,False
OEF,2012-09-27,52.66949180199542,53.04174331238265,52.52692752232906,52.954620361328125,582000,2012,9,39,Thursday,52.7982,52.44772720336914,0.97,0.42,0.15,0.97,-0.15,0,0.0,51.9232,51.3988,50.8743,50.3498,49.8253,49.3009,48.7764,48.2519,47.7274,47.203,46.6785,46.154,45.6295,45.105,44.5806,44.0561,43.5316,43.0071,42.4827,41.9582,41.4337,40.9092,40.3847,39.8603,39.3358,False,False,False,False,False,False,False,False,False,False,False,False,False,False,False,False,False,False,False,False,False,False,False,False,False
OEF,2012-09-28,52.69325871901123,52.85958272760743,52.49525308363683,52.6378173828125,470100,2012,9,39,Friday,52.6715,52.954620361328125,-0.6,-0.49,-0.87,-0.6,0.87,0,0.0,52.4251,51.8955,51.366,50.8364,50.3069,49.7773,49.2478,48.7183,48.1887,47.6592,47.1296,46.6001,46.0705,45.541,45.0114,44.4819,43.9523,43.4228,42.8932,42.3637,41.8342,41.3046,40.7751,40.2455,39.716,False,False,False,False,False,False,False,False,False,False,False,False,False,False,False,False,False,False,False,False,False,False,False,False,False
OEF,2012-10-01,52.85958893333546,53.25560025057608,52.68534298692508,52.78038787841797,1078600,2012,10,40,Monday,52.8952,52.6378173828125,0.27,0.42,0.09,0.27,-0.09,0,0.0,52.1114,51.5851,51.0587,50.5323,50.0059,49.4795,48.9532,48.4268,47.9004,47.374,46.8477,46.3213,45.7949,45.2685,44.7421,44.2158,43.6894,43.163,42.6366,42.1103,41.5839,41.0575,40.5311,40.0047,39.4784,False,False,False,False,False,False,False,False,False,False,False,False,False,False,False,False,False,False,False,False,False,False,False,False,False
OEF,2012-10-02,53.025888851033926,53.10509591258979,52.5665205243221,52.843727111816406,490200,2012,10,40,Tuesday,52.8853,52.78038787841797,0.12,0.47,-0.41,0.12,0.41,0,0.0,52.2526,51.7248,51.197,50.6692,50.1414,49.6136,49.0858,48.558,48.0302,47.5023,46.9745,46.4467,45.9189,45.3911,44.8633,44.3355,43.8077,43.2799,42.7521,42.2243,41.6965,41.1687,40.6409,40.1131,39.5853,False,False,False,False,False,False,False,False,False,False,False,False,False,False,False,False,False,False,False,False,False,False,False,False,False
OEF,2012-10-03,52.97045265978273,53.17638016298601,52.70908987636621,53.04965972900391,418800,2012,10,40,Wednesday,52.9764,52.843727111816406,0.39,0.24,-0.25,0.39,0.25,0,0.0,52.3153,51.7869,51.2584,50.73,50.2015,49.6731,49.1447,48.6162,48.0878,47.5594,47.0309,46.5025,45.974,45.4456,44.9172,44.3887,43.8603,43.3319,42.8034,42.275,41.7465,41.2181,40.6897,40.1612,39.6328,False,False,False,False,False,False,False,False,False,False,False,False,False,False,False,False,False,False,False,False,False,False,False,False,False
OEF,2012-10-04,53.279365282755855,53.47737096114712,53.18432642442645,53.42985153198242,781600,2012,10,40,Thursday,53.3427,53.04965972900391,0.72,0.43,0.25,0.72,-0.25,0,0.0,52.5192,51.9887,51.4582,50.9277,50.3972,49.8667,49.3362,48.8057,48.2752,47.7447,47.2142,46.6837,46.1532,45.6227,45.0922,44.5617,44.0312,43.5007,42.9702,42.4397,41.9092,41.3787,40.8482,40.3177,39.7872,False,False,False,False,False,False,False,False,False,False,False,False,False,False,False,False,False,False,False,False,False,False,False,False,False
OEF,2012-10-05,53.69910760456136,53.73870508899173,53.23973327809013,53.38229751586914,307900,2012,10,40,Friday,53.515,53.42985153198242,-0.09,0.5,-0.36,-0.09,0.36,0,0.0,52.8956,52.3613,51.827,51.2927,50.7584,50.2241,49.6898,49.1555,48.6212,48.0869,47.5526,47.0183,46.484,45.9497,45.4154,44.8811,44.3468,43.8125,43.2782,42.7439,42.2096,41.6753,41.141,40.6067,40.0724,False,False,False,False,False,False,False,False,False,False,False,False,False,False,False,False,False,False,False,False,False,False,False,False,False
OEF,2012-10-08,53.16846587027716,53.27934853190282,53.06550512523957,53.176387786865234,166200,2012,10,41,Monday,53.1724,53.38229751586914,-0.39,-0.4,-0.59,-0.39,0.59,0,0.0,52.8485,52.3147,51.7808,51.247,50.7132,50.1794,49.6455,49.1117,48.5779,48.0441,47.5102,46.9764,46.4426,45.9088,45.375,44.8411,44.3073,43.7735,43.2397,42.7058,42.172,41.6382,41.1044,40.5705,40.0367,False,False,False,False,False,False,False,False,False,False,False,False,False,False,False,False,False,False,False,False,False,False,False,False,False
OEF,2012-10-09,53.12096521809941,53.184328487879895,52.64575278005375,52.66159057617188,1351500,2012,10,41,Tuesday,52.9032,53.176387786865234,-0.97,-0.1,-1.0,-0.97,1.0,0,0.0,52.6446,52.1129,51.5811,51.0493,50.5176,49.9858,49.454,48.9223,48.3905,47.8587,47.327,46.7952,46.2635,45.7317,45.1999,44.6682,44.1364,43.6046,43.0729,42.5411,42.0093,41.4776,40.9458,40.4141,39.8823,False,False,False,False,False,False,False,False,False,False,False,False,False,False,False,False,False,False,False,False,False,False,False,False,False
OEF,2012-10-10,52.6457256202402,52.70116694203257,52.25763636769359,52.34475326538086,11539800,2012,10,41,Wednesday,52.4873,52.66159057617188,-0.6,-0.03,-0.77,-0.6,0.77,0,0.0,52.135,51.6084,51.0817,50.5551,50.0285,49.5019,48.9753,48.4487,47.922,47.3954,46.8688,46.3422,45.8156,45.289,44.7624,44.2357,43.7091,43.1825,42.6559,42.1293,41.6027,41.076,40.5494,40.0228,39.4962,False,False,False,False,False,False,False,False,False,False,False,False,False,False,False,False,False,False,False,False,False,False,False,False,False
OEF,2012-10-11,52.70911042904696,52.72494822347617,52.27349554907664,52.28933334350586,639300,2012,10,41,Thursday,52.4992,52.34475326538086,-0.11,0.7,-0.14,-0.11,0.14,0,0.0,51.8213,51.2979,50.7744,50.251,49.7275,49.2041,48.6806,48.1572,47.6337,47.1103,46.5868,46.0634,45.5399,45.0165,44.493,43.9696,43.4461,42.9227,42.3993,41.8758,41.3524,40.8289,40.3055,39.782,39.2586,False,False,False,False,False,False,False,False,False,False,False,False,False,False,False,False,False,False,False,False,False,False,False,False,False
OEF,2012-10-12,52.28932044382575,52.49524797652371,52.05963924667063,52.10715866088867,644700,2012,10,41,Friday,52.2378,52.28933334350586,-0.35,-0.0,-0.44,-0.35,0.44,0,0.0,51.7664,51.2435,50.7207,50.1978,49.6749,49.152,48.6291,48.1062,47.5833,47.0604,46.5375,46.0146,45.4917,44.9688,44.4459,43.923,43.4001,42.8773,42.3544,41.8315,41.3086,40.7857,40.2628,39.7399,39.217,False,False,False,False,False,False,False,False,False,False,False,False,False,False,False,False,False,False,False,False,False,False,False,False,False
OEF,2012-10-15,52.28931527471335,52.64572897407064,52.13091321454429,52.57444381713867,520000,2012,10,42,Monday,52.4101,52.10715866088867,0.9,0.35,0.05,0.9,-0.05,0,0.0,51.5861,51.065,50.5439,50.0229,49.5018,48.9807,48.4597,47.9386,47.4175,46.8964,46.3754,45.8543,45.3332,44.8122,44.2911,43.77,43.2489,42.7279,42.2068,41.6857,41.1647,40.6436,40.1225,39.6014,39.0804,False,False,False,False,False,False,False,False,False,False,False,False,False,False,False,False,False,False,False,False,False,False,False,False,False
OEF,2012-10-16,52.83581956631736,53.12094814604067,52.78037823374071,53.08134460449219,539400,2012,10,42,Tuesday,52.9546,52.57444381713867,0.96,0.5,0.39,0.96,-0.39,0,0.0,52.0487,51.523,50.9972,50.4715,49.9457,49.42,48.8942,48.3685,47.8427,47.317,46.7913,46.2655,45.7398,45.214,44.6883,44.1625,43.6368,43.111,42.5853,42.0596,41.5338,41.0081,40.4823,39.9566,39.4308,False,False,False,False,False,False,False,False,False,False,False,False,False,False,False,False,False,False,False,False,False,False,False,False,False
OEF,2012-10-17,53.10510781224929,53.35063283866796,53.04174456586648,53.28726959228516,663800,2012,10,42,Wednesday,53.1962,53.08134460449219,0.39,0.04,-0.07,0.39,0.07,0,0.0,52.5505,52.0197,51.4889,50.9581,50.4273,49.8965,49.3657,48.8348,48.304,47.7732,47.2424,46.7116,46.1808,45.65,45.1191,44.5883,44.0575,43.5267,42.9959,42.4651,41.9343,41.4034,40.8726,40.3418,39.811,False,False,False,False,False,False,False,False,False,False,False,False,False,False,False,False,False,False,False,False,False,False,False,False,False
OEF,2012-10-18,53.14470785390894,53.40607672576398,52.91502060676226,53.08134460449219,2648300,2012,10,42,Thursday,53.1368,53.28726959228516,-0.39,-0.27,-0.7,-0.39,0.7,0,0.0,52.7544,52.2215,51.6887,51.1558,50.6229,50.09,49.5572,49.0243,48.4914,47.9585,47.4257,46.8928,46.3599,45.8271,45.2942,44.7613,44.2284,43.6956,43.1627,42.6298,42.0969,41.5641,41.0312,40.4983,39.9655,False,False,False,False,False,False,False,False,False,False,False,False,False,False,False,False,False,False,False,False,False,False,False,False,False
OEF,2012-10-19,52.994216438787824,52.994216438787824,52.0675457301002,52.13090896606445,1409900,2012,10,42,Friday,52.5467,53.08134460449219,-1.79,-0.16,-1.91,-1.79,1.91,1,52.5505,52.5505,52.0197,51.4889,50.9581,50.4273,49.8965,49.3657,48.8348,48.304,47.7732,47.2424,46.7116,46.1808,45.65,45.1191,44.5883,44.0575,43.5267,42.9959,42.4651,41.9343,41.4034,40.8726,40.3418,39.811,True,False,False,False,False,False,False,False,False,False,False,False,False,False,False,False,False,False,False,False,False,False,False,False,False
OEF,2012-10-22,52.09922326307814,52.25763134056829,51.790335065285205,52.210105895996094,2143700,2012,10,43,Monday,52.0893,52.13090896606445,0.15,-0.06,-0.65,0.15,0.65,0,0.0,51.6096,51.0883,50.567,50.0457,49.5244,49.0031,48.4817,47.9604,47.4391,46.9178,46.3965,45.8752,45.3539,44.8326,44.3113,43.79,43.2687,42.7473,42.226,41.7047,41.1834,40.6621,40.1408,39.6195,39.0982,False,False,False,False,False,False,False,False,False,False,False,False,False,False,False,False,False,False,False,False,False,False,False,False,False
OEF,2012-10-23,51.63986472539523,51.695306058842085,51.27553509950843,51.37850189208984,1045800,2012,10,43,Tuesday,51.4973,52.210105895996094,-1.59,-1.09,-1.79,-1.59,1.79,1,51.688,51.688,51.1659,50.6438,50.1217,49.5996,49.0775,48.5554,48.0333,47.5112,46.9891,46.467,45.9449,45.4228,44.9007,44.3786,43.8565,43.3344,42.8123,42.2902,41.7681,41.246,40.7239,40.2018,39.6797,39.1576,True,False,False,False,False,False,False,False,False,False,False,False,False,False,False,False,False,False,False,False,False,False,False,False,False
OEF,2012-10-24,51.60026209154943,51.6319437136027,51.22801058573794,51.29928970336914,2308200,2012,10,43,Wednesday,51.4399,51.37850189208984,-0.15,0.43,-0.29,-0.15,0.29,0,0.0,50.8647,50.3509,49.8371,49.3234,48.8096,48.2958,47.782,47.2682,46.7544,46.2407,45.7269,45.2131,44.6993,44.1855,43.6717,43.1579,42.6442,42.1304,41.6166,41.1028,40.589,40.0752,39.5614,39.0477,38.5339,False,False,False,False,False,False,False,False,False,False,False,False,False,False,False,False,False,False,False,False,False,False,False,False,False
OEF,2012-10-25,51.69529781958979,51.75073914420035,51.14880648918604,51.41017532348633,667500,2012,10,43,Thursday,51.5013,51.29928970336914,0.22,0.77,-0.29,0.22,0.29,0,0.0,50.7863,50.2733,49.7603,49.2473,48.7343,48.2213,47.7083,47.1953,46.6824,46.1694,45.6564,45.1434,44.6304,44.1174,43.6044,43.0914,42.5784,42.0654,41.5524,41.0394,40.5264,40.0134,39.5005,38.9875,38.4745,False,False,False,False,False,False,False,False,False,False,False,False,False,False,False,False,False,False,False,False,False,False,False,False,False
OEF,2012-10-26,51.33888068079546,51.5764897667347,51.045830280490414,51.362640380859375,1488400,2012,10,43,Friday,51.331,51.41017532348633,-0.09,-0.14,-0.71,-0.09,0.71,0,0.0,50.8961,50.382,49.8679,49.3538,48.8397,48.3256,47.8115,47.2974,46.7833,46.2692,45.7551,45.241,44.7269,44.2128,43.6986,43.1845,42.6704,42.1563,41.6422,41.1281,40.614,40.0999,39.5858,39.0717,38.5576,False,False,False,False,False,False,False,False,False,False,False,False,False,False,False,False,False,False,False,False,False,False,False,False,False
OEF,2012-10-31,51.6398666977927,51.65571053232676,51.140894677712616,51.33097839355469,373200,2012,10,44,Wednesday,51.4419,51.362640380859375,-0.06,0.54,-0.43,-0.06,0.43,0,0.0,50.849,50.3354,49.8218,49.3081,48.7945,48.2809,47.7673,47.2536,46.74,46.2264,45.7127,45.1991,44.6855,44.1719,43.6582,43.1446,42.631,42.1174,41.6037,41.0901,40.5765,40.0629,39.5492,39.0356,38.522,False,False,False,False,False,False,False,False,False,False,False,False,False,False,False,False,False,False,False,False,False,False,False,False,False
OEF,2012-11-01,51.47354135635533,51.91707807202212,51.44978164782272,51.86955261230469,925000,2012,11,44,Thursday,51.6775,51.33097839355469,1.05,0.28,0.23,1.05,-0.23,0,0.0,50.8177,50.3044,49.791,49.2777,48.7644,48.2511,47.7378,47.2245,46.7112,46.1979,45.6846,45.1713,44.658,44.1446,43.6313,43.118,42.6047,42.0914,41.5781,41.0648,40.5515,40.0382,39.5249,39.0115,38.4982,False,False,False,False,False,False,False,False,False,False,False,False,False,False,False,False,False,False,False,False,False,False,False,False,False
OEF,2012-11-02,52.17842741625084,52.19427124627717,51.330963789362194,51.370567321777344,526300,2012,11,44,Friday,51.7686,51.86955261230469,-0.96,0.6,-1.04,-0.96,1.04,1,51.3509,51.3509,50.8322,50.3135,49.7948,49.2761,48.7574,48.2387,47.72,47.2013,46.6826,46.1639,45.6452,45.1265,44.6078,44.0891,43.5704,43.0517,42.533,42.0143,41.4956,40.9769,40.4583,39.9396,39.4209,38.9022,True,False,False,False,False,False,False,False,False,False,False,False,False,False,False,False,False,False,False,False,False,False,False,False,False
OEF,2012-11-05,51.31512517051977,51.60025367986706,51.17256091584613,51.48144912719727,410700,2012,11,45,Monday,51.3923,51.370567321777344,0.22,-0.11,-0.39,0.22,0.39,0,0.0,50.8569,50.3432,49.8295,49.3157,48.802,48.2883,47.7746,47.2609,46.7472,46.2335,45.7198,45.2061,44.6924,44.1787,43.665,43.1513,42.6376,42.1239,41.6102,41.0965,40.5827,40.069,39.5553,39.0416,38.5279,False,False,False,False,False,False,False,False,False,False,False,False,False,False,False,False,False,False,False,False,False,False,False,False,False
OEF,2012-11-06,51.67155958735384,52.09925257321447,51.6082023633644,51.87748718261719,1115100,2012,11,45,Tuesday,51.8141,51.48144912719727,0.77,0.37,0.25,0.77,-0.25,0,0.0,50.9666,50.4518,49.937,49.4222,48.9074,48.3926,47.8777,47.3629,46.8481,46.3333,45.8185,45.3037,44.7889,44.274,43.7592,43.2444,42.7296,42.2148,41.7,41.1852,40.6703,40.1555,39.6407,39.1259,38.6111,False,False,False,False,False,False,False,False,False,False,False,False,False,False,False,False,False,False,False,False,False,False,False,False,False
OEF,2012-11-07,51.34681316336917,51.378494784191865,50.41222649837919,50.60231018066406,1319200,2012,11,45,Wednesday,50.935,51.87748718261719,-2.46,-1.02,-2.82,-2.46,2.82,2,102.1986,51.3587,50.8399,50.3212,49.8024,49.2836,48.7648,48.2461,47.7273,47.2085,46.6897,46.171,45.6522,45.1334,44.6146,44.0959,43.5771,43.0583,42.5395,42.0208,41.502,40.9832,40.4644,39.9457,39.4269,38.9081,True,True,False,False,False,False,False,False,False,False,False,False,False,False,False,False,False,False,False,False,False,False,False,False,False
OEF,2012-11-08,50.66566503140356,50.88743029778386,50.0003662109375,50.0003662109375,1003800,2012,11,45,Thursday,50.3885,50.60231018066406,-1.19,0.13,-1.19,-1.19,1.19,1,50.0963,50.0963,49.5903,49.0842,48.5782,48.0722,47.5662,47.0601,46.5541,46.0481,45.5421,45.0361,44.53,44.024,43.518,43.012,42.5059,41.9999,41.4939,40.9879,40.4818,39.9758,39.4698,38.9638,38.4578,37.9517,True,False,False,False,False,False,False,False,False,False,False,False,False,False,False,False,False,False,False,False,False,False,False,False,False
OEF,2012-11-09,49.80237134056162,50.53895244359035,49.80237134056162,50.071659088134766,1321900,2012,11,45,Friday,50.0538,50.0003662109375,0.14,-0.4,-0.4,0.14,0.4,0,0.0,49.5004,49.0004,48.5004,48.0004,47.5003,47.0003,46.5003,46.0003,45.5003,45.0003,44.5003,44.0003,43.5003,43.0003,42.5003,42.0003,41.5003,41.0003,40.5003,40.0003,39.5003,39.0003,38.5003,38.0003,37.5003,False,False,False,False,False,False,False,False,False,False,False,False,False,False,False,False,False,False,False,False,False,False,False,False,False
OEF,2012-11-12,50.25381772144856,50.34094066164377,50.0003708161491,50.12709426879883,642100,2012,11,46,Monday,50.1806,50.071659088134766,0.11,0.36,-0.14,0.11,0.14,0,0.0,49.5709,49.0702,48.5695,48.0688,47.5681,47.0674,46.5666,46.0659,45.5652,45.0645,44.5638,44.0631,43.5623,43.0616,42.5609,42.0602,41.5595,41.0588,40.558,40.0573,39.5566,39.0559,38.5552,38.0545,37.5537,False,False,False,False,False,False,False,False,False,False,False,False,False,False,False,False,False,False,False,False,False,False,False,False,False
OEF,2012-11-13,49.79444201696803,50.443900072504086,49.79444201696803,49.921165466308594,1046700,2012,11,46,Tuesday,49.9885,50.12709426879883,-0.41,-0.66,-0.66,-0.41,0.66,0,0.0,49.6258,49.1246,48.6233,48.122,47.6207,47.1195,46.6182,46.1169,45.6157,45.1144,44.6131,44.1118,43.6106,43.1093,42.608,42.1068,41.6055,41.1042,40.6029,40.1017,39.6004,39.0991,38.5979,38.0966,37.5953,False,False,False,False,False,False,False,False,False,False,False,False,False,False,False,False,False,False,False,False,False,False,False,False,False
OEF,2012-11-14,50.07957662151155,50.111258243029575,49.10538941977509,49.23211288452149,1260500,2012,11,46,Wednesday,49.6321,49.921165466308594,-1.38,0.32,-1.63,-1.38,1.63,1,49.422,49.422,48.9227,48.4235,47.9243,47.4251,46.9259,46.4267,45.9275,45.4283,44.929,44.4298,43.9306,43.4314,42.9322,42.433,41.9338,41.4346,40.9354,40.4361,39.9369,39.4377,38.9385,38.4393,37.9401,37.4409,True,False,False,False,False,False,False,False,False,False,False,False,False,False,False,False,False,False,False,False,False,False,False,False,False
OEF,2012-11-15,49.21625776832529,49.38258170096183,48.91528849403666,49.08161544799805,1090000,2012,11,46,Thursday,49.1489,49.23211288452149,-0.31,-0.03,-0.64,-0.31,0.64,0,0.0,48.7398,48.2475,47.7551,47.2628,46.7705,46.2782,45.7859,45.2935,44.8012,44.3089,43.8166,43.3243,42.8319,42.3396,41.8473,41.355,40.8627,40.3703,39.878,39.3857,38.8934,38.401,37.9087,37.4164,36.9241,False,False,False,False,False,False,False,False,False,False,False,False,False,False,False,False,False,False,False,False,False,False,False,False,False
OEF,2012-11-16,49.14498339080563,49.382589477894655,48.66977121662758,49.27962875366211,1118400,2012,11,46,Friday,49.1192,49.08161544799805,0.4,0.13,-0.84,0.4,0.84,0,0.0,48.5908,48.1,47.6092,47.1184,46.6275,46.1367,45.6459,45.1551,44.6643,44.1735,43.6826,43.1918,42.701,42.2102,41.7194,41.2286,40.7377,40.2469,39.7561,39.2653,38.7745,38.2837,37.7928,37.302,36.8112,False,False,False,False,False,False,False,False,False,False,False,False,False,False,False,False,False,False,False,False,False,False,False,False,False
OEF,2012-11-19,49.89741674724717,50.35679124055356,49.83405349796656,50.34886932373047,585500,2012,11,47,Monday,50.1093,49.27962875366211,2.17,1.25,1.13,2.17,-1.13,0,0.0,48.7868,48.294,47.8012,47.3084,46.8156,46.3229,45.8301,45.3373,44.8445,44.3517,43.8589,43.3661,42.8733,42.3805,41.8877,41.3949,40.9021,40.4093,39.9165,39.4237,38.9309,38.4381,37.9453,37.4525,36.9597,False,False,False,False,False,False,False,False,False,False,False,False,False,False,False,False,False,False,False,False,False,False,False,False,False
OEF,2012-11-20,50.301339122999565,50.46766611602639,49.976610073871846,50.38846206665039,523400,2012,11,47,Tuesday,50.2835,50.34886932373047,0.08,-0.09,-0.74,0.08,0.74,0,0.0,49.8454,49.3419,48.8384,48.3349,47.8314,47.3279,46.8244,46.321,45.8175,45.314,44.8105,44.307,43.8035,43.3,42.7965,42.2931,41.7896,41.2861,40.7826,40.2791,39.7756,39.2721,38.7686,38.2651,37.7617,False,False,False,False,False,False,False,False,False,False,False,False,False,False,False,False,False,False,False,False,False,False,False,False,False
OEF,2012-11-21,50.451834918073615,50.538957878322826,50.33303033203812,50.52311706542969,1340800,2012,11,47,Wednesday,50.4617,50.38846206665039,0.27,0.13,-0.11,0.27,0.11,0,0.0,49.8846,49.3807,48.8768,48.3729,47.869,47.3652,46.8613,46.3574,45.8535,45.3496,44.8457,44.3418,43.838,43.3341,42.8302,42.3263,41.8224,41.3185,40.8147,40.3108,39.8069,39.303,38.7991,38.2952,37.7913,False,False,False,False,False,False,False,False,False,False,False,False,False,False,False,False,False,False,False,False,False,False,False,False,False
OEF,2012-11-23,50.7686218397503,51.22799616624216,50.72110244137178,51.18839263916016,282400,2012,11,47,Friday,50.9765,50.52311706542969,1.32,0.49,0.39,1.32,-0.39,0,0.0,50.0179,49.5127,49.0074,48.5022,47.997,47.4917,46.9865,46.4813,45.976,45.4708,44.9656,44.4603,43.9551,43.4499,42.9446,42.4394,41.9342,41.429,40.9237,40.4185,39.9133,39.408,38.9028,38.3976,37.8923,False,False,False,False,False,False,False,False,False,False,False,False,False,False,False,False,False,False,False,False,False,False,False,False,False
OEF,2012-11-26,50.89536402264645,51.1567268371582,50.7844813637259,51.1567268371582,682100,2012,11,48,Monday,50.9983,51.18839263916016,-0.06,-0.57,-0.79,-0.06,0.79,0,0.0,50.6765,50.1646,49.6527,49.1409,48.629,48.1171,47.6052,47.0933,46.5814,46.0696,45.5577,45.0458,44.5339,44.022,43.5101,42.9982,42.4864,41.9745,41.4626,40.9507,40.4388,39.9269,39.4151,38.9032,38.3913,False,False,False,False,False,False,False,False,False,False,False,False,False,False,False,False,False,False,False,False,False,False,False,False,False
OEF,2012-11-27,51.061688238240826,51.23593414379182,50.81616321277446,50.879520416259766,617100,2012,11,48,Tuesday,50.9983,51.1567268371582,-0.54,-0.19,-0.67,-0.54,0.67,0,0.0,50.6452,50.1336,49.622,49.1105,48.5989,48.0873,47.5758,47.0642,46.5526,46.0411,45.5295,45.0179,44.5064,43.9948,43.4832,42.9717,42.4601,41.9485,41.4369,40.9254,40.4138,39.9022,39.3907,38.8791,38.3675,False,False,False,False,False,False,False,False,False,False,False,False,False,False,False,False,False,False,False,False,False,False,False,False,False
OEF,2012-11-28,50.63400857426426,51.29930470396976,50.34096103789494,51.25178527832031,971400,2012,11,48,Wednesday,50.8815,50.879520416259766,0.73,-0.48,-1.06,0.73,1.06,1,50.3707,50.3707,49.8619,49.3531,48.8443,48.3355,47.8267,47.318,46.8092,46.3004,45.7916,45.2828,44.774,44.2652,43.7564,43.2476,42.7388,42.23,41.7212,41.2124,40.7036,40.1948,39.686,39.1772,38.6684,38.1596,True,False,False,False,False,False,False,False,False,False,False,False,False,False,False,False,False,False,False,False,False,False,False,False,False
OEF,2012-11-29,51.49729658948623,51.67154249378536,51.25177156578383,51.505218505859375,3897000,2012,11,48,Thursday,51.4815,51.25178527832031,0.49,0.48,-0.0,0.49,0.0,0,0.0,50.7393,50.2267,49.7142,49.2017,48.6892,48.1767,47.6642,47.1516,46.6391,46.1266,45.6141,45.1016,44.5891,44.0765,43.564,43.0515,42.539,42.0265,41.5139,41.0014,40.4889,39.9764,39.4639,38.9514,38.4388,False,False,False,False,False,False,False,False,False,False,False,False,False,False,False,False,False,False,False,False,False,False,False,False,False
OEF,2012-11-30,51.50522727013576,51.60819407255275,51.33098133618643,51.44186401367188,1004000,2012,11,48,Friday,51.4716,51.505218505859375,-0.12,0.0,-0.34,-0.12,0.34,0,0.0,50.9902,50.4751,49.9601,49.445,48.93,48.4149,47.8999,47.3848,46.8697,46.3547,45.8396,45.3246,44.8095,44.2945,43.7794,43.2644,42.7493,42.2343,41.7192,41.2042,40.6891,40.1741,39.659,39.144,38.6289,False,False,False,False,False,False,False,False,False,False,False,False,False,False,False,False,False,False,False,False,False,False,False,False,False
OEF,2012-12-03,51.75866125442499,51.79826479043188,51.220085795047794,51.25968933105469,767100,2012,12,49,Monday,51.5092,51.44186401367188,-0.35,0.62,-0.43,-0.35,0.43,0,0.0,50.9274,50.413,49.8986,49.3842,48.8698,48.3554,47.8409,47.3265,46.8121,46.2977,45.7833,45.2688,44.7544,44.24,43.7256,43.2112,42.6967,42.1823,41.6679,41.1535,40.6391,40.1247,39.6102,39.0958,38.5814,False,False,False,False,False,False,False,False,False,False,False,False,False,False,False,False,False,False,False,False,False,False,False,False,False
OEF,2012-12-04,51.18839235343554,51.37848203118826,51.03791224519356,51.140872955322266,1226600,2012,12,49,Tuesday,51.1864,51.25968933105469,-0.23,-0.14,-0.43,-0.23,0.43,0,0.0,50.7471,50.2345,49.7219,49.2093,48.6967,48.1841,47.6715,47.1589,46.6463,46.1337,45.6211,45.1085,44.5959,44.0833,43.5707,43.0581,42.5455,42.0329,41.5203,41.0078,40.4952,39.9826,39.47,38.9574,38.4448,False,False,False,False,False,False,False,False,False,False,False,False,False,False,False,False,False,False,False,False,False,False,False,False,False
OEF,2012-12-05,51.17257308959961,51.457701666777865,50.800321555914,51.17257308959961,1432100,2012,12,49,Wednesday,51.1508,51.140872955322266,0.06,0.06,-0.67,0.06,0.67,0,0.0,50.6295,50.1181,49.6066,49.0952,48.5838,48.0724,47.561,47.0496,46.5382,46.0268,45.5154,45.004,44.4926,43.9812,43.4697,42.9583,42.4469,41.9355,41.4241,40.9127,40.4013,39.8899,39.3785,38.8671,38.3557,False,False,False,False,False,False,False,False,False,False,False,False,False,False,False,False,False,False,False,False,False,False,False,False,False
OEF,2012-12-06,51.10920786392602,51.386414513612976,51.05376653398864,51.34681701660156,1178600,2012,12,49,Thursday,51.2241,51.17257308959961,0.34,-0.12,-0.23,0.34,0.23,0,0.0,50.6608,50.1491,49.6374,49.1257,48.6139,48.1022,47.5905,47.0788,46.567,46.0553,45.5436,45.0319,44.5201,44.0084,43.4967,42.985,42.4732,41.9615,41.4498,40.9381,40.4263,39.9146,39.4029,38.8912,38.3794,False,False,False,False,False,False,False,False,False,False,False,False,False,False,False,False,False,False,False,False,False,False,False,False,False
OEF,2012-12-07,51.56857206297841,51.616091466986106,51.22800223473862,51.48144912719727,906000,2012,12,49,Friday,51.4735,51.34681701660156,0.26,0.43,-0.23,0.26,0.23,0,0.0,50.8333,50.3199,49.8064,49.2929,48.7795,48.266,47.7525,47.2391,46.7256,46.2121,45.6987,45.1852,44.6717,44.1583,43.6448,43.1313,42.6179,42.1044,41.5909,41.0775,40.564,40.0505,39.537,39.0236,38.5101,False,False,False,False,False,False,False,False,False,False,False,False,False,False,False,False,False,False,False,False,False,False,False,False,False
OEF,2012-12-10,51.41017847218748,51.63985965774758,51.3943346398134,51.49729537963867,1398900,2012,12,50,Monday,51.4854,51.48144912719727,0.03,-0.14,-0.17,0.03,0.17,0,0.0,50.9666,50.4518,49.937,49.4222,48.9074,48.3926,47.8777,47.3629,46.8481,46.3333,45.8185,45.3037,44.7889,44.274,43.7592,43.2444,42.7296,42.2148,41.7,41.1852,40.6703,40.1555,39.6407,39.1259,38.6111,False,False,False,False,False,False,False,False,False,False,False,False,False,False,False,False,False,False,False,False,False,False,False,False,False
OEF,2012-12-11,51.7111452468699,52.13091616848994,51.67946362451063,51.81410598754883,1974200,2012,12,50,Tuesday,51.8339,51.49729537963867,0.62,0.42,0.35,0.62,-0.35,0,0.0,50.9823,50.4673,49.9524,49.4374,48.9224,48.4075,47.8925,47.3775,46.8625,46.3476,45.8326,45.3176,44.8026,44.2877,43.7727,43.2577,42.7428,42.2278,41.7128,41.1978,40.6829,40.1679,39.6529,39.1379,38.623,False,False,False,False,False,False,False,False,False,False,False,False,False,False,False,False,False,False,False,False,False,False,False,False,False
OEF,2012-12-12,52.10715066403519,52.24971492746192,51.80618434909026,51.86162567138672,1940300,2012,12,50,Wednesday,52.0062,51.81410598754883,0.09,0.57,-0.02,0.09,0.02,0,0.0,51.296,50.7778,50.2597,49.7415,49.2234,48.7053,48.1871,47.669,47.1508,46.6327,46.1146,45.5964,45.0783,44.5601,44.042,43.5238,43.0057,42.4876,41.9694,41.4513,40.9331,40.415,39.8969,39.3787,38.8606,False,False,False,False,False,False,False,False,False,False,False,False,False,False,False,False,False,False,False,False,False,False,False,False,False
OEF,2012-12-13,51.83785946042246,51.96458593462135,51.4101727166284,51.54481506347656,890900,2012,12,50,Thursday,51.6894,51.86162567138672,-0.61,-0.05,-0.87,-0.61,0.87,0,0.0,51.343,50.8244,50.3058,49.7872,49.2685,48.7499,48.2313,47.7127,47.1941,46.6755,46.1568,45.6382,45.1196,44.601,44.0824,43.5638,43.0451,42.5265,42.0079,41.4893,40.9707,40.4521,39.9335,39.4148,38.8962,False,False,False,False,False,False,False,False,False,False,False,False,False,False,False,False,False,False,False,False,False,False,False,False,False
OEF,2012-12-14,51.37849389642415,51.43393522124308,51.14880668141684,51.25968933105469,2026700,2012,12,50,Friday,51.3052,51.54481506347656,-0.55,-0.32,-0.77,-0.55,0.77,0,0.0,51.0294,50.5139,49.9985,49.483,48.9676,48.4521,47.9367,47.4212,46.9058,46.3903,45.8749,45.3594,44.844,44.3285,43.8131,43.2976,42.7822,42.2667,41.7513,41.2359,40.7204,40.205,39.6895,39.1741,38.6586,False,False,False,False,False,False,False,False,False,False,False,False,False,False,False,False,False,False,False,False,False,False,False,False,False
OEF,2012-12-17,51.38640623159274,51.86954033288763,51.37849035905733,51.853702545166016,1217400,2012,12,51,Monday,51.622,51.25968933105469,1.16,0.25,0.23,1.16,-0.23,0,0.0,50.7471,50.2345,49.7219,49.2093,48.6967,48.1841,47.6715,47.1589,46.6463,46.1337,45.6211,45.1085,44.5959,44.0833,43.5707,43.0581,42.5455,42.0329,41.5203,41.0078,40.4952,39.9826,39.47,38.9574,38.4448,False,False,False,False,False,False,False,False,False,False,False,False,False,False,False,False,False,False,False,False,False,False,False,False,False
OEF,2012-12-18,52.004176453585984,52.47938852760056,51.82200870317823,52.43978500366211,3091700,2012,12,51,Tuesday,52.1863,51.853702545166016,1.13,0.29,-0.06,1.13,0.06,0,0.0,51.3352,50.8166,50.2981,49.7796,49.261,48.7425,48.2239,47.7054,47.1869,46.6683,46.1498,45.6313,45.1127,44.5942,44.0756,43.5571,43.0386,42.52,42.0015,41.483,40.9644,40.4459,39.9274,39.4088,38.8903,False,False,False,False,False,False,False,False,False,False,False,False,False,False,False,False,False,False,False,False,False,False,False,False,False
OEF,2012-12-19,52.4940301775353,52.4940301775353,51.99955368041992,51.99955368041992,2534300,2012,12,51,Wednesday,52.2468,52.43978500366211,-0.84,0.1,-0.84,-0.84,0.84,0,0.0,51.9154,51.391,50.8666,50.3422,49.8178,49.2934,48.769,48.2446,47.7202,47.1958,46.6714,46.147,45.6226,45.0982,44.5738,44.0494,43.525,43.0006,42.4762,41.9518,41.4274,40.903,40.3786,39.8542,39.3298,False,False,False,False,False,False,False,False,False,False,False,False,False,False,False,False,False,False,False,False,False,False,False,False,False
OEF,2012-12-20,51.99159264626153,52.28667831420898,51.89588573288423,52.28667831420898,1012500,2012,12,51,Thursday,52.1152,51.99955368041992,0.55,-0.02,-0.2,0.55,0.2,0,0.0,51.4796,50.9596,50.4396,49.9196,49.3996,48.8796,48.3596,47.8396,47.3196,46.7996,46.2796,45.7596,45.2396,44.7196,44.1996,43.6796,43.1596,42.6396,42.1196,41.5996,41.0796,40.5597,40.0397,39.5197,38.9997,False,False,False,False,False,False,False,False,False,False,False,False,False,False,False,False,False,False,False,False,False,False,False,False,False
OEF,2012-12-21,51.54494985581736,51.9038461017544,51.46519716274484,51.78421401977539,1615700,2012,12,51,Friday,51.6746,52.28667831420898,-0.96,-1.42,-1.57,-0.96,1.57,1,51.7638,51.7638,51.2409,50.7181,50.1952,49.6723,49.1495,48.6266,48.1037,47.5809,47.058,46.5351,46.0123,45.4894,44.9665,44.4437,43.9208,43.3979,42.8751,42.3522,41.8293,41.3065,40.7836,40.2607,39.7379,39.215,True,False,False,False,False,False,False,False,False,False,False,False,False,False,False,False,False,False,False,False,False,False,False,False,False
OEF,2012-12-24,51.70446659890984,51.71243760971157,51.55293220730205,51.62471389770508,479100,2012,12,52,Monday,51.6486,51.78421401977539,-0.31,-0.15,-0.45,-0.31,0.45,0,0.0,51.2664,50.7485,50.2307,49.7128,49.195,48.6772,48.1593,47.6415,47.1236,46.6058,46.088,45.5701,45.0523,44.5344,44.0166,43.4987,42.9809,42.4631,41.9452,41.4274,40.9095,40.3917,39.8738,39.356,38.8382,False,False,False,False,False,False,False,False,False,False,False,False,False,False,False,False,False,False,False,False,False,False,False,False,False
OEF,2012-12-26,51.696504176218,51.71245228708902,51.24988405491575,51.44129180908203,474800,2012,12,52,Wednesday,51.525,51.62471389770508,-0.36,0.14,-0.73,-0.36,0.73,0,0.0,51.1085,50.5922,50.076,49.5597,49.0435,48.5272,48.011,47.4947,46.9785,46.4622,45.946,45.4297,44.9135,44.3973,43.881,43.3648,42.8485,42.3323,41.816,41.2998,40.7835,40.2673,39.751,39.2348,38.7185,False,False,False,False,False,False,False,False,False,False,False,False,False,False,False,False,False,False,False,False,False,False,False,False,False
OEF,2012-12-27,51.457242015057176,51.5370008268881,50.77136065193543,51.33761596679688,1589800,2012,12,52,Thursday,51.2758,51.44129180908203,-0.2,0.03,-1.3,-0.2,1.3,1,50.9269,50.9269,50.4125,49.8981,49.3836,48.8692,48.3548,47.8404,47.326,46.8116,46.2972,45.7827,45.2683,44.7539,44.2395,43.7251,43.2107,42.6963,42.1819,41.6674,41.153,40.6386,40.1242,39.6098,39.0954,38.581,True,False,False,False,False,False,False,False,False,False,False,False,False,False,False,False,False,False,False,False,False,False,False,False,False
OEF,2012-12-28,50.98669775217003,51.27381244359771,50.72350827090413,50.7474365234375,1960900,2012,12,52,Friday,50.9329,51.33761596679688,-1.15,-0.68,-1.2,-1.15,1.2,1,50.8242,50.8242,50.3109,49.7975,49.2841,48.7707,48.2574,47.744,47.2306,46.7172,46.2039,45.6905,45.1771,44.6637,44.1503,43.637,43.1236,42.6102,42.0968,41.5835,41.0701,40.5567,40.0433,39.53,39.0166,38.5032,True,False,False,False,False,False,False,False,False,False,False,False,False,False,False,False,False,False,False,False,False,False,False,False,False
OEF,2012-12-31,50.627794349605146,51.64066962470315,50.5799408963982,51.59281921386719,2802500,2012,12,52,Monday,51.1103,50.7474365234375,1.67,-0.24,-0.33,1.67,0.33,0,0.0,50.24,49.7325,49.225,48.7175,48.2101,47.7026,47.1951,46.6876,46.1802,45.6727,45.1652,44.6577,44.1503,43.6428,43.1353,42.6278,42.1204,41.6129,41.1054,40.5979,40.0905,39.583,39.0755,38.5681,38.0606,False,False,False,False,False,False,False,False,False,False,False,False,False,False,False,False,False,False,False,False,False,False,False,False,False
