Symbol,Date,Open,High,Low,Close,Volume,Year,Month,Week,Weekday,avg_daily_price,Previous_Close,Daily_Gain_Loss_Pct,Open_vs_PrevClose_Pct,Low_vs_PrevClose_Pct,Close_vs_PrevClose_Pct,mx_percent_decline,Shares_Purchased,Total_Value_Purchased,BOD99-1,BOD98-2,BOD97-3,BOD96-4,BOD95-5,BOD94-6,BOD93-7,BOD92-8,BOD91-9,BOD90-10,BOD89-11,BOD88-12,BOD87-13,BOD86-14,BOD85-15,BOD84-16,BOD83-17,BOD82-18,BOD81-19,BOD80-20,BOD79-21,BOD78-22,BOD77-23,BOD76-24,BOD75-25,BOD99-1_Executed,BOD98-2_Executed,BOD97-3_Executed,BOD96-4_Executed,BOD95-5_Executed,BOD94-6_Executed,BOD93-7_Executed,BOD92-8_Executed,BOD91-9_Executed,BOD90-10_Executed,BOD89-11_Executed,BOD88-12_Executed,BOD87-13_Executed,BOD86-14_Executed,BOD85-15_Executed,BOD84-16_Executed,BOD83-17_Executed,BOD82-18_Executed,BOD81-19_Executed,BOD80-20_Executed,BOD79-21_Executed,BOD78-22_Executed,BOD77-23_Executed,BOD76-24_Executed,BOD75-25_Executed
TSLA,2012-01-03,1.929332971572876,1.9666670560836792,1.843333005905152,1.871999979019165,13921500,2012,1,1,Tuesday,1.9028,1.9040000438690183,-1.68,1.33,-3.19,-1.68,3.19,3,5.5978,1.885,1.8659,1.8469,1.8278,1.8088,1.7898,1.7707,1.7517,1.7326,1.7136,1.6946,1.6755,1.6565,1.6374,1.6184,1.5994,1.5803,1.5613,1.5422,1.5232,1.5042,1.4851,1.4661,1.447,1.428,True,True,True,False,False,False,False,False,False,False,False,False,False,False,False,False,False,False,False,False,False,False,False,False,False
TSLA,2012-01-04,1.880666971206665,1.911332964897156,1.8333330154418943,1.8473329544067385,9451500,2012,1,1,Wednesday,1.8682,1.871999979019165,-1.32,0.46,-2.07,-1.32,2.07,2,3.6878,1.8533,1.8346,1.8158,1.7971,1.7784,1.7597,1.741,1.7222,1.7035,1.6848,1.6661,1.6474,1.6286,1.6099,1.5912,1.5725,1.5538,1.535,1.5163,1.4976,1.4789,1.4602,1.4414,1.4227,1.404,True,True,False,False,False,False,False,False,False,False,False,False,False,False,False,False,False,False,False,False,False,False,False,False,False
TSLA,2012-01-05,1.8506669998168943,1.861999988555908,1.7899999618530271,1.807999968528748,15082500,2012,1,1,Thursday,1.8277,1.8473329544067385,-2.13,0.18,-3.1,-2.13,3.1,3,5.4312,1.8289,1.8104,1.7919,1.7734,1.755,1.7365,1.718,1.6995,1.6811,1.6626,1.6441,1.6257,1.6072,1.5887,1.5702,1.5518,1.5333,1.5148,1.4963,1.4779,1.4594,1.4409,1.4224,1.404,1.3855,True,True,True,False,False,False,False,False,False,False,False,False,False,False,False,False,False,False,False,False,False,False,False,False,False
TSLA,2012-01-06,1.8133330345153809,1.852666974067688,1.7606669664382937,1.7940000295639038,14794500,2012,1,1,Friday,1.8052,1.807999968528748,-0.77,0.29,-2.62,-0.77,2.62,2,3.5618,1.7899,1.7718,1.7538,1.7357,1.7176,1.6995,1.6814,1.6634,1.6453,1.6272,1.6091,1.591,1.573,1.5549,1.5368,1.5187,1.5006,1.4826,1.4645,1.4464,1.4283,1.4102,1.3922,1.3741,1.356,True,True,False,False,False,False,False,False,False,False,False,False,False,False,False,False,False,False,False,False,False,False,False,False,False
TSLA,2012-01-09,1.7999999523162842,1.8326669931411743,1.7413330078125,1.816666960716248,13455000,2012,1,2,Monday,1.7977,1.7940000295639038,1.26,0.33,-2.94,1.26,2.94,2,3.5342,1.7761,1.7581,1.7402,1.7222,1.7043,1.6864,1.6684,1.6505,1.6325,1.6146,1.5967,1.5787,1.5608,1.5428,1.5249,1.507,1.489,1.4711,1.4531,1.4352,1.4173,1.3993,1.3814,1.3634,1.3455,True,True,False,False,False,False,False,False,False,False,False,False,False,False,False,False,False,False,False,False,False,False,False,False,False
TSLA,2012-01-10,1.829332947731018,1.8506669998168943,1.816666960716248,1.841333031654358,10077000,2012,1,2,Tuesday,1.8345,1.816666960716248,1.36,0.7,0.0,1.36,0.0,0,0.0,1.7985,1.7803,1.7622,1.744,1.7258,1.7077,1.6895,1.6713,1.6532,1.635,1.6168,1.5987,1.5805,1.5623,1.5442,1.526,1.5078,1.4897,1.4715,1.4533,1.4352,1.417,1.3988,1.3807,1.3625,False,False,False,False,False,False,False,False,False,False,False,False,False,False,False,False,False,False,False,False,False,False,False,False,False
TSLA,2012-01-11,1.841333031654358,1.8919999599456787,1.820000052452088,1.8819999694824217,10084500,2012,1,2,Wednesday,1.8588,1.841333031654358,2.21,0.0,-1.16,2.21,1.16,1,1.8229,1.8229,1.8045,1.7861,1.7677,1.7493,1.7309,1.7124,1.694,1.6756,1.6572,1.6388,1.6204,1.602,1.5835,1.5651,1.5467,1.5283,1.5099,1.4915,1.4731,1.4547,1.4362,1.4178,1.3994,1.381,True,False,False,False,False,False,False,False,False,False,False,False,False,False,False,False,False,False,False,False,False,False,False,False,False
TSLA,2012-01-12,1.8986669778823853,1.9079999923706048,1.8539999723434448,1.8833329677581787,10939500,2012,1,2,Thursday,1.886,1.8819999694824217,0.07,0.89,-1.49,0.07,1.49,1,1.8632,1.8632,1.8444,1.8255,1.8067,1.7879,1.7691,1.7503,1.7314,1.7126,1.6938,1.675,1.6562,1.6373,1.6185,1.5997,1.5809,1.5621,1.5432,1.5244,1.5056,1.4868,1.468,1.4491,1.4303,1.4115,True,False,False,False,False,False,False,False,False,False,False,False,False,False,False,False,False,False,False,False,False,False,False,False,False
TSLA,2012-01-13,1.8933329582214355,1.899999976158142,1.5093330144882202,1.519333004951477,82506000,2012,1,2,Friday,1.7055,1.8833329677581787,-19.33,0.53,-19.86,-19.33,19.86,19,32.205,1.8645,1.8457,1.8268,1.808,1.7892,1.7703,1.7515,1.7327,1.7138,1.695,1.6762,1.6573,1.6385,1.6197,1.6008,1.582,1.5632,1.5443,1.5255,1.5067,1.4878,1.469,1.4502,1.4313,1.4125,True,True,True,True,True,True,True,True,True,True,True,True,True,True,True,True,True,True,True,False,False,False,False,False,False
TSLA,2012-01-17,1.7746670246124268,1.8226670026779173,1.7606669664382937,1.773332953453064,69774000,2012,1,3,Tuesday,1.7828,1.519333004951477,16.72,16.81,15.88,16.72,-15.88,0,0.0,1.5041,1.4889,1.4738,1.4586,1.4434,1.4282,1.413,1.3978,1.3826,1.3674,1.3522,1.337,1.3218,1.3066,1.2914,1.2762,1.261,1.2459,1.2307,1.2155,1.2003,1.1851,1.1699,1.1547,1.1395,False,False,False,False,False,False,False,False,False,False,False,False,False,False,False,False,False,False,False,False,False,False,False,False,False
TSLA,2012-01-18,1.779332995414734,1.7920000553131104,1.75,1.7873330116271973,18903000,2012,1,3,Wednesday,1.7772,1.773332953453064,0.79,0.34,-1.32,0.79,1.32,1,1.7556,1.7556,1.7379,1.7201,1.7024,1.6847,1.6669,1.6492,1.6315,1.6137,1.596,1.5783,1.5605,1.5428,1.5251,1.5073,1.4896,1.4719,1.4541,1.4364,1.4187,1.4009,1.3832,1.3655,1.3477,1.33,True,False,False,False,False,False,False,False,False,False,False,False,False,False,False,False,False,False,False,False,False,False,False,False,False
TSLA,2012-01-19,1.8126670122146609,1.8493330478668213,1.77400004863739,1.784000039100647,18694500,2012,1,3,Thursday,1.805,1.7873330116271973,-0.19,1.42,-0.75,-0.19,0.75,0,0.0,1.7695,1.7516,1.7337,1.7158,1.698,1.6801,1.6622,1.6443,1.6265,1.6086,1.5907,1.5729,1.555,1.5371,1.5192,1.5014,1.4835,1.4656,1.4477,1.4299,1.412,1.3941,1.3762,1.3584,1.3405,False,False,False,False,False,False,False,False,False,False,False,False,False,False,False,False,False,False,False,False,False,False,False,False,False
TSLA,2012-01-20,1.7933330535888672,1.7999999523162842,1.7599999904632568,1.773332953453064,9934500,2012,1,3,Friday,1.7817,1.784000039100647,-0.6,0.52,-1.35,-0.6,1.35,1,1.7662,1.7662,1.7483,1.7305,1.7126,1.6948,1.677,1.6591,1.6413,1.6234,1.6056,1.5878,1.5699,1.5521,1.5342,1.5164,1.4986,1.4807,1.4629,1.445,1.4272,1.4094,1.3915,1.3737,1.3558,1.338,True,False,False,False,False,False,False,False,False,False,False,False,False,False,False,False,False,False,False,False,False,False,False,False,False
TSLA,2012-01-23,1.7873330116271973,1.8140000104904173,1.773332953453064,1.7846670150756836,8919000,2012,1,4,Monday,1.7898,1.773332953453064,0.64,0.79,0.0,0.64,0.0,0,0.0,1.7556,1.7379,1.7201,1.7024,1.6847,1.6669,1.6492,1.6315,1.6137,1.596,1.5783,1.5605,1.5428,1.5251,1.5073,1.4896,1.4719,1.4541,1.4364,1.4187,1.4009,1.3832,1.3655,1.3477,1.33,False,False,False,False,False,False,False,False,False,False,False,False,False,False,False,False,False,False,False,False,False,False,False,False,False
TSLA,2012-01-24,1.775333046913147,1.8453329801559448,1.762666940689087,1.8279999494552608,12870000,2012,1,4,Tuesday,1.8028,1.7846670150756836,2.43,-0.52,-1.23,2.43,1.23,1,1.7668,1.7668,1.749,1.7311,1.7133,1.6954,1.6776,1.6597,1.6419,1.624,1.6062,1.5884,1.5705,1.5527,1.5348,1.517,1.4991,1.4813,1.4634,1.4456,1.4277,1.4099,1.392,1.3742,1.3563,1.3385,True,False,False,False,False,False,False,False,False,False,False,False,False,False,False,False,False,False,False,False,False,False,False,False,False
TSLA,2012-01-25,1.8179999589920044,1.8673330545425413,1.803333044052124,1.864667057991028,9168000,2012,1,4,Wednesday,1.8383,1.8279999494552608,2.01,-0.55,-1.35,2.01,1.35,1,1.8097,1.8097,1.7914,1.7732,1.7549,1.7366,1.7183,1.7,1.6818,1.6635,1.6452,1.6269,1.6086,1.5904,1.5721,1.5538,1.5355,1.5172,1.499,1.4807,1.4624,1.4441,1.4258,1.4076,1.3893,1.371,True,False,False,False,False,False,False,False,False,False,False,False,False,False,False,False,False,False,False,False,False,False,False,False,False
TSLA,2012-01-26,1.8713330030441284,1.972000002861023,1.8666670322418213,1.929332971572876,19066500,2012,1,4,Thursday,1.9098,1.864667057991028,3.47,0.36,0.11,3.47,-0.11,0,0.0,1.846,1.8274,1.8087,1.7901,1.7714,1.7528,1.7341,1.7155,1.6968,1.6782,1.6596,1.6409,1.6223,1.6036,1.585,1.5663,1.5477,1.529,1.5104,1.4917,1.4731,1.4544,1.4358,1.4171,1.3985,False,False,False,False,False,False,False,False,False,False,False,False,False,False,False,False,False,False,False,False,False,False,False,False,False
TSLA,2012-01-27,1.899999976158142,1.9813330173492432,1.899999976158142,1.95533299446106,11226000,2012,1,4,Friday,1.9342,1.929332971572876,1.35,-1.52,-1.52,1.35,1.52,1,1.91,1.91,1.8907,1.8715,1.8522,1.8329,1.8136,1.7943,1.775,1.7557,1.7364,1.7171,1.6978,1.6785,1.6592,1.6399,1.6206,1.6013,1.5821,1.5628,1.5435,1.5242,1.5049,1.4856,1.4663,1.447,True,False,False,False,False,False,False,False,False,False,False,False,False,False,False,False,False,False,False,False,False,False,False,False,False
TSLA,2012-01-30,1.965999960899353,1.9739999771118164,1.9019999504089355,1.9713330268859863,10935000,2012,1,5,Monday,1.9533,1.95533299446106,0.82,0.55,-2.73,0.82,2.73,2,3.852,1.9358,1.9162,1.8967,1.8771,1.8576,1.838,1.8185,1.7989,1.7794,1.7598,1.7402,1.7207,1.7011,1.6816,1.662,1.6425,1.6229,1.6034,1.5838,1.5643,1.5447,1.5252,1.5056,1.4861,1.4665,True,True,False,False,False,False,False,False,False,False,False,False,False,False,False,False,False,False,False,False,False,False,False,False,False
TSLA,2012-01-31,1.9933329820632928,2.0,1.9246670007705688,1.937999963760376,14346000,2012,1,5,Tuesday,1.964,1.9713330268859863,-1.69,1.12,-2.37,-1.69,2.37,2,3.8835,1.9516,1.9319,1.9122,1.8925,1.8728,1.8531,1.8333,1.8136,1.7939,1.7742,1.7545,1.7348,1.7151,1.6953,1.6756,1.6559,1.6362,1.6165,1.5968,1.5771,1.5574,1.5376,1.5179,1.4982,1.4785,True,True,False,False,False,False,False,False,False,False,False,False,False,False,False,False,False,False,False,False,False,False,False,False,False
TSLA,2012-02-01,1.937999963760376,1.9800000190734863,1.9333330392837524,1.972000002861023,7848000,2012,2,5,Wednesday,1.9558,1.937999963760376,1.75,0.0,-0.24,1.75,0.24,0,0.0,1.9186,1.8992,1.8799,1.8605,1.8411,1.8217,1.8023,1.783,1.7636,1.7442,1.7248,1.7054,1.6861,1.6667,1.6473,1.6279,1.6085,1.5892,1.5698,1.5504,1.531,1.5116,1.4923,1.4729,1.4535,False,False,False,False,False,False,False,False,False,False,False,False,False,False,False,False,False,False,False,False,False,False,False,False,False
TSLA,2012-02-02,1.9813330173492432,2.058666944503784,1.9739999771118164,2.016666889190674,12085500,2012,2,5,Thursday,2.0077,1.972000002861023,2.27,0.47,0.1,2.27,-0.1,0,0.0,1.9523,1.9326,1.9128,1.8931,1.8734,1.8537,1.834,1.8142,1.7945,1.7748,1.7551,1.7354,1.7156,1.6959,1.6762,1.6565,1.6368,1.617,1.5973,1.5776,1.5579,1.5382,1.5184,1.4987,1.479,False,False,False,False,False,False,False,False,False,False,False,False,False,False,False,False,False,False,False,False,False,False,False,False,False
TSLA,2012-02-03,2.0273330211639404,2.0886669158935547,2.016666889190674,2.076667070388794,11467500,2012,2,5,Friday,2.0523,2.016666889190674,2.98,0.53,0.0,2.98,0.0,0,0.0,1.9965,1.9763,1.9562,1.936,1.9158,1.8957,1.8755,1.8553,1.8352,1.815,1.7948,1.7747,1.7545,1.7343,1.7142,1.694,1.6738,1.6537,1.6335,1.6133,1.5932,1.573,1.5528,1.5327,1.5125,False,False,False,False,False,False,False,False,False,False,False,False,False,False,False,False,False,False,False,False,False,False,False,False,False
TSLA,2012-02-06,2.0733330249786377,2.126667022705078,2.069999933242798,2.119999885559082,9781500,2012,2,6,Monday,2.0975,2.076667070388794,2.09,-0.16,-0.32,2.09,0.32,0,0.0,2.0559,2.0351,2.0144,1.9936,1.9728,1.9521,1.9313,1.9105,1.8898,1.869,1.8482,1.8275,1.8067,1.7859,1.7652,1.7444,1.7236,1.7029,1.6821,1.6613,1.6406,1.6198,1.599,1.5783,1.5575,False,False,False,False,False,False,False,False,False,False,False,False,False,False,False,False,False,False,False,False,False,False,False,False,False
TSLA,2012-02-07,2.119999885559082,2.119999885559082,2.0546669960021973,2.1066670417785645,15324000,2012,2,6,Tuesday,2.1003,2.119999885559082,-0.63,0.0,-3.08,-0.63,3.08,3,6.2328,2.0988,2.0776,2.0564,2.0352,2.014,1.9928,1.9716,1.9504,1.9292,1.908,1.8868,1.8656,1.8444,1.8232,1.802,1.7808,1.7596,1.7384,1.7172,1.696,1.6748,1.6536,1.6324,1.6112,1.59,True,True,True,False,False,False,False,False,False,False,False,False,False,False,False,False,False,False,False,False,False,False,False,False,False
TSLA,2012-02-08,2.1066670417785645,2.134000062942505,2.0859999656677246,2.128667116165161,9355500,2012,2,6,Wednesday,2.1138,2.1066670417785645,1.04,0.0,-0.98,1.04,0.98,0,0.0,2.0856,2.0645,2.0435,2.0224,2.0013,1.9803,1.9592,1.9381,1.9171,1.896,1.8749,1.8539,1.8328,1.8117,1.7907,1.7696,1.7485,1.7275,1.7064,1.6853,1.6643,1.6432,1.6221,1.6011,1.58,False,False,False,False,False,False,False,False,False,False,False,False,False,False,False,False,False,False,False,False,False,False,False,False,False
TSLA,2012-02-09,2.1333329677581787,2.19333291053772,2.0953330993652344,2.171999931335449,19156500,2012,2,6,Thursday,2.1485,2.128667116165161,2.04,0.22,-1.57,2.04,1.57,1,2.1074,2.1074,2.0861,2.0648,2.0435,2.0222,2.0009,1.9797,1.9584,1.9371,1.9158,1.8945,1.8732,1.8519,1.8307,1.8094,1.7881,1.7668,1.7455,1.7242,1.7029,1.6816,1.6604,1.6391,1.6178,1.5965,True,False,False,False,False,False,False,False,False,False,False,False,False,False,False,False,False,False,False,False,False,False,False,False,False
TSLA,2012-02-10,2.1506669521331787,2.1513330936431885,1.9893330335617063,2.0733330249786377,28113000,2012,2,6,Friday,2.0912,2.171999931335449,-4.54,-0.98,-8.41,-4.54,8.41,8,16.5941,2.1503,2.1286,2.1068,2.0851,2.0634,2.0417,2.02,1.9982,1.9765,1.9548,1.9331,1.9114,1.8896,1.8679,1.8462,1.8245,1.8028,1.781,1.7593,1.7376,1.7159,1.6942,1.6724,1.6507,1.629,True,True,True,True,True,True,True,True,False,False,False,False,False,False,False,False,False,False,False,False,False,False,False,False,False
TSLA,2012-02-13,2.103332996368408,2.1373329162597656,2.059999942779541,2.0993330478668213,17368500,2012,2,7,Monday,2.1,2.0733330249786377,1.25,1.45,-0.64,1.25,0.64,0,0.0,2.0526,2.0319,2.0111,1.9904,1.9697,1.9489,1.9282,1.9075,1.8867,1.866,1.8453,1.8245,1.8038,1.7831,1.7623,1.7416,1.7209,1.7001,1.6794,1.6587,1.6379,1.6172,1.5965,1.5757,1.555,False,False,False,False,False,False,False,False,False,False,False,False,False,False,False,False,False,False,False,False,False,False,False,False,False
TSLA,2012-02-14,2.115999937057495,2.25266695022583,2.093333005905152,2.211333036422729,27162000,2012,2,7,Tuesday,2.1683,2.0993330478668213,5.34,0.79,-0.29,5.34,0.29,0,0.0,2.0783,2.0573,2.0364,2.0154,1.9944,1.9734,1.9524,1.9314,1.9104,1.8894,1.8684,1.8474,1.8264,1.8054,1.7844,1.7634,1.7424,1.7215,1.7005,1.6795,1.6585,1.6375,1.6165,1.5955,1.5745,False,False,False,False,False,False,False,False,False,False,False,False,False,False,False,False,False,False,False,False,False,False,False,False,False
TSLA,2012-02-15,2.206666946411133,2.2939999103546143,2.1513330936431885,2.240000009536743,41427000,2012,2,7,Wednesday,2.223,2.211333036422729,1.3,-0.21,-2.71,1.3,2.71,2,4.3563,2.1892,2.1671,2.145,2.1229,2.1008,2.0787,2.0565,2.0344,2.0123,1.9902,1.9681,1.946,1.9239,1.9017,1.8796,1.8575,1.8354,1.8133,1.7912,1.7691,1.747,1.7248,1.7027,1.6806,1.6585,True,True,False,False,False,False,False,False,False,False,False,False,False,False,False,False,False,False,False,False,False,False,False,False,False
TSLA,2012-02-16,2.233333110809326,2.3006670475006104,2.169332981109619,2.2786669731140137,33295500,2012,2,7,Thursday,2.2455,2.240000009536743,1.73,-0.3,-3.15,1.73,3.15,3,6.5856,2.2176,2.1952,2.1728,2.1504,2.128,2.1056,2.0832,2.0608,2.0384,2.016,1.9936,1.9712,1.9488,1.9264,1.904,1.8816,1.8592,1.8368,1.8144,1.792,1.7696,1.7472,1.7248,1.7024,1.68,True,True,True,False,False,False,False,False,False,False,False,False,False,False,False,False,False,False,False,False,False,False,False,False,False
TSLA,2012-02-17,2.2660000324249268,2.3313329219818115,2.233333110809326,2.3313329219818115,20650500,2012,2,7,Friday,2.2905,2.2786669731140137,2.31,-0.56,-1.99,2.31,1.99,1,2.2559,2.2559,2.2331,2.2103,2.1875,2.1647,2.1419,2.1192,2.0964,2.0736,2.0508,2.028,2.0052,1.9824,1.9597,1.9369,1.9141,1.8913,1.8685,1.8457,1.8229,1.8001,1.7774,1.7546,1.7318,1.709,True,False,False,False,False,False,False,False,False,False,False,False,False,False,False,False,False,False,False,False,False,False,False,False,False
TSLA,2012-02-21,2.324666976928711,2.324666976928711,2.253999948501587,2.299999952316284,17037000,2012,2,8,Tuesday,2.3008,2.3313329219818115,-1.34,-0.29,-3.32,-1.34,3.32,3,6.8541,2.308,2.2847,2.2614,2.2381,2.2148,2.1915,2.1681,2.1448,2.1215,2.0982,2.0749,2.0516,2.0283,2.0049,1.9816,1.9583,1.935,1.9117,1.8884,1.8651,1.8418,1.8184,1.7951,1.7718,1.7485,True,True,True,False,False,False,False,False,False,False,False,False,False,False,False,False,False,False,False,False,False,False,False,False,False
TSLA,2012-02-22,2.299999952316284,2.314666986465454,2.166666984558105,2.281332969665528,24819000,2012,2,8,Wednesday,2.2657,2.299999952316284,-0.81,0.0,-5.8,-0.81,5.8,5,11.155,2.277,2.254,2.231,2.208,2.185,2.162,2.139,2.116,2.093,2.07,2.047,2.024,2.001,1.978,1.955,1.932,1.909,1.886,1.863,1.84,1.817,1.794,1.771,1.748,1.725,True,True,True,True,True,False,False,False,False,False,False,False,False,False,False,False,False,False,False,False,False,False,False,False,False
TSLA,2012-02-23,2.2660000324249268,2.3313329219818115,2.237333059310913,2.302000045776367,12306000,2012,2,8,Thursday,2.2842,2.281332969665528,0.91,-0.67,-1.93,0.91,1.93,1,2.2585,2.2585,2.2357,2.2129,2.1901,2.1673,2.1445,2.1216,2.0988,2.076,2.0532,2.0304,2.0076,1.9848,1.9619,1.9391,1.9163,1.8935,1.8707,1.8479,1.8251,1.8023,1.7794,1.7566,1.7338,1.711,True,False,False,False,False,False,False,False,False,False,False,False,False,False,False,False,False,False,False,False,False,False,False,False,False
TSLA,2012-02-24,2.282000064849853,2.301332950592041,2.2179999351501465,2.25,14398500,2012,2,8,Friday,2.2628,2.302000045776367,-2.26,-0.87,-3.65,-2.26,3.65,3,6.7679,2.279,2.256,2.2329,2.2099,2.1869,2.1639,2.1409,2.1178,2.0948,2.0718,2.0488,2.0258,2.0027,1.9797,1.9567,1.9337,1.9107,1.8876,1.8646,1.8416,1.8186,1.7956,1.7725,1.7495,1.7265,True,True,True,False,False,False,False,False,False,False,False,False,False,False,False,False,False,False,False,False,False,False,False,False,False
TSLA,2012-02-27,2.227333068847656,2.266666889190674,2.200000047683716,2.2413330078125,9090000,2012,2,9,Monday,2.2338,2.25,-0.39,-1.01,-2.22,-0.39,2.22,2,4.4325,2.2275,2.205,2.1825,2.16,2.1375,2.115,2.0925,2.07,2.0475,2.025,2.0025,1.98,1.9575,1.935,1.9125,1.89,1.8675,1.845,1.8225,1.8,1.7775,1.755,1.7325,1.71,1.6875,True,True,False,False,False,False,False,False,False,False,False,False,False,False,False,False,False,False,False,False,False,False,False,False,False
TSLA,2012-02-28,2.242666959762573,2.2960000038146973,2.211333036422729,2.253999948501587,9183000,2012,2,9,Tuesday,2.251,2.2413330078125,0.57,0.06,-1.34,0.57,1.34,1,2.2189,2.2189,2.1965,2.1741,2.1517,2.1293,2.1069,2.0844,2.062,2.0396,2.0172,1.9948,1.9724,1.95,1.9275,1.9051,1.8827,1.8603,1.8379,1.8155,1.7931,1.7707,1.7482,1.7258,1.7034,1.681,True,False,False,False,False,False,False,False,False,False,False,False,False,False,False,False,False,False,False,False,False,False,False,False,False
TSLA,2012-02-29,2.253999948501587,2.2746670246124268,2.2093329429626465,2.227333068847656,8035500,2012,2,9,Wednesday,2.2413,2.253999948501587,-1.18,0.0,-1.98,-1.18,1.98,1,2.2315,2.2315,2.2089,2.1864,2.1638,2.1413,2.1188,2.0962,2.0737,2.0511,2.0286,2.0061,1.9835,1.961,1.9384,1.9159,1.8934,1.8708,1.8483,1.8257,1.8032,1.7807,1.7581,1.7356,1.713,1.6905,True,False,False,False,False,False,False,False,False,False,False,False,False,False,False,False,False,False,False,False,False,False,False,False,False
TSLA,2012-03-01,2.233999967575073,2.299999952316284,2.220666885375977,2.2939999103546143,10552500,2012,3,9,Thursday,2.2622,2.227333068847656,2.99,0.3,-0.3,2.99,0.3,0,0.0,2.2051,2.1828,2.1605,2.1382,2.116,2.0937,2.0714,2.0491,2.0269,2.0046,1.9823,1.9601,1.9378,1.9155,1.8932,1.871,1.8487,1.8264,1.8041,1.7819,1.7596,1.7373,1.715,1.6928,1.6705,False,False,False,False,False,False,False,False,False,False,False,False,False,False,False,False,False,False,False,False,False,False,False,False,False
TSLA,2012-03-02,2.293333053588867,2.299999952316284,2.24733304977417,2.2693328857421875,8250000,2012,3,9,Friday,2.2775,2.2939999103546143,-1.08,-0.03,-2.03,-1.08,2.03,2,4.5192,2.2711,2.2481,2.2252,2.2022,2.1793,2.1564,2.1334,2.1105,2.0875,2.0646,2.0417,2.0187,1.9958,1.9728,1.9499,1.927,1.904,1.8811,1.8581,1.8352,1.8123,1.7893,1.7664,1.7434,1.7205,True,True,False,False,False,False,False,False,False,False,False,False,False,False,False,False,False,False,False,False,False,False,False,False,False
TSLA,2012-03-05,2.289999961853028,2.293333053588867,2.2306671142578125,2.251332998275757,7005000,2012,3,10,Monday,2.2663,2.2693328857421875,-0.79,0.91,-1.7,-0.79,1.7,1,2.2466,2.2466,2.2239,2.2013,2.1786,2.1559,2.1332,2.1105,2.0878,2.0651,2.0424,2.0197,1.997,1.9743,1.9516,1.9289,1.9062,1.8835,1.8609,1.8382,1.8155,1.7928,1.7701,1.7474,1.7247,1.702,True,False,False,False,False,False,False,False,False,False,False,False,False,False,False,False,False,False,False,False,False,False,False,False,False
TSLA,2012-03-06,2.2166669368743896,2.2186670303344727,2.17466688156128,2.2073330879211426,8607000,2012,3,10,Tuesday,2.2043,2.251332998275757,-1.95,-1.54,-3.41,-1.95,3.41,3,6.6189,2.2288,2.2063,2.1838,2.1613,2.1388,2.1163,2.0937,2.0712,2.0487,2.0262,2.0037,1.9812,1.9587,1.9361,1.9136,1.8911,1.8686,1.8461,1.8236,1.8011,1.7786,1.756,1.7335,1.711,1.6885,True,True,True,False,False,False,False,False,False,False,False,False,False,False,False,False,False,False,False,False,False,False,False,False,False
TSLA,2012-03-07,2.2079999446868896,2.220666885375977,2.194000005722046,2.2079999446868896,5473500,2012,3,10,Wednesday,2.2077,2.2073330879211426,0.03,0.03,-0.6,0.03,0.6,0,0.0,2.1853,2.1632,2.1411,2.119,2.097,2.0749,2.0528,2.0307,2.0087,1.9866,1.9645,1.9425,1.9204,1.8983,1.8762,1.8542,1.8321,1.81,1.7879,1.7659,1.7438,1.7217,1.6996,1.6776,1.6555,False,False,False,False,False,False,False,False,False,False,False,False,False,False,False,False,False,False,False,False,False,False,False,False,False
TSLA,2012-03-08,2.2073330879211426,2.2326669692993164,2.202666997909546,2.204667091369629,9499500,2012,3,10,Thursday,2.2118,2.2079999446868896,-0.15,-0.03,-0.24,-0.15,0.24,0,0.0,2.1859,2.1638,2.1418,2.1197,2.0976,2.0755,2.0534,2.0314,2.0093,1.9872,1.9651,1.943,1.921,1.8989,1.8768,1.8547,1.8326,1.8106,1.7885,1.7664,1.7443,1.7222,1.7002,1.6781,1.656,False,False,False,False,False,False,False,False,False,False,False,False,False,False,False,False,False,False,False,False,False,False,False,False,False
TSLA,2012-03-09,2.2133328914642334,2.3540000915527344,2.2133328914642334,2.315999984741211,23301000,2012,3,10,Friday,2.2742,2.204667091369629,5.05,0.39,0.39,5.05,-0.39,0,0.0,2.1826,2.1606,2.1385,2.1165,2.0944,2.0724,2.0503,2.0283,2.0062,1.9842,1.9622,1.9401,1.9181,1.896,1.874,1.8519,1.8299,1.8078,1.7858,1.7637,1.7417,1.7196,1.6976,1.6755,1.6535,False,False,False,False,False,False,False,False,False,False,False,False,False,False,False,False,False,False,False,False,False,False,False,False,False
TSLA,2012-03-12,2.312666893005371,2.419332981109619,2.3066670894622803,2.4006669521331787,29449500,2012,3,11,Monday,2.3598,2.315999984741211,3.66,-0.14,-0.4,3.66,0.4,0,0.0,2.2928,2.2697,2.2465,2.2234,2.2002,2.177,2.1539,2.1307,2.1076,2.0844,2.0612,2.0381,2.0149,1.9918,1.9686,1.9454,1.9223,1.8991,1.876,1.8528,1.8296,1.8065,1.7833,1.7602,1.737,False,False,False,False,False,False,False,False,False,False,False,False,False,False,False,False,False,False,False,False,False,False,False,False,False
TSLA,2012-03-13,2.434000015258789,2.439332962036133,2.3666670322418213,2.4059998989105225,15024000,2012,3,11,Tuesday,2.4115,2.4006669521331787,0.22,1.39,-1.42,0.22,1.42,1,2.3767,2.3767,2.3527,2.3286,2.3046,2.2806,2.2566,2.2326,2.2086,2.1846,2.1606,2.1366,2.1126,2.0886,2.0646,2.0406,2.0166,1.9926,1.9685,1.9445,1.9205,1.8965,1.8725,1.8485,1.8245,1.8005,True,False,False,False,False,False,False,False,False,False,False,False,False,False,False,False,False,False,False,False,False,False,False,False,False
TSLA,2012-03-14,2.400000095367432,2.400000095367432,2.319999933242798,2.352667093276977,12772500,2012,3,11,Wednesday,2.3682,2.4059998989105225,-2.22,-0.25,-3.57,-2.22,3.57,3,7.0736,2.3819,2.3579,2.3338,2.3098,2.2857,2.2616,2.2376,2.2135,2.1895,2.1654,2.1413,2.1173,2.0932,2.0692,2.0451,2.021,1.997,1.9729,1.9489,1.9248,1.9007,1.8767,1.8526,1.8286,1.8045,True,True,True,False,False,False,False,False,False,False,False,False,False,False,False,False,False,False,False,False,False,False,False,False,False
TSLA,2012-03-15,2.351999998092652,2.365333080291748,2.318666934967041,2.3333330154418945,8574000,2012,3,11,Thursday,2.3423,2.352667093276977,-0.82,-0.03,-1.45,-0.82,1.45,1,2.3291,2.3291,2.3056,2.2821,2.2586,2.235,2.2115,2.188,2.1645,2.1409,2.1174,2.0939,2.0703,2.0468,2.0233,1.9998,1.9762,1.9527,1.9292,1.9057,1.8821,1.8586,1.8351,1.8116,1.788,1.7645,True,False,False,False,False,False,False,False,False,False,False,False,False,False,False,False,False,False,False,False,False,False,False,False,False
TSLA,2012-03-16,2.326667070388794,2.392667055130005,2.322000026702881,2.354666948318481,10939500,2012,3,11,Friday,2.349,2.3333330154418945,0.91,-0.29,-0.49,0.91,0.49,0,0.0,2.31,2.2867,2.2633,2.24,2.2167,2.1933,2.17,2.1467,2.1233,2.1,2.0767,2.0533,2.03,2.0067,1.9833,1.96,1.9367,1.9133,1.89,1.8667,1.8433,1.82,1.7967,1.7733,1.75,False,False,False,False,False,False,False,False,False,False,False,False,False,False,False,False,False,False,False,False,False,False,False,False,False
TSLA,2012-03-19,2.3506669998168945,2.354666948318481,2.3026669025421143,2.3320000171661377,15234000,2012,3,12,Monday,2.335,2.354666948318481,-0.96,-0.17,-2.21,-0.96,2.21,2,4.6387,2.3311,2.3076,2.284,2.2605,2.2369,2.2134,2.1898,2.1663,2.1427,2.1192,2.0957,2.0721,2.0486,2.025,2.0015,1.9779,1.9544,1.9308,1.9073,1.8837,1.8602,1.8366,1.8131,1.7895,1.766,True,True,False,False,False,False,False,False,False,False,False,False,False,False,False,False,False,False,False,False,False,False,False,False,False
TSLA,2012-03-20,2.3320000171661377,2.346667051315308,2.3046669960021973,2.330667018890381,8505000,2012,3,12,Tuesday,2.3285,2.3320000171661377,-0.06,0.0,-1.17,-0.06,1.17,1,2.3087,2.3087,2.2854,2.262,2.2387,2.2154,2.1921,2.1688,2.1454,2.1221,2.0988,2.0755,2.0522,2.0288,2.0055,1.9822,1.9589,1.9356,1.9122,1.8889,1.8656,1.8423,1.819,1.7956,1.7723,1.749,True,False,False,False,False,False,False,False,False,False,False,False,False,False,False,False,False,False,False,False,False,False,False,False,False
TSLA,2012-03-21,2.329333066940308,2.353332996368408,2.3066670894622803,2.343333005905152,9108000,2012,3,12,Wednesday,2.3332,2.330667018890381,0.54,-0.06,-1.03,0.54,1.03,1,2.3074,2.3074,2.2841,2.2607,2.2374,2.2141,2.1908,2.1675,2.1442,2.1209,2.0976,2.0743,2.051,2.0277,2.0044,1.9811,1.9578,1.9345,1.9111,1.8878,1.8645,1.8412,1.8179,1.7946,1.7713,1.748,True,False,False,False,False,False,False,False,False,False,False,False,False,False,False,False,False,False,False,False,False,False,False,False,False
TSLA,2012-03-22,2.3313329219818115,2.343333005905152,2.2866671085357666,2.293333053588867,7836000,2012,3,12,Thursday,2.3137,2.343333005905152,-2.13,-0.51,-2.42,-2.13,2.42,2,4.6164,2.3199,2.2965,2.273,2.2496,2.2262,2.2027,2.1793,2.1559,2.1324,2.109,2.0856,2.0621,2.0387,2.0153,1.9918,1.9684,1.945,1.9215,1.8981,1.8747,1.8512,1.8278,1.8044,1.7809,1.7575,True,True,False,False,False,False,False,False,False,False,False,False,False,False,False,False,False,False,False,False,False,False,False,False,False
TSLA,2012-03-23,2.2839999198913574,2.308666944503784,2.2100000381469727,2.2720000743865967,17559000,2012,3,12,Friday,2.2687,2.293333053588867,-0.93,-0.41,-3.63,-0.93,3.63,3,6.7424,2.2704,2.2475,2.2245,2.2016,2.1787,2.1557,2.1328,2.1099,2.0869,2.064,2.0411,2.0181,1.9952,1.9723,1.9493,1.9264,1.9035,1.8805,1.8576,1.8347,1.8117,1.7888,1.7659,1.7429,1.72,True,True,True,False,False,False,False,False,False,False,False,False,False,False,False,False,False,False,False,False,False,False,False,False,False
TSLA,2012-03-26,2.372667074203491,2.5393331050872803,2.3359999656677246,2.493333101272583,47107500,2012,3,13,Monday,2.4353,2.2720000743865967,9.74,4.43,2.82,9.74,-2.82,0,0.0,2.2493,2.2266,2.2038,2.1811,2.1584,2.1357,2.113,2.0902,2.0675,2.0448,2.0221,1.9994,1.9766,1.9539,1.9312,1.9085,1.8858,1.863,1.8403,1.8176,1.7949,1.7722,1.7494,1.7267,1.704,False,False,False,False,False,False,False,False,False,False,False,False,False,False,False,False,False,False,False,False,False,False,False,False,False
TSLA,2012-03-27,2.477333068847656,2.663332939147949,2.4686670303344727,2.5293331146240234,38088000,2012,3,13,Tuesday,2.5347,2.493333101272583,1.44,-0.64,-0.99,1.44,0.99,0,0.0,2.4684,2.4435,2.4185,2.3936,2.3687,2.3437,2.3188,2.2939,2.2689,2.244,2.2191,2.1941,2.1692,2.1443,2.1193,2.0944,2.0695,2.0445,2.0196,1.9947,1.9697,1.9448,1.9199,1.8949,1.87,False,False,False,False,False,False,False,False,False,False,False,False,False,False,False,False,False,False,False,False,False,False,False,False,False
TSLA,2012-03-28,2.518666982650757,2.562666893005371,2.4739999771118164,2.523333072662353,14325000,2012,3,13,Wednesday,2.5197,2.5293331146240234,-0.24,-0.42,-2.19,-0.24,2.19,2,4.9828,2.504,2.4787,2.4535,2.4282,2.4029,2.3776,2.3523,2.327,2.3017,2.2764,2.2511,2.2258,2.2005,2.1752,2.1499,2.1246,2.0993,2.0741,2.0488,2.0235,1.9982,1.9729,1.9476,1.9223,1.897,True,True,False,False,False,False,False,False,False,False,False,False,False,False,False,False,False,False,False,False,False,False,False,False,False
TSLA,2012-03-29,2.5460000038146973,2.5460000038146973,2.4686670303344727,2.4886670112609863,11946000,2012,3,13,Thursday,2.5123,2.523333072662353,-1.37,0.9,-2.17,-1.37,2.17,2,4.971,2.4981,2.4729,2.4476,2.4224,2.3972,2.3719,2.3467,2.3215,2.2962,2.271,2.2458,2.2205,2.1953,2.1701,2.1448,2.1196,2.0944,2.0691,2.0439,2.0187,1.9934,1.9682,1.943,1.9177,1.8925,True,True,False,False,False,False,False,False,False,False,False,False,False,False,False,False,False,False,False,False,False,False,False,False,False
TSLA,2012-03-30,2.501332998275757,2.5293331146240234,2.4453330039978027,2.4826669692993164,13296000,2012,3,13,Friday,2.4897,2.4886670112609863,-0.24,0.51,-1.74,-0.24,1.74,1,2.4638,2.4638,2.4389,2.414,2.3891,2.3642,2.3393,2.3145,2.2896,2.2647,2.2398,2.2149,2.19,2.1651,2.1403,2.1154,2.0905,2.0656,2.0407,2.0158,1.9909,1.966,1.9412,1.9163,1.8914,1.8665,True,False,False,False,False,False,False,False,False,False,False,False,False,False,False,False,False,False,False,False,False,False,False,False,False
TSLA,2012-04-02,2.4886670112609863,2.531332969665528,2.435333013534546,2.438667058944702,15429000,2012,4,14,Monday,2.4735,2.4826669692993164,-1.77,0.24,-1.91,-1.77,1.91,1,2.4578,2.4578,2.433,2.4082,2.3834,2.3585,2.3337,2.3089,2.2841,2.2592,2.2344,2.2096,2.1847,2.1599,2.1351,2.1103,2.0854,2.0606,2.0358,2.011,1.9861,1.9613,1.9365,1.9117,1.8868,1.862,True,False,False,False,False,False,False,False,False,False,False,False,False,False,False,False,False,False,False,False,False,False,False,False,False
TSLA,2012-04-03,2.446666955947876,2.564666986465454,2.444667100906372,2.5339999198913574,16471500,2012,4,14,Tuesday,2.4975,2.438667058944702,3.91,0.33,0.25,3.91,-0.25,0,0.0,2.4143,2.3899,2.3655,2.3411,2.3167,2.2923,2.268,2.2436,2.2192,2.1948,2.1704,2.146,2.1216,2.0973,2.0729,2.0485,2.0241,1.9997,1.9753,1.9509,1.9265,1.9022,1.8778,1.8534,1.829,False,False,False,False,False,False,False,False,False,False,False,False,False,False,False,False,False,False,False,False,False,False,False,False,False
TSLA,2012-04-04,2.351332902908325,2.365999937057495,2.312666893005371,2.3333330154418945,67227000,2012,4,14,Wednesday,2.3408,2.5339999198913574,-7.92,-7.21,-8.73,-7.92,8.73,8,19.3598,2.5087,2.4833,2.458,2.4326,2.4073,2.382,2.3566,2.3313,2.3059,2.2806,2.2553,2.2299,2.2046,2.1792,2.1539,2.1286,2.1032,2.0779,2.0525,2.0272,2.0019,1.9765,1.9512,1.9258,1.9005,True,True,True,True,True,True,True,True,False,False,False,False,False,False,False,False,False,False,False,False,False,False,False,False,False
TSLA,2012-04-05,2.3399999141693115,2.3626670837402344,2.2939999103546143,2.298666954040528,22641000,2012,4,14,Thursday,2.3238,2.3333330154418945,-1.49,0.29,-1.69,-1.49,1.69,1,2.31,2.31,2.2867,2.2633,2.24,2.2167,2.1933,2.17,2.1467,2.1233,2.1,2.0767,2.0533,2.03,2.0067,1.9833,1.96,1.9367,1.9133,1.89,1.8667,1.8433,1.82,1.7967,1.7733,1.75,True,False,False,False,False,False,False,False,False,False,False,False,False,False,False,False,False,False,False,False,False,False,False,False,False
TSLA,2012-04-09,2.273333072662353,2.2860000133514404,2.206666946411133,2.2100000381469727,24835500,2012,4,15,Monday,2.244,2.298666954040528,-3.86,-1.1,-4.0,-3.86,4.0,4,8.9648,2.2757,2.2527,2.2297,2.2067,2.1837,2.1607,2.1378,2.1148,2.0918,2.0688,2.0458,2.0228,1.9998,1.9769,1.9539,1.9309,1.9079,1.8849,1.8619,1.8389,1.8159,1.793,1.77,1.747,1.724,True,True,True,True,False,False,False,False,False,False,False,False,False,False,False,False,False,False,False,False,False,False,False,False,False
TSLA,2012-04-10,2.2100000381469727,2.256666898727417,2.140000104904175,2.1640000343322754,27715500,2012,4,15,Tuesday,2.1927,2.2100000381469727,-2.08,0.0,-3.17,-2.08,3.17,3,6.4974,2.1879,2.1658,2.1437,2.1216,2.0995,2.0774,2.0553,2.0332,2.0111,1.989,1.9669,1.9448,1.9227,1.9006,1.8785,1.8564,1.8343,1.8122,1.7901,1.768,1.7459,1.7238,1.7017,1.6796,1.6575,True,True,True,False,False,False,False,False,False,False,False,False,False,False,False,False,False,False,False,False,False,False,False,False,False
TSLA,2012-04-11,2.2160000801086426,2.219332933425904,2.134000062942505,2.2060000896453857,16582500,2012,4,15,Wednesday,2.1938,2.1640000343322754,1.94,2.4,-1.39,1.94,1.39,1,2.1424,2.1424,2.1207,2.0991,2.0774,2.0558,2.0342,2.0125,1.9909,1.9692,1.9476,1.926,1.9043,1.8827,1.861,1.8394,1.8178,1.7961,1.7745,1.7528,1.7312,1.7096,1.6879,1.6663,1.6446,1.623,True,False,False,False,False,False,False,False,False,False,False,False,False,False,False,False,False,False,False,False,False,False,False,False,False
TSLA,2012-04-12,2.251332998275757,2.298666954040528,2.194667100906372,2.22933292388916,15508500,2012,4,15,Thursday,2.2435,2.2060000896453857,1.06,2.05,-0.51,1.06,0.51,0,0.0,2.1839,2.1619,2.1398,2.1178,2.0957,2.0736,2.0516,2.0295,2.0075,1.9854,1.9633,1.9413,1.9192,1.8972,1.8751,1.853,1.831,1.8089,1.7869,1.7648,1.7427,1.7207,1.6986,1.6766,1.6545,False,False,False,False,False,False,False,False,False,False,False,False,False,False,False,False,False,False,False,False,False,False,False,False,False
TSLA,2012-04-13,2.262666940689087,2.2693328857421875,2.190000057220459,2.239332914352417,9744000,2012,4,15,Friday,2.2403,2.22933292388916,0.45,1.5,-1.76,0.45,1.76,1,2.207,2.207,2.1847,2.1625,2.1402,2.1179,2.0956,2.0733,2.051,2.0287,2.0064,1.9841,1.9618,1.9395,1.9172,1.8949,1.8726,1.8503,1.8281,1.8058,1.7835,1.7612,1.7389,1.7166,1.6943,1.672,True,False,False,False,False,False,False,False,False,False,False,False,False,False,False,False,False,False,False,False,False,False,False,False,False
TSLA,2012-04-16,2.227333068847656,2.24666690826416,2.1393330097198486,2.150000095367432,16494000,2012,4,16,Monday,2.1908,2.239332914352417,-3.99,-0.54,-4.47,-3.99,4.47,4,8.7334,2.2169,2.1945,2.1722,2.1498,2.1274,2.105,2.0826,2.0602,2.0378,2.0154,1.993,1.9706,1.9482,1.9258,1.9034,1.881,1.8586,1.8363,1.8139,1.7915,1.7691,1.7467,1.7243,1.7019,1.6795,True,True,True,True,False,False,False,False,False,False,False,False,False,False,False,False,False,False,False,False,False,False,False,False,False
TSLA,2012-04-17,2.1619999408721924,2.204667091369629,2.135999917984009,2.149333000183105,16732500,2012,4,16,Tuesday,2.163,2.150000095367432,-0.03,0.56,-0.65,-0.03,0.65,0,0.0,2.1285,2.107,2.0855,2.064,2.0425,2.021,1.9995,1.978,1.9565,1.935,1.9135,1.892,1.8705,1.849,1.8275,1.806,1.7845,1.763,1.7415,1.72,1.6985,1.677,1.6555,1.634,1.6125,False,False,False,False,False,False,False,False,False,False,False,False,False,False,False,False,False,False,False,False,False,False,False,False,False
TSLA,2012-04-18,2.1393330097198486,2.183332920074463,2.101999998092652,2.177333116531372,12346500,2012,4,16,Wednesday,2.1505,2.149333000183105,1.3,-0.47,-2.2,1.3,2.2,2,4.2342,2.1278,2.1063,2.0849,2.0634,2.0419,2.0204,1.9989,1.9774,1.9559,1.9344,1.9129,1.8914,1.8699,1.8484,1.8269,1.8054,1.7839,1.7625,1.741,1.7195,1.698,1.6765,1.655,1.6335,1.612,True,True,False,False,False,False,False,False,False,False,False,False,False,False,False,False,False,False,False,False,False,False,False,False,False
TSLA,2012-04-19,2.183332920074463,2.228667020797729,2.166666984558105,2.21066689491272,11623500,2012,4,16,Thursday,2.1973,2.177333116531372,1.53,0.28,-0.49,1.53,0.49,0,0.0,2.1556,2.1338,2.112,2.0902,2.0685,2.0467,2.0249,2.0031,1.9814,1.9596,1.9378,1.9161,1.8943,1.8725,1.8507,1.829,1.8072,1.7854,1.7636,1.7419,1.7201,1.6983,1.6765,1.6548,1.633,False,False,False,False,False,False,False,False,False,False,False,False,False,False,False,False,False,False,False,False,False,False,False,False,False
TSLA,2012-04-20,2.2093329429626465,2.248667001724243,2.196000099182129,2.21066689491272,12327000,2012,4,16,Friday,2.2162,2.21066689491272,0.0,-0.06,-0.66,0.0,0.66,0,0.0,2.1886,2.1665,2.1443,2.1222,2.1001,2.078,2.0559,2.0338,2.0117,1.9896,1.9675,1.9454,1.9233,1.9012,1.8791,1.857,1.8349,1.8127,1.7906,1.7685,1.7464,1.7243,1.7022,1.6801,1.658,False,False,False,False,False,False,False,False,False,False,False,False,False,False,False,False,False,False,False,False,False,False,False,False,False
TSLA,2012-04-23,2.190666913986206,2.197999954223633,2.114000082015991,2.129333019256592,13362000,2012,4,17,Monday,2.158,2.21066689491272,-3.68,-0.9,-4.37,-3.68,4.37,4,8.6216,2.1886,2.1665,2.1443,2.1222,2.1001,2.078,2.0559,2.0338,2.0117,1.9896,1.9675,1.9454,1.9233,1.9012,1.8791,1.857,1.8349,1.8127,1.7906,1.7685,1.7464,1.7243,1.7022,1.6801,1.658,True,True,True,True,False,False,False,False,False,False,False,False,False,False,False,False,False,False,False,False,False,False,False,False,False
TSLA,2012-04-24,2.121332883834839,2.146667003631592,2.066667079925537,2.121332883834839,10117500,2012,4,17,Tuesday,2.114,2.129333019256592,-0.38,-0.38,-2.94,-0.38,2.94,2,4.1948,2.108,2.0867,2.0655,2.0442,2.0229,2.0016,1.9803,1.959,1.9377,1.9164,1.8951,1.8738,1.8525,1.8312,1.8099,1.7886,1.7673,1.7461,1.7248,1.7035,1.6822,1.6609,1.6396,1.6183,1.597,True,True,False,False,False,False,False,False,False,False,False,False,False,False,False,False,False,False,False,False,False,False,False,False,False
TSLA,2012-04-25,2.138000011444092,2.1993329524993896,2.138000011444092,2.194000005722046,10683000,2012,4,17,Wednesday,2.1673,2.121332883834839,3.43,0.79,0.79,3.43,-0.79,0,0.0,2.1001,2.0789,2.0577,2.0365,2.0153,1.9941,1.9728,1.9516,1.9304,1.9092,1.888,1.8668,1.8456,1.8243,1.8031,1.7819,1.7607,1.7395,1.7183,1.6971,1.6759,1.6546,1.6334,1.6122,1.591,False,False,False,False,False,False,False,False,False,False,False,False,False,False,False,False,False,False,False,False,False,False,False,False,False
TSLA,2012-04-26,2.1973330974578857,2.2346670627593994,2.194000005722046,2.2326669692993164,6379500,2012,4,17,Thursday,2.2147,2.194000005722046,1.76,0.15,0.0,1.76,0.0,0,0.0,2.1721,2.1501,2.1282,2.1062,2.0843,2.0624,2.0404,2.0185,1.9965,1.9746,1.9527,1.9307,1.9088,1.8868,1.8649,1.843,1.821,1.7991,1.7771,1.7552,1.7333,1.7113,1.6894,1.6674,1.6455,False,False,False,False,False,False,False,False,False,False,False,False,False,False,False,False,False,False,False,False,False,False,False,False,False
TSLA,2012-04-27,2.240000009536743,2.242000102996826,2.194000005722046,2.22266697883606,8865000,2012,4,17,Friday,2.2247,2.2326669692993164,-0.45,0.33,-1.73,-0.45,1.73,1,2.2103,2.2103,2.188,2.1657,2.1434,2.121,2.0987,2.0764,2.0541,2.0317,2.0094,1.9871,1.9647,1.9424,1.9201,1.8978,1.8754,1.8531,1.8308,1.8085,1.7861,1.7638,1.7415,1.7192,1.6968,1.6745,True,False,False,False,False,False,False,False,False,False,False,False,False,False,False,False,False,False,False,False,False,False,False,False,False
TSLA,2012-04-30,2.2179999351501465,2.2239999771118164,2.171999931335449,2.208667039871216,6208500,2012,4,18,Monday,2.2057,2.22266697883606,-0.63,-0.21,-2.28,-0.63,2.28,2,4.3787,2.2004,2.1782,2.156,2.1338,2.1115,2.0893,2.0671,2.0449,2.0226,2.0004,1.9782,1.9559,1.9337,1.9115,1.8893,1.867,1.8448,1.8226,1.8004,1.7781,1.7559,1.7337,1.7115,1.6892,1.667,True,True,False,False,False,False,False,False,False,False,False,False,False,False,False,False,False,False,False,False,False,False,False,False,False
TSLA,2012-05-01,2.208667039871216,2.2806670665740967,2.208667039871216,2.252000093460083,9885000,2012,5,18,Tuesday,2.2375,2.208667039871216,1.96,0.0,0.0,1.96,0.0,0,0.0,2.1866,2.1645,2.1424,2.1203,2.0982,2.0761,2.0541,2.032,2.0099,1.9878,1.9657,1.9436,1.9215,1.8995,1.8774,1.8553,1.8332,1.8111,1.789,1.7669,1.7448,1.7228,1.7007,1.6786,1.6565,False,False,False,False,False,False,False,False,False,False,False,False,False,False,False,False,False,False,False,False,False,False,False,False,False
TSLA,2012-05-02,2.233333110809326,2.2926669120788574,2.2260000705718994,2.262666940689087,7459500,2012,5,18,Wednesday,2.2537,2.252000093460083,0.47,-0.83,-1.15,0.47,1.15,1,2.2295,2.2295,2.207,2.1844,2.1619,2.1394,2.1169,2.0944,2.0718,2.0493,2.0268,2.0043,1.9818,1.9592,1.9367,1.9142,1.8917,1.8692,1.8466,1.8241,1.8016,1.7791,1.7566,1.734,1.7115,1.689,True,False,False,False,False,False,False,False,False,False,False,False,False,False,False,False,False,False,False,False,False,False,False,False,False
TSLA,2012-05-03,2.260667085647583,2.266666889190674,2.1419999599456787,2.1640000343322754,12619500,2012,5,18,Thursday,2.2083,2.262666940689087,-4.36,-0.09,-5.33,-4.36,5.33,5,10.9739,2.24,2.2174,2.1948,2.1722,2.1495,2.1269,2.1043,2.0817,2.059,2.0364,2.0138,1.9911,1.9685,1.9459,1.9233,1.9006,1.878,1.8554,1.8328,1.8101,1.7875,1.7649,1.7423,1.7196,1.697,True,True,True,True,True,False,False,False,False,False,False,False,False,False,False,False,False,False,False,False,False,False,False,False,False
TSLA,2012-05-04,2.1546669006347656,2.1640000343322754,2.093333005905152,2.121999979019165,18712500,2012,5,18,Friday,2.1335,2.1640000343322754,-1.94,-0.43,-3.27,-1.94,3.27,3,6.3622,2.1424,2.1207,2.0991,2.0774,2.0558,2.0342,2.0125,1.9909,1.9692,1.9476,1.926,1.9043,1.8827,1.861,1.8394,1.8178,1.7961,1.7745,1.7528,1.7312,1.7096,1.6879,1.6663,1.6446,1.623,True,True,True,False,False,False,False,False,False,False,False,False,False,False,False,False,False,False,False,False,False,False,False,False,False
TSLA,2012-05-07,2.130666971206665,2.171999931335449,2.107332944869995,2.1646668910980225,17370000,2012,5,19,Monday,2.1437,2.121999979019165,2.01,0.41,-0.69,2.01,0.69,0,0.0,2.1008,2.0796,2.0583,2.0371,2.0159,1.9947,1.9735,1.9522,1.931,1.9098,1.8886,1.8674,1.8461,1.8249,1.8037,1.7825,1.7613,1.74,1.7188,1.6976,1.6764,1.6552,1.6339,1.6127,1.5915,False,False,False,False,False,False,False,False,False,False,False,False,False,False,False,False,False,False,False,False,False,False,False,False,False
TSLA,2012-05-08,2.166666984558105,2.181999921798706,1.9579999446868896,2.012666940689087,46458000,2012,5,19,Tuesday,2.0798,2.1646668910980225,-7.02,0.09,-9.55,-7.02,9.55,9,18.5079,2.143,2.1214,2.0997,2.0781,2.0564,2.0348,2.0131,1.9915,1.9698,1.9482,1.9266,1.9049,1.8833,1.8616,1.84,1.8183,1.7967,1.775,1.7534,1.7317,1.7101,1.6884,1.6668,1.6451,1.6235,True,True,True,True,True,True,True,True,True,False,False,False,False,False,False,False,False,False,False,False,False,False,False,False,False
TSLA,2012-05-09,2.0199999809265137,2.051332950592041,1.9839999675750728,2.003999948501587,29218500,2012,5,19,Wednesday,2.0148,2.012666940689087,-0.43,0.36,-1.42,-0.43,1.42,1,1.9925,1.9925,1.9724,1.9523,1.9322,1.912,1.8919,1.8718,1.8517,1.8315,1.8114,1.7913,1.7711,1.751,1.7309,1.7108,1.6906,1.6705,1.6504,1.6303,1.6101,1.59,1.5699,1.5498,1.5296,1.5095,True,False,False,False,False,False,False,False,False,False,False,False,False,False,False,False,False,False,False,False,False,False,False,False,False
TSLA,2012-05-10,2.197999954223633,2.312000036239624,2.1600000858306885,2.1973330974578857,83344500,2012,5,19,Thursday,2.2168,2.003999948501587,9.65,9.68,7.78,9.65,-7.78,0,0.0,1.984,1.9639,1.9439,1.9238,1.9038,1.8838,1.8637,1.8437,1.8236,1.8036,1.7836,1.7635,1.7435,1.7234,1.7034,1.6834,1.6633,1.6433,1.6232,1.6032,1.5832,1.5631,1.5431,1.523,1.503,False,False,False,False,False,False,False,False,False,False,False,False,False,False,False,False,False,False,False,False,False,False,False,False,False
TSLA,2012-05-11,2.16599988937378,2.22933292388916,2.1440000534057617,2.150000095367432,18319500,2012,5,19,Friday,2.1723,2.1973330974578857,-2.15,-1.43,-2.43,-2.15,2.43,2,4.3287,2.1754,2.1534,2.1314,2.1094,2.0875,2.0655,2.0435,2.0215,1.9996,1.9776,1.9556,1.9337,1.9117,1.8897,1.8677,1.8458,1.8238,1.8018,1.7798,1.7579,1.7359,1.7139,1.6919,1.67,1.648,True,True,False,False,False,False,False,False,False,False,False,False,False,False,False,False,False,False,False,False,False,False,False,False,False
TSLA,2012-05-14,2.128000020980835,2.1419999599456787,2.00333309173584,2.003999948501587,20713500,2012,5,20,Monday,2.0693,2.150000095367432,-6.79,-1.02,-6.82,-6.79,6.82,6,12.4485,2.1285,2.107,2.0855,2.064,2.0425,2.021,1.9995,1.978,1.9565,1.935,1.9135,1.892,1.8705,1.849,1.8275,1.806,1.7845,1.763,1.7415,1.72,1.6985,1.677,1.6555,1.634,1.6125,True,True,True,True,True,True,False,False,False,False,False,False,False,False,False,False,False,False,False,False,False,False,False,False,False
TSLA,2012-05-15,2.017333030700684,2.063999891281128,1.9479999542236328,1.962000012397766,23785500,2012,5,20,Tuesday,1.9978,2.003999948501587,-2.1,0.67,-2.79,-2.1,2.79,2,3.9479,1.984,1.9639,1.9439,1.9238,1.9038,1.8838,1.8637,1.8437,1.8236,1.8036,1.7836,1.7635,1.7435,1.7234,1.7034,1.6834,1.6633,1.6433,1.6232,1.6032,1.5832,1.5631,1.5431,1.523,1.503,True,True,False,False,False,False,False,False,False,False,False,False,False,False,False,False,False,False,False,False,False,False,False,False,False
TSLA,2012-05-16,1.972000002861023,2.01200008392334,1.925333023071289,1.9453330039978027,18856500,2012,5,20,Wednesday,1.9637,1.962000012397766,-0.85,0.51,-1.87,-0.85,1.87,1,1.9424,1.9424,1.9228,1.9031,1.8835,1.8639,1.8443,1.8247,1.805,1.7854,1.7658,1.7462,1.7266,1.7069,1.6873,1.6677,1.6481,1.6285,1.6088,1.5892,1.5696,1.55,1.5304,1.5107,1.4911,1.4715,True,False,False,False,False,False,False,False,False,False,False,False,False,False,False,False,False,False,False,False,False,False,False,False,False
TSLA,2012-05-17,1.953333020210266,1.9859999418258667,1.8826669454574585,1.9046670198440552,17235000,2012,5,20,Thursday,1.9317,1.9453330039978027,-2.09,0.41,-3.22,-2.09,3.22,3,5.7193,1.9259,1.9064,1.887,1.8675,1.8481,1.8286,1.8092,1.7897,1.7703,1.7508,1.7313,1.7119,1.6924,1.673,1.6535,1.6341,1.6146,1.5952,1.5757,1.5563,1.5368,1.5174,1.4979,1.4785,1.459,True,True,True,False,False,False,False,False,False,False,False,False,False,False,False,False,False,False,False,False,False,False,False,False,False
TSLA,2012-05-18,1.891332983970642,1.897333025932312,1.7886669635772705,1.8373329639434808,24247500,2012,5,20,Friday,1.8537,1.9046670198440552,-3.54,-0.7,-6.09,-3.54,6.09,6,11.028,1.8856,1.8666,1.8475,1.8285,1.8094,1.7904,1.7713,1.7523,1.7332,1.7142,1.6952,1.6761,1.6571,1.638,1.619,1.5999,1.5809,1.5618,1.5428,1.5237,1.5047,1.4856,1.4666,1.4475,1.4285,True,True,True,True,True,True,False,False,False,False,False,False,False,False,False,False,False,False,False,False,False,False,False,False,False
TSLA,2012-05-21,1.838667035102844,1.9506670236587524,1.807999968528748,1.9179999828338623,22128000,2012,5,21,Monday,1.8788,1.8373329639434808,4.39,0.07,-1.6,4.39,1.6,1,1.819,1.819,1.8006,1.7822,1.7638,1.7455,1.7271,1.7087,1.6903,1.672,1.6536,1.6352,1.6169,1.5985,1.5801,1.5617,1.5434,1.525,1.5066,1.4882,1.4699,1.4515,1.4331,1.4147,1.3964,1.378,True,False,False,False,False,False,False,False,False,False,False,False,False,False,False,False,False,False,False,False,False,False,False,False,False
TSLA,2012-05-22,2.006666898727417,2.0893330574035645,2.0,2.053333044052124,35493000,2012,5,21,Tuesday,2.0373,1.9179999828338623,7.06,4.62,4.28,7.06,-4.28,0,0.0,1.8988,1.8796,1.8605,1.8413,1.8221,1.8029,1.7837,1.7646,1.7454,1.7262,1.707,1.6878,1.6687,1.6495,1.6303,1.6111,1.5919,1.5728,1.5536,1.5344,1.5152,1.496,1.4769,1.4577,1.4385,False,False,False,False,False,False,False,False,False,False,False,False,False,False,False,False,False,False,False,False,False,False,False,False,False
TSLA,2012-05-23,2.0373330116271973,2.069999933242798,1.9666670560836792,2.068000078201294,18306000,2012,5,21,Wednesday,2.0355,2.053333044052124,0.71,-0.78,-4.22,0.71,4.22,4,8.008,2.0328,2.0123,1.9917,1.9712,1.9507,1.9301,1.9096,1.8891,1.8685,1.848,1.8275,1.8069,1.7864,1.7659,1.7453,1.7248,1.7043,1.6837,1.6632,1.6427,1.6221,1.6016,1.5811,1.5605,1.54,True,True,True,True,False,False,False,False,False,False,False,False,False,False,False,False,False,False,False,False,False,False,False,False,False
TSLA,2012-05-24,2.0833330154418945,2.0833330154418945,1.9793330430984497,2.018666982650757,16134000,2012,5,21,Thursday,2.0412,2.068000078201294,-2.39,0.74,-4.29,-2.39,4.29,4,8.0652,2.0473,2.0266,2.006,1.9853,1.9646,1.9439,1.9232,1.9026,1.8819,1.8612,1.8405,1.8198,1.7992,1.7785,1.7578,1.7371,1.7164,1.6958,1.6751,1.6544,1.6337,1.613,1.5924,1.5717,1.551,True,True,True,True,False,False,False,False,False,False,False,False,False,False,False,False,False,False,False,False,False,False,False,False,False
TSLA,2012-05-25,2.010667085647583,2.0273330211639404,1.946666955947876,1.987333059310913,11355000,2012,5,21,Friday,1.993,2.018666982650757,-1.55,-0.4,-3.57,-1.55,3.57,3,5.9349,1.9985,1.9783,1.9581,1.9379,1.9177,1.8975,1.8774,1.8572,1.837,1.8168,1.7966,1.7764,1.7562,1.7361,1.7159,1.6957,1.6755,1.6553,1.6351,1.6149,1.5947,1.5746,1.5544,1.5342,1.514,True,True,True,False,False,False,False,False,False,False,False,False,False,False,False,False,False,False,False,False,False,False,False,False,False
TSLA,2012-05-29,2.000667095184326,2.128667116165161,2.000667095184326,2.1126670837402344,24750000,2012,5,22,Tuesday,2.0607,1.987333059310913,6.31,0.67,0.67,6.31,-0.67,0,0.0,1.9675,1.9476,1.9277,1.9078,1.888,1.8681,1.8482,1.8283,1.8085,1.7886,1.7687,1.7489,1.729,1.7091,1.6892,1.6694,1.6495,1.6296,1.6097,1.5899,1.57,1.5501,1.5302,1.5104,1.4905,False,False,False,False,False,False,False,False,False,False,False,False,False,False,False,False,False,False,False,False,False,False,False,False,False
TSLA,2012-05-30,2.072000026702881,2.0946669578552246,2.0160000324249268,2.0273330211639404,19608000,2012,5,22,Wednesday,2.0525,2.1126670837402344,-4.04,-1.92,-4.58,-4.04,4.58,4,8.2394,2.0915,2.0704,2.0493,2.0282,2.007,1.9859,1.9648,1.9437,1.9225,1.9014,1.8803,1.8591,1.838,1.8169,1.7958,1.7746,1.7535,1.7324,1.7113,1.6901,1.669,1.6479,1.6268,1.6056,1.5845,True,True,True,True,False,False,False,False,False,False,False,False,False,False,False,False,False,False,False,False,False,False,False,False,False
TSLA,2012-05-31,2.004667043685913,2.0193328857421875,1.9166669845581048,1.9666670560836792,16780500,2012,5,22,Thursday,1.9768,2.0273330211639404,-2.99,-1.12,-5.46,-2.99,5.46,5,9.8326,2.0071,1.9868,1.9665,1.9462,1.926,1.9057,1.8854,1.8651,1.8449,1.8246,1.8043,1.7841,1.7638,1.7435,1.7232,1.703,1.6827,1.6624,1.6421,1.6219,1.6016,1.5813,1.561,1.5408,1.5205,True,True,True,True,True,False,False,False,False,False,False,False,False,False,False,False,False,False,False,False,False,False,False,False,False
TSLA,2012-06-01,1.9019999504089355,1.944000005722046,1.8506669998168943,1.876667022705078,13287000,2012,6,22,Friday,1.8933,1.9666670560836792,-4.58,-3.29,-5.9,-4.58,5.9,5,9.5383,1.947,1.9273,1.9077,1.888,1.8683,1.8487,1.829,1.8093,1.7897,1.77,1.7503,1.7307,1.711,1.6913,1.6717,1.652,1.6323,1.6127,1.593,1.5733,1.5537,1.534,1.5143,1.4947,1.475,True,True,True,True,True,False,False,False,False,False,False,False,False,False,False,False,False,False,False,False,False,False,False,False,False
TSLA,2012-06-04,1.8686670064926147,1.8940000534057613,1.807332992553711,1.858667016029358,15463500,2012,6,23,Monday,1.8572,1.876667022705078,-0.96,-0.43,-3.69,-0.96,3.69,3,5.5174,1.8579,1.8391,1.8204,1.8016,1.7828,1.7641,1.7453,1.7265,1.7078,1.689,1.6702,1.6515,1.6327,1.6139,1.5952,1.5764,1.5576,1.5389,1.5201,1.5013,1.4826,1.4638,1.445,1.4263,1.4075,True,True,True,False,False,False,False,False,False,False,False,False,False,False,False,False,False,False,False,False,False,False,False,False,False
TSLA,2012-06-05,1.8559999465942385,1.8926670551300049,1.8373329639434808,1.860666990280152,9463500,2012,6,23,Tuesday,1.8617,1.858667016029358,0.11,-0.14,-1.15,0.11,1.15,1,1.8401,1.8401,1.8215,1.8029,1.7843,1.7657,1.7471,1.7286,1.71,1.6914,1.6728,1.6542,1.6356,1.617,1.5985,1.5799,1.5613,1.5427,1.5241,1.5055,1.4869,1.4683,1.4498,1.4312,1.4126,1.394,True,False,False,False,False,False,False,False,False,False,False,False,False,False,False,False,False,False,False,False,False,False,False,False,False
TSLA,2012-06-06,1.8799999952316284,1.963333010673523,1.8760000467300413,1.9479999542236328,13648500,2012,6,23,Wednesday,1.9168,1.860666990280152,4.69,1.04,0.82,4.69,-0.82,0,0.0,1.8421,1.8235,1.8048,1.7862,1.7676,1.749,1.7304,1.7118,1.6932,1.6746,1.656,1.6374,1.6188,1.6002,1.5816,1.563,1.5444,1.5257,1.5071,1.4885,1.4699,1.4513,1.4327,1.4141,1.3955,False,False,False,False,False,False,False,False,False,False,False,False,False,False,False,False,False,False,False,False,False,False,False,False,False
TSLA,2012-06-07,1.987333059310913,1.9913330078125,1.923333048820496,1.928666949272156,7381500,2012,6,23,Thursday,1.9577,1.9479999542236328,-0.99,2.02,-1.27,-0.99,1.27,1,1.9285,1.9285,1.909,1.8896,1.8701,1.8506,1.8311,1.8116,1.7922,1.7727,1.7532,1.7337,1.7142,1.6948,1.6753,1.6558,1.6363,1.6168,1.5974,1.5779,1.5584,1.5389,1.5194,1.5,1.4805,1.461,True,False,False,False,False,False,False,False,False,False,False,False,False,False,False,False,False,False,False,False,False,False,False,False,False
TSLA,2012-06-08,1.924000024795532,2.012666940689087,1.876667022705078,2.005332946777344,13216500,2012,6,23,Friday,1.9547,1.928666949272156,3.98,-0.24,-2.7,3.98,2.7,2,3.7995,1.9094,1.8901,1.8708,1.8515,1.8322,1.8129,1.7937,1.7744,1.7551,1.7358,1.7165,1.6972,1.6779,1.6587,1.6394,1.6201,1.6008,1.5815,1.5622,1.5429,1.5236,1.5044,1.4851,1.4658,1.4465,True,True,False,False,False,False,False,False,False,False,False,False,False,False,False,False,False,False,False,False,False,False,False,False,False
TSLA,2012-06-11,2.02066707611084,2.066667079925537,1.9306670427322388,1.941333055496216,9540000,2012,6,24,Monday,1.9898,2.005332946777344,-3.19,0.76,-3.72,-3.19,3.72,3,5.8957,1.9853,1.9652,1.9452,1.9251,1.9051,1.885,1.865,1.8449,1.8249,1.8048,1.7847,1.7647,1.7446,1.7246,1.7045,1.6845,1.6644,1.6444,1.6243,1.6043,1.5842,1.5642,1.5441,1.5241,1.504,True,True,True,False,False,False,False,False,False,False,False,False,False,False,False,False,False,False,False,False,False,False,False,False,False
TSLA,2012-06-12,1.948667049407959,1.9893330335617063,1.920667052268982,1.9773329496383667,8535000,2012,6,24,Tuesday,1.959,1.941333055496216,1.85,0.38,-1.06,1.85,1.06,1,1.9219,1.9219,1.9025,1.8831,1.8637,1.8443,1.8249,1.8054,1.786,1.7666,1.7472,1.7278,1.7084,1.689,1.6695,1.6501,1.6307,1.6113,1.5919,1.5725,1.5531,1.5337,1.5142,1.4948,1.4754,1.456,True,False,False,False,False,False,False,False,False,False,False,False,False,False,False,False,False,False,False,False,False,False,False,False,False
TSLA,2012-06-13,1.9700000286102293,2.0426669120788574,1.964666962623596,1.9846669435501096,12661500,2012,6,24,Wednesday,1.9905,1.9773329496383667,0.37,-0.37,-0.64,0.37,0.64,0,0.0,1.9576,1.9378,1.918,1.8982,1.8785,1.8587,1.8389,1.8191,1.7994,1.7796,1.7598,1.7401,1.7203,1.7005,1.6807,1.661,1.6412,1.6214,1.6016,1.5819,1.5621,1.5423,1.5225,1.5028,1.483,False,False,False,False,False,False,False,False,False,False,False,False,False,False,False,False,False,False,False,False,False,False,False,False,False
TSLA,2012-06-14,2.01200008392334,2.043333053588867,1.9079999923706048,1.9593329429626465,13083000,2012,6,24,Thursday,1.9807,1.9846669435501096,-1.28,1.38,-3.86,-1.28,3.86,3,5.8349,1.9648,1.945,1.9251,1.9053,1.8854,1.8656,1.8457,1.8259,1.806,1.7862,1.7664,1.7465,1.7267,1.7068,1.687,1.6671,1.6473,1.6274,1.6076,1.5877,1.5679,1.548,1.5282,1.5083,1.4885,True,True,True,False,False,False,False,False,False,False,False,False,False,False,False,False,False,False,False,False,False,False,False,False,False
TSLA,2012-06-15,1.9593329429626465,1.9966670274734497,1.920667052268982,1.99399995803833,9702000,2012,6,24,Friday,1.9677,1.9593329429626465,1.77,0.0,-1.97,1.77,1.97,1,1.9397,1.9397,1.9201,1.9006,1.881,1.8614,1.8418,1.8222,1.8026,1.783,1.7634,1.7438,1.7242,1.7046,1.685,1.6654,1.6458,1.6262,1.6067,1.5871,1.5675,1.5479,1.5283,1.5087,1.4891,1.4695,True,False,False,False,False,False,False,False,False,False,False,False,False,False,False,False,False,False,False,False,False,False,False,False,False
TSLA,2012-06-18,1.996000051498413,2.1553330421447754,1.9666670560836792,2.122667074203491,18852000,2012,6,25,Monday,2.0602,1.99399995803833,6.45,0.1,-1.37,6.45,1.37,1,1.9741,1.9741,1.9541,1.9342,1.9142,1.8943,1.8744,1.8544,1.8345,1.8145,1.7946,1.7747,1.7547,1.7348,1.7148,1.6949,1.675,1.655,1.6351,1.6151,1.5952,1.5753,1.5553,1.5354,1.5154,1.4955,True,False,False,False,False,False,False,False,False,False,False,False,False,False,False,False,False,False,False,False,False,False,False,False,False
TSLA,2012-06-19,2.134666919708252,2.177333116531372,2.0999999046325684,2.1393330097198486,13666500,2012,6,25,Tuesday,2.1378,2.122667074203491,0.79,0.57,-1.07,0.79,1.07,1,2.1014,2.1014,2.0802,2.059,2.0378,2.0165,1.9953,1.9741,1.9529,1.9316,1.9104,1.8892,1.8679,1.8467,1.8255,1.8043,1.783,1.7618,1.7406,1.7194,1.6981,1.6769,1.6557,1.6345,1.6132,1.592,True,False,False,False,False,False,False,False,False,False,False,False,False,False,False,False,False,False,False,False,False,False,False,False,False
TSLA,2012-06-20,2.233333110809326,2.299999952316284,2.21399998664856,2.252000093460083,51336000,2012,6,25,Wednesday,2.2498,2.1393330097198486,5.27,4.39,3.49,5.27,-3.49,0,0.0,2.1179,2.0965,2.0752,2.0538,2.0324,2.011,1.9896,1.9682,1.9468,1.9254,1.904,1.8826,1.8612,1.8398,1.8184,1.797,1.7756,1.7543,1.7329,1.7115,1.6901,1.6687,1.6473,1.6259,1.6045,False,False,False,False,False,False,False,False,False,False,False,False,False,False,False,False,False,False,False,False,False,False,False,False,False
TSLA,2012-06-21,2.2839999198913574,2.2853329181671143,2.122667074203491,2.1459999084472656,28378500,2012,6,25,Thursday,2.2095,2.252000093460083,-4.71,1.42,-5.74,-4.71,5.74,5,10.9222,2.2295,2.207,2.1844,2.1619,2.1394,2.1169,2.0944,2.0718,2.0493,2.0268,2.0043,1.9818,1.9592,1.9367,1.9142,1.8917,1.8692,1.8466,1.8241,1.8016,1.7791,1.7566,1.734,1.7115,1.689,True,True,True,True,True,False,False,False,False,False,False,False,False,False,False,False,False,False,False,False,False,False,False,False,False
TSLA,2012-06-22,2.173332929611206,2.2653329372406006,2.1640000343322754,2.25266695022583,45699000,2012,6,25,Friday,2.2138,2.1459999084472656,4.97,1.27,0.84,4.97,-0.84,0,0.0,2.1245,2.1031,2.0816,2.0602,2.0387,2.0172,1.9958,1.9743,1.9529,1.9314,1.9099,1.8885,1.867,1.8456,1.8241,1.8026,1.7812,1.7597,1.7383,1.7168,1.6953,1.6739,1.6524,1.631,1.6095,False,False,False,False,False,False,False,False,False,False,False,False,False,False,False,False,False,False,False,False,False,False,False,False,False
TSLA,2012-06-25,2.262666940689087,2.2746670246124268,2.183332920074463,2.2073330879211426,22477500,2012,6,26,Monday,2.232,2.25266695022583,-2.01,0.44,-3.08,-2.01,3.08,3,6.6228,2.2301,2.2076,2.1851,2.1626,2.14,2.1175,2.095,2.0725,2.0499,2.0274,2.0049,1.9823,1.9598,1.9373,1.9148,1.8922,1.8697,1.8472,1.8247,1.8021,1.7796,1.7571,1.7346,1.712,1.6895,True,True,True,False,False,False,False,False,False,False,False,False,False,False,False,False,False,False,False,False,False,False,False,False,False
TSLA,2012-06-26,2.136667013168335,2.1566669940948486,2.0926671028137207,2.107332944869995,39208500,2012,6,26,Tuesday,2.1233,2.2073330879211426,-4.53,-3.2,-5.19,-4.53,5.19,5,10.7056,2.1853,2.1632,2.1411,2.119,2.097,2.0749,2.0528,2.0307,2.0087,1.9866,1.9645,1.9425,1.9204,1.8983,1.8762,1.8542,1.8321,1.81,1.7879,1.7659,1.7438,1.7217,1.6996,1.6776,1.6555,True,True,True,True,True,False,False,False,False,False,False,False,False,False,False,False,False,False,False,False,False,False,False,False,False
TSLA,2012-06-27,2.126667022705078,2.163332939147949,2.104666948318481,2.130666971206665,15708000,2012,6,26,Wednesday,2.1313,2.107332944869995,1.11,0.92,-0.13,1.11,0.13,0,0.0,2.0863,2.0652,2.0441,2.023,2.002,1.9809,1.9598,1.9387,1.9177,1.8966,1.8755,1.8545,1.8334,1.8123,1.7912,1.7702,1.7491,1.728,1.7069,1.6859,1.6648,1.6437,1.6226,1.6016,1.5805,False,False,False,False,False,False,False,False,False,False,False,False,False,False,False,False,False,False,False,False,False,False,False,False,False
TSLA,2012-06-28,2.126667022705078,2.140666961669922,2.041332960128784,2.094000101089477,13711500,2012,6,26,Thursday,2.1007,2.130666971206665,-1.72,-0.19,-4.19,-1.72,4.19,4,8.3096,2.1094,2.0881,2.0667,2.0454,2.0241,2.0028,1.9815,1.9602,1.9389,1.9176,1.8963,1.875,1.8537,1.8324,1.8111,1.7898,1.7685,1.7471,1.7258,1.7045,1.6832,1.6619,1.6406,1.6193,1.598,True,True,True,True,False,False,False,False,False,False,False,False,False,False,False,False,False,False,False,False,False,False,False,False,False
TSLA,2012-06-29,2.186666965484619,2.186666965484619,2.066667079925537,2.0859999656677246,16887000,2012,6,26,Friday,2.1315,2.094000101089477,-0.38,4.43,-1.31,-0.38,1.31,1,2.0731,2.0731,2.0521,2.0312,2.0102,1.9893,1.9684,1.9474,1.9265,1.9055,1.8846,1.8637,1.8427,1.8218,1.8008,1.7799,1.759,1.738,1.7171,1.6961,1.6752,1.6543,1.6333,1.6124,1.5914,1.5705,True,False,False,False,False,False,False,False,False,False,False,False,False,False,False,False,False,False,False,False,False,False,False,False,False
TSLA,2012-07-02,2.0899999141693115,2.119999885559082,2.012666940689087,2.0266671180725098,19734000,2012,7,27,Monday,2.0623,2.0859999656677246,-2.84,0.19,-3.52,-2.84,3.52,3,6.1328,2.0651,2.0443,2.0234,2.0026,1.9817,1.9608,1.94,1.9191,1.8983,1.8774,1.8565,1.8357,1.8148,1.794,1.7731,1.7522,1.7314,1.7105,1.6897,1.6688,1.6479,1.6271,1.6062,1.5854,1.5645,True,True,True,False,False,False,False,False,False,False,False,False,False,False,False,False,False,False,False,False,False,False,False,False,False
TSLA,2012-07-03,2.039999961853028,2.066667079925537,2.0266671180725098,2.0439999103546143,14205000,2012,7,27,Tuesday,2.0443,2.0266671180725098,0.86,0.66,0.0,0.86,0.0,0,0.0,2.0064,1.9861,1.9659,1.9456,1.9253,1.9051,1.8848,1.8645,1.8443,1.824,1.8037,1.7835,1.7632,1.7429,1.7227,1.7024,1.6821,1.6619,1.6416,1.6213,1.6011,1.5808,1.5605,1.5403,1.52,False,False,False,False,False,False,False,False,False,False,False,False,False,False,False,False,False,False,False,False,False,False,False,False,False
TSLA,2012-07-05,2.053999900817871,2.111332893371582,2.053333044052124,2.0820000171661377,18807000,2012,7,27,Thursday,2.0752,2.0439999103546143,1.86,0.49,0.46,1.86,-0.46,0,0.0,2.0236,2.0031,1.9827,1.9622,1.9418,1.9214,1.9009,1.8805,1.86,1.8396,1.8192,1.7987,1.7783,1.7578,1.7374,1.717,1.6965,1.6761,1.6556,1.6352,1.6148,1.5943,1.5739,1.5534,1.533,False,False,False,False,False,False,False,False,False,False,False,False,False,False,False,False,False,False,False,False,False,False,False,False,False
TSLA,2012-07-06,2.065999984741211,2.115333080291748,2.053333044052124,2.065999984741211,11767500,2012,7,27,Friday,2.0752,2.0820000171661377,-0.77,-0.77,-1.38,-0.77,1.38,1,2.0612,2.0612,2.0404,2.0195,1.9987,1.9779,1.9571,1.9363,1.9154,1.8946,1.8738,1.853,1.8322,1.8113,1.7905,1.7697,1.7489,1.7281,1.7072,1.6864,1.6656,1.6448,1.624,1.6031,1.5823,1.5615,True,False,False,False,False,False,False,False,False,False,False,False,False,False,False,False,False,False,False,False,False,False,False,False,False
TSLA,2012-07-09,2.062666893005371,2.121999979019165,2.0446670055389404,2.0993330478668213,13657500,2012,7,28,Monday,2.0822,2.065999984741211,1.61,-0.16,-1.03,1.61,1.03,1,2.0453,2.0453,2.0247,2.004,1.9834,1.9627,1.942,1.9214,1.9007,1.8801,1.8594,1.8387,1.8181,1.7974,1.7768,1.7561,1.7354,1.7148,1.6941,1.6735,1.6528,1.6321,1.6115,1.5908,1.5702,1.5495,True,False,False,False,False,False,False,False,False,False,False,False,False,False,False,False,False,False,False,False,False,False,False,False,False
TSLA,2012-07-10,2.102667093276977,2.165333032608032,2.059333086013794,2.084666967391968,11376000,2012,7,28,Tuesday,2.103,2.0993330478668213,-0.7,0.16,-1.91,-0.7,1.91,1,2.0783,2.0783,2.0573,2.0364,2.0154,1.9944,1.9734,1.9524,1.9314,1.9104,1.8894,1.8684,1.8474,1.8264,1.8054,1.7844,1.7634,1.7424,1.7215,1.7005,1.6795,1.6585,1.6375,1.6165,1.5955,1.5745,True,False,False,False,False,False,False,False,False,False,False,False,False,False,False,False,False,False,False,False,False,False,False,False,False
TSLA,2012-07-11,2.104666948318481,2.111999988555908,2.067332983016968,2.1006669998168945,9579000,2012,7,28,Wednesday,2.0962,2.084666967391968,0.77,0.96,-0.83,0.77,0.83,0,0.0,2.0638,2.043,2.0221,2.0013,1.9804,1.9596,1.9387,1.9179,1.897,1.8762,1.8554,1.8345,1.8137,1.7928,1.772,1.7511,1.7303,1.7094,1.6886,1.6677,1.6469,1.626,1.6052,1.5843,1.5635,False,False,False,False,False,False,False,False,False,False,False,False,False,False,False,False,False,False,False,False,False,False,False,False,False
TSLA,2012-07-12,2.0859999656677246,2.200666904449463,2.053333044052124,2.180000066757202,16885500,2012,7,28,Thursday,2.13,2.1006669998168945,3.78,-0.7,-2.25,3.78,2.25,2,4.1383,2.0797,2.0587,2.0376,2.0166,1.9956,1.9746,1.9536,1.9326,1.9116,1.8906,1.8696,1.8486,1.8276,1.8066,1.7856,1.7646,1.7436,1.7225,1.7015,1.6805,1.6595,1.6385,1.6175,1.5965,1.5755,True,True,False,False,False,False,False,False,False,False,False,False,False,False,False,False,False,False,False,False,False,False,False,False,False
TSLA,2012-07-13,2.197999954223633,2.293333053588867,2.188667058944702,2.2833330631256104,19572000,2012,7,28,Friday,2.2408,2.180000066757202,4.74,0.83,0.4,4.74,-0.4,0,0.0,2.1582,2.1364,2.1146,2.0928,2.071,2.0492,2.0274,2.0056,1.9838,1.962,1.9402,1.9184,1.8966,1.8748,1.853,1.8312,1.8094,1.7876,1.7658,1.744,1.7222,1.7004,1.6786,1.6568,1.635,False,False,False,False,False,False,False,False,False,False,False,False,False,False,False,False,False,False,False,False,False,False,False,False,False
TSLA,2012-07-16,2.2880001068115234,2.400000095367432,2.259999990463257,2.3973329067230225,26160000,2012,7,29,Monday,2.3363,2.2833330631256104,4.99,0.2,-1.02,4.99,1.02,1,2.2605,2.2605,2.2377,2.2148,2.192,2.1692,2.1463,2.1235,2.1007,2.0778,2.055,2.0322,2.0093,1.9865,1.9637,1.9408,1.918,1.8952,1.8723,1.8495,1.8267,1.8038,1.781,1.7582,1.7353,1.7125,True,False,False,False,False,False,False,False,False,False,False,False,False,False,False,False,False,False,False,False,False,False,False,False,False
TSLA,2012-07-17,2.3333330154418945,2.3473329544067383,2.158667087554932,2.2233328819274902,38539500,2012,7,29,Tuesday,2.2657,2.3973329067230225,-7.26,-2.67,-9.96,-7.26,9.96,9,20.4972,2.3734,2.3494,2.3254,2.3014,2.2775,2.2535,2.2295,2.2055,2.1816,2.1576,2.1336,2.1097,2.0857,2.0617,2.0377,2.0138,1.9898,1.9658,1.9418,1.9179,1.8939,1.8699,1.8459,1.822,1.798,True,True,True,True,True,True,True,True,True,False,False,False,False,False,False,False,False,False,False,False,False,False,False,False,False
TSLA,2012-07-18,2.0946669578552246,2.244667053222656,2.070667028427124,2.1433329582214355,43228500,2012,7,29,Wednesday,2.1383,2.2233328819274902,-3.6,-5.79,-6.87,-3.6,6.87,6,12.8731,2.2011,2.1789,2.1566,2.1344,2.1122,2.0899,2.0677,2.0455,2.0232,2.001,1.9788,1.9565,1.9343,1.9121,1.8898,1.8676,1.8454,1.8231,1.8009,1.7787,1.7564,1.7342,1.712,1.6897,1.6675,True,True,True,True,True,True,False,False,False,False,False,False,False,False,False,False,False,False,False,False,False,False,False,False,False
TSLA,2012-07-19,2.181333065032959,2.2100000381469727,2.135999917984009,2.1513330936431885,21538500,2012,7,29,Thursday,2.1697,2.1433329582214355,0.37,1.77,-0.34,0.37,0.34,0,0.0,2.1219,2.1005,2.079,2.0576,2.0362,2.0147,1.9933,1.9719,1.9504,1.929,1.9076,1.8861,1.8647,1.8433,1.8218,1.8004,1.779,1.7575,1.7361,1.7147,1.6932,1.6718,1.6504,1.6289,1.6075,False,False,False,False,False,False,False,False,False,False,False,False,False,False,False,False,False,False,False,False,False,False,False,False,False
TSLA,2012-07-20,2.138000011444092,2.150000095367432,2.0833330154418945,2.119333028793335,23527500,2012,7,29,Friday,2.1227,2.1513330936431885,-1.49,-0.62,-3.16,-1.49,3.16,3,6.3249,2.1298,2.1083,2.0868,2.0653,2.0438,2.0223,2.0007,1.9792,1.9577,1.9362,1.9147,1.8932,1.8717,1.8501,1.8286,1.8071,1.7856,1.7641,1.7426,1.7211,1.6996,1.678,1.6565,1.635,1.6135,True,True,True,False,False,False,False,False,False,False,False,False,False,False,False,False,False,False,False,False,False,False,False,False,False
TSLA,2012-07-23,2.069999933242798,2.086667060852051,2.041332960128784,2.0439999103546143,20802000,2012,7,30,Monday,2.0605,2.119333028793335,-3.55,-2.33,-3.68,-3.55,3.68,3,6.2308,2.0981,2.0769,2.0558,2.0346,2.0134,1.9922,1.971,1.9498,1.9286,1.9074,1.8862,1.865,1.8438,1.8226,1.8014,1.7802,1.759,1.7379,1.7167,1.6955,1.6743,1.6531,1.6319,1.6107,1.5895,True,True,True,False,False,False,False,False,False,False,False,False,False,False,False,False,False,False,False,False,False,False,False,False,False
TSLA,2012-07-24,2.0439999103546143,2.069333076477051,1.974666953086853,1.9893330335617063,22504500,2012,7,30,Tuesday,2.0193,2.0439999103546143,-2.67,0.0,-3.39,-2.67,3.39,3,6.0094,2.0236,2.0031,1.9827,1.9622,1.9418,1.9214,1.9009,1.8805,1.86,1.8396,1.8192,1.7987,1.7783,1.7578,1.7374,1.717,1.6965,1.6761,1.6556,1.6352,1.6148,1.5943,1.5739,1.5534,1.533,True,True,True,False,False,False,False,False,False,False,False,False,False,False,False,False,False,False,False,False,False,False,False,False,False
TSLA,2012-07-25,1.994667053222656,1.9986670017242432,1.9166669845581048,1.9299999475479128,42633000,2012,7,30,Wednesday,1.96,1.9893330335617063,-2.98,0.27,-3.65,-2.98,3.65,3,5.8486,1.9694,1.9495,1.9297,1.9098,1.8899,1.87,1.8501,1.8302,1.8103,1.7904,1.7705,1.7506,1.7307,1.7108,1.6909,1.671,1.6511,1.6313,1.6114,1.5915,1.5716,1.5517,1.5318,1.5119,1.492,True,True,True,False,False,False,False,False,False,False,False,False,False,False,False,False,False,False,False,False,False,False,False,False,False
TSLA,2012-07-26,1.9933329820632928,2.0,1.8426669836044312,1.875332951545716,33934500,2012,7,30,Thursday,1.9278,1.9299999475479128,-2.83,3.28,-4.53,-2.83,4.53,4,7.527,1.9107,1.8914,1.8721,1.8528,1.8335,1.8142,1.7949,1.7756,1.7563,1.737,1.7177,1.6984,1.6791,1.6598,1.6405,1.6212,1.6019,1.5826,1.5633,1.544,1.5247,1.5054,1.4861,1.4668,1.4475,True,True,True,True,False,False,False,False,False,False,False,False,False,False,False,False,False,False,False,False,False,False,False,False,False
TSLA,2012-07-27,1.914000034332276,1.9773329496383667,1.8733329772949217,1.9673329591751096,25095000,2012,7,30,Friday,1.933,1.875332951545716,4.91,2.06,-0.11,4.91,0.11,0,0.0,1.8566,1.8378,1.8191,1.8003,1.7816,1.7628,1.7441,1.7253,1.7066,1.6878,1.669,1.6503,1.6315,1.6128,1.594,1.5753,1.5565,1.5378,1.519,1.5003,1.4815,1.4628,1.444,1.4253,1.4065,False,False,False,False,False,False,False,False,False,False,False,False,False,False,False,False,False,False,False,False,False,False,False,False,False
TSLA,2012-07-30,1.9673329591751096,2.016666889190674,1.8140000104904173,1.8233330249786377,30978000,2012,7,31,Monday,1.9053,1.9673329591751096,-7.32,0.0,-7.79,-7.32,7.79,7,13.2205,1.9477,1.928,1.9083,1.8886,1.869,1.8493,1.8296,1.8099,1.7903,1.7706,1.7509,1.7313,1.7116,1.6919,1.6722,1.6526,1.6329,1.6132,1.5935,1.5739,1.5542,1.5345,1.5148,1.4952,1.4755,True,True,True,True,True,True,True,False,False,False,False,False,False,False,False,False,False,False,False,False,False,False,False,False,False
TSLA,2012-07-31,1.8359999656677248,1.864667057991028,1.8233330249786377,1.8279999494552608,23626500,2012,7,31,Tuesday,1.838,1.8233330249786377,0.26,0.69,0.0,0.26,0.0,0,0.0,1.8051,1.7869,1.7686,1.7504,1.7322,1.7139,1.6957,1.6775,1.6592,1.641,1.6228,1.6045,1.5863,1.5681,1.5498,1.5316,1.5134,1.4951,1.4769,1.4587,1.4404,1.4222,1.404,1.3857,1.3675,False,False,False,False,False,False,False,False,False,False,False,False,False,False,False,False,False,False,False,False,False,False,False,False,False
TSLA,2012-08-01,1.866000056266785,1.866000056266785,1.73533296585083,1.75,23884500,2012,8,31,Wednesday,1.8043,1.8279999494552608,-4.27,2.08,-5.07,-4.27,5.07,5,8.8658,1.8097,1.7914,1.7732,1.7549,1.7366,1.7183,1.7,1.6818,1.6635,1.6452,1.6269,1.6086,1.5904,1.5721,1.5538,1.5355,1.5172,1.499,1.4807,1.4624,1.4441,1.4258,1.4076,1.3893,1.371,True,True,True,True,True,False,False,False,False,False,False,False,False,False,False,False,False,False,False,False,False,False,False,False,False
TSLA,2012-08-02,1.7893329858779907,1.7899999618530271,1.7013330459594729,1.7400000095367432,19576500,2012,8,31,Thursday,1.7552,1.75,-0.57,2.25,-2.78,-0.57,2.78,2,3.4475,1.7325,1.715,1.6975,1.68,1.6625,1.645,1.6275,1.61,1.5925,1.575,1.5575,1.54,1.5225,1.505,1.4875,1.47,1.4525,1.435,1.4175,1.4,1.3825,1.365,1.3475,1.33,1.3125,True,True,False,False,False,False,False,False,False,False,False,False,False,False,False,False,False,False,False,False,False,False,False,False,False
TSLA,2012-08-03,1.7933330535888672,1.8366669416427608,1.78266704082489,1.8179999589920044,18142500,2012,8,31,Friday,1.8077,1.7400000095367432,4.48,3.07,2.45,4.48,-2.45,0,0.0,1.7226,1.7052,1.6878,1.6704,1.653,1.6356,1.6182,1.6008,1.5834,1.566,1.5486,1.5312,1.5138,1.4964,1.479,1.4616,1.4442,1.4268,1.4094,1.392,1.3746,1.3572,1.3398,1.3224,1.305,False,False,False,False,False,False,False,False,False,False,False,False,False,False,False,False,False,False,False,False,False,False,False,False,False
TSLA,2012-08-06,1.8366669416427608,1.9133330583572388,1.8366669416427608,1.8846670389175413,22923000,2012,8,32,Monday,1.8678,1.8179999589920044,3.67,1.03,1.03,3.67,-1.03,0,0.0,1.7998,1.7816,1.7635,1.7453,1.7271,1.7089,1.6907,1.6726,1.6544,1.6362,1.618,1.5998,1.5817,1.5635,1.5453,1.5271,1.5089,1.4908,1.4726,1.4544,1.4362,1.418,1.3999,1.3817,1.3635,False,False,False,False,False,False,False,False,False,False,False,False,False,False,False,False,False,False,False,False,False,False,False,False,False
TSLA,2012-08-07,1.9179999828338623,2.059999942779541,1.899999976158142,2.016666889190674,35808000,2012,8,32,Tuesday,1.9737,1.8846670389175413,7.0,1.77,0.81,7.0,-0.81,0,0.0,1.8658,1.847,1.8281,1.8093,1.7904,1.7716,1.7527,1.7339,1.715,1.6962,1.6774,1.6585,1.6397,1.6208,1.602,1.5831,1.5643,1.5454,1.5266,1.5077,1.4889,1.47,1.4512,1.4323,1.4135,False,False,False,False,False,False,False,False,False,False,False,False,False,False,False,False,False,False,False,False,False,False,False,False,False
TSLA,2012-08-08,1.9933329820632928,2.0,1.906000018119812,1.9393329620361328,19633500,2012,8,32,Wednesday,1.9597,2.016666889190674,-3.83,-1.16,-5.49,-3.83,5.49,5,9.7808,1.9965,1.9763,1.9562,1.936,1.9158,1.8957,1.8755,1.8553,1.8352,1.815,1.7948,1.7747,1.7545,1.7343,1.7142,1.694,1.6738,1.6537,1.6335,1.6133,1.5932,1.573,1.5528,1.5327,1.5125,True,True,True,True,True,False,False,False,False,False,False,False,False,False,False,False,False,False,False,False,False,False,False,False,False
TSLA,2012-08-09,1.968000054359436,2.0,1.9420000314712524,1.9606670141220093,10089000,2012,8,32,Thursday,1.9677,1.9393329620361328,1.1,1.48,0.14,1.1,-0.14,0,0.0,1.9199,1.9005,1.8812,1.8618,1.8424,1.823,1.8036,1.7842,1.7648,1.7454,1.726,1.7066,1.6872,1.6678,1.6484,1.629,1.6096,1.5903,1.5709,1.5515,1.5321,1.5127,1.4933,1.4739,1.4545,False,False,False,False,False,False,False,False,False,False,False,False,False,False,False,False,False,False,False,False,False,False,False,False,False
TSLA,2012-08-10,1.9539999961853027,1.996000051498413,1.9539999961853027,1.996000051498413,10611000,2012,8,32,Friday,1.975,1.9606670141220093,1.8,-0.34,-0.34,1.8,0.34,0,0.0,1.9411,1.9215,1.9018,1.8822,1.8626,1.843,1.8234,1.8038,1.7842,1.7646,1.745,1.7254,1.7058,1.6862,1.6666,1.647,1.6274,1.6077,1.5881,1.5685,1.5489,1.5293,1.5097,1.4901,1.4705,False,False,False,False,False,False,False,False,False,False,False,False,False,False,False,False,False,False,False,False,False,False,False,False,False
TSLA,2012-08-13,1.9793330430984497,2.086667060852051,1.940000057220459,2.078000068664551,13051500,2012,8,33,Monday,2.021,1.996000051498413,4.11,-0.84,-2.81,4.11,2.81,2,3.9321,1.976,1.9561,1.9361,1.9162,1.8962,1.8762,1.8563,1.8363,1.8164,1.7964,1.7764,1.7565,1.7365,1.7166,1.6966,1.6766,1.6567,1.6367,1.6168,1.5968,1.5768,1.5569,1.5369,1.517,1.497,True,True,False,False,False,False,False,False,False,False,False,False,False,False,False,False,False,False,False,False,False,False,False,False,False
TSLA,2012-08-14,2.049999952316284,2.078000068664551,1.9506670236587524,1.9613330364227293,11901000,2012,8,33,Tuesday,2.01,2.078000068664551,-5.61,-1.35,-6.13,-5.61,6.13,6,12.0316,2.0572,2.0364,2.0157,1.9949,1.9741,1.9533,1.9325,1.9118,1.891,1.8702,1.8494,1.8286,1.8079,1.7871,1.7663,1.7455,1.7247,1.704,1.6832,1.6624,1.6416,1.6208,1.6001,1.5793,1.5585,True,True,True,True,True,True,False,False,False,False,False,False,False,False,False,False,False,False,False,False,False,False,False,False,False
TSLA,2012-08-15,1.9593329429626465,1.9800000190734863,1.920667052268982,1.9600000381469729,7881000,2012,8,33,Wednesday,1.955,1.9613330364227293,-0.07,-0.1,-2.07,-0.07,2.07,2,3.8638,1.9417,1.9221,1.9025,1.8829,1.8633,1.8437,1.824,1.8044,1.7848,1.7652,1.7456,1.726,1.7064,1.6867,1.6671,1.6475,1.6279,1.6083,1.5887,1.5691,1.5495,1.5298,1.5102,1.4906,1.471,True,True,False,False,False,False,False,False,False,False,False,False,False,False,False,False,False,False,False,False,False,False,False,False,False
TSLA,2012-08-16,1.9686670303344729,2.026000022888184,1.9666670560836792,2.0199999809265137,10035000,2012,8,33,Thursday,1.9953,1.9600000381469729,3.06,0.44,0.34,3.06,-0.34,0,0.0,1.9404,1.9208,1.9012,1.8816,1.862,1.8424,1.8228,1.8032,1.7836,1.764,1.7444,1.7248,1.7052,1.6856,1.666,1.6464,1.6268,1.6072,1.5876,1.568,1.5484,1.5288,1.5092,1.4896,1.47,False,False,False,False,False,False,False,False,False,False,False,False,False,False,False,False,False,False,False,False,False,False,False,False,False
TSLA,2012-08-17,2.0193328857421875,2.047333002090454,1.9986670017242432,2.000667095184326,7623000,2012,8,33,Friday,2.0165,2.0199999809265137,-0.96,-0.03,-1.06,-0.96,1.06,1,1.9998,1.9998,1.9796,1.9594,1.9392,1.919,1.8988,1.8786,1.8584,1.8382,1.818,1.7978,1.7776,1.7574,1.7372,1.717,1.6968,1.6766,1.6564,1.6362,1.616,1.5958,1.5756,1.5554,1.5352,1.515,True,False,False,False,False,False,False,False,False,False,False,False,False,False,False,False,False,False,False,False,False,False,False,False,False
TSLA,2012-08-20,2.009999990463257,2.026000022888184,1.940000057220459,1.9673329591751096,17686500,2012,8,34,Monday,1.9858,2.000667095184326,-1.67,0.47,-3.03,-1.67,3.03,3,5.882,1.9807,1.9607,1.9406,1.9206,1.9006,1.8806,1.8606,1.8406,1.8206,1.8006,1.7806,1.7606,1.7406,1.7206,1.7006,1.6806,1.6606,1.6405,1.6205,1.6005,1.5805,1.5605,1.5405,1.5205,1.5005,True,True,True,False,False,False,False,False,False,False,False,False,False,False,False,False,False,False,False,False,False,False,False,False,False
TSLA,2012-08-21,1.972000002861023,2.0,1.9333330392837524,1.940667033195496,11424000,2012,8,34,Tuesday,1.9615,1.9673329591751096,-1.36,0.24,-1.73,-1.36,1.73,1,1.9477,1.9477,1.928,1.9083,1.8886,1.869,1.8493,1.8296,1.8099,1.7903,1.7706,1.7509,1.7313,1.7116,1.6919,1.6722,1.6526,1.6329,1.6132,1.5935,1.5739,1.5542,1.5345,1.5148,1.4952,1.4755,True,False,False,False,False,False,False,False,False,False,False,False,False,False,False,False,False,False,False,False,False,False,False,False,False
TSLA,2012-08-22,1.934000015258789,2.00266695022583,1.934000015258789,1.9966670274734497,11632500,2012,8,34,Wednesday,1.9668,1.940667033195496,2.89,-0.34,-0.34,2.89,0.34,0,0.0,1.9213,1.9019,1.8824,1.863,1.8436,1.8242,1.8048,1.7854,1.766,1.7466,1.7272,1.7078,1.6884,1.669,1.6496,1.6302,1.6108,1.5913,1.5719,1.5525,1.5331,1.5137,1.4943,1.4749,1.4555,False,False,False,False,False,False,False,False,False,False,False,False,False,False,False,False,False,False,False,False,False,False,False,False,False
TSLA,2012-08-23,2.0,2.0566670894622803,1.976667046546936,2.048666954040528,22065000,2012,8,34,Thursday,2.0205,1.9966670274734497,2.6,0.17,-1.0,2.6,1.0,1,1.9767,1.9767,1.9567,1.9368,1.9168,1.8968,1.8769,1.8569,1.8369,1.817,1.797,1.777,1.7571,1.7371,1.7171,1.6972,1.6772,1.6572,1.6373,1.6173,1.5973,1.5774,1.5574,1.5374,1.5175,1.4975,True,False,False,False,False,False,False,False,False,False,False,False,False,False,False,False,False,False,False,False,False,False,False,False,False
TSLA,2012-08-24,2.003999948501587,2.0160000324249268,1.9606670141220093,1.9666670560836792,21441000,2012,8,34,Friday,1.9868,2.048666954040528,-4.0,-2.18,-4.3,-4.0,4.3,4,7.9898,2.0282,2.0077,1.9872,1.9667,1.9462,1.9257,1.9053,1.8848,1.8643,1.8438,1.8233,1.8028,1.7823,1.7619,1.7414,1.7209,1.7004,1.6799,1.6594,1.6389,1.6184,1.598,1.5775,1.557,1.5365,True,True,True,True,False,False,False,False,False,False,False,False,False,False,False,False,False,False,False,False,False,False,False,False,False
TSLA,2012-08-27,1.9713330268859863,1.9800000190734863,1.878000020980835,1.888000011444092,20256000,2012,8,35,Monday,1.9293,1.9666670560836792,-4.0,0.24,-4.51,-4.0,4.51,4,7.67,1.947,1.9273,1.9077,1.888,1.8683,1.8487,1.829,1.8093,1.7897,1.77,1.7503,1.7307,1.711,1.6913,1.6717,1.652,1.6323,1.6127,1.593,1.5733,1.5537,1.534,1.5143,1.4947,1.475,True,True,True,True,False,False,False,False,False,False,False,False,False,False,False,False,False,False,False,False,False,False,False,False,False
TSLA,2012-08-28,1.8933329582214355,1.958667039871216,1.8666670322418213,1.9126670360565183,21040500,2012,8,35,Tuesday,1.9078,1.888000011444092,1.31,0.28,-1.13,1.31,1.13,1,1.8691,1.8691,1.8502,1.8314,1.8125,1.7936,1.7747,1.7558,1.737,1.7181,1.6992,1.6803,1.6614,1.6426,1.6237,1.6048,1.5859,1.567,1.5482,1.5293,1.5104,1.4915,1.4726,1.4538,1.4349,1.416,True,False,False,False,False,False,False,False,False,False,False,False,False,False,False,False,False,False,False,False,False,False,False,False,False
TSLA,2012-08-29,1.8993330001831048,1.9093329906463623,1.868000030517578,1.8940000534057613,12583500,2012,8,35,Wednesday,1.8927,1.9126670360565183,-0.98,-0.7,-2.34,-0.98,2.34,2,3.768,1.8935,1.8744,1.8553,1.8362,1.817,1.7979,1.7788,1.7597,1.7405,1.7214,1.7023,1.6831,1.664,1.6449,1.6258,1.6066,1.5875,1.5684,1.5493,1.5301,1.511,1.4919,1.4728,1.4536,1.4345,True,True,False,False,False,False,False,False,False,False,False,False,False,False,False,False,False,False,False,False,False,False,False,False,False
TSLA,2012-08-30,1.9066669940948489,1.9160000085830688,1.8733329772949217,1.8940000534057613,9846000,2012,8,35,Thursday,1.8975,1.8940000534057613,0.0,0.67,-1.09,0.0,1.09,1,1.8751,1.8751,1.8561,1.8372,1.8182,1.7993,1.7804,1.7614,1.7425,1.7235,1.7046,1.6857,1.6667,1.6478,1.6288,1.6099,1.591,1.572,1.5531,1.5341,1.5152,1.4963,1.4773,1.4584,1.4394,1.4205,True,False,False,False,False,False,False,False,False,False,False,False,False,False,False,False,False,False,False,False,False,False,False,False,False
TSLA,2012-08-31,1.9073330163955688,1.922667026519776,1.8799999952316284,1.901332974433899,8097000,2012,8,35,Friday,1.9028,1.8940000534057613,0.39,0.7,-0.74,0.39,0.74,0,0.0,1.8751,1.8561,1.8372,1.8182,1.7993,1.7804,1.7614,1.7425,1.7235,1.7046,1.6857,1.6667,1.6478,1.6288,1.6099,1.591,1.572,1.5531,1.5341,1.5152,1.4963,1.4773,1.4584,1.4394,1.4205,False,False,False,False,False,False,False,False,False,False,False,False,False,False,False,False,False,False,False,False,False,False,False,False,False
TSLA,2012-09-04,1.901332974433899,1.932667016983032,1.8600000143051147,1.8760000467300413,11287500,2012,9,36,Tuesday,1.8925,1.901332974433899,-1.33,0.0,-2.17,-1.33,2.17,2,3.7456,1.8823,1.8633,1.8443,1.8253,1.8063,1.7873,1.7682,1.7492,1.7302,1.7112,1.6922,1.6732,1.6542,1.6351,1.6161,1.5971,1.5781,1.5591,1.5401,1.5211,1.5021,1.483,1.464,1.445,1.426,True,True,False,False,False,False,False,False,False,False,False,False,False,False,False,False,False,False,False,False,False,False,False,False,False
TSLA,2012-09-05,1.8673330545425413,1.899999976158142,1.8539999723434448,1.8626669645309448,9589500,2012,9,36,Wednesday,1.871,1.8760000467300413,-0.71,-0.46,-1.17,-0.71,1.17,1,1.8572,1.8572,1.8385,1.8197,1.801,1.7822,1.7634,1.7447,1.7259,1.7072,1.6884,1.6696,1.6509,1.6321,1.6134,1.5946,1.5758,1.5571,1.5383,1.5196,1.5008,1.482,1.4633,1.4445,1.4258,1.407,True,False,False,False,False,False,False,False,False,False,False,False,False,False,False,False,False,False,False,False,False,False,False,False,False
TSLA,2012-09-06,1.8666670322418213,1.9266669750213623,1.8600000143051147,1.9033329486846924,12625500,2012,9,36,Thursday,1.8892,1.8626669645309448,2.18,0.21,-0.14,2.18,0.14,0,0.0,1.844,1.8254,1.8068,1.7882,1.7695,1.7509,1.7323,1.7137,1.695,1.6764,1.6578,1.6391,1.6205,1.6019,1.5833,1.5646,1.546,1.5274,1.5088,1.4901,1.4715,1.4529,1.4343,1.4156,1.397,False,False,False,False,False,False,False,False,False,False,False,False,False,False,False,False,False,False,False,False,False,False,False,False,False
TSLA,2012-09-07,1.9033329486846924,1.9713330268859863,1.899999976158142,1.9566669464111328,14298000,2012,9,36,Friday,1.9328,1.9033329486846924,2.8,0.0,-0.18,2.8,0.18,0,0.0,1.8843,1.8653,1.8462,1.8272,1.8082,1.7891,1.7701,1.7511,1.732,1.713,1.694,1.6749,1.6559,1.6369,1.6178,1.5988,1.5798,1.5607,1.5417,1.5227,1.5036,1.4846,1.4656,1.4465,1.4275,False,False,False,False,False,False,False,False,False,False,False,False,False,False,False,False,False,False,False,False,False,False,False,False,False
TSLA,2012-09-10,1.946666955947876,1.9566669464111328,1.820000052452088,1.824666976928711,22249500,2012,9,37,Monday,1.887,1.9566669464111328,-6.75,-0.51,-6.98,-6.75,6.98,6,11.3291,1.9371,1.9175,1.898,1.8784,1.8588,1.8393,1.8197,1.8001,1.7806,1.761,1.7414,1.7219,1.7023,1.6827,1.6632,1.6436,1.624,1.6045,1.5849,1.5653,1.5458,1.5262,1.5066,1.4871,1.4675,True,True,True,True,True,True,False,False,False,False,False,False,False,False,False,False,False,False,False,False,False,False,False,False,False
TSLA,2012-09-11,1.8506669998168943,1.8773330450057983,1.8266669511795044,1.853332996368408,15223500,2012,9,37,Tuesday,1.852,1.824666976928711,1.57,1.42,0.11,1.57,-0.11,0,0.0,1.8064,1.7882,1.7699,1.7517,1.7334,1.7152,1.6969,1.6787,1.6604,1.6422,1.624,1.6057,1.5875,1.5692,1.551,1.5327,1.5145,1.4962,1.478,1.4597,1.4415,1.4232,1.405,1.3867,1.3685,False,False,False,False,False,False,False,False,False,False,False,False,False,False,False,False,False,False,False,False,False,False,False,False,False
TSLA,2012-09-12,1.8600000143051147,1.905333042144776,1.853332996368408,1.885332942008972,17178000,2012,9,37,Wednesday,1.876,1.853332996368408,1.73,0.36,0.0,1.73,0.0,0,0.0,1.8348,1.8163,1.7977,1.7792,1.7607,1.7421,1.7236,1.7051,1.6865,1.668,1.6495,1.6309,1.6124,1.5939,1.5753,1.5568,1.5383,1.5197,1.5012,1.4827,1.4641,1.4456,1.4271,1.4085,1.39,False,False,False,False,False,False,False,False,False,False,False,False,False,False,False,False,False,False,False,False,False,False,False,False,False
TSLA,2012-09-13,1.9046670198440552,1.9666670560836792,1.8986669778823853,1.9653329849243164,22270500,2012,9,37,Thursday,1.9338,1.885332942008972,4.24,1.03,0.71,4.24,-0.71,0,0.0,1.8665,1.8476,1.8288,1.8099,1.7911,1.7722,1.7534,1.7345,1.7157,1.6968,1.6779,1.6591,1.6402,1.6214,1.6025,1.5837,1.5648,1.546,1.5271,1.5083,1.4894,1.4706,1.4517,1.4329,1.414,False,False,False,False,False,False,False,False,False,False,False,False,False,False,False,False,False,False,False,False,False,False,False,False,False
TSLA,2012-09-14,2.0,2.043333053588867,1.976667046546936,2.026000022888184,23049000,2012,9,37,Friday,2.0115,1.9653329849243164,3.09,1.76,0.58,3.09,-0.58,0,0.0,1.9457,1.926,1.9064,1.8867,1.8671,1.8474,1.8278,1.8081,1.7885,1.7688,1.7491,1.7295,1.7098,1.6902,1.6705,1.6509,1.6312,1.6116,1.5919,1.5723,1.5526,1.533,1.5133,1.4937,1.474,False,False,False,False,False,False,False,False,False,False,False,False,False,False,False,False,False,False,False,False,False,False,False,False,False
TSLA,2012-09-17,2.1566669940948486,2.185333013534546,2.1006669998168945,2.169332981109619,48192000,2012,9,38,Monday,2.153,2.026000022888184,7.07,6.45,3.69,7.07,-3.69,0,0.0,2.0057,1.9855,1.9652,1.945,1.9247,1.9044,1.8842,1.8639,1.8437,1.8234,1.8031,1.7829,1.7626,1.7424,1.7221,1.7018,1.6816,1.6613,1.6411,1.6208,1.6005,1.5803,1.56,1.5398,1.5195,False,False,False,False,False,False,False,False,False,False,False,False,False,False,False,False,False,False,False,False,False,False,False,False,False
TSLA,2012-09-18,2.125333070755005,2.126667022705078,2.045332908630371,2.0893330574035645,26827500,2012,9,38,Tuesday,2.0967,2.169332981109619,-3.69,-2.03,-5.72,-3.69,5.72,5,10.5213,2.1476,2.1259,2.1043,2.0826,2.0609,2.0392,2.0175,1.9958,1.9741,1.9524,1.9307,1.909,1.8873,1.8656,1.8439,1.8222,1.8005,1.7789,1.7572,1.7355,1.7138,1.6921,1.6704,1.6487,1.627,True,True,True,True,True,False,False,False,False,False,False,False,False,False,False,False,False,False,False,False,False,False,False,False,False
TSLA,2012-09-19,2.066667079925537,2.115999937057495,2.062666893005371,2.069999933242798,15727500,2012,9,38,Wednesday,2.0788,2.0893330574035645,-0.93,-1.08,-1.28,-0.93,1.28,1,2.0684,2.0684,2.0475,2.0267,2.0058,1.9849,1.964,1.9431,1.9222,1.9013,1.8804,1.8595,1.8386,1.8177,1.7968,1.7759,1.755,1.7341,1.7133,1.6924,1.6715,1.6506,1.6297,1.6088,1.5879,1.567,True,False,False,False,False,False,False,False,False,False,False,False,False,False,False,False,False,False,False,False,False,False,False,False,False
TSLA,2012-09-20,2.062000036239624,2.0999999046325684,2.045332908630371,2.059999942779541,13686000,2012,9,38,Thursday,2.0668,2.069999933242798,-0.48,-0.39,-1.19,-0.48,1.19,1,2.0493,2.0493,2.0286,2.0079,1.9872,1.9665,1.9458,1.9251,1.9044,1.8837,1.863,1.8423,1.8216,1.8009,1.7802,1.7595,1.7388,1.7181,1.6974,1.6767,1.656,1.6353,1.6146,1.5939,1.5732,1.5525,True,False,False,False,False,False,False,False,False,False,False,False,False,False,False,False,False,False,False,False,False,False,False,False,False
TSLA,2012-09-21,2.0733330249786377,2.0993330478668213,1.9693330526351929,2.001332998275757,28050000,2012,9,38,Friday,2.0358,2.059999942779541,-2.85,0.65,-4.4,-2.85,4.4,4,8.034,2.0394,2.0188,1.9982,1.9776,1.957,1.9364,1.9158,1.8952,1.8746,1.854,1.8334,1.8128,1.7922,1.7716,1.751,1.7304,1.7098,1.6892,1.6686,1.648,1.6274,1.6068,1.5862,1.5656,1.545,True,True,True,True,False,False,False,False,False,False,False,False,False,False,False,False,False,False,False,False,False,False,False,False,False
TSLA,2012-09-24,1.9673329591751096,2.068666934967041,1.9600000381469729,2.0439999103546143,19528500,2012,9,39,Monday,2.01,2.001332998275757,2.13,-1.7,-2.07,2.13,2.07,2,3.9426,1.9813,1.9613,1.9413,1.9213,1.9013,1.8813,1.8612,1.8412,1.8212,1.8012,1.7812,1.7612,1.7412,1.7211,1.7011,1.6811,1.6611,1.6411,1.6211,1.6011,1.5811,1.561,1.541,1.521,1.501,True,True,False,False,False,False,False,False,False,False,False,False,False,False,False,False,False,False,False,False,False,False,False,False,False
TSLA,2012-09-25,1.9079999923706048,1.9653329849243164,1.835332989692688,1.843999981880188,85206000,2012,9,39,Tuesday,1.8882,2.0439999103546143,-9.78,-6.65,-10.21,-9.78,10.21,10,19.3158,2.0236,2.0031,1.9827,1.9622,1.9418,1.9214,1.9009,1.8805,1.86,1.8396,1.8192,1.7987,1.7783,1.7578,1.7374,1.717,1.6965,1.6761,1.6556,1.6352,1.6148,1.5943,1.5739,1.5534,1.533,True,True,True,True,True,True,True,True,True,True,False,False,False,False,False,False,False,False,False,False,False,False,False,False,False
TSLA,2012-09-26,1.843999981880188,1.8933329582214355,1.8320000171661377,1.8359999656677248,22908000,2012,9,39,Wednesday,1.8513,1.843999981880188,-0.43,0.0,-0.65,-0.43,0.65,0,0.0,1.8256,1.8071,1.7887,1.7702,1.7518,1.7334,1.7149,1.6965,1.678,1.6596,1.6412,1.6227,1.6043,1.5858,1.5674,1.549,1.5305,1.5121,1.4936,1.4752,1.4568,1.4383,1.4199,1.4014,1.383,False,False,False,False,False,False,False,False,False,False,False,False,False,False,False,False,False,False,False,False,False,False,False,False,False
TSLA,2012-09-27,1.8546669483184808,1.9026670455932613,1.840000033378601,1.8993330001831048,26379000,2012,9,39,Thursday,1.8742,1.8359999656677248,3.45,1.02,0.22,3.45,-0.22,0,0.0,1.8176,1.7993,1.7809,1.7626,1.7442,1.7258,1.7075,1.6891,1.6708,1.6524,1.634,1.6157,1.5973,1.579,1.5606,1.5422,1.5239,1.5055,1.4872,1.4688,1.4504,1.4321,1.4137,1.3954,1.377,False,False,False,False,False,False,False,False,False,False,False,False,False,False,False,False,False,False,False,False,False,False,False,False,False
TSLA,2012-09-28,1.915333032608032,1.9926669597625728,1.9073330163955688,1.9520000219345093,65151000,2012,9,39,Friday,1.9418,1.8993330001831048,2.77,0.84,0.42,2.77,-0.42,0,0.0,1.8803,1.8613,1.8424,1.8234,1.8044,1.7854,1.7664,1.7474,1.7284,1.7094,1.6904,1.6714,1.6524,1.6334,1.6144,1.5954,1.5764,1.5575,1.5385,1.5195,1.5005,1.4815,1.4625,1.4435,1.4245,False,False,False,False,False,False,False,False,False,False,False,False,False,False,False,False,False,False,False,False,False,False,False,False,False
TSLA,2012-10-01,1.9666670560836792,1.9926669597625728,1.9333330392837524,1.944000005722046,13266000,2012,10,40,Monday,1.9592,1.9520000219345093,-0.41,0.75,-0.96,-0.41,0.96,0,0.0,1.9325,1.913,1.8934,1.8739,1.8544,1.8349,1.8154,1.7958,1.7763,1.7568,1.7373,1.7178,1.6982,1.6787,1.6592,1.6397,1.6202,1.6006,1.5811,1.5616,1.5421,1.5226,1.503,1.4835,1.464,False,False,False,False,False,False,False,False,False,False,False,False,False,False,False,False,False,False,False,False,False,False,False,False,False
TSLA,2012-10-02,1.9520000219345093,1.9926669597625728,1.9333330392837524,1.9866670370101929,10935000,2012,10,40,Tuesday,1.9662,1.944000005722046,2.19,0.41,-0.55,2.19,0.55,0,0.0,1.9246,1.9051,1.8857,1.8662,1.8468,1.8274,1.8079,1.7885,1.769,1.7496,1.7302,1.7107,1.6913,1.6718,1.6524,1.633,1.6135,1.5941,1.5746,1.5552,1.5358,1.5163,1.4969,1.4774,1.458,False,False,False,False,False,False,False,False,False,False,False,False,False,False,False,False,False,False,False,False,False,False,False,False,False
TSLA,2012-10-03,1.9833329916000368,1.9966670274734497,1.9493329524993896,1.953333020210266,15792000,2012,10,40,Wednesday,1.9707,1.9866670370101929,-1.68,-0.17,-1.88,-1.68,1.88,1,1.9668,1.9668,1.9469,1.9271,1.9072,1.8873,1.8675,1.8476,1.8277,1.8079,1.788,1.7681,1.7483,1.7284,1.7085,1.6887,1.6688,1.6489,1.6291,1.6092,1.5893,1.5695,1.5496,1.5297,1.5099,1.49,True,False,False,False,False,False,False,False,False,False,False,False,False,False,False,False,False,False,False,False,False,False,False,False,False
TSLA,2012-10-04,2.0,2.006666898727417,1.909999966621399,1.9600000381469729,23119500,2012,10,40,Thursday,1.9692,1.953333020210266,0.34,2.39,-2.22,0.34,2.22,2,3.8481,1.9338,1.9143,1.8947,1.8752,1.8557,1.8361,1.8166,1.7971,1.7775,1.758,1.7385,1.7189,1.6994,1.6799,1.6603,1.6408,1.6213,1.6017,1.5822,1.5627,1.5431,1.5236,1.5041,1.4845,1.465,True,True,False,False,False,False,False,False,False,False,False,False,False,False,False,False,False,False,False,False,False,False,False,False,False
TSLA,2012-10-05,1.9800000190734863,1.987333059310913,1.9119999408721924,1.9259999990463257,14079000,2012,10,40,Friday,1.9513,1.9600000381469729,-1.73,1.02,-2.45,-1.73,2.45,2,3.8612,1.9404,1.9208,1.9012,1.8816,1.862,1.8424,1.8228,1.8032,1.7836,1.764,1.7444,1.7248,1.7052,1.6856,1.666,1.6464,1.6268,1.6072,1.5876,1.568,1.5484,1.5288,1.5092,1.4896,1.47,True,True,False,False,False,False,False,False,False,False,False,False,False,False,False,False,False,False,False,False,False,False,False,False,False
TSLA,2012-10-08,1.924000024795532,1.9600000381469729,1.9073330163955688,1.950000047683716,13345500,2012,10,41,Monday,1.9353,1.9259999990463257,1.25,-0.1,-0.97,1.25,0.97,0,0.0,1.9067,1.8875,1.8682,1.849,1.8297,1.8104,1.7912,1.7719,1.7527,1.7334,1.7141,1.6949,1.6756,1.6564,1.6371,1.6178,1.5986,1.5793,1.5601,1.5408,1.5215,1.5023,1.483,1.4638,1.4445,False,False,False,False,False,False,False,False,False,False,False,False,False,False,False,False,False,False,False,False,False,False,False,False,False
TSLA,2012-10-09,1.941333055496216,1.941333055496216,1.8833329677581787,1.891332983970642,17895000,2012,10,41,Tuesday,1.9143,1.950000047683716,-3.01,-0.44,-3.42,-3.01,3.42,3,5.733,1.9305,1.911,1.8915,1.872,1.8525,1.833,1.8135,1.794,1.7745,1.755,1.7355,1.716,1.6965,1.677,1.6575,1.638,1.6185,1.599,1.5795,1.56,1.5405,1.521,1.5015,1.482,1.4625,True,True,True,False,False,False,False,False,False,False,False,False,False,False,False,False,False,False,False,False,False,False,False,False,False
TSLA,2012-10-10,1.8926670551300049,1.914667010307312,1.8673330545425413,1.8933329582214355,7554000,2012,10,41,Wednesday,1.892,1.891332983970642,0.11,0.07,-1.27,0.11,1.27,1,1.8724,1.8724,1.8535,1.8346,1.8157,1.7968,1.7779,1.7589,1.74,1.7211,1.7022,1.6833,1.6644,1.6455,1.6265,1.6076,1.5887,1.5698,1.5509,1.532,1.5131,1.4942,1.4752,1.4563,1.4374,1.4185,True,False,False,False,False,False,False,False,False,False,False,False,False,False,False,False,False,False,False,False,False,False,False,False,False
TSLA,2012-10-11,1.929332971572876,1.932000041007996,1.8833329677581787,1.888000011444092,6759000,2012,10,41,Thursday,1.9082,1.8933329582214355,-0.28,1.9,-0.53,-0.28,0.53,0,0.0,1.8744,1.8555,1.8365,1.8176,1.7987,1.7797,1.7608,1.7419,1.7229,1.704,1.6851,1.6661,1.6472,1.6283,1.6093,1.5904,1.5715,1.5525,1.5336,1.5147,1.4957,1.4768,1.4579,1.4389,1.42,False,False,False,False,False,False,False,False,False,False,False,False,False,False,False,False,False,False,False,False,False,False,False,False,False
TSLA,2012-10-12,1.888000011444092,1.915333032608032,1.8333330154418943,1.8426669836044312,14814000,2012,10,41,Friday,1.8698,1.888000011444092,-2.4,0.0,-2.9,-2.4,2.9,2,3.7194,1.8691,1.8502,1.8314,1.8125,1.7936,1.7747,1.7558,1.737,1.7181,1.6992,1.6803,1.6614,1.6426,1.6237,1.6048,1.5859,1.567,1.5482,1.5293,1.5104,1.4915,1.4726,1.4538,1.4349,1.416,True,True,False,False,False,False,False,False,False,False,False,False,False,False,False,False,False,False,False,False,False,False,False,False,False
TSLA,2012-10-15,1.868000030517578,1.870000004768372,1.7906670570373535,1.8220000267028809,22030500,2012,10,42,Monday,1.8377,1.8426669836044312,-1.12,1.37,-2.82,-1.12,2.82,2,3.6301,1.8242,1.8058,1.7874,1.769,1.7505,1.7321,1.7137,1.6953,1.6768,1.6584,1.64,1.6215,1.6031,1.5847,1.5663,1.5478,1.5294,1.511,1.4926,1.4741,1.4557,1.4373,1.4189,1.4004,1.382,True,True,False,False,False,False,False,False,False,False,False,False,False,False,False,False,False,False,False,False,False,False,False,False,False
TSLA,2012-10-16,1.8446669578552248,1.8726669549942017,1.8226670026779173,1.870666980743408,7189500,2012,10,42,Tuesday,1.8527,1.8220000267028809,2.67,1.24,0.04,2.67,-0.04,0,0.0,1.8038,1.7856,1.7673,1.7491,1.7309,1.7127,1.6945,1.6762,1.658,1.6398,1.6216,1.6034,1.5851,1.5669,1.5487,1.5305,1.5123,1.494,1.4758,1.4576,1.4394,1.4212,1.4029,1.3847,1.3665,False,False,False,False,False,False,False,False,False,False,False,False,False,False,False,False,False,False,False,False,False,False,False,False,False
TSLA,2012-10-17,1.8833329677581787,1.922667026519776,1.853332996368408,1.9213329553604128,10020000,2012,10,42,Wednesday,1.8952,1.870666980743408,2.71,0.68,-0.93,2.71,0.93,0,0.0,1.852,1.8333,1.8145,1.7958,1.7771,1.7584,1.7397,1.721,1.7023,1.6836,1.6649,1.6462,1.6275,1.6088,1.5901,1.5714,1.5527,1.5339,1.5152,1.4965,1.4778,1.4591,1.4404,1.4217,1.403,False,False,False,False,False,False,False,False,False,False,False,False,False,False,False,False,False,False,False,False,False,False,False,False,False
TSLA,2012-10-18,1.932667016983032,1.932667016983032,1.851999998092652,1.869333028793335,11115000,2012,10,42,Thursday,1.8967,1.9213329553604128,-2.71,0.59,-3.61,-2.71,3.61,3,5.6487,1.9021,1.8829,1.8637,1.8445,1.8253,1.8061,1.7868,1.7676,1.7484,1.7292,1.71,1.6908,1.6716,1.6523,1.6331,1.6139,1.5947,1.5755,1.5563,1.5371,1.5179,1.4986,1.4794,1.4602,1.441,True,True,True,False,False,False,False,False,False,False,False,False,False,False,False,False,False,False,False,False,False,False,False,False,False
TSLA,2012-10-19,1.8553329706192017,1.8799999952316284,1.820000052452088,1.8493330478668213,15411000,2012,10,42,Friday,1.8512,1.869333028793335,-1.07,-0.75,-2.64,-1.07,2.64,2,3.6826,1.8506,1.8319,1.8133,1.7946,1.7759,1.7572,1.7385,1.7198,1.7011,1.6824,1.6637,1.645,1.6263,1.6076,1.5889,1.5702,1.5515,1.5329,1.5142,1.4955,1.4768,1.4581,1.4394,1.4207,1.402,True,True,False,False,False,False,False,False,False,False,False,False,False,False,False,False,False,False,False,False,False,False,False,False,False
TSLA,2012-10-22,1.866000056266785,1.8666670322418213,1.8240000009536743,1.8566670417785645,7053000,2012,10,43,Monday,1.8533,1.8493330478668213,0.4,0.9,-1.37,0.4,1.37,1,1.8308,1.8308,1.8123,1.7939,1.7754,1.7569,1.7384,1.7199,1.7014,1.6829,1.6644,1.6459,1.6274,1.6089,1.5904,1.5719,1.5534,1.5349,1.5165,1.498,1.4795,1.461,1.4425,1.424,1.4055,1.387,True,False,False,False,False,False,False,False,False,False,False,False,False,False,False,False,False,False,False,False,False,False,False,False,False
TSLA,2012-10-23,1.8253329992294312,1.9040000438690183,1.824666976928711,1.8926670551300049,11235000,2012,10,43,Tuesday,1.8617,1.8566670417785645,1.94,-1.69,-1.72,1.94,1.72,1,1.8381,1.8381,1.8195,1.801,1.7824,1.7638,1.7453,1.7267,1.7081,1.6896,1.671,1.6524,1.6339,1.6153,1.5967,1.5782,1.5596,1.541,1.5225,1.5039,1.4853,1.4668,1.4482,1.4296,1.4111,1.3925,True,False,False,False,False,False,False,False,False,False,False,False,False,False,False,False,False,False,False,False,False,False,False,False,False
TSLA,2012-10-24,1.901332974433899,1.901332974433899,1.816666960716248,1.8279999494552608,15246000,2012,10,43,Wednesday,1.8618,1.8926670551300049,-3.42,0.46,-4.02,-3.42,4.02,4,7.3814,1.8737,1.8548,1.8359,1.817,1.798,1.7791,1.7602,1.7413,1.7223,1.7034,1.6845,1.6655,1.6466,1.6277,1.6088,1.5898,1.5709,1.552,1.5331,1.5141,1.4952,1.4763,1.4574,1.4384,1.4195,True,True,True,True,False,False,False,False,False,False,False,False,False,False,False,False,False,False,False,False,False,False,False,False,False
TSLA,2012-10-25,1.853332996368408,1.853332996368408,1.830000042915344,1.834666967391968,8665500,2012,10,43,Thursday,1.8428,1.8279999494552608,0.36,1.39,0.11,0.36,-0.11,0,0.0,1.8097,1.7914,1.7732,1.7549,1.7366,1.7183,1.7,1.6818,1.6635,1.6452,1.6269,1.6086,1.5904,1.5721,1.5538,1.5355,1.5172,1.499,1.4807,1.4624,1.4441,1.4258,1.4076,1.3893,1.371,False,False,False,False,False,False,False,False,False,False,False,False,False,False,False,False,False,False,False,False,False,False,False,False,False
TSLA,2012-10-26,1.835332989692688,1.853332996368408,1.801332950592041,1.8253329992294312,7161000,2012,10,43,Friday,1.8288,1.834666967391968,-0.51,0.04,-1.82,-0.51,1.82,1,1.8163,1.8163,1.798,1.7796,1.7613,1.7429,1.7246,1.7062,1.6879,1.6695,1.6512,1.6329,1.6145,1.5962,1.5778,1.5595,1.5411,1.5228,1.5044,1.4861,1.4677,1.4494,1.431,1.4127,1.3943,1.376,True,False,False,False,False,False,False,False,False,False,False,False,False,False,False,False,False,False,False,False,False,False,False,False,False
TSLA,2012-10-31,1.846667051315308,1.8899999856948853,1.824666976928711,1.875332951545716,11628000,2012,10,44,Wednesday,1.8592,1.8253329992294312,2.74,1.17,-0.04,2.74,0.04,0,0.0,1.8071,1.7888,1.7706,1.7523,1.7341,1.7158,1.6976,1.6793,1.6611,1.6428,1.6245,1.6063,1.588,1.5698,1.5515,1.5333,1.515,1.4968,1.4785,1.4603,1.442,1.4238,1.4055,1.3873,1.369,False,False,False,False,False,False,False,False,False,False,False,False,False,False,False,False,False,False,False,False,False,False,False,False,False
TSLA,2012-11-01,1.8833329677581787,1.965999960899353,1.8799999952316284,1.950000047683716,15361500,2012,11,44,Thursday,1.9198,1.875332951545716,3.98,0.43,0.25,3.98,-0.25,0,0.0,1.8566,1.8378,1.8191,1.8003,1.7816,1.7628,1.7441,1.7253,1.7066,1.6878,1.669,1.6503,1.6315,1.6128,1.594,1.5753,1.5565,1.5378,1.519,1.5003,1.4815,1.4628,1.444,1.4253,1.4065,False,False,False,False,False,False,False,False,False,False,False,False,False,False,False,False,False,False,False,False,False,False,False,False,False
TSLA,2012-11-02,1.9513330459594729,1.9700000286102293,1.9033329486846924,1.9279999732971191,15454500,2012,11,44,Friday,1.9382,1.950000047683716,-1.13,0.07,-2.39,-1.13,2.39,2,3.8415,1.9305,1.911,1.8915,1.872,1.8525,1.833,1.8135,1.794,1.7745,1.755,1.7355,1.716,1.6965,1.677,1.6575,1.638,1.6185,1.599,1.5795,1.56,1.5405,1.521,1.5015,1.482,1.4625,True,True,False,False,False,False,False,False,False,False,False,False,False,False,False,False,False,False,False,False,False,False,False,False,False
TSLA,2012-11-05,1.9866670370101929,2.105333089828491,1.95533299446106,2.0999999046325684,30733500,2012,11,45,Monday,2.0368,1.9279999732971191,8.92,3.04,1.42,8.92,-1.42,0,0.0,1.9087,1.8894,1.8702,1.8509,1.8316,1.8123,1.793,1.7738,1.7545,1.7352,1.7159,1.6966,1.6774,1.6581,1.6388,1.6195,1.6002,1.581,1.5617,1.5424,1.5231,1.5038,1.4846,1.4653,1.446,False,False,False,False,False,False,False,False,False,False,False,False,False,False,False,False,False,False,False,False,False,False,False,False,False
TSLA,2012-11-06,2.040667057037353,2.0799999237060547,1.9966670274734497,2.076667070388794,34860000,2012,11,45,Tuesday,2.0485,2.0999999046325684,-1.11,-2.83,-4.92,-1.11,4.92,4,8.19,2.079,2.058,2.037,2.016,1.995,1.974,1.953,1.932,1.911,1.89,1.869,1.848,1.827,1.806,1.785,1.764,1.743,1.722,1.701,1.68,1.659,1.638,1.617,1.596,1.575,True,True,True,True,False,False,False,False,False,False,False,False,False,False,False,False,False,False,False,False,False,False,False,False,False
TSLA,2012-11-07,2.066667079925537,2.136667013168335,2.053999900817871,2.102667093276977,25717500,2012,11,45,Wednesday,2.09,2.076667070388794,1.25,-0.48,-1.09,1.25,1.09,1,2.0559,2.0559,2.0351,2.0144,1.9936,1.9728,1.9521,1.9313,1.9105,1.8898,1.869,1.8482,1.8275,1.8067,1.7859,1.7652,1.7444,1.7236,1.7029,1.6821,1.6613,1.6406,1.6198,1.599,1.5783,1.5575,True,False,False,False,False,False,False,False,False,False,False,False,False,False,False,False,False,False,False,False,False,False,False,False,False
TSLA,2012-11-08,2.067332983016968,2.125333070755005,2.062666893005371,2.087332963943481,19110000,2012,11,45,Thursday,2.0857,2.102667093276977,-0.73,-1.68,-1.9,-0.73,1.9,1,2.0816,2.0816,2.0606,2.0396,2.0186,1.9975,1.9765,1.9555,1.9345,1.9134,1.8924,1.8714,1.8503,1.8293,1.8083,1.7873,1.7662,1.7452,1.7242,1.7032,1.6821,1.6611,1.6401,1.6191,1.598,1.577,True,False,False,False,False,False,False,False,False,False,False,False,False,False,False,False,False,False,False,False,False,False,False,False,False
TSLA,2012-11-09,2.039999961853028,2.062000036239624,1.9900000095367432,2.0213329792022705,12945000,2012,11,45,Friday,2.0283,2.087332963943481,-3.16,-2.27,-4.66,-3.16,4.66,4,8.1406,2.0665,2.0456,2.0247,2.0038,1.983,1.9621,1.9412,1.9203,1.8995,1.8786,1.8577,1.8369,1.816,1.7951,1.7742,1.7534,1.7325,1.7116,1.6907,1.6699,1.649,1.6281,1.6072,1.5864,1.5655,True,True,True,True,False,False,False,False,False,False,False,False,False,False,False,False,False,False,False,False,False,False,False,False,False
TSLA,2012-11-12,2.0193328857421875,2.0946669578552246,2.010667085647583,2.0713329315185547,8338500,2012,11,46,Monday,2.049,2.0213329792022705,2.47,-0.1,-0.53,2.47,0.53,0,0.0,2.0011,1.9809,1.9607,1.9405,1.9203,1.9001,1.8798,1.8596,1.8394,1.8192,1.799,1.7788,1.7586,1.7383,1.7181,1.6979,1.6777,1.6575,1.6373,1.6171,1.5969,1.5766,1.5564,1.5362,1.516,False,False,False,False,False,False,False,False,False,False,False,False,False,False,False,False,False,False,False,False,False,False,False,False,False
TSLA,2012-11-13,2.0859999656677246,2.1333329677581787,2.0480000972747803,2.107332944869995,14974500,2012,11,46,Tuesday,2.0937,2.0713329315185547,1.74,0.71,-1.13,1.74,1.13,1,2.0506,2.0506,2.0299,2.0092,1.9885,1.9678,1.9471,1.9263,1.9056,1.8849,1.8642,1.8435,1.8228,1.8021,1.7813,1.7606,1.7399,1.7192,1.6985,1.6778,1.6571,1.6364,1.6156,1.5949,1.5742,1.5535,True,False,False,False,False,False,False,False,False,False,False,False,False,False,False,False,False,False,False,False,False,False,False,False,False
TSLA,2012-11-14,2.130666971206665,2.141333103179932,2.0799999237060547,2.0920000076293945,13069500,2012,11,46,Wednesday,2.111,2.107332944869995,-0.73,1.11,-1.3,-0.73,1.3,1,2.0863,2.0863,2.0652,2.0441,2.023,2.002,1.9809,1.9598,1.9387,1.9177,1.8966,1.8755,1.8545,1.8334,1.8123,1.7912,1.7702,1.7491,1.728,1.7069,1.6859,1.6648,1.6437,1.6226,1.6016,1.5805,True,False,False,False,False,False,False,False,False,False,False,False,False,False,False,False,False,False,False,False,False,False,False,False,False
TSLA,2012-11-15,2.086667060852051,2.095999956130981,2.0333330631256104,2.0546669960021973,14760000,2012,11,46,Thursday,2.0677,2.0920000076293945,-1.78,-0.25,-2.8,-1.78,2.8,2,4.1212,2.0711,2.0502,2.0292,2.0083,1.9874,1.9665,1.9456,1.9246,1.9037,1.8828,1.8619,1.841,1.82,1.7991,1.7782,1.7573,1.7364,1.7154,1.6945,1.6736,1.6527,1.6318,1.6108,1.5899,1.569,True,True,False,False,False,False,False,False,False,False,False,False,False,False,False,False,False,False,False,False,False,False,False,False,False
TSLA,2012-11-16,2.076667070388794,2.1333329677581787,2.0393331050872803,2.122667074203491,13630500,2012,11,46,Friday,2.093,2.0546669960021973,3.31,1.07,-0.75,3.31,0.75,0,0.0,2.0341,2.0136,1.993,1.9725,1.9519,1.9314,1.9108,1.8903,1.8697,1.8492,1.8287,1.8081,1.7876,1.767,1.7465,1.7259,1.7054,1.6848,1.6643,1.6437,1.6232,1.6026,1.5821,1.5615,1.541,False,False,False,False,False,False,False,False,False,False,False,False,False,False,False,False,False,False,False,False,False,False,False,False,False
TSLA,2012-11-19,2.138000011444092,2.2166669368743896,2.122667074203491,2.194667100906372,20886000,2012,11,47,Monday,2.168,2.122667074203491,3.39,0.72,0.0,3.39,0.0,0,0.0,2.1014,2.0802,2.059,2.0378,2.0165,1.9953,1.9741,1.9529,1.9316,1.9104,1.8892,1.8679,1.8467,1.8255,1.8043,1.783,1.7618,1.7406,1.7194,1.6981,1.6769,1.6557,1.6345,1.6132,1.592,False,False,False,False,False,False,False,False,False,False,False,False,False,False,False,False,False,False,False,False,False,False,False,False,False
TSLA,2012-11-20,2.186666965484619,2.206666946411133,2.127332925796509,2.200000047683716,13837500,2012,11,47,Tuesday,2.1802,2.194667100906372,0.24,-0.36,-3.07,0.24,3.07,3,6.4523,2.1727,2.1508,2.1288,2.1069,2.0849,2.063,2.041,2.0191,1.9971,1.9752,1.9533,1.9313,1.9094,1.8874,1.8655,1.8435,1.8216,1.7996,1.7777,1.7557,1.7338,1.7118,1.6899,1.6679,1.646,True,True,True,False,False,False,False,False,False,False,False,False,False,False,False,False,False,False,False,False,False,False,False,False,False
TSLA,2012-11-21,2.174000024795532,2.231333017349243,2.1526670455932617,2.1646668910980225,14448000,2012,11,47,Wednesday,2.1807,2.200000047683716,-1.61,-1.18,-2.15,-1.61,2.15,2,4.334,2.178,2.156,2.134,2.112,2.09,2.068,2.046,2.024,2.002,1.98,1.958,1.936,1.914,1.892,1.87,1.848,1.826,1.804,1.782,1.76,1.738,1.716,1.694,1.672,1.65,True,True,False,False,False,False,False,False,False,False,False,False,False,False,False,False,False,False,False,False,False,False,False,False,False
TSLA,2012-11-23,2.173332929611206,2.188667058944702,2.113332986831665,2.1419999599456787,6454500,2012,11,47,Friday,2.1543,2.1646668910980225,-1.05,0.4,-2.37,-1.05,2.37,2,4.2644,2.143,2.1214,2.0997,2.0781,2.0564,2.0348,2.0131,1.9915,1.9698,1.9482,1.9266,1.9049,1.8833,1.8616,1.84,1.8183,1.7967,1.775,1.7534,1.7317,1.7101,1.6884,1.6668,1.6451,1.6235,True,True,False,False,False,False,False,False,False,False,False,False,False,False,False,False,False,False,False,False,False,False,False,False,False
TSLA,2012-11-26,2.140000104904175,2.1533329486846924,2.1080000400543213,2.1513330936431885,7437000,2012,11,48,Monday,2.1382,2.1419999599456787,0.44,-0.09,-1.59,0.44,1.59,1,2.1206,2.1206,2.0992,2.0777,2.0563,2.0349,2.0135,1.9921,1.9706,1.9492,1.9278,1.9064,1.885,1.8635,1.8421,1.8207,1.7993,1.7779,1.7564,1.735,1.7136,1.6922,1.6708,1.6493,1.6279,1.6065,True,False,False,False,False,False,False,False,False,False,False,False,False,False,False,False,False,False,False,False,False,False,False,False,False
TSLA,2012-11-27,2.1419999599456787,2.177333116531372,2.101332902908325,2.1433329582214355,13662000,2012,11,48,Tuesday,2.141,2.1513330936431885,-0.37,-0.43,-2.32,-0.37,2.32,2,4.2381,2.1298,2.1083,2.0868,2.0653,2.0438,2.0223,2.0007,1.9792,1.9577,1.9362,1.9147,1.8932,1.8717,1.8501,1.8286,1.8071,1.7856,1.7641,1.7426,1.7211,1.6996,1.678,1.6565,1.635,1.6135,True,True,False,False,False,False,False,False,False,False,False,False,False,False,False,False,False,False,False,False,False,False,False,False,False
TSLA,2012-11-28,2.1333329677581787,2.2860000133514404,2.127332925796509,2.2153329849243164,22878000,2012,11,48,Wednesday,2.1905,2.1433329582214355,3.36,-0.47,-0.75,3.36,0.75,0,0.0,2.1219,2.1005,2.079,2.0576,2.0362,2.0147,1.9933,1.9719,1.9504,1.929,1.9076,1.8861,1.8647,1.8433,1.8218,1.8004,1.779,1.7575,1.7361,1.7147,1.6932,1.6718,1.6504,1.6289,1.6075,False,False,False,False,False,False,False,False,False,False,False,False,False,False,False,False,False,False,False,False,False,False,False,False,False
TSLA,2012-11-29,2.22933292388916,2.266666889190674,2.191333055496216,2.246000051498413,16551000,2012,11,48,Thursday,2.2333,2.2153329849243164,1.38,0.63,-1.08,1.38,1.08,1,2.1932,2.1932,2.171,2.1489,2.1267,2.1046,2.0824,2.0603,2.0381,2.016,1.9938,1.9716,1.9495,1.9273,1.9052,1.883,1.8609,1.8387,1.8166,1.7944,1.7723,1.7501,1.728,1.7058,1.6837,1.6615,True,False,False,False,False,False,False,False,False,False,False,False,False,False,False,False,False,False,False,False,False,False,False,False,False
TSLA,2012-11-30,2.242000102996826,2.2853329181671143,2.200666904449463,2.254667043685913,21304500,2012,11,48,Friday,2.2457,2.246000051498413,0.39,-0.18,-2.02,0.39,2.02,2,4.4246,2.2235,2.2011,2.1786,2.1562,2.1337,2.1112,2.0888,2.0663,2.0439,2.0214,1.9989,1.9765,1.954,1.9316,1.9091,1.8866,1.8642,1.8417,1.8193,1.7968,1.7743,1.7519,1.7294,1.707,1.6845,True,True,False,False,False,False,False,False,False,False,False,False,False,False,False,False,False,False,False,False,False,False,False,False,False
TSLA,2012-12-03,2.2593328952789307,2.3333330154418945,2.233333110809326,2.308000087738037,31285500,2012,12,49,Monday,2.2835,2.254667043685913,2.37,0.21,-0.95,2.37,0.95,0,0.0,2.2321,2.2096,2.187,2.1645,2.1419,2.1194,2.0968,2.0743,2.0517,2.0292,2.0067,1.9841,1.9616,1.939,1.9165,1.8939,1.8714,1.8488,1.8263,1.8037,1.7812,1.7586,1.7361,1.7135,1.691,False,False,False,False,False,False,False,False,False,False,False,False,False,False,False,False,False,False,False,False,False,False,False,False,False
TSLA,2012-12-04,2.2720000743865967,2.319999933242798,2.236666917800904,2.259999990463257,18949500,2012,12,49,Tuesday,2.2722,2.308000087738037,-2.08,-1.56,-3.09,-2.08,3.09,3,6.7855,2.2849,2.2618,2.2388,2.2157,2.1926,2.1695,2.1464,2.1234,2.1003,2.0772,2.0541,2.031,2.008,1.9849,1.9618,1.9387,1.9156,1.8926,1.8695,1.8464,1.8233,1.8002,1.7772,1.7541,1.731,True,True,True,False,False,False,False,False,False,False,False,False,False,False,False,False,False,False,False,False,False,False,False,False,False
TSLA,2012-12-05,2.254667043685913,2.2793331146240234,2.2386670112609863,2.24733304977417,9922500,2012,12,49,Wednesday,2.255,2.259999990463257,-0.56,-0.24,-0.94,-0.56,0.94,0,0.0,2.2374,2.2148,2.1922,2.1696,2.147,2.1244,2.1018,2.0792,2.0566,2.034,2.0114,1.9888,1.9662,1.9436,1.921,1.8984,1.8758,1.8532,1.8306,1.808,1.7854,1.7628,1.7402,1.7176,1.695,False,False,False,False,False,False,False,False,False,False,False,False,False,False,False,False,False,False,False,False,False,False,False,False,False
TSLA,2012-12-06,2.254667043685913,2.319999933242798,2.233333110809326,2.259999990463257,9906000,2012,12,49,Thursday,2.267,2.24733304977417,0.56,0.33,-0.62,0.56,0.62,0,0.0,2.2249,2.2024,2.1799,2.1574,2.135,2.1125,2.09,2.0675,2.0451,2.0226,2.0001,1.9777,1.9552,1.9327,1.9102,1.8878,1.8653,1.8428,1.8203,1.7979,1.7754,1.7529,1.7304,1.708,1.6855,False,False,False,False,False,False,False,False,False,False,False,False,False,False,False,False,False,False,False,False,False,False,False,False,False
TSLA,2012-12-07,2.2866671085357666,2.299333095550537,2.256666898727417,2.2780001163482666,9966000,2012,12,49,Friday,2.2802,2.259999990463257,0.8,1.18,-0.15,0.8,0.15,0,0.0,2.2374,2.2148,2.1922,2.1696,2.147,2.1244,2.1018,2.0792,2.0566,2.034,2.0114,1.9888,1.9662,1.9436,1.921,1.8984,1.8758,1.8532,1.8306,1.808,1.7854,1.7628,1.7402,1.7176,1.695,False,False,False,False,False,False,False,False,False,False,False,False,False,False,False,False,False,False,False,False,False,False,False,False,False
TSLA,2012-12-10,2.295332908630371,2.319999933242798,2.2786669731140137,2.3046669960021973,13947000,2012,12,50,Monday,2.2997,2.2780001163482666,1.17,0.76,0.03,1.17,-0.03,0,0.0,2.2552,2.2324,2.2097,2.1869,2.1641,2.1413,2.1185,2.0958,2.073,2.0502,2.0274,2.0046,1.9819,1.9591,1.9363,1.9135,1.8907,1.868,1.8452,1.8224,1.7996,1.7768,1.7541,1.7313,1.7085,False,False,False,False,False,False,False,False,False,False,False,False,False,False,False,False,False,False,False,False,False,False,False,False,False
TSLA,2012-12-11,2.3066670894622803,2.3666670322418213,2.297333002090454,2.351999998092652,23589000,2012,12,50,Tuesday,2.3307,2.3046669960021973,2.05,0.09,-0.32,2.05,0.32,0,0.0,2.2816,2.2586,2.2355,2.2125,2.1894,2.1664,2.1433,2.1203,2.0972,2.0742,2.0512,2.0281,2.0051,1.982,1.959,1.9359,1.9129,1.8898,1.8668,1.8437,1.8207,1.7976,1.7746,1.7515,1.7285,False,False,False,False,False,False,False,False,False,False,False,False,False,False,False,False,False,False,False,False,False,False,False,False,False
TSLA,2012-12-12,2.3473329544067383,2.386667013168335,2.3299999237060547,2.3506669998168945,30957000,2012,12,50,Wednesday,2.3537,2.351999998092652,-0.06,-0.2,-0.94,-0.06,0.94,0,0.0,2.3285,2.305,2.2814,2.2579,2.2344,2.2109,2.1874,2.1638,2.1403,2.1168,2.0933,2.0698,2.0462,2.0227,1.9992,1.9757,1.9522,1.9286,1.9051,1.8816,1.8581,1.8346,1.811,1.7875,1.764,False,False,False,False,False,False,False,False,False,False,False,False,False,False,False,False,False,False,False,False,False,False,False,False,False
TSLA,2012-12-13,2.3506669998168945,2.353332996368408,2.183332920074463,2.2406671047210693,32269500,2012,12,50,Thursday,2.282,2.3506669998168945,-4.68,0.0,-7.12,-4.68,7.12,7,15.7965,2.3272,2.3037,2.2801,2.2566,2.2331,2.2096,2.1861,2.1626,2.1391,2.1156,2.0921,2.0686,2.0451,2.0216,1.9981,1.9746,1.9511,1.9275,1.904,1.8805,1.857,1.8335,1.81,1.7865,1.763,True,True,True,True,True,True,True,False,False,False,False,False,False,False,False,False,False,False,False,False,False,False,False,False,False
TSLA,2012-12-14,2.252000093460083,2.293333053588867,2.239332914352417,2.253999948501587,15345000,2012,12,50,Friday,2.2597,2.2406671047210693,0.6,0.51,-0.06,0.6,0.06,0,0.0,2.2183,2.1959,2.1734,2.151,2.1286,2.1062,2.0838,2.0614,2.039,2.0166,1.9942,1.9718,1.9494,1.927,1.9046,1.8822,1.8598,1.8373,1.8149,1.7925,1.7701,1.7477,1.7253,1.7029,1.6805,False,False,False,False,False,False,False,False,False,False,False,False,False,False,False,False,False,False,False,False,False,False,False,False,False
TSLA,2012-12-17,2.251332998275757,2.299999952316284,2.25,2.293333053588867,12373500,2012,12,51,Monday,2.2737,2.253999948501587,1.75,-0.12,-0.18,1.75,0.18,0,0.0,2.2315,2.2089,2.1864,2.1638,2.1413,2.1188,2.0962,2.0737,2.0511,2.0286,2.0061,1.9835,1.961,1.9384,1.9159,1.8934,1.8708,1.8483,1.8257,1.8032,1.7807,1.7581,1.7356,1.713,1.6905,False,False,False,False,False,False,False,False,False,False,False,False,False,False,False,False,False,False,False,False,False,False,False,False,False
TSLA,2012-12-18,2.2839999198913574,2.338000059127808,2.2839999198913574,2.305999994277954,23308500,2012,12,51,Tuesday,2.303,2.293333053588867,0.55,-0.41,-0.41,0.55,0.41,0,0.0,2.2704,2.2475,2.2245,2.2016,2.1787,2.1557,2.1328,2.1099,2.0869,2.064,2.0411,2.0181,1.9952,1.9723,1.9493,1.9264,1.9035,1.8805,1.8576,1.8347,1.8117,1.7888,1.7659,1.7429,1.72,False,False,False,False,False,False,False,False,False,False,False,False,False,False,False,False,False,False,False,False,False,False,False,False,False
TSLA,2012-12-19,2.316667079925537,2.3506669998168945,2.301332950592041,2.307332992553711,19482000,2012,12,51,Wednesday,2.319,2.305999994277954,0.06,0.46,-0.2,0.06,0.2,0,0.0,2.2829,2.2599,2.2368,2.2138,2.1907,2.1676,2.1446,2.1215,2.0985,2.0754,2.0523,2.0293,2.0062,1.9832,1.9601,1.937,1.914,1.8909,1.8679,1.8448,1.8217,1.7987,1.7756,1.7526,1.7295,False,False,False,False,False,False,False,False,False,False,False,False,False,False,False,False,False,False,False,False,False,False,False,False,False
TSLA,2012-12-20,2.3006670475006104,2.319333076477051,2.2699999809265137,2.295332908630371,13818000,2012,12,51,Thursday,2.2963,2.307332992553711,-0.52,-0.29,-1.62,-0.52,1.62,1,2.2843,2.2843,2.2612,2.2381,2.215,2.192,2.1689,2.1458,2.1227,2.0997,2.0766,2.0535,2.0305,2.0074,1.9843,1.9612,1.9382,1.9151,1.892,1.8689,1.8459,1.8228,1.7997,1.7766,1.7536,1.7305,True,False,False,False,False,False,False,False,False,False,False,False,False,False,False,False,False,False,False,False,False,False,False,False,False
TSLA,2012-12-21,2.262666940689087,2.2780001163482666,2.2386670112609863,2.266666889190674,22386000,2012,12,51,Friday,2.2615,2.295332908630371,-1.25,-1.42,-2.47,-1.25,2.47,2,4.5218,2.2724,2.2494,2.2265,2.2035,2.1806,2.1576,2.1347,2.1117,2.0888,2.0658,2.0428,2.0199,1.9969,1.974,1.951,1.9281,1.9051,1.8822,1.8592,1.8363,1.8133,1.7904,1.7674,1.7445,1.7215,True,True,False,False,False,False,False,False,False,False,False,False,False,False,False,False,False,False,False,False,False,False,False,False,False
TSLA,2012-12-24,2.242666959762573,2.289999961853028,2.236666917800904,2.2853329181671143,5637000,2012,12,52,Monday,2.2637,2.266666889190674,0.82,-1.06,-1.32,0.82,1.32,1,2.244,2.244,2.2213,2.1987,2.176,2.1533,2.1307,2.108,2.0853,2.0627,2.04,2.0173,1.9947,1.972,1.9493,1.9267,1.904,1.8813,1.8587,1.836,1.8133,1.7907,1.768,1.7453,1.7227,1.7,True,False,False,False,False,False,False,False,False,False,False,False,False,False,False,False,False,False,False,False,False,False,False,False,False
TSLA,2012-12-26,2.263999938964844,2.299999952316284,2.233333110809326,2.239332914352417,9021000,2012,12,52,Wednesday,2.2592,2.2853329181671143,-2.01,-0.93,-2.28,-2.01,2.28,2,4.5021,2.2625,2.2396,2.2168,2.1939,2.1711,2.1482,2.1254,2.1025,2.0797,2.0568,2.0339,2.0111,1.9882,1.9654,1.9425,1.9197,1.8968,1.874,1.8511,1.8283,1.8054,1.7826,1.7597,1.7369,1.714,True,True,False,False,False,False,False,False,False,False,False,False,False,False,False,False,False,False,False,False,False,False,False,False,False
TSLA,2012-12-27,2.233333110809326,2.260667085647583,2.200000047683716,2.246000051498413,8416500,2012,12,52,Thursday,2.235,2.239332914352417,0.3,-0.27,-1.76,0.3,1.76,1,2.2169,2.2169,2.1945,2.1722,2.1498,2.1274,2.105,2.0826,2.0602,2.0378,2.0154,1.993,1.9706,1.9482,1.9258,1.9034,1.881,1.8586,1.8363,1.8139,1.7915,1.7691,1.7467,1.7243,1.7019,1.6795,True,False,False,False,False,False,False,False,False,False,False,False,False,False,False,False,False,False,False,False,False,False,False,False,False
TSLA,2012-12-28,2.225332975387573,2.243333101272583,2.2013330459594727,2.2146670818328857,6211500,2012,12,52,Friday,2.2212,2.246000051498413,-1.4,-0.92,-1.99,-1.4,1.99,1,2.2235,2.2235,2.2011,2.1786,2.1562,2.1337,2.1112,2.0888,2.0663,2.0439,2.0214,1.9989,1.9765,1.954,1.9316,1.9091,1.8866,1.8642,1.8417,1.8193,1.7968,1.7743,1.7519,1.7294,1.707,1.6845,True,False,False,False,False,False,False,False,False,False,False,False,False,False,False,False,False,False,False,False,False,False,False,False,False
TSLA,2012-12-31,2.200000047683716,2.26466703414917,2.200000047683716,2.257999897003174,8923500,2012,12,52,Monday,2.2307,2.2146670818328857,1.96,-0.66,-0.66,1.96,0.66,0,0.0,2.1925,2.1704,2.1482,2.1261,2.1039,2.0818,2.0596,2.0375,2.0153,1.9932,1.9711,1.9489,1.9268,1.9046,1.8825,1.8603,1.8382,1.816,1.7939,1.7717,1.7496,1.7274,1.7053,1.6831,1.661,False,False,False,False,False,False,False,False,False,False,False,False,False,False,False,False,False,False,False,False,False,False,False,False,False
